time,cpu_limit,cpu_usage,n,ram_limit_mb,ram_usage_mb,mean_ms,lat50_ms,lat75_ms,lat80_ms,lat90_ms,lat95_ms,lat98_ms,lat99_ms,lat100_ms,t_norm,sin_day,cos_day,sin_hour,cos_hour,is_gap,time_since_last_obs,time_to_next_obs
1637930130.0,3.5,0.0,10.0,2048.0,1482.559488,844.192,841.769,843.833,843.833,875.462,875.462,875.462,875.462,875.759,0.0,-0.1542792927718925,-0.9880272768612236,-0.5446390350041007,-0.8386705679525197,0.0,0.0,0.0
1637930146.0,3.5,0.059012,30.0,2048.0,1582.055424,542.502,543.193,549.103,550.186,551.202,552.363,552.525,552.525,552.841,0.0004061738424045,-0.15542881000161,-0.987847095972592,-0.5678437448643169,-0.8231363686646755,0.0,0.0,0.0
1637930162.0,3.5,0.072997,40.0,2048.0,1646.845952,582.36,584.222,597.598,598.091,599.218,601.417,603.755,603.755,606.606,0.000812347684809,-0.1565781168319987,-0.9876655776776596,-0.5906056676360599,-0.8069603121319932,0.0,0.0,0.0
1637930178.0,3.5,0.040482,50.0,2048.0,1688.539136,708.245,710.131,719.573,721.993,725.67,734.043,734.185,734.185,737.539,0.0012185215272136,-0.1577272116495686,-0.987482722231256,-0.6129070534978492,-0.7901550124960194,0.0,0.0,0.0
1637930194.0,3.5,0.306398,70.0,2048.0,1815.228416,1412.604,1416.541,1430.599,1439.236,1443.194,1444.121,1445.117,1448.054,1449.671,0.0016246953696181,-0.1588760929560964,-0.987298529871794,-0.6347305132432355,-0.7727335734636996,0.0,0.0,0.0
1637930210.0,3.5,0.495368,80.0,2048.0,1826.44736,1166.394,1170.535,1198.775,1201.212,1212.313,1213.628,1215.344,1216.54,1217.178,0.0020308692120227,-0.1600247591386896,-0.9871130008578574,-0.6560590288672613,-0.7547095803299081,0.0,0.0,0.0
1637930226.0,3.5,0.383648,100.0,2048.0,1830.576128,3535.697,3529.806,3568.727,3574.962,3588.783,3593.429,3594.414,3596.494,3596.999,0.0024370430544272,-0.1611732086996836,-0.9869261354313444,-0.6768759697459941,-0.7360970870614963,0.0,0.0,0.0
1637930242.0,3.5,0.369011,110.0,2048.0,434.372608,1527.971,1527.266,1571.459,1583.505,1595.752,1599.02,1607.039,1607.603,1609.029,0.0028432168968318,-0.1623214400267921,-0.9867379338545916,-0.6971651027611655,-0.7169106077413094,0.0,0.0,0.0
1637930258.0,3.5,0.369011,120.0,2048.0,439.410688,1673.571,1664.22,1746.609,1749.666,1765.461,1767.82,1769.404,1769.815,1772.349,0.0032493907392363,-0.1634694516229175,-0.986548396372982,-0.7169106077334886,-0.6971651027692077,0.0,0.0,0.0
1637930274.0,3.5,0.259239,130.0,2048.0,440.823808,1917.784,1920.672,1956.775,1970.206,1990.829,1997.882,2000.871,2002.789,2010.631,0.0036555645816409,-0.1646172418763883,-0.9863575232526036,-0.7360970870539031,-0.6768759697542516,0.0,0.0,0.0
1637930290.0,3.4999999999999996,0.24056741666666664,119.99999999999999,2026.6666666666665,446.8667733333333,1827.4485833333333,1829.5765833333332,1864.5905,1876.9022499999996,1896.4415833333333,1902.9068333333335,1905.64675,1907.4049166666666,1914.6325000000002,0.0040617384240454,-0.1657648092763314,-0.9861653147447346,-0.7547095803225484,-0.6560590288757276,1.0,1.0,11.0
1637930306.0,3.5,0.22189583333333332,110.0,2005.3333333333333,452.9097386666666,1737.1131666666665,1738.4811666666667,1772.406,1783.5984999999998,1802.0541666666666,1807.9316666666666,1810.4225,1812.0208333333333,1818.634,0.00446791226645,-0.1669121522547506,-0.985971771111976,-0.7727335731610098,-0.6347305136117362,1.0,2.0,10.0
1637930322.0,3.5,0.20322425,100.0,1984.0,458.9527039999999,1646.7777500000002,1647.38575,1680.2215,1690.2947499999998,1707.66675,1712.9565000000002,1715.1982500000001,1716.6367500000001,1722.6355,0.0048740861088545,-0.16805926925831,-0.985776892616358,-0.7901550122037367,-0.6129070538746578,1.0,3.0,9.0
1637930338.0,3.4999999999999996,0.18455266666666664,89.99999999999999,1962.6666666666665,464.99566933333324,1556.4423333333334,1556.2903333333331,1588.037,1596.991,1613.2793333333332,1617.9813333333332,1619.974,1621.2526666666665,1626.637,0.0052802599512591,-0.1692061587483214,-0.9855806795192558,-0.8069603121253678,-0.5906056676451125,1.0,4.0,8.0
1637930354.0,3.4999999999999996,0.16588108333333332,80.0,1941.333333333333,471.03863466666655,1466.1069166666666,1465.1949166666666,1495.8525,1503.6872499999997,1518.8919166666665,1523.0061666666666,1524.74975,1525.8685833333332,1530.6385,0.0056864337936636,-0.1703528191290365,-0.9853831320936998,-0.8231363683938826,-0.5678437452568535,1.0,5.0,7.0
1637930370.0,3.5,0.1472095,70.0,1920.0,477.0816,1375.7715,1374.0995,1403.6680000000001,1410.3835,1424.5045,1428.031,1429.5255,1430.4845,1434.64,0.0060926076360682,-0.171499248905406,-0.9851842505972584,-0.8386705679464099,-0.5446390350135089,1.0,6.0,6.0
1637930386.0,3.4999999999999996,0.12853791666666667,60.0,1898.6666666666665,483.12456533333324,1285.4360833333333,1283.0040833333333,1311.4834999999998,1317.0797499999999,1330.1170833333333,1333.0558333333333,1334.30125,1335.1004166666667,1338.6415,0.0064987814784727,-0.1726454464679789,-0.9849840353091376,-0.8535507971635661,-0.5210096320236708,1.0,7.0,5.0
1637930402.0,3.4999999999999996,0.10986633333333333,49.99999999999999,1877.3333333333333,489.1675306666666,1195.1006666666667,1191.9086666666667,1219.299,1223.776,1235.7296666666666,1238.0806666666665,1239.077,1239.7163333333333,1242.643,0.0069049553208773,-0.173791410307979,-0.9847824864929128,-0.8677654533862394,-0.4969739609973286,1.0,8.0,4.0
1637930418.0,3.5,0.09119475,40.0,1856.0,495.210496,1104.76525,1100.8132500000002,1127.1145000000001,1130.47225,1141.34225,1143.1055,1143.85275,1144.33225,1146.6445,0.0073111291632818,-0.174937138859601,-0.9845796044239472,-0.8813034519792307,-0.4725507650289987,1.0,9.0,3.0
1637930434.0,3.4999999999999996,0.07252316666666667,29.999999999999996,1834.6666666666665,501.25346133333323,1014.4298333333332,1009.7178333333333,1034.93,1037.1685,1046.9548333333332,1048.1303333333333,1048.6284999999998,1048.9481666666666,1050.646,0.0077173030056864,-0.1760826305716944,-0.9843753893769146,-0.894154236869751,-0.4477590877780965,1.0,10.0,2.0
1637930450.0,3.5,0.053851583333333335,20.0,1813.3333333333333,507.2964266666666,924.0944166666667,918.6224166666667,942.7455,943.86475,952.5674166666665,953.1551666666666,953.4042499999999,953.5640833333332,954.6474999999999,0.0081234768480909,-0.177227883879108,-0.9841698416308708,-0.9063077869739063,-0.4226182618752535,1.0,11.0,1.0
1637930466.0,3.5,0.03518,10.0,1792.0,513.339392,833.759,827.527,850.561,850.561,858.18,858.18,858.18,858.18,858.649,0.0085296506904955,-0.1783728972742995,-0.983962961456361,-0.9177546257240444,-0.3971478905421994,0.0,0.0,0.0
1637930482.0,3.5,0.082812,30.0,1792.0,606.560256,467.243,470.307,475.915,475.979,477.776,478.27,478.588,478.588,479.207,0.0089358245329,-0.1795176691498066,-0.9837547491438202,-0.9284858268380424,-0.3713678356574206,0.0,0.0,0.0
1637930498.0,3.5,0.1153,40.0,1792.0,658.812928,594.712,596.975,604.655,607.494,611.698,618.266,618.951,618.951,619.844,0.0093419983753046,-0.1806621980130421,-0.9835452049647216,-0.9384930228057916,-0.34529819887287,0.0,0.0,0.0
1637930514.0,3.5,0.060211,60.0,1792.0,797.978624,1343.613,1338.057,1366.07,1371.358,1374.652,1375.875,1379.012,1379.919,1385.208,0.0097481722177091,-0.1818064822572239,-0.9833343292132404,-0.9477684098347704,-0.3189593098175231,0.0,0.0,0.0
1637930530.0,3.5,0.286556,70.0,1792.0,852.381696,1005.227,1018.823,1035.01,1035.667,1040.067,1043.504,1046.789,1050.006,1050.9,0.0101543460601137,-0.1829505203904008,-0.9831221221643228,-0.9563047558756927,-0.2923717050084216,0.0,0.0,0.0
1637930546.0,3.5,0.338384,80.0,1792.0,855.867392,1134.653,1127.454,1175.163,1176.194,1182.664,1190.706,1191.22,1194.475,1195.886,0.0105605199025182,-0.1840943108064795,-0.9829085841158816,-0.9640954040973334,-0.2655561179833735,0.0,0.0,0.0
1637930562.0,3.5,0.279012,100.0,1792.0,861.896704,1382.228,1378.475,1415.713,1420.078,1438.353,1445.452,1451.436,1460.434,1461.871,0.0109666937449228,-0.1852378519998525,-0.9826937153490302,-0.971134279846254,-0.2385334578366265,0.0,0.0,0.0
1637930578.0,3.5,0.362392,110.0,1792.0,433.242112,1535.836,1550.836,1616.327,1616.987,1621.935,1625.335,1634.762,1636.933,1638.119,0.0113728675873273,-0.1863811424223215,-0.9824775161546192,-0.9774158942826356,-0.2113247964713926,0.0,0.0,0.0
1637930594.0,3.5,0.390209,130.0,1792.0,444.817408,1988.808,1996.293,2056.615,2061.061,2066.786,2075.075,2083.597,2084.161,2087.486,0.0117790414297319,-0.1875241804831462,-0.982259986833488,-0.98293534910675,-0.1839513508414425,0.0,0.0,0.0
1637930610.0,3.5,0.48273,140.0,1792.0,450.748416,6219.064,6219.588,6272.574,6284.242,6306.779,6311.372,6315.558,6315.702,6319.392,0.0121852152721364,-0.188666964692,-0.982041127669258,-0.987688340597742,-0.1564344650237871,0.0,0.0,0.0
1637930626.0,3.5,0.485493,150.0,1792.0,459.608064,2131.055,2142.068,2185.699,2212.663,2239.101,2251.997,2253.482,2254.207,2254.421,0.012591389114541,-0.1898094934445501,-0.9818209389691804,-0.9916711623573736,-0.1287955967755704,0.0,0.0,0.0
1637930642.0,3.5,0.485493,160.0,1792.0,466.665472,2445.344,2449.07,2526.61,2534.896,2549.712,2557.41,2560.074,2570.765,2574.578,0.0129975629569455,-0.1909517652511341,-0.9815994210203446,-0.9948807088338076,-0.1010562971335293,0.0,0.0,0.0
1637930658.0,3.5,0.66797,170.0,1792.0,476.319744,8046.799,8041.751,8115.133,8125.363,8147.629,8158.325,8163.364,8166.912,8170.339,0.0134037367993501,-0.1920937785081386,-0.9813765741337348,-0.9973144772122532,-0.0732381972938322,0.0,0.0,0.0
1637930674.0,3.5,0.849362,180.0,1792.0,544.833536,2755.991,2769.448,2834.991,2850.402,2871.635,2877.15,2884.349,2885.014,2890.943,0.0138099106417546,-0.1932355317265731,-0.981152398599906,-0.998970569794466,-0.045362988046645,0.0,0.0,0.0
1637930690.0,3.5,0.304529,190.0,1792.0,556.220416,2609.018,2617.693,2670.061,2680.798,2703.093,2708.208,2721.273,2722.77,2727.093,0.0142160844841592,-0.1943770233035524,-0.980926894733573,-0.9998476951540592,-0.0174524065708886,0.0,0.0,0.0
1637930706.0,3.5,0.541126,200.0,1792.0,565.035008,6938.791,6937.672,6996.858,7008.453,7037.389,7052.237,7061.292,7061.513,7064.634,0.0146222583265637,-0.195518251736495,-0.9807000628316002,-0.9999451693643004,0.0104717842319558,0.0,0.0,0.0
1637930722.0,3.5,0.516373,210.0,1792.0,575.471616,12025.885,12029.862,12089.852,12115.42,12132.441,12143.752,12159.604,12163.079,12167.048,0.0150284321689683,-0.1966592154517978,-0.9804719032067586,-0.9992629164144832,0.0383878089869911,0.0,0.0,0.0
1637930738.0,3.5,0.6637759999999999,215.0,1792.0,576.8192,12435.4565,12439.588,12519.389500000001,12532.826000000001,12568.847000000002,12585.0915,12594.2785,12596.2915,12599.559000000001,0.0154346060113728,-0.1977999129475646,-0.980242416159358,-0.9978014682821924,0.066273900548412,1.0,1.0,1.0
1637930754.0,3.5,0.811179,220.0,1792.0,578.166784,12845.028,12849.314,12948.927,12950.232,13005.253,13026.431,13028.953,13029.504,13032.07,0.0158407798537774,-0.1989403426223919,-0.9800116020115708,-0.9955619646532624,0.0941083127876391,0.0,0.0,0.0
1637930770.0,3.4999999999999996,0.7479219166666665,202.5,1770.6666666666665,584.48384,11816.447083333334,11820.455666666667,11911.93025,11913.1265,11963.606416666667,11983.019583333333,11985.331416666666,11985.8365,11988.650499999998,0.0162469536961819,-0.2000805029893543,-0.9797794610643392,-0.9925461516759208,0.1218693431233638,1.0,1.0,11.0
1637930786.0,3.5,0.6846648333333333,184.99999999999997,1749.3333333333333,590.800896,10787.866166666665,10791.597333333331,10874.9335,10876.020999999999,10921.959833333332,10939.608166666665,10941.709833333332,10942.169,10945.231,0.0166531275385865,-0.2012203924478023,-0.9795459936435617,-0.9887563811218064,0.1495353429491146,1.0,2.0,10.0
1637930802.0,3.5,0.6214077499999999,167.5,1728.0,597.1179520000001,9759.28525,9762.739000000001,9837.93675,9838.9155,9880.313250000001,9896.196750000001,9898.088249999999,9898.5015,9901.8115,0.017059301380991,-0.2023600095115148,-0.9793112000536396,-0.9841956080136685,0.177084740072671,1.0,3.0,9.0
1637930818.0,3.4999999999999996,0.5581506666666667,150.0,1706.6666666666665,603.435008,8730.704333333333,8733.880666666666,8800.939999999999,8801.81,8838.666666666666,8852.785333333333,8854.466666666665,8854.833999999999,8858.391999999998,0.0174654752233956,-0.2034993525948527,-0.979075080621234,-0.978867388761999,0.2044960518402874,1.0,4.0,8.0
1637930834.0,3.4999999999999996,0.4948935833333332,132.49999999999997,1685.3333333333333,609.7520639999999,7702.123416666665,7705.022333333332,7763.943249999999,7764.704499999999,7797.020083333333,7809.373916666666,7810.845083333333,7811.1665,7814.972499999999,0.0178716490658001,-0.2046384201695648,-0.9788376356630882,-0.972775878259884,0.2317479032822335,1.0,5.0,7.0
1637930850.0,3.5,0.4316365,115.0,1664.0,616.06912,6673.5425000000005,6676.164,6726.9465,6727.599,6755.373500000001,6765.962500000001,6767.2235,6767.499000000001,6771.553,0.0182778229082047,-0.2057772106935188,-0.9785988655006684,-0.9659258262809188,0.2588190451329351,1.0,6.0,6.0
1637930866.0,3.4999999999999996,0.3683794166666666,97.49999999999999,1642.6666666666665,622.3861759999999,5644.961583333333,5647.305666666666,5689.94975,5690.4935,5713.7269166666665,5722.551083333333,5723.6019166666665,5723.8315,5728.1335,0.0186839967506092,-0.2069157226107203,-0.9783587704602456,-0.9583225745179376,0.2856883672278447,1.0,7.0,5.0
1637930882.0,3.4999999999999996,0.30512233333333333,80.0,1621.3333333333333,628.703232,4616.380666666666,4618.447333333333,4652.9529999999995,4653.388,4672.080333333333,4679.139666666667,4679.980333333333,4680.164,4684.713999999999,0.0190901705930138,-0.2080539544225002,-0.9781173508578408,-0.949972051504504,0.312334918573515,1.0,8.0,4.0
1637930898.0,3.5,0.24186525,62.5,1600.0,635.0202879999999,3587.79975,3589.589,3615.9562499999997,3616.2825,3630.43375,3635.72825,3636.35875,3636.4965,3641.2945,0.0194963444354183,-0.2091919045309168,-0.977874607032378,-0.9408807690056492,0.3387379201024566,1.0,9.0,3.0
1637930914.0,3.4999999999999996,0.17860816666666665,45.0,1578.6666666666665,641.3373439999999,2559.218833333333,2560.7306666666664,2578.9594999999995,2579.1769999999997,2588.7871666666665,2592.3168333333333,2592.7371666666663,2592.8289999999997,2597.8749999999995,0.0199025182778229,-0.2103295714522773,-0.9776305393003542,-0.931055815826941,0.3648767844284277,1.0,10.0,2.0
1637930930.0,3.5,0.11535108333333333,27.5,1557.3333333333333,647.6544,1530.6379166666666,1531.8723333333332,1541.96275,1542.0715,1547.1405833333333,1548.9054166666667,1549.1155833333332,1549.1615,1554.4554999999998,0.0203086921202274,-0.211466953589433,-0.9773851480044112,-0.920504853498854,0.3907311283799297,1.0,11.0,1.0
1637930946.0,3.5,0.052094,10.0,1536.0,653.971456,502.057,503.014,504.966,504.966,505.494,505.494,505.494,505.494,511.036,0.020714865962632,-0.2126040494594318,-0.9771384334644972,-0.9092361089927212,0.4162807923791063,0.0,0.0,0.0
1637930962.0,3.5,0.009995,30.0,1536.0,762.503168,441.104,444.162,447.504,450.078,452.106,452.254,455.001,455.001,456.945,0.0211210398050365,-0.2137408574659265,-0.97689039602697,-0.897258369712194,0.4415058527147923,0.0,0.0,0.0
1637930978.0,3.5,0.00843,40.0,1536.0,795.901952,616.555,617.498,635.278,635.488,636.736,637.072,637.169,637.169,637.783,0.0215272136474411,-0.2148773761125017,-0.9766410360183554,-0.8845809751387936,0.4663866404845886,0.0,0.0,0.0
1637930994.0,3.5,0.037488,60.0,1536.0,934.85056,1355.277,1360.589,1374.076,1374.699,1384.79,1394.083,1395.263,1396.855,1397.157,0.0219333874898456,-0.2160136038462565,-0.976390353779344,-0.8712138113746755,0.4909037531635007,0.0,0.0,0.0
1637931010.0,3.5,0.282292,70.0,1536.0,988.667904,3111.408,3115.948,3142.496,3146.532,3159.147,3160.869,3161.488,3161.816,3164.841,0.0223395613322502,-0.2171495391289034,-0.9761383496493234,-0.8571673008406892,0.5150380746794236,0.0,0.0,0.0
1637931026.0,3.5,0.325759,80.0,1536.0,993.820672,1116.123,1118.672,1144.415,1151.347,1159.381,1164.342,1171.374,1172.216,1172.254,0.0227457351746547,-0.2182851804083495,-0.9758850239726472,-0.8424523972686565,0.5387707845979529,0.0,0.0,0.0
1637931042.0,3.5,0.425662,100.0,1536.0,997.74464,1409.342,1401.528,1453.739,1454.72,1460.243,1473.742,1476.244,1477.653,1478.469,0.0231519090170593,-0.2194205261897042,-0.9756303770827522,-0.8270805744072353,0.5620833776569075,0.0,0.0,0.0
1637931058.0,3.5,0.273746,110.0,1536.0,436.342784,1552.557,1567.305,1595.389,1597.158,1603.708,1606.632,1614.371,1614.855,1623.783,0.0235580828594638,-0.2205555749074645,-0.9753744093307132,-0.8110638189815449,0.5849576749980051,0.0,0.0,0.0
1637931074.0,3.5,0.364559,120.0,1536.0,442.146816,1735.983,1728.886,1790.83,1794.995,1807.906,1810.096,1811.082,1815.043,1820.147,0.0239642567018684,-0.2216903249965593,-0.9751171210695256,-0.7944146206587253,0.6073758395620077,0.0,0.0,0.0
1637931090.0,3.5,0.263686,140.0,1536.0,454.332416,3573.2,3568.001,3617.282,3629.642,3648.822,3656.573,3662.842,3665.076,3669.259,0.0243704305442729,-0.2228247749774681,-0.9748585126346492,-0.7771459614278171,0.6293203910858393,0.0,0.0,0.0
1637931106.0,3.5,0.487369,150.0,1536.0,463.171584,2559.012,2556.514,2632.071,2644.891,2650.852,2653.482,2658.198,2661.027,2666.863,0.0247766043866774,-0.2239589232575584,-0.9745985843891396,-0.7592713074455083,0.6507742171367796,0.0,0.0,0.0
1637931122.0,3.5,0.487369,160.0,1536.0,471.179264,3115.212,3102.985,3182.098,3214.937,3228.188,3238.713,3244.543,3247.727,3250.043,0.025182778229082,-0.2250927683439161,-0.9743373366751744,-0.7408045962334502,0.6717205893817718,0.0,0.0,0.0
1637931138.0,3.4999999999999996,0.46187284210526314,152.6315789473684,1522.5263157894738,475.2603890526315,2967.0132631578945,2955.358210526316,3030.697684210526,3061.8083157894735,3074.390947368421,3084.4556315789473,3089.978789473684,3092.9952105263155,3095.2831052631577,0.0255889520714865,-0.2262263086731183,-0.9740747698529796,-0.7217602281931658,0.6921431737715465,1.0,1.0,18.0
1637931154.0,3.4999999999999996,0.4363766842105262,145.26315789473682,1509.0526315789473,479.3415141052631,2818.814526315789,2807.731421052631,2879.2973684210524,2908.679631578947,2920.593894736842,2930.198263157895,2935.414578947368,2938.263421052631,2940.523210526316,0.0259951259138911,-0.2273595427530399,-0.9738108842681564,-0.7021530529151515,0.7120260460698979,1.0,2.0,17.0
1637931170.0,3.5,0.4108805263157894,137.89473684210526,1495.578947368421,483.4226391578947,2670.6157894736843,2660.104631578947,2727.897052631579,2755.550947368421,2766.7968421052633,2775.940894736842,2780.8503684210527,2783.5316315789473,2785.763315789474,0.0264012997562956,-0.2284924689927553,-0.9735456802911688,-0.6819983601385217,0.7313537015482777,1.0,3.0,16.0
1637931186.0,3.5,0.38538436842105267,130.5263157894737,1482.1052631578946,487.50376421052636,2522.4170526315793,2512.4778421052633,2576.496736842105,2602.4222631578946,2612.9997894736844,2621.6835263157895,2626.286157894737,2628.799842105263,2631.0034210526314,0.0268074735987002,-0.2296250859151219,-0.9732791582677978,-0.6613118652145907,0.7501110697266099,1.0,4.0,15.0
1637931202.0,3.5,0.35988821052631575,123.1578947368421,1468.6315789473683,491.5848892631579,2374.2183157894738,2364.851052631579,2425.0964210526313,2449.293578947368,2459.2027368421054,2467.4261578947367,2471.721947368421,2474.0680526315787,2476.2435263157895,0.0272136474411047,-0.2307573919300808,-0.973011318572208,-0.6401096995394467,0.7682835235481229,1.0,5.0,14.0
1637931218.0,3.4999999999999996,0.3343920526315789,115.7894736842105,1455.1578947368419,495.66601431578937,2226.0195789473682,2217.2242631578947,2273.6961052631573,2296.1648947368417,2305.405684210526,2313.1687894736842,2317.1577368421054,2319.3362631578943,2321.483631578947,0.0276198212835093,-0.2318893855612981,-0.9727421615536171,-0.6184083952173448,0.7858568932857358,1.0,6.0,13.0
1637931234.0,3.4999999999999996,0.3088958947368421,108.42105263157895,1441.6842105263156,499.747139368421,2077.820842105263,2069.5974736842104,2122.295789473684,2143.0362105263157,2151.6086315789476,2158.9114210526313,2162.5935263157894,2164.6044736842105,2166.723736842105,0.0280259951259138,-0.2330210652195896,-0.9724716875898896,-0.5962248753698864,0.8028174748908767,1.0,7.0,12.0
1637931250.0,3.5,0.28339973684210523,101.05263157894737,1428.2105263157896,503.8282644210526,1929.622105263158,1921.9706842105265,1970.8954736842106,1989.9075263157895,1997.8115789473684,2004.6540526315791,2008.0293157894737,2009.8726842105261,2011.9638421052632,0.0284321689683184,-0.2341524294294384,-0.9721998970336768,-0.5735764365592932,0.8191520441431756,1.0,8.0,11.0
1637931266.0,3.5,0.2579035789473684,93.68421052631578,1414.7368421052631,507.9093894736842,1781.4233684210524,1774.343894736842,1819.4951578947368,1836.778842105263,1844.0145263157895,1850.3966842105262,1853.465105263158,1855.140894736842,1857.203947368421,0.0288383428107229,-0.2352834766025439,-0.9719267902665408,-0.5504807404778267,0.8348478630043822,1.0,9.0,10.0
1637931282.0,3.4999999999999996,0.23240742105263157,86.3157894736842,1401.2631578947369,511.99051452631574,1633.2246315789473,1626.717105263158,1668.0948421052628,1683.6501578947366,1690.2174736842105,1696.1393157894736,1698.900894736842,1700.4091052631577,1702.4440526315789,0.0292445166531275,-0.2364142052500743,-0.971652367648006,-0.5269557956846741,0.8498926928703011,1.0,10.0,9.0
1637931298.0,3.5,0.2069112631578947,78.94736842105263,1387.7894736842104,516.0716395789474,1485.025894736842,1479.0903157894736,1516.6945263157893,1530.5214736842104,1536.4204210526316,1541.881947368421,1544.3366842105263,1545.6773157894736,1547.684157894737,0.029650690495532,-0.2375446138411749,-0.9713766295495516,-0.503019946605913,0.8642748019678606,1.0,11.0,8.0
1637931314.0,3.5,0.18141510526315788,71.57894736842105,1374.3157894736842,520.152764631579,1336.827157894737,1331.4635263157893,1365.2942105263157,1377.3927894736842,1382.6233684210526,1387.6245789473685,1389.7724736842106,1390.9455263157895,1392.9242631578948,0.0300568643379366,-0.2386747008030302,-0.9710995763548576,-0.4786918581058236,0.8779829753379014,1.0,12.0,7.0
1637931330.0,3.4999999999999996,0.15591894736842105,64.21052631578948,1360.8421052631577,524.2338896842105,1188.6284210526314,1183.8367368421052,1213.893894736842,1224.2641052631577,1228.8263157894737,1233.3672105263158,1235.2082631578946,1236.2137368421052,1238.1643684210526,0.0304630381803411,-0.2398044646621997,-0.9708212084251536,-0.4539904996850491,0.8910065242161358,1.0,13.0,6.0
1637931346.0,3.5,0.1304227894736842,56.84210526315789,1347.3684210526314,528.315014736842,1040.4296842105261,1036.209947368421,1062.4935789473684,1071.1354210526315,1075.0292631578948,1079.1098421052632,1080.644052631579,1081.481947368421,1083.4044736842106,0.0308692120227457,-0.2409339038326297,-0.9705415261512356,-0.428935133543303,0.9033352927967492,1.0,14.0,5.0
1637931362.0,3.5,0.10492663157894735,49.473684210526315,1333.8947368421052,532.3961397894736,892.230947368421,888.5831578947368,911.0932631578947,918.0067368421053,921.2322105263158,924.8524736842105,926.0798421052632,926.7501578947368,928.6445789473685,0.0312753858651502,-0.2420630168417241,-0.9702605298977606,-0.403545296266213,0.9149596678878334,1.0,15.0,4.0
1637931378.0,3.5,0.07943047368421052,42.10526315789474,1320.421052631579,536.4772648421052,744.0322105263158,740.9563684210526,759.692947368421,764.8780526315788,767.4351578947368,770.5951052631578,771.5156315789474,772.0183684210526,773.8846842105263,0.0316815597075548,-0.243191802104343,-0.9699782200592144,-0.3778407869315461,0.925870584763848,1.0,16.0,3.0
1637931394.0,3.4999999999999996,0.05393431578947368,34.73684210526316,1306.9473684210525,540.5583898947368,595.8334736842105,593.3295789473684,608.2926315789473,611.7493684210526,613.6381052631579,616.3377368421052,616.9514210526315,617.2865789473684,619.1247894736841,0.0320877335499593,-0.2443202581346322,-0.9696945970072364,-0.3518416482856263,0.9360595357837308,1.0,17.0,2.0
1637931410.0,3.5,0.02843815789473684,27.36842105263158,1293.4736842105262,544.6395149473684,447.6347368421052,445.7027894736842,456.8923157894737,458.6206842105263,459.8410526315789,462.0803684210526,462.38721052631576,462.5547894736842,464.3648947368421,0.0324939073923639,-0.2454483833907066,-0.9694096611293332,-0.3255681545414119,0.9455185755703054,1.0,18.0,1.0
1637931426.0,3.5,0.002942,20.0,1280.0,548.72064,299.436,298.076,305.492,305.492,306.044,307.823,307.823,307.823,309.605,0.0329000812347684,-0.2465761763452481,-0.9691234128112668,-0.2990407921031869,0.9542403285641928,0.0,0.0,0.0
1637931442.0,3.5,0.066336,30.0,1280.0,184.250368,476.01,474.479,486.442,487.129,490.101,491.254,491.359,491.359,492.296,0.033306255077173,-0.2477036354572901,-0.9688358524441804,-0.2722802470945427,0.9622179935140138,0.0,0.0,0.0
1637931458.0,3.5,0.074923,50.0,1280.0,306.491392,760.825,761.035,783.778,785.583,794.017,795.55,798.221,798.221,798.86,0.0337124289195775,-0.2488307592427118,-0.9685469804065756,-0.245307385691453,0.9694453499425456,0.0,0.0,0.0
1637931474.0,3.5,0.139124,60.0,1280.0,356.737024,852.52,856.042,870.321,871.295,880.49,882.802,883.216,884.99,885.159,0.0341186027619821,-0.2499575461191656,-0.968256797103994,-0.2181432418734987,0.975916761832135,0.0,0.0,0.0
1637931490.0,3.5,0.254342,80.0,1280.0,415.301632,1092.496,1093.787,1117.797,1121.981,1130.736,1132.084,1134.012,1134.107,1134.983,0.0345247766043866,-0.2510839946175137,-0.9679653029147854,-0.190808995611531,0.9816271834019872,0.0,0.0,0.0
1637931506.0,3.5,0.419444,90.0,1280.0,421.978112,2514.654,2519.689,2548.848,2549.04,2557.047,2562.755,2563.868,2567.037,2568.024,0.0349309504467912,-0.2522101031563568,-0.9676724982481728,-0.1633259626912068,0.9865721615325412,0.0,0.0,0.0
1637931522.0,3.5,0.240957,100.0,1280.0,421.978112,1388.345,1386.643,1418.615,1420.92,1431.987,1444.185,1455.979,1456.189,1456.892,0.0353371242891957,-0.2533358702674416,-0.9673783834859232,-0.1357155726387569,0.9907478404434372,0.0,0.0,0.0
1637931538.0,3.4999999999999996,0.22087725,92.49999999999999,1258.6666666666665,424.16469333333333,1287.71825,1286.3003333333334,1315.7926666666667,1317.9055833333334,1328.1354999999999,1339.3169999999998,1350.1281666666666,1350.3206666666667,1350.974,0.0357432981316003,-0.2544612943843981,-0.9670829590372362,-0.1079993556632941,0.9941509639769572,1.0,1.0,11.0
1637931554.0,3.5,0.2007975,85.0,1237.3333333333333,426.35127466666665,1187.0915,1185.9576666666667,1212.9703333333332,1214.8911666666665,1224.2839999999999,1234.4489999999998,1244.2773333333332,1244.4523333333332,1245.056,0.0361494719740048,-0.2555863739835781,-0.9667862253021224,-0.0801989245016398,0.9967788784423456,1.0,2.0,10.0
1637931570.0,3.5,0.18071775,77.5,1216.0,428.53785600000003,1086.4647499999999,1085.615,1110.1480000000001,1111.8767500000001,1120.4325000000001,1129.5810000000001,1138.4265,1138.584,1139.1380000000001,0.0365556458164094,-0.2567111075839927,-0.9664881826711592,-0.0523359561670453,0.9986295347585517,1.0,3.0,9.0
1637931586.0,3.4999999999999996,0.160638,69.99999999999999,1194.6666666666665,430.7244373333333,985.838,985.2723333333333,1007.3256666666666,1008.8623333333333,1016.581,1024.713,1032.5756666666666,1032.7156666666667,1033.22,0.0369618196588139,-0.2578354936066499,-0.966188831562762,-0.0244321782929279,0.9997014897777547,1.0,4.0,8.0
1637931602.0,3.4999999999999996,0.14055825,62.49999999999999,1173.333333333333,432.9110186666666,885.21125,884.9296666666665,904.5033333333333,905.8479166666666,912.7294999999999,919.8449999999998,926.7248333333332,926.8473333333333,927.302,0.0373679935012185,-0.2589595305855424,-0.965888172367234,0.0034906515242482,0.9999939076574098,1.0,5.0,7.0
1637931618.0,3.5,0.1204785,55.0,1152.0,435.0976,784.5845,784.587,801.681,802.8335000000001,808.878,814.977,820.874,820.979,821.384,0.037774167343623,-0.2600832169426561,-0.9655862055066649,0.0314107589708871,0.9995065603691018,1.0,6.0,6.0
1637931634.0,3.4999999999999996,0.10039875,47.5,1130.6666666666665,437.28418133333327,683.95775,684.2443333333333,698.8586666666666,699.8190833333333,705.0264999999999,710.1089999999999,715.0231666666666,715.1106666666666,715.466,0.0381803411860276,-0.261206551212896,-0.9652829313747678,0.0593063737177593,0.9982398279153408,1.0,7.0,5.0
1637931650.0,3.4999999999999996,0.080319,39.99999999999999,1109.3333333333333,439.47076266666664,583.331,583.9016666666666,596.0363333333333,596.8046666666667,601.175,605.241,609.1723333333333,609.2423333333334,609.548,0.0385865150284321,-0.2623295318192345,-0.9649783503973036,0.0871557426736692,0.9961946980982188,1.0,8.0,4.0
1637931666.0,3.5,0.06023925,32.5,1088.0,441.65734399999997,482.70425,483.559,493.214,493.79025,497.3235,500.373,503.3215,503.374,503.63,0.0389926888708367,-0.2634521572974967,-0.9646724629713938,0.1149371506667767,0.9933727655802744,1.0,9.0,3.0
1637931682.0,3.4999999999999996,0.0401595,24.999999999999996,1066.6666666666665,443.8439253333333,382.0775,383.21633333333335,390.39166666666665,390.7758333333333,393.472,395.505,397.47066666666666,397.5056666666667,397.712,0.0393988627132412,-0.2645744260716502,-0.9643652695264678,0.1426289332037838,0.989776230980089,1.0,10.0,2.0
1637931698.0,3.5,0.02007975,17.5,1045.3333333333333,446.0305066666666,281.45074999999997,282.8736666666667,287.56933333333336,287.76141666666666,289.6205,290.637,291.6198333333333,291.63733333333334,291.794,0.0398050365556458,-0.2656963366644193,-0.96405677046692,0.1702094989122226,0.9854078985273308,1.0,11.0,1.0
1637931714.0,3.5,0.0,10.0,1024.0,448.217088,180.824,182.531,184.747,184.747,185.769,185.769,185.769,185.769,185.876,0.0402112103980503,-0.2668178875288374,-0.9637469662181296,0.1976573399145876,0.9802711747153892,0.0,0.0,0.0
1637931730.0,3.5,0.043524,20.0,1024.0,562.368512,343.816,344.519,347.292,347.292,350.954,350.981,350.981,350.981,351.272,0.0406173842404549,-0.2679390771885603,-0.9634358571878788,0.2249510541250742,0.9743700648357472,0.0,0.0,0.0
1637931746.0,3.5,0.113007,40.0,1024.0,639.619072,609.693,609.46,616.769,621.663,632.967,634.402,634.439,634.439,634.702,0.0410235580828594,-0.2690599040695713,-0.9631234438129274,0.2520693578164843,0.9677091705930998,0.0,0.0,0.0
1637931762.0,3.5,0.10201,50.0,1024.0,728.334336,735.548,738.596,748.718,749.223,757.412,759.402,761.446,761.446,763.872,0.041429731925264,-0.2701803667105037,-0.9628097265006093,0.2789911058553106,0.9602936857303764,0.0,0.0,0.0
1637931778.0,3.5,0.009862,60.0,1024.0,778.543104,921.889,923.968,949.795,952.159,954.608,955.633,956.058,956.484,956.699,0.0418359057676685,-0.2713004635663735,-0.96249470568345,0.3056953050181564,0.9521293927244638,0.0,0.0,0.0
1637931794.0,3.5,0.251456,80.0,1024.0,838.47168,1106.998,1129.869,1139.342,1141.33,1150.047,1152.274,1152.658,1153.385,1155.922,0.0422420796100731,-0.272420193092729,-0.9621783817958708,0.3321611317342018,0.9432226580002488,0.0,0.0,0.0
1637931810.0,3.5,0.415916,90.0,1024.0,838.47168,1440.195,1438.391,1474.568,1477.931,1495.82,1497.572,1500.182,1500.657,1502.876,0.0426482534524776,-0.2735395538156371,-0.9618607552542844,0.3583679496301078,0.9335804264646472,0.0,0.0,0.0
1637931826.0,3.5,0.322583,110.0,1024.0,436.576256,1545.466,1547.888,1573.602,1587.572,1595.418,1608.584,1610.203,1610.522,1612.985,0.0430544272948822,-0.2746585442056394,-0.9615418264926592,0.384295322543961,0.9232102171612016,0.0,0.0,0.0
1637931842.0,3.5,0.476131,120.0,1024.0,442.748928,1737.19,1743.514,1778.66,1784.445,1795.834,1800.627,1806.118,1807.48,1814.913,0.0434606011372867,-0.2757771627477852,-0.9612215959427782,0.4099230339545513,0.9121201161214983,0.0,0.0,0.0
1637931858.0,3.5,0.38228,130.0,1024.0,448.159744,2406.398,2406.913,2451.969,2467.214,2490.745,2503.658,2512.302,2512.435,2512.795,0.0438667749796913,-0.2768954079136442,-0.960900064042217,0.4352310992890879,0.9003187714424331,0.0,0.0,0.0
1637931874.0,3.5,0.569335,140.0,1024.0,453.136384,5803.573,5799.805,5887.637,5888.425,5890.974,5904.012,5907.837,5911.538,5918.921,0.0442729488220958,-0.2780132782312233,-0.9605772312141948,0.4601997849231377,0.8878153850642023,0.0,0.0,0.0
1637931890.0,3.5,0.268844,150.0,1024.0,453.718016,2161.558,2176.809,2209.616,2213.652,2223.646,2227.178,2231.38,2231.786,2235.02,0.0446791226645004,-0.2791307721311657,-0.9602530979119304,0.4848096201943556,0.8746197071682096,0.0,0.0,0.0
1637931906.0,3.4999999999999996,0.24667966666666669,138.33333333333334,1002.6666666666666,460.0511146666666,1998.8141666666666,2012.8955833333334,2043.1912499999999,2046.8909166666667,2056.066166666667,2059.3038333333334,2063.1556666666665,2063.5278333333335,2066.5596666666665,0.0450852965069049,-0.2802478881564504,-0.9599276645580382,0.5090414159138338,0.8607420269072722,1.0,1.0,11.0
1637931922.0,3.5,0.22451533333333332,126.66666666666666,981.3333333333333,466.38421333333326,1836.070333333333,1848.9821666666667,1876.7665,1880.1298333333332,1888.4863333333335,1891.4296666666664,1894.9313333333334,1895.2696666666666,1898.099333333333,0.0454914703493095,-0.2813646247387795,-0.9596009316093882,0.5328762756543421,0.8461931663897774,1.0,2.0,10.0
1637931938.0,3.5,0.202351,115.0,960.0,472.717312,1673.3265,1685.0687500000001,1710.34175,1713.36875,1720.9065,1723.5555,1726.707,1727.0115,1729.639,0.045897644191714,-0.2824809804221191,-0.959272899491984,0.5562956152985999,0.8309844694093579,1.0,3.0,9.0
1637931954.0,3.4999999999999996,0.1801866666666667,103.33333333333333,938.6666666666666,479.0504106666666,1510.5826666666667,1521.1553333333334,1543.917,1546.6076666666668,1553.3266666666666,1555.6813333333332,1558.4826666666665,1558.7533333333333,1561.1786666666667,0.0463038180341186,-0.2835969536392389,-0.958943568666344,0.5792811719684949,0.8151277959944728,1.0,4.0,8.0
1637931970.0,3.4999999999999996,0.15802233333333335,91.66666666666666,917.3333333333333,485.3835093333332,1347.8388333333332,1357.2419166666666,1377.49225,1379.8465833333332,1385.7468333333331,1387.8071666666663,1390.2583333333332,1390.4951666666664,1392.7183333333332,0.0467099918765231,-0.2847125429211507,-0.9586129395660022,0.6018150229845686,0.7986355101734979,1.0,5.0,7.0
1637931986.0,3.5,0.135858,80.0,896.0,491.71660799999995,1185.095,1193.3285,1211.0675,1213.0855000000001,1218.1670000000001,1219.933,1222.034,1222.237,1224.258,0.0471161657189277,-0.2858277467435491,-0.9582810126426932,0.6238795963764375,0.7815204726846081,1.0,6.0,6.0
1637932002.0,3.4999999999999996,0.11369366666666667,68.33333333333333,874.6666666666665,498.04970666666657,1022.3511666666666,1029.4150833333333,1044.64275,1046.3244166666666,1050.5871666666667,1052.058833333333,1053.8096666666665,1053.9788333333331,1055.7976666666666,0.0475223395613322,-0.2869425635966097,-0.957947788345798,0.6454576875889994,0.7637960287486848,1.0,7.0,5.0
1637932018.0,3.4999999999999996,0.09152933333333334,56.666666666666664,853.3333333333333,504.3828053333333,859.6073333333333,865.5016666666668,878.218,879.5633333333334,883.0073333333333,884.1846666666667,885.5853333333333,885.7206666666667,887.3373333333333,0.0479285134037368,-0.2880569919849672,-0.957613267122262,0.6665324703036166,0.7454759996344339,1.0,8.0,4.0
1637932034.0,3.5,0.06936500000000001,45.0,832.0,510.71590399999997,696.8635,701.58825,711.79325,712.80225,715.4275,716.3104999999999,717.361,717.4625,718.877,0.0483346872461413,-0.2891710303580419,-0.9572774494375538,0.6870875107000416,0.7265746710696845,1.0,9.0,3.0
1637932050.0,3.4999999999999996,0.04720066666666667,33.333333333333336,810.6666666666666,517.0490026666666,534.1196666666666,537.6748333333334,545.3684999999999,546.0411666666666,547.8476666666667,548.4363333333333,549.1366666666667,549.2043333333334,550.4166666666666,0.0487408610885458,-0.2902846772633178,-0.9569403357295226,0.7071067812612742,0.7071067811118207,1.0,10.0,2.0
1637932066.0,3.5,0.025036333333333334,21.666666666666668,789.3333333333333,523.3821013333333,371.37583333333333,373.76141666666666,378.94374999999997,379.2800833333333,380.26783333333333,380.56216666666666,380.9123333333333,380.94616666666667,381.9563333333333,0.0491470349309504,-0.2913979311373675,-0.9566019264714356,0.7265746708949568,0.687087510884811,1.0,11.0,1.0
1637932082.0,3.5,0.002872,10.0,768.0,529.7152,208.632,209.848,212.519,212.519,212.688,212.688,212.688,212.688,213.496,0.0495532087733549,-0.2925107905147824,-0.9562622221087776,0.7454759997753116,0.6665324701460533,0.0,0.0,0.0
1637932098.0,3.5,0.0,30.0,768.0,619.393024,469.402,469.227,472.832,473.779,475.831,476.276,480.166,480.166,482.31,0.0499593826157595,-0.2936232538749871,-0.955921223105683,0.7637960285845435,0.6454576877832342,0.0,0.0,0.0
1637932114.0,3.5,0.08223,40.0,768.0,671.612928,693.784,687.855,708.56,711.383,720.761,726.243,728.056,728.056,728.144,0.050365556458164,-0.2947353197118673,-0.955578929923815,0.7815204725259544,0.6238795965751798,0.0,0.0,0.0
1637932130.0,3.5,0.049544,60.0,768.0,810.491904,916.454,920.563,940.137,940.888,948.085,949.763,950.278,950.981,951.07,0.0507717303005686,-0.2958469865059466,-0.9552353430308944,0.7986355100204552,0.6018150231876631,0.0,0.0,0.0
1637932146.0,3.5,0.252934,70.0,768.0,866.451456,987.901,998.653,1012.693,1014.399,1020.411,1022.054,1022.652,1023.298,1023.873,0.0511779041429731,-0.2969582527938909,-0.954890462879172,0.8151277958471604,0.5792811721757836,0.0,0.0,0.0
1637932162.0,3.5,0.309662,90.0,768.0,875.913216,1305.325,1305.361,1344.878,1353.597,1361.691,1376.55,1377.775,1378.762,1380.331,0.0515840779853777,-0.2980691170156146,-0.9545442899528191,0.8309844690088455,0.5562956158968783,0.0,0.0,0.0
1637932178.0,3.5,0.309662,100.0,768.0,875.913216,1412.759,1418.192,1451.667,1458.783,1468.338,1470.109,1470.845,1471.098,1472.88,0.0519902518277822,-0.2991795777227404,-0.954196824703186,0.846193166006126,0.5328762762635701,0.0,0.0,0.0
1637932194.0,3.5,0.284446,110.0,768.0,437.16608,2445.865,2448.06,2501.352,2513.538,2521.754,2533.677,2539.356,2539.495,2540.323,0.0523964256701868,-0.3002896333563141,-0.9538480676180722,0.860742026777822,0.5090414161327222,0.0,0.0,0.0
1637932210.0,3.5,0.2628676923076923,102.30769230769232,748.3076923076923,443.0955126153847,2272.722923076923,2274.895461538462,2324.2244615384616,2335.4730769230773,2343.1766153846156,2354.1824615384617,2359.4246153846157,2359.552923076923,2360.392692307692,0.0528025995125913,-0.3013992824690123,-0.9534980191521976,0.8746197070449215,0.4848096204167732,1.0,1.0,12.0
1637932226.0,3.5,0.24128938461538463,94.61538461538463,728.6153846153848,449.0249452307693,2099.5808461538463,2101.7309230769233,2147.0969230769233,2157.408153846154,2164.599230769231,2174.6879230769237,2179.4932307692316,2179.6108461538465,2180.462384615385,0.0532087733549959,-0.3025085235030201,-0.9531466797969884,0.8878153849471726,0.4601997851489109,1.0,2.0,11.0
1637932242.0,3.5000000000000004,0.21971107692307693,86.92307692307692,708.923076923077,454.9543778461539,1926.4387692307694,1928.5663846153845,1969.9693846153846,1979.3432307692308,1986.0218461538461,1995.1933846153847,1999.5618461538463,1999.6687692307692,2000.5320769230768,0.0536149471974004,-0.3036173550120765,-0.9527940500105312,0.900318771331753,0.4352310995180408,1.0,3.0,10.0
1637932258.0,3.5,0.19813276923076922,79.23076923076923,689.2307692307692,460.8838104615385,1753.2966923076922,1755.4018461538462,1792.841846153846,1801.2783076923076,1807.4444615384616,1815.6988461538463,1819.6304615384618,1819.7266923076922,1820.6017692307692,0.054021121039805,-0.3047257754533741,-0.952440130283442,0.9121201162081396,0.4099230337617663,1.0,4.0,9.0
1637932274.0,3.5000000000000004,0.17655446153846155,71.53846153846153,669.5384615384615,466.8132430769231,1580.1546153846155,1582.237307692308,1615.7143076923078,1623.2133846153847,1628.8670769230769,1636.2043076923078,1639.699076923077,1639.7846153846153,1640.6714615384615,0.0544272948822095,-0.3058337833262878,-0.9520849210949248,0.9232102170634744,0.3842953227787352,1.0,5.0,8.0
1637932290.0,3.5000000000000004,0.15497615384615385,63.846153846153854,649.8461538461539,472.7426756923077,1407.0125384615385,1409.0727692307694,1438.5867692307693,1445.1484615384618,1450.2896923076923,1456.7097692307696,1459.7676923076926,1459.8425384615387,1460.741153846154,0.0548334687246141,-0.3069413771722993,-0.9517284229125303,0.9335804265403916,0.3583679494327869,1.0,6.0,7.0
1637932306.0,3.5000000000000004,0.13339784615384614,56.15384615384616,630.1538461538462,478.6721083076924,1233.8704615384615,1235.9082307692308,1261.4592307692308,1267.0835384615386,1271.7123076923078,1277.2152307692309,1279.8363076923079,1279.9004615384615,1280.8108461538461,0.0552396425670186,-0.3080485554364791,-0.9513706362367396,0.9432226579157796,0.3321611319740652,1.0,7.0,6.0
1637932322.0,3.5,0.11181953846153846,48.46153846153846,610.4615384615386,484.6015409230769,1060.7283846153846,1062.7436923076923,1084.3316923076923,1089.0186153846155,1093.134923076923,1097.7206923076924,1099.904923076923,1099.9583846153846,1100.8805384615384,0.0556458164094232,-0.3091553166752555,-0.9510115615340448,0.9521293927890754,0.3056953048169151,1.0,8.0,5.0
1637932338.0,3.5,0.09024123076923077,40.76923076923077,590.7692307692307,490.5309735384615,887.5863076923076,889.5791538461539,907.2041538461539,910.9536923076923,914.5575384615385,918.2261538461539,919.9735384615385,920.0163076923077,920.9502307692308,0.0560519902518277,-0.3102616593348679,-0.9506511993085448,0.9602936856594284,0.2789911060995152,1.0,9.0,4.0
1637932354.0,3.5,0.06866292307692308,33.07692307692308,571.0769230769231,496.4604061538462,714.4442307692308,716.4146153846154,730.0766153846154,732.8887692307693,735.9801538461539,738.7316153846155,740.042153846154,740.0742307692308,741.0199230769231,0.0564581640942323,-0.3113675819728341,-0.9502895500300896,0.967709170528998,0.2520693580625747,1.0,10.0,3.0
1637932370.0,3.5000000000000004,0.047084615384615384,25.384615384615387,551.3846153846155,502.3898387692308,541.3021538461538,543.250076923077,552.949076923077,554.8238461538461,557.4027692307692,559.237076923077,560.1107692307693,560.1321538461539,561.0896153846154,0.0568643379366368,-0.3124730830365707,-0.9499266142063924,0.9743700647785416,0.2249510543728584,1.0,11.0,2.0
1637932386.0,3.5,0.025506307692307693,17.692307692307693,531.6923076923077,508.3192713846154,368.16007692307693,370.0855384615385,375.82153846153847,376.75892307692305,378.8253846153846,379.74253846153846,380.1793846153846,380.1900769230769,381.1593076923077,0.0572705117790414,-0.313578161070875,-0.9495623923152224,0.9802711746651246,0.1976573401638725,1.0,12.0,1.0
1637932402.0,3.5,0.003928,10.0,512.0,514.248704,195.018,196.921,198.694,198.694,200.248,200.248,200.248,200.248,201.229,0.0576766856214459,-0.314682814565803,-0.9491968848542144,0.9854078984047862,0.1702094996216801,0.0,0.0,0.0
1637932418.0,3.5,0.024822,30.0,512.0,622.747648,453.752,455.331,463.396,463.643,465.597,466.207,469.864,469.864,472.85,0.0580828594638505,-0.315787042025814,-0.948830092318212,0.9897762308774014,0.1426289339163864,0.0,0.0,0.0
1637932434.0,3.5,0.024822,40.0,512.0,656.154624,682.283,682.659,691.846,691.998,699.09,699.377,699.547,699.547,703.571,0.058489033306255,-0.3168908419421422,-0.9484620152084112,0.9933727655510456,0.1149371509193933,0.0,0.0,0.0
1637932450.0,3.5,0.093347,60.0,512.0,794.935296,857.468,863.931,883.087,884.153,887.456,899.357,899.518,899.582,899.588,0.0588952071486596,-0.3179942128618083,-0.9480926540093004,0.9961946980760548,0.0871557429270035,0.0,0.0,0.0
1637932466.0,3.5,0.247067,70.0,512.0,848.203776,1021.845,1023.912,1045.213,1049.518,1055.688,1060.114,1061.157,1061.384,1067.341,0.0593013809910641,-0.3190971532358109,-0.947722009239419,0.9982398279002592,0.0593063739716137,0.0,0.0,0.0
1637932482.0,3.5,0.22903946153846155,65.38461538461539,492.3076923076923,820.4426633846153,957.214,959.3179230769232,979.391076923077,983.3649230769232,989.1465384615386,993.232076923077,994.1948461538461,994.4043846153846,999.9363076923077,0.0597075548334687,-0.3201996616261042,-0.9473500813820244,0.999506560361114,0.0314107592250636,1.0,1.0,12.0
1637932498.0,3.5,0.2110119230769231,60.76923076923078,472.61538461538464,792.6815507692307,892.5830000000001,894.7238461538464,913.5691538461539,917.2118461538463,922.6050769230771,926.350153846154,927.2326923076923,927.4247692307694,932.5316153846154,0.0601137286758732,-0.3213017364986781,-0.9469768709545836,0.9999939076581476,0.0034906513128902,1.0,2.0,11.0
1637932514.0,3.5000000000000004,0.1929843846153846,56.15384615384615,452.92307692307696,764.9204381538461,827.9520000000001,830.1297692307693,847.7472307692308,851.0587692307694,856.0636153846156,859.4682307692308,860.2705384615384,860.4451538461539,865.126923076923,0.0605199025182778,-0.3224033763752741,-0.9466023784577255,0.999701489783968,-0.0244321780387018,1.0,3.0,10.0
1637932530.0,3.5,0.17495684615384616,51.53846153846154,433.2307692307692,737.1593255384614,763.321,765.5356923076923,781.9253076923076,784.9056923076922,789.5221538461539,792.5863076923077,793.3083846153845,793.4655384615385,797.7222307692307,0.0609260763606823,-0.3235045797644316,-0.9462266043984594,0.9986295347474898,-0.0523359563781149,1.0,4.0,9.0
1637932546.0,3.5000000000000004,0.1569293076923077,46.92307692307693,413.53846153846155,709.3982129230768,698.69,700.9416153846155,716.1033846153846,718.7526153846154,722.9806923076924,725.7043846153847,726.3462307692307,726.4859230769231,730.3175384615384,0.0613322502030869,-0.3246053451615168,-0.945849549290252,0.9967788784627404,-0.0801989242481569,1.0,5.0,8.0
1637932562.0,3.5000000000000004,0.13890176923076927,42.307692307692314,393.8461538461539,681.6371003076923,634.0590000000001,636.3475384615386,650.2814615384616,652.5995384615386,656.4392307692309,658.8224615384617,659.3840769230769,659.5063076923078,662.9128461538462,0.0617384240454914,-0.3257056711175447,-0.9454712136294102,0.9941509639541306,-0.1079993558734171,1.0,6.0,7.0
1637932578.0,3.5000000000000004,0.12087423076923078,37.69230769230769,374.1538461538462,653.8759876923077,569.428,571.7534615384616,584.4595384615385,586.4464615384616,589.8977692307693,591.9405384615385,592.4219230769231,592.5266923076923,595.5081538461538,0.062144597887896,-0.3268055560877888,-0.9450915979470726,0.9907478404779498,-0.1357155723868077,1.0,7.0,6.0
1637932594.0,3.5,0.1028466923076923,33.07692307692308,354.46153846153845,626.1148750769231,504.797,507.1593846153847,518.6376153846154,520.2933846153846,523.3563076923078,525.0586153846155,525.4597692307692,525.5470769230769,528.1034615384615,0.0625507717303005,-0.3279049986381869,-0.9447107027381932,0.9865721615740752,-0.1633259624403195,1.0,8.0,5.0
1637932610.0,3.5,0.08481915384615385,28.461538461538463,334.7692307692308,598.3537624615384,440.166,442.5653076923077,452.8156923076923,454.1403076923077,456.8148461538462,458.17669230769235,458.49761538461536,458.56746153846154,460.69876923076924,0.0629569455727051,-0.3290039972252526,-0.9443285285375032,0.9816271834505104,-0.1908089953619012,1.0,9.0,4.0
1637932626.0,3.5,0.0667916153846154,23.846153846153847,315.0769230769231,570.5926498461538,375.535,377.9712307692308,386.99376923076926,387.9872307692308,390.27338461538466,391.29476923076925,391.53546153846156,391.58784615384616,393.29407692307694,0.0633631194151096,-0.3301025504160795,-0.9439450758432928,0.9759167618876092,-0.2181432416253211,1.0,10.0,3.0
1637932642.0,3.5000000000000004,0.04876407692307693,19.230769230769234,295.3846153846154,542.8315372307693,310.90400000000005,313.3771538461539,321.17184615384616,321.83415384615387,323.7319230769231,324.4128461538462,324.5733076923077,324.6082307692308,325.88938461538464,0.0637692932575142,-0.3312006566684298,-0.9435603451938837,0.9694453500049278,-0.2453073854449211,1.0,11.0,2.0
1637932658.0,3.5,0.030736538461538464,14.615384615384617,275.69230769230774,515.0704246153846,246.27300000000002,248.78307692307695,255.34992307692306,255.68107692307692,257.19046153846153,257.5309230769231,257.61115384615385,257.6286153846154,258.48469230769234,0.0641754670999187,-0.3322983145368354,-0.9431743370957346,0.9622179935832552,-0.2722802468498488,1.0,12.0,1.0
1637932674.0,3.5,0.012709,10.0,256.0,487.309312,181.642,184.189,189.528,189.528,190.649,190.649,190.649,190.649,191.08,0.0645816409423233,-0.3333955225214905,-0.9427870520762482,0.9542403286402394,-0.2990407918605217,0.0,0.0,0.0
1637932690.0,3.472222222222222,0.014097888888888889,10.0,469.3333333333333,479.35647288888885,181.52616666666665,184.03116666666665,189.19661111111108,189.19661111111108,190.27988888888888,190.27988888888888,190.27988888888888,190.27988888888888,190.7105,0.0649878147847278,-0.3344922791369344,-0.9423984906597522,0.945518575653098,-0.3255681543009646,1.0,1.0,17.0
1637932706.0,3.444444444444444,0.015486777777777776,10.0,682.6666666666666,471.40363377777777,181.4103333333333,183.87333333333333,188.8652222222222,188.8652222222222,189.91077777777775,189.91077777777775,189.91077777777775,189.91077777777775,190.341,0.0653939886271324,-0.3355885828846097,-0.942008653377186,0.9360595358732048,-0.3518416480475845,1.0,2.0,16.0
1637932722.0,3.4166666666666665,0.016875666666666664,9.999999999999998,896.0,463.4507946666666,181.29449999999997,183.7155,188.5338333333333,188.5338333333333,189.54166666666666,189.54166666666666,189.54166666666666,189.54166666666666,189.9715,0.0658001624695369,-0.3366844323214041,-0.9416175407416824,0.9258705848599336,-0.3778407866960954,1.0,3.0,15.0
1637932738.0,3.3888888888888884,0.018264555555555555,9.999999999999998,1109.3333333333333,455.49795555555545,181.17866666666663,183.55766666666662,188.2024444444444,188.2024444444444,189.17255555555553,189.17255555555553,189.17255555555553,189.17255555555553,189.602,0.0662063363119415,-0.3377798259362689,-0.941225153292486,0.9149596678025405,-0.4035452964595982,1.0,4.0,14.0
1637932754.0,3.361111111111111,0.019653444444444446,10.0,1322.6666666666667,447.54511644444443,181.06283333333332,183.39983333333333,187.87105555555553,187.87105555555553,188.80344444444447,188.80344444444447,188.80344444444447,188.80344444444447,189.23250000000002,0.066612510154346,-0.3388747622188179,-0.9408314915706956,0.9033352929058284,-0.4289351333135831,1.0,5.0,13.0
1637932770.0,3.333333333333333,0.021042333333333333,10.0,1536.0,439.5922773333333,180.94699999999997,183.242,187.53966666666665,187.53966666666665,188.43433333333334,188.43433333333334,188.43433333333334,188.43433333333334,188.863,0.0670186839967506,-0.3399692397414413,-0.9404365560895782,0.8910065241201807,-0.4539904998733716,1.0,6.0,12.0
1637932786.0,3.3055555555555554,0.02243122222222222,10.0,1749.333333333333,431.63943822222217,180.83116666666663,183.08416666666665,187.20827777777774,187.20827777777774,188.0652222222222,188.0652222222222,188.0652222222222,188.0652222222222,188.49349999999998,0.0674248578391551,-0.3410632569676231,-0.9400403474035768,0.8779829754596337,-0.4786918578825508,1.0,7.0,11.0
1637932802.0,3.2777777777777777,0.02382011111111111,10.0,1962.6666666666665,423.68659911111115,180.71533333333332,182.92633333333333,186.87688888888889,186.87688888888889,187.69611111111112,187.69611111111112,187.69611111111112,187.69611111111112,188.124,0.0678310316815597,-0.3421568124572779,-0.9396428660342584,0.8642748018615426,-0.5030199467885854,1.0,8.0,10.0
1637932818.0,3.25,0.025209,10.0,2176.0,415.73375999999996,180.59949999999998,182.76850000000002,186.5455,186.5455,187.327,187.327,187.327,187.327,187.7545,0.0682372055239642,-0.343249904716205,-0.9392441125247026,0.849892693004307,-0.5269557954685447,1.0,9.0,9.0
1637932834.0,3.2222222222222223,0.02659788888888889,10.0,2389.3333333333335,407.7809208888889,180.48366666666666,182.61066666666667,186.2141111111111,186.2141111111111,186.95788888888887,186.95788888888887,186.95788888888887,186.95788888888887,187.38500000000002,0.0686433793663688,-0.3443425322645159,-0.938844087414764,0.8348478631443705,-0.5504807402655232,1.0,10.0,8.0
1637932850.0,3.194444444444444,0.027986777777777774,9.999999999999998,2602.6666666666665,399.8280817777777,180.3678333333333,182.4528333333333,185.88272222222218,185.88272222222218,186.58877777777775,186.58877777777775,186.58877777777775,186.58877777777775,187.01549999999997,0.0690495532087733,-0.3454346936092952,-0.938442791251045,0.8191520445561296,-0.5735764359695339,1.0,11.0,7.0
1637932866.0,3.1666666666666665,0.029375666666666665,10.0,2816.0,391.8752426666666,180.25199999999998,182.295,185.5513333333333,185.5513333333333,186.21966666666665,186.21966666666665,186.21966666666665,186.21966666666665,186.646,0.0694557270511779,-0.346526387312883,-0.9380402245617624,0.8028174753201367,-0.5962248747918872,1.0,12.0,6.0
1637932882.0,3.138888888888889,0.030764555555555555,10.0,3029.3333333333335,383.92240355555555,180.13616666666667,182.13716666666667,185.21994444444442,185.21994444444442,185.85055555555556,185.85055555555556,185.85055555555556,185.85055555555556,186.2765,0.0698619008935824,-0.3476176118426716,-0.937636387912072,0.7858568934429982,-0.6184083950174998,1.0,13.0,5.0
1637932898.0,3.1111111111111107,0.03215344444444444,10.0,3242.666666666666,375.9695644444444,180.0203333333333,181.97933333333333,184.8885555555555,184.8885555555555,185.4814444444444,185.4814444444444,185.4814444444444,185.4814444444444,185.90699999999998,0.070268074735987,-0.3487083657758905,-0.9372312818285078,0.7682835237109041,-0.6401096993440707,1.0,14.0,4.0
1637932914.0,3.083333333333333,0.03354233333333333,10.0,3455.9999999999995,368.0167253333333,179.90449999999998,181.8215,184.55716666666663,184.55716666666663,185.1123333333333,185.1123333333333,185.1123333333333,185.1123333333333,185.5375,0.0706742485783915,-0.349798647581251,-0.9368249068797904,0.7501110698947828,-0.661311865023836,1.0,15.0,3.0
1637932930.0,3.0555555555555554,0.03493122222222222,10.0,3669.333333333333,360.0638862222222,179.78866666666664,181.66366666666667,184.22577777777775,184.22577777777775,184.74322222222222,184.74322222222222,184.74322222222222,184.74322222222222,185.168,0.0710804224207961,-0.350888455837212,-0.936417263595763,0.7313537017217113,-0.681998359952537,1.0,16.0,2.0
1637932946.0,3.0277777777777777,0.03632011111111111,10.0,3882.6666666666665,352.1110471111111,179.67283333333333,181.50583333333333,183.89438888888887,183.89438888888887,184.3741111111111,184.3741111111111,184.3741111111111,184.3741111111111,184.7985,0.0714865962632006,-0.3519777890138125,-0.9360083525487088,0.7120260462484569,-0.7021530527340818,1.0,17.0,1.0
1637932962.0,3.0,0.037709,10.0,4096.0,344.158208,179.557,181.348,183.563,183.563,184.005,184.005,184.005,184.005,184.429,0.0718927701056052,-0.3530666456771333,-0.9355981742769156,0.6921431739550916,-0.7217602280171524,0.0,0.0,0.0
1637932978.0,3.0,0.096907,20.0,4096.0,408.911872,334.8,334.388,341.013,341.013,342.371,343.079,343.079,343.079,351.778,0.0722989439480097,-0.3541550243530023,-0.9351867293356576,0.6717205892251958,-0.7408045963754246,0.0,0.0,0.0
1637932994.0,3.0,0.055612,40.0,4096.0,486.240256,571.113,570.647,583.66,584.585,593.306,596.002,596.218,596.218,597.926,0.0727051177904143,-0.3552429235270863,-0.9347740182974325,0.6507742173298638,-0.7592713072800151,0.0,0.0,0.0
1637933010.0,3.0,0.028702,50.0,4096.0,575.102976,753.846,750.382,775.28,783.917,796.763,800.809,801.993,801.993,802.206,0.0731112916328188,-0.3563303417809507,-0.9343600417003451,0.6293203909215823,-0.7771459615608298,0.0,0.0,0.0
1637933026.0,3.0,0.319761,70.0,4096.0,679.821312,1001.531,1002.142,1024.348,1025.542,1037.409,1046.471,1047.537,1048.746,1049.168,0.0735174654752233,-0.3574172775879896,-0.9339448001255696,0.6073758397640289,-0.7944146205042684,0.0,0.0,0.0
1637933042.0,3.0,0.345044,80.0,4096.0,683.409408,1101.716,1102.096,1129.902,1139.061,1145.811,1149.611,1159.921,1160.129,1160.227,0.0739236393176279,-0.3585037295310244,-0.9335282941145094,0.5849576748265792,-0.8110638191051811,0.0,0.0,0.0
1637933058.0,3.0,0.241034,90.0,4096.0,688.951296,2256.286,2258.927,2295.557,2302.416,2308.251,2314.392,2316.424,2316.579,2317.873,0.0743298131600325,-0.359589696084806,-0.93311052425189,0.5620833778672357,-0.8270805742642964,0.0,0.0,0.0
1637933074.0,3.0,0.409339,110.0,4096.0,435.208192,1670.602,1666.063,1717.495,1719.186,1729.214,1739.475,1741.838,1742.8,1745.127,0.074735987002437,-0.360675175819847,-0.93269149108766,0.5387707848121903,-0.842452397131646,0.0,0.0,0.0
1637933090.0,3.0,0.400348,120.0,4096.0,441.745408,1832.987,1843.025,1896.348,1900.116,1906.125,1917.115,1919.843,1920.883,1925.158,0.0751421608448416,-0.3617601672529806,-0.9322711951943464,0.5150380752965527,-0.8571673004698807,0.0,0.0,0.0
1637933106.0,3.0,0.400348,130.0,4096.0,448.0,2599.968,2603.226,2644.629,2646.872,2678.992,2680.37,2683.591,2696.373,2697.459,0.0755483346872461,-0.3628446689152856,-0.9318496371409696,0.4909037537907427,-0.8712138110212428,0.0,0.0,0.0
1637933122.0,3.0,0.401643,140.0,4096.0,452.562944,5706.368,5708.238,5749.776,5767.237,5774.609,5789.186,5792.408,5792.688,5795.155,0.0759545085296506,-0.36392867932495,-0.9314268175035534,0.4663866407095394,-0.8845809750201906,0.0,0.0,0.0
1637933138.0,3.0,0.478247,160.0,4096.0,478.322688,3083.879,3077.802,3194.579,3196.055,3205.782,3218.972,3222.396,3225.151,3225.36,0.0763606823720552,-0.3650121970550429,-0.9310027368386468,0.4415058529429669,-0.8972583695999181,0.0,0.0,0.0
1637933154.0,3.0,0.658014,170.0,4096.0,494.194688,6832.236,6850.366,6897.297,6909.81,6928.714,6940.519,6947.022,6947.907,6951.591,0.0767668562144597,-0.3660952205844345,-0.9305773957416084,0.4162807926103269,-0.90923610888686,0.0,0.0,0.0
1637933170.0,3.0,0.844144,180.0,4096.0,502.358016,2729.013,2715.249,2814.221,2836.978,2846.109,2859.744,2869.965,2870.224,2877.646,0.0771730300568643,-0.367177748501047,-0.9301507947670108,0.3907311286140159,-0.9205048533994904,0.0,0.0,0.0
1637933186.0,3.0,0.531588,190.0,4096.0,510.619648,3240.166,3247.692,3296.422,3306.327,3336.058,3350.807,3355.375,3355.593,3357.92,0.0775792038992688,-0.3682597792851403,-0.9297229345137504,0.3648767846651971,-0.931055815734152,0.0,0.0,0.0
1637933202.0,3.0,0.666693,200.0,4096.0,520.904704,7314.949,7323.061,7388.901,7391.158,7428.131,7438.517,7459.165,7460.464,7463.51,0.0779853777416734,-0.369341311525931,-0.9292938155396844,0.3387379203417245,-0.9408807689195074,0.0,0.0,0.0
1637933218.0,3.0,0.538048,210.0,4096.0,530.8416,11860.317,11855.686,11931.503,11953.414,11991.197,11994.919,12000.888,12010.644,12015.607,0.0783915515840779,-0.3704223437185934,-0.9288634384418542,0.3123349183727296,-0.9499720515705188,0.0,0.0,0.0
1637933234.0,3.0,0.5605465000000001,215.0,4096.0,537.0388479999999,11239.6405,11235.6875,11307.8635,11328.28,11383.096000000001,11393.3905,11404.0445,11410.198,11415.8745,0.0787977254264825,-0.3715028743995855,-0.928431803802975,0.2856883674715481,-0.9583225744452863,1.0,1.0,1.0
1637933250.0,3.0,0.583045,220.0,4096.0,543.236096,10618.964,10615.689,10684.224,10703.146,10774.995,10791.862,10807.201,10809.752,10816.142,0.079203899268887,-0.3725829021465566,-0.9279989121911996,0.2588190449287776,-0.9659258263356226,0.0,0.0,0.0
1637933266.0,3.0,0.698776,230.0,4096.0,556.015616,11506.542,11493.838,11585.552,11597.337,11642.328,11655.449,11662.262,11662.327,11666.052,0.0796100731112916,-0.3736624254432766,-0.9275647642142556,0.2317479035296124,-0.97277587820095,0.0,0.0,0.0
1637933282.0,3.0,0.642774,240.0,4096.0,567.386112,11150.424,11156.01,11246.909,11251.491,11301.328,11309.267,11316.342,11320.734,11323.411,0.0800162469536961,-0.3747414428822314,-0.9271293604381988,0.2044960516333947,-0.9788673888052212,0.0,0.0,0.0
1637933298.0,3.0,0.7967,245.0,4096.0,574.7138560000001,11480.4775,11482.0785,11603.888500000001,11609.335500000001,11654.657,11667.0815,11673.400000000001,11676.949,11678.9945,0.0804224207961007,-0.375819952948609,-0.9266927014742834,0.1770847403229539,-0.9841956079686356,1.0,1.0,1.0
1637933314.0,3.0,0.950626,250.0,4096.0,582.0416,11810.531,11808.147,11960.868,11967.18,12007.986,12024.896,12030.458,12033.164,12034.578,0.0808285946385052,-0.3768979542362166,-0.9262547878918386,0.1495353432005573,-0.9887563810837792,0.0,0.0,0.0
1637933330.0,3.0,1.11742,260.0,4096.0,593.702912,12467.143,12467.605,12568.669,12586.405,12634.566,12653.752,12657.726,12659.397,12676.001,0.0812347684809098,-0.3779754452316687,-0.9258156203056426,0.1218693438379606,-0.9925461515881792,0.0,0.0,0.0
1637933346.0,3.0,0.9539155,265.0,4096.0,600.813568,11655.974,11655.863,11757.92,11778.192500000001,11823.032,11842.922999999999,11852.1605,11855.2155,11867.323,0.0816409423233143,-0.3790524245301011,-0.9253751992882951,0.0941083135044072,-0.995561964585508,1.0,1.0,1.0
1637933362.0,3.0,0.790411,270.0,4096.0,607.924224,10844.805,10844.121,10947.171,10969.98,11011.498,11032.094,11046.595,11051.034,11058.645,0.0820471161657189,-0.3801288906195631,-0.9249335254580948,0.0662739008021549,-0.9978014682653388,0.0,0.0,0.0
1637933378.0,3.0,0.925102,280.0,4096.0,609.288192,12431.524,12433.459,12535.892,12562.02,12592.914,12618.652,12623.41,12633.857,12640.987,0.0824532900081234,-0.3812048420830737,-0.9244905993964562,0.0383878092411056,-0.999262916404721,0.0,0.0,0.0
1637933394.0,3.0,0.8542514615384617,259.2307692307692,4076.3076923076924,614.8697796923077,11488.762769230769,11490.546384615385,11585.316769230769,11609.434923076924,11638.241461538462,11661.999615384617,11666.391615384617,11676.035,11682.657384615384,0.082859463850528,-0.3822802774370379,-0.9240464217141156,0.0104717844862438,-0.9999451693616374,1.0,1.0,12.0
1637933410.0,3.0000000000000004,0.7834009230769231,238.4615384615385,4056.615384615385,620.4513673846154,10546.00153846154,10547.633769230772,10634.74153846154,10656.849846153847,10683.568923076924,10705.347230769232,10709.373230769232,10718.213000000002,10724.32776923077,0.0832656376929325,-0.3833551952658121,-0.9236009929957368,-0.0174524063166254,-0.9998476951584974,1.0,2.0,11.0
1637933426.0,3.0000000000000004,0.7125503846153847,217.6923076923077,4036.923076923077,626.0329550769231,9603.240307692307,9604.721153846156,9684.166307692307,9704.26476923077,9728.896384615386,9748.694846153847,9752.354846153847,9760.391,9765.998153846154,0.0836718115353371,-0.3844295940603397,-0.9231543138666484,-0.0453629877926048,-0.998970569806002,1.0,3.0,10.0
1637933442.0,3.0,0.6416998461538461,196.9230769230769,4017.230769230769,631.6145427692308,8660.479076923075,8661.808538461539,8733.591076923078,8751.679692307693,8774.223846153845,8792.04246153846,8795.33646153846,8802.569,8807.668538461538,0.0840779853777416,-0.3855034724197881,-0.9227063849092438,-0.0732381970402131,-0.9973144772308776,1.0,4.0,9.0
1637933458.0,3.0,0.5708493076923078,176.15384615384616,3997.538461538462,637.1961304615385,7717.717846153847,7718.895923076924,7783.015846153846,7799.094615384616,7819.551307692309,7835.390076923078,7838.318076923078,7844.747,7849.3389230769235,0.0844841592201462,-0.3865768288634014,-0.9222572067411112,-0.1010562973438066,-0.9948807088124486,1.0,5.0,8.0
1637933474.0,3.0000000000000004,0.4999987692307693,155.38461538461542,3977.8461538461543,642.7777181538462,6774.956615384616,6775.983307692309,6832.440615384616,6846.50953846154,6864.878769230771,6878.737692307694,6881.2996923076935,6886.925000000001,6891.009307692308,0.0848903330625507,-0.3876496619111823,-0.9218067799816544,-0.1287955965233864,-0.9916711623901268,1.0,6.0,7.0
1637933490.0,3.0,0.4291482307692308,134.6153846153846,3958.1538461538466,648.3593058461539,5832.195384615385,5833.070692307693,5881.865384615385,5893.924461538462,5910.206230769231,5922.085307692309,5924.2813076923085,5929.103,5932.679692307692,0.0852965069049553,-0.3887219701509322,-0.92135510522381,-0.1564344652325442,-0.9876883405646782,1.0,7.0,6.0
1637933506.0,3.0,0.3582976923076923,113.84615384615385,3938.4615384615386,653.9408935384615,4889.434153846154,4890.158076923078,4931.290153846154,4941.339384615385,4955.533692307693,4965.4329230769235,4967.2629230769235,4971.281,4974.350076923077,0.0857026807473598,-0.3897937521174806,-0.9209021830847052,-0.1839513505914801,-0.9829353491535292,1.0,8.0,5.0
1637933522.0,3.0,0.2874471538461539,93.07692307692308,3918.769230769231,659.5224812307692,3946.6729230769233,3947.2454615384618,3980.7149230769232,3988.7543076923084,4000.861153846154,4008.7805384615385,4010.2445384615385,4013.459,4016.0204615384614,0.0861088545897644,-0.39086500635979,-0.9204480141775316,-0.2113247966779786,-0.9774158942379704,1.0,9.0,4.0
1637933538.0,3.0,0.21659661538461542,72.3076923076923,3899.0769230769233,665.104068923077,3003.911692307692,3004.3328461538463,3030.1396923076923,3036.169230769231,3046.188615384616,3052.1281538461544,3053.2261538461544,3055.637,3057.690846153846,0.0865150284321689,-0.3919357314141498,-0.9199925991228708,-0.2385334575896651,-0.9711342799069136,1.0,10.0,3.0
1637933554.0,3.0000000000000004,0.14574607692307695,51.53846153846154,3879.3846153846157,670.6856566153847,2061.1504615384615,2061.420230769231,2079.5644615384617,2083.584153846154,2091.516076923077,2095.4757692307694,2096.2077692307694,2097.815,2099.3612307692306,0.0869212022745735,-0.3930059258711165,-0.919535938520179,-0.2655561177382021,-0.9640954041648648,1.0,11.0,2.0
1637933570.0,3.0,0.07489553846153847,30.76923076923077,3859.692307692308,676.2672443076924,1118.3892307692308,1118.5076153846155,1128.9892307692307,1130.9990769230772,1136.8435384615386,1138.8233846153846,1139.1893846153846,1139.993,1141.0316153846154,0.087327376116978,-0.3940755882282647,-0.919078033010553,-0.2923717043199172,-0.9563047560861896,1.0,12.0,1.0
1637933586.0,3.0,0.004045,10.0,3840.0,681.848832,175.628,175.595,178.414,178.414,182.171,182.171,182.171,182.171,182.702,0.0877335499593826,-0.3951447170909371,-0.9186188831910236,-0.3189593091351646,-0.9477684100644094,0.0,0.0,0.0
1637933602.0,3.0,0.008768,20.0,3840.0,756.170752,337.707,340.598,341.767,341.767,348.213,350.682,350.682,350.682,351.905,0.0881397238017871,-0.3962133109582043,-0.918158489706182,-0.3452981986342093,-0.9384930228936016,0.0,0.0,0.0
1637933618.0,3.0,0.037936,40.0,3840.0,846.635008,628.706,631.746,652.422,653.184,662.333,663.419,663.633,663.633,665.114,0.0885458976441917,-0.3972813684368024,-0.9176968531563032,-0.3713678354213047,-0.928485826932482,0.0,0.0,0.0
1637933634.0,3.0,0.081657,50.0,3840.0,888.09472,774.419,775.493,790.938,792.468,794.184,800.52,801.532,801.532,801.557,0.0889520714865962,-0.3983488880273058,-0.9172339741894698,-0.3971478903088126,-0.91775462582504,0.0,0.0,0.0
1637933650.0,3.0,0.253921,70.0,3840.0,1020.264448,1009.396,1010.356,1024.552,1027.657,1034.597,1041.274,1043.794,1044.497,1048.3,0.0893582453290008,-0.3994158683245106,-0.916769853415009,-0.4226182616447776,-0.906307787081379,0.0,0.0,0.0
1637933666.0,3.0,0.314119,80.0,3840.0,1026.70336,1115.541,1112.132,1153.451,1157.988,1164.559,1171.451,1171.859,1171.925,1173.379,0.0897644191714053,-0.4004823078705259,-0.9163044914670544,-0.4477590875507113,-0.8941542369836171,0.0,0.0,0.0
1637933682.0,3.0,0.368187,100.0,3840.0,431.190016,1547.061,1554.537,1603.815,1617.752,1623.09,1624.452,1628.375,1630.393,1636.45,0.0901705930138099,-0.4015482052215471,-0.9158378889756388,-0.4725507648048815,-0.8813034520994012,0.0,0.0,0.0
1637933698.0,3.0,0.368187,110.0,3840.0,436.34688,2286.45,2295.57,2325.567,2330.921,2346.11,2349.026,2353.218,2353.42,2365.319,0.0905767668562144,-0.4026135589478241,-0.915370046566615,-0.4969739611807389,-0.8677654532811994,0.0,0.0,0.0
1637933714.0,3.0,0.255453,120.0,3840.0,441.724928,1790.687,1813.323,1819.92,1820.93,1838.304,1839.319,1840.158,1846.547,1853.58,0.090982940698619,-0.4036783675670611,-0.9149009648909509,-0.5210096318066111,-0.8535507972960599,0.0,0.0,0.0
1637933730.0,3.0,0.443594,140.0,3840.0,455.7824,1950.095,1929.177,2017.541,2021.11,2038.576,2045.275,2047.045,2047.645,2054.783,0.0913891145410235,-0.4047426296909296,-0.9144306445602484,-0.5446390351907697,-0.8386705678312955,0.0,0.0,0.0
1637933746.0,3.0,0.615796,150.0,3840.0,462.884864,2199.947,2196.649,2265.627,2271.391,2292.713,2301.627,2306.71,2307.846,2321.177,0.0917952883834281,-0.4058063438253323,-0.9139590862347812,-0.5678437450475283,-0.8231363685382864,0.0,0.0,0.0
1637933762.0,3.0,0.309148,160.0,3840.0,469.479424,2228.352,2227.284,2281.843,2287.258,2300.419,2305.189,2306.342,2307.766,2308.586,0.0922014622258326,-0.4068695085833677,-0.9134862905293812,-0.590605667815671,-0.8069603120005377,0.0,0.0,0.0
1637933778.0,3.0,0.720765,170.0,3840.0,479.322112,5584.588,5591.043,5651.18,5655.207,5676.89,5689.5,5692.748,5693.143,5695.883,0.0926076360682372,-0.4079321224724792,-0.9130122581077968,-0.6129070536737198,-0.7901550123596002,0.0,0.0,0.0
1637933794.0,3.0,0.321728,190.0,3840.0,555.773952,2614.624,2616.708,2672.966,2677.678,2707.891,2712.4,2724.682,2726.979,2728.773,0.0930138099106417,-0.4089941840939203,-0.9125369895940374,-0.6347305130553963,-0.7727335736179924,0.0,0.0,0.0
1637933810.0,3.0,0.38823966666666665,196.66666666666666,3840.0,562.2770346666666,5564.482,5571.63,5628.794999999999,5636.587333333333,5665.858666666666,5670.786999999999,5681.490666666667,5684.364666666666,5688.399666666666,0.0934199837530463,-0.4100556919832486,-0.9120604856434352,-0.6560590286838035,-0.7547095804893855,1.0,1.0,2.0
1637933826.0,3.0,0.45475133333333334,203.33333333333331,3840.0,568.7801173333332,8514.34,8526.552,8584.624,8595.496666666666,8623.826333333333,8629.173999999999,8638.299333333332,8641.750333333333,8648.026333333333,0.0938261575954508,-0.4111166447431528,-0.9115827468832066,-0.6768759695670606,-0.7360970872260341,1.0,2.0,1.0
1637933842.0,3.0,0.521263,210.0,3840.0,575.2832,11464.198,11481.474,11540.453,11554.406,11581.794,11587.561,11595.108,11599.136,11607.653,0.0942323314378554,-0.4121770408841816,-0.9111037739840394,-0.6971651025868959,-0.7169106079107791,0.0,0.0,0.0
1637933858.0,3.0,0.646349,220.0,3840.0,586.088448,12431.836,12432.635,12508.686,12517.43,12560.62,12564.014,12576.388,12582.255,12585.212,0.0946385052802599,-0.4132368790237597,-0.9106235675704328,-0.7169106075640189,-0.6971651029434772,0.0,0.0,0.0
1637933874.0,3.0,0.681956,225.0,3840.0,591.958016,11222.4445,11226.627,11294.525,11308.0025,11343.8635,11348.5455,11355.746,11359.14,11370.358499999998,0.0950446791226645,-0.4142961576740005,-0.9101421283165392,-0.7360970868893654,-0.6768759699331851,1.0,1.0,1.0
1637933890.0,3.0,0.717563,230.0,3840.0,597.827584,10013.053,10020.619,10080.364,10098.575,10127.107,10133.077,10135.104,10136.025,10155.505,0.095450852965069,-0.4153548754537854,-0.9096594568500732,-0.754709580163071,-0.6560590290591855,0.0,0.0,0.0
1637933906.0,3.0,0.692021,240.0,3840.0,609.882112,11574.651,11576.419,11654.117,11663.644,11711.211,11713.02,11741.726,11742.006,11743.426,0.0958570268074736,-0.4164130308768011,-0.9091755538486482,-0.7727335733022863,-0.6347305134397432,0.0,0.0,0.0
1637933922.0,3.0,0.841792,250.0,3840.0,623.280128,12295.525,12298.796,12420.549,12430.511,12477.639,12484.722,12506.581,12510.931,12515.328,0.0962632006498781,-0.4174706225633933,-0.908690419943191,-0.790155012340156,-0.6129070536987873,0.0,0.0,0.0
1637933938.0,3.0,0.8599005,255.0,3840.0,628.21376,11726.943,11735.801500000001,11846.969000000001,11858.932,11900.3175,11913.818500000001,11928.682499999999,11932.246,11935.4985,0.0966693744922827,-0.4185276490420456,-0.9082040558086814,-0.8069603122568232,-0.5906056674655015,1.0,1.0,1.0
1637933954.0,3.0,0.878009,260.0,3840.0,633.147392,11158.361,11172.807,11273.389,11287.353,11322.996,11342.915,11350.784,11353.561,11355.669,0.0970755483346872,-0.4195841088817185,-0.907716462103632,-0.8231363685202717,-0.5678437450736421,0.0,0.0,0.0
1637933970.0,3.0,0.796701,270.0,3840.0,647.675904,12379.644,12388.781,12481.24,12528.131,12553.158,12565.474,12571.839,12573.007,12573.832,0.0974817221770917,-0.4206400006917455,-0.9072276394698569,-0.8386705680676342,-0.5446390348268398,0.0,0.0,0.0
1637933986.0,3.0,0.835355,280.0,3840.0,661.68832,11645.435,11630.265,11759.688,11784.066,11826.331,11847.945,11849.299,11850.997,11866.337,0.0978878960194963,-0.4216953229897806,-0.9067375885936044,-0.853550797279531,-0.5210096318336898,0.0,0.0,0.0
1637934002.0,3.0,0.8021404999999999,285.0,3840.0,669.7472,12597.029999999999,12585.3345,12730.0585,12746.5115,12788.868999999999,12807.481,12821.0305,12822.4155,12830.335500000001,0.0982940698619009,-0.4227500743998634,-0.9062463101138176,-0.8677654534968545,-0.4969739608041837,1.0,1.0,1.0
1637934018.0,3.0,0.768926,290.0,3840.0,677.80608,13548.625,13540.404,13700.429,13708.957,13751.407,13767.017,13792.762,13793.834,13794.334,0.0987002437043054,-0.4238042534412488,-0.9057538047201932,-0.8813034518643611,-0.4725507652432295,0.0,0.0,0.0
1637934034.0,3.0,0.911292,295.0,3840.0,685.228032,14649.276,14637.336500000001,14788.380000000001,14801.210500000001,14844.9155,14863.556,14878.5375,14881.024000000001,14882.5535,0.0991064175467099,-0.4248578587394672,-0.9052600730548735,-0.894154236760908,-0.4477590879954511,1.0,1.0,1.0
1637934050.0,3.0,1.053658,300.0,3840.0,692.649984,15749.927,15734.269,15876.331,15893.464,15938.424,15960.095,15964.313,15968.214,15970.773,0.0995125913891145,-0.4259108888153824,-0.9047651158109992,-0.9063077868711746,-0.4226182620955624,0.0,0.0,0.0
1637934066.0,3.0,1.336654,310.0,3840.0,707.70688,17203.252,17192.14,17336.507,17364.577,17407.408,17424.932,17441.732,17442.8,17447.539,0.099918765231519,-0.4269633422828641,-0.9042689336401234,-0.9177546256275044,-0.3971478907652909,0.0,0.0,0.0
1637934082.0,3.0,1.07003,315.0,3840.0,716.507136,18223.345999999998,18221.981,18346.0835,18374.266499999998,18427.4325,18448.0985,18467.595999999998,18469.1485,18473.023,0.1003249390739236,-0.4280152177038696,-0.9037715272201868,-0.9284858267477688,-0.3713678358831206,1.0,1.0,1.0
1637934098.0,3.0,0.803406,320.0,3840.0,725.307392,19243.44,19251.822,19355.66,19383.956,19447.457,19471.265,19493.46,19495.497,19498.507,0.1007311129163281,-0.429066513654312,-0.9032728972246062,-0.9384930227218552,-0.3452981991010027,0.0,0.0,0.0
1637934114.0,3.0,0.8222725,325.0,3840.0,734.0421120000001,20475.146999999997,20468.6895,20611.614,20632.75,20697.4285,20725.53,20739.9895,20750.1715,20753.0855,0.1011372867587327,-0.4301172286977519,-0.9027730443347132,-0.9477684099057636,-0.3189593096065714,1.0,1.0,1.0
1637934130.0,3.0,0.841139,330.0,3840.0,742.776832,21706.854,21685.557,21867.568,21881.544,21947.4,21979.795,21986.519,22004.846,22007.664,0.1015434606011372,-0.4311673614510846,-0.9022719692084586,-0.956304755940768,-0.2923717047955698,0.0,0.0,0.0
1637934146.0,3.0,0.8104825,335.0,3840.0,751.11424,21918.8475,21907.337,22062.5455,22085.3695,22146.5665,22173.769999999997,22183.5115,22194.4415,22197.0465,0.1019496344435418,-0.4322169104400491,-0.9017696725492927,-0.96409540415644,-0.2655561177687878,1.0,1.0,1.0
1637934162.0,3.0,0.779826,340.0,3840.0,759.451648,22130.841,22129.117,22257.523,22289.195,22345.733,22367.745,22380.504,22384.037,22386.429,0.1023558082859463,-0.4332658742962125,-0.9012661550121244,-0.971134279899346,-0.2385334576204741,0.0,0.0,0.0
1637934178.0,3.0,0.9225565,345.0,3840.0,769.445888,23993.0475,23984.557,24128.5015,24181.1855,24246.658499999998,24269.474000000002,24282.676,24287.386,24299.764,0.1027619821283509,-0.4343142515731701,-0.900761417291192,-0.9774158943296718,-0.2113247962538421,1.0,1.0,1.0
1637934194.0,3.0,1.065287,350.0,3840.0,779.440128,25855.254,25839.997,25999.48,26073.176,26147.584,26171.203,26184.848,26190.735,26213.099,0.1031681559707554,-0.4353620408253704,-0.9002554600825082,-0.9829353491476934,-0.1839513506226634,0.0,0.0,0.0
1637934210.0,3.0,1.0005453333333334,353.3333333333333,3840.0,785.7233919999999,26024.008666666665,26018.896666666664,26175.136666666665,26226.06333333333,26298.719666666664,26319.946,26331.959333333332,26336.626999999997,26353.25333333333,0.10357432981316,-0.4364092406735818,-0.8997482840521052,-0.987688340632561,-0.1564344648039501,1.0,1.0,2.0
1637934226.0,3.0,0.9358036666666667,356.66666666666663,3840.0,792.0066559999999,26192.763333333332,26197.796333333332,26350.79333333333,26378.950666666664,26449.855333333333,26468.689,26479.070666666667,26482.518999999997,26493.407666666666,0.1039805036555645,-0.4374558496738541,-0.8992398898993118,-0.9916711623860408,-0.1287955965548469,1.0,2.0,1.0
1637934242.0,3.0,0.871062,360.0,3840.0,798.28992,26361.518,26376.696,26526.45,26531.838,26600.991,26617.432,26626.182,26628.411,26633.562,0.1043866774979691,-0.4385018664484874,-0.8987302782933225,-0.9948807088563006,-0.1010562969120915,0.0,0.0,0.0
1637934258.0,3.0,1.1132715,365.0,3840.0,807.528448,27564.657,27573.0085,27722.627500000002,27730.6195,27805.059500000003,27844.6175,27859.005,27861.5125,27866.261,0.1047928513403736,-0.4395472895289988,-0.8982194499495714,-0.99731447719445,-0.0732381975362634,1.0,1.0,1.0
1637934274.0,3.0,1.355481,370.0,3840.0,816.766976,28767.796,28769.321,28918.805,28929.401,29009.128,29071.803,29091.828,29094.614,29098.96,0.1051990251827782,-0.4405921175523351,-0.8977074055340912,-0.9989705697834388,-0.0453629882894788,0.0,0.0,0.0
1637934290.0,3.0,1.2874183333333333,373.3333333333333,3840.0,823.3465173333333,29534.551333333333,29535.124,29678.25633333333,29703.199666666667,29775.626999999997,29824.75033333333,29839.968666666668,29843.031,29847.25933333333,0.1056051990251827,-0.4416363490516823,-0.8971941457657315,-0.9998476951498168,-0.0174524068139356,1.0,1.0,2.0
1637934306.0,3.0,1.2193556666666665,376.66666666666663,3840.0,829.9260586666666,30301.306666666667,30300.927,30437.707666666665,30476.998333333333,30542.125999999997,30577.697666666663,30588.109333333334,30591.448,30595.558666666664,0.1060113728675873,-0.4426799826655407,-0.8966796713136952,-0.999945169366846,0.0104717839888851,1.0,2.0,1.0
1637934322.0,3.0,1.151293,380.0,3840.0,836.5056,31068.062,31066.73,31197.159,31250.797,31308.625,31330.645,31336.25,31339.865,31343.858,0.1064175467099918,-0.4437230169287732,-0.8961639829002433,-0.9992629164238146,0.0383878087440862,0.0,0.0,0.0
1637934338.0,3.0000000000000004,1.147505,384.0,3840.0,845.4168576,32068.408600000002,32066.569000000003,32206.092200000003,32254.858600000003,32314.2128,32339.381600000004,32347.514,32354.777400000006,32361.4378,0.1068237205523964,-0.4447654504814412,-0.8956470811977454,-0.9978014682983026,0.0662739003058624,1.0,1.0,4.0
1637934354.0,3.0000000000000004,1.143717,388.00000000000006,3840.0000000000005,854.3281152000001,33068.75520000001,33066.408,33215.025400000006,33258.9202,33319.8006,33348.118200000004,33358.778000000006,33369.68980000001,33379.01760000001,0.1072298943948009,-0.4458072818600921,-0.8951289669318697,-0.9955619646323162,0.0941083130092286,1.0,2.0,3.0
1637934370.0,3.0000000000000004,1.139929,392.00000000000006,3840.0000000000005,863.2393728000001,34069.101800000004,34066.247,34223.958600000005,34262.98180000001,34325.3884,34356.85480000001,34370.042,34384.60220000001,34396.5974,0.1076360682372055,-0.4468485096933375,-0.8946096407846515,-0.9925461516487952,0.121869343344282,1.0,3.0,2.0
1637934386.0,3.0,1.136141,396.0,3840.0,872.1506304,35069.4484,35066.086,35232.8918,35267.0434,35330.9762,35365.591400000005,35381.306000000004,35399.5146,35414.1772,0.10804224207961,-0.4478891325454616,-0.8940891034721729,-0.9887563810885232,0.1495353431691893,1.0,4.0,1.0
1637934402.0,3.0,1.132353,400.0,3840.0,881.061888,36069.795,36065.925,36241.825,36271.105,36336.564,36374.328,36392.57,36414.427,36431.757,0.1084484159220146,-0.4489291490466442,-0.893567355679613,-0.9841956079742534,0.1770847402917305,0.0,0.0,0.0
1637934418.0,3.0,1.1636656666666667,403.3333333333333,3840.0,887.7506559999999,36300.896,36301.04033333333,36470.53799999999,36518.736333333334,36583.685,36612.08866666666,36630.81366666667,36646.61266666667,36659.95,0.1088545897644191,-0.449968557762817,-0.8930443981263476,-0.9788673887164828,0.204496052058161,1.0,1.0,2.0
1637934434.0,3.0,1.1949783333333333,406.66666666666663,3840.0,894.4394239999999,36531.996999999996,36536.155666666666,36699.251,36766.367666666665,36830.806,36849.84933333333,36869.05733333333,36878.79833333333,36888.143,0.1092607636068237,-0.4510073572607954,-0.8925202315335117,-0.972775878208302,0.2317479034987513,1.0,2.0,1.0
1637934450.0,3.0,1.226291,410.0,3840.0,901.128192,36763.098,36771.271,36927.964,37013.999,37077.927,37087.61,37107.301,37110.984,37116.336,0.1096669374492282,-0.4520455461861624,-0.8919948565845288,-0.9659258262233116,0.2588190453479282,0.0,0.0,0.0
1637934466.0,3.0,1.2015692500000001,412.5,3840.0,906.924032,37750.353749999995,37755.860499999995,37908.52725,37981.695,38047.94425,38079.0035,38098.394,38102.683,38110.24775,0.1100731112916328,-0.4530831230814242,-0.8914682740169629,-0.95832257445435,0.2856883674411455,1.0,1.0,3.0
1637934482.0,3.0,1.1768475,415.0,3840.0,912.719872,38737.6095,38740.45,38889.0905,38949.391,39017.961500000005,39070.397,39089.487,39094.382,39104.1595,0.1104792851340373,-0.454120086580793,-0.8909404845239961,-0.9499720514349852,0.3123349187849571,1.0,2.0,2.0
1637934498.0,3.0,1.1521257500000002,417.5,3840.0,918.515712,39724.86525,39725.0395,39869.65375,39917.087,39987.97875,40061.7905,40080.58,40086.081,40098.07125,0.1108854589764419,-0.4551564352673902,-0.890411488826757,-0.9408807690879908,0.3387379198737436,1.0,3.0,1.0
1637934514.0,3.0,1.127404,420.0,3840.0,924.311552,40712.121,40709.629,40850.217,40884.783,40957.996,41053.184,41071.673,41077.78,41091.983,0.1112916328188464,-0.45619216773815,-0.8898812876414289,-0.9310558159156368,0.3648767842021029,0.0,0.0,0.0
1637934530.0,3.0,1.0208503333333332,423.3333333333333,3840.0,932.1253546666666,41507.44133333333,41498.505333333334,41662.49033333333,41700.361333333334,41773.871666666666,41842.73333333334,41858.50566666667,41864.176666666666,41876.240999999995,0.111697806661251,-0.4572272825778989,-0.8893498816924811,-0.9205048535938346,0.3907311281561696,1.0,1.0,2.0
1637934546.0,3.0,0.9142966666666666,426.66666666666663,3840.0,939.9391573333332,42302.761666666665,42287.38166666667,42474.76366666666,42515.939666666665,42589.74733333333,42632.282666666666,42645.33833333333,42650.573333333334,42660.498999999996,0.1121039805036555,-0.4582617784240667,-0.8888172716793996,-0.9092361090939124,0.4162807921580856,1.0,2.0,1.0
1637934562.0,3.0,0.807743,430.0,3840.0,947.75296,43098.082,43076.258,43287.037,43331.518,43405.623,43421.832,43432.171,43436.97,43444.757,0.1125101543460601,-0.4592956538243446,-0.8882834583499052,-0.897258369819517,0.4415058524966831,0.0,0.0,0.0
1637934578.0,3.0,0.9192743333333333,433.3333333333333,3840.0,955.6213759999999,43977.606999999996,43956.92866666667,44183.299,44218.38566666666,44280.77633333333,44305.757666666665,44318.083666666666,44321.769,44328.02766666667,0.1129163281884646,-0.4603289074307354,-0.8877484423999996,-0.8845809752521647,0.4663866402695611,1.0,1.0,2.0
1637934594.0,3.0,1.0308056666666665,436.66666666666663,3840.0,963.489792,44857.132,44837.59933333333,45079.560999999994,45105.25333333333,45155.92966666666,45189.68333333333,45203.99633333333,45206.568,45211.29833333333,0.1133225020308692,-0.4613615377926744,-0.8872122245807812,-0.8712138112654115,0.4909037533574131,1.0,2.0,1.0
1637934610.0,3.0,1.142337,440.0,3840.0,971.358208,45736.657,45718.27,45975.823,45992.121,46031.083,46073.609,46089.909,46091.367,46094.569,0.1137286758732737,-0.4623935435637878,-0.8866748055913867,-0.8571673007260533,0.5150380748702096,0.0,0.0,0.0
1637934626.0,3.0,1.1449369999999999,442.5,3840.0,977.8083839999999,46445.596249999995,46423.815,46678.65375,46710.158500000005,46749.21400000001,46785.930499999995,46802.674,46805.61,46810.90325,0.1141348497156783,-0.4634249232952626,-0.8861361861862882,-0.8424523971487383,0.5387707847854637,1.0,1.0,3.0
1637934642.0,3.0,1.1475369999999998,445.0,3840.0,984.25856,47154.5355,47129.36,47381.4845,47428.195999999996,47467.345,47498.25199999999,47515.439,47519.853,47527.2375,0.1145410235580828,-0.4644556756294684,-0.8855963670745122,-0.8270805742821283,0.5620833778409968,1.0,2.0,2.0
1637934658.0,3.0,1.150137,447.5,3840.0,990.708736,47863.474749999994,47834.905,48084.31525,48146.2335,48185.476,48210.5735,48228.204,48234.096,48243.57175,0.1149471974004874,-0.4654857991708924,-0.8850553489868505,-0.8110638188513466,0.5849576751785295,1.0,3.0,1.0
1637934674.0,3.0,1.152737,450.0,3840.0,997.158912,48572.414,48540.45,48787.146,48864.271,48903.607,48922.895,48940.969,48948.339,48959.906,0.1153533712428919,-0.4665152924862591,-0.8845131326760842,-0.7944146205235372,0.6073758397388263,0.0,0.0,0.0
1637934690.0,3.0,1.06883125,452.5,3840.0,1003.3530880000001,49102.295,49078.903249999996,49315.864,49383.08075,49436.823749999996,49459.653999999995,49475.635,49483.941,49497.9765,0.1157595450852965,-0.4675441542332847,-0.883969718849171,-0.7771459612877447,0.6293203912588143,1.0,1.0,3.0
1637934706.0,3.0,0.9849254999999999,455.0,3840.0,1009.547264,49632.176,49617.356499999994,49844.581999999995,49901.8905,49970.0405,49996.413,50010.301,50019.543000000005,50036.047000000006,0.116165718927701,-0.4685723829675702,-0.883425108268999,-0.7592713073006607,0.6507742173057761,1.0,2.0,2.0
1637934722.0,3.0,0.90101975,457.5,3840.0,1015.74144,50162.057,50155.80975,50373.299999999996,50420.70025,50503.25725,50533.172,50544.967000000004,50555.145000000004,50574.1175,0.1165718927701056,-0.4695999773484807,-0.8828793016456475,-0.7408045960839404,0.671720589546658,1.0,3.0,1.0
1637934738.0,3.0,0.817114,460.0,3840.0,1021.935616,50691.938,50694.263,50902.018,50939.51,51036.474,51069.931,51079.633,51090.747,51112.188,0.1169780666125101,-0.4706269359333963,-0.882332299745364,-0.7217602283614147,0.6921431735960981,0.0,0.0,0.0
1637934754.0,3.0,0.89231375,462.5,3840.0,1028.579328,51393.416000000005,51393.6955,51597.832500000004,51632.473,51727.10775,51763.408500000005,51772.27925,51781.972,51803.873250000004,0.1173842404549147,-0.4716532573705065,-0.881784103288209,-0.7021530530882336,0.7120260458992158,1.0,1.0,3.0
1637934770.0,3.0,0.9675134999999999,465.0,3840.0,1035.2230399999999,52094.894,52093.128,52293.647,52325.436,52417.741500000004,52456.886,52464.9255,52473.197,52495.5585,0.1177904142973192,-0.4726789402574733,-0.8812347130231944,-0.6819983603163021,0.7313537013824948,1.0,2.0,2.0
1637934786.0,3.0,1.04271325,467.5,3840.0,1041.866752,52796.372,52792.5605,52989.4615,53018.399000000005,53108.37525,53150.3635,53157.57175,53164.422,53187.243749999994,0.1181965881397238,-0.4737039832056709,-0.8806841296941154,-0.6613118653969308,0.7501110695658555,1.0,3.0,1.0
1637934802.0,3.0,1.117913,470.0,3840.0,1048.510464,53497.85,53491.993,53685.276,53711.362,53799.009,53843.841,53850.218,53855.647,53878.929,0.1186027619821283,-0.474728384814532,-0.8801323540532899,-0.6401096997262042,0.7682835233925225,0.0,0.0,0.0
1637934818.0,3.0,1.03927225,472.5,3840.0,1054.8633599999998,54098.857749999996,54096.92,54290.348249999995,54324.89750000001,54415.984,54460.202999999994,54468.12875,54472.8045,54493.83925,0.1190089358245329,-0.4757521437355881,-0.8795793868270176,-0.618408395408374,0.7858568931354105,1.0,1.0,3.0
1637934834.0,3.0,0.9606315,475.0,3840.0,1061.216256,54699.8655,54701.847,54895.4205,54938.433000000005,55032.959,55076.565,55086.0395,55089.962,55108.7495,0.1194151096669374,-0.4767752585316037,-0.8790252287915987,-0.5962248751911975,0.8028174750235828,1.0,2.0,2.0
1637934850.0,3.0,0.8819907499999999,477.5,3840.0,1067.569152,55300.873250000004,55306.774000000005,55500.492750000005,55551.9685,55649.934,55692.926999999996,55703.950249999994,55707.1195,55723.65975,0.119821283509342,-0.4777977278686119,-0.8784698806695606,-0.5735764363769686,0.8191520442708407,1.0,3.0,1.0
1637934866.0,3.0,0.80335,480.0,3840.0,1073.922048,55901.881,55911.701,56105.565,56165.504,56266.909,56309.289,56321.861,56324.277,56338.57,0.1202274573517465,-0.4788195503111875,-0.8779133432405457,-0.5504807402920086,0.8348478631269066,0.0,0.0,0.0
1637934882.0,3.0,0.87390625,482.5,3840.0,1081.125888,56598.357,56602.4335,56805.572,56866.013,56949.586,56990.792499999996,57005.674999999996,57009.324250000005,57020.674999999996,0.1206336311941511,-0.4798407245270484,-0.8773556172301841,-0.5269557954955073,0.8498926929875895,1.0,1.0,3.0
1637934898.0,3.0,0.9444625,485.0,3840.0,1088.329728,57294.833,57293.166,57505.579,57566.522,57632.263,57672.296,57689.489,57694.3715,57702.78,0.1210398050365556,-0.480861249095347,-0.8767967034144589,-0.503019946413545,0.8642748020798213,1.0,2.0,2.0
1637934914.0,3.0,1.0150187499999999,487.5,3840.0,1095.5335679999998,57991.309,57983.8985,58205.586,58267.031,58314.94,58353.7995,58373.303,58379.41875,58384.884999999995,0.1214459788789601,-0.4818811226472161,-0.8762366025430909,-0.4786918579104046,0.8779829754444474,1.0,3.0,1.0
1637934930.0,3.0,1.085575,490.0,3840.0,1102.737408,58687.785,58674.631,58905.593,58967.54,58997.617,59035.303,59057.117,59064.466,59066.99,0.1218521527213647,-0.4829003438018949,-0.8756753153743754,-0.4539904994867313,0.8910065243171837,0.0,0.0,0.0
1637934946.0,3.0000000000000004,1.0301998,492.0,3840.0,1108.3718656,59246.7218,59235.58660000001,59455.5834,59510.283800000005,59554.2468,59588.0304,59607.7956,59614.7074,59618.56740000001,0.1222583265637693,-0.4839189111667709,-0.8751128426752557,-0.4289351337628894,0.903335292692482,1.0,1.0,4.0
1637934962.0,3.0000000000000004,0.9748246,494.00000000000006,3840.0000000000005,1114.0063232,59805.65860000001,59796.5422,60005.573800000006,60053.02760000001,60110.8766,60140.75780000001,60158.47420000001,60164.948800000006,60170.1448,0.1226645004061738,-0.4849368234010555,-0.8745491851861127,-0.403545296488625,0.914959667789738,1.0,2.0,3.0
1637934978.0,3.0000000000000004,0.9194494000000001,496.00000000000006,3840.0000000000005,1119.6407808000001,60364.595400000006,60357.49780000001,60555.56420000001,60595.771400000005,60667.506400000006,60693.48520000001,60709.1528,60715.190200000005,60721.72220000001,0.1230706742485783,-0.485954079075721,-0.8739843436982541,-0.3778407871566104,0.925870584672001,1.0,3.0,2.0
1637934994.0,3.0,0.8640742,498.0,3840.0,1125.2752384,60923.5322,60918.453400000006,61105.5546,61138.5152,61224.13620000001,61246.212600000006,61259.8314,61265.4316,61273.299600000006,0.1234768480909829,-0.4869706768644398,-0.8734183189481368,-0.3518416485131674,0.9360595356982038,1.0,4.0,1.0
1637935010.0,3.0,0.808699,500.0,3840.0,1130.909696,61482.469,61479.409,61655.545,61681.259,61780.766,61798.94,61810.51,61815.673,61824.877,0.1238830219333874,-0.4879866153400298,-0.8728511117303923,-0.3255681547712523,0.945518575491165,0.0,0.0,0.0
1637935026.0,3.0000000000000004,0.8414414,502.0,3840.0,1136.738304,62213.562,62199.386600000005,62426.5818,62454.5288,62546.205200000004,62564.081000000006,62575.3608,62579.7496,62745.833600000005,0.124289195775792,-0.4890018931778805,-0.8722827227845619,-0.2990407923351476,0.9542403284915006,1.0,1.0,4.0
1637935042.0,3.0000000000000004,0.8741838000000001,504.00000000000006,3840.0000000000005,1142.5669120000002,62944.655000000006,62919.36420000001,63197.61860000001,63227.7986,63311.64440000001,63329.22200000001,63340.2116,63343.82620000001,63666.79020000001,0.1246953696181965,-0.490016508952663,-0.8717131529085956,-0.2722802473284426,0.9622179934478268,1.0,2.0,3.0
1637935058.0,3.0000000000000004,0.9069262000000001,506.00000000000006,3840.0000000000005,1148.39552,63675.74800000001,63639.34180000001,63968.6554,64001.068400000004,64077.083600000005,64094.36300000001,64105.0624,64107.9028,64587.74680000001,0.1251015434606011,-0.4910304613288146,-0.8711424028522613,-0.2453073859271096,0.9694453498829152,1.0,3.0,2.0
1637935074.0,3.0,0.9396686000000001,508.0,3840.0,1154.224128,64406.841,64359.3194,64739.692200000005,64774.3382,64842.522800000006,64859.50400000001,64869.9132,64871.979400000004,65508.703400000006,0.1255077173030057,-0.4920437489208976,-0.8705704733953873,-0.2181432416562818,0.9759167618806888,1.0,4.0,1.0
1637935090.0,3.0,0.972411,510.0,3840.0,1160.052736,65137.934,65079.297,65510.729,65547.608,65607.962,65624.645,65634.764,65636.056,66429.66,0.1259138911454102,-0.4930563703570672,-0.8699973653122833,-0.1908089953930431,0.981627183444457,0.0,0.0,0.0
1637935106.0,3.0,0.98242096,511.59999999999997,3839.9999999999995,1165.29741824,66407.84692,66351.15272,66775.62596,66813.1568,66874.6712,66891.39044,66901.50955999999,66902.99179999999,67665.27516,0.1263200649878147,-0.4940683242537292,-0.8694230793860444,-0.1633259624716183,0.9865721615688938,1.0,1.0,24.0
1637935122.0,3.0000000000000004,0.9924309200000001,513.2,3840.0,1170.54210048,67677.75984,67623.00844,68040.52292,68078.7056,68141.38040000001,68158.13588,68168.25512,68169.9276,68900.89032,0.1267262388302193,-0.4950796092787999,-0.8688476163726012,-0.1357155724182389,0.9907478404736444,1.0,2.0,23.0
1637935138.0,3.0,1.00244088,514.8,3840.0,1175.78678272,68947.67276,68894.86416,69305.41988,69344.25439999999,69408.0896,69424.88132,69435.00068,69436.8634,70136.50548,0.1271324126726238,-0.4960902240378256,-0.8682709770653975,-0.1079993554420187,0.9941509640009956,1.0,3.0,22.0
1637935154.0,3.0,1.01245084,516.4,3840.0,1181.03146496,70217.58568,70166.71988,70570.31684,70609.8032,70674.7988,70691.62676,70701.74624,70703.7992,71372.12064000001,0.1275385865150284,-0.4971001671373274,-0.8676931622595865,-0.0801989242797795,0.996778878460196,1.0,4.0,21.0
1637935170.0,3.0000000000000004,1.0224608000000002,518.0,3840.0,1186.2761472,71487.4986,71438.57560000001,71835.2138,71875.352,71941.508,71958.37220000001,71968.4918,71970.735,72607.73580000001,0.127944760357433,-0.4981094372478936,-0.8671141727157887,-0.052335955944773,0.9986295347702004,1.0,5.0,20.0
1637935186.0,3.0,1.03247076,519.6,3840.0,1191.52082944,72757.41152,72710.43132,73100.11076,73140.9008,73208.2172,73225.11764000001,73235.23736,73237.67079999999,73843.35096000001,0.1283509341998375,-0.4991180329904837,-0.8665340092250912,-0.0244321785359394,0.9997014897718158,1.0,6.0,19.0
1637935202.0,3.0,1.0424807200000001,521.2,3840.0,1196.7655116800001,74027.32444,73982.28704,74365.00772,74406.44959999999,74474.9264,74491.86308000001,74501.98292,74504.6066,75078.96612,0.128757108042242,-0.5001259529996054,-0.865952672572951,0.0034906512811657,0.9999939076582584,1.0,7.0,18.0
1637935218.0,3.0,1.0524906800000002,522.8000000000001,3840.0000000000005,1202.0101939200001,75297.23736,75254.14276,75629.90468,75671.9984,75741.6356,75758.60852000001,75768.72848,75771.5424,76314.58128000001,0.1291632818846466,-0.5011331958980882,-0.8653701635537063,0.031410758727923,0.9995065603767372,1.0,8.0,17.0
1637935234.0,3.0,1.06250064,524.4,3840.0,1207.25487616,76567.15028,76525.99848,76894.80164,76937.54719999999,77008.34479999999,77025.35396000001,77035.47404,77038.4782,77550.19644,0.1295694557270511,-0.5021397603600497,-0.8647864829341124,0.0593063734751032,0.9982398279297574,1.0,9.0,16.0
1637935250.0,3.0,1.0725106000000002,526.0,3840.0,1212.4995584,77837.0632,77797.8542,78159.6986,78203.09599999999,78275.054,78292.0994,78302.2196,78305.41399999999,78785.8116,0.1299756295694557,-0.5031456449723932,-0.8642016315335874,0.0871557424315102,0.9961946981194048,1.0,10.0,15.0
1637935266.0,3.0,1.08252056,527.6,3840.0,1217.74424064,79106.97612,79069.70992000001,79424.59556,79468.6448,79541.7632,79558.84484,79568.96516,79572.34980000001,80021.42676,0.1303818034118603,-0.504150848423617,-0.8636156101146778,0.1149371504253036,0.9933727656082136,1.0,11.0,14.0
1637935282.0,3.0,1.0925305200000002,529.1999999999999,3840.0,1222.98892288,80376.88904,80341.56564,80689.49252,80734.1936,80808.4724,80825.59028,80835.71072,80839.2856,81257.04192,0.1307879772542648,-0.5051553693025352,-0.8630284195000876,0.1426289334240855,0.9897762309483432,1.0,12.0,13.0
1637935298.0,3.0,1.10254048,530.8,3840.0,1228.23360512,81646.80196,81613.42136000001,81954.38948,81999.74239999999,82075.1816,82092.33572,82102.45628,82106.2214,82492.65708,0.1311941510966693,-0.5061592062994242,-0.8624400604554132,0.170209499131552,0.985407898489446,1.0,13.0,12.0
1637935314.0,3.0,1.1125504400000001,532.4000000000001,3840.0,1233.47828736,82916.71488,82885.27708,83219.28644000001,83265.2912,83341.89080000001,83359.08116000002,83369.20184000001,83373.1572,83728.27224,0.1316003249390739,-0.5071623580050164,-0.8618505338066407,0.1976573401327737,0.9802711746713952,1.0,14.0,11.0
1637935330.0,3.0,1.1225604,534.0,3840.0,1238.7229696,84186.6278,84157.1328,84484.18340000001,84530.84,84608.59999999999,84625.8266,84635.9474,84640.093,84963.8874,0.1320064987814784,-0.5081648230988404,-0.8612598403298068,0.2249510543419468,0.974370064785678,1.0,15.0,10.0
1637935346.0,3.0,1.13257036,535.6,3840.0,1243.96765184,85456.54072,85428.98852,85749.08036,85796.38879999999,85875.30919999999,85892.57204,85902.69296,85907.0288,86199.50256000001,0.132412672623883,-0.5091666002111532,-0.8606679808319906,0.2520693580318743,0.9677091705369948,1.0,16.0,9.0
1637935362.0,3.0,1.1425803200000002,537.2,3840.0,1249.2123340800001,86726.45364,86700.84424,87013.97732,87061.9376,87142.0184,87159.31748000001,87169.43852000001,87173.9646,87435.11772000001,0.1328188464662875,-0.5101676879856942,-0.8600749561144838,0.2789911060690502,0.9602936856682792,1.0,17.0,8.0
1637935378.0,3.0,1.15259028,538.8,3840.0,1254.45701632,87996.36656,87972.69996,88278.87428,88327.4864,88408.7276,88426.06292,88436.18408,88440.9004,88670.73288,0.1332250203086921,-0.5111680850796427,-0.8594807669727178,0.3056953052300788,0.952129392656423,1.0,18.0,7.0
1637935394.0,3.0,1.1626002400000002,540.4,3840.0,1259.70169856,89266.27948,89244.55568,89543.77124,89593.0352,89675.4368,89692.80836000001,89702.92964,89707.8362,89906.34804,0.1336311941510966,-0.5121677901010847,-0.8588854142334537,0.3321611319441417,0.9432226579263172,1.0,19.0,6.0
1637935410.0,3.0,1.1726102,542.0,3840.0,1264.9463808,90536.1924,90516.41140000001,90808.66820000001,90858.584,90942.14600000001,90959.55380000001,90969.67520000001,90974.77200000001,91141.96320000001,0.1340373679935012,-0.5131668017465755,-0.8582888986729299,0.3583679498379016,0.9335804263848826,1.0,20.0,5.0
1637935426.0,3.0,1.1826201600000001,543.6,3840.0,1270.19106304,91806.10532,91788.26712,92073.56516,92124.13279999999,92208.85519999999,92226.29924000001,92236.42076000001,92241.7078,92377.57836,0.1344435418359057,-0.5141651186136218,-0.8576912211285832,0.3842953223195433,0.9232102172546176,1.0,21.0,4.0
1637935442.0,3.0,1.19263012,545.2,3840.0,1275.43574528,93076.01824,93060.12284,93338.46212000001,93389.6816,93475.5644,93493.04468,93503.16632,93508.6436,93613.19352,0.1348497156783103,-0.515162739400589,-0.8570923823796831,0.4099230337328295,0.9121201162211442,1.0,22.0,3.0
1637935458.0,3.0,1.2026400800000001,546.8000000000001,3840.0,1280.68042752,94345.93116000001,94331.97856,94603.35908000001,94655.2304,94742.2736,94759.79012,94769.91188000001,94775.5794,94848.80868,0.1352558895207148,-0.5161596627069361,-0.8564923832669278,0.4352310990702348,0.9003187715482308,1.0,23.0,2.0
1637935474.0,3.0,1.21265004,548.4,3840.0,1285.92510976,95615.84408,95603.83428,95868.25604000001,95920.77919999999,96008.9828,96026.53556,96036.65744,96042.5152,96084.42384,0.1356620633631194,-0.5171558872203909,-0.8558912245801392,0.460199784707324,0.8878153851760695,1.0,24.0,1.0
1637935490.0,3.0,1.22266,550.0,3840.0,1291.169792,96885.757,96875.69,97133.153,97186.328,97275.692,97293.281,97303.403,97309.451,97320.039,0.1360682372055239,-0.5181514115797371,-0.8552889071406958,0.4848096199817496,0.874619707286059,0.0,0.0,0.0
1637935506.0,3.0,1.194944181818182,537.7272727272727,3834.1818181818185,1296.2584203636363,94690.72924999999,94680.80495454546,94932.50113636364,94984.46761363637,95071.81002272727,95088.99927272728,95098.89122727273,95104.80177272727,95115.8758409091,0.1364744110479285,-0.5191462344371792,-0.8546854317640481,0.5090414157046012,0.860742027031012,1.0,1.0,43.0
1637935522.0,3.0,1.1672283636363636,525.4545454545455,3828.3636363636365,1301.3470487272727,92495.70150000001,92485.91990909092,92731.84927272728,92782.60722727272,92867.92804545455,92884.71754545455,92894.37945454547,92900.15254545455,92911.71268181819,0.136880584890333,-0.5201403544334428,-0.8540807992747833,0.5328762758426855,0.8461931662711712,1.0,2.0,42.0
1637935538.0,3.0000000000000004,1.1395125454545456,513.1818181818181,3822.545454545455,1306.435677090909,90300.67375,90291.03486363638,90531.19740909092,90580.7468409091,90664.04606818182,90680.43581818182,90689.8676818182,90695.50331818183,90707.54952272728,0.1372867587327376,-0.5211337702599187,-0.8534750104687789,0.5562956154835582,0.8309844692855392,1.0,3.0,41.0
1637935554.0,3.0000000000000004,1.1117967272727274,500.909090909091,3816.727272727273,1311.5243054545454,88105.64600000001,88096.14981818183,88330.54554545456,88378.88645454546,88460.1640909091,88476.1540909091,88485.35590909091,88490.8540909091,88503.38636363638,0.1376929325751421,-0.5221264805219699,-0.8528680661964904,0.5792811721499239,0.815127795865538,1.0,4.0,40.0
1637935570.0,3.0,1.0840809090909092,488.6363636363636,3810.909090909091,1316.6129338181815,85910.61825,85901.26477272727,86129.8936818182,86177.02606818182,86256.28211363636,86271.87236363637,86280.84413636364,86286.20486363636,86299.22320454546,0.1380991064175467,-0.5231184839252714,-0.8522599672492693,0.6018150231623266,0.7986355100395476,1.0,5.0,39.0
1637935586.0,3.0,1.056365090909091,476.3636363636364,3805.090909090909,1321.701562181818,83715.5905,83706.37972727272,83929.24181818182,83975.16568181818,84052.40013636363,84067.59063636363,84076.33236363636,84081.55563636364,84095.06004545455,0.1385052802599512,-0.5241097790771688,-0.8516507144808142,0.6238795965503863,0.7815204725457467,1.0,6.0,38.0
1637935602.0,3.0,1.028649272727273,464.09090909090907,3799.272727272727,1326.7901905454544,81520.56275,81511.49468181818,81728.58995454547,81773.30529545454,81848.5181590909,81863.3089090909,81871.82059090909,81876.90640909091,81890.89688636365,0.1389114541023558,-0.5251003646851825,-0.8510403086854866,0.645457687759003,0.7637960286050205,1.0,7.0,37.0
1637935618.0,3.0,1.0009334545454547,451.8181818181818,3793.4545454545455,1331.878818909091,79325.535,79316.60963636365,79527.9380909091,79571.4449090909,79644.63618181819,79659.0271818182,79667.30881818183,79672.25718181819,79686.73372727273,0.1393176279447603,-0.5260902393710235,-0.850428750712568,0.6665324704695426,0.7454759994860789,1.0,8.0,36.0
1637935634.0,3.0000000000000004,0.9732176363636365,439.5454545454546,3787.636363636364,1336.9674472727274,77130.50725000001,77121.7245909091,77327.28622727275,77369.58452272728,77440.75420454546,77454.74545454547,77462.79704545456,77467.60795454546,77482.57056818184,0.1397238017871649,-0.527079401794572,-0.8498160413900624,0.6870875108617607,0.7265746709167544,1.0,9.0,35.0
1637935650.0,3.0,0.9455018181818182,427.27272727272725,3781.8181818181815,1342.0560756363636,74935.47949999999,74926.83954545455,75126.63436363636,75167.72413636363,75236.87222727272,75250.46372727273,75258.28527272727,75262.95872727272,75278.40740909091,0.1401299756295694,-0.5280678506537445,-0.8492021815244792,0.7071067814186602,0.7071067809544348,1.0,10.0,34.0
1637935666.0,3.0,0.917786,415.0,3776.0,1347.144704,72740.45175000001,72731.9545,72925.98250000001,72965.86375,73032.99025,73046.182,73053.77350000001,73058.3095,73074.24425,0.140536149471974,-0.5290555845608768,-0.8485871719776048,0.7265746707279367,0.6870875110614297,1.0,11.0,33.0
1637935682.0,3.0,0.890070181818182,402.72727272727275,3770.1818181818185,1352.2333323636362,70545.424,70537.06945454546,70725.33063636364,70764.00336363635,70829.10827272727,70841.90027272727,70849.26172727274,70853.66027272727,70870.0810909091,0.1409423233143785,-0.5300426022281324,-0.8479710135513064,0.7454759996132883,0.6665324703272666,1.0,12.0,32.0
1637935698.0,3.0,0.8623543636363638,390.45454545454544,3764.3636363636365,1357.3219607272727,68350.39625,68342.18440909091,68524.67877272729,68562.14297727273,68625.22629545456,68637.61854545456,68644.74995454546,68649.01104545455,68665.9179318182,0.1413484971567831,-0.5310289022698562,-0.8473537071105971,0.7637960284276432,0.6454576879689009,1.0,13.0,31.0
1637935714.0,3.0000000000000004,0.8346385454545456,378.18181818181824,3758.545454545455,1362.410589090909,66155.36850000001,66147.29936363637,66324.02690909091,66360.28259090909,66421.34431818183,66433.33681818182,66440.23818181819,66444.36181818183,66461.75477272728,0.1417546709991876,-0.5320144834000813,-0.8467352534603391,0.7815204723742991,0.6238795967651549,1.0,14.0,30.0
1637935730.0,3.0,0.8069227272727273,365.90909090909093,3752.727272727273,1367.4992174545455,63960.340749999996,63952.414318181814,64123.375045454544,64158.422204545444,64217.46234090908,64229.05509090909,64235.72640909091,64239.71259090908,64257.59161363637,0.1421608448415922,-0.5329993442351693,-0.8461156534687676,0.7986355098741635,0.6018150233817987,1.0,15.0,29.0
1637935746.0,3.0,0.7792069090909091,353.6363636363636,3746.909090909091,1372.5878458181817,61765.313,61757.529272727275,61922.72318181818,61956.56181818181,62013.580363636356,62024.77336363636,62031.214636363635,62035.063363636364,62053.42845454546,0.1425670186839967,-0.533983483478726,-0.8454949079515057,0.8151277957063465,0.5792811723739282,1.0,16.0,28.0
1637935762.0,3.0,0.7514910909090909,341.3636363636364,3741.090909090909,1377.676474181818,59570.28525,59562.64422727273,59722.07131818183,59754.70143181818,59809.698386363634,59820.49163636364,59826.70286363637,59830.41413636364,59849.26529545455,0.1429731925264013,-0.5349668997860483,-0.8448730177566947,0.8309844691326642,0.5562956157119201,1.0,17.0,27.0
1637935778.0,3.0000000000000004,0.7237752727272728,329.09090909090907,3735.2727272727275,1382.7651025454545,57375.2575,57367.75918181819,57521.41945454547,57552.841045454545,57605.81640909091,57616.20990909092,57622.1910909091,57625.76490909092,57645.10213636365,0.1433793663688058,-0.5359495918257328,-0.8442499837262838,0.8461931661247323,0.5328762760752268,1.0,18.0,26.0
1637935794.0,3.0,0.6960594545454547,316.8181818181818,3729.4545454545455,1387.853730909091,55180.229750000006,55172.87413636364,55320.767590909105,55350.980659090914,55401.93443181818,55411.928181818184,55417.67931818182,55421.115681818184,55440.93897727274,0.1437855402112104,-0.5369315582550807,-0.843625806711584,0.860742026891123,0.5090414159411406,1.0,19.0,25.0
1637935810.0,3.0,0.6683436363636364,304.54545454545456,3723.636363636364,1392.9423592727273,52985.20199999999,52977.98909090909,53120.11572727273,53149.12027272727,53198.05245454545,53207.64645454545,53213.16754545455,53216.46645454545,53236.77581818181,0.1441917140536149,-0.5379127977814806,-0.8430004875342006,0.8746197071528291,0.4848096202221027,1.0,20.0,24.0
1637935826.0,3.0,0.6406278181818182,292.27272727272725,3717.818181818182,1398.0309876363635,50790.17425,50783.104045454544,50919.46386363637,50947.25988636364,50994.170477272724,51003.36472727273,51008.655772727274,51011.81722727273,51032.61265909091,0.1445978878960195,-0.5388933090273895,-0.842374027072007,0.8878153850496026,0.4601997849513033,1.0,21.0,23.0
1637935842.0,3.0,0.612912,280.0,3712.0,1403.119616,48595.146499999995,48588.219000000005,48718.812000000005,48745.3995,48790.288499999995,48799.083,48804.144,48807.168,48828.4495,0.145004061738424,-0.5398730907143879,-0.841746426141801,0.9003187714286255,0.4352310993176503,1.0,22.0,22.0
1637935858.0,3.0,0.5851961818181819,267.72727272727275,3706.181818181818,1408.2082443636364,46400.11875,46393.33395454546,46518.160136363644,46543.53911363636,46586.40652272727,46594.80127272727,46599.632227272734,46602.51877272727,46624.28634090909,0.1454102355808286,-0.540852141491459,-0.8411176856089181,0.912120116299379,0.4099230335587491,1.0,23.0,21.0
1637935874.0,3.0,0.5574803636363637,255.4545454545455,3700.363636363636,1413.2968727272726,44205.09100000001,44198.44890909091,44317.50827272728,44341.67872727273,44382.52454545455,44390.519545454554,44395.12045454546,44397.86954545455,44420.12318181819,0.1458164094232331,-0.5418304600086484,-0.8404878063403517,0.92321021714901,0.3842953225732495,1.0,24.0,20.0
1637935890.0,3.0,0.5297645454545455,243.1818181818182,3694.545454545455,1418.3855010909092,42010.06325,42003.563863636366,42116.85640909091,42139.81834090909,42178.642568181815,42186.23781818181,42190.60868181818,42193.22031818182,42215.960022727275,0.1462225832656377,-0.5428080449781744,-0.8398567891652554,0.9335804266201562,0.3583679492249931,1.0,25.0,19.0
1637935906.0,3.0,0.5020487272727273,230.9090909090909,3688.727272727273,1423.4741294545454,39815.0355,39808.67881818183,39916.20454545455,39937.957954545454,39974.76059090909,39981.956090909094,39986.09690909091,39988.57109090909,40011.796863636366,0.1466287571080422,-0.5437848950520762,-0.8392246349537188,0.9432226578350364,0.3321611322033475,1.0,26.0,18.0
1637935922.0,3.0,0.4743329090909091,218.63636363636363,3682.909090909091,1428.5627578181818,37620.00775,37613.79377272727,37715.55268181818,37736.097568181816,37770.87861363636,37777.67436363637,37781.58513636364,37783.921863636366,37807.63370454546,0.1470349309504467,-0.5447610089444774,-0.8385913445378476,0.9521293927147656,0.3056953050483625,1.0,27.0,17.0
1637935938.0,3.0,0.44661709090909096,206.36363636363637,3677.090909090909,1433.6513861818182,35424.979999999996,35418.90872727273,35514.90081818182,35534.23718181818,35566.99663636364,35573.39263636364,35577.07336363637,35579.27263636364,35603.47054545455,0.1474411047928513,-0.5457363852850308,-0.837956918806706,0.96029368559161,0.2789911063329472,1.0,28.0,16.0
1637935954.0,3.0,0.4189012727272728,194.09090909090912,3671.2727272727275,1438.7400145454544,33229.95225,33224.02368181819,33314.24895454546,33332.37679545455,33363.11465909091,33369.11090909091,33372.56159090909,33374.62340909091,33399.30738636364,0.1478472786352559,-0.5467110228020117,-0.837321358587477,0.967709170467724,0.2520693582978093,1.0,29.0,15.0
1637935970.0,3.0,0.39118545454545456,181.8181818181818,3665.4545454545455,1443.8286429090908,31034.9245,31029.138636363637,31113.597090909094,31130.51640909091,31159.23268181818,31164.829181818182,31168.04981818182,31169.974181818183,31195.14422727273,0.1482534524776604,-0.5476849201271454,-0.8366846647724113,0.9743700647238596,0.2249510546097123,1.0,30.0,14.0
1637935986.0,3.0,0.36346963636363644,169.54545454545453,3659.636363636364,1448.9172712727272,28839.89675,28834.253590909095,28912.945227272732,28928.65602272727,28955.350704545453,28960.547454545456,28963.53804545455,28965.324954545456,28990.981068181824,0.148659626320065,-0.5486580759906361,-0.836046838191649,0.9802711746170772,0.1976573404021608,1.0,31.0,13.0
1637936002.0,3.0,0.3357538181818182,157.27272727272728,3653.818181818182,1454.0058996363637,26644.868999999995,26639.368545454545,26712.293363636363,26726.795636363633,26751.468727272724,26756.265727272727,26759.026272727275,26760.675727272726,26786.817909090907,0.1490658001624695,-0.5496304890262889,-0.8354078797406226,0.9854078984426708,0.1702094994023507,1.0,32.0,12.0
1637936018.0,3.0,0.30803800000000003,145.0,3648.0,1459.094528,24449.841249999998,24444.483500000002,24511.6415,24524.93525,24547.58675,24551.984,24554.5145,24556.0265,24582.65475,0.149471974004874,-0.5506021579662431,-0.8347677902524248,0.9897762309091472,0.1426289336960847,1.0,33.0,11.0
1637936034.0,3.0,0.28032218181818186,132.72727272727275,3642.181818181818,1464.1831563636363,22254.813500000004,22249.598454545456,22310.98963636364,22323.074863636364,22343.704772727273,22347.702272727274,22350.002727272727,22351.377272727274,22378.491590909096,0.1498781478472786,-0.5515730814463915,-0.834126570625665,0.993372765576628,0.1149371506982911,1.0,34.0,10.0
1637936050.0,3.0,0.2526063636363637,120.45454545454545,3636.3636363636365,1469.271784727273,20059.78575,20054.713409090913,20110.337772727275,20121.214477272726,20139.822795454547,20143.420545454548,20145.490954545457,20146.728045454547,20174.328431818183,0.1502843216896832,-0.5525432581886868,-0.8334842217044245,0.9961946980954536,0.0871557427052732,1.0,35.0,9.0
1637936066.0,3.0,0.22489054545454548,108.18181818181819,3630.545454545455,1474.360413090909,17864.757999999998,17859.828363636363,17909.68590909091,17919.354090909088,17935.940818181818,17939.13881818182,17940.979181818184,17942.078818181817,17970.165272727274,0.1506904955320877,-0.5535126868675028,-0.8328407443663631,0.9982398279134594,0.0593063737494282,1.0,36.0,8.0
1637936082.0,3.0,0.19717472727272728,95.9090909090909,3624.727272727273,1479.4490414545455,15669.73025,15664.943318181819,15709.034045454546,15717.493704545454,15732.058840909089,15734.85709090909,15736.467409090908,15737.42959090909,15766.002113636365,0.1510966693744923,-0.5544813661703735,-0.8321961394826559,0.9995065603681051,0.0314107590025961,1.0,37.0,7.0
1637936098.0,3.0,0.1694589090909091,83.63636363636364,3618.909090909091,1484.5376698181817,13474.702499999998,13470.058272727272,13508.382181818182,13515.633318181817,13528.176863636361,13530.575363636362,13531.955636363637,13532.780363636362,13561.838954545454,0.1515028432168968,-0.5554492947979484,-0.8315504079179217,0.9999939076589244,0.0034906510903143,1.0,38.0,6.0
1637936114.0,3.0,0.14174309090909093,71.36363636363637,3613.090909090909,1489.6262981818181,11279.674750000002,11275.173227272728,11307.73031818182,11313.772931818183,11324.294886363637,11326.293636363638,11327.443863636365,11328.131136363638,11357.675795454546,0.1519090170593013,-0.5564164714034903,-0.8309035505706357,0.9997014897899072,-0.0244321777956904,1.0,39.0,5.0
1637936130.0,3.0,0.11402727272727274,59.09090909090909,3607.2727272727275,1494.7149265454545,9084.646999999999,9080.288181818181,9107.078454545455,9111.912545454545,9120.41290909091,9122.01190909091,9122.932090909093,9123.48190909091,9153.512636363637,0.1523151909017059,-0.5573828947259661,-0.8302555682841896,0.998629534760212,-0.052335956135364,1.0,40.0,4.0
1637936146.0,3.0,0.08631145454545455,46.81818181818182,3601.4545454545455,1499.803554909091,6889.619249999999,6885.403136363636,6906.426590909091,6910.052159090908,6916.530931818181,6917.730181818181,6918.420318181818,6918.832681818181,6949.349477272727,0.1527213647441104,-0.5583485634086328,-0.8296064619682733,0.9967788784822352,-0.0801989240058559,1.0,41.0,3.0
1637936162.0,3.0,0.05859563636363637,34.54545454545455,3595.636363636364,1504.8921832727274,4694.5914999999995,4690.5180909090905,4705.774727272727,4708.191772727272,4712.648954545455,4713.448454545455,4713.908545454547,4714.183454545455,4745.186318181818,0.153127538586515,-0.5593134761803602,-0.8289562324773496,0.9941509639803836,-0.1079993556317549,1.0,42.0,2.0
1637936178.0,3.0,0.030879818181818185,22.272727272727273,3589.818181818182,1509.9808116363636,2499.56375,2495.6330454545455,2505.122863636364,2506.3313863636363,2508.766977272727,2509.1667272727273,2509.396772727273,2509.534227272727,2541.0231590909093,0.1535337124289195,-0.5602776317227144,-0.8283048806998462,0.99074784051094,-0.1357155721459727,1.0,43.0,1.0
1637936194.0,3.0,0.003164,10.0,3584.0,1515.06944,304.536,300.748,304.471,304.471,304.885,304.885,304.885,304.885,336.86,0.1539398862713241,-0.5612410287303687,-0.8276524075175988,0.9865721616137773,-0.1633259622004996,0.0,0.0,0.0
1637936210.0,3.0,0.003164,20.0,3584.0,1579.716608,343.398,343.539,347.413,347.413,348.646,349.532,349.532,349.532,357.672,0.1543460601137286,-0.5622036658869889,-0.8269988138221427,0.981627183496893,-0.1908089951232833,0.0,0.0,0.0
1637936226.0,3.0,0.073894,40.0,3584.0,1657.167872,709.356,706.506,716.21,718.849,726.018,726.806,728.139,728.139,731.524,0.1547522339561332,-0.5631655419254067,-0.8263441004738056,0.9759167619406364,-0.2181432413880913,0.0,0.0,0.0
1637936242.0,3.0,0.11808,50.0,3584.0,1745.887232,761.5,764.925,777.431,777.675,779.816,781.356,784.27,784.27,784.839,0.1551584077985377,-0.5641266554952631,-0.825688268391727,0.969445349950328,-0.2453073856606976,0.0,0.0,0.0
1637936258.0,3.0,0.236615,70.0,3584.0,1850.322944,1113.16,1113.608,1135.629,1136.733,1147.138,1151.102,1153.462,1154.693,1155.977,0.1555645816409423,-0.5650870053434299,-0.8250313184310002,0.9622179935226518,-0.2722802470640166,0.0,0.0,0.0
1637936274.0,3.0,0.236615,80.0,3584.0,1855.97952,1146.451,1147.819,1178.076,1178.441,1185.461,1191.419,1199.116,1200.288,1200.859,0.1559707554833468,-0.5660465901216906,-0.8243732515139043,0.9542403285736796,-0.2990407920729139,0.0,0.0,0.0
1637936290.0,3.0,0.234511,90.0,3584.0,1860.595712,1935.865,1938.276,1973.854,1981.475,1995.267,2001.731,2003.165,2003.234,2004.202,0.1563769293257514,-0.5670054085789101,-0.8237140684984463,0.945518575580634,-0.3255681545114156,0.0,0.0,0.0
1637936306.0,3.0,0.416179,110.0,3584.0,436.137984,2168.664,2170.293,2206.852,2211.14,2227.289,2229.703,2239.963,2240.93,2243.656,0.1567831031681559,-0.5679634593690219,-0.8230537703100408,0.9360595357948928,-0.3518416482559301,0.0,0.0,0.0
1637936322.0,3.0,0.441226,120.0,3584.0,442.957824,1693.922,1689.788,1750.962,1757.145,1773.673,1778.49,1781.161,1782.787,1784.268,0.1571892770105605,-0.5689207412309238,-0.8223923578178826,0.925870584775835,-0.3778407869021731,0.0,0.0,0.0
1637936338.0,3.0,0.441226,130.0,3584.0,448.679936,1867.441,1865.195,1907.772,1921.522,1938.606,1954.993,1962.274,1965.643,1975.274,0.157595450852965,-0.5698772528685662,-0.8217298319173865,0.9149596677127204,-0.4035452966632474,0.0,0.0,0.0
1637936354.0,3.0,0.48456,140.0,3584.0,455.938048,5501.048,5517.509,5558.78,5562.021,5566.967,5580.359,5583.886,5583.96,5584.453,0.1580016246953696,-0.5708329929510975,-0.8210661935303951,0.9033352930100956,-0.4289351330939967,0.0,0.0,0.0
1637936370.0,3.0,0.482471,160.0,3584.0,470.208512,2258.141,2263.414,2326.48,2331.267,2346.733,2354.705,2360.734,2363.969,2366.343,0.1584077985377741,-0.571787960232396,-0.8204014435221796,0.8910065242305385,-0.4539904996567822,0.0,0.0,0.0
1637936386.0,3.0,0.585017,170.0,3584.0,480.272384,9470.417,9466.254,9562.665,9568.556,9580.13,9584.256,9586.128,9587.686,9589.303,0.1588139723801787,-0.5727421533718013,-0.8197355828259696,0.877982975575996,-0.4786918576691272,0.0,0.0,0.0
1637936402.0,3.0,0.5497305,175.0,3584.0,514.422784,9593.3265,9596.2075,9670.4285,9675.6125,9695.580999999998,9704.518,9707.3,9708.656500000001,9711.204,0.1592201462225832,-0.5736955711252086,-0.8190686123099339,0.8642748019838187,-0.503019946578494,1.0,1.0,1.0
1637936418.0,3.0,0.514444,180.0,3584.0,548.573184,9716.236,9726.161,9778.192,9782.669,9811.032,9824.78,9828.472,9829.627,9833.105,0.1596263200649878,-0.574648212154133,-0.8184005329104195,0.8498926931324016,-0.5269557952619494,0.0,0.0,0.0
1637936434.0,3.0,0.522024,190.0,3584.0,559.345664,11874.653,11873.727,11965.411,11971.13,11991.871,11999.097,12009.167,12013.416,12018.655,0.1600324939073923,-0.5756000752164931,-0.8177313454984879,0.8348478632781835,-0.5504807400625851,0.0,0.0,0.0
1637936450.0,3.0,0.507627,200.0,3584.0,567.25504,10634.689,10639.82,10706.041,10716.303,10762.847,10780.17,10788.238,10789.19,10790.596,0.1604386677497969,-0.5765511589759867,-0.8170610510135986,0.8191520444284645,-0.5735764361518585,0.0,0.0,0.0
1637936466.0,3.0,0.508727,205.0,3584.0,573.669376,10874.779999999999,10883.362000000001,10952.572499999998,10961.362000000001,10998.351999999999,11009.4895,11016.2325,11017.319,11019.073,0.1608448415922014,-0.577501462180683,-0.816389650338105,0.8028174751874306,-0.5962248749705762,1.0,1.0,1.0
1637936482.0,3.0,0.509827,210.0,3584.0,580.083712,11114.871,11126.904,11199.104,11206.421,11233.857,11238.809,11244.227,11245.448,11247.55,0.161251015434606,-0.5784509835202392,-0.8157171443977795,0.7858568933053547,-0.6184083951924136,0.0,0.0,0.0
1637936498.0,3.0,0.645616,220.0,3584.0,588.96384,11065.025,11067.955,11140.074,11153.738,11185.9,11201.967,11205.119,11205.363,11212.957,0.1616571892770105,-0.5793997217447518,-0.8150435340778455,0.7682835235684302,-0.6401096995150732,0.0,0.0,0.0
1637936514.0,3.0,0.645616,230.0,3584.0,601.493504,11854.147,11848.792,11944.228,11956.436,11988.323,12004.111,12007.119,12007.736,12009.129,0.1620633631194151,-0.5803476755223057,-0.8143688203239713,0.7501110697475898,-0.6613118651907937,0.0,0.0,0.0
1637936530.0,3.0,0.6949855,235.0,3584.0,606.703616,11904.146,11895.256,12001.1725,12017.238000000001,12057.5815,12075.811000000002,12082.4175,12082.814,12084.394,0.1624695369618196,-0.5812948436169306,-0.8136930040158685,0.731353701569914,-0.6819983601153197,1.0,1.0,1.0
1637936546.0,3.0,0.744355,240.0,3584.0,611.913728,11954.145,11941.72,12058.117,12078.04,12126.84,12147.511,12157.716,12157.892,12159.659,0.1628757108042242,-0.5822412246989157,-0.8130160861023027,0.7120260460921736,-0.7021530528925627,0.0,0.0,0.0
1637936562.0,3.0,0.813833,250.0,3584.0,625.537024,10711.492,10720.846,10801.985,10816.239,10861.087,10887.286,10902.959,10908.894,10921.214,0.1632818846466287,-0.5831868175343414,-0.8123380674658591,0.6921431737944441,-0.7217602281712078,0.0,0.0,0.0
1637936578.0,3.0,0.7979626666666666,256.66666666666663,3583.9999999999995,633.9816106666666,10746.299333333332,10761.157666666666,10839.836000000001,10855.396333333332,10895.887666666666,10919.366,10933.501,10937.530666666666,10949.844333333333,0.1636880584890333,-0.5841316208075195,-0.8116589490498951,0.6717205890603096,-0.7408045965249344,1.0,1.0,2.0
1637936594.0,3.0,0.7820923333333333,263.3333333333333,3583.9999999999995,642.4261973333332,10781.106666666667,10801.469333333333,10877.687,10894.553666666665,10930.688333333332,10951.446,10964.043,10966.167333333333,10978.474666666665,0.1640942323314378,-0.585075633251154,-0.8109787317653658,0.6507742175144305,-0.7592713071218223,1.0,2.0,1.0
1637936610.0,3.0,0.766222,270.0,3584.0,650.870784,10815.914,10841.781,10915.538,10933.711,10965.489,10983.526,10994.585,10994.804,11007.105,0.1645004061738424,-0.5860188535871891,-0.8102974165331867,0.6293203911104941,-0.7771459614078522,0.0,0.0,0.0
1637936626.0,3.0,0.873482,280.0,3584.0,663.957504,12250.6,12270.86,12358.438,12382.439,12433.48,12441.573,12450.183,12461.836,12470.851,0.1649065800162469,-0.5869612805268596,-0.8096150042843013,0.6073758399571384,-0.794414620356625,0.0,0.0,0.0
1637936642.0,3.0,0.9348715,285.0,3584.0,671.930368,13252.194500000001,13265.881000000001,13365.032,13384.7035,13427.639,13437.937,13445.550500000001,13456.93,13467.961,0.1653127538586515,-0.5879029128296004,-0.8089314959169727,0.584957675023736,-0.8110638189629873,1.0,1.0,1.0
1637936658.0,3.0,0.996261,290.0,3584.0,679.903232,14253.789,14260.902,14371.626,14386.968,14421.798,14434.301,14440.918,14452.024,14465.071,0.165718927701056,-0.588843749173472,-0.8082468923907652,0.5620833780682859,-0.8270805741276629,0.0,0.0,0.0
1637936674.0,3.0,1.029577,300.0,3584.0,694.59968,15985.707,16013.003,16108.856,16128.273,16175.726,16183.532,16205.57,16206.84,16208.465,0.1661251015434606,-0.5897837883317845,-0.8075611945982848,0.538770785016977,-0.8424523970006794,0.0,0.0,0.0
1637936690.0,3.0,1.1380715000000001,305.0,3584.0,702.1998080000001,17015.6605,17039.8455,17128.0645,17151.484,17205.446,17219.5515,17234.133,17236.472999999998,17239.1125,0.1665312753858651,-0.5907230289848349,-0.8068744035021695,0.5150380751057667,-0.8571673005845164,1.0,1.0,1.0
1637936706.0,3.0,1.246566,310.0,3584.0,709.799936,18045.614,18066.688,18147.273,18174.695,18235.166,18255.571,18262.696,18266.106,18269.76,0.1669374492282697,-0.5916614699080136,-0.8061865199978779,0.4909037535968303,-0.8712138111305069,0.0,0.0,0.0
1637936722.0,3.0,1.0863225,315.0,3584.0,718.379008,18259.986,18274.220999999998,18381.108500000002,18410.07,18454.9425,18473.861,18479.959000000003,18481.8785,18484.0765,0.1673436230706742,-0.5925991097838615,-0.8054975450511161,0.4663866405126518,-0.8845809751239976,1.0,1.0,1.0
1637936738.0,3.0,0.926079,320.0,3584.0,726.95808,18474.358,18481.754,18614.944,18645.445,18674.719,18692.151,18697.222,18697.651,18698.393,0.1677497969130787,-0.5935359473781449,-0.8048074795688271,0.4415058527432576,-0.8972583696981873,0.0,0.0,0.0
1637936754.0,3.0,0.925396,325.0,3584.0,735.584256,19978.6265,19980.114,20106.231,20141.871,20182.493000000002,20203.168,20211.33,20212.926,20217.8205,0.1681559707554833,-0.5944719814107897,-0.8041163244938693,0.4162807924079517,-0.9092361089795148,1.0,1.0,1.0
1637936770.0,3.0,0.924713,330.0,3584.0,744.210432,21482.895,21478.474,21597.518,21638.297,21690.267,21714.185,21725.438,21728.201,21737.248,0.1685621445978879,-0.5954072106145417,-0.8034240807619665,0.3907311284091325,-0.9205048534864584,0.0,0.0,0.0
1637936786.0,3.0,0.970567,335.0,3584.0,752.709632,22714.3695,22719.048499999997,22835.2995,22866.1315,22922.737999999998,22945.2515,22961.2055,22967.9565,22974.8715,0.1689683184402924,-0.5963416337115548,-0.8027307493189941,0.3648767844579652,-0.9310558158153652,1.0,1.0,1.0
1637936802.0,3.0,1.016421,340.0,3584.0,761.208832,23945.844,23959.623,24073.081,24093.966,24155.209,24176.318,24196.973,24207.712,24212.495,0.169374492282697,-0.5972752494717993,-0.802036331077589,0.3387379201323058,-0.9408807689949028,0.0,0.0,0.0
1637936818.0,3.0,0.98519,345.0,3584.0,771.3792000000001,24365.680500000002,24371.0095,24514.7355,24535.5625,24593.3125,24620.171000000002,24637.393,24646.2805,24653.1095,0.1697806661251015,-0.5982080566079121,-0.8013408269952212,0.3123349181612874,-0.9499720516400374,1.0,1.0,1.0
1637936834.0,3.0,0.953959,350.0,3584.0,781.549568,24785.517,24782.396,24956.39,24977.159,25031.416,25064.024,25077.813,25084.849,25093.724,0.170186839967506,-0.5991400538337057,-0.8006442380309399,0.285688367704501,-0.9583225743758402,0.0,0.0,0.0
1637936850.0,3.0,1.037918,353.3333333333333,3583.9999999999995,787.3235626666667,25511.154,25508.727666666666,25673.29533333333,25699.037999999997,25753.140333333333,25775.5,25790.898666666664,25796.433666666664,25803.447666666663,0.1705930138099106,-0.6000712399340148,-0.799946565092978,0.2588190451635788,-0.9659258262727078,1.0,1.0,2.0
1637936866.0,3.0,1.1218769999999998,356.66666666666663,3583.9999999999995,793.0975573333333,26236.790999999997,26235.05933333333,26390.200666666664,26420.916999999998,26474.864666666665,26486.976,26503.98433333333,26508.01833333333,26513.171333333332,0.1709991876523152,-0.6010016136015651,-0.7992478091607853,0.2317479037660786,-0.9727758781446156,1.0,2.0,1.0
1637936882.0,3.0,1.205836,360.0,3584.0,798.871552,26962.428,26961.391,27107.106,27142.796,27196.589,27198.452,27217.07,27219.603,27222.895,0.1714053614947197,-0.6019311736116878,-0.7985479711541794,0.2044960518713417,-0.9788673887555114,0.0,0.0,0.0
1637936898.0,3.0,1.235498,365.0,3584.0,808.226816,28154.119,28158.1125,28297.5535,28319.603499999997,28374.264499999997,28387.6525,28402.681,28405.665,28410.1735,0.1718115353371243,-0.6028599186826424,-0.7978470520381445,0.1770847405621961,-0.984195607925589,1.0,1.0,1.0
1637936914.0,3.0,1.26516,370.0,3584.0,817.58208,29345.81,29354.834,29488.001,29496.411,29551.94,29576.853,29588.292,29591.727,29597.452,0.1722177091795288,-0.6037878475918733,-0.7971450527353053,0.1495353434409082,-0.9887563810474296,0.0,0.0,0.0
1637936930.0,3.0,1.1716563333333332,373.3333333333333,3583.9999999999995,824.3159039999999,30118.182,30120.729,30264.43433333333,30276.515,30336.70133333333,30362.656666666666,30372.502999999997,30374.879333333334,30380.311666666665,0.1726238830219333,-0.6047149590366789,-0.7964419742311851,0.1218693436170424,-0.9925461516153046,1.0,1.0,2.0
1637936946.0,3.0,1.0781526666666665,376.66666666666663,3583.9999999999995,831.049728,30890.554,30886.624,31040.867666666665,31056.619,31121.462666666663,31148.460333333333,31156.713999999996,31158.031666666666,31163.171333333332,0.1730300568643379,-0.6056412518082642,-0.7957378174424782,0.0941083132828177,-0.9955619646064544,1.0,2.0,1.0
1637936962.0,3.0,0.984649,380.0,3584.0,837.783552,31662.926,31652.519,31817.301,31836.723,31906.224,31934.264,31940.925,31941.184,31946.031,0.1734362307067425,-0.6065667246062245,-0.7950325833577367,0.066273900580067,-0.99780146828009,0.0,0.0,0.0
1637936978.0,3.0,0.9091305000000001,385.0,3584.0,848.4208639999999,32650.483,32634.942,32819.3125,32850.7115,32948.8845,32995.407,33003.261,33009.0555,33017.797,0.173842404549147,-0.6074913762239013,-0.7943262728964657,0.0383878090186924,-0.9992629164132651,1.0,1.0,1.0
1637936994.0,3.0,0.833612,390.0,3584.0,859.058176,33638.04,33617.365,33821.324,33864.7,33991.545,34056.55,34065.597,34076.927,34089.563,0.1742485783915515,-0.6084152053631938,-0.7936188870502408,0.0104717842636788,-0.9999451693639682,0.0,0.0,0.0
1637937010.0,3.0,0.922499,393.3333333333333,3583.9999999999995,866.6808319999999,34734.081,34717.46166666666,34909.57633333333,34948.46266666666,35055.81,35110.62433333333,35118.693666666666,35127.479,35139.19233333333,0.1746547522339561,-0.6093382108195867,-0.7929104267413721,-0.0174524065391687,-0.9998476951546128,1.0,1.0,2.0
1637937026.0,3.0,1.011386,396.66666666666663,3583.9999999999995,874.3034879999999,35830.121999999996,35817.55833333333,35997.82866666666,36032.22533333333,36120.075,36164.69866666666,36171.79033333333,36178.030999999995,36188.82166666666,0.1750609260763606,-0.6102603912972904,-0.7922008929644538,-0.045362988014953,-0.998970569795905,1.0,2.0,1.0
1637937042.0,3.0,1.100273,400.0,3584.0,881.926144,36926.163,36917.655,37086.081,37115.988,37184.34,37218.773,37224.887,37228.583,37238.451,0.1754670999187652,-0.611181745582421,-0.7914902866534906,-0.0732381972621927,-0.9973144772145766,0.0,0.0,0.0
1637937058.0,2.9999999999999996,1.095522,402.85714285714283,3584.0,888.2222811428571,37364.833,37354.106,37528.57,37556.65342857143,37626.76171428571,37661.02857142857,37667.17657142857,37670.84885714285,37679.438714285716,0.1758732737611698,-0.6121022724275675,-0.7907786087705002,-0.1010562975652444,-0.9948807087899556,1.0,1.0,6.0
1637937074.0,2.9999999999999996,1.090771,405.71428571428567,3583.9999999999995,894.5184182857141,37803.503,37790.55699999999,37971.058999999994,37997.318857142855,38069.18342857142,38103.28414285714,38109.46614285714,38113.11471428571,38120.42642857142,0.1762794476035743,-0.6130219705519481,-0.790065860305713,-0.128795596282327,-0.9916711624214348,1.0,2.0,5.0
1637937090.0,3.0,1.08602,408.57142857142856,3584.0,900.8145554285713,38242.172999999995,38227.007999999994,38413.547999999995,38437.98428571429,38511.60514285714,38545.53971428571,38551.75571428571,38555.38057142857,38561.41414285714,0.1766856214459788,-0.6139408387564332,-0.7893520421884315,-0.1564344649924529,-0.987688340602705,1.0,3.0,4.0
1637937106.0,3.0,1.081269,411.4285714285714,3584.0,907.1106925714286,38680.843,38663.458999999995,38856.037,38878.64971428571,38954.02685714285,38987.79528571428,38994.04528571428,38997.646428571425,39002.40185714285,0.1770917952883834,-0.6148588757510415,-0.788637155420771,-0.1839513503525442,-0.9829353491982448,1.0,4.0,3.0
1637937122.0,2.9999999999999996,1.0765179999999999,414.2857142857142,3583.9999999999995,913.4068297142857,39119.513,39099.909999999996,39298.526,39319.31514285714,39396.44857142857,39430.05085714285,39436.33485714285,39439.91228571429,39443.38957142857,0.1774979691307879,-0.6157760803388095,-0.7879212009348219,-0.2113247964403844,-0.97741589428934,1.0,5.0,2.0
1637937138.0,3.0,1.071767,417.1428571428571,3584.0,919.7029668571428,39558.183,39536.361,39741.015,39759.98057142857,39838.870285714285,39872.30642857143,39878.62442857143,39882.17814285714,39884.37728571428,0.1779041429731925,-0.6166924512320913,-0.7872041797356991,-0.2385334573535979,-0.9711342799648972,1.0,6.0,1.0
1637937154.0,3.0,1.067016,420.0,3584.0,925.999104,39996.853,39972.812,40183.504,40200.646,40281.292,40314.562,40320.914,40324.444,40325.365,0.1783103168155971,-0.6176079872246506,-0.786486092767263,-0.2655561175038459,-0.9640954042294172,0.0,0.0,0.0
1637937170.0,3.0,1.0342193333333334,423.3333333333333,3583.9999999999995,933.8729813333333,41051.099,41042.371999999996,41232.489,41254.50033333334,41332.687666666665,41374.39833333333,41388.6,41391.539,41397.812999999995,0.1787164906580016,-0.6185226870655188,-0.7857669410106601,-0.2923717045327689,-0.9563047560211144,1.0,1.0,2.0
1637937186.0,3.0,1.0014226666666666,426.66666666666663,3583.9999999999995,941.7468586666666,42105.345,42111.93199999999,42281.474,42308.354666666666,42384.08333333333,42434.23466666666,42456.286,42458.634,42470.261,0.1791226645004061,-0.619436549516325,-0.7850467254395177,-0.3189593093461163,-0.9477684099934164,1.0,2.0,1.0
1637937202.0,3.0,0.968626,430.0,3584.0,949.620736,43159.591,43181.492,43330.459,43362.209,43435.479,43494.071,43523.972,43525.729,43542.709,0.1795288383428107,-0.6203495733284182,-0.7843254470379305,-0.3452981988430965,-0.938493022816746,0.0,0.0,0.0
1637937218.0,2.9999999999999996,0.9724765714285714,432.85714285714283,3584.0,956.6120228571427,44028.405999999995,44046.70957142857,44202.04028571428,44233.79828571429,44308.81585714286,44361.59871428572,44389.37514285714,44392.35742857143,44408.16857142857,0.1799350121852152,-0.621261757299937,-0.7836031067553231,-0.3713678356279646,-0.9284858268498238,1.0,1.0,6.0
1637937234.0,2.9999999999999996,0.9763271428571427,435.71428571428567,3583.9999999999995,963.6033097142856,44897.221,44911.92714285714,45073.62157142857,45105.38757142857,45182.15271428571,45229.12642857143,45254.77828571428,45258.98585714285,45273.62814285714,0.1803411860276198,-0.6221731001502837,-0.782879705605775,-0.3971478905130839,-0.917754625736644,1.0,2.0,5.0
1637937250.0,3.0,0.9801777142857142,438.57142857142856,3584.0,970.5945965714285,45766.036,45777.14471428571,45945.20285714285,45976.97685714286,46055.48957142857,46096.65414285714,46120.18142857143,46125.614285714284,46139.08771428571,0.1807473598700243,-0.623083600691223,-0.7821552445324781,-0.4226182618465011,-0.9063077869873138,1.0,3.0,4.0
1637937266.0,3.0,0.9840282857142857,441.4285714285714,3584.0,977.5858834285714,46634.850999999995,46642.362285714284,46816.78414285714,46848.56614285715,46928.826428571425,46964.18185714286,46985.58457142857,46992.24271428571,47004.54728571428,0.1811535337124289,-0.6239932576445205,-0.7814297245524892,-0.4477590873333567,-0.8941542370924601,1.0,4.0,3.0
1637937282.0,2.9999999999999996,0.9878788571428571,444.2857142857142,3583.9999999999995,984.5771702857141,47503.666,47507.57985714285,47688.36542857142,47720.15542857142,47802.163285714276,47831.70957142857,47850.98771428571,47858.87114285713,47870.00685714285,0.1815597075548334,-0.6249020698241388,-0.7807031466117625,-0.4725507645906507,-0.8813034522142708,1.0,5.0,2.0
1637937298.0,3.0,0.9917294285714285,447.1428571428571,3584.0,991.5684571428571,48372.481,48372.79742857142,48559.94671428571,48591.74471428571,48675.50014285714,48699.237285714284,48716.390857142855,48725.49957142857,48735.466428571424,0.181965881397238,-0.6258100359655642,-0.7799755117212203,-0.496973960969799,-0.8677654534020058,1.0,6.0,1.0
1637937314.0,3.0,0.99558,450.0,3584.0,998.559744,49241.296,49238.015,49431.528,49463.334,49548.837,49566.765,49581.794,49592.128,49600.926,0.1823720552396425,-0.6267171548395737,-0.779246820866014,-0.5210096315991265,-0.853550797422709,0.0,0.0,0.0
1637937330.0,3.0,1.00635175,452.5,3584.0,1004.623872,49491.0115,49488.029749999994,49690.076,49724.90425,49796.66275,49816.87725,49831.306000000004,49842.28049999999,49851.54875,0.1827782290820471,-0.6276234252520787,-0.778517075005326,-0.5446390349869022,-0.8386705679636886,1.0,1.0,3.0
1637937346.0,3.0,1.0171235,455.0,3584.0,1010.688,49740.727,49738.0445,49948.623999999996,49986.4745,50044.4885,50066.989499999996,50080.818,50092.433,50102.1715,0.1831844029244516,-0.6285288459307834,-0.7777862751636323,-0.567843744847437,-0.8231363686763201,1.0,2.0,2.0
1637937362.0,3.0,1.02789525,457.5,3584.0,1016.752128,49990.442500000005,49988.05925,50207.172,50248.04475,50292.314249999996,50317.10175,50330.33,50342.5855,50352.79425,0.1835905767668562,-0.6294334156951737,-0.7770544222937713,-0.5906056676195118,-0.8069603121441046,1.0,3.0,1.0
1637937378.0,3.0,1.038667,460.0,3584.0,1022.816256,50240.158,50238.074,50465.72,50509.615,50540.14,50567.214,50579.842,50592.738,50603.417,0.1839967506092607,-0.6303371332753418,-0.776321517423177,-0.6129070534816458,-0.7901550125085881,0.0,0.0,0.0
1637937394.0,3.0,1.0978585,462.5,3584.0,1029.796864,51386.96775,51382.29725,51598.765,51645.24875,51685.51424999999,51711.221999999994,51728.292499999996,51738.89025,51752.603749999995,0.1844029244516653,-0.6312399974929939,-0.7755875615074322,-0.6347305132273893,-0.7727335734767159,1.0,1.0,3.0
1637937410.0,3.0,1.15705,465.0,3584.0,1036.777472,52533.7775,52526.5205,52731.81,52780.8825,52830.8885,52855.229999999996,52876.743,52885.042499999996,52901.7905,0.1848090982940698,-0.6321420070806164,-0.7748525555769239,-0.6560590288517847,-0.7547095803433617,1.0,2.0,2.0
1637937426.0,3.0,1.2162415,467.5,3584.0,1043.7580799999998,53680.58725,53670.743749999994,53864.855,53916.51625,53976.26275,53999.238,54025.1935,54031.19475,54050.977249999996,0.1852152721364744,-0.6330431608621429,-0.7741165005899739,-0.6768759697308991,-0.7360970870753768,1.0,3.0,1.0
1637937442.0,3.0,1.275433,470.0,3584.0,1050.738688,54827.397,54814.967,54997.9,55052.15,55121.637,55143.246,55173.644,55177.347,55200.164,0.1856214459788789,-0.6339434575724606,-0.773379397579916,-0.6971651027464639,-0.716910607755606,0.0,0.0,0.0
1637937458.0,3.0,1.2682475,472.5,3584.0,1057.1929599999999,55414.587999999996,55404.093499999995,55585.19475,55635.9775,55705.056500000006,55727.437000000005,55753.832500000004,55757.675,55778.765,0.1860276198212835,-0.6348428960264931,-0.7726412475170448,-0.716910607719192,-0.6971651027839093,1.0,1.0,3.0
1637937474.0,3.0,1.261062,475.0,3584.0,1063.6472319999998,56001.778999999995,55993.22,56172.489499999996,56219.805,56288.476,56311.628,56334.021,56338.003,56357.365999999995,0.186433793663688,-0.6357414749840337,-0.7719020514191715,-0.7360970870400225,-0.6768759697693466,1.0,2.0,2.0
1637937490.0,3.0,1.2538765,477.5,3584.0,1070.101504,56588.97,56582.3465,56759.78425,56803.6325,56871.8955,56895.819,56914.2095,56918.331,56935.967,0.1868399675060926,-0.6366391932622344,-0.771161810259307,-0.7547095803090947,-0.6560590288912043,1.0,3.0,1.0
1637937506.0,3.0,1.246691,480.0,3584.0,1076.555776,57176.161,57171.473,57347.079,57387.46,57455.315,57480.01,57494.398,57498.659,57514.568,0.1872461413484971,-0.6375360496008058,-0.7704205250766615,-0.7727335731479935,-0.6347305136275824,0.0,0.0,0.0
1637937522.0,3.0000000000000004,1.2319546000000001,482.0,3584.0000000000005,1082.2025216,57518.4712,57518.478,57691.7808,57726.9756,57797.62640000001,57828.7686,57845.778,57849.996600000006,57863.6246,0.1876523151909017,-0.6384320428304004,-0.7696781968377444,-0.790155012191168,-0.6129070538908613,1.0,1.0,4.0
1637937538.0,3.0000000000000004,1.2172182,484.00000000000006,3584.0000000000005,1087.8492672000002,57860.78140000001,57865.48300000001,58036.48260000001,58066.491200000004,58139.93780000001,58177.52720000001,58197.15800000001,58201.334200000005,58212.681200000006,0.1880584890333062,-0.6393271717155296,-0.7689348265660892,-0.8069603121132564,-0.5906056676616606,1.0,2.0,3.0
1637937554.0,3.0000000000000004,1.2024818000000002,486.00000000000006,3584.0000000000005,1093.4960128000002,58203.09160000001,58212.488000000005,58381.184400000006,58406.0068,58482.24920000001,58526.285800000005,58548.53800000001,58552.67180000001,58561.73780000001,0.1884646628757108,-0.640221435021961,-0.7681904152867445,-0.8231363683822379,-0.5678437452737335,1.0,3.0,2.0
1637937570.0,3.0,1.1877454,488.0,3584.0,1099.1427584,58545.4018,58559.493,58725.88620000001,58745.5224,58824.560600000004,58875.044400000006,58899.918000000005,58904.0094,58910.794400000006,0.1888708367181153,-0.6411148315725604,-0.7674449639796247,-0.8386705679352412,-0.5446390350307073,1.0,4.0,1.0
1637937586.0,3.0,1.173009,490.0,3584.0,1104.789504,58887.712,58906.498,59070.588,59085.038,59166.872,59223.803,59251.298,59255.347,59259.851,0.1892770105605199,-0.6420073601466088,-0.7666984736632665,-0.8535507971528818,-0.5210096320411743,0.0,0.0,0.0
1637937602.0,3.0,1.12780525,492.5,3584.0,1111.865344,59931.36425,59939.5255,60123.40125000001,60140.61125,60227.8805,60286.63374999999,60307.738750000004,60311.7875,60319.42775,0.1896831844029244,-0.6428990195357518,-0.7659509453483094,-0.867765453376048,-0.4969739610151237,1.0,1.0,3.0
1637937618.0,3.0,1.0826015,495.0,3584.0,1118.941184,60975.0165,60972.553,61176.2145,61196.1845,61288.889,61349.4645,61364.1795,61368.228,61379.0045,0.190089358245329,-0.6437898085216768,-0.765202380056167,-0.8813034519695401,-0.4725507650470714,1.0,2.0,2.0
1637937634.0,3.0,1.03739775,497.5,3584.0,1126.017024,62018.668750000004,62005.5805,62229.02775,62251.75775,62349.89750000001,62412.295249999996,62420.62025,62424.6685,62438.58125,0.1904955320877335,-0.64467972593179,-0.764452778772183,-0.8941542368605689,-0.4477590877964327,1.0,3.0,1.0
1637937650.0,3.0,0.992194,500.0,3584.0,1133.092864,63062.321,63038.608,63281.841,63307.331,63410.906,63475.126,63477.061,63481.109,63498.158,0.1909017059301381,-0.6455687705167535,-0.763702142548708,-0.9063077869652398,-0.4226182618938389,0.0,0.0,0.0
1637937666.0,3.0000000000000004,1.0375548,502.0,3584.0000000000005,1138.7748352,63399.51180000001,63380.094600000004,63607.54640000001,63639.6416,63735.224,63796.0126,63801.171800000004,63804.6058,63821.11,0.1913078797725426,-0.6464569411174049,-0.7629504723644439,-0.9177546257159004,-0.3971478905610196,1.0,1.0,4.0
1637937682.0,3.0000000000000004,1.0829156000000002,504.00000000000006,3584.0000000000005,1144.4568064000002,63736.70260000001,63721.58120000001,63933.251800000005,63971.95220000001,64059.54200000001,64116.89920000001,64125.282600000006,64128.102600000006,64144.06200000001,0.1917140536149472,-0.6473442364868586,-0.7621977692746458,-0.9284858268304268,-0.3713678356764608,1.0,2.0,3.0
1637937698.0,3.0000000000000004,1.1282764,506.00000000000006,3584.0000000000005,1150.1387776000001,64073.89340000001,64063.067800000004,64258.95720000001,64304.262800000004,64383.86000000001,64437.785800000005,64449.39340000001,64451.59940000001,64467.014,0.1921202274573517,-0.6482306554682328,-0.7614440342607101,-0.9384930227987106,-0.3452981988921154,1.0,3.0,2.0
1637937714.0,3.0,1.1736372000000002,508.0,3584.0,1155.8207488,64411.084200000005,64404.5544,64584.6626,64636.5734,64708.178,64758.6724,64773.5042,64775.0962,64789.966,0.1925264012997563,-0.6491161968171009,-0.7606892683807908,-0.9477684099767566,-0.3189593093956197,1.0,4.0,1.0
1637937730.0,3.0,1.218998,510.0,3584.0,1161.50272,64748.275,64746.041,64910.368,64968.884,65032.496,65079.559,65097.615,65098.593,65112.918,0.1929325751421608,-0.6500008593678098,-0.7599334726284327,-0.9563047560058434,-0.2923717045827181,0.0,0.0,0.0
1637937746.0,3.0000000000000004,1.1896954,512.0,3584.0000000000005,1167.6229632,65537.7878,65529.9386,65712.80200000001,65763.8414,65831.4208,65873.2914,65891.4672,65893.23760000001,65906.3464,0.1933387489845654,-0.650884641911574,-0.7591766480363065,-0.9640954040918878,-0.265556118003144,1.0,1.0,4.0
1637937762.0,3.0000000000000004,1.1603928000000001,514.0000000000001,3584.0000000000005,1173.7432064000002,66327.3006,66313.8362,66515.23600000002,66558.7988,66630.3456,66667.02380000001,66685.31940000001,66687.88220000001,66699.7748,0.1937449228269699,-0.6517675432518804,-0.7584187956290431,-0.9711342798413624,-0.2385334578565413,1.0,2.0,3.0
1637937778.0,3.0000000000000004,1.1310902,516.0,3584.0000000000005,1179.8634496000002,67116.81340000001,67097.7338,67317.67000000001,67353.7562,67429.27040000001,67460.75620000002,67479.17160000002,67482.5268,67493.2032,0.1941510966693745,-0.6526495621823827,-0.7576599164421622,-0.9774158941798964,-0.211324796946581,1.0,3.0,2.0
1637937794.0,3.0,1.1017876,518.0,3584.0,1185.9836928,67906.32620000001,67881.6314,68120.104,68148.7136,68228.1952,68254.48860000001,68273.02380000001,68277.1714,68286.63160000001,0.194557270511779,-0.6535306975420315,-0.7569000114745843,-0.9829353491029778,-0.1839513508615993,1.0,4.0,1.0
1637937810.0,3.0,1.072485,520.0,3584.0,1192.103936,68695.839,68665.529,68922.538,68943.671,69027.12,69048.221,69066.876,69071.816,69080.06,0.1949634443541835,-0.6544109481158243,-0.7561390817740794,-0.9876883405945344,-0.1564344650440413,0.0,0.0,0.0
1637937826.0,3.0000000000000004,1.0504908,522.0,3584.0000000000005,1198.2299136,69326.12500000001,69296.7038,69553.33780000001,69575.1842,69659.68819999999,69681.06940000001,69699.4682,69704.0806,69714.92020000001,0.1953696181965881,-0.6552903126900452,-0.7553771283899074,-0.9916711623547324,-0.1287955967959063,1.0,1.0,4.0
1637937842.0,3.0000000000000004,1.0284966,524.0000000000001,3584.0000000000005,1204.3558912,69956.41100000001,69927.87860000001,70184.1376,70206.6974,70292.2564,70313.91780000001,70332.0604,70336.34520000001,70349.78040000002,0.1957757920389927,-0.6561687901071717,-0.7546141523250743,-0.9948807088317354,-0.1010562971539311,1.0,2.0,3.0
1637937858.0,3.0000000000000004,1.0065024,526.0,3584.0000000000005,1210.4818688,70586.69700000001,70559.0534,70814.93740000001,70838.2106,70924.8246,70946.76620000001,70964.65260000002,70968.6098,70984.64060000001,0.1961819658813972,-0.6570463791668693,-0.753850154622062,-0.9973144772107512,-0.0732381973142839,1.0,3.0,2.0
1637937874.0,3.0,0.9845082,528.0,3584.0,1216.6078464,71216.98300000001,71190.22820000001,71445.7372,71469.72379999999,71557.3928,71579.61460000002,71597.2448,71600.8744,71619.50080000001,0.1965881397238018,-0.6579230786810099,-0.7530851363152122,-0.9989705697935356,-0.0453629880671307,1.0,4.0,1.0
1637937890.0,3.0,0.962514,530.0,3584.0,1222.733824,71847.269,71821.403,72076.537,72101.237,72189.961,72212.463,72229.837,72233.139,72254.361,0.1969943135662063,-0.6587988874517214,-0.752319098449836,-0.9998476951537012,-0.0174524065913923,0.0,0.0,0.0
1637937906.0,3.0,0.9466974561403507,521.0526315789474,3579.5087719298244,1228.9466655438594,70596.82149122807,70571.50105263157,70822.2527368421,70846.51940350876,70933.69501754385,70955.82607017543,70972.89526315789,70976.13933333333,70996.98957894737,0.1974004874086108,-0.6596738043261291,-0.7515520420342773,-0.9999451693645152,0.0104717842114502,1.0,1.0,56.0
1637937922.0,2.9999999999999996,0.9308809122807017,512.1052631578947,3575.017543859649,1235.159507087719,69346.37398245613,69321.59910526316,69567.9684736842,69591.80180701753,69677.4290350877,69699.18914035088,69715.95352631579,69719.13966666666,69739.61815789473,0.1978066612510154,-0.6605478280759537,-0.7507839681453915,-0.9992629164152704,0.0383878089664994,1.0,2.0,55.0
1637937938.0,3.0,0.9150643684210525,503.157894736842,3570.5263157894733,1241.372348631579,68095.9264736842,68071.69715789474,68313.6842105263,68337.0842105263,68421.16305263157,68442.55221052631,68459.01178947368,68462.13999999998,68482.2467368421,0.1982128350934199,-0.6614209575616177,-0.7500148777846162,-0.9978014682835517,0.0662739005279504,1.0,3.0,54.0
1637937954.0,3.0,0.8992478245614035,494.2105263157895,3566.035087719298,1247.5851901754386,66845.47896491228,66821.79521052632,67059.39994736841,67082.36661403508,67164.89707017543,67185.91528070175,67202.07005263158,67205.14033333333,67224.87531578948,0.1986190089358245,-0.6622931915573511,-0.7492447720316625,-0.9955619646113696,0.094108313230818,1.0,4.0,53.0
1637937970.0,2.9999999999999996,0.8834312807017543,485.2631578947368,3561.5438596491226,1253.798031719298,65595.03145614034,65571.8932631579,65805.11568421053,65827.64901754385,65908.63108771929,65929.2783508772,65945.12831578948,65948.14066666666,65967.50389473683,0.1990251827782291,-0.6631645289259098,-0.7484736518906168,-0.99254615162167,0.1218693435652002,1.0,5.0,52.0
1637937986.0,3.0,0.8676147368421052,476.31578947368416,3557.052631578947,1260.0108732631577,64344.58394736841,64321.99131578947,64550.831421052615,64572.93142105261,64652.36510526315,64672.64142105263,64688.18657894736,64691.14099999999,64710.13247368421,0.1994313566206336,-0.66403496844404,-0.7477015184440399,-0.9887563811248729,0.1495353429288384,1.0,6.0,51.0
1637938002.0,2.9999999999999996,0.8517981929824561,467.36842105263156,3552.5614035087715,1266.2237148070174,63094.13643859649,63072.08936842105,63296.54715789473,63318.2138245614,63396.09912280701,63416.00449122807,63431.24484210526,63434.141333333326,63452.761052631584,0.1998375304630381,-0.6649045089768372,-0.7469283726986619,-0.9841956080173,0.1770847400524883,1.0,7.0,50.0
1637938018.0,3.0,0.835981649122807,458.42105263157896,3548.070175438597,1272.4365563508773,61843.68892982456,61822.187421052644,62042.26289473684,62063.49622807017,62139.83314035088,62159.36756140351,62174.303105263156,62177.14166666666,62195.38963157895,0.2002437043054427,-0.66577314930357,-0.7461542157398874,-0.9788673888614184,0.2044960513643934,1.0,8.0,49.0
1637938034.0,3.0,0.8201651052631579,449.47368421052624,3543.578947368421,1278.6493978947367,60593.241421052626,60572.28547368421,60787.97863157894,60808.778631578934,60883.56715789473,60902.73063157895,60917.36136842105,60920.14199999999,60938.018210526316,0.2006498781478472,-0.6666408882808331,-0.7453790485867857,-0.9727758782646364,0.231747903262285,1.0,9.0,48.0
1637938050.0,2.9999999999999996,0.8043485614035086,440.52631578947364,3539.087719298245,1284.8622394385964,59342.7939122807,59322.38352631579,59533.69436842104,59554.06103508771,59627.30117543858,59646.093701754384,59660.419631578945,59663.14233333332,59680.64678947368,0.2010560519902518,-0.6675077247337999,-0.744602872288783,-0.9659258262862264,0.2588190451131271,1.0,10.0,47.0
1637938066.0,3.0,0.7885320175438596,431.57894736842104,3534.59649122807,1291.075080982456,58092.34640350877,58072.481578947365,58279.41010526315,58299.34343859648,58371.03519298245,58389.45677192982,58403.47789473683,58406.14266666666,58423.27536842105,0.2014622258326563,-0.6683736574563932,-0.74382568792585,-0.9583225745237962,0.2856883672081927,1.0,11.0,46.0
1637938082.0,3.0,0.7727154736842105,422.63157894736844,3530.1052631578946,1297.2879225263157,56841.89889473684,56822.579631578956,57025.12584210526,57044.62584210526,57114.76921052631,57132.819842105266,57146.536157894734,57149.143,57165.903947368424,0.2018683996750609,-0.6692386853195846,-0.7430474965113024,-0.9499720515109088,0.3123349185540341,1.0,12.0,45.0
1637938098.0,3.0,0.7568989298245614,413.6842105263158,3525.614035087719,1303.5007640701754,55591.45138596491,55572.677684210525,55770.84157894736,55789.908245614024,55858.50322807017,55876.1829122807,55889.59442105263,55892.143333333326,55908.53252631579,0.2022745735174654,-0.6701028071089783,-0.7422682991376282,-0.9408807690125957,0.3387379200831622,1.0,13.0,44.0
1637938114.0,2.9999999999999996,0.7410823859649122,404.7368421052631,3521.1228070175434,1309.7136056140348,54341.003877192976,54322.7757368421,54516.55731578946,54535.19064912279,54602.23724561402,54619.54598245613,54632.652684210516,54635.143666666656,54651.161105263156,0.20268074735987,-0.6709660216979066,-0.7414880968207678,-0.9310558158344234,0.3648767844093348,1.0,14.0,43.0
1637938130.0,2.9999999999999996,0.7252658421052631,395.78947368421046,3516.6315789473683,1315.9264471578947,53090.55636842105,53072.873789473684,53262.27305263158,53280.473052631576,53345.97126315789,53362.90905263158,53375.71094736842,53378.14399999999,53393.789684210526,0.2030869212022745,-0.6718283278745195,-0.7407068906560321,-0.9205048535068668,0.3907311283610531,1.0,15.0,42.0
1637938146.0,3.0,0.709449298245614,386.8421052631579,3512.1403508771928,1322.1392887017544,51840.108859649124,51822.97184210527,52007.98878947368,52025.755456140345,52089.70528070175,52106.27212280702,52118.76921052632,52121.14433333333,52136.418263157895,0.2034930950446791,-0.6726897245037493,-0.7399246816717697,-0.9092361090012576,0.4162807923604609,1.0,16.0,41.0
1637938162.0,3.0,0.6936327543859648,377.89473684210526,3507.649122807017,1328.3521302456138,50589.66135087719,50573.069894736844,50753.704526315785,50771.03785964912,50833.43929824561,50849.63519298246,50861.827473684214,50864.14466666667,50879.046842105265,0.2038992688870836,-0.6735502104086,-0.739141470936742,-0.8972583697212478,0.4415058526963924,1.0,17.0,40.0
1637938178.0,2.9999999999999996,0.6778162105263157,368.9473684210526,3503.1578947368416,1334.5649717894735,49339.21384210526,49323.16794736842,49499.42026315788,49516.32026315788,49577.17331578946,49592.99826315789,49604.885736842094,49607.14499999999,49621.67542105263,0.2043054427294882,-0.6744097844240983,-0.7383572595113027,-0.8845809751483577,0.4663866404664488,1.0,18.0,39.0
1637938194.0,3.0,0.6619996666666665,360.0,3498.6666666666665,1340.7778133333331,48088.76633333333,48073.266,48245.136,48261.60266666666,48320.90733333333,48336.361333333334,48347.943999999996,48350.14533333333,48364.304000000004,0.2047116165718927,-0.6752684453757725,-0.737572048466987,-0.8712138111561475,0.4909037535513255,1.0,19.0,38.0
1637938210.0,3.0,0.6461831228070176,351.05263157894734,3494.1754385964914,1346.990654877193,46838.3188245614,46823.36405263158,46990.8517368421,47006.885070175435,47064.641350877195,47079.72440350878,47091.0022631579,47093.14566666667,47106.93257894737,0.2051177904142973,-0.6761261921333194,-0.7367858388373772,-0.8571673008512508,0.5150380746618459,1.0,20.0,37.0
1637938226.0,3.0,0.6303665789473684,342.1052631578947,3489.6842105263154,1353.2034964210525,45587.871315789474,45573.46210526316,45736.567473684205,45752.1674736842,45808.375368421046,45823.08747368421,45834.060526315785,45836.14599999999,45849.561157894736,0.2055239642567018,-0.6769830234925648,-0.7359986317262183,-0.8424523972797049,0.538770784580677,1.0,21.0,36.0
1637938242.0,2.9999999999999996,0.6145500350877192,333.157894736842,3485.1929824561403,1359.4163379649121,44337.423807017534,44323.56015789473,44482.28321052631,44497.44987719297,44552.109385964905,44566.450543859646,44577.11878947368,44579.14633333332,44592.189736842105,0.2059301380991064,-0.6778389383363468,-0.7352104281598938,-0.8270805744187618,0.5620833776399468,1.0,22.0,35.0
1637938258.0,2.9999999999999996,0.5987334912280701,324.2105263157895,3480.7017543859647,1365.6291795087718,43086.976298245616,43073.658210526315,43227.99894736842,43242.73228070175,43295.84340350876,43309.81361403509,43320.17705263158,43322.14666666667,43334.818315789475,0.2063363119415109,-0.6786939354630631,-0.7344212292449475,-0.8110638192659326,0.5849576746036919,1.0,23.0,34.0
1637938274.0,3.0,0.5829169473684211,315.2631578947369,3476.210526315789,1371.8420210526315,41836.52878947368,41823.756263157906,41973.71468421053,41988.014684210524,42039.57742105263,42053.17668421053,42063.235315789476,42065.147,42077.44689473685,0.2067424857839155,-0.6795480137579433,-0.73363103601036,-0.7944146206711806,0.6073758395457168,1.0,24.0,33.0
1637938290.0,3.0,0.5671004035087719,306.3157894736842,3471.719298245614,1378.0548625964911,40586.08128070175,40573.854315789475,40719.430421052624,40733.29708771929,40783.31143859649,40796.539754385965,40806.29357894736,40808.14733333333,40820.075473684214,0.20714865962632,-0.6804011720326275,-0.7328398495555675,-0.7771459614407225,0.6293203910699026,1.0,25.0,32.0
1637938306.0,2.9999999999999996,0.5512838596491226,297.3684210526315,3467.228070175438,1384.2677041403506,39335.633771929824,39323.95236842105,39465.14615789473,39478.57949122806,39527.045456140346,39539.9028245614,39549.35184210526,39551.147666666664,39562.704052631576,0.2075548334687246,-0.6812534091320978,-0.7320476709517589,-0.7592713074588535,0.6507742171212094,1.0,26.0,31.0
1637938322.0,3.0,0.5354673157894737,288.4210526315789,3462.736842105263,1390.4805456842105,38085.18626315789,38074.050421052634,38210.86189473684,38223.86189473683,38270.779473684204,38283.26589473684,38292.41010526315,38294.147999999994,38305.33263157895,0.2079610073111291,-0.6821047239345065,-0.7312545012416886,-0.740804596247225,0.6717205893665803,1.0,27.0,30.0
1637938338.0,3.0,0.5196507719298246,279.4736842105263,3458.245614035088,1396.6933872280702,36834.738754385966,36824.14847368422,36956.57763157895,36969.144298245614,37014.51349122807,37026.628964912285,37035.468368421054,37037.14833333333,37047.96121052632,0.2083671811535337,-0.6829551152447092,-0.7304603415388723,-0.7217602282073594,0.6921431737567456,1.0,28.0,29.0
1637938354.0,3.0,0.5038342280701754,270.5263157894737,3453.754385964912,1402.9062287719298,35584.29124561403,35574.24652631579,35702.29336842105,35714.42670175438,35758.24750877193,35769.99203508772,35778.52663157895,35780.14866666667,35790.589789473685,0.2087733549959382,-0.6838045819539409,-0.7296651928787588,-0.7021530529297528,0.7120260460554991,1.0,29.0,28.0
1637938370.0,3.0,0.48801768421052627,261.57894736842104,3449.2631578947367,1409.1190703157895,34333.8437368421,34324.34457894737,34448.009105263154,34459.70910526315,34501.98152631578,34513.35510526315,34521.584894736836,34523.14899999999,34533.218368421054,0.2091795288383428,-0.6846531228696514,-0.7288690563776419,-0.6819983601535193,0.7313537015342921,1.0,30.0,27.0
1637938386.0,2.9999999999999996,0.4722011403508771,252.6315789473684,3444.771929824561,1415.331911859649,33083.396228070174,33074.44263157895,33193.724842105265,33204.99150877193,33245.715543859646,33256.7181754386,33264.64315789474,33266.14933333333,33275.846947368416,0.2095857026807473,-0.6855007368854883,-0.7280719330735477,-0.6613118652299731,0.7501110697130485,1.0,31.0,26.0
1637938402.0,3.0,0.45638459649122803,243.68421052631578,3440.2807017543855,1421.5447534035088,31832.948719298245,31824.540684210526,31939.440578947368,31950.2739122807,31989.449561403508,32000.081245614034,32007.70142105263,32009.14966666666,32018.47552631579,0.2099918765231519,-0.6863474228115026,-0.7272738240855424,-0.6401096995552018,0.7682835235349964,1.0,32.0,25.0
1637938418.0,3.0,0.44056805263157894,234.73684210526312,3435.7894736842104,1427.7575949473685,30582.501210526316,30574.638736842106,30685.15631578947,30695.55631578947,30733.183578947366,30743.444315789475,30750.759684210527,30752.149999999998,30761.104105263155,0.2103980503655564,-0.6871931795331887,-0.7264747304642238,-0.6184083952334601,0.7858568932730542,1.0,33.0,24.0
1637938434.0,3.0,0.4247515087719298,225.78947368421052,3431.298245614035,1433.970436491228,29332.053701754383,29324.73678947368,29430.872052631577,29440.83871929824,29476.917596491225,29486.807385964912,29493.817947368418,29495.15033333333,29503.732684210525,0.210804224207961,-0.6880380058949199,-0.7256746533014242,-0.5962248753863496,0.8028174748786501,1.0,34.0,23.0
1637938450.0,3.0,0.4089349649122807,216.8421052631579,3426.8070175438593,1440.1832780350876,28081.606192982454,28074.834842105265,28176.58778947368,28186.121122807013,28220.651614035083,28230.17045614035,28236.876210526312,28238.15066666666,28246.361263157894,0.2112103980503655,-0.6888819007529235,-0.7248735936803321,-0.5735764365760914,0.8191520441314134,1.0,35.0,22.0
1637938466.0,3.0,0.39311842105263156,207.89473684210523,3422.315789473684,1446.3961195789473,26831.158684210524,26824.932894736845,26922.303526315787,26931.403526315786,26964.38563157894,26973.53352631579,26979.93447368421,26981.150999999998,26988.989842105264,0.2116165718927701,-0.6897248629541519,-0.7240715526955028,-0.5504807404949468,0.8348478629930935,1.0,36.0,21.0
1637938482.0,3.0,0.3773018771929824,198.94736842105263,3417.8245614035086,1452.608961122807,25580.7111754386,25575.03094736842,25668.01926315789,25676.685929824558,25708.119649122804,25716.896596491228,25722.992736842105,25724.15133333333,25731.61842105263,0.2120227457351746,-0.6905668913889661,-0.7232685314026733,-0.5269557957021026,0.849892692859495,1.0,37.0,20.0
1637938498.0,3.0,0.36148533333333327,190.0,3413.333333333333,1458.8218026666666,24330.263666666666,24325.129,24413.735,24421.96833333333,24451.853666666662,24460.259666666665,24466.050999999996,24467.15166666666,24474.247,0.2124289195775792,-0.6914079848752587,-0.7224645309291897,-0.5030199470260958,0.8642748017233083,1.0,38.0,19.0
1637938514.0,2.9999999999999996,0.3456687894736842,181.05263157894734,3408.8421052631575,1465.0346442105263,23079.816157894737,23075.22705263158,23159.450736842104,23167.250736842103,23195.587684210524,23203.622736842106,23209.109263157894,23210.152,23216.87557894737,0.2128350934199837,-0.6922481423163871,-0.7216595523233313,-0.4786918581238282,0.877982975328085,1.0,39.0,18.0
1637938530.0,3.0,0.32985224561403503,172.10526315789474,3404.3508771929824,1471.247485754386,21829.368649122807,21825.325105263157,21905.16647368421,21912.533140350875,21939.321701754383,21946.985807017543,21952.16752631579,21953.15233333333,21959.50415789474,0.2132412672623883,-0.6930873625538503,-0.7208535966950208,-0.4539904997033207,0.8910065242068259,1.0,40.0,17.0
1637938546.0,3.0,0.31403570175438594,163.1578947368421,3399.8596491228072,1477.4603272982456,20578.921140350874,20575.423157894737,20650.882210526313,20657.815543859648,20683.055719298245,20690.348877192984,20695.225789473683,20696.152666666665,20702.132736842108,0.2136474411047928,-0.6939256444305094,-0.7200466651556011,-0.4289351335618275,0.9033352927879532,1.0,41.0,16.0
1637938562.0,3.0,0.29821915789473685,154.21052631578945,3395.368421052631,1483.6731688421053,19328.473631578945,19325.521210526316,19396.59794736842,19403.097947368416,19426.789736842104,19433.71194736842,19438.284052631578,19439.153,19444.761315789474,0.2140536149471974,-0.6947629868429217,-0.7192387587672832,-0.4035452962849758,0.914959667879558,1.0,42.0,15.0
1637938578.0,2.9999999999999996,0.2824026140350877,145.26315789473685,3390.8771929824557,1489.8860103859647,18078.026122807016,18075.619263157896,18142.313684210523,18148.38035087719,18170.523754385966,18177.07501754386,18181.342315789472,18182.153333333332,18187.38989473684,0.2144597887896019,-0.6955993886469573,-0.7184298786339411,-0.3778407869505327,0.9258705847560996,1.0,43.0,14.0
1637938594.0,3.0,0.26658607017543856,136.31578947368422,3386.3859649122805,1496.0988519298244,16827.578614035087,16825.717315789476,16888.02942105263,16893.66275438596,16914.257771929824,16920.4380877193,16924.40057894737,16925.153666666665,16930.01847368421,0.2148659626320065,-0.6964348487102491,-0.7176200258506813,-0.3518416483048219,0.9360595357765156,1.0,44.0,13.0
1637938610.0,3.0,0.25076952631578947,127.36842105263156,3381.8947368421054,1502.3116934736843,15577.131105263157,15575.815368421054,15633.745157894735,15638.945157894734,15657.991789473683,15663.801157894737,15667.458842105263,15668.153999999999,15672.647052631579,0.215272136474411,-0.6972693658912745,-0.7168092015240736,-0.3255681545608014,0.9455185755636292,1.0,45.0,12.0
1637938626.0,3.0,0.23495298245614035,118.42105263157895,3377.40350877193,1508.5245350175437,14326.683596491226,14325.913421052632,14379.46089473684,14384.227561403506,14401.725807017543,14407.164228070176,14410.517105263158,14411.154333333332,14415.275631578947,0.2156783103168155,-0.6981029390915111,-0.7159974067214168,-0.2990407921227553,0.9542403285580604,1.0,46.0,11.0
1637938642.0,2.9999999999999996,0.2191364385964912,109.47368421052632,3372.912280701754,1514.7373765614034,13076.236087719299,13076.01147368421,13125.176631578946,13129.50996491228,13145.459824561402,13150.527298245614,13153.575368421052,13154.154666666665,13157.904210526316,0.2160844841592201,-0.6989355671407214,-0.715184642582374,-0.2722802471142747,0.9622179935084302,1.0,47.0,10.0
1637938658.0,3.0,0.2033198947368421,100.52631578947367,3368.4210526315787,1520.950218105263,11825.788578947368,11826.109526315791,11870.892368421051,11874.792368421051,11889.193842105262,11893.890368421053,11896.633631578947,11897.154999999999,11900.532789473684,0.2164906580016247,-0.6997672489533006,-0.7143709101666511,-0.2453073857113331,0.9694453499375152,1.0,48.0,9.0
1637938674.0,3.0,0.18750335087719297,91.57894736842105,3363.9298245614036,1527.163059649123,10575.341070175438,10576.20757894737,10616.608105263156,10620.074771929823,10632.927859649122,10637.253438596492,10639.691894736841,10640.155333333332,10643.161368421053,0.2168968318440292,-0.7005979833616665,-0.7135562106166312,-0.2181432418935115,0.9759167618276616,1.0,49.0,8.0
1637938690.0,3.0,0.17168680701754385,82.63157894736842,3359.438596491228,1533.3759011929824,9324.893561403507,9326.305631578947,9362.323842105263,9365.357175438596,9376.661877192983,9380.61650877193,9382.750157894736,9383.155666666666,9385.789947368421,0.2173030056864338,-0.7014277692826831,-0.7127405449945436,-0.1908089956316609,0.9816271833980744,1.0,50.0,7.0
1637938706.0,2.9999999999999996,0.15587026315789473,73.68421052631578,3354.9473684210525,1539.588742736842,8074.446052631579,8076.403684210527,8108.039578947368,8110.639578947367,8120.395894736841,8123.979578947368,8125.808421052631,8126.155999999999,8128.418526315789,0.2177091795288383,-0.7022566055514302,-0.7119239144454855,-0.1633259627114382,0.986572161529192,1.0,51.0,6.0
1637938722.0,3.0,0.1400537192982456,64.73684210526315,3350.456140350877,1545.8015842807017,6823.9985438596495,6826.501736842105,6853.755315789473,6855.92198245614,6864.129912280701,6867.342649122807,6868.866684210527,6869.156333333333,6871.047105263158,0.2181153533712428,-0.7030844910768986,-0.711106320044435,-0.1357155726590739,0.990747840440654,1.0,52.0,5.0
1637938738.0,3.0,0.12423717543859648,55.78947368421053,3345.964912280702,1552.0144258245614,5573.551035087719,5576.599789473685,5599.4710526315785,5601.204385964912,5607.863929824561,5610.705719298246,5611.92494736842,5612.156666666666,5613.675684210527,0.2185215272136474,-0.7039114247278798,-0.7102877629085035,-0.1079993561466185,0.9941509639244512,1.0,53.0,4.0
1637938754.0,3.0,0.10842063157894737,46.84210526315789,3341.4736842105262,1558.227267368421,4323.103526315789,4326.697842105264,4345.186789473683,4346.4867894736835,4351.59794736842,4354.068789473684,4354.983210526316,4355.156999999999,4356.304263157895,0.218927701056052,-0.7047374053848252,-0.7094682441458987,-0.0801989245220805,0.9967788784407008,1.0,54.0,3.0
1637938770.0,2.9999999999999996,0.09260408771929823,37.89473684210526,3336.9824561403507,1564.4401089122805,3072.6560175438594,3076.795894736842,3090.902526315789,3091.769192982456,3095.3319649122805,3097.4318596491225,3098.04147368421,3098.1573333333326,3098.9328421052633,0.2193338748984565,-0.7055624319397892,-0.7086477648558629,-0.0523359561875239,0.9986295347574784,1.0,55.0,2.0
1637938786.0,3.0,0.07678754385964912,28.94736842105263,3332.491228070175,1570.6529504561404,1822.2085087719297,1826.893947368421,1836.6182631578945,1837.0515964912279,1839.06598245614,1840.7949298245615,1841.0997368421051,1841.1576666666665,1841.5614210526317,0.2197400487408611,-0.7063865032448686,-0.7078263261800081,-0.0244321783134285,0.999701489777254,1.0,56.0,1.0
1637938802.0,3.0,0.060971,20.0,3328.0,1576.865792,571.761,576.992,582.334,582.334,582.8,584.158,584.158,584.158,584.19,0.2201462225832656,-0.7072096182256153,-0.70700392918935,0.0034906515037416,0.9999939076574814,0.0,0.0,0.0
1637938818.0,3.0,0.081507,30.0,3328.0,1620.856832,454.172,457.831,464.068,464.323,465.314,465.985,466.996,466.996,469.334,0.2205523964256701,-0.708031775726474,-0.7061805750384359,0.0314107589503904,0.9995065603697458,0.0,0.0,0.0
1637938834.0,3.0,0.059426,50.0,3328.0,1743.069184,758.722,763.39,775.735,780.242,787.227,788.276,789.288,789.288,789.99,0.2209585702680747,-0.7088529746652272,-0.7053562648110944,0.0593063736972887,0.9982398279165572,0.0,0.0,0.0
1637938850.0,3.0,0.0,60.0,3328.0,1793.245184,842.932,847.125,868.22,868.81,871.671,873.445,877.267,878.473,881.584,0.2213647441104793,-0.7096732139198025,-0.7045309996336131,0.0871557426532404,0.996194698100006,0.0,0.0,0.0
1637938866.0,3.0,0.243803,80.0,3328.0,1853.444096,1108.806,1107.936,1138.69,1142.144,1158.778,1160.873,1162.351,1162.947,1163.733,0.2217709179528838,-0.7104924923797148,-0.7037047806232817,0.1149371506464058,0.9933727655826312,0.0,0.0,0.0
1637938882.0,3.0,0.369847,90.0,3328.0,1857.990656,1281.432,1279.607,1319.343,1324.328,1335.743,1341.079,1353.353,1355.963,1357.786,0.2221770917952883,-0.7113108089255515,-0.7028776089090316,0.1426289336443872,0.9897762309165972,0.0,0.0,0.0
1637938898.0,3.0,0.381515,100.0,3328.0,1857.990656,1359.214,1353.374,1398.704,1401.795,1417.875,1419.673,1421.547,1422.513,1423.173,0.2225832656376929,-0.7121281624801153,-0.7020494855796808,0.1702094993508814,0.9854078984515612,0.0,0.0,0.0
1637938914.0,3.0,0.258278,120.0,3328.0,438.349824,1740.584,1725.547,1817.559,1823.272,1841.586,1849.627,1852.391,1853.958,1856.166,0.2229894394800974,-0.7129445518959393,-0.7012204117978157,0.1976573398944854,0.9802711747194426,0.0,0.0,0.0
1637938930.0,3.0,0.2442068461538462,112.3076923076923,3308.3076923076924,449.1582227692308,1635.045230769231,1621.3109230769232,1706.5626153846156,1711.836153846154,1729.0376923076924,1736.4642307692307,1739.0156153846156,1740.4620769230771,1742.898923076923,0.223395613322502,-0.7137599761085911,-0.700390388644407,0.224951054105093,0.97437006484036,1.0,1.0,12.0
1637938946.0,3.0000000000000004,0.23013569230769235,104.61538461538463,3288.615384615385,459.9666215384616,1529.5064615384617,1517.0748461538462,1595.5662307692307,1600.4003076923077,1616.489384615385,1623.3014615384618,1625.640230769231,1626.9661538461542,1629.6318461538463,0.2238017871649066,-0.7145744339733121,-0.6995594172847083,0.2520693577966397,0.967709170598269,1.0,2.0,11.0
1637938962.0,3.0000000000000004,0.2160645384615385,96.92307692307692,3268.923076923077,470.77502030769233,1423.9676923076925,1412.8387692307692,1484.5698461538461,1488.9644615384616,1503.9410769230772,1510.1386923076923,1512.2648461538463,1513.470230769231,1516.364769230769,0.2242079610073111,-0.7153879244281884,-0.6987274988021643,0.2789911058356181,0.9602936857360976,1.0,3.0,10.0
1637938978.0,3.0,0.2019933846153846,89.23076923076924,3249.2307692307695,481.5834190769231,1318.4289230769232,1308.6026923076925,1373.5734615384615,1377.5286153846153,1391.392769230769,1396.975923076923,1398.8894615384615,1399.9743076923075,1403.0976923076923,0.2246141348497156,-0.7162004463311765,-0.6978946343646895,0.3056953045552616,0.9521293928730832,1.0,4.0,9.0
1637938994.0,3.0,0.18792223076923079,81.53846153846155,3229.5384615384614,492.39181784615386,1212.890153846154,1204.3666153846154,1262.577076923077,1266.0927692307691,1278.8444615384617,1283.813153846154,1285.514076923077,1286.4783846153848,1289.8306153846154,0.2250203086921202,-0.7170119986127428,-0.6970608250686308,0.3321611317148593,0.9432226580070604,1.0,5.0,8.0
1637939010.0,3.0000000000000004,0.17385107692307694,73.84615384615385,3209.8461538461543,503.20021661538465,1107.3513846153849,1100.1305384615387,1151.5806923076925,1154.6569230769232,1166.296153846154,1170.6503846153848,1172.1386923076925,1172.9824615384618,1176.5635384615387,0.2254264825345247,-0.7178225801741267,-0.6962260720428095,0.3583679496109631,0.933580426471996,1.0,6.0,7.0
1637939026.0,3.0,0.1597799230769231,66.15384615384616,3190.1538461538466,514.0086153846155,1001.8126153846155,995.8944615384617,1040.5843076923077,1043.221076923077,1053.7478461538462,1057.4876153846153,1058.7633076923078,1059.4865384615387,1063.2964615384617,0.2258326563769293,-0.7186321898875242,-0.6953903764486977,0.3842953225250289,0.9232102171690822,1.0,7.0,6.0
1637939042.0,3.0,0.14570876923076925,58.46153846153846,3170.4615384615386,524.8170141538462,896.2738461538462,891.6583846153846,929.5879230769231,931.7852307692308,941.1995384615385,944.3248461538461,945.3879230769231,945.9906153846155,950.0293846153846,0.2262388302193339,-0.7194408266973422,-0.6945537393758994,0.4099230339358467,0.9121201161299046,1.0,8.0,5.0
1637939058.0,3.0,0.1316376153846154,50.769230769230774,3150.7692307692305,535.625412923077,790.7350769230769,787.4223076923076,818.5915384615384,820.3493846153846,828.6512307692309,831.1620769230769,832.0125384615385,832.4946923076924,836.7623076923078,0.2266450040617384,-0.7202484894683513,-0.6937161619989535,0.4352310992706253,0.9003187714513583,1.0,9.0,4.0
1637939074.0,3.0,0.11756646153846155,43.07692307692308,3131.0769230769233,546.4338116923077,685.1963076923078,683.1862307692309,707.5951538461538,708.9135384615385,716.1029230769232,717.9993076923078,718.637153846154,718.9987692307693,723.4952307692308,0.2270511779041429,-0.7210551771474968,-0.6928776454099179,0.4601997849049314,0.8878153850736396,1.0,10.0,3.0
1637939090.0,3.0000000000000004,0.1034953076923077,35.38461538461539,3111.3846153846157,557.2422104615385,579.6575384615385,578.9501538461539,596.5987692307693,597.4776923076923,603.5546153846155,604.8365384615386,605.2617692307693,605.5028461538462,610.2281538461539,0.2274573517465475,-0.7218608886022857,-0.69203819078597,0.48480962017642,0.8746197071781514,1.0,11.0,2.0
1637939106.0,3.0,0.08942415384615386,27.692307692307693,3091.6923076923076,568.0506092307693,474.11876923076926,474.71407692307696,485.60238461538466,486.04184615384617,491.00630769230776,491.67376923076927,491.88638461538466,492.00692307692316,496.961076923077,0.227863525588952,-0.7226656227822075,-0.6911977992216152,0.5090414158961828,0.860742026917711,1.0,12.0,1.0
1637939122.0,3.0,0.075353,20.0,3072.0,578.859008,368.58,370.478,374.606,374.606,378.458,378.511,378.511,378.511,383.694,0.2282696994313566,-0.7234693785575115,-0.690356471896663,0.5328762760310289,0.8461931661525651,0.0,0.0,0.0
1637939138.0,3.0,0.065028,30.0,3072.0,622.77632,467.802,469.397,477.001,477.818,483.16,483.654,485.353,485.353,485.969,0.2286758732737611,-0.7242721548702036,-0.6895142099186005,0.5562956156685165,0.8309844691617204,0.0,0.0,0.0
1637939154.0,3.0,0.051578,50.0,3072.0,745.005056,782.025,781.397,796.986,798.102,813.199,814.258,815.581,815.581,817.002,0.2290820471161657,-0.7250739506233826,-0.6886710144382442,0.5792811719517794,0.815127796006352,0.0,0.0,0.0
1637939170.0,3.0,0.051578,60.0,3072.0,795.049984,926.685,930.879,938.193,939.333,946.626,947.773,950.037,951.239,953.904,0.2294882209585702,-0.7258747647315337,-0.6878268865971587,0.6018150229681911,0.7986355101858392,0.0,0.0,0.0
1637939186.0,3.0,0.327531,70.0,3072.0,843.472896,1124.465,1126.524,1153.746,1155.077,1165.079,1166.947,1176.911,1178.849,1180.806,0.2298943948009748,-0.7266745961004735,-0.6869818275487451,0.6238795963604111,0.7815204726974019,0.0,0.0,0.0
1637939202.0,3.0,0.246741,90.0,3072.0,859.164672,1934.019,1945.745,1953.434,1954.29,1969.975,1973.76,1974.781,1974.868,1975.714,0.2303005686433793,-0.7274734436773368,-0.6861358384053676,0.6454576875733364,0.763796028761921,0.0,0.0,0.0
1637939218.0,3.0,0.249094,100.0,3072.0,859.164672,1515.058,1509.032,1550.758,1555.861,1571.498,1572.919,1575.197,1575.57,1576.65,0.2307067424857839,-0.7282713063406371,-0.6852889203546939,0.66653246994119,0.7454759999584807,0.0,0.0,0.0
1637939234.0,3.0,0.446922,120.0,3072.0,440.745984,2472.394,2464.906,2543.208,2549.884,2557.182,2562.822,2567.212,2570.276,2574.916,0.2311129163281884,-0.7290681830500975,-0.6844410745009606,0.687087510685142,0.7265746710837744,0.0,0.0,0.0
1637939250.0,3.0,0.446922,130.0,3072.0,446.455808,2656.816,2657.443,2721.995,2730.309,2752.636,2757.009,2766.941,2767.083,2767.307,0.231519090170593,-0.7298640726969458,-0.6835923020238214,0.7071067812467738,0.7071067811263212,0.0,0.0,0.0
1637939266.0,3.0,0.438293,140.0,3072.0,451.506176,4699.816,4726.284,4772.883,4774.249,4788.225,4792.457,4797.212,4797.651,4807.337,0.2319252640129975,-0.730658974213635,-0.6827426040617934,0.7265746708808668,0.6870875108997108,0.0,0.0,0.0
1637939282.0,3.0,0.478655,150.0,3072.0,460.214272,2868.769,2875.953,2916.579,2927.99,2958.445,2966.102,2971.542,2973.223,2974.423,0.2323314378554021,-0.7314528865239835,-0.6818919817652443,0.7454759997616432,0.6665324701613407,0.0,0.0,0.0
1637939298.0,3.0,0.478655,160.0,3072.0,467.816448,3047.133,3087.589,3105.055,3109.834,3131.914,3136.23,3145.225,3153.069,3156.679,0.2327376116978066,-0.7322458085432391,-0.6810404362964494,0.7637960285713074,0.6454576877988972,0.0,0.0,0.0
1637939314.0,3.0,0.638276,170.0,3072.0,511.594496,6467.314,6477.556,6530.265,6543.477,6552.175,6559.187,6568.608,6572.831,6573.916,0.2331437855402112,-0.7330377392276313,-0.6801879687763106,0.7815204725131606,0.6238795965912063,0.0,0.0,0.0
1637939330.0,3.0,0.561697,190.0,3072.0,534.228992,3242.013,3248.463,3306.26,3313.601,3337.229,3354.979,3363.161,3372.897,3374.068,0.2335499593826157,-0.7338286774653837,-0.6793345804015911,0.7986355100081138,0.6018150232040406,0.0,0.0,0.0
1637939346.0,3.0,0.545743,196.66666666666666,3072.0,539.8773759999999,6134.602999999999,6144.521333333333,6208.1359999999995,6213.724333333333,6247.306333333332,6263.492333333333,6271.062,6277.965666666666,6280.848999999999,0.2339561332250203,-0.7346186222252482,-0.6784802722849634,0.8151277958352813,0.5792811721924993,1.0,1.0,2.0
1637939362.0,3.0,0.529789,203.33333333333331,3072.0,545.5257599999999,9027.193,9040.579666666667,9110.012,9113.847666666667,9157.383666666665,9172.005666666666,9178.963,9183.034333333333,9187.63,0.2343623070674248,-0.7354075723982363,-0.6776250456257744,0.8309844689974376,0.5562956159139191,1.0,2.0,1.0
1637939378.0,3.0,0.513835,210.0,3072.0,551.174144,11919.783,11936.638,12011.888,12013.971,12067.461,12080.519,12086.864,12088.103,12094.411,0.2347684809098294,-0.7361955269556917,-0.6767689015390936,0.8461931659951984,0.5328762762809228,0.0,0.0,0.0
1637939394.0,3.0,0.621163,220.0,3072.0,563.503104,10320.792,10319.504,10404.195,10407.2,10429.767,10442.197,10447.299,10447.828,10455.744,0.2351746547522339,-0.7369824847914201,-0.6759118412268454,0.8607420267673832,0.5090414161503732,0.0,0.0,0.0
1637939410.0,3.0,0.6735329999999999,225.0,3072.0,569.6716799999999,11044.019499999999,11046.131000000001,11120.0225,11131.6495,11164.818500000001,11179.3625,11184.427,11185.6255,11193.773000000001,0.2355808285946385,-0.7377684448695395,-0.6750538658172258,0.8746197070349796,0.4848096204347088,1.0,1.0,1.0
1637939426.0,3.0,0.725903,230.0,3072.0,575.840256,11767.247,11772.758,11835.85,11856.099,11899.87,11916.528,11921.555,11923.423,11931.802,0.235987002437043,-0.7385534061161257,-0.6741949764825225,0.8878153849377354,0.4601997851671171,0.0,0.0,0.0
1637939442.0,3.0,0.632477,240.0,3072.0,587.329536,11226.455,11236.985,11306.542,11326.547,11356.459,11374.184,11376.345,11377.599,11379.17,0.2363931762794476,-0.7393373674684549,-0.6733351743855469,0.9003187713228278,0.4352310995365034,0.0,0.0,0.0
1637939458.0,3.0,0.632477,250.0,3072.0,600.932352,11652.014,11646.417,11751.781,11769.66,11806.727,11823.619,11833.86,11835.489,11840.465,0.2367993501218521,-0.7401203278553712,-0.6724744607011167,0.912120116008848,0.4099230342052099,0.0,0.0,0.0
1637939474.0,3.0,0.706833,255.0,3072.0,606.787584,12286.095,12285.608499999998,12398.478500000001,12422.236499999999,12454.821,12469.818,12484.468,12486.244999999999,12493.854500000001,0.2372055239642567,-0.7409022862462172,-0.671612836562203,0.923210217055594,0.3842953227976672,1.0,1.0,1.0
1637939490.0,3.0,0.781189,260.0,3072.0,612.642816,12920.176,12924.8,13045.176,13074.813,13102.915,13116.017,13135.076,13137.001,13147.244,0.2376116978066612,-0.7416832415627378,-0.6707503031568376,0.9335804265330426,0.3583679494519316,0.0,0.0,0.0
1637939506.0,3.0,0.792771,270.0,3072.0,626.921472,11043.775,11036.225,11169.562,11207.825,11249.016,11265.146,11272.881,11276.116,11278.661,0.2380178716490658,-0.7424631927281365,-0.6698868616743741,0.943222657908968,0.3321611319934076,0.0,0.0,0.0
1637939522.0,3.0,1.013085,280.0,3072.0,640.507904,12229.363,12224.673,12343.091,12370.806,12394.461,12415.548,12430.017,12432.668,12434.514,0.2384240454914703,-0.7432421387254902,-0.6690225132405929,0.9521293927828064,0.3056953048364401,0.0,0.0,0.0
1637939538.0,3.0,0.9927765,285.0,3072.0,648.349696,13508.608,13504.951000000001,13615.683,13636.251,13672.405999999999,13693.423999999999,13705.766,13707.859499999999,13709.329,0.2388302193338749,-0.7440200784612513,-0.6681572590689361,0.9602936856537072,0.2789911061192077,1.0,1.0,1.0
1637939554.0,3.0,0.972468,290.0,3072.0,656.191488,14787.853,14785.229,14888.275,14901.696,14950.351,14971.3,14981.515,14983.051,14984.144,0.2392363931762794,-0.744797010911409,-0.6672911002983858,0.967709170523829,0.2520693580824192,0.0,0.0,0.0
1637939570.0,3.0,1.007442,295.0,3072.0,663.252992,15081.548999999999,15088.351999999999,15199.935,15216.579,15266.5655,15278.045999999998,15291.448,15294.6145,15299.866,0.239642567018684,-0.7455729350046763,-0.6664240381232605,0.9743700647739284,0.2249510543928396,1.0,1.0,1.0
1637939586.0,3.0,1.042416,300.0,3072.0,670.314496,15375.245,15391.475,15511.595,15531.462,15582.78,15584.792,15601.381,15606.178,15615.588,0.2400487408610885,-0.7463478497196572,-0.665556073684888,0.9802711746610712,0.1976573401839747,0.0,0.0,0.0
1637939602.0,3.0,1.100917,310.0,3072.0,685.944832,17819.157,17809.414,17969.219,17976.606,18022.364,18024.72,18027.94,18028.949,18051.195,0.2404549147034931,-0.747121753968464,-0.6646872082017871,0.9854078984012956,0.1702094996418876,0.0,0.0,0.0
1637939618.0,3.0,1.0308125,315.0,3072.0,694.718464,18383.900999999998,18380.610500000003,18515.07,18536.000500000002,18584.8375,18595.318,18598.553,18599.610500000003,18614.212,0.2408610885458976,-0.7478946467420579,-0.66381744280681,0.9897762308744766,0.1426289339366835,1.0,1.0,1.0
1637939634.0,3.0,0.960708,320.0,3072.0,703.492096,18948.645,18951.807,19060.921,19095.395,19147.311,19165.916,19169.166,19170.272,19177.229,0.2412672623883022,-0.7486665269553893,-0.6629467787210037,0.9933727655486886,0.1149371509397642,0.0,0.0,0.0
1637939650.0,3.0,1.0509585,325.0,3072.0,711.8008319999999,19728.662,19729.391499999998,19839.946,19869.248,19926.799,19947.7615,19954.4415,19956.366,19967.722,0.2416734362307067,-0.7494373936020582,-0.6620752170795654,0.9961946980742676,0.0871557429474322,1.0,1.0,1.0
1637939666.0,3.0,1.141209,330.0,3072.0,720.109568,20508.679,20506.976,20618.971,20643.101,20706.287,20729.607,20739.717,20742.46,20758.215,0.2420796100731113,-0.7502072455998599,-0.6612027591060639,0.998239827899043,0.0593063739920844,0.0,0.0,0.0
1637939682.0,3.0,1.0170905,335.0,3072.0,728.614912,22157.1595,22163.1665,22316.650999999998,22340.023999999998,22381.959000000003,22425.499499999998,22435.057500000003,22437.873,22447.18,0.2424857839155158,-0.7509760819450386,-0.6603294059380354,0.9995065603604698,0.0314107592455602,1.0,1.0,1.0
1637939698.0,3.0,0.892972,340.0,3072.0,737.120256,23805.64,23819.357,24014.331,24036.947,24057.631,24121.392,24130.398,24133.286,24136.145,0.2428919577579203,-0.7517439015582398,-0.6594551588015636,0.9999939076564506,0.0034906517990553,0.0,0.0,0.0
1637939714.0,3.0,0.893288,345.0,3072.0,746.248192,24065.6485,24076.6265,24224.9825,24253.7795,24310.811999999998,24360.762000000002,24373.9575,24376.375500000002,24380.6325,0.2432981316003249,-0.7525107034287742,-0.6585800188474681,0.999701489784469,-0.0244321780182012,1.0,1.0,1.0
1637939730.0,3.0,0.893604,350.0,3072.0,755.376128,24325.657,24333.896,24435.634,24470.612,24563.993,24600.132,24617.517,24619.465,24625.12,0.2437043054427295,-0.753276486518465,-0.657703987260528,0.9986295347485632,-0.0523359563576362,0.0,0.0,0.0
1637939746.0,3.0,0.9395929999999999,353.3333333333333,3072.0,762.1222399999999,25244.544666666665,25244.993666666665,25367.709,25400.215,25482.64733333333,25520.373666666666,25537.370333333332,25541.216,25548.485666666667,0.244110479285134,-0.7540412497618404,-0.656827065259648,0.996778878464385,-0.0801989242277162,1.0,1.0,2.0
1637939762.0,3.0,0.985582,356.66666666666663,3072.0,768.868352,26163.43233333333,26156.09133333333,26299.784,26329.818,26401.301666666663,26440.61533333333,26457.223666666665,26462.967,26471.851333333332,0.2445166531275386,-0.7548049921617797,-0.6559492539881845,0.9941509639563452,-0.1079993558530303,1.0,2.0,1.0
1637939778.0,3.0,1.031571,360.0,3072.0,775.614464,27082.32,27067.189,27231.859,27259.421,27319.956,27360.857,27377.077,27384.718,27395.217,0.2449228269699431,-0.7555677126460795,-0.6550705546784801,0.9907478404807328,-0.1357155723664907,0.0,0.0,0.0
1637939794.0,3.0,1.073963,365.0,3072.0,785.32608,28412.870499999997,28400.622499999998,28540.781000000003,28561.112,28647.6725,28677.2595,28688.3565,28692.732,28699.328999999998,0.2453290008123476,-0.7563294102202824,-0.6541909684762086,0.9865721615774246,-0.1633259624200881,1.0,1.0,1.0
1637939810.0,3.0,1.116355,370.0,3072.0,795.037696,29743.421,29734.056,29849.703,29862.803,29975.389,29993.662,29999.636,30000.746,30003.441,0.2457351746547522,-0.7570900838150562,-0.6533104966162042,0.9816271834544232,-0.1908089953417712,0.0,0.0,0.0
1637939826.0,3.0,1.0507806666666666,373.3333333333333,3072.0,801.517568,30185.34433333333,30177.384666666665,30305.875666666667,30323.92,30425.57533333333,30444.297333333332,30456.260666666665,30458.970666666664,30461.103,0.2461413484971567,-0.7578497324291178,-0.65242914025748,0.9759167618920828,-0.2181432416053082,1.0,1.0,2.0
1637939842.0,3.0,0.9852063333333333,376.66666666666663,3072.0,807.99744,30627.267666666663,30620.713333333333,30762.048333333332,30785.036999999997,30875.761666666665,30894.932666666664,30912.88533333333,30917.19533333333,30918.765,0.2465475223395613,-0.7586083550244938,-0.6515469006042709,0.9694453500099582,-0.2453073854250409,1.0,2.0,1.0
1637939858.0,3.0,0.919632,380.0,3072.0,814.477312,31069.191,31064.042,31218.221,31246.154,31325.948,31345.568,31369.51,31375.42,31376.427,0.2469536961819659,-0.7593659505741188,-0.6506637788510015,0.9622179935888387,-0.2722802468301168,0.0,0.0,0.0
1637939874.0,3.0,0.96253175,383.75,3072.0,822.936064,31812.5345,31811.772375,31963.132500000003,31995.294749999997,32073.019625,32092.993625,32115.730999999996,32121.502375,32122.698875000002,0.2473598700243704,-0.7601225180428629,-0.6497797762043518,0.9542403286463718,-0.2990407918409534,1.0,1.0,7.0
1637939890.0,3.0,1.0054315,387.5,3072.0,831.394816,32555.878,32559.50275,32708.044,32744.4355,32820.09125,32840.41925,32861.952,32867.584749999995,32868.97075,0.2477660438667749,-0.76087805643481,-0.6488948938279496,0.9455185756597744,-0.3255681542815751,1.0,2.0,6.0
1637939906.0,3.0,1.04833125,391.25,3072.0,839.853568,33299.2215,33307.233125000006,33452.955500000004,33493.57625,33567.162875,33587.844874999995,33608.172999999995,33613.66712499999,33615.242625,0.2481722177091795,-0.7616325646892743,-0.6480091329640644,0.93605953588042,-0.3518416480283889,1.0,3.0,5.0
1637939922.0,3.0,1.091231,395.0,3072.0,848.31232,34042.565,34054.9635,34197.867,34242.717,34314.2345,34335.2705,34354.394,34359.7495,34361.5145,0.248578391551584,-0.7623860418225057,-0.6471224947675769,0.925870584867682,-0.3778407866771088,1.0,4.0,4.0
1637939938.0,3.0,1.13413075,398.75,3072.0,856.771072,34785.9085,34802.693875000004,34942.7785,34991.857749999996,35061.306125,35082.696125,35100.615,35105.831874999996,35107.786374999996,0.2489845653939886,-0.7631384867767123,-0.6462349804832216,0.9149596679987312,-0.403545296014774,1.0,5.0,3.0
1637939954.0,3.0,1.1770304999999999,402.5,3072.0,865.229824,35529.252,35550.424250000004,35687.69,35740.9985,35808.37775,35830.12175,35846.835999999996,35851.91425,35854.05825,0.2493907392363931,-0.7638898985708341,-0.6453465912681656,0.9033352929146244,-0.4289351332950586,1.0,6.0,2.0
1637939970.0,3.0,1.21993025,406.25,3072.0,873.688576,36272.595499999996,36298.154625,36432.6015,36490.13925,36555.449375000004,36577.547374999995,36593.057,36597.996625,36600.330125,0.2497969130787977,-0.7646402761593568,-0.6444573283584745,0.8910065241294906,-0.4539904998551,1.0,7.0,1.0
1637939986.0,3.0,1.26283,410.0,3072.0,882.147328,37015.939,37045.885,37177.513,37239.28,37302.521,37324.973,37339.278,37344.079,37346.602,0.2502030869212023,-0.7653896185264166,-0.6435671929581142,0.8779829754694501,-0.4786918578645462,0.0,0.0,0.0
1637940002.0,3.0,1.1909484999999997,412.5,3072.0,887.184384,38103.766749999995,38120.51875,38267.397249999995,38322.6925,38389.509999999995,38410.377,38424.05325,38428.254,38433.194,0.2506092607636068,-0.766137924685608,-0.6426761862387852,0.8642748018718579,-0.5030199467708619,1.0,1.0,3.0
1637940018.0,3.0,1.1190669999999998,415.0,3072.0,892.22144,39191.5945,39195.1525,39357.2815,39406.104999999996,39476.498999999996,39495.781,39508.8285,39512.429000000004,39519.786,0.2510154346060114,-0.7668851935863984,-0.6417843094513548,0.8498926930151133,-0.5269557954511161,1.0,2.0,2.0
1637940034.0,3.0,1.0471854999999999,417.5,3072.0,897.258496,40279.42225,40269.78625,40447.16575,40489.5175,40563.488,40581.185,40593.60375,40596.604,40606.378,0.2514216084484159,-0.7676314242544765,-0.6408915637586782,0.8348478631556591,-0.5504807402484032,1.0,3.0,1.0
1637940050.0,3.0,0.975304,420.0,3072.0,902.295552,41367.25,41344.42,41537.05,41572.93,41650.477,41666.589,41678.379,41680.779,41692.97,0.2518277822908205,-0.7683766156422237,-0.6399979504140637,0.8191520443007994,-0.5735764363341831,0.0,0.0,0.0
1637940066.0,3.0,1.0602486666666666,423.3333333333333,3072.0,910.3045973333333,42023.33933333333,42011.32,42190.63366666667,42226.96466666667,42297.626,42317.808333333334,42332.751,42336.27366666667,42352.83233333333,0.252233956133225,-0.7691207667780375,-0.6391034705826308,0.8028174750547246,-0.5962248751492651,1.0,1.0,2.0
1637940082.0,3.0,1.1451933333333333,426.66666666666663,3072.0,918.3136426666666,42679.42866666666,42678.22,42844.217333333334,42880.99933333333,42944.774999999994,42969.02766666667,42987.123,42991.76833333333,43012.69466666666,0.2526401299756295,-0.7698638766172183,-0.6382081255201224,0.7858568934556799,-0.6184083950013844,1.0,2.0,1.0
1637940098.0,3.0,1.230138,430.0,3072.0,926.322688,43335.518,43345.12,43497.801,43535.034,43591.924,43620.247,43641.495,43647.263,43672.557,0.2530463038180341,-0.770605944190878,-0.6373119163939157,0.7682835237240306,-0.6401096993283157,0.0,0.0,0.0
1637940114.0,2.9999999999999996,1.217564857142857,432.85714285714283,3071.9999999999995,933.2484388571428,44016.70999999999,44021.330285714284,44191.478571428575,44226.82814285714,44284.32114285714,44310.15557142857,44331.313571428575,44337.870142857144,44361.27957142857,0.2534524776604386,-0.7713469684572419,-0.6364148444621816,0.7501110699083442,-0.6613118650084536,1.0,1.0,6.0
1637940130.0,2.9999999999999996,1.204991714285714,435.71428571428567,3071.9999999999995,940.1741897142856,44697.901999999995,44697.540571428566,44885.15614285714,44918.62228571428,44976.718285714276,45000.06414285714,45021.13214285714,45028.47728571428,45050.002142857134,0.2538586515028432,-0.772086948440893,-0.6355169109057838,0.7313537017356968,-0.6819983599375392,1.0,2.0,5.0
1637940146.0,3.0,1.1924185714285713,438.57142857142856,3072.0,947.0999405714285,45379.094,45373.750857142855,45578.83371428571,45610.41642857142,45669.11542857142,45689.972714285715,45710.95071428571,45719.08442857143,45738.72471428571,0.2542648253452477,-0.7728258831214966,-0.6346181169628542,0.7120260462628558,-0.7021530527194805,1.0,3.0,4.0
1637940162.0,3.0,1.1798454285714284,441.4285714285714,3072.0,954.0256914285713,46060.28599999999,46049.96114285714,46272.51128571429,46302.21057142857,46361.51257142857,46379.881285714284,46400.76928571428,46409.69157142857,46427.44728571428,0.2546709991876523,-0.7735637715263469,-0.6337184638164914,0.6921431739698926,-0.7217602280029588,1.0,4.0,3.0
1637940178.0,2.9999999999999996,1.1672722857142854,444.2857142857142,3071.9999999999995,960.9514422857142,46741.477999999996,46726.17142857142,46966.18885714285,46994.00471428571,47053.909714285706,47069.78985714285,47090.587857142855,47100.29871428571,47116.16985714285,0.2550771730300569,-0.7743006126195368,-0.632817952729701,0.6717205895853513,-0.7408045960488555,1.0,5.0,2.0
1637940194.0,3.0,1.1546991428571427,447.1428571428571,3072.0,967.8771931428571,47422.67,47402.38171428571,47659.866428571426,47685.79885714286,47746.30685714285,47759.69842857143,47780.40642857143,47790.905857142854,47804.892428571424,0.2554833468724614,-0.775036405440351,-0.6319165848765959,0.6507742173454341,-0.7592713072666699,1.0,6.0,1.0
1637940210.0,3.0,1.142126,450.0,3072.0,974.802944,48103.862,48078.592,48353.544,48377.593,48438.704,48449.607,48470.225,48481.513,48493.615,0.255889520714866,-0.7757711489741891,-0.631014361500011,0.629320390937519,-0.7771459615479246,0.0,0.0,0.0
1637940226.0,3.0,1.10561325,452.5,3072.0,981.124096,48940.70175,48920.39074999999,49166.025,49193.6695,49262.05975,49276.448749999996,49297.84574999999,49306.667,49318.015,0.2562956945572705,-0.7765048422079762,-0.6301112838440254,0.6073758397803197,-0.7944146204918131,1.0,1.0,3.0
1637940242.0,3.0,1.0691005,455.0,3072.0,987.445248,49777.5415,49762.18949999999,49978.506,50009.746,50085.4155,50103.2905,50125.466499999995,50131.820999999996,50142.41499999999,0.256701868399675,-0.7772374841759455,-0.6292073530974084,0.5849576748432116,-0.8110638190931855,1.0,2.0,2.0
1637940258.0,3.0,1.03258775,457.5,3072.0,993.7664,50614.38125,50603.988249999995,50790.987,50825.822499999995,50908.77125,50930.13225,50953.08725,50956.975,50966.814999999995,0.2571080422420796,-0.7779690738770235,-0.6283025704952403,0.5620833778841965,-0.8270805742527698,1.0,3.0,1.0
1637940274.0,3.0,0.996075,460.0,3072.0,1000.087552,51451.221,51445.787,51603.468,51641.899,51732.127,51756.974,51780.708,51782.129,51791.215,0.2575142160844841,-0.7786996103207435,-0.6273969372624655,0.5387707848294662,-0.8424523971205975,0.0,0.0,0.0
1637940290.0,3.0,0.98595325,462.5,3072.0,1006.517248,52051.574,52046.836749999995,52219.92600000001,52258.689249999996,52346.1855,52370.846750000004,52393.30225,52396.165499999996,52409.626749999996,0.2579203899268887,-0.7794290925089489,-0.6264904546365223,0.5150380749149808,-0.8571673006991521,1.0,1.0,3.0
1637940306.0,3.0,0.9758315,465.0,3072.0,1012.946944,52651.926999999996,52647.88649999999,52836.384000000005,52875.4795,52960.244,52984.7195,53005.8965,53010.202000000005,53028.038499999995,0.2583265637692932,-0.780157519481376,-0.6255831238106304,0.490903753402918,-0.8712138112397708,1.0,2.0,2.0
1637940322.0,3.0,0.96570975,467.5,3072.0,1019.3766400000001,53252.28,53248.93625,53452.842000000004,53492.26975,53574.3025,53598.59225,53618.49075,53624.2385,53646.45025,0.2587327376116978,-0.7808848902154004,-0.6246749460585739,0.4663866407276792,-0.8845809750106265,1.0,3.0,1.0
1637940338.0,3.0,0.955588,470.0,3072.0,1025.806336,53852.633,53849.986,54069.3,54109.06,54188.361,54212.465,54231.085,54238.275,54264.862,0.2591389114541023,-0.7816112037626547,-0.6237659225644616,0.4415058529613667,-0.8972583695908642,0.0,0.0,0.0
1637940354.0,3.0,1.00822725,472.5,3072.0,1032.6487040000002,54441.54075,54439.594,54668.68750000001,54712.006499999996,54801.276999999995,54822.65025,54840.425,54847.059,54869.177,0.2595450852965069,-0.7823364591034814,-0.6228560546044543,0.4162807926289724,-0.9092361088783234,1.0,1.0,3.0
1637940370.0,3.0,1.0608665,475.0,3072.0,1039.491072,55030.4485,55029.202,55268.075,55314.952999999994,55414.193,55432.8355,55449.765,55455.843,55473.492,0.2599512591389114,-0.7830606552922711,-0.6219453433648643,0.3907311286328925,-0.9205048533914778,1.0,2.0,2.0
1637940386.0,3.0,1.11350575,477.5,3072.0,1046.3334399999999,55619.356250000004,55618.81,55867.4625,55917.8995,56027.109,56043.020749999996,56059.104999999996,56064.627,56077.807,0.260357432981316,-0.783783791312339,-0.6210337901242218,0.3648767846842899,-0.9310558157266696,1.0,3.0,1.0
1637940402.0,3.0,1.166145,480.0,3072.0,1053.175808,56208.264,56208.418,56466.85,56520.846,56640.025,56653.206,56668.445,56673.411,56682.122,0.2607636068237206,-0.784505866211815,-0.6201213960824524,0.3387379203610189,-0.940880768912561,0.0,0.0,0.0
1637940418.0,3.0000000000000004,1.1614142,482.0,3072.0000000000005,1058.779136,56897.30440000001,56894.6442,57149.114400000006,57194.258200000004,57305.7928,57325.8158,57338.4464,57344.7424,57355.91100000001,0.2611697806661251,-0.785226879004064,-0.6192081624862007,0.3123349188345756,-0.9499720514186716,1.0,1.0,4.0
1637940434.0,3.0000000000000004,1.1566834000000001,484.00000000000006,3072.0000000000005,1064.382464,57586.344800000006,57580.87040000001,57831.3788,57867.6704,57971.56060000001,57998.4256,58008.4478,58016.073800000006,58029.700000000004,0.2615759545085296,-0.785946828712939,-0.6182940905718526,0.2856883674912002,-0.958322574439428,1.0,2.0,3.0
1637940450.0,3.0000000000000004,1.1519526,486.00000000000006,3072.0000000000005,1069.9857920000002,58275.38520000001,58267.096600000004,58513.643200000006,58541.08260000001,58637.328400000006,58671.0354,58678.4492,58687.40520000001,58703.48900000001,0.2619821283509342,-0.7866657143727166,-0.6173791815654813,0.2588190449485857,-0.9659258263303152,1.0,3.0,2.0
1637940466.0,3.0,1.1472218,488.0,3072.0,1075.58912,58964.4256,58953.3228,59195.907600000006,59214.4948,59303.09620000001,59343.6452,59348.450600000004,59358.736600000004,59377.278000000006,0.2623883021933387,-0.7873835349831777,-0.6164634367400835,0.2317479035495608,-0.9727758781961976,1.0,4.0,1.0
1637940482.0,3.0,1.142491,490.0,3072.0,1081.192448,59653.466,59639.549,59878.172,59887.907,59968.864,60016.255,60018.452,60030.068,60051.067,0.2627944760357433,-0.7881002896084067,-0.6155468572896343,0.2044960516534681,-0.9788673888010276,0.0,0.0,0.0
1637940498.0,3.0,1.1274395,492.5,3072.0,1088.201728,60234.93549999999,60228.731,60448.814750000005,60473.032,60555.72075,60611.63125,60614.92175,60625.0475,60641.773499999996,0.2632006498781478,-0.7888159772421658,-0.6146294445009017,0.1770847403431365,-0.984195607965004,1.0,1.0,3.0
1637940514.0,3.0,1.112388,495.0,3072.0,1095.211008,60816.405,60817.913,61019.457500000004,61058.157,61142.5775,61207.0075,61211.3915,61220.027,61232.479999999996,0.2636068237205524,-0.7895305969513201,-0.6137111995700356,0.1495353432208335,-0.9887563810807128,1.0,2.0,2.0
1637940530.0,3.0,1.0973365,497.5,3072.0,1102.220288,61397.8745,61407.095,61590.10025,61643.282,61729.43425,61802.38375,61807.86125,61815.006499999996,61823.186499999996,0.2640129975629569,-0.7902441477326291,-0.6127921237861423,0.1218693438583145,-0.9925461515856802,1.0,3.0,1.0
1637940546.0,3.0,1.082285,500.0,3072.0,1109.229568,61979.344,61996.277,62160.743,62228.407,62316.291,62397.76,62404.331,62409.986,62413.893,0.2644191714053615,-0.7909566286468401,-0.6118722183590498,0.0941083135248229,-0.9955619645835782,0.0,0.0,0.0
1637940562.0,3.0000000000000004,1.0501354,502.0,3072.0000000000005,1115.0753792,62631.525,62652.12920000001,62818.6364,62882.885200000004,62980.389200000005,63050.13300000001,63058.279800000004,63063.832800000004,63067.3796,0.264825345247766,-0.7916680387115362,-0.6109514845571861,0.0662739008226166,-0.99780146826398,1.0,1.0,4.0
1637940578.0,3.0000000000000004,1.0179858000000002,504.00000000000006,3072.0000000000005,1120.9211904000001,63283.706000000006,63307.981400000004,63476.52980000001,63537.36340000001,63644.487400000005,63702.50600000001,63712.2286,63717.6796,63720.866200000004,0.2652315190901706,-0.7923783769902429,-0.6100299235925303,0.0383878092615973,-0.9992629164039338,1.0,2.0,3.0
1637940594.0,3.0000000000000004,0.9858362000000002,506.00000000000006,3072.0000000000005,1126.7670016000002,63935.88700000001,63963.83360000001,64134.423200000005,64191.84160000001,64308.58560000001,64354.87900000001,64366.17740000001,64371.52640000001,64374.35280000001,0.2656376929325751,-0.7930876424857299,-0.6091075367588444,0.0104717845067495,-0.9999451693614226,1.0,3.0,2.0
1637940610.0,3.0,0.9536866,508.0,3072.0,1132.6128128000003,64588.06800000001,64619.68580000001,64792.316600000006,64846.319800000005,64972.683800000006,65007.25200000001,65020.1262,65025.3732,65027.839400000004,0.2660438667749797,-0.7937958342732361,-0.6081843252587633,-0.0174524062961217,-0.9998476951588552,1.0,4.0,1.0
1637940626.0,3.0,0.921537,510.0,3072.0,1138.458624,65240.249,65275.538,65450.21,65500.798,65636.782,65659.625,65674.075,65679.22,65681.326,0.2664500406173842,-0.7945029513585444,-0.6072602903883658,-0.0453629877721192,-0.998970569806932,0.0,0.0,0.0
1637940642.0,3.0000000000000004,0.9871246,512.0,3072.0000000000005,1144.3822592000001,65580.1578,65604.4048,65784.9308,65835.35740000001,65960.48440000002,65983.626,65997.342,66003.422,66006.87000000001,0.2668562144597888,-0.7952089928196951,-0.6063354333524357,-0.0732381970197614,-0.9973144772323796,1.0,1.0,4.0
1637940658.0,3.0000000000000004,1.0527122000000002,514.0000000000001,3072.0000000000005,1150.3058944000002,65920.06660000002,65933.27160000001,66119.65160000001,66169.9168,66284.18680000001,66307.62700000001,66320.60900000001,66327.62400000001,66332.414,0.2672623883021933,-0.7959139576654901,-0.605409755449362,-0.1010562968601274,-0.994880708861579,1.0,2.0,3.0
1637940674.0,3.0000000000000004,1.1182998,516.0,3072.0000000000005,1156.2295296000002,66259.97540000001,66262.13840000001,66454.37240000001,66504.4762,66607.8892,66631.62800000001,66643.876,66651.826,66657.95800000001,0.2676685621445979,-0.7966178449767756,-0.6044832578860708,-0.1287955965030504,-0.991671162392768,1.0,3.0,2.0
1637940690.0,3.0,1.1838874,518.0,3072.0,1162.1531648,66599.88420000001,66591.0052,66789.0932,66839.0356,66931.5916,66955.629,66967.14300000001,66976.028,66983.50200000001,0.2680747359870024,-0.7973206537741604,-0.6035559419516516,-0.1564344652122899,-0.9876883405678862,1.0,4.0,1.0
1637940706.0,3.0,1.249475,520.0,3072.0,1168.0768,66939.793,66919.872,67123.814,67173.595,67255.294,67279.63,67290.41,67300.23,67309.046,0.268480909829407,-0.798022383106184,-0.6026278089015864,-0.1839513505713232,-0.9829353491573014,0.0,0.0,0.0
1637940722.0,3.0000000000000004,1.2295155999999998,522.0,3072.0000000000005,1174.278144,67754.895,67739.531,67947.9008,67998.3238,68082.9246,68109.98460000001,68123.0034,68132.4026,68142.73160000001,0.2688870836718115,-0.7987230320491145,-0.6016988599575946,-0.2113247966579349,-0.9774158942423038,1.0,1.0,4.0
1637940738.0,3.0000000000000004,1.2095562,524.0000000000001,3072.0000000000005,1180.4794880000002,68569.99700000002,68559.19,68771.98760000001,68823.05260000001,68910.5552,68940.33920000002,68955.5968,68964.5752,68976.41720000001,0.269293257514216,-0.7994225996193246,-0.6007690964238099,-0.2385334575697503,-0.971134279911805,1.0,2.0,3.0
1637940754.0,3.0000000000000004,1.1895968000000001,526.0,3072.0000000000005,1186.680832,69385.09900000002,69378.849,69596.07440000001,69647.7814,69738.1858,69770.69380000001,69788.19020000001,69796.7478,69810.10280000001,0.2696994313566206,-0.8001210849046975,-0.599838519512485,-0.2655561177184317,-0.9640954041703106,1.0,3.0,2.0
1637940770.0,3.0,1.1696374,528.0,3072.0,1192.882176,70200.201,70198.508,70420.1612,70472.5102,70565.8164,70601.04840000001,70620.7836,70628.9204,70643.7884,0.2701056051990251,-0.800818486924643,-0.5989071305300392,-0.2923717043003065,-0.9563047560921852,1.0,4.0,1.0
1637940786.0,3.0,1.149678,530.0,3072.0,1199.08352,71015.303,71018.167,71244.248,71297.239,71393.447,71431.403,71453.377,71461.093,71477.474,0.2705117790414297,-0.8015148047698679,-0.5979749306908446,-0.3189593091157289,-0.9477684100709504,0.0,0.0,0.0
1637940802.0,3.0000000000000004,1.1468796,532.0,3072.0000000000005,1205.0071552,71835.9902,71839.7338,72062.45180000001,72118.2402,72208.9422,72247.8178,72267.7252,72274.5988,72288.8478,0.2709179528838343,-0.8022100374628252,-0.5970419213035988,-0.3452981986149639,-0.9384930229006824,1.0,1.0,4.0
1637940818.0,3.0000000000000004,1.1440812,534.0000000000001,3072.0000000000005,1210.9307904000002,72656.67740000002,72661.3006,72880.65560000001,72939.2414,73024.43740000001,73064.23260000002,73082.07340000001,73088.1046,73100.2216,0.2713241267262388,-0.8029041840883754,-0.5961081035964703,-0.3713678354022645,-0.9284858269400974,1.0,2.0,3.0
1637940834.0,3.0000000000000004,1.1412828000000002,536.0,3072.0000000000005,1216.8544256000002,73477.36460000002,73482.86740000002,73698.85940000002,73760.24260000001,73839.9326,73880.64740000002,73896.4216,73901.6104,73911.5954,0.2717303005686434,-0.803597243698043,-0.5951734788453767,-0.3971478902899924,-0.9177546258331843,1.0,3.0,2.0
1637940850.0,3.0,1.1384844,538.0,3072.0,1222.7780608,74298.0518,74304.4342,74517.0632,74581.2438,74655.4278,74697.0622,74710.76980000001,74715.1162,74722.96919999999,0.2721364744110479,-0.8042892153535257,-0.5942380483156644,-0.4226182616261922,-0.9063077870900456,1.0,4.0,1.0
1637940866.0,3.0,1.135686,540.0,3072.0,1228.701696,75118.739,75126.001,75335.267,75402.245,75470.923,75513.477,75525.118,75528.622,75534.343,0.2725426482534525,-0.8049800981093606,-0.5933018132854847,-0.4477590875323751,-0.8941542369927992,0.0,0.0,0.0
1637940882.0,2.9999999999999996,1.1149377647058822,529.8039215686274,3066.9803921568623,1235.0084116078433,73652.37066666667,73659.4278627451,73864.71319607843,73930.37790196078,73997.74019607842,74039.80803921568,74051.22078431373,74054.65607843138,74060.30088235294,0.272948822095857,-0.8056698910560935,-0.5923647749872222,-0.4725507647868088,-0.8813034521090917,1.0,1.0,50.0
1637940898.0,3.0,1.0941895294117647,519.6078431372549,3061.9607843137255,1241.3151272156863,72186.00233333334,72192.85472549021,72394.15939215687,72458.51080392157,72524.55739215686,72566.13907843137,72577.32356862746,72580.69015686275,72586.25876470588,0.2733549959382615,-0.8063585932253374,-0.591426934736367,-0.4969739607588591,-0.8677654535228122,1.0,2.0,49.0
1637940914.0,2.9999999999999996,1.073441294117647,509.4117647058824,3056.941176470588,1247.6218428235295,70719.634,70726.2815882353,70923.6055882353,70986.64370588235,71051.3745882353,71092.47011764706,71103.42635294118,71106.72423529412,71112.21664705881,0.2737611697806661,-0.8070462037191423,-0.5904882937557024,-0.5210096317891075,-0.8535507973067441,1.0,3.0,48.0
1637940930.0,3.0,1.0526930588235295,499.2156862745098,3051.921568627451,1253.9285584313725,69253.26566666667,69259.7084509804,69453.05178431372,69514.77660784313,69578.19178431372,69618.80115686274,69629.5291372549,69632.75831372548,69638.17452941176,0.2741673436230706,-0.8077327215807638,-0.5895488533512149,-0.5446390351735713,-0.8386705678424642,1.0,4.0,47.0
1637940946.0,3.0,1.0319448235294117,489.01960784313724,3046.901960784314,1260.2352740392157,67786.89733333333,67793.13531372549,67982.49798039216,68042.90950980391,68105.00898039216,68145.13219607843,68155.63192156862,68158.79239215687,68164.1324117647,0.2745735174654752,-0.808418145889363,-0.5886086147830362,-0.5678437450306485,-0.823136368549931,1.0,5.0,46.0
1637940962.0,3.0,1.0111965882352942,478.8235294117647,3041.8823529411766,1266.5419896470587,66320.529,66326.56217647059,66511.9441764706,66571.0424117647,66631.82617647058,66671.46323529411,66681.73470588235,66684.82647058823,66690.09029411765,0.2749796913078797,-0.8091024757169745,-0.5876675793241131,-0.5906056677991228,-0.8069603120126492,1.0,6.0,45.0
1637940978.0,3.0,0.9904483529411765,468.6274509803922,3036.8627450980393,1272.8487052549021,64854.16066666667,64859.98903921569,65041.39037254903,65099.175313725485,65158.64337254902,65197.794274509804,65207.837490196085,65210.86054901961,65216.048176470584,0.2753858651502843,-0.809785710128577,-0.5867257482602551,-0.6129070536575163,-0.7901550123721689,1.0,7.0,44.0
1637940994.0,3.0,0.9697001176470588,458.4313725490196,3031.8431372549016,1279.1554208627454,63387.79233333333,63393.41590196078,63570.83656862746,63627.30821568627,63685.46056862745,63724.12531372549,63733.940274509805,63736.89462745098,63742.00605882352,0.2757920389926889,-0.810467848224784,-0.5857831228312134,-0.6347305133993822,-0.7727335733354392,1.0,8.0,43.0
1637941010.0,3.0,0.9489518823529411,448.235294117647,3026.823529411765,1285.4621364705883,61921.424,61926.842764705885,62100.28276470588,62155.44111764705,62212.277764705876,62250.456352941175,62260.043058823525,62262.928705882354,62267.963941176466,0.2761982128350934,-0.8111488890479551,-0.5848397043603215,-0.6560590286683269,-0.7547095805028392,1.0,9.0,42.0
1637941026.0,3.0000000000000004,0.9282036470588236,438.03921568627453,3021.8039215686276,1291.7688520784316,60455.05566666667,60460.26962745099,60629.72896078432,60683.57401960784,60739.094960784314,60776.78739215686,60786.14584313726,60788.96278431373,60793.9218235294,0.276604386677498,-0.8118288317101292,-0.5838954940776361,-0.6768759695519657,-0.7360970872399146,1.0,10.0,41.0
1637941042.0,3.0,0.9074554117647059,427.84313725490193,3016.7843137254904,1298.0755676862746,58988.68733333333,58993.69649019608,59159.175156862744,59211.70692156862,59265.91215686274,59303.118431372546,59312.24862745098,59314.9968627451,59319.87970588235,0.2770105605199025,-0.8125076752567478,-0.582950493308716,-0.6971651025721944,-0.7169106079250757,1.0,11.0,40.0
1637941058.0,3.0,0.8867071764705882,417.6470588235294,3011.7647058823527,1304.3822832941175,57522.319,57527.12335294117,57688.621352941176,57739.8398235294,57792.72935294117,57829.44947058823,57838.35141176471,57841.03094117647,57845.837588235285,0.277416734362307,-0.8131854188027149,-0.5820047032856807,-0.7169106075497224,-0.6971651029581788,1.0,12.0,39.0
1637941074.0,3.0,0.8659589411764705,407.4509803921569,3006.745098039216,1310.6889989019608,56055.95066666667,56060.55021568628,56218.067549019615,56267.972725490195,56319.54654901961,56355.780509803924,56364.45419607843,56367.06501960785,56371.79547058823,0.2778229082047116,-0.8138620613965594,-0.5810581253363066,-0.7360970868754849,-0.67687596994828,1.0,13.0,38.0
1637941090.0,3.0,0.8452107058823529,397.2549019607843,3001.725490196078,1316.995714509804,54589.58233333333,54593.97707843137,54747.51374509804,54796.105627450976,54846.36374509803,54882.1115490196,54890.55698039215,54893.099098039216,54897.753352941174,0.2782290820471161,-0.814537602147613,-0.5801107607066232,-0.7547095801496173,-0.6560590290746622,1.0,14.0,37.0
1637941106.0,2.9999999999999996,0.8244624705882352,387.0588235294117,2996.705882352941,1323.3024301176472,53123.21399999999,53127.40394117647,53276.95994117647,53324.238529411756,53373.18094117646,53408.44258823529,53416.65976470588,53419.13317647058,53423.711235294104,0.2786352558895207,-0.8152120401328221,-0.5791626106910579,-0.7727335732892701,-0.6347305134555895,1.0,15.0,36.0
1637941122.0,3.0,0.8037142352941177,376.86274509803917,2991.6862745098038,1329.6091457254904,51656.84566666667,51660.83080392158,51806.406137254904,51852.37143137254,51899.998137254894,51934.77362745098,51942.76254901961,51945.167254901964,51949.669117647056,0.2790414297319252,-0.8158853744390957,-0.5782136765732687,-0.7901550123275871,-0.6129070537149908,1.0,16.0,35.0
1637941138.0,3.0,0.7829659999999999,366.6666666666667,2986.6666666666665,1335.9158613333334,50190.47733333333,50194.257666666665,50335.852333333336,50380.50433333333,50426.81533333333,50461.104666666666,50468.865333333335,50471.20133333333,50475.62699999999,0.2794476035743298,-0.8165576041464363,-0.5772639596498571,-0.8069603119696895,-0.5906056678578198,1.0,17.0,34.0
1637941154.0,3.0,0.7622177647058824,356.47058823529414,2981.6470588235297,1342.2225769411766,48724.109000000004,48727.68452941177,48865.298529411775,48908.63723529412,48953.63252941176,48987.43570588235,48994.96811764706,48997.23541176471,49001.58488235294,0.2798537774167343,-0.8172287283699431,-0.5763134611709548,-0.823136368508627,-0.567843745090522,1.0,18.0,33.0
1637941170.0,3.0,0.7414695294117646,346.27450980392155,2976.627450980392,1348.5292925490196,47257.74066666667,47261.11139215687,47394.7447254902,47436.7701372549,47480.449725490194,47513.76674509804,47521.07090196078,47523.26949019608,47527.542764705875,0.2802599512591389,-0.8178987461841831,-0.5753621824471445,-0.8386705680564654,-0.5446390348440383,1.0,19.0,32.0
1637941186.0,2.9999999999999996,0.720721294117647,336.07843137254895,2971.607843137255,1354.8360081568628,45791.37233333333,45794.53825490196,45924.19092156863,45964.90303921568,46007.26692156862,46040.09778431372,46047.17368627451,46049.30356862745,46053.50064705881,0.2806661251015435,-0.8185676566653317,-0.574410124790143,-0.8535507972688468,-0.5210096318511933,1.0,20.0,31.0
1637941202.0,3.0,0.6999730588235294,325.8823529411765,2966.5882352941176,1361.142723764706,44325.004,44327.96511764706,44453.637117647064,44493.035941176466,44534.084117647064,44566.428823529415,44573.27647058824,44575.33764705883,44579.458529411764,0.281072298943948,-0.8192354589412437,-0.5734572894412711,-0.8677654534866632,-0.4969739608219788,1.0,21.0,30.0
1637941218.0,3.0,0.6792248235294117,315.6862745098039,2961.5686274509803,1367.449439372549,42858.63566666667,42861.39198039215,42983.083313725496,43021.16884313725,43060.90131372549,43092.75986274509,43099.37925490196,43101.37172549019,43105.4164117647,0.2814784727863526,-0.8199021520744044,-0.572503677738196,-0.8813034520747192,-0.4725507648509133,1.0,22.0,29.0
1637941234.0,3.0,0.6584765882352942,305.4901960784314,2956.549019607843,1373.7561549803922,41392.26733333334,41394.81884313726,41512.52950980393,41549.30174509803,41587.71850980392,41619.090901960786,41625.48203921569,41627.405803921574,41631.374294117646,0.2818846466287571,-0.8205677351872427,-0.5715492909362053,-0.8941542369602299,-0.4477590875974143,1.0,23.0,28.0
1637941250.0,3.0,0.6377283529411765,295.29411764705884,2951.529411764706,1380.0628705882355,39925.899,39928.24570588236,40041.97570588236,40077.43464705882,40114.53570588235,40145.42194117647,40151.58482352941,40153.43988235294,40157.33217647058,0.2822908204711616,-0.8212322073703106,-0.570594130339322,-0.906307786862508,-0.4226182621141479,1.0,24.0,27.0
1637941266.0,3.0,0.6169801176470588,285.09803921568624,2946.5098039215686,1386.3695861960784,38459.53066666666,38461.67256862745,38571.421901960784,38605.56754901961,38641.352901960774,38671.75298039216,38677.68760784314,38679.473960784315,38683.29005882353,0.2826969943135662,-0.821895567724009,-0.5696381972406951,-0.91775462561936,-0.3971478907841111,1.0,25.0,26.0
1637941282.0,3.0,0.5962318823529411,274.9019607843137,2941.490196078431,1392.6763018039217,36993.162333333334,36995.099431372546,37100.86809803922,37133.70045098039,37168.17009803921,37198.08401960784,37203.790392156865,37205.50803921569,37209.247941176465,0.2831031681559707,-0.8225578153419687,-0.5686814929464892,-0.9284858267401532,-0.3713678359021609,1.0,26.0,25.0
1637941298.0,3.0,0.5754836470588235,264.70588235294116,2936.470588235294,1398.9830174117646,35526.794,35528.52629411765,35630.31429411765,35661.833352941176,35694.98729411764,35724.41505882353,35729.89317647059,35731.54211764706,35735.20582352941,0.2835093419983753,-0.8232189493524288,-0.5677240187160337,-0.938493022714774,-0.3452981991202481,1.0,27.0,24.0
1637941314.0,3.0,0.5547354117647059,254.50980392156862,2931.450980392157,1405.2897330196079,34060.42566666666,34061.95315686275,34159.76049019608,34189.966254901956,34221.80449019608,34250.74609803921,34255.99596078431,34257.57619607844,34261.16370588235,0.2839155158407798,-0.8238789688272358,-0.5667657758935085,-0.9477684098992228,-0.318959309626007,1.0,28.0,23.0
1637941330.0,3.0,0.5339871764705882,244.3137254901961,2926.4313725490197,1411.596448627451,32594.057333333334,32595.380019607845,32689.206686274516,32718.099156862743,32748.62168627451,32777.0771372549,32782.09874509804,32783.6102745098,32787.12158823529,0.2843216896831844,-0.824537872905837,-0.5658067657282987,-0.9563047559347726,-0.2923717048151806,1.0,29.0,22.0
1637941346.0,3.0,0.5132389411764705,234.1176470588235,2921.4117647058824,1417.903164235294,31127.689,31128.806882352943,31218.65288235294,31246.232058823527,31275.438882352937,31303.408176470588,31308.201529411763,31309.644352941177,31313.079470588233,0.2847278635255889,-0.8251956606632097,-0.5648469895667401,-0.9640954041509944,-0.2655561177885582,1.0,30.0,21.0
1637941362.0,3.0,0.49249070588235294,223.92156862745097,2916.392156862745,1424.2098798431373,29661.320666666667,29662.23374509804,29748.099078431373,29774.36496078431,29802.25607843137,29829.739215686273,29834.30431372549,29835.67843137255,29839.037352941174,0.2851340373679935,-0.8258523312417109,-0.563886448660217,-0.9711342798944546,-0.2385334576403889,1.0,31.0,20.0
1637941378.0,3.0,0.47174247058823526,213.72549019607845,2911.372549019608,1430.5165954509805,28194.952333333335,28195.66060784314,28277.545274509805,28302.497862745095,28329.073274509803,28356.070254901962,28360.407098039217,28361.712509803925,28364.995235294115,0.2855402112103981,-0.8265078837194533,-0.5629251443572144,-0.9774158942269324,-0.2113247967290304,1.0,32.0,19.0
1637941394.0,3.0,0.4509942352941176,203.52941176470586,2906.3529411764703,1436.8233110588235,26728.584,26729.087470588234,26806.991470588237,26830.63076470588,26855.89047058823,26882.401294117644,26886.50988235294,26887.74658823529,26890.953117647052,0.2859463850528026,-0.8271623172335308,-0.5619630779231458,-0.9829353491439212,-0.1839513506428202,1.0,33.0,18.0
1637941410.0,3.0,0.43024599999999996,193.33333333333334,2901.333333333333,1443.1300266666667,25262.215666666663,25262.514333333333,25336.43766666667,25358.763666666666,25382.707666666665,25408.732333333333,25412.612666666668,25413.780666666666,25416.910999999996,0.2863525588952071,-0.8278156308978935,-0.5610002506604812,-0.987688340629353,-0.1564344648242044,1.0,34.0,17.0
1637941426.0,3.0,0.40949776470588234,183.13725490196077,2896.3137254901962,1449.43674227451,23795.847333333335,23795.941196078435,23865.8838627451,23886.89656862745,23909.524862745096,23935.06337254902,23938.71545098039,23939.81474509804,23942.868882352937,0.2867587327376117,-0.8284678238035581,-0.5600366639088878,-0.9916711623833996,-0.1287955965751828,1.0,35.0,16.0
1637941442.0,3.0,0.3887495294117647,172.94117647058826,2891.2941176470586,1455.743457882353,22329.479000000003,22329.36805882353,22395.330058823532,22415.029470588233,22436.34205882353,22461.394411764708,22464.81823529412,22465.848823529413,22468.826764705882,0.2871649065800162,-0.8291188951001767,-0.5590723189247185,-0.9948807088542284,-0.1010562969324932,1.0,36.0,15.0
1637941458.0,3.0,0.3680012941176471,162.7450980392157,2886.274509803922,1462.0501734901961,20863.110666666667,20862.79492156863,20924.776254901964,20943.162372549017,20963.159254901962,20987.725450980393,20990.921019607846,20991.882901960787,20994.784647058823,0.2875710804224208,-0.8297688438737227,-0.5581072170617986,-0.9973144772270524,-0.0732381970923043,1.0,37.0,14.0
1637941474.0,3.0,0.3472530588235294,152.54901960784312,2881.254901960784,1468.3568890980393,19396.74233333333,19396.221784313722,19454.22245098039,19471.2952745098,19489.97645098039,19514.05649019608,19517.02380392157,19517.916980392158,19520.742529411764,0.2879772542648253,-0.830417669276774,-0.5571413595784561,-0.9989705698036324,-0.0453629878447825,1.0,38.0,13.0
1637941490.0,3.0,0.32650482352941174,142.35294117647058,2876.235294117647,1474.6636047058823,17930.374,17929.648647058824,17983.668647058825,17999.42817647059,18016.79364705882,18040.387529411764,18043.126588235296,18043.95105882353,18046.700411764705,0.2883834281072299,-0.8310653703984567,-0.5561747478306398,-0.9998476951494588,-0.0174524068344393,1.0,39.0,12.0
1637941506.0,3.0,0.3057565882352941,132.15686274509804,2871.2156862745096,1480.9703203137256,16464.005666666668,16463.075509803923,16513.114843137257,16527.561078431372,16543.610843137256,16566.71856862745,16569.22937254902,16569.985137254902,16572.658294117646,0.2887896019496344,-0.8317119463862003,-0.5552073830907496,-0.9999451693670608,0.0104717839683795,1.0,40.0,11.0
1637941522.0,3.0,0.28500835294117643,121.96078431372548,2866.196078431373,1487.2770359215688,14997.637333333332,14996.50237254902,15042.561039215687,15055.693980392156,15070.428039215685,15093.049607843137,15095.332156862745,15096.019215686276,15098.616176470587,0.289195775792039,-0.8323573963565266,-0.5542392666805411,-0.9992629164246016,0.0383878087235946,1.0,41.0,10.0
1637941538.0,3.0,0.2642601176470588,111.76470588235293,2861.176470588235,1493.5837515294118,13531.268999999998,13529.929235294116,13572.007235294117,13583.826882352938,13597.245235294115,13619.380647058822,13621.43494117647,13622.053294117646,13624.574058823526,0.2896019496344435,-0.8330017194355904,-0.5532703999107037,-0.9978014682996617,0.0662739002854008,1.0,42.0,9.0
1637941554.0,3.0,0.24351188235294116,101.56862745098039,2856.156862745098,1499.890467137255,12064.900666666668,12063.356098039218,12101.45343137255,12111.959784313725,12124.062431372548,12145.71168627451,12147.537725490196,12148.08737254902,12150.53194117647,0.290008123476848,-0.8336449147430343,-0.5523007841050736,-0.995561964634246,0.0941083129888128,1.0,43.0,8.0
1637941570.0,3.0,0.22276364705882354,91.37254901960785,2851.137254901961,1506.1971827450982,10598.532333333334,10596.782960784316,10630.899627450983,10640.09268627451,10650.87962745098,10672.042725490197,10673.640509803923,10674.121450980394,10676.489823529411,0.2904142973192526,-0.8342869814321763,-0.5513304205399767,-0.9925461516512946,0.1218693433239281,1.0,44.0,7.0
1637941586.0,3.0,0.2020154117647059,81.17647058823529,2846.1176470588234,1512.5038983529412,9132.164,9130.209823529412,9160.345823529411,9168.225588235293,9177.696823529412,9198.373764705882,9199.743294117648,9200.155529411766,9202.447705882352,0.2908204711616572,-0.8349279186016312,-0.5503593105776879,-0.9887563810915896,0.1495353431489131,1.0,45.0,6.0
1637941602.0,3.0,0.18126717647058824,70.98039215686275,2841.098039215686,1518.8106139607844,7665.795666666666,7663.63668627451,7689.792019607843,7696.358490196078,7704.514019607842,7724.704803921568,7725.846078431372,7726.189607843137,7728.405588235293,0.2912266450040617,-0.8355677254157264,-0.5493874554843687,-0.9841956079778847,0.1770847402715479,1.0,46.0,5.0
1637941618.0,3.0,0.1605189411764706,60.78431372549019,2836.078431372549,1525.1173295686274,6199.427333333334,6197.063549019608,6219.238215686275,6224.491392156862,6231.331215686274,6251.035843137254,6251.948862745097,6252.223686274509,6254.363470588235,0.2916328188464663,-0.8362064009762495,-0.5484148566243878,-0.9788673888159024,0.204496051582267,1.0,47.0,4.0
1637941634.0,3.0,0.13977070588235294,50.588235294117645,2831.0588235294117,1531.4240451764706,4733.059,4730.490411764707,4748.684411764706,4752.624294117647,4758.148411764706,4777.366882352941,4778.051647058824,4778.257764705882,4780.321352941176,0.2920389926888708,-0.8368439444504765,-0.5474415152658482,-0.9727758782130546,0.2317479034788028,1.0,48.0,3.0
1637941650.0,3.0,0.11902247058823529,40.3921568627451,2826.0392156862745,1537.7307607843138,3266.690666666667,3263.9172745098044,3278.1306078431376,3280.757196078431,3284.965607843137,3303.6979215686274,3304.154431372549,3304.291843137255,3306.2792352941174,0.2924451665312754,-0.8374803549513244,-0.546467432763018,-0.9659258262286192,0.2588190453281202,1.0,49.0,2.0
1637941666.0,3.0,0.09827423529411763,30.19607843137255,2821.0196078431372,1544.0374763921568,1800.3223333333335,1797.344137254902,1807.5768039215689,1808.8900980392157,1811.7828039215685,1830.0289607843135,1830.2572156862743,1830.3259215686273,1832.2371176470588,0.2928513403736799,-0.8381156316172284,-0.5454926104346918,-0.9583225744602084,0.2856883674214934,1.0,50.0,1.0
1637941682.0,3.0,0.077526,20.0,2816.0,1550.344192,333.954,330.771,337.023,337.023,338.6,356.36,356.36,356.36,358.195,0.2932575142160845,-0.8387497736119296,-0.5445170495640489,-0.9499720514413902,0.3123349187654763,0.0,0.0,0.0
1637941698.0,3.0,0.084987,30.0,2816.0,1594.220544,464.579,468.417,476.537,477.751,481.909,482.064,482.384,482.384,485.303,0.293663688058489,-0.8393827800451684,-0.5435407515206605,-0.9408807690949372,0.3387379198544492,0.0,0.0,0.0
1637941714.0,3.0,0.0,50.0,2816.0,1700.749312,1335.713,1338.987,1345.975,1349.646,1356.296,1357.686,1362.902,1362.902,1364.167,0.2940698619008935,-0.8400146500916124,-0.5425637175774528,-0.9310558159231191,0.3648767841830099,0.0,0.0,0.0
1637941730.0,3.0,0.0,60.0,2816.0,1750.966272,999.3,1001.276,1017.174,1020.387,1023.641,1033.811,1035.254,1035.372,1036.038,0.2944760357432981,-0.8406453828641914,-0.5415859491060648,-0.9205048536018472,0.3907311281372931,0.0,0.0,0.0
1637941746.0,3.0,0.364302,80.0,2816.0,1826.127872,1113.923,1121.44,1144.035,1144.751,1154.028,1155.557,1161.88,1162.388,1163.876,0.2948822095857026,-0.8412749775405375,-0.5406074473813398,-0.9092361091024488,0.4162807921394401,0.0,0.0,0.0
1637941762.0,3.0,0.341496,90.0,2816.0,1830.006784,1279.967,1277.698,1316.065,1317.977,1336.587,1336.984,1338.596,1338.808,1345.879,0.2952883834281072,-0.8419034332367749,-0.5396282137769776,-0.8972583698285708,0.4415058524782833,0.0,0.0,0.0
1637941778.0,3.0,0.378828,100.0,2816.0,1830.006784,2052.388,2055.587,2105.934,2108.329,2125.778,2134.052,2135.826,2137.101,2137.853,0.2956945572705118,-0.8425307491335046,-0.5386482495697315,-0.8845809752617289,0.4663866402514213,0.0,0.0,0.0
1637941794.0,3.0,0.390829,110.0,2816.0,432.463872,2277.743,2287.271,2320.176,2321.468,2324.739,2339.661,2354.018,2354.901,2355.779,0.2961007311129163,-0.8431569243500497,-0.5376675561353544,-0.8712138112754784,0.4909037533395474,0.0,0.0,0.0
1637941810.0,3.0,0.479693,130.0,2816.0,444.895232,2534.786,2528.797,2590.818,2603.84,2619.999,2623.691,2628.518,2633.953,2635.759,0.2965069049553209,-0.843781958062175,-0.5366861347647821,-0.8571673007366151,0.5150380748526319,0.0,0.0,0.0
1637941826.0,3.0,0.479693,140.0,2816.0,451.989504,1968.552,1978.738,2020.93,2025.019,2039.747,2048.175,2073.402,2073.586,2074.354,0.2969130787977254,-0.8444058494158372,-0.535703986798977,-0.8424523971597868,0.5387707847681877,0.0,0.0,0.0
1637941842.0,3.0,0.520976,150.0,2816.0,458.30144,6977.978,7003.961,7040.513,7043.146,7058.825,7065.388,7070.081,7070.438,7077.283,0.29731925264013,-0.8450285975663775,-0.5347211135676252,-0.8270805742936548,0.5620833778240362,0.0,0.0,0.0
1637941858.0,3.0,0.642297,160.0,2816.0,467.427328,3180.691,3186.601,3257.52,3264.008,3298.397,3299.806,3313.773,3314.583,3318.88,0.2977254264825345,-0.8456502016629186,-0.5337375164137005,-0.8110638191357343,0.5849576747842162,0.0,0.0,0.0
1637941874.0,3.0,0.38686,170.0,2816.0,475.734016,3188.111,3181.826,3264.993,3270.854,3306.374,3312.393,3324.789,3325.817,3328.565,0.2981316003249391,-0.846270660887199,-0.5327531966319332,-0.7944146205359925,0.6073758397225354,0.0,0.0,0.0
1637941890.0,3.0,0.534789,180.0,2816.0,535.445504,7629.111,7631.408,7698.288,7702.023,7721.535,7728.539,7731.787,7732.678,7735.405,0.2985377741673436,-0.8468899743836449,-0.5317681555795433,-0.7771459613006501,0.6293203912428775,0.0,0.0,0.0
1637941906.0,3.0,0.524313,190.0,2816.0,538.370048,8941.239,8953.743,9016.356,9042.759,9065.529,9073.265,9078.217,9079.271,9080.964,0.2989439480097481,-0.8475081412983473,-0.5307823946147994,-0.759271307314006,0.650774217290206,0.0,0.0,0.0
1637941922.0,3.0,0.49293130769230775,176.92307692307693,2796.307692307693,549.1724603076923,8279.999384615385,8291.116000000002,8350.502153846153,8374.874153846155,8395.951076923076,8403.105307692307,8407.676384615386,8408.649307692309,8410.236307692308,0.2993501218521527,-0.8481251608176127,-0.5297959150353073,-0.7408045960977153,0.6717205895314665,1.0,1.0,12.0
1637941938.0,3.0000000000000004,0.4615496153846155,163.84615384615387,2776.6153846153848,559.9748726153847,7618.75976923077,7628.489000000001,7684.648307692309,7706.989307692309,7726.373153846155,7732.945615384616,7737.135769230771,7738.027615384617,7739.508615384616,0.2997562956945572,-0.8487410320983478,-0.5288087181889414,-0.7217602283756084,0.6921431735812972,1.0,2.0,11.0
1637941954.0,3.0000000000000004,0.43016792307692314,150.76923076923077,2756.923076923077,570.777284923077,6957.520153846154,6965.862,7018.794461538462,7039.104461538463,7056.795230769231,7062.785923076923,7066.595153846154,7067.4059230769235,7068.7809230769235,0.3001624695369618,-0.8493557543067524,-0.5278208054122229,-0.7021530531028349,0.7120260458848169,1.0,3.0,10.0
1637941970.0,3.0,0.39878623076923075,137.6923076923077,2737.230769230769,581.5796972307693,6296.280538461538,6303.235,6352.940615384615,6371.219615384615,6387.217307692308,6392.62623076923,6396.054538461539,6396.784230769231,6398.05323076923,0.3005686433793664,-0.8499693266029151,-0.5268321780550113,-0.6819983603312998,0.7313537013685093,1.0,4.0,9.0
1637941986.0,3.0,0.3674045384615385,124.61538461538463,2717.538461538462,592.3821095384616,5635.040923076923,5640.608,5687.08676923077,5703.33476923077,5717.639384615385,5722.466538461538,5725.513923076924,5726.162538461539,5727.325538461539,0.3009748172217709,-0.8505817481791472,-0.5258428374186587,-0.6613118654123131,0.7501110695522942,1.0,5.0,8.0
1637942002.0,3.0000000000000004,0.3360228461538462,111.53846153846155,2697.8461538461543,603.184521846154,4973.801307692309,4977.981000000002,5021.232923076924,5035.449923076923,5048.061461538463,5052.306846153847,5054.9733076923085,5055.540846153847,5056.597846153847,0.3013809910641755,-0.8511930181756818,-0.5248527848920813,-0.6401096997419592,0.768283523379396,1.0,6.0,7.0
1637942018.0,3.0,0.30464115384615387,98.46153846153847,2678.1538461538466,613.9869341538463,4312.561692307692,4315.354000000001,4355.379076923077,4367.565076923078,4378.483538461539,4382.147153846154,4384.432692307693,4384.919153846155,4385.870153846154,0.30178716490658,-0.8518031357955272,-0.5238620217661388,-0.6184083954244894,0.785856893122729,1.0,7.0,6.0
1637942034.0,3.0,0.2732594615384616,85.38461538461539,2658.4615384615386,624.7893464615385,3651.322076923077,3652.7270000000003,3689.525230769231,3699.680230769231,3708.9056153846154,3711.9874615384615,3713.892076923077,3714.297461538462,3715.1424615384617,0.3021933387489846,-0.8524121001821511,-0.5228705494317445,-0.5962248752076607,0.8028174750113561,1.0,8.0,5.0
1637942050.0,3.0,0.24187776923076923,72.3076923076923,2638.769230769231,635.5917587692308,2990.0824615384613,2990.1,3023.671384615385,3031.7953846153846,3039.327692307693,3041.8277692307693,3043.351461538462,3043.6757692307697,3044.4147692307693,0.3025995125913891,-0.8530199105415677,-0.521878369181609,-0.5735764363937668,0.8191520442590785,1.0,9.0,4.0
1637942066.0,3.0,0.21049607692307695,59.23076923076923,2619.0769230769233,646.3941710769232,2328.842846153846,2327.4730000000004,2357.8175384615383,2363.9105384615386,2369.7497692307693,2371.6680769230766,2372.8108461538463,2373.054076923077,2373.687076923077,0.3030056864337936,-0.8536265660204839,-0.5208854824086351,-0.5504807403091285,0.8348478631156181,1.0,10.0,3.0
1637942082.0,3.0000000000000004,0.17911438461538462,46.15384615384616,2599.3846153846157,657.1965833846155,1667.6032307692308,1664.846,1691.9636923076926,1696.0256923076925,1700.1718461538464,1701.5083846153846,1702.270230769231,1702.4323846153848,1702.9593846153848,0.3034118602761982,-0.8542320658203589,-0.5198918904198083,-0.5269557955129358,0.8498926929767834,1.0,11.0,2.0
1637942098.0,3.0,0.14773269230769231,33.07692307692308,2579.6923076923076,667.9989956923077,1006.3636153846154,1002.219,1026.1098461538463,1028.1408461538463,1030.5939230769231,1031.3486923076923,1031.7296153846155,1031.8106923076925,1032.2316923076924,0.3038180341186027,-0.8548364091138395,-0.5188975945727214,-0.5030199468337277,0.8642748018352691,1.0,12.0,1.0
1637942114.0,3.0,0.116351,20.0,2560.0,678.801408,345.124,339.592,360.256,360.256,361.016,361.189,361.189,361.189,361.504,0.3042242079610073,-0.8554395950827326,-0.5179025962135066,-0.4786918579284092,0.877982975434631,0.0,0.0,0.0
1637942130.0,3.0,0.018223,30.0,2560.0,722.69824,447.802,448.48,456.8,457.924,459.665,460.658,460.974,460.974,464.236,0.3046303818034118,-0.8560416229179336,-0.5169068966767907,-0.453990499505003,0.891006524307874,0.0,0.0,0.0
1637942146.0,3.0,0.046967,50.0,2560.0,845.103104,780.508,787.733,798.267,799.066,801.661,803.377,815.72,815.72,816.303,0.3050365556458164,-0.8566424917818183,-0.5159104973479774,-0.4289351333607656,0.9033352928834244,0.0,0.0,0.0
1637942162.0,3.0,0.046967,60.0,2560.0,895.115264,916.302,925.165,933.895,935.06,947.508,948.309,948.423,949.071,950.263,0.3054427294882209,-0.857242200890956,-0.5149133995262015,-0.4035452960813266,0.914959667969378,0.0,0.0,0.0
1637942178.0,3.0,0.317442,80.0,2560.0,951.88992,1151.112,1163.129,1189.169,1190.308,1201.145,1203.498,1204.796,1204.804,1205.861,0.3058489033306255,-0.857840749403427,-0.5139156046112695,-0.377840787175597,0.9258705846642528,0.0,0.0,0.0
1637942194.0,3.0,0.29742776923076925,75.38461538461539,2540.3076923076924,921.2839778461539,1088.2913846153847,1099.502923076923,1123.7199230769231,1124.7713076923078,1134.9952307692308,1137.4619230769233,1138.660076923077,1138.6674615384618,1139.6633846153848,0.3062550771730301,-0.8584381365388261,-0.5129171139041354,-0.351841648532363,0.9360595356909884,1.0,1.0,12.0
1637942210.0,3.0000000000000004,0.2774135384615385,70.76923076923079,2520.615384615385,890.6780356923078,1025.4707692307695,1035.8768461538461,1058.2708461538464,1059.2346153846156,1068.8454615384617,1071.4258461538464,1072.524153846154,1072.5309230769233,1073.4657692307694,0.3066612510154346,-0.8590343614584927,-0.5119179288065614,-0.3255681547906419,0.9455185754844886,1.0,2.0,11.0
1637942226.0,3.0000000000000004,0.25739930769230773,66.15384615384616,2500.923076923077,860.0720935384616,962.6501538461539,972.2507692307693,992.8217692307694,993.6979230769232,1002.6956923076923,1005.3897692307694,1006.3882307692309,1006.3943846153848,1007.2681538461541,0.3070674248578391,-0.8596294233776167,-0.5109180506338235,-0.2990407923547159,0.9542403284853684,1.0,3.0,10.0
1637942242.0,3.0,0.23738507692307692,61.53846153846154,2481.2307692307695,829.4661513846153,899.8295384615385,908.6246923076923,927.3726923076923,928.1612307692308,936.545923076923,939.3536923076923,940.2523076923077,940.2578461538461,941.0705384615385,0.3074735987002437,-0.8602233214756863,-0.5099174807646215,-0.2722802473481746,0.9622179934422432,1.0,4.0,9.0
1637942258.0,3.0,0.21737084615384616,56.92307692307693,2461.538461538462,798.8602092307692,837.0089230769231,844.9986153846154,861.9236153846155,862.6245384615385,870.3961538461539,873.3176153846155,874.1163846153846,874.1213076923077,874.8729230769233,0.3078797725426482,-0.8608160549709103,-0.5089162205160284,-0.2453073859469898,0.9694453498778848,1.0,5.0,8.0
1637942274.0,3.0000000000000004,0.1973566153846154,52.307692307692314,2441.846153846154,768.2542670769232,774.1883076923078,781.3725384615385,796.4745384615386,797.0878461538463,804.2463846153847,807.2815384615386,807.9804615384617,807.9847692307694,808.6753076923078,0.3082859463850528,-0.8614076230311615,-0.5079142712936942,-0.2181432416762947,0.9759167618762152,1.0,6.0,7.0
1637942290.0,3.0,0.17734238461538462,47.6923076923077,2422.1538461538466,737.648324923077,711.3676923076924,717.7464615384616,731.0254615384616,731.551153846154,738.0966153846153,741.2454615384617,741.8445384615385,741.8482307692309,742.4776923076925,0.3086921202274573,-0.8619980248851362,-0.5069116344039897,-0.1908089954131731,0.981627183440544,1.0,7.0,6.0
1637942306.0,3.0,0.15732815384615387,43.07692307692308,2402.4615384615386,707.0423827692308,648.5470769230769,654.1203846153846,665.5763846153847,666.0144615384615,671.9468461538462,675.2093846153847,675.7086153846154,675.7116923076924,676.280076923077,0.3090982940698619,-0.8625872597039806,-0.5059083112544974,-0.1633259624918497,0.9865721615655444,1.0,8.0,5.0
1637942322.0,3.0,0.13731392307692308,38.46153846153846,2382.769230769231,676.4364406153845,585.7264615384615,590.4943076923076,600.1273076923078,600.4777692307692,605.7970769230769,609.1733076923077,609.5726923076924,609.5751538461539,610.0824615384615,0.3095044679122664,-0.8631753267194331,-0.5049043031533796,-0.1357155724385559,0.9907478404708612,1.0,9.0,4.0
1637942338.0,3.0,0.11729969230769231,33.84615384615385,2363.0769230769233,645.8304984615385,522.9058461538463,526.8682307692308,534.6782307692308,534.9410769230769,539.6473076923077,543.1372307692309,543.4367692307693,543.4386153846154,543.8848461538462,0.309910641754671,-0.8637622251059176,-0.5038996115101441,-0.1079993559253431,0.9941509639484896,1.0,10.0,3.0
1637942354.0,3.0000000000000004,0.09728546153846154,29.230769230769234,2343.3846153846157,615.2245563076923,460.0852307692308,463.2421538461539,469.2291538461539,469.4043846153847,473.49753846153845,477.1011538461539,477.3008461538462,477.302076923077,477.68723076923084,0.3103168155970755,-0.8643479540982189,-0.5028942376347371,-0.0801989243002202,0.9967788784585514,1.0,11.0,2.0
1637942370.0,3.0,0.07727123076923077,24.615384615384617,2323.6923076923076,584.6186141538461,397.2646153846154,399.61607692307695,403.780076923077,403.8676923076923,407.34776923076925,411.06507692307696,411.1649230769231,411.16553846153846,411.4896153846154,0.3107229894394801,-0.8649325128813465,-0.5018881829259972,-0.0523359559652517,0.9986295347691272,1.0,12.0,1.0
1637942386.0,3.0,0.057257,20.0,2304.0,554.012672,334.444,335.99,338.331,338.331,341.198,345.029,345.029,345.029,345.292,0.3111291632818846,-0.8655159006639369,-0.5008814487460024,-0.0244321780909177,0.999701489782692,0.0,0.0,0.0
1637942402.0,3.0,0.05228,30.0,2304.0,598.020096,461.139,463.566,469.283,469.654,476.739,477.072,478.84,478.84,478.936,0.3115353371242892,-0.8660981166780335,-0.4998740364199399,0.0034906517263175,0.9999939076567044,0.0,0.0,0.0
1637942418.0,3.0,0.063039,50.0,2304.0,720.330752,1182.895,1184.024,1192.918,1193.037,1202.827,1204.388,1206.612,1206.612,1216.076,0.3119415109666937,-0.8666791601062747,-0.4988659473620966,0.0314107587074263,0.9995065603773812,0.0,0.0,0.0
1637942434.0,3.0,0.053342,60.0,2304.0,770.41664,994.92,994.238,1006.11,1006.397,1011.641,1014.116,1024.014,1025.79,1026.254,0.3123476848090983,-0.867259030191079,-0.4978571828868487,0.0593063734546325,0.9982398279309735,0.0,0.0,0.0
1637942450.0,3.0,0.251371,70.0,2304.0,822.448128,1267.345,1264.335,1293.791,1300.007,1318.112,1321.86,1323.537,1324.174,1326.706,0.3127538586515028,-0.8678377261183778,-0.4968477444103811,0.0871557424110814,0.9961946981211922,0.0,0.0,0.0
1637942466.0,3.0,0.422716,90.0,2304.0,835.301376,1408.73,1408.431,1445.394,1447.712,1454.553,1458.848,1466.389,1467.337,1468.626,0.3131600324939074,-0.8684152471336506,-0.4958376332488293,0.1149371504049328,0.9933727656105708,0.0,0.0,0.0
1637942482.0,3.0,0.336332,100.0,2304.0,835.530752,1437.461,1447.774,1471.322,1472.923,1479.463,1487.923,1490.477,1490.605,1490.927,0.3135662063363119,-0.8689915924261266,-0.494826850820269,0.1426289334037884,0.989776230951268,0.0,0.0,0.0
1637942498.0,3.0,0.336332,110.0,2304.0,431.611904,1671.552,1677.373,1712.816,1715.665,1726.47,1729.257,1731.21,1731.245,1735.436,0.3139723801787165,-0.8695667612371639,-0.4938153984552417,0.1702094991113445,0.9854078984929364,0.0,0.0,0.0
1637942514.0,3.0,0.30866058333333335,101.66666666666666,2282.6666666666665,437.9494399999999,1556.0269999999998,1561.3560833333333,1593.9131666666667,1596.52475,1606.4497499999998,1609.0045,1610.7947499999998,1610.826833333333,1616.9112499999999,0.314378554021121,-0.8701407527808521,-0.4928032775357445,0.1976573401126715,0.9802711746754486,1.0,1.0,11.0
1637942530.0,3.0,0.2809891666666667,93.33333333333333,2261.333333333333,444.2869759999999,1440.5019999999997,1445.3391666666666,1475.0103333333332,1477.3844999999997,1486.4295,1488.752,1490.3795,1490.4086666666665,1498.3864999999998,0.3147847278635255,-0.8707135662800897,-0.4917904894320424,0.2249510543219657,0.9743700647902912,1.0,2.0,10.0
1637942546.0,3.0,0.25331775,85.0,2240.0,450.624512,1324.977,1329.3222500000002,1356.1075,1358.24425,1366.40925,1368.4995000000001,1369.96425,1369.9904999999999,1379.86175,0.3151909017059301,-0.8712852009522286,-0.4907770355279825,0.2520693580120298,0.967709170542164,1.0,3.0,9.0
1637942562.0,3.0,0.22564633333333334,76.66666666666666,2218.6666666666665,456.962048,1209.452,1213.3053333333332,1237.2046666666668,1239.104,1246.389,1248.2469999999998,1249.5489999999998,1249.572333333333,1261.337,0.3155970755483346,-0.8718556560447834,-0.489762917157598,0.2789911060493577,0.9602936856740004,1.0,4.0,8.0
1637942578.0,2.9999999999999996,0.19797491666666667,68.33333333333333,2197.333333333333,463.2995839999999,1093.9269999999997,1097.2884166666665,1118.3018333333332,1119.96375,1126.3687499999999,1127.9944999999998,1129.13375,1129.1541666666665,1142.8122499999997,0.3160032493907392,-0.8724249307569034,-0.4887481357445901,0.3056953047671839,0.9521293928050424,1.0,5.0,7.0
1637942594.0,3.0,0.1703035,60.0,2176.0,469.63712,978.4019999999999,981.2715000000001,999.399,1000.8235,1006.3485000000001,1007.742,1008.7185,1008.7359999999999,1024.2875,0.3164094232331438,-0.8729930243463514,-0.4877326926120606,0.3321611319247993,0.9432226579331288,1.0,6.0,6.0
1637942610.0,3.0,0.14263208333333333,51.666666666666664,2154.6666666666665,475.9746559999999,862.8769999999998,865.2545833333332,880.4961666666666,881.6832499999998,886.3282499999999,887.4894999999999,888.3032499999999,888.3178333333332,905.7627499999999,0.3168155970755483,-0.8735599360297569,-0.4867165891601466,0.3583679498187568,0.9335804263922316,1.0,7.0,5.0
1637942626.0,3.0,0.11496066666666667,43.33333333333333,2133.333333333333,482.312192,747.352,749.2376666666667,761.5933333333334,762.543,766.308,767.237,767.8879999999999,767.8996666666666,787.2379999999999,0.3172217709179529,-0.8741256650254682,-0.4856998267899455,0.3842953223006112,0.9232102172624984,1.0,8.0,4.0
1637942642.0,3.0,0.08728925,35.0,2112.0,488.649728,631.827,633.2207500000001,642.6905,643.40275,646.28775,646.9845,647.47275,647.4815,668.71325,0.3176279447603574,-0.8746902105888179,-0.4846824068398701,0.4099230337141248,0.9121201162295504,1.0,9.0,3.0
1637942658.0,3.0,0.059617833333333335,26.666666666666664,2090.6666666666665,494.9872639999999,516.302,517.2038333333334,523.7876666666667,524.2625,526.2674999999999,526.732,527.0574999999999,527.0633333333333,550.1885,0.318034118602762,-0.8752535719413725,-0.4836643307128081,0.4352310990517722,0.900318771557156,1.0,10.0,2.0
1637942674.0,3.0,0.031946416666666665,18.333333333333332,2069.333333333333,501.3248,400.777,401.18691666666666,404.88483333333335,405.12225,406.24724999999995,406.4795,406.64224999999993,406.6451666666666,431.66375,0.3184402924451665,-0.875815748341537,-0.4826455997488774,0.4601997846891177,0.8878153851855067,1.0,11.0,1.0
1637942690.0,3.0,0.004275,10.0,2048.0,507.662336,285.252,285.17,285.982,285.982,286.227,286.227,286.227,286.227,313.139,0.3188464662875711,-0.8763767390000827,-0.4816262153782546,0.484809619963814,0.8746197072960009,0.0,0.0,0.0
1637942706.0,3.0,0.041497,30.0,2048.0,616.153088,470.595,470.958,475.834,478.34,485.193,485.398,485.797,485.797,489.031,0.3192526401299756,-0.8769365431855736,-0.480606178930043,0.5090414156869502,0.8607420270414509,0.0,0.0,0.0
1637942722.0,3.0,0.041497,40.0,2048.0,649.576448,625.079,627.055,635.288,637.293,642.147,644.04,647.891,647.891,651.201,0.3196588139723801,-0.8774951601121114,-0.4795854918362522,0.5328762758253328,0.8461931662820988,0.0,0.0,0.0
1637942738.0,3.0,0.10729,60.0,2048.0,788.426752,912.505,914.202,935.962,937.473,943.296,952.769,953.156,961.336,962.412,0.3200649878147847,-0.8780525890513549,-0.478564155427684,0.5562956154665175,0.8309844692969469,0.0,0.0,0.0
1637942754.0,3.0,0.250322,70.0,2048.0,844.361728,1172.564,1180.578,1188.344,1192.274,1198.982,1202.516,1202.685,1203.231,1209.535,0.3204711616571892,-0.8786088292207404,-0.4775421711381729,0.5792811721332083,0.8151277958774172,0.0,0.0,0.0
1637942770.0,3.0,0.361771,90.0,2048.0,853.102592,2439.907,2442.543,2479.266,2487.136,2497.627,2503.653,2504.427,2507.739,2507.996,0.3208773354995938,-0.8791638798950254,-0.4765195403002119,0.6018150231459493,0.7986355100518888,0.0,0.0,0.0
1637942786.0,3.0,0.391688,100.0,2048.0,853.52448,1779.766,1785.025,1814.822,1817.172,1822.147,1825.581,1827.335,1827.577,1827.581,0.3212835093419984,-0.8797177402949853,-0.4754962643494528,0.6238795965343598,0.7815204725585405,0.0,0.0,0.0
1637942802.0,3.0,0.375684,110.0,2048.0,435.4048,1547.186,1550.734,1590.62,1593.874,1600.373,1604.549,1608.695,1609.084,1609.982,0.3216896831844029,-0.880270409691576,-0.4744723446328825,0.64545768774334,0.7637960286182568,0.0,0.0,0.0
1637942818.0,3.0,0.519861,120.0,2048.0,442.396672,1768.414,1771.731,1835.834,1837.078,1848.031,1852.312,1860.158,1860.277,1860.553,0.3220958570268075,-0.8808218873227395,-0.473447782562351,0.666532470107116,0.7454759998101257,0.0,0.0,0.0
1637942834.0,3.0,0.4816583076923077,111.53846153846155,2028.3076923076924,448.2463901538462,1665.1497692307692,1668.235153846154,1727.7941538461541,1728.9424615384617,1739.2486153846155,1743.2003076923077,1750.4427692307693,1750.5526153846156,1750.8153846153848,0.322502030869212,-0.8813721724625236,-0.4724225794865138,0.6870875108468609,0.7265746709308444,1.0,1.0,12.0
1637942850.0,3.0000000000000004,0.4434556153846155,103.07692307692308,2008.6153846153848,454.09610830769236,1561.8855384615385,1564.7393076923079,1619.7543076923077,1620.806923076923,1630.4662307692308,1634.0886153846154,1640.7275384615384,1640.828230769231,1641.0777692307695,0.3229082047116166,-0.8819212643521132,-0.4713967368189667,0.7071067814041597,0.7071067809689353,1.0,2.0,11.0
1637942866.0,3.0000000000000004,0.4052529230769231,94.61538461538461,1988.9230769230771,459.9458264615385,1458.6213076923077,1461.2434615384616,1511.7144615384616,1512.6713846153846,1521.6838461538462,1524.976923076923,1531.0123076923076,1531.1038461538462,1531.3401538461542,0.3233143785540211,-0.8824691622344276,-0.4703702559742351,0.7265746707138468,0.6870875110763294,1.0,3.0,10.0
1637942882.0,3.0,0.36705023076923077,86.15384615384616,1969.2307692307693,465.79554461538464,1355.3570769230769,1357.7476153846153,1403.6746153846154,1404.5358461538463,1412.9014615384615,1415.8652307692307,1421.297076923077,1421.3794615384616,1421.6025384615384,0.3237205523964256,-0.8830158653951017,-0.4693431382906749,0.7454759995996199,0.6665324703425539,1.0,4.0,9.0
1637942898.0,3.0,0.3288475384615385,77.6923076923077,1949.5384615384617,471.64526276923084,1252.092846153846,1254.2517692307692,1295.6347692307693,1296.4003076923077,1304.119076923077,1306.7535384615385,1311.5818461538463,1311.655076923077,1311.8649230769233,0.3241267262388302,-0.8835613730666294,-0.4683153852102368,0.7637960284144069,0.6454576879845638,1.0,5.0,8.0
1637942914.0,3.0000000000000004,0.2906448461538462,69.23076923076924,1929.846153846154,477.494980923077,1148.8286153846154,1150.7559230769232,1187.5949230769234,1188.2647692307694,1195.3366923076924,1197.6418461538462,1201.8666153846154,1201.9306923076924,1202.1273076923078,0.3245329000812347,-0.8841056845309619,-0.4672869980858009,0.7815204723615055,0.6238795967811813,1.0,6.0,7.0
1637942930.0,3.0,0.25244215384615387,60.769230769230774,1910.1538461538464,483.3446990769231,1045.5643846153846,1047.2600769230771,1079.555076923077,1080.1292307692308,1086.5543076923077,1088.5301538461538,1092.1513846153846,1092.2063076923077,1092.3896923076925,0.3249390739236393,-0.8846487990443505,-0.4662579783225038,0.7986355098618222,0.601815023398176,1.0,7.0,6.0
1637942946.0,3.0,0.21423946153846155,52.30769230769231,1890.4615384615386,489.19441723076926,942.3001538461539,943.7642307692308,971.5152307692308,971.9936923076923,977.7719230769231,979.4184615384615,982.4361538461538,982.4819230769232,982.6520769230771,0.3253452477660438,-0.8851907158714969,-0.4652283273134891,0.8151277956944674,0.5792811723906438,1.0,8.0,5.0
1637942962.0,3.0,0.17603676923076925,43.84615384615385,1870.7692307692307,495.0441353846154,839.035923076923,840.2683846153847,863.4753846153847,863.8581538461539,868.9895384615385,870.3067692307692,872.7209230769231,872.7575384615385,872.9144615384616,0.3257514216084484,-0.8857314342719692,-0.4641980464656441,0.8309844691212565,0.5562956157289609,1.0,9.0,4.0
1637942978.0,3.0,0.13783407692307692,35.38461538461539,1851.076923076923,500.89385353846154,735.7716923076923,736.7725384615386,755.4355384615385,755.7226153846154,760.2071538461539,761.195076923077,763.0056923076924,763.0331538461539,763.1768461538462,0.326157595450853,-0.8862709535339781,-0.4631671371351525,0.8461931661138047,0.5328762760925795,1.0,10.0,3.0
1637942994.0,3.0000000000000004,0.09963138461538464,26.923076923076927,1831.3846153846157,506.74357169230774,632.5074615384616,633.2766923076924,647.3956923076923,647.587076923077,651.4247692307692,652.0833846153846,653.2904615384616,653.3087692307693,653.4392307692309,0.3265637692932575,-0.8868092729001028,-0.4621356007692882,0.8607420268806842,0.5090414159587916,1.0,11.0,2.0
1637943010.0,3.0,0.061428692307692316,18.461538461538463,1811.6923076923078,512.5932898461539,529.2432307692308,529.7808461538463,539.3558461538462,539.4515384615385,542.6423846153847,542.9716923076924,543.5752307692308,543.5843846153847,543.7016153846155,0.3269699431356621,-0.8873463916684668,-0.4611034387129984,0.8746197071428872,0.4848096202400384,1.0,12.0,1.0
1637943026.0,3.0,0.023226,10.0,1792.0,518.443008,425.979,426.285,431.316,431.316,433.86,433.86,433.86,433.86,433.964,0.3273761169780666,-0.8878823090850193,-0.4600706524153157,0.8878153850401653,0.4601997849695096,0.0,0.0,0.0
1637943042.0,3.0,0.055005,30.0,1792.0,626.91328,461.391,460.297,466.856,466.908,472.735,476.639,477.05,477.05,478.239,0.3277822908204711,-0.8884170244510156,-0.459037243222817,0.9003187714197003,0.4352310993361129,0.0,0.0,0.0
1637943058.0,3.0,0.076968,40.0,1792.0,660.3776,635.119,631.939,646.877,647.076,651.393,654.333,654.418,654.418,658.243,0.3281884646628757,-0.8889505370157789,-0.4580032125862858,0.9121201161000876,0.4099230340021927,0.0,0.0,0.0
1637943074.0,3.0,0.012773,60.0,1792.0,798.961664,1259.537,1256.975,1293.791,1294.915,1298.972,1300.215,1300.379,1300.457,1300.895,0.3285946385052802,-0.8894828460770501,-0.456968561866865,0.9232102171411292,0.3842953225921816,0.0,0.0,0.0
1637943090.0,3.0,0.290628,70.0,1792.0,854.654976,3367.064,3379.776,3388.409,3394.704,3397.874,3398.764,3402.101,3404.508,3414.776,0.3290008123476848,-0.8900139509141148,-0.4559332924652987,0.9335804266128072,0.3583679492441378,0.0,0.0,0.0
1637943106.0,3.0,0.33542,80.0,1792.0,859.62752,1136.543,1141.574,1164.879,1168.552,1180.988,1189.65,1191.717,1194.075,1194.391,0.3294069861900893,-0.8905438507880301,-0.4548974058220456,0.9432226578282248,0.33216113222269,0.0,0.0,0.0
1637943122.0,3.0,0.477527,100.0,1792.0,428.58496,1373.566,1381.824,1405.816,1407.305,1421.132,1425.02,1429.132,1431.594,1434.31,0.3298131600324939,-0.8910725450078968,-0.4538609032877251,0.952129392708497,0.3056953050678876,0.0,0.0,0.0
1637943138.0,3.0,0.477527,110.0,1792.0,436.71552,1543.632,1537.264,1585.193,1585.998,1595.173,1608.447,1610.92,1616.01,1618.914,0.3302193338748984,-0.8916000328314913,-0.4528237863174633,0.9602936855858888,0.2789911063526398,0.0,0.0,0.0
1637943154.0,3.0,0.352226,120.0,1792.0,442.380288,1733.584,1746.816,1775.879,1780.75,1797.64,1802.993,1805.413,1808.007,1811.45,0.330625507717303,-0.8921263135710595,-0.4517860562634836,0.9677091704625548,0.2520693583176539,0.0,0.0,0.0
1637943170.0,3.0,0.346443,140.0,1792.0,453.996544,3242.394,3222.749,3319.016,3333.119,3345.785,3358.222,3360.796,3363.08,3365.858,0.3310316815597076,-0.8926513864877661,-0.4507477145826353,0.9743700647192464,0.2249510546296934,0.0,0.0,0.0
1637943186.0,3.0,0.591882,150.0,1792.0,464.297984,2909.17,2910.165,2987.69,2992.213,3000.4,3016.883,3024.633,3024.966,3026.002,0.3314378554021121,-0.8931752508970054,-0.4497087626287387,0.980271174613024,0.197657340422263,0.0,0.0,0.0
1637943202.0,3.0,0.47938,160.0,1792.0,471.47008,3107.491,3114.095,3227.177,3231.519,3254.467,3256.636,3257.039,3262.914,3266.526,0.3318440292445166,-0.8936979060633345,-0.4486692018603586,0.9854078984391804,0.1702094994225582,0.0,0.0,0.0
1637943218.0,3.0,0.622327,170.0,1792.0,480.088064,5983.258,5992.13,6046.504,6055.426,6079.975,6090.716,6100.286,6101.926,6104.748,0.3322502030869212,-0.8942193512987863,-0.4476290336459173,0.9897762309062226,0.1426289337163818,0.0,0.0,0.0
1637943234.0,3.0,0.507196,180.0,1792.0,546.455552,2717.775,2730.404,2800.706,2817.093,2851.415,2855.77,2867.218,2867.25,2868.383,0.3326563769293257,-0.8947395858843566,-0.4465882594196694,0.993372765574271,0.114937150718662,0.0,0.0,0.0
1637943250.0,3.0,0.600781,190.0,1792.0,557.330432,2871.74,2870.679,2929.786,2942.434,2976.733,2997.461,3015.666,3018.344,3022.63,0.3330625507717303,-0.8952586091352195,-0.4455468805516118,0.9961946980936665,0.0871557427257019,0.0,0.0,0.0
1637943266.0,3.0,0.629792,200.0,1792.0,565.194752,7592.76,7584.002,7673.675,7702.211,7726.265,7737.505,7746.227,7749.361,7760.575,0.3334687246141348,-0.8957764203227281,-0.4445048985037163,0.9982398279122432,0.0593063737698989,0.0,0.0,0.0
1637943282.0,3.0,0.628946,210.0,1792.0,576.483328,11836.517,11829.056,11925.881,11939.05,11966.875,11986.768,11988.634,11990.771,11995.218,0.3338748984565394,-0.896293018771745,-0.4434623146345496,0.9995065603674612,0.0314107590230928,0.0,0.0,0.0
1637943298.0,3.0,0.812504,220.0,1792.0,586.825728,11406.797,11402.069,11476.271,11483.68,11526.453,11546.176,11548.196,11549.102,11554.295,0.3342810722989439,-0.8968084037570276,-0.4424191304077753,0.9999939076572276,0.0034906515764794,0.0,0.0,0.0
1637943314.0,3.0,0.6672115000000001,225.0,1792.0,592.683008,10822.537,10816.3625,10898.162,10908.587,10954.2125,10966.8925,10979.268,10980.1525,10983.642,0.3346872461413485,-0.8973225746066019,-0.4413753471835274,0.9997014897790312,-0.024432178240712,1.0,1.0,1.0
1637943330.0,3.0,0.521919,230.0,1792.0,598.540288,10238.277,10230.656,10320.053,10333.494,10381.972,10387.609,10410.34,10411.203,10412.989,0.335093419983753,-0.8978355306050408,-0.440330966414088,0.9986295347369144,-0.0523359565799085,0.0,0.0,0.0
1637943346.0,3.0,0.807389,240.0,1792.0,609.85344,11523.903,11519.885,11605.635,11614.27,11656.659,11662.864,11678.363,11681.964,11686.071,0.3354995938261575,-0.8983472710643146,-0.439285989500347,0.99677887848388,-0.0801989239854152,0.0,0.0,0.0
1637943362.0,3.0,0.839309,246.66666666666666,1791.9999999999998,618.35264,11505.161,11501.681333333332,11605.676,11619.270666666667,11653.101333333334,11662.649333333333,11673.211,11675.910333333333,11680.012333333334,0.3359057676685621,-0.8988577952916005,-0.4382404178570516,0.9941509639825982,-0.1079993556113681,1.0,1.0,2.0
1637943378.0,3.0,0.8712289999999999,253.33333333333331,1791.9999999999998,626.8518399999999,11486.419,11483.477666666666,11605.716999999999,11624.271333333334,11649.543666666666,11662.434666666666,11668.059,11669.856666666667,11673.953666666666,0.3363119415109667,-0.8993671025893609,-0.4371942529128418,0.9907478405137232,-0.1357155721256557,1.0,2.0,1.0
1637943394.0,3.0,0.903149,260.0,1792.0,635.35104,11467.677,11465.274,11605.758,11629.272,11645.986,11662.22,11662.907,11663.803,11667.895,0.3367181153533712,-0.8998751922871536,-0.4361474960448108,0.9865721616171264,-0.1633259621802682,0.0,0.0,0.0
1637943410.0,3.0,0.95988,270.0,1792.0,650.514432,11444.347,11436.092,11555.58,11587.844,11609.074,11621.947,11639.572,11640.087,11640.672,0.3371242891957758,-0.9003820636716813,-0.4351001487224804,0.981627183500806,-0.1908089951031533,0.0,0.0,0.0
1637943426.0,3.0,0.9061334999999999,275.0,1792.0,657.3035520000001,12116.764500000001,12103.119,12239.579,12270.136999999999,12300.396499999999,12311.1775,12323.278,12324.9335,12328.503,0.3375304630381803,-0.90088771608207,-0.4340522123114128,0.97591676194511,-0.2181432413680784,1.0,1.0,1.0
1637943442.0,3.0,0.852387,280.0,1792.0,664.092672,12789.182,12770.146,12923.578,12952.43,12991.719,13000.408,13006.984,13009.78,13016.334,0.3379366368805849,-0.901392148808444,-0.4330036882827857,0.9694453499553584,-0.2453073856408174,0.0,0.0,0.0
1637943458.0,3.0,0.852387,290.0,1792.0,679.268352,13658.479,13686.94,13781.764,13817.16,13875.801,13911.857,13932.354,13932.714,13933.079,0.3383428107229894,-0.9018953611931094,-0.4319545780036956,0.9622179935282354,-0.2722802470442846,0.0,0.0,0.0
1637943474.0,3.0,0.8751905,295.0,1792.0,686.604288,14848.748,14870.336,14986.881,15013.674500000001,15064.4905,15101.943,15119.1025,15120.764,15124.998,0.338748984565394,-0.9023973525296158,-0.4309048829469681,0.954240328579812,-0.2990407920533456,1.0,1.0,1.0
1637943490.0,3.0,0.897994,300.0,1792.0,693.940224,16039.017,16053.732,16191.998,16210.189,16253.18,16292.029,16305.851,16308.814,16316.917,0.3391551584077985,-0.902898122157197,-0.4298546044943654,0.9455185755873105,-0.3255681544920261,0.0,0.0,0.0
1637943506.0,3.0,0.8873923333333332,306.6666666666667,1791.9999999999998,704.970752,16959.111666666668,16965.53,17110.758666666665,17134.195333333333,17173.811666666665,17208.070333333333,17219.654,17225.423666666666,17234.078666666665,0.3395613322502031,-0.9033976693915978,-0.4288037440809366,0.936059535802108,-0.3518416482367346,1.0,1.0,2.0
1637943522.0,3.0,0.8767906666666666,313.3333333333333,1791.9999999999998,716.00128,17879.20633333333,17877.327999999998,18029.51933333333,18058.201666666664,18094.443333333333,18124.111666666664,18133.457,18142.033333333333,18151.24033333333,0.3399675060926076,-0.9038959935565036,-0.4277523031293942,0.9258705847835832,-0.3778407868831865,1.0,2.0,1.0
1637943538.0,3.0,0.866189,320.0,1792.0,727.031808,18799.301,18789.126,18948.28,18982.208,19015.075,19040.153,19047.26,19058.643,19068.402,0.3403736799350121,-0.9043930939710464,-0.4267002830763977,0.9149596679089111,-0.4035452962184233,0.0,0.0,0.0
1637943554.0,3.0,0.823495,325.0,1792.0,735.533056,19590.843,19593.2605,19725.6535,19761.389499999997,19805.5265,19829.9825,19840.279,19846.695,19856.0535,0.3407798537774167,-0.9048889699808524,-0.4256476853067477,0.9033352928191531,-0.4289351334961205,1.0,1.0,1.0
1637943570.0,3.0,0.780801,330.0,1792.0,744.034304,20382.385,20397.395,20503.027,20540.571,20595.978,20619.812,20633.298,20634.747,20643.705,0.3411860276198213,-0.9053836209021278,-0.4245945112718158,0.8910065240284426,-0.4539905000534177,0.0,0.0,0.0
1637943586.0,3.0,0.8780105,335.0,1792.0,752.580608,21848.085,21852.3105,21980.374,22019.3015,22092.795,22105.861,22118.216999999997,22121.86,22131.014000000003,0.3415922014622258,-0.9058770460528603,-0.4235407624238117,0.8779829755858125,-0.4786918576511226,1.0,1.0,1.0
1637943602.0,3.0,0.97522,340.0,1792.0,761.126912,23313.785,23307.226,23457.721,23498.032,23589.612,23591.91,23603.136,23608.973,23618.323,0.3419983753046304,-0.9063692447835602,-0.4224864401498334,0.864274801994134,-0.5030199465607705,0.0,0.0,0.0
1637943618.0,3.0000000000000004,1.029536,344.0,1792.0000000000002,768.8470528,24197.306800000002,24188.9804,24341.800000000003,24377.352,24464.4094,24470.174000000003,24485.5496,24492.8136,24501.7446,0.3424045491470349,-0.9068602164216828,-0.4214315458904553,0.8498926931432077,-0.5269557952445207,1.0,1.0,4.0
1637943634.0,3.0000000000000004,1.083852,348.00000000000006,1792.0000000000002,776.5671936000001,25080.828600000004,25070.734800000002,25225.879000000004,25256.672000000002,25339.206800000004,25348.438000000002,25367.963200000002,25376.654200000004,25385.166200000003,0.3428107229894395,-0.9073499603025234,-0.4203760810738515,0.8348478632894721,-0.550480740045465,1.0,2.0,3.0
1637943650.0,3.0000000000000004,1.138168,352.00000000000006,1792.0000000000002,784.2873344000001,25964.350400000003,25952.489200000004,26109.958000000002,26135.992000000002,26214.004200000003,26226.702000000005,26250.376800000002,26260.494800000004,26268.5878,0.343216896831844,-0.907838475756938,-0.4193200471421791,0.8191520444402266,-0.5735764361350604,1.0,3.0,2.0
1637943666.0,3.0,1.1924839999999999,356.0,1792.0,792.0074752,26847.8722,26834.2436,26994.037000000004,27015.312,27088.8016,27104.966,27132.7904,27144.3354,27152.009400000003,0.3436230706742486,-0.9083257621418536,-0.4182634454855227,0.8028174751996573,-0.596224874954113,1.0,4.0,1.0
1637943682.0,3.0,1.2468,360.0,1792.0,799.727616,27731.394,27715.998,27878.116,27894.632,27963.599,27983.23,28015.204,28028.176,28035.431,0.3440292445166531,-0.9088118187731778,-0.4172062775872249,0.7858568933180362,-0.6184083951762983,0.0,0.0,0.0
1637943698.0,3.0,1.1302724999999998,365.0,1792.0,808.5422080000001,27906.7375,27890.6875,28042.474000000002,28076.124499999998,28141.796,28161.857,28182.6555,28190.412,28198.4655,0.3444354183590576,-0.909296645017176,-0.4161485448256524,0.7682835235815568,-0.6401096994993182,1.0,1.0,1.0
1637943714.0,3.0,1.013745,370.0,1792.0,817.3568,28082.081,28065.377,28206.832,28257.617,28319.993,28340.484,28350.107,28352.648,28361.5,0.3448415922014622,-0.9097802401932096,-0.4150902486857357,0.7501110697611512,-0.6613118651754113,0.0,0.0,0.0
1637943730.0,3.0,0.9433176666666666,373.3333333333333,1791.9999999999998,824.2189653333334,29209.452666666664,29208.779333333332,29342.375666666663,29379.68933333333,29444.016333333333,29468.531,29476.151333333335,29482.947666666667,29490.642666666663,0.3452477660438667,-0.9102626036707532,-0.4140313905473125,0.7313537015838996,-0.681998360100322,1.0,1.0,2.0
1637943746.0,3.0,0.8728903333333333,376.66666666666663,1791.9999999999998,831.0811306666667,30336.82433333333,30352.181666666664,30477.91933333333,30501.76166666666,30568.039666666664,30596.577999999998,30602.195666666667,30613.247333333333,30619.78533333333,0.3456539398862713,-0.9107437347726262,-0.4129719718968932,0.7120260461065725,-0.7021530528779613,1.0,2.0,1.0
1637943762.0,3.0,0.802463,380.0,1792.0,837.943296,31464.196,31495.584,31613.463,31623.834,31692.063,31724.625,31728.24,31743.547,31748.928,0.3460601137286759,-0.9112236328715154,-0.4119119941157791,0.6921431738092452,-0.7217602281570141,0.0,0.0,0.0
1637943778.0,3.0,0.7942146666666667,383.3333333333333,1791.9999999999998,844.7986346666667,31879.96133333333,31907.735999999997,32036.972666666665,32049.750666666663,32115.539666666664,32148.200666666664,32156.523999999998,32168.82733333333,32174.125666666663,0.3464662875710804,-0.9117022972937012,-0.4108514586920525,0.671720589765429,-0.740804595885571,1.0,1.0,2.0
1637943794.0,3.0,0.7859663333333333,386.66666666666663,1791.9999999999998,851.6539733333333,32295.726666666662,32319.888,32460.48233333333,32475.66733333333,32539.016333333333,32571.77633333333,32584.807999999997,32594.107666666663,32599.32333333333,0.346872461413485,-0.912179727409124,-0.4097903670217446,0.6507742175300008,-0.759271307108477,1.0,2.0,1.0
1637943810.0,3.0,0.777718,390.0,1792.0,858.509312,32711.492,32732.04,32883.992,32901.584,32962.493,32995.352,33013.092,33019.388,33024.521,0.3472786352558895,-0.912655922571366,-0.4087287205413988,0.6293203911264308,-0.7771459613949468,0.0,0.0,0.0
1637943826.0,3.0,0.883048,395.0,1792.0,870.445056,33614.528,33614.1175,33773.095,33801.9135,33879.534,33900.2445,33919.9145,33926.298500000004,33934.626000000004,0.3476848090982941,-0.9131308821178844,-0.4076665207281732,0.6073758399734293,-0.7944146203441697,1.0,1.0,1.0
1637943842.0,3.0,0.988378,400.0,1792.0,882.3808,34517.564,34496.195,34662.198,34702.243,34796.575,34805.137,34826.737,34833.209,34844.731,0.3480909829406986,-0.9136046054294136,-0.4066037689669951,0.5849576750403682,-0.8110638189509917,0.0,0.0,0.0
1637943858.0,3.0,1.0040943333333334,403.3333333333333,1791.9999999999998,889.26208,35863.52766666667,35861.72466666667,36009.61066666667,36049.63933333333,36152.08933333333,36163.653333333335,36184.12566666667,36189.13933333333,36203.765,0.3484971567831031,-0.914077091840902,-0.4055404667498413,0.5620833780852466,-0.8270805741161363,1.0,1.0,2.0
1637943874.0,3.0,1.0198106666666666,406.66666666666663,1791.9999999999998,896.1433599999999,37209.49133333333,37227.25433333333,37357.02333333333,37397.03566666666,37507.60366666666,37522.16966666667,37541.51433333333,37545.06966666666,37562.799,0.3489033306255077,-0.9145483407363084,-0.4044766154630763,0.5387707850342529,-0.842452396989631,1.0,2.0,1.0
1637943890.0,3.0,1.035527,410.0,1792.0,903.02464,38555.455,38592.784,38704.436,38744.432,38863.118,38880.686,38898.903,38901.0,38921.833,0.3493095044679122,-0.9150183514540552,-0.4034122166002205,0.5150380751233444,-0.8571673005739546,0.0,0.0,0.0
1637943906.0,3.0,1.0563065,412.5,1792.0,908.713984,39060.79,39087.378,39229.737,39264.901,39368.46725,39385.455500000004,39402.36725,39405.4985,39424.21725,0.3497156783103168,-0.9154871233754738,-0.4023472715623905,0.4909037536146961,-0.87121381112044,1.0,1.0,3.0
1637943922.0,3.0,1.077086,415.0,1792.0,914.403328,39566.125,39581.972,39755.038,39785.369999999995,39873.8165,39890.225000000006,39905.8315,39909.997,39926.601500000004,0.3501218521527213,-0.9159546558600292,-0.4012817818046758,0.4663866405307916,-0.8845809751144336,1.0,2.0,2.0
1637943938.0,3.0,1.0978655,417.5,1792.0,920.092672,40071.46,40076.566000000006,40280.339,40305.839,40379.16575,40394.9945,40409.295750000005,40414.4955,40428.98575,0.3505280259951259,-0.91642094827475,-0.4002157487695952,0.4415058527616574,-0.8972583696891334,1.0,3.0,1.0
1637943954.0,3.0,1.118645,420.0,1792.0,925.782016,40576.795,40571.16,40805.64,40826.308,40884.515,40899.764,40912.76,40918.994,40931.37,0.3509341998375304,-0.9168859999825358,-0.3991491739137454,0.4162807924265971,-0.909236108970978,0.0,0.0,0.0
1637943970.0,3.0,1.0454489999999999,423.3333333333333,1791.9999999999998,933.7091413333333,41190.82466666666,41190.11,41412.74833333333,41441.17866666666,41489.68433333333,41503.52533333334,41520.985,41525.647666666664,41535.65966666667,0.351340373679935,-0.9173498103711988,-0.3980820586410867,0.390731128428009,-0.9205048534784456,1.0,1.0,2.0
1637943986.0,3.0,0.9722529999999999,426.66666666666663,1791.9999999999998,941.6362666666666,41804.85433333333,41809.06,42019.85666666666,42056.04933333333,42094.85366666666,42107.28666666667,42129.21,42132.30133333333,42139.94933333333,0.3517465475223396,-0.9178123787896046,-0.3970144044497218,0.3648767844770581,-0.931055815807883,1.0,2.0,1.0
1637944002.0,3.0,0.899057,430.0,1792.0,949.563392,42418.884,42428.01,42626.965,42670.92,42700.023,42711.048,42737.435,42738.955,42744.239,0.3521527213647441,-0.9182737046346432,-0.3959462127316895,0.3387379201516002,-0.9408807689879564,0.0,0.0,0.0
1637944018.0,3.0,0.9484473333333332,433.3333333333333,1791.9999999999998,957.4113279999999,43494.971999999994,43505.28433333333,43723.01133333333,43764.94233333333,43793.755,43805.75633333333,43827.10133333333,43832.30433333333,43838.403666666665,0.3525588952071486,-0.9187337872586676,-0.3948774849866036,0.3123349190654986,-0.949972051342748,1.0,1.0,2.0
1637944034.0,3.0,0.9978376666666666,436.66666666666663,1791.9999999999998,965.2592639999999,44571.06,44582.558666666664,44819.05766666666,44858.96466666667,44887.486999999994,44900.46466666667,44916.76766666667,44925.653666666665,44932.56833333333,0.3529650690495532,-0.919192626061809,-0.3938082226079027,0.285688367724153,-0.9583225743699816,1.0,2.0,1.0
1637944050.0,3.0,1.047228,440.0,1792.0,973.1072,45647.148,45659.833,45915.104,45952.987,45981.219,45995.173,46006.434,46019.003,46026.733,0.3533712428919577,-0.9196502204056272,-0.3927384270833212,0.2588190451833868,-0.9659258262674004,0.0,0.0,0.0
1637944066.0,3.0,1.07139925,442.5,1792.0,979.5020800000001,46169.402500000004,46182.1005,46414.521250000005,46446.81175,46484.807,46506.95675,46520.705,46531.0895,46538.18675,0.3537774167343623,-0.9201065696706529,-0.3916680998612268,0.2317479037860271,-0.9727758781398632,1.0,1.0,3.0
1637944082.0,3.0,1.0955705,445.0,1792.0,985.89696,46691.657,46704.368,46913.938500000004,46940.6365,46988.395000000004,47018.7405,47034.975999999995,47043.176,47049.6405,0.3541835905767668,-0.9205616732561536,-0.3905972423505198,0.2044960518914151,-0.9788673887513178,1.0,2.0,2.0
1637944098.0,3.0,1.11974175,447.5,1792.0,992.2918400000001,47213.9115,47226.6355,47413.35575,47434.46125,47491.983,47530.52425,47549.246999999996,47555.2625,47561.09425,0.3545897644191714,-0.9210155305232182,-0.3895258560545565,0.1770847405823788,-0.9841956079219576,1.0,3.0,1.0
1637944114.0,3.0,1.143913,450.0,1792.0,998.68672,47736.166,47748.903,47912.773,47928.286,47995.571,48042.308,48063.518,48067.349,48072.548,0.3549959382615759,-0.9214681408800942,-0.3884539423702414,0.1495353434611844,-0.988756381044363,0.0,0.0,0.0
1637944130.0,3.0,1.1582335,452.5,1792.0,1004.778496,48059.841499999995,48065.674,48233.227000000006,48259.345,48325.993500000004,48368.4715,48388.0395,48392.149750000004,48396.34875,0.3554021121039805,-0.9219195036913708,-0.3873815028024139,0.1218693436373963,-0.9925461516128056,1.0,1.0,3.0
1637944146.0,3.0,1.1725539999999999,455.0,1792.0,1010.870272,48383.517,48382.445,48553.681,48590.403999999995,48656.416,48694.634999999995,48712.561,48716.950500000006,48720.1495,0.355808285946385,-0.9223696183685476,-0.386308538749352,0.0941083133032334,-0.9955619646045244,1.0,2.0,2.0
1637944162.0,3.0,1.1868745,457.5,1792.0,1016.962048,48707.192500000005,48699.216,48874.135,48921.462999999996,48986.8385,49020.7985,49037.0825,49041.75125,49043.950249999994,0.3562144597887896,-0.9228184842797178,-0.3852350517173694,0.0662739006005287,-0.997801468278731,1.0,3.0,1.0
1637944178.0,3.0,1.201195,460.0,1792.0,1023.053824,49030.868,49015.987,49194.589,49252.522,49317.261,49346.962,49361.604,49366.552,49367.751,0.3566206336311942,-0.923266100834046,-0.384161043119545,0.0383878090391841,-0.999262916412478,0.0,0.0,0.0
1637944194.0,3.0,1.19145975,462.5,1792.0,1030.00064,50171.132249999995,50162.8575,50340.93375,50389.86675,50465.3485,50495.472,50512.2475,50517.63725,50520.01425,0.3570268074735987,-0.9237124674199032,-0.3830865144233533,0.0104717842841844,-0.9999451693637534,1.0,1.0,3.0
1637944210.0,3.0,1.1817245,465.0,1792.0,1036.9474559999999,51311.3965,51309.728,51487.2785,51527.2115,51613.436,51643.982,51662.891,51668.7225,51672.2775,0.3574329813160032,-0.9241575834329736,-0.3820114670835501,-0.0174524065186651,-0.9998476951549709,1.0,2.0,2.0
1637944226.0,3.0,1.17198925,467.5,1792.0,1043.894272,52451.66075,52456.5985,52633.623250000004,52664.556249999994,52761.523499999996,52792.492,52813.5345,52819.80775,52824.54075,0.3578391551584078,-0.9246014482650912,-0.3809359025690487,-0.0453629879944673,-0.9989705697968352,1.0,3.0,1.0
1637944242.0,3.0,1.162254,470.0,1792.0,1050.841088,53591.925,53603.469,53779.968,53801.901,53909.611,53941.002,53964.178,53970.893,53976.804,0.3582453290008123,-0.9250440613319576,-0.3798598222956432,-0.073238197241741,-0.9973144772160784,0.0,0.0,0.0
1637944258.0,3.0,1.153362,472.5,1792.0,1057.2513279999998,54062.63925000001,54062.96125,54258.733,54292.99625,54390.094999999994,54416.96425,54437.030999999995,54442.714,54449.64825,0.3586515028432169,-0.9254854220121964,-0.3787832277740221,-0.1010562966182878,-0.994880708886144,1.0,1.0,3.0
1637944274.0,3.0,1.14447,475.0,1792.0,1063.661568,54533.3535,54522.4535,54737.498,54784.091499999995,54870.579,54892.9265,54909.884,54914.535,54922.49249999999,0.3590576766856214,-0.925925529730349,-0.3777061204078809,-0.128795596261991,-0.991671162424076,1.0,2.0,2.0
1637944290.0,3.0,1.135578,477.5,1792.0,1070.0718080000001,55004.06775,54981.94575,55216.263,55275.18675,55351.062999999995,55368.88875,55382.736999999994,55386.356,55395.336749999995,0.359463850528026,-0.9263643838795178,-0.3766285016823891,-0.1564344649721986,-0.9876883406059128,1.0,3.0,1.0
1637944306.0,3.0,1.126686,480.0,1792.0,1076.482048,55474.782,55441.438,55695.028,55766.282,55831.547,55844.851,55855.59,55858.177,55868.181,0.3598700243704305,-0.926801983854628,-0.3755503730834598,-0.1839513503323874,-0.9829353492020172,0.0,0.0,0.0
1637944322.0,3.0,1.10300175,482.5,1792.0,1083.5968,56252.364499999996,56225.603500000005,56458.8495,56528.68475,56600.468,56618.99800000001,56629.7675,56632.019,56642.15075,0.3602761982128351,-0.9272383290796744,-0.3744717360302819,-0.2113247964203408,-0.9774158942936736,1.0,1.0,3.0
1637944338.0,3.0,1.0793175000000002,485.0,1792.0,1090.711552,57029.947,57009.769,57222.671,57291.087499999994,57369.388999999996,57393.145000000004,57403.945,57405.861000000004,57416.1205,0.3606823720552396,-0.9276734189584288,-0.3733925919966538,-0.2385334573336831,-0.9711342799697888,1.0,2.0,2.0
1637944354.0,3.0,1.05563325,487.5,1792.0,1097.826304,57807.529500000004,57793.9345,57986.4925,58053.490249999995,58138.31,58167.292,58178.1225,58179.703,58190.090249999994,0.3610885458976441,-0.9281072529018418,-0.3723129424435802,-0.2655561174840755,-0.964095404234863,1.0,3.0,1.0
1637944370.0,3.0,1.031949,490.0,1792.0,1104.941056,58585.112,58578.1,58750.314,58815.893,58907.231,58941.439,58952.3,58953.545,58964.06,0.3614947197400487,-0.9285398303171634,-0.3712327888462621,-0.2923717045131582,-0.95630475602711,0.0,0.0,0.0
1637944386.0,3.0000000000000004,1.0417036,492.0,1792.0000000000002,1110.523904,58832.05580000001,58832.2246,59003.0996,59063.7742,59148.567,59185.501000000004,59195.7062,59199.595400000006,59209.4138,0.3619008935824533,-0.9289711506349528,-0.3701521326265348,-0.3189593093266806,-0.9477684099999572,1.0,1.0,4.0
1637944402.0,3.0000000000000004,1.0514582000000001,494.00000000000006,1792.0000000000002,1116.1067520000001,59078.9996,59086.34920000001,59255.885200000004,59311.6554,59389.903000000006,59429.563,59439.112400000005,59445.645800000006,59454.7676,0.3623070674248578,-0.9294012132496876,-0.3690709753015109,-0.3452981988238511,-0.938493022823827,1.0,2.0,3.0
1637944418.0,3.0000000000000004,1.0612128,496.00000000000006,1792.0000000000002,1121.6896000000002,59325.94340000001,59340.47380000001,59508.67080000001,59559.53660000001,59631.23900000001,59673.62500000001,59682.5186,59691.696200000006,59700.1214,0.3627132412672624,-0.92983001760064,-0.3679893182808349,-0.3713678356089244,-0.9284858268574394,1.0,3.0,2.0
1637944434.0,3.0,1.0709674,498.0,1792.0,1127.272448,59572.887200000005,59594.5984,59761.4564,59807.4178,59872.575000000004,59917.687000000005,59925.9248,59937.746600000006,59945.4752,0.3631194151096669,-0.9302575630858192,-0.3669071630830244,-0.3971478904942637,-0.9177546257447882,1.0,4.0,1.0
1637944450.0,3.0,1.080722,500.0,1792.0,1132.855296,59819.831,59848.723,60014.242,60055.299,60113.911,60161.749,60169.331,60183.797,60190.829,0.3635255889520715,-0.9306838491477792,-0.365824511119025,-0.4226182618279157,-0.9063077869959804,0.0,0.0,0.0
1637944466.0,3.0,1.1296552499999999,502.5,1792.0,1140.120576,61105.429749999996,61125.12075,61288.7875,61331.7445,61392.998250000004,61447.899000000005,61457.534999999996,61468.996,61475.1305,0.363931762794476,-0.9311088751880652,-0.364741363908751,-0.4477590877313935,-0.8941542368931381,1.0,1.0,3.0
1637944482.0,3.0,1.1785885,505.0,1792.0,1147.3858559999999,62391.0285,62401.5185,62563.333,62608.19,62672.0855,62734.049,62745.739,62754.195,62759.432,0.3643379366368806,-0.931532640647224,-0.3636577228779971,-0.4725507649829669,-0.8813034520039126,1.0,2.0,2.0
1637944498.0,3.0,1.22752175,507.5,1792.0,1154.651136,63676.627250000005,63677.916249999995,63837.8785,63884.6355,63951.17275,64020.199,64033.943,64039.394,64043.7335,0.3647441104792851,-0.9319551449462148,-0.3625735895073993,-0.4969739605479192,-0.8677654536436187,1.0,3.0,1.0
1637944514.0,3.0,1.276455,510.0,1792.0,1161.916416,64962.226,64954.314,65112.424,65161.081,65230.26,65306.349,65322.147,65324.593,65328.035,0.3651502843216896,-0.932376387513028,-0.3614889652647171,-0.521009631581623,-0.8535507974333932,0.0,0.0,0.0
1637944530.0,3.0000000000000004,1.2868214,512.0,1792.0000000000002,1167.8466048,65205.804800000005,65186.32060000001,65375.946200000006,65425.919,65500.45480000001,65564.99540000001,65578.5828,65582.45360000001,65589.55960000001,0.3655564581640942,-0.9327963677826072,-0.3604038516048006,-0.5446390349697039,-0.8386705679748573,1.0,1.0,4.0
1637944546.0,3.0000000000000004,1.2971878000000001,514.0000000000001,1792.0000000000002,1173.7767936000002,65449.38360000001,65418.32720000001,65639.46840000001,65690.75700000001,65770.6496,65823.64180000001,65835.01860000001,65840.31420000001,65851.08420000001,0.3659626320064987,-0.933215085170626,-0.3593182500374582,-0.5678437448305572,-0.8231363686879647,1.0,2.0,3.0
1637944562.0,3.0000000000000004,1.3075542,516.0,1792.0000000000002,1179.7069824000002,65692.9624,65650.33380000001,65902.9906,65955.595,66040.8444,66082.28820000001,66091.4544,66098.17480000001,66112.6088,0.3663688058489033,-0.9336325391311484,-0.3582321619781291,-0.5906056676029637,-0.806960312156216,1.0,3.0,2.0
1637944578.0,3.0,1.3179206,518.0,1792.0,1185.6371712,65936.5412,65882.3404,66166.51280000001,66220.433,66311.0392,66340.93460000001,66347.89020000001,66356.0354,66374.1334,0.3667749796913079,-0.9340487290781192,-0.3571455889515514,-0.6129070534654423,-0.7901550125211568,1.0,4.0,1.0
1637944594.0,3.0,1.328287,520.0,1792.0,1191.56736,66180.12,66114.347,66430.035,66485.271,66581.234,66599.581,66604.326,66613.896,66635.658,0.3671811535337124,-0.9344636544637156,-0.3560585323880292,-0.6347305132115431,-0.7727335734897322,0.0,0.0,0.0
1637944610.0,3.0000000000000004,1.29137,522.0,1792.0000000000002,1197.8293248,67018.5926,66964.3888,67253.263,67311.514,67407.2314,67433.244,67439.5098,67447.4708,67468.8154,0.367587327376117,-0.9348773147209768,-0.3549709937728655,-0.6560590288363081,-0.7547095803568153,1.0,1.0,4.0
1637944626.0,3.0000000000000004,1.2544530000000003,524.0000000000001,1792.0000000000002,1204.0912896000002,67857.0652,67814.4306,68076.49100000001,68137.75700000001,68233.22880000001,68266.907,68274.69360000001,68281.0456,68301.9728,0.3679935012185215,-0.935289709289866,-0.3538829745784301,-0.6768759697158042,-0.7360970870892574,1.0,2.0,3.0
1637944642.0,3.0000000000000004,1.2175360000000002,526.0,1792.0000000000002,1210.3532544000002,68695.5378,68664.4724,68899.71900000001,68964.0,69059.2262,69100.57,69109.8774,69114.6204,69135.13020000001,0.3683996750609261,-0.9357008376069272,-0.3527944762913594,-0.6971651027317625,-0.7169106077699026,1.0,3.0,2.0
1637944658.0,3.0,1.180619,528.0,1792.0,1216.6152192,69534.0104,69514.5142,69722.947,69790.243,69885.22360000001,69934.233,69945.0612,69948.1952,69968.28760000001,0.3688058489033306,-0.936110699130954,-0.3517055003444736,-0.7169106077048955,-0.6971651027986108,1.0,4.0,1.0
1637944674.0,3.0,1.143702,530.0,1792.0,1222.877184,70372.483,70364.556,70546.175,70616.486,70711.221,70767.896,70780.245,70781.77,70801.445,0.3692120227457351,-0.9365192932865491,-0.3506160482665652,-0.7360970870261421,-0.6768759697844415,0.0,0.0,0.0
1637944690.0,3.0000000000000004,1.1005374,532.0,1792.0000000000002,1229.1137536,70813.2028,70802.0818,71008.1554,71069.77780000001,71171.61140000001,71219.4924,71234.7212,71241.5074,71261.28760000001,0.3696181965881397,-0.936926619540976,-0.3495261214780937,-0.7547095802956412,-0.656059028906681,1.0,1.0,4.0
1637944706.0,3.0000000000000004,1.0573728,534.0000000000001,1792.0000000000002,1235.3503232000003,71253.9226,71239.6076,71470.13580000002,71523.06960000002,71632.00180000001,71671.0888,71689.1974,71701.2448,71721.13020000001,0.3700243704305442,-0.937332677322397,-0.3484357215091864,-0.7727335734305467,-0.6347305132835965,1.0,2.0,3.0
1637944722.0,3.0000000000000004,1.0142082000000001,536.0,1792.0000000000002,1241.5868928000002,71694.6424,71677.1334,71932.1162,71976.36140000001,72092.3922,72122.6852,72143.67360000001,72160.9822,72180.9728,0.3704305442729488,-0.937737466101382,-0.3473448497815387,-0.7901550124640063,-0.6129070535391202,1.0,3.0,2.0
1637944738.0,3.0,0.9710436,538.0,1792.0,1247.8234624000002,72135.3622,72114.6592,72394.0966,72429.65320000002,72552.7826,72574.2816,72598.1498,72620.7196,72640.8154,0.3708367181153533,-0.9381409853096556,-0.3462535078266044,-0.8069603118261228,-0.5906056680539788,1.0,4.0,1.0
1637944754.0,3.0,0.927879,540.0,1792.0,1254.060032,72576.082,72552.185,72856.077,72882.945,73013.173,73025.878,73052.626,73080.457,73100.658,0.3712428919577579,-0.9385432344160752,-0.3451616970809649,-0.8231363683705933,-0.5678437452906133,0.0,0.0,0.0
1637944770.0,3.0,0.9666108333333333,541.6666666666666,1792.0,1259.2312319999999,73461.40633333332,73437.39883333333,73729.99733333333,73764.85866666667,73886.61683333332,73901.38133333332,73925.64883333333,73949.69716666665,73967.67383333332,0.3716490658001625,-0.9389442128760064,-0.344069419022756,-0.8386705679240724,-0.5446390350479057,1.0,1.0,5.0
1637944786.0,3.0,1.0053426666666665,543.3333333333334,1791.9999999999998,1264.402432,74346.73066666667,74322.61266666665,74603.91766666666,74646.77233333334,74760.06066666666,74776.88466666666,74798.67166666666,74818.93733333334,74834.68966666666,0.372055239642567,-0.9393439201315612,-0.3429766751717542,-0.8535507971421977,-0.5210096320586779,1.0,2.0,4.0
1637944802.0,3.0,1.0440745,545.0,1792.0,1269.573632,75232.055,75207.8265,75477.838,75528.686,75633.5045,75652.388,75671.69450000001,75688.17749999999,75701.7055,0.3724614134849716,-0.93974235566159,-0.3418834669527109,-0.8677654533658568,-0.4969739610329187,1.0,3.0,3.0
1637944818.0,3.0,1.0828063333333333,546.6666666666666,1791.9999999999998,1274.744832,76117.37933333333,76093.04033333332,76351.75833333333,76410.59966666666,76506.94833333332,76527.89133333333,76544.71733333333,76557.41766666666,76568.72133333332,0.3728675873273761,-0.940139518906737,-0.3407897959003602,-0.8813034519598496,-0.4725507650651441,1.0,4.0,2.0
1637944834.0,3.0,1.1215381666666664,548.3333333333333,1791.9999999999998,1279.916032,77002.70366666667,76978.25416666665,77225.67866666666,77292.51333333332,77380.39216666666,77403.39466666666,77417.74016666667,77426.65783333333,77435.73716666666,0.3732737611697806,-0.9405354093491688,-0.3396956634406624,-0.8941542368513868,-0.447759087814769,1.0,5.0,1.0
1637944850.0,3.0,1.16027,550.0,1792.0,1285.087232,77888.028,77863.468,78099.599,78174.427,78253.836,78278.898,78290.763,78295.898,78302.753,0.3736799350121852,-0.9409300264331022,-0.338601071109649,-0.9063077869565732,-0.4226182619124244,0.0,0.0,0.0
1637944866.0,3.0,1.1348182954545454,537.7272727272727,1786.1818181818182,1290.0876101818183,76122.49056818182,76098.50347727272,76329.35436363636,76402.48172727272,76480.14490909092,76504.63731818182,76516.23265909092,76521.25095454547,76527.99981818181,0.3740861088545897,-0.9413233696440244,-0.3375060203344816,-0.917754625707756,-0.3971478905798398,1.0,1.0,43.0
1637944882.0,3.0,1.1093665909090908,525.4545454545455,1780.3636363636363,1295.0879883636367,74356.95313636365,74333.53895454545,74559.10972727272,74630.53645454545,74706.45381818182,74730.37663636365,74741.70231818184,74746.60390909092,74753.24663636365,0.3744922826969943,-0.941715438429728,-0.336410512652481,-0.9284858268228112,-0.371367835695501,1.0,2.0,42.0
1637944898.0,3.0000000000000004,1.0839148863636363,513.1818181818181,1774.5454545454547,1300.0883665454546,72591.41570454546,72568.57443181818,72788.86509090911,72858.59118181819,72932.76272727273,72956.11595454546,72967.17197727274,72971.95686363637,72978.49345454546,0.3748984565393988,-0.9421062322741433,-0.3353145495057116,-0.9384930227916296,-0.3452981989113609,1.0,3.0,41.0
1637944914.0,3.0000000000000004,1.0584631818181818,500.909090909091,1768.727272727273,1305.0887447272728,70825.87827272728,70803.60990909091,71018.62045454547,71086.64590909092,71159.07163636363,71181.85527272728,71192.64163636365,71197.30981818182,71203.74027272727,0.3753046303818034,-0.94249575064328,-0.3342181323916467,-0.9477684099702158,-0.3189593094150553,1.0,4.0,40.0
1637944930.0,3.0,1.033011477272727,488.6363636363636,1762.9090909090908,1310.089122909091,69060.34084090909,69038.64538636363,69248.37581818181,69314.70063636363,69385.38054545454,69407.5945909091,69418.11129545455,69422.66277272727,69428.98709090908,0.3757108042242079,-0.9428839930097872,-0.3331212627946762,-0.956304755999848,-0.2923717046023288,1.0,5.0,39.0
1637944946.0,3.0,1.0075597727272725,476.3636363636364,1757.0909090909092,1315.0895010909092,67294.80340909092,67273.68086363636,67478.13118181817,67542.75536363636,67611.68945454546,67633.33390909091,67643.58095454547,67648.01572727274,67654.23390909091,0.3761169780666125,-0.9432709588432092,-0.3320239422135289,-0.964095404086442,-0.2655561180229144,1.0,6.0,38.0
1637944962.0,3.0,0.9821080681818182,464.09090909090907,1751.2727272727273,1320.0898792727273,65529.265977272735,65508.716340909086,65707.88654545456,65770.8100909091,65837.99836363638,65859.07322727273,65869.05061363638,65873.36868181819,65879.48072727273,0.3765231519090171,-0.9436566476341453,-0.3309261720926386,-0.9711342798364708,-0.2385334578764561,1.0,7.0,37.0
1637944978.0,3.0,0.9566563636363636,451.8181818181818,1745.4545454545455,1325.0902574545455,63763.728545454556,63743.751818181816,63937.64190909092,63998.86481818182,64064.307272727274,64084.81254545455,64094.520272727284,64098.72163636364,64104.727545454545,0.3769293257514216,-0.9440410588411342,-0.3298279539731437,-0.9774158941755628,-0.2113247969666246,1.0,8.0,36.0
1637944994.0,3.0000000000000004,0.9312046590909091,439.5454545454546,1739.6363636363637,1330.0906356363637,61998.19111363637,61978.787295454546,62167.39727272728,62226.91954545455,62290.61618181818,62310.55186363637,62319.98993181819,62324.0745909091,62329.97436363637,0.3773354995938262,-0.9444241919629696,-0.3287292892869332,-0.9829353490992055,-0.1839513508817561,1.0,9.0,35.0
1637945010.0,3.0,0.9057529545454545,427.27272727272725,1733.818181818182,1335.0910138181819,60232.653681818185,60213.82277272727,60397.15263636364,60454.97427272727,60516.925090909084,60536.29118181818,60545.45959090909,60549.42754545454,60555.221181818175,0.3777416734362307,-0.9448060464665454,-0.3276301795626526,-0.9876883405913264,-0.1564344650642956,1.0,10.0,34.0
1637945026.0,3.0,0.88030125,415.0,1728.0,1340.091392,58467.11625000001,58448.85825,58626.908,58683.028999999995,58743.234,58762.03050000001,58770.92925000001,58774.78050000001,58780.468,0.3781478472786352,-0.945186621839686,-0.3265306262745996,-0.9916711623520914,-0.1287955968162423,1.0,11.0,33.0
1637945042.0,3.0,0.8548495454545454,402.72727272727275,1722.181818181818,1345.0917701818182,56701.57881818182,56683.89372727273,56856.66336363637,56911.08372727273,56969.54290909091,56987.76981818182,56996.398909090916,57000.13345454546,57005.71481818182,0.3785540211210398,-0.9455659175671476,-0.3254306309114099,-0.9948807088296632,-0.1010562971743328,1.0,12.0,32.0
1637945058.0,3.0,0.8293978409090909,390.45454545454544,1716.3636363636363,1350.0921483636364,54936.04138636364,54918.92920454546,55086.41872727273,55139.13845454546,55195.85181818182,55213.509136363646,55221.86856818183,55225.48640909092,55230.96163636364,0.3789601949634443,-0.9459439331306988,-0.3243301949760832,-0.9973144772092494,-0.0732381973347355,1.0,13.0,31.0
1637945074.0,3.0000000000000004,0.8039461363636363,378.18181818181824,1710.5454545454547,1355.0925265454546,53170.503954545464,53153.96468181818,53316.1740909091,53367.193181818184,53422.16072727273,53439.24845454546,53447.33822727273,53450.83936363637,53456.208454545456,0.3793663688058489,-0.9463206680327204,-0.3232293199171541,-0.9989705697926056,-0.0453629880876163,1.0,14.0,30.0
1637945090.0,3.0,0.7784944318181817,365.90909090909093,1704.7272727272727,1360.0929047272728,51404.96652272727,51389.0001590909,51545.929454545454,51595.247909090904,51648.46963636363,51664.98777272727,51672.80788636364,51676.19231818182,51681.45527272727,0.3797725426482534,-0.9466961217443212,-0.3221280072801202,-0.9998476951533434,-0.0174524066118959,1.0,15.0,29.0
1637945106.0,3.0,0.7530427272727271,353.6363636363636,1698.9090909090908,1365.093282909091,49639.42909090909,49624.03563636363,49775.68481818182,49823.30263636364,49874.77854545454,49890.72709090909,49898.27754545455,49901.54527272727,49906.702090909086,0.380178716490658,-0.9470702937759742,-0.3210262585009051,-0.99994516936473,0.0104717841909445,1.0,16.0,28.0
1637945122.0,3.0,0.7275910227272726,341.3636363636364,1693.0909090909092,1370.093661090909,47873.891659090914,47859.07111363636,48005.44018181818,48051.35736363636,48101.08745454545,48116.466409090914,48123.747204545456,48126.89822727273,48131.94890909091,0.3805848903330625,-0.947443183602386,-0.3199240751262328,-0.9992629164160576,0.0383878089460078,1.0,17.0,27.0
1637945138.0,3.0000000000000004,0.7021393181818182,329.09090909090907,1687.2727272727275,1375.0940392727273,46108.35422727273,46094.10659090909,46235.19554545455,46279.41209090909,46327.39636363637,46342.20572727273,46349.21686363637,46352.25118181819,46357.19572727273,0.3809910641754671,-0.9478147907373722,-0.3188214585931622,-0.9978014682849106,0.0662739005074887,1.0,18.0,26.0
1637945154.0,3.0,0.6766876136363636,316.8181818181818,1681.4545454545455,1380.0944174545455,44342.81679545455,44329.14206818182,44464.95090909091,44507.46681818182,44553.705272727275,44567.94504545455,44574.68652272728,44577.60413636364,44582.44254545455,0.3813972380178717,-0.9481851146592404,-0.3177184104496355,-0.9955619646132996,0.0941083132104023,1.0,19.0,25.0
1637945170.0,3.0,0.651235909090909,304.54545454545456,1675.6363636363635,1385.0947956363636,42577.279363636364,42564.177545454535,42694.70627272727,42735.52154545454,42780.01418181818,42793.68436363636,42800.15618181818,42802.95709090909,42807.68936363636,0.3818034118602762,-0.9485541548805444,-0.3166149321476425,-0.9925461516241691,0.1218693435448463,1.0,20.0,24.0
1637945186.0,3.0,0.6257842045454545,292.27272727272725,1669.818181818182,1390.0951738181818,40811.74193181818,40799.213022727265,40924.46163636364,40963.57627272727,41006.323090909085,41019.423681818174,41025.62584090909,41028.31004545454,41032.93618181818,0.3822095857026807,-0.9489219108970176,-0.3155110251949254,-0.9887563811279392,0.1495353429085622,1.0,21.0,23.0
1637945202.0,3.0,0.6003324999999999,280.0,1664.0,1395.095552,39046.2045,39034.248499999994,39154.217000000004,39191.631,39232.632,39245.163,39251.0955,39253.663,39258.183,0.3826157595450853,-0.9492883822107714,-0.3144066910860141,-0.9841956080209312,0.1770847400323057,1.0,22.0,22.0
1637945218.0,3.0,0.5748807954545454,267.72727272727275,1658.181818181818,1400.0959301818182,37280.66706818182,37269.283977272724,37383.97236363636,37419.68572727273,37458.94090909091,37470.90231818183,37476.56515909092,37479.01595454546,37483.42981818182,0.3830219333874898,-0.949653568321098,-0.3133019313298364,-0.978867388865612,0.20449605134432,1.0,23.0,21.0
1637945234.0,3.0,0.5494290909090909,255.4545454545455,1652.3636363636365,1405.0963083636364,35515.129636363636,35504.31945454546,35613.72772727274,35647.74045454546,35685.249818181815,35696.64163636364,35702.034818181826,35704.36890909091,35708.676636363634,0.3834281072298944,-0.9500174687472658,-0.3121967473806188,-0.9727758782693888,0.2317479032423365,1.0,24.0,20.0
1637945250.0,3.0,0.5239773863636363,243.1818181818182,1646.5454545454547,1410.0966865454545,33749.59220454546,33739.35493181818,33843.48309090909,33875.79518181818,33911.55872727273,33922.38095454546,33927.504477272734,33929.72186363637,33933.92345454545,0.3838342810722989,-0.9503800829874556,-0.3110911407622482,-0.965925826291534,0.2588190450933191,1.0,25.0,19.0
1637945266.0,3.0,0.49852568181818185,230.9090909090909,1640.7272727272727,1415.0970647272727,31984.05477272728,31974.39040909091,32073.23845454546,32103.84990909091,32137.867636363637,32148.120272727276,32152.974136363642,32155.07481818182,32159.17027272727,0.3842404549147035,-0.9507414105417188,-0.3099851129992261,-0.9583225745296547,0.2856883671885405,1.0,26.0,18.0
1637945282.0,3.0,0.47307397727272726,218.63636363636363,1634.909090909091,1420.097442909091,30218.517340909093,30209.42588636363,30302.993818181818,30331.904636363633,30364.176545454542,30373.85959090909,30378.443795454546,30380.42777272727,30384.417090909086,0.384646628757108,-0.9511014509389456,-0.3088786655336238,-0.9499720515173138,0.3123349185345533,1.0,27.0,17.0
1637945298.0,3.0,0.4476222727272727,206.36363636363637,1629.090909090909,1425.097821090909,28452.97990909091,28444.461363636365,28532.749181818184,28559.959363636364,28590.485454545455,28599.59890909091,28603.913454545458,28605.78072727273,28609.66390909091,0.3850528025995126,-0.9514602036736828,-0.3077717999187616,-0.940880769019542,0.3387379200638678,1.0,28.0,16.0
1637945314.0,3.0,0.42217056818181814,194.09090909090912,1623.2727272727273,1430.0981992727272,26687.442477272733,26679.49684090909,26762.50454545455,26788.01409090909,26816.794363636363,26825.33822727273,26829.383113636366,26831.133681818184,26834.910727272727,0.3854589764419171,-0.9518176682737148,-0.3066645176116541,-0.931055815841906,0.3648767843902418,1.0,29.0,15.0
1637945330.0,3.0,0.3967188636363636,181.8181818181818,1617.4545454545455,1435.0985774545454,24921.905045454547,24914.532318181817,24992.25990909091,25016.06881818182,25043.10327272727,25051.077545454544,25054.852772727274,25056.486636363636,25060.157545454542,0.3858651502843216,-0.9521738442461456,-0.3055568201390974,-0.9205048535148794,0.3907311283421765,1.0,30.0,14.0
1637945346.0,3.0,0.37126715909090907,169.54545454545453,1611.6363636363637,1440.0989556363636,23156.367613636365,23149.567795454543,23222.015272727276,23244.123545454546,23269.412181818185,23276.816863636366,23280.322431818186,23281.839590909094,23285.404363636364,0.3862713241267262,-0.9525287311221038,-0.3044487089591854,-0.9092361090097942,0.4162807923418154,1.0,31.0,13.0
1637945362.0,3.0,0.3458154545454545,157.27272727272728,1605.8181818181818,1445.0993338181818,21390.830181818183,21384.60327272727,21451.770636363635,21472.17827272727,21495.72109090909,21502.55618181818,21505.79209090909,21507.192545454545,21510.65118181818,0.3866774979691308,-0.9528823284033704,-0.3033401856275743,-0.8972583697303017,0.4415058526779926,1.0,32.0,12.0
1637945378.0,3.0,0.32036375,145.0,1600.0,1450.099712,19625.29275,19619.63875,19681.526,19700.233,19722.03,19728.2955,19731.26175,19732.5455,19735.898,0.3870836718115353,-0.9532346356289152,-0.3022312515895891,-0.8845809751579218,0.4663866404483089,1.0,33.0,11.0
1637945394.0,3.0,0.29491204545454547,132.72727272727275,1594.1818181818182,1455.1000901818181,17859.75531818182,17854.674227272728,17911.281363636368,17928.28772727273,17948.338909090908,17954.03481818182,17956.731409090913,17957.898454545455,17961.14481818182,0.3874898456539399,-0.9535856523041404,-0.3011219084020409,-0.8712138111662143,0.4909037535334598,1.0,34.0,10.0
1637945410.0,3.0,0.26946034090909093,120.45454545454545,1588.3636363636365,1460.1004683636365,16094.21788636364,16089.709704545454,16141.036727272729,16156.342454545455,16174.647818181818,16179.774136363638,16182.201068181821,16183.25140909091,16186.391636363636,0.3878960194963444,-0.9539353779713804,-0.3000121575113242,-0.8571673006219793,0.5150380750434178,1.0,35.0,9.0
1637945426.0,3.0,0.24400863636363634,108.18181818181819,1582.5454545454545,1465.1008465454545,14328.680454545456,14324.745181818182,14370.792090909092,14384.397181818182,14400.956727272727,14405.513454545455,14407.670727272729,14408.604363636365,14411.638454545455,0.388302193338749,-0.9542838121396622,-0.2989020004753966,-0.8424523972907534,0.538770784563401,1.0,36.0,8.0
1637945442.0,3.0,0.21855693181818178,95.9090909090909,1576.7272727272727,1470.1012247272727,12563.143022727274,12559.780659090908,12600.547454545454,12612.451909090909,12627.265636363636,12631.252772727274,12633.140386363639,12633.95731818182,12636.885272727272,0.3887083671811535,-0.9546309543546868,-0.2977914387417137,-0.8270805744302883,0.562083377622986,1.0,37.0,7.0
1637945458.0,3.0,0.19310522727272725,83.63636363636364,1570.909090909091,1475.1016029090908,10797.605590909092,10794.816136363634,10830.302818181817,10840.506636363634,10853.574545454545,10856.99209090909,10858.610045454545,10859.310272727273,10862.13209090909,0.3891145410235581,-0.9549768041291082,-0.2966804738693716,-0.8110638192779281,0.5849576745870595,1.0,38.0,6.0
1637945474.0,3.0,0.16765352272727274,71.36363636363637,1565.090909090909,1480.101981090909,9032.06815909091,9029.851613636365,9060.058181818184,9068.561363636365,9079.883454545454,9082.73140909091,9084.079704545456,9084.663227272727,9087.378909090909,0.3895207148659626,-0.9553213610076962,-0.2955691073207805,-0.7944146206836359,0.6073758395294259,1.0,39.0,5.0
1637945490.0,3.0,0.14220181818181818,59.09090909090909,1559.2727272727275,1485.1023592727274,7266.530727272728,7264.887090909091,7289.813545454546,7296.616090909091,7306.192363636364,7308.470727272727,7309.549363636364,7310.016181818182,7312.625727272727,0.3899268887083671,-0.955664624523922,-0.2944573406005548,-0.7771459614536278,0.6293203910539658,1.0,40.0,4.0
1637945506.0,3.0,0.11675011363636363,46.81818181818182,1553.4545454545455,1490.1027374545454,5500.993295454546,5499.922568181817,5519.568909090908,5524.670818181817,5532.501272727272,5534.210045454545,5535.019022727272,5535.369136363636,5537.872545454546,0.3903330625507717,-0.956006594200202,-0.2933451752555856,-0.7592713074721988,0.6507742171056392,1.0,41.0,3.0
1637945522.0,3.0,0.09129840909090908,34.54545454545455,1547.6363636363637,1495.1031156363636,3735.455863636364,3734.9580454545453,3749.324272727273,3752.7255454545457,3758.8101818181817,3759.9493636363636,3760.488681818182,3760.722090909091,3763.1193636363637,0.3907392363931762,-0.956347269590666,-0.2922326127359467,-0.7408045962609998,0.6717205893513888,1.0,42.0,2.0
1637945538.0,3.0,0.06584670454545455,22.272727272727273,1541.8181818181818,1500.1034938181817,1969.918431818182,1969.9935227272726,1979.0796363636366,1980.7802727272729,1985.119090909091,1985.688681818182,1985.9583409090912,1986.0750454545457,1988.366181818182,0.3911454102355808,-0.9566866502170468,-0.2911196546035431,-0.7217602282215531,0.6921431737419446,1.0,43.0,1.0
1637945554.0,3.0,0.040395,10.0,1536.0,1505.103872,204.381,205.029,208.835,208.835,211.428,211.428,211.428,211.428,213.613,0.3915515840779854,-0.9570247356368492,-0.2900063023094825,-0.7021530529443542,0.7120260460411002,0.0,0.0,0.0
1637945570.0,3.0,0.096775,20.0,1536.0,1569.886208,339.719,340.44,351.717,351.717,352.86,354.127,354.127,354.127,356.473,0.3919577579203899,-0.957361525375442,-0.2888925574167786,-0.681998360168517,0.7313537015203067,0.0,0.0,0.0
1637945586.0,3.0,0.01871,30.0,1536.0,1604.595712,443.575,442.934,452.433,452.51,453.383,453.403,454.075,454.075,456.505,0.3923639317627945,-0.9576970189895214,-0.287778421391501,-0.6613118652453555,0.7501110696994872,0.0,0.0,0.0
1637945602.0,3.0,0.041213,50.0,1536.0,1711.050752,762.868,763.015,775.415,775.857,783.688,784.945,787.771,787.771,788.799,0.392770105605199,-0.9580312160206572,-0.2866638957559549,-0.6401096995709568,0.7682835235218698,0.0,0.0,0.0
1637945618.0,3.0,0.075032,60.0,1536.0,1817.419776,863.87,866.484,880.725,880.828,884.71,889.946,890.367,891.296,895.309,0.3931762794476036,-0.958364116016395,-0.2855489820190465,-0.6184083952495755,0.7858568932603727,0.0,0.0,0.0
1637945634.0,3.0,0.464607,80.0,1536.0,1848.389632,1854.452,1867.087,1885.345,1887.546,1892.337,1894.829,1899.466,1899.743,1900.781,0.3935824532900081,-0.9586957185218976,-0.2844336817041582,-0.5962248750289717,0.8028174751440623,0.0,0.0,0.0
1637945650.0,3.0,0.248248,90.0,1536.0,1848.389632,1229.796,1238.246,1264.225,1265.229,1270.627,1271.971,1276.004,1278.19,1278.667,0.3939886271324126,-0.9590260231006404,-0.2833179962793924,-0.5735764362114422,0.8191520443867435,0.0,0.0,0.0
1637945666.0,3.0,0.399445,100.0,1536.0,426.47552,3158.632,3154.916,3190.743,3200.507,3208.704,3212.845,3220.944,3221.268,3222.422,0.3943948009748172,-0.9593550292889153,-0.2822019273110386,-0.5504807405120667,0.834847862981805,0.0,0.0,0.0
1637945682.0,3.0,0.361917,120.0,1536.0,437.551104,1660.875,1650.643,1698.636,1708.6,1726.431,1729.874,1732.099,1735.51,1737.541,0.3948009748172217,-0.959682736657754,-0.28108547625426,-0.5269557957195311,0.8498926928486888,0.0,0.0,0.0
1637945698.0,3.0,0.556481,130.0,1536.0,445.595648,1827.941,1851.349,1879.408,1880.654,1886.437,1895.399,1899.678,1899.758,1901.217,0.3952071486596263,-0.9600091447470944,-0.2799686446764209,-0.5030199470438192,0.864274801712993,0.0,0.0,0.0
1637945714.0,3.0,0.322495,140.0,1536.0,451.039232,1907.079,1897.56,1962.495,1969.673,1986.497,1988.65,1991.037,1991.402,1993.179,0.3956133225020308,-0.9603342531313568,-0.278851434033679,-0.4786918581418328,0.8779829753182686,0.0,0.0,0.0
1637945730.0,3.0,0.587568,150.0,1536.0,458.063872,6128.739,6139.823,6175.405,6181.228,6212.488,6219.08,6227.315,6234.597,6235.248,0.3960194963444354,-0.9606580613581686,-0.2777338458804856,-0.4539904997215924,0.8910065241975161,0.0,0.0,0.0
1637945746.0,3.0,0.530338,170.0,1536.0,475.488256,2580.933,2574.813,2634.639,2658.267,2682.391,2688.472,2693.012,2695.786,2704.976,0.3964256701868399,-0.9609805689891894,-0.276615881729907,-0.428935133580352,0.9033352927791573,0.0,0.0,0.0
1637945762.0,3.0,0.5184633333333333,176.66666666666666,1536.0,498.9037226666666,4852.825666666667,4850.310666666666,4910.339,4927.708,4955.024666666666,4960.985333333333,4965.142,4967.362999999999,4976.905333333333,0.3968318440292445,-0.9613017755998664,-0.2754975430535524,-0.4035452963037387,0.9149596678712826,1.0,1.0,2.0
1637945778.0,3.0,0.5065886666666666,183.33333333333331,1536.0,522.3191893333333,7124.718333333333,7125.808333333333,7186.039,7197.148999999999,7227.658333333333,7233.498666666666,7237.272,7238.94,7248.834666666666,0.3972380178716491,-0.961621680739264,-0.2743788314214361,-0.3778407869695193,0.9258705847483516,1.0,2.0,1.0
1637945794.0,3.0,0.494714,190.0,1536.0,545.734656,9396.611,9401.306,9461.739,9466.59,9500.292,9506.012,9509.402,9510.517,9520.764,0.3976441917140536,-0.9619402839902804,-0.2732597482921668,-0.3518416483240174,0.9360595357693006,0.0,0.0,0.0
1637945810.0,3.0,0.507959,200.0,1536.0,554.549248,11512.489,11509.654,11604.252,11606.1,11619.69,11626.417,11627.566,11634.953,11639.319,0.3980503655564582,-0.9622575849056348,-0.2721402952368042,-0.3255681545801909,0.9455185755569528,0.0,0.0,0.0
1637945826.0,3.0,0.739813,210.0,1536.0,566.030336,11921.439,11931.942,11981.534,12002.765,12032.655,12038.404,12042.009,12042.378,12055.224,0.3984565393988627,-0.9625735830716208,-0.2710204737149237,-0.2990407921423237,0.954240328551928,0.0,0.0,0.0
1637945842.0,3.0,0.622692,215.0,1536.0,570.750976,11432.519,11442.167,11509.967,11530.567,11565.7075,11575.9395,11586.4265,11586.998,11594.522,0.3988627132412672,-0.9628882780446144,-0.2699002852986213,-0.2722802471340066,0.9622179935028466,1.0,1.0,1.0
1637945858.0,3.0,0.505571,220.0,1536.0,575.471616,10943.599,10952.392,11038.4,11058.369,11098.76,11113.475,11130.844,11131.618,11133.82,0.3992688870836718,-0.9632016694143076,-0.2687797314484316,-0.2453073857312133,0.9694453499324848,0.0,0.0,0.0
1637945874.0,3.0,0.609191,230.0,1536.0,587.300864,10975.541,10969.709,11053.885,11079.915,11105.395,11113.847,11115.489,11116.027,11117.756,0.3996750609260763,-0.9635137567407358,-0.2676588137374784,-0.2181432414590778,0.9759167619247692,0.0,0.0,0.0
1637945890.0,3.0,0.6259193333333333,236.66666666666666,1536.0,595.980288,10820.040333333332,10823.002333333334,10917.117666666667,10936.496000000001,10968.337,10974.675333333333,10977.919999999998,10979.052,10984.774,0.4000812347684809,-0.963824539613112,-0.2665375336412728,-0.1908089951946852,0.981627183483014,1.0,1.0,2.0
1637945906.0,3.0,0.6426476666666666,243.33333333333331,1536.0,604.659712,10664.539666666666,10676.295666666667,10780.350333333334,10793.077,10831.278999999999,10835.503666666666,10840.350999999999,10842.077,10851.792,0.4004874086108854,-0.9641340176029076,-0.2654158927059117,-0.1633259627316696,0.9865721615258426,1.0,2.0,1.0
1637945922.0,3.0,0.659376,250.0,1536.0,613.339136,10509.039,10529.589,10643.583,10649.658,10694.221,10696.332,10702.782,10705.102,10718.81,0.40089358245329,-0.9644421903027214,-0.2642938924078446,-0.1357155726793909,0.9907478404378708,0.0,0.0,0.0
1637945938.0,3.0,0.73428,260.0,1536.0,624.898048,11867.242,11870.338,11979.617,11999.483,12033.995,12053.713,12058.001,12060.081,12064.675,0.4012997562956945,-0.9647490572799152,-0.263171534322226,-0.1079993561670053,0.9941509639222368,0.0,0.0,0.0
1637945954.0,3.0,0.95606,265.0,1536.0,632.1356800000001,12614.414499999999,12618.721,12721.324,12737.716,12781.785,12795.774,12806.0995,12808.4175,12815.4955,0.4017059301380991,-0.9650546181343874,-0.2620488199124194,-0.0801989245425212,0.9967788784390564,1.0,1.0,1.0
1637945970.0,3.0,1.17784,270.0,1536.0,639.373312,13361.587,13367.104,13463.031,13475.949,13529.575,13537.835,13554.198,13556.754,13566.316,0.4021121039805037,-0.9653588724447606,-0.2609257507264862,-0.0523359562080026,0.998629534756405,0.0,0.0,0.0
1637945986.0,3.0,0.830005,280.0,1536.0,652.734464,10793.491,10789.481,10897.585,10918.328,10988.284,11009.642,11018.695,11027.287,11030.24,0.4025182778229082,-0.9656618197915572,-0.259802328313004,-0.0244321783339292,0.9997014897767528,0.0,0.0,0.0
1637946002.0,3.0,0.8722556666666665,286.66666666666663,1536.0,662.9676373333333,12433.337,12424.169333333333,12546.545999999998,12565.467333333332,12627.589333333333,12647.766,12657.679666666665,12663.811333333333,12667.468333333332,0.4029244516653127,-0.9659634597760216,-0.2586785541507802,0.003490651483235,0.999993907657553,1.0,1.0,2.0
1637946018.0,3.0,0.9145063333333332,293.3333333333333,1536.0,673.2008106666666,14073.182999999999,14058.857666666667,14195.507,14212.606666666665,14266.894666666667,14285.89,14296.664333333332,14300.335666666666,14304.696666666665,0.4033306255077173,-0.96626379198598,-0.2575544297752902,0.0314107589298938,0.99950656037039,1.0,2.0,1.0
1637946034.0,3.0,0.956757,300.0,1536.0,683.433984,15713.029,15693.546,15844.468,15859.746,15906.2,15924.014,15935.649,15936.86,15941.925,0.4037367993501218,-0.966562816014826,-0.2564299567084352,0.059306373676818,0.9982398279177732,0.0,0.0,0.0
1637946050.0,3.0,1.023861,305.0,1536.0,691.017728,16353.2585,16334.2945,16485.377,16502.031,16555.376,16573.2295,16584.1685,16587.714,16594.011,0.4041429731925264,-0.966860531454009,-0.2553051364866586,0.0871557426328117,0.9961946981017932,1.0,1.0,1.0
1637946066.0,3.0,1.090965,310.0,1536.0,698.601472,16993.488,16975.043,17126.286,17144.316,17204.552,17222.445,17232.688,17238.568,17246.097,0.4045491470349309,-0.9671569379116112,-0.2541799705905949,0.114937150626035,0.9933727655849884,0.0,0.0,0.0
1637946082.0,3.0,1.012416,315.0,1536.0,707.5164159999999,18326.8805,18312.6095,18449.982,18476.423499999997,18532.0765,18547.482,18558.633,18563.9735,18570.567000000003,0.4049553208773355,-0.9674520349715134,-0.2530544605998429,0.1426289336240901,0.989776230919522,1.0,1.0,1.0
1637946098.0,3.0,0.933867,320.0,1536.0,716.43136,19660.273,19650.176,19773.678,19808.531,19859.601,19872.519,19884.578,19889.379,19895.037,0.40536149471974,-0.9677458222489594,-0.2519286079818755,0.1702094993306739,0.9854078984550516,0.0,0.0,0.0
1637946114.0,3.0,0.9867225,325.0,1536.0,724.752384,20381.0845,20373.9055,20517.9535,20545.587,20603.1805,20620.472999999998,20632.1215,20639.429,20648.862999999998,0.4057676685621446,-0.9680382993315066,-0.2508024143172555,0.1976573398743832,0.980271174723496,1.0,1.0,1.0
1637946130.0,3.0,1.039578,330.0,1536.0,733.073408,21101.896,21097.635,21262.229,21282.643,21346.76,21368.427,21379.665,21389.479,21402.689,0.4061738424045491,-0.9683294658378152,-0.2496758810743473,0.2249510540851119,0.9743700648449732,0.0,0.0,0.0
1637946146.0,3.0,0.9070345,335.0,1536.0,741.842944,21807.0185,21799.8295,21953.869,21968.1935,22037.184,22075.36,22085.2965,22091.249499999998,22100.995,0.4065800162469537,-0.9686193213591218,-0.2485490098346692,0.2520693577767952,0.967709170603438,1.0,1.0,1.0
1637946162.0,3.0,0.774491,340.0,1536.0,750.61248,22512.141,22502.024,22645.509,22653.744,22727.608,22782.293,22790.928,22793.02,22799.301,0.4069861900893582,-0.9689078655139038,-0.2474218020815684,0.2789911058159256,0.9602936857418188,0.0,0.0,0.0
1637946178.0,3.0,0.877872,345.0,1536.0,760.475648,24125.7935,24117.9205,24261.1005,24280.853499999997,24345.181,24393.414,24405.4605,24408.2745,24413.4025,0.4073923639317628,-0.9691950979078812,-0.246294259355212,0.3056953045357365,0.952129392879352,1.0,1.0,1.0
1637946194.0,3.0,0.981253,350.0,1536.0,770.338816,25739.446,25733.817,25876.692,25907.963,25962.754,26004.535,26019.993,26023.529,26027.504,0.4077985377741673,-0.969481018152183,-0.2451663831821292,0.3321611316955169,0.9432226580138718,0.0,0.0,0.0
1637946210.0,3.0,1.098336,355.0,1536.0,779.3745919999999,25734.071,25746.8525,25865.722999999998,25894.7625,25941.5115,25970.7905,25991.173499999997,26002.728499999997,26007.467,0.4082047116165719,-0.9697656258632656,-0.2440381750751891,0.3583679495918184,0.9335804264793452,1.0,1.0,1.0
1637946226.0,3.0,1.215419,360.0,1536.0,788.410368,25728.696,25759.888,25854.754,25881.562,25920.269,25937.046,25962.354,25981.928,25987.43,0.4086108854589764,-0.970048920645158,-0.2429096366041576,0.3842953225060969,0.9232102171769628,0.0,0.0,0.0
1637946242.0,3.0,1.173479,363.3333333333333,1536.0,794.4628906666667,26969.136333333332,26987.81133333333,27106.855333333333,27135.337333333333,27182.165666666668,27200.922333333332,27220.995999999996,27235.448666666667,27241.867666666665,0.409017059301381,-0.970330902128492,-0.2417807692404563,0.4099230339171421,0.9121201161383108,1.0,1.0,2.0
1637946258.0,3.0,1.1315389999999999,366.66666666666663,1536.0,800.5154133333333,28209.576666666664,28215.734666666664,28358.956666666665,28389.112666666664,28444.06233333333,28464.798666666666,28479.637999999995,28488.969333333334,28496.30533333333,0.4094232331437855,-0.9706115699173994,-0.2406515745688804,0.4352310992521627,0.9003187714602835,1.0,2.0,1.0
1637946274.0,3.0,1.089599,370.0,1536.0,806.567936,29450.017,29443.658,29611.058,29642.888,29705.959,29728.675,29738.28,29742.49,29750.743,0.4098294069861901,-0.970890923645937,-0.2395220540617069,0.4601997848867252,0.8878153850830767,0.0,0.0,0.0
1637946290.0,3.0,0.9468624999999999,375.0,1536.0,816.601088,29878.3645,29866.675,30037.004,30067.8355,30133.5265,30159.5975,30166.239999999998,30170.3005,30180.913,0.4102355808285946,-0.9711689629219258,-0.2383922093046482,0.4848096201584844,0.8746197071880933,1.0,1.0,1.0
1637946306.0,3.0,0.804126,380.0,1536.0,826.63424,30306.712,30289.692,30462.95,30492.783,30561.094,30590.52,30594.2,30598.111,30611.083,0.4106417546709991,-0.9714456873793972,-0.2372620417849651,0.5090414158785318,0.8607420269281497,0.0,0.0,0.0
1637946322.0,3.0,0.8837836666666666,383.3333333333333,1536.0,833.4991359999999,31670.48633333333,31665.234999999997,31824.101666666662,31858.24733333333,31937.781666666662,31973.391,31978.700666666664,31981.748666666663,31991.315333333332,0.4110479285134037,-0.9717210966367849,-0.2361315530610095,0.5328762760136763,0.8461931661634927,1.0,1.0,2.0
1637946338.0,3.0,0.9634413333333333,386.66666666666663,1536.0,840.364032,33034.26066666667,33040.778,33185.25333333333,33223.71166666666,33314.46933333333,33356.262,33363.20133333333,33365.38633333333,33371.547666666665,0.4114541023558082,-0.9719951903315328,-0.2350007446208781,0.5562956156514757,0.8309844691731282,1.0,2.0,1.0
1637946354.0,3.0,1.043099,390.0,1536.0,847.228928,34398.035,34416.321,34546.405,34589.176,34691.157,34739.133,34747.702,34749.024,34751.78,0.4118602761982128,-0.9722679680788466,-0.233869618052091,0.5792811719350638,0.8151277960182312,0.0,0.0,0.0
1637946370.0,3.0,1.0813346666666666,393.3333333333333,1536.0,855.3704106666665,34753.577,34760.615,34908.98266666666,34949.93433333333,35058.933666666664,35092.931333333334,35102.166,35105.09766666666,35107.352,0.4122664500406174,-0.9725394295230704,-0.2327381748294443,0.6018150229518137,0.7986355101981805,1.0,1.0,2.0
1637946386.0,3.0,1.1195703333333331,396.66666666666663,1536.0,863.5118933333332,35109.119,35104.909,35271.56033333333,35310.69266666666,35426.71033333333,35446.729666666666,35456.63,35461.17133333333,35462.924,0.4126726238830219,-0.9728095742831044,-0.2316064165413494,0.6238795963443846,0.7815204727101956,1.0,2.0,1.0
1637946402.0,3.0,1.157806,400.0,1536.0,871.653376,35464.661,35449.203,35634.138,35671.451,35794.487,35800.528,35811.094,35817.245,35818.496,0.4130787977254265,-0.9730784020067264,-0.2304743446634258,0.6454576875576734,0.7637960287751573,0.0,0.0,0.0
1637946418.0,3.0,1.1351843333333334,403.3333333333333,1536.0,878.6152106666666,36328.681666666664,36315.776,36503.18866666666,36536.205,36644.616,36655.342,36667.29433333333,36678.23933333333,36683.74733333333,0.413484971567831,-0.9733459123165342,-0.2293419607849676,0.6665324699259028,0.7454759999721491,1.0,1.0,2.0
1637946434.0,3.0,1.1125626666666666,406.66666666666663,1536.0,885.5770453333332,37192.70233333333,37182.348999999995,37372.23933333333,37400.959,37494.745,37510.155999999995,37523.494666666666,37539.23366666667,37548.99866666667,0.4138911454102356,-0.97361210486374,-0.22820926638241,0.6870875106702423,0.7265746710978643,1.0,2.0,1.0
1637946450.0,3.0,1.089941,410.0,1536.0,892.53888,38056.723,38048.922,38241.29,38265.713,38344.874,38364.97,38379.695,38400.228,38414.25,0.4142973192526401,-0.9738769792779456,-0.2270762630317491,0.7071067812322734,0.7071067811408217,0.0,0.0,0.0
1637946466.0,3.0,1.1150456666666666,413.3333333333333,1536.0,900.3758933333332,38552.929333333326,38551.914,38722.911,38748.755333333334,38826.869666666666,38851.973333333335,38869.59733333333,38883.77266666667,38897.117666666665,0.4147034930950447,-0.9741405352005986,-0.225942952266919,0.7265746708667769,0.6870875109146104,1.0,1.0,2.0
1637946482.0,3.0,1.1401503333333332,416.66666666666663,1536.0,908.2129066666666,39049.13566666666,39054.905999999995,39204.532,39231.797666666665,39308.86533333333,39338.97666666667,39359.49966666666,39367.31733333333,39379.98533333333,0.4151096669374492,-0.9744027722847468,-0.2248093355797311,0.7454759997479748,0.666532470176628,1.0,2.0,1.0
1637946498.0,3.0,1.165255,420.0,1536.0,916.04992,39545.342,39557.898,39686.153,39714.84,39790.861,39825.98,39849.402,39850.862,39862.853,0.4155158407798537,-0.97466369016224,-0.2236754145616483,0.763796028558071,0.6454576878145603,0.0,0.0,0.0
1637946514.0,3.0,1.0928456666666666,423.3333333333333,1536.0,923.9156053333332,40543.189999999995,40546.405666666666,40702.25633333333,40740.14666666667,40822.23066666666,40864.34466666667,40881.551,40882.685666666664,40892.174333333336,0.4159220146222583,-0.974923288492886,-0.22254119069111,0.7815204725003668,0.6238795966072327,1.0,1.0,2.0
1637946530.0,3.0,1.0204363333333333,426.66666666666663,1536.0,931.7812906666666,41541.03799999999,41534.91333333333,41718.35966666666,41765.45333333333,41853.60033333333,41902.70933333333,41913.7,41914.50933333333,41921.49566666667,0.4163281884646628,-0.97518156691224,-0.2214066655604312,0.7986355099957726,0.601815023220418,1.0,2.0,1.0
1637946546.0,3.0,0.948027,430.0,1536.0,939.646976,42538.886,42523.421,42734.463,42790.76,42884.97,42941.074,42945.849,42946.333,42950.817,0.4167343623070674,-0.9754385250835506,-0.2202718406488392,0.8151277958234021,0.5792811722092149,0.0,0.0,0.0
1637946562.0,3.0,0.95515775,432.5,1536.0,945.46432,43295.2915,43278.621750000006,43484.41575,43534.785,43628.25975,43672.931000000004,43682.28975,43683.9965,43688.506,0.417140536149472,-0.9756941626460792,-0.2191367175494928,0.8309844692450752,0.5562956155440026,1.0,1.0,3.0
1637946578.0,3.0,0.9622885,435.0,1536.0,951.281664,44051.697,44033.8225,44234.3685,44278.81,44371.5495,44404.788,44418.730500000005,44421.66,44426.195,0.4175467099918765,-0.9759484792633462,-0.2180012977566006,0.8461931662324108,0.5328762759042361,1.0,2.0,2.0
1637946594.0,3.0,0.9694192500000001,437.5,1536.0,957.0990079999999,44808.1025,44789.02325,44984.32125,45022.835,45114.839250000005,45136.645000000004,45155.17125,45159.3235,45163.884,0.4179528838342811,-0.9762014745878378,-0.216865582821551,0.8607420267569443,0.5090414161680242,1.0,3.0,1.0
1637946610.0,3.0,0.97655,440.0,1536.0,962.916352,45564.508,45544.224,45734.274,45766.86,45858.129,45868.502,45891.612,45896.987,45901.573,0.4183590576766856,-0.9764531482770352,-0.2157295742819374,0.8746197070250378,0.4848096204526444,0.0,0.0,0.0
1637946626.0,3.0,0.9946422500000001,442.5,1536.0,969.1924479999999,46406.40675,46392.350750000005,46598.507,46628.05825,46717.02025,46729.57275,46749.91375000001,46754.42175,46760.53625,0.4187652315190902,-0.9767034999870864,-0.2145932736899635,0.8878153849282981,0.4601997851853233,1.0,1.0,3.0
1637946642.0,3.0,1.0127345,445.0,1536.0,975.4685440000001,47248.3055,47240.4775,47462.74,47489.2565,47575.9115,47590.643500000006,47608.215500000006,47611.8565,47619.4995,0.4191714053614947,-0.976952529388419,-0.2134566825413771,0.9003187713139026,0.435231099554966,1.0,2.0,2.0
1637946658.0,3.0,1.03082675,447.5,1536.0,981.74464,48090.20425,48088.604250000004,48326.973,48350.45475,48434.80275,48451.714250000005,48466.517250000004,48469.29125,48478.46275,0.4195775792038992,-0.9772002361314258,-0.2123198024318165,0.9121201160004416,0.4099230342239146,1.0,3.0,1.0
1637946674.0,3.0,1.048919,450.0,1536.0,988.020736,48932.103,48936.731,49191.206,49211.653,49293.694,49312.785,49324.819,49326.726,49337.426,0.4199837530463038,-0.9774466198931394,-0.2111826348435793,0.9232102170477132,0.3842953228165993,0.0,0.0,0.0
1637946690.0,3.0,1.0819373333333333,453.3333333333333,1536.0,996.1444693333333,49288.15233333333,49282.49,49525.113,49556.89933333333,49620.986666666664,49642.10833333334,49651.414666666664,49654.55333333333,49664.759999999995,0.4203899268887083,-0.977691680330723,-0.2100451813588861,0.9335804265256936,0.3583679494710763,1.0,1.0,2.0
1637946706.0,3.0,1.1149556666666667,456.66666666666663,1536.0,1004.2682026666666,49644.20166666666,49628.248999999996,49859.02,49902.14566666666,49948.27933333333,49971.431666666664,49978.01033333333,49982.380666666664,49992.094,0.4207961007311129,-0.9779354171154898,-0.2089074435034638,0.9432226579021564,0.33216113201275,1.0,2.0,1.0
1637946722.0,3.0,1.147974,460.0,1536.0,1012.391936,50000.251,49974.008,50192.927,50247.392,50275.572,50300.755,50304.606,50310.208,50319.428,0.4212022745735174,-0.9781778299174556,-0.2077694228176446,0.9521293927765376,0.3056953048559652,0.0,0.0,0.0
1637946738.0,3.0,1.0909385,462.5,1536.0,1019.350016,51043.69925,51024.74475,51247.193750000006,51302.422000000006,51331.30625,51352.2895,51357.71625,51362.406500000005,51370.296749999994,0.421608448415922,-0.9784189184054218,-0.2066311208563814,0.960293685647986,0.2789911061389002,1.0,1.0,3.0
1637946754.0,3.0,1.033903,465.0,1536.0,1026.308096,52087.1475,52075.4815,52301.4605,52357.452000000005,52387.0405,52403.82399999999,52410.826499999996,52414.604999999996,52421.1655,0.4220146222583266,-0.97865868226201,-0.2054925391180564,0.96770917051866,0.2520693581022638,1.0,2.0,2.0
1637946770.0,3.0,0.9768675,467.5,1536.0,1033.266176,53130.59575,53126.218250000005,53355.727249999996,53412.482,53442.77475,53455.358499999995,53463.93675,53466.8035,53472.03425,0.4224207961007311,-0.9788971211506206,-0.2043536792011028,0.9743700647693156,0.2249510544128208,1.0,3.0,1.0
1637946786.0,3.0,0.919832,470.0,1536.0,1040.224256,54174.044,54176.955,54409.994,54467.512,54498.509,54506.893,54517.047,54519.002,54522.903,0.4228269699431357,-0.9791342347603696,-0.2032145425903993,0.980271174657018,0.1976573402040769,0.0,0.0,0.0
1637946802.0,3.0,0.946501111111111,472.22222222222223,1536.0,1046.2339982222222,54725.018777777776,54726.01977777778,54959.49411111111,55016.41133333334,55049.29155555555,55058.10522222222,55071.15711111111,55073.571777777775,55077.66777777777,0.4232331437855402,-0.979370022758378,-0.2020751308851581,0.9854078984770652,0.1702094992032288,1.0,1.0,8.0
1637946818.0,2.9999999999999996,0.973170222222222,474.44444444444434,1535.9999999999998,1052.2437404444443,55275.99355555555,55275.08455555555,55508.994222222216,55565.31066666666,55600.074111111106,55609.31744444444,55625.26722222221,55628.14155555555,55632.43255555555,0.4236393176279447,-0.9796044848372188,-0.2009354455709775,0.9897762309379684,0.1426289334960801,1.0,2.0,7.0
1637946834.0,3.0,0.9998393333333332,476.66666666666663,1536.0,1058.2534826666665,55826.96833333333,55824.149333333335,56058.49433333333,56114.21,56150.85666666667,56160.52966666666,56179.37733333333,56182.71133333333,56187.19733333333,0.4240454914703493,-0.9798376206677346,-0.1997954882478398,0.9933727655463316,0.114937150960135,1.0,3.0,6.0
1637946850.0,3.0,1.0265084444444443,478.8888888888889,1536.0,1064.2632248888888,56377.94311111111,56373.21411111111,56607.99444444444,56663.109333333334,56701.63922222223,56711.741888888886,56733.48744444444,56737.28111111111,56741.96211111111,0.4244516653127538,-0.9800694299459564,-0.1986552604020548,0.9961946980724804,0.0871557429678609,1.0,4.0,5.0
1637946866.0,3.0,1.0531775555555556,481.11111111111114,1536.0,1070.272967111111,56928.91788888889,56922.27888888889,57157.49455555556,57212.00866666667,57252.421777777774,57262.95411111111,57287.597555555556,57291.85088888889,57296.72688888889,0.4248578391551584,-0.9802999123464514,-0.1975147636343665,0.9982398278978268,0.059306374012555,1.0,5.0,4.0
1637946882.0,3.0,1.0798466666666666,483.3333333333333,1536.0,1076.2827093333333,57479.89266666667,57471.34366666667,57706.994666666666,57760.907999999996,57803.204333333335,57814.16633333333,57841.70766666666,57846.420666666665,57851.49166666666,0.4252640129975629,-0.9805290675658526,-0.1963739994460565,0.9995065603598255,0.0314107592660568,1.0,6.0,3.0
1637946898.0,2.9999999999999996,1.1065157777777777,485.5555555555555,1535.9999999999998,1082.2924515555555,58030.86744444444,58020.40844444444,58256.49477777777,58309.80733333333,58353.98688888888,58365.37855555555,58395.817777777775,58400.99044444444,58406.256444444436,0.4256701868399675,-0.9807568952881848,-0.1952329694100879,0.999993907656379,0.003490651819562,1.0,7.0,2.0
1637946914.0,3.0,1.1331848888888887,487.77777777777777,1536.0,1088.3021937777778,58581.84222222222,58569.47322222222,58805.99488888889,58858.706666666665,58904.76944444444,58916.590777777776,58949.92788888889,58955.560222222215,58961.02122222222,0.426076360682372,-0.9809833952135258,-0.1940916750284345,0.99970148978497,-0.0244321779977006,1.0,8.0,1.0
1637946930.0,3.0,1.159854,490.0,1536.0,1094.311936,59132.817,59118.538,59355.495,59407.606,59455.552,59467.803,59504.038,59510.13,59515.786,0.4264825345247766,-0.981208567029512,-0.1929501178747804,0.9986295347496364,-0.0523359563371576,0.0,0.0,0.0
1637946946.0,3.0,1.1591239999999998,492.5,1536.0,1101.2648960000001,59593.91275,59578.944,59809.278750000005,59857.708,59917.72075000001,59940.368749999994,59969.5875,59974.28874999999,59981.7145,0.4268887083671812,-0.981432410425711,-0.1918082995231922,0.9967788784660296,-0.0801989242072755,1.0,1.0,3.0
1637946962.0,3.0,1.158394,495.0,1536.0,1108.217856,60055.008499999996,60039.35,60263.0625,60307.81,60379.889500000005,60412.9345,60435.137,60438.447499999995,60447.643,0.4272948822095857,-0.9816549251102694,-0.1906662214624061,0.99415096395856,-0.1079993558326435,1.0,2.0,2.0
1637946978.0,3.0,1.157664,497.5,1536.0,1115.1708159999998,60516.10425,60499.755999999994,60716.84625,60757.912000000004,60842.05825,60885.50025,60900.686499999996,60902.60625,60913.5715,0.4277010560519902,-0.9818761107708032,-0.1895238852957634,0.990747840483516,-0.1357155723461736,1.0,3.0,1.0
1637946994.0,3.0,1.156934,500.0,1536.0,1122.123776,60977.2,60960.162,61170.63,61208.014,61304.227,61358.066,61366.236,61366.765,61379.5,0.4281072298943948,-0.9820959671161822,-0.188381292526967,0.986572161580774,-0.1633259623998568,0.0,0.0,0.0
1637947010.0,3.0000000000000004,1.1666376,502.0,1536.0000000000002,1128.0605183999999,61969.149600000004,61951.1082,62163.5218,62198.4426,62293.666600000004,62339.1018,62354.5422,62357.00320000001,62370.24820000001,0.4285134037367993,-0.9823144938459788,-0.1872384447172067,0.981627183458336,-0.1908089953216412,1.0,1.0,4.0
1637947026.0,3.0000000000000004,1.1763412,504.00000000000006,1536.0000000000002,1133.9972608,62961.09920000001,62942.0544,63156.41360000001,63188.871200000016,63283.1062,63320.13760000001,63342.8484,63347.24140000001,63360.9964,0.4289195775792039,-0.9825316906643392,-0.186095343413733,0.9759167618965562,-0.2181432415852953,1.0,2.0,3.0
1637947042.0,3.0000000000000004,1.1860448000000001,506.00000000000006,1536.0000000000002,1139.9340032,63953.04880000001,63933.00060000001,64149.30540000001,64179.29980000001,64272.54580000001,64301.1734,64331.15460000001,64337.47960000001,64351.744600000005,0.4293257514216084,-0.9827475572745192,-0.18495199017844,0.9694453500149888,-0.2453073854051607,1.0,3.0,2.0
1637947058.0,3.0,1.1957484,508.0,1536.0,1145.8707456,64944.998400000004,64923.9468,65142.19720000001,65169.72840000001,65261.985400000005,65282.2092,65319.46080000001,65327.717800000006,65342.4928,0.429731925264013,-0.9829620933923404,-0.1838083865163597,0.9622179935944224,-0.2722802468103849,1.0,4.0,1.0
1637947074.0,3.0,1.205452,510.0,1536.0,1151.807488,65936.948,65914.893,66135.089,66160.157,66251.425,66263.245,66307.767,66317.956,66333.241,0.4301380991064175,-0.9831752987166203,-0.1826645340329755,0.954240328652504,-0.299040791821385,0.0,0.0,0.0
1637947090.0,3.0000000000000004,1.1902468000000002,512.0,1536.0000000000002,1157.7090048,66190.56420000001,66180.17880000001,66397.06880000001,66421.1854,66519.53920000001,66536.2358,66576.21660000001,66584.61820000001,66600.007,0.4305442729488221,-0.9833871729693756,-0.1815204342196757,0.9455185756664508,-0.3255681542621856,1.0,1.0,4.0
1637947106.0,3.0000000000000004,1.1750416000000001,514.0000000000001,1536.0000000000002,1163.6105216,66444.18040000001,66445.4646,66659.04860000001,66682.21380000001,66787.65340000001,66809.2266,66844.66620000002,66851.28040000002,66866.773,0.4309504467912266,-0.9835977158531594,-0.18037608868264,0.9360595358876352,-0.3518416480091934,1.0,2.0,3.0
1637947122.0,3.0000000000000004,1.1598364,516.0,1536.0000000000002,1169.5120384000002,66697.7966,66710.7504,66921.02840000001,66943.24220000001,67055.7676,67082.2174,67113.11580000001,67117.94260000001,67133.539,0.4313566206336311,-0.98380692709346,-0.1792314989138997,0.9258705848754304,-0.3778407866581222,1.0,3.0,2.0
1637947138.0,3.0,1.1446312,518.0,1536.0,1175.4135552000002,66951.4128,66976.0362,67183.0082,67204.2706,67323.8818,67355.2082,67381.5654,67384.60480000002,67400.305,0.4317627944760357,-0.98401480639657,-0.1780866665203223,0.9149596680070066,-0.4035452959960112,1.0,4.0,1.0
1637947154.0,3.0,1.129426,520.0,1536.0,1181.315072,67205.029,67241.322,67444.988,67465.299,67591.996,67628.199,67650.015,67651.267,67667.071,0.4321689683184403,-0.9842213534888756,-0.1769415930088963,0.9033352929234204,-0.4289351332765341,0.0,0.0,0.0
1637947170.0,3.0000000000000004,1.1493164,522.0,1536.0000000000002,1187.3452032,67794.56599999999,67824.424,68051.5478,68072.18400000001,68184.8446,68221.765,68240.62,68242.04860000001,68258.0864,0.4325751421608448,-0.9844265680906914,-0.1757962799298761,0.8910065241388004,-0.4539904998368283,1.0,1.0,4.0
1637947186.0,3.0000000000000004,1.1692068000000002,524.0000000000001,1536.0000000000002,1193.3753344000002,68384.103,68407.52600000001,68658.1076,68679.06900000002,68777.69320000001,68815.331,68831.225,68832.83020000001,68849.1018,0.4329813160032494,-0.9846304499165124,-0.1746507288768254,0.8779829754792665,-0.4786918578465416,1.0,2.0,3.0
1637947202.0,3.0000000000000004,1.1890972,526.0,1536.0000000000002,1199.4054656,68973.64000000001,68990.628,69264.6674,69285.95400000001,69370.5418,69408.897,69421.83,69423.61180000001,69440.11720000001,0.4333874898456539,-0.9848329987005114,-0.1735049413433474,0.8642748018821732,-0.5030199467531385,1.0,3.0,2.0
1637947218.0,3.0,1.2089876,528.0,1536.0,1205.4355968,69563.17700000001,69573.73,69871.2272,69892.839,69963.3904,70002.463,70012.435,70014.3934,70031.1326,0.4337936636880585,-0.9850342141583344,-0.1723589189379911,0.8498926930259194,-0.5269557954336875,1.0,4.0,1.0
1637947234.0,3.0,1.228878,530.0,1536.0,1211.465728,70152.714,70156.832,70477.787,70499.724,70556.239,70596.029,70603.04,70605.175,70622.148,0.434199837530463,-0.98523409602763,-0.171212663154974,0.8348478631669476,-0.5504807402312832,0.0,0.0,0.0
1637947250.0,3.0000000000000004,1.2252402,532.0,1536.0000000000002,1217.5671296,71127.32340000001,71121.1762,71434.2398,71465.9354,71522.837,71559.8822,71573.9656,71576.56860000001,71596.40400000001,0.4346060113728676,-0.9854326440277889,-0.1700661756035028,0.8191520443125616,-0.573576436317385,1.0,1.0,4.0
1637947266.0,3.0000000000000004,1.2216024,534.0000000000001,1536.0000000000002,1223.6685312,72101.93280000001,72085.52040000001,72390.69260000001,72432.14680000002,72489.43500000001,72523.7354,72544.8912,72547.96220000001,72570.66000000002,0.4350121852152721,-0.9856298578974794,-0.1689194577927442,0.8028174750669511,-0.596224875132802,1.0,2.0,3.0
1637947282.0,3.0000000000000004,1.2179646,536.0,1536.0000000000002,1229.7699328,73076.54220000001,73049.8646,73347.14540000001,73398.35820000002,73456.03300000001,73487.5886,73515.81680000002,73519.3558,73544.91600000001,0.4354183590576767,-0.9858257373672116,-0.167772511289525,0.7858568934683614,-0.618408394985269,1.0,3.0,2.0
1637947298.0,3.0,1.2143268,538.0,1536.0,1235.8713344,74051.15160000001,74014.20880000001,74303.59820000001,74364.5696,74422.63100000001,74451.4418,74486.7424,74490.7494,74519.172,0.4358245329000812,-0.9860202821717928,-0.1666253376466444,0.7682835237371572,-0.6401096993125607,1.0,4.0,1.0
1637947314.0,3.0,1.210689,540.0,1536.0,1241.972736,75025.761,74978.553,75260.051,75330.781,75389.229,75415.295,75457.668,75462.143,75493.428,0.4362307067424857,-0.9862134920454296,-0.1654779384315607,0.7501110699219056,-0.6613118649930713,0.0,0.0,0.0
1637947330.0,3.0,1.18786848,529.4000000000001,1530.8799999999999,1247.07340288,73528.7191,73482.49158,73758.38365999999,73827.69906,73884.98894,73910.53361999999,73952.05916,73956.44466,73987.15067999999,0.4366368805848903,-0.986405366733768,-0.1643303151546321,0.7313537017496824,-0.6819983599225415,1.0,1.0,49.0
1637947346.0,3.0,1.1650479599999997,518.8,1525.76,1252.1740697599998,72031.67719999999,71986.43015999999,72256.71632,72324.61712,72380.74888000001,72405.77224,72446.45032,72450.74632,72480.87336,0.4370430544272949,-0.9865959059674386,-0.163182469426985,0.7120260462772546,-0.7021530527048792,1.0,2.0,48.0
1637947362.0,3.0000000000000004,1.14222744,508.20000000000005,1520.64,1257.2747366400001,70534.63530000001,70490.36874,70755.04898,70821.53518,70876.50882000002,70901.01086000001,70940.84148000002,70945.04798,70974.59604,0.4374492282696994,-0.986785109498011,-0.1620344027452143,0.6921431739846935,-0.7217602279887652,1.0,3.0,47.0
1637947378.0,3.0000000000000004,1.11940692,497.6,1515.5200000000002,1262.37540352,69037.59340000001,68994.30732,69253.38164,69318.45324,69372.26876,69396.24948,69435.23264,69439.34964,69468.31872000001,0.437855402112104,-0.986972977059866,-0.1608861167210686,0.6717205896005428,-0.7408045960350808,1.0,4.0,46.0
1637947394.0,3.0,1.0965863999999999,487.0,1510.4,1267.4760704,67540.5515,67498.24590000001,67751.7143,67815.3713,67868.0287,67891.48809999999,67929.6238,67933.6513,67962.0414,0.4382615759545085,-0.987159508408056,-0.159737612851717,0.6507742173610043,-0.7592713072533246,1.0,5.0,45.0
1637947410.0,3.0,1.0737658799999998,476.4,1505.28,1272.5767372799999,66043.5096,66002.18448,66250.04696,66312.28936000001,66363.78864000001,66386.72672,66424.01496000001,66427.95296,66455.76408,0.4386677497969131,-0.9873447032830216,-0.1585888927351543,0.6293203909534557,-0.7771459615350192,1.0,6.0,44.0
1637947426.0,3.0,1.05094536,465.79999999999995,1500.16,1277.67740416,64546.4677,64506.12306,64748.37962000001,64809.207420000006,64859.54858,64881.965339999995,64918.40612000001,64922.25461999999,64949.48675999999,0.4390739236393176,-0.9875285614363764,-0.1574399579122186,0.6073758397966106,-0.7944146204793577,1.0,7.0,43.0
1637947442.0,3.0,1.02812484,455.2,1495.04,1282.77807104,63049.4258,63010.06164,63246.71228,63306.125479999995,63355.308520000006,63377.20396,63412.797280000006,63416.55628,63443.20944,0.4394800974817222,-0.9877110826192032,-0.1562908099384011,0.5849576748598438,-0.81106381908119,1.0,8.0,42.0
1637947458.0,3.0,1.00530432,444.6,1489.92,1287.87873792,61552.3839,61514.00022,61745.04494000001,61803.043540000006,61851.06846000001,61872.44258,61907.188440000005,61910.85794,61936.932120000005,0.4398862713241267,-0.9878922665821376,-0.1551414503838573,0.5620833779011573,-0.8270805742412434,1.0,9.0,41.0
1637947474.0,3.0000000000000004,0.9824837999999999,434.0,1484.8000000000002,1292.9794048,60055.342000000004,60017.9388,60243.37760000001,60299.9616,60346.82840000001,60367.681200000006,60401.57960000001,60405.1596,60430.654800000004,0.4402924451665312,-0.9880721130866552,-0.1539918807615264,0.5387707848467422,-0.8424523971095491,1.0,10.0,40.0
1637947490.0,3.0,0.95966328,423.4,1479.6799999999998,1298.08007168,58558.3001,58521.87738,58741.71026000001,58796.87966,58842.58834,58862.919819999996,58895.970760000004,58899.46126,58924.37748,0.4406986190089358,-0.988250621880273,-0.1528421026852671,0.5150380749325585,-0.8571673006885904,1.0,11.0,39.0
1637947506.0,3.0,0.9368427599999999,412.79999999999995,1474.5600000000002,1303.18073856,57061.2582,57025.81596,57240.04292000001,57293.79772,57338.348280000006,57358.15844,57390.36192,57393.76292,57418.100159999995,0.4411047928513403,-0.988427792730246,-0.1516921176541937,0.4909037534207837,-0.871213811229704,1.0,12.0,38.0
1637947522.0,3.0,0.91402224,402.20000000000005,1469.4399999999998,1308.28140544,55564.2163,55529.75454,55738.37558,55790.71578,55834.10822,55853.397059999996,55884.75308,55888.06457999999,55911.82284,0.4415109666937449,-0.9886036253878476,-0.150541927282748,0.4663866407458191,-0.8845809750010625,1.0,13.0,37.0
1637947538.0,3.0,0.8912017199999999,391.6,1464.3200000000002,1313.38207232,54067.174399999996,54033.69312,54236.70824,54287.63384,54329.868160000005,54348.63568,54379.14424,54382.366239999996,54405.54552,0.4419171405361494,-0.988778119623822,-0.1493915330705821,0.4415058529797666,-0.8972583695818104,1.0,14.0,36.0
1637947554.0,3.0,0.8683812000000001,381.00000000000006,1459.2,1318.4827392,52570.13250000001,52537.631700000005,52735.04090000001,52784.551900000006,52825.62810000001,52843.8743,52873.53540000001,52876.66790000001,52899.268200000006,0.442323314378554,-0.9889512751932,-0.1482409366327121,0.4162807926476179,-0.9092361088697868,1.0,15.0,35.0
1637947570.0,3.0,0.84556068,370.40000000000003,1454.08,1323.58340608,51073.0906,51041.57028000001,51233.37356000001,51281.46996,51321.388040000005,51339.11292,51367.92656000001,51370.96956,51392.990880000005,0.4427294882209586,-0.9891230918680756,-0.1470901394837132,0.390731128651769,-0.9205048533834652,1.0,16.0,34.0
1637947586.0,3.0,0.8227401599999999,359.8,1448.96,1328.68407296,49576.0487,49545.50886,49731.70622000001,49778.388020000006,49817.14798000001,49834.35154,49862.31772000001,49865.27122,49886.71356,0.4431356620633631,-0.9892935694136606,-0.1459391431959865,0.3648767847033829,-0.9310558157191872,1.0,17.0,33.0
1637947602.0,3.0,0.7999196399999999,349.20000000000005,1443.84,1333.78473984,48079.0068,48049.447439999996,48230.03888000001,48275.30608,48312.907920000005,48329.59016,48356.70888,48359.57288,48380.43624,0.4435418359057677,-0.9894627075991528,-0.1447879493278141,0.3387379203803133,-0.9408807689056146,1.0,18.0,32.0
1637947618.0,3.0,0.7770991199999999,338.6,1438.72,1338.88540672,46581.9649,46553.38602,46728.37154000001,46772.224140000006,46808.66786,46824.828779999996,46851.100040000005,46853.87454,46874.15892,0.4439480097481722,-0.9896305061934731,-0.1436365594521466,0.3123349188540565,-0.9499720514122664,1.0,19.0,31.0
1637947634.0,3.0,0.7542785999999999,328.0,1433.6,1343.9860736,45084.922999999995,45057.32459999999,45226.70420000001,45269.1422,45304.4278,45320.06739999999,45345.4912,45348.176199999994,45367.8816,0.4443541835905767,-0.9897969649757176,-0.142484975084596,0.2856883675108522,-0.9583225744335694,1.0,20.0,30.0
1637947650.0,2.9999999999999996,0.7314580799999999,317.4,1428.4799999999998,1349.08674048,43587.8811,43561.263179999994,43725.03686,43766.06026,43800.18774,43815.306019999996,43839.88236,43842.47785999999,43861.60427999999,0.4447603574329813,-0.9899620837163112,-0.1413331978130378,0.2588190449683937,-0.9659258263250076,1.0,21.0,29.0
1637947666.0,3.0,0.7086375600000001,306.8,1423.3600000000001,1354.18740736,42090.8392,42065.20176,42223.36952000001,42262.97832000001,42295.94768000001,42310.54464000001,42334.27352000001,42336.779520000004,42355.32696,0.4451665312753858,-0.9901258621876272,-0.140181229225628,0.2317479035695093,-0.9727758781914452,1.0,22.0,28.0
1637947682.0,3.0,0.68581704,296.20000000000005,1418.24,1359.2880742400002,40593.7973,40569.140340000005,40721.70218000001,40759.896380000006,40791.70762000001,40805.783260000004,40828.66468,40831.08118,40849.049640000005,0.4455727051177904,-0.9902883001741032,-0.1390290708387475,0.2044960516735415,-0.978867388796834,1.0,23.0,27.0
1637947698.0,3.0,0.66299652,285.6,1413.12,1364.38874112,39096.7554,39073.07892,39220.03484,39256.81444,39287.467560000005,39301.02188,39323.05584000001,39325.38284,39342.772320000004,0.4459788789601949,-0.990449397453765,-0.1378767242266577,0.1770847403633192,-0.9841956079613726,1.0,24.0,26.0
1637947714.0,3.0,0.640176,275.0,1408.0,1369.489408,37599.7135,37577.0175,37718.3675,37753.7325,37783.2275,37796.2605,37817.447,37819.684499999996,37836.495,0.4463850528025995,-0.9906091538085104,-0.1367241909494688,0.1495353432411097,-0.9887563810776462,1.0,25.0,25.0
1637947730.0,3.0,0.6173554799999998,264.4,1402.88,1374.59007488,36102.6716,36080.956079999996,36216.70016,36250.650559999995,36278.987440000004,36291.49912,36311.83816,36313.98616,36330.217679999994,0.446791226645004,-0.9907675690200798,-0.1355714725819614,0.1218693434164781,-0.9925461516399308,1.0,26.0,24.0
1637947746.0,3.0,0.5945349600000001,253.8,1397.7600000000002,1379.69074176,34605.629700000005,34584.894660000005,34715.03282,34747.56862,34774.74738,34786.73774,34806.22932,34808.28782,34823.94036,0.4471974004874086,-0.99092464287992,-0.1344185706414963,0.094108313081644,-0.9955619646254708,1.0,27.0,23.0
1637947762.0,3.0,0.5717144399999999,243.2,1392.64,1384.79140864,33108.5878,33088.83324,33213.36548,33244.48668,33270.507320000004,33281.97636,33300.620480000005,33302.589479999995,33317.66304,0.4476035743298132,-0.9910803751675183,-0.1332654867466106,0.0662739008430783,-0.9978014682626208,1.0,28.0,22.0
1637947778.0,3.0,0.54889392,232.6,1387.52,1389.89207552,31611.545899999997,31592.771819999998,31711.69814,31741.404739999998,31766.26726,31777.214979999997,31795.01164,31796.891139999996,31811.385720000002,0.4480097481722177,-0.9912347656798264,-0.1321122224007286,0.0383878092820889,-0.9992629164031466,1.0,29.0,21.0
1637947794.0,3.0,0.5260734,222.0,1382.4,1394.9927424,30114.504,30096.7104,30210.030800000004,30238.3228,30262.027200000004,30272.4536,30289.402800000003,30291.192799999997,30305.1084,0.4484159220146222,-0.9913878142000984,-0.1309587792228962,0.0104717845272551,-0.999945169361208,1.0,30.0,20.0
1637947810.0,3.0,0.5032528799999999,211.39999999999998,1377.28,1400.09340928,28617.4621,28600.648979999998,28708.363460000004,28735.24086,28757.787140000004,28767.69222,28783.793960000003,28785.49446,28798.83108,0.4488220958570268,-0.9915395205287848,-0.1298051587170064,-0.0174524062756181,-0.9998476951592132,1.0,31.0,19.0
1637947826.0,3.0,0.48043235999999995,200.8,1372.16,1405.1940761600001,27120.420199999997,27104.58756,27206.69612,27232.15892,27253.547080000004,27262.93084,27278.185120000002,27279.79612,27292.55376,0.4492282696994313,-0.9916898844529088,-0.1286513625026047,-0.0453629877516335,-0.9989705698078624,1.0,32.0,18.0
1637947842.0,3.0,0.45761184,190.20000000000002,1367.04,1410.2947430400002,25623.3783,25608.52614,25705.028780000004,25729.07698,25749.307020000004,25758.16946,25772.576280000005,25774.09778,25786.27644,0.4496344435418359,-0.9918389057745652,-0.1274973920984777,-0.0732381969993098,-0.9973144772338814,1.0,33.0,17.0
1637947858.0,3.0,0.43479132,179.60000000000002,1361.92,1415.3954099200002,24126.3364,24112.46472,24203.361440000004,24225.99504,24245.066960000004,24253.40808,24266.96744,24268.39944,24279.99912,0.4500406173842404,-0.9919865842901128,-0.1263432490813628,-0.1010562968397256,-0.9948807088636512,1.0,34.0,16.0
1637947874.0,3.0,0.41197079999999997,169.0,1356.8,1420.4960768,22629.2945,22616.403299999998,22701.694100000004,22722.9131,22740.8269,22748.646699999998,22761.3586,22762.7011,22773.7218,0.450446791226645,-0.9921329197996154,-0.1251889350138023,-0.1287955964827145,-0.9916711623954092,1.0,35.0,15.0
1637947890.0,3.0,0.38915028,158.4,1351.68,1425.5967436800001,21132.2526,21120.341880000004,21200.02676,21219.83116,21236.586840000004,21243.88532,21255.749760000002,21257.00276,21267.444480000002,0.4508529650690495,-0.9922779121067612,-0.1240344514441307,-0.1564344651920356,-0.9876883405710942,1.0,36.0,14.0
1637947906.0,3.0,0.36632976,147.8,1346.56,1430.69741056,19635.2107,19624.28046,19698.35942,19716.74922,19732.34678,19739.123939999998,19750.14092,19751.304419999997,19761.16716,0.4512591389114541,-0.9924215610098372,-0.12287979997867,-0.1839513505511664,-0.9829353491610736,1.0,37.0,13.0
1637947922.0,3.0,0.34350923999999994,137.2,1341.44,1435.79807744,18138.1688,18128.21904,18196.69208,18213.667279999998,18228.106720000003,18234.36256,18244.53208,18245.60608,18254.88984,0.4516653127538586,-0.9925638663215494,-0.1217249821228885,-0.2113247966378913,-0.9774158942466374,1.0,38.0,12.0
1637947938.0,3.0,0.32068872,126.6,1336.3200000000002,1440.89874432,16641.126900000003,16632.15762,16695.02474,16710.58534,16723.866660000003,16729.60118,16738.923240000004,16739.90774,16748.61252,0.4520714865962632,-0.992704827842118,-0.1205699994980129,-0.2385334575498355,-0.9711342799166964,1.0,39.0,11.0
1637947954.0,3.0,0.29786819999999997,116.0,1331.2,1445.9994112000002,15144.085000000001,15136.0962,15193.357400000003,15207.503400000001,15219.626600000003,15224.839800000002,15233.314400000003,15234.2094,15242.335200000001,0.4524776604386678,-0.9928444453877536,-0.1194148536099434,-0.2655561176986611,-0.9640954041757562,1.0,40.0,10.0
1637947970.0,3.0,0.27504767999999996,105.4,1326.0800000000002,1451.1000780800002,13647.043099999999,13640.03478,13691.69006,13704.421460000001,13715.386540000001,13720.07842,13727.70556,13728.511059999999,13736.05788,0.4528838342810723,-0.9929827187624494,-0.1182595460803671,-0.2923717047260099,-0.9563047559620348,1.0,41.0,9.0
1637947986.0,3.0,0.25222716,94.80000000000001,1320.96,1456.20074496,12150.0012,12143.97336,12190.02272,12201.33952,12211.146480000001,12215.31704,12222.09672,12222.81272,12229.780560000001,0.4532900081234768,-0.9931196477842166,-0.1171040784300595,-0.3189593095376323,-0.947768409928964,1.0,42.0,8.0
1637948002.0,3.0,0.22940664000000002,84.2,1315.84,1461.3014118400001,10652.9593,10647.911940000002,10688.35538,10698.257580000001,10706.906420000003,10710.555660000002,10716.487880000002,10717.11438,10723.50324,0.4536961819658814,-0.9932552322642484,-0.115948452252258,-0.3452981985957185,-0.9384930229077636,1.0,43.0,7.0
1637948018.0,3.0,0.20658611999999998,73.6,1310.72,1466.4020787200002,9155.9174,9151.85052,9186.688040000001,9195.17564,9202.666360000001,9205.79428,9210.87904,9211.41604,9217.225919999999,0.4541023558082859,-0.9933894720240444,-0.1147926690681517,-0.3713678353832243,-0.928485826947713,1.0,44.0,6.0
1637948034.0,3.0,0.1837656,63.0,1305.6000000000001,1471.5027456,7658.8755,7655.7891,7685.020700000001,7692.0937,7698.426300000001,7701.0329,7705.270200000001,7705.717699999999,7710.948600000001,0.4545085296506905,-0.9935223668751484,-0.1136367305003222,-0.3971478902711722,-0.9177546258413284,1.0,45.0,5.0
1637948050.0,3.0,0.16094508,52.400000000000006,1300.48,1476.60341248,6161.8336,6159.72768,6183.353360000001,6189.01176,6194.186240000001,6196.27152,6199.66136,6200.01936,6204.6712800000005,0.454914703493095,-0.993653916644288,-0.1124806380559163,-0.4226182616076068,-0.906307787098712,1.0,46.0,4.0
1637948066.0,3.0,0.13812455999999998,41.8,1295.3600000000001,1481.7040793600002,4664.7917,4663.66626,4681.68602,4685.929819999999,4689.946180000001,4691.51014,4694.05252,4694.32102,4698.393959999999,0.4553208773354996,-0.9937841211467832,-0.1113243933579498,-0.4477590875140389,-0.8941542370019813,1.0,47.0,3.0
1637948082.0,3.0,0.11530404,31.200000000000003,1290.24,1486.80474624,3167.7498,3167.60484,3180.0186800000006,3182.8478800000003,3185.7061200000003,3186.74876,3188.44368,3188.62268,3192.11664,0.4557270511779041,-0.9939129802128694,-0.1101679979139686,-0.4725507647687361,-0.8813034521187821,1.0,48.0,2.0
1637948098.0,3.0,0.09248352,20.6,1285.12,1491.90541312,1670.7078999999999,1671.54342,1678.3513400000002,1679.76594,1681.4660600000002,1681.98738,1682.83484,1682.92434,1685.83932,0.4561332250203087,-0.9940404936616438,-0.1090114533474139,-0.496973960741064,-0.8677654535330036,1.0,49.0,1.0
1637948114.0,3.0,0.069663,10.0,1280.0,1497.00608,173.666,175.482,176.684,176.684,177.226,177.226,177.226,177.226,179.562,0.4565393988627132,-0.9941666613268508,-0.1078547611662224,-0.521009631771604,-0.8535507973174283,0.0,0.0,0.0
1637948130.0,3.0,0.0,20.0,1280.0,1497.00608,348.508,346.574,360.062,360.062,363.203,369.798,369.798,369.798,371.81,0.4569455727051177,-0.9942914830329184,-0.1066979229797833,-0.5446390351563729,-0.838670567853633,0.0,0.0,0.0
1637948146.0,3.0,0.065627,30.0,1280.0,1605.791744,434.724,436.171,441.864,442.05,443.779,447.391,447.457,447.457,451.597,0.4573517465475223,-0.9944149586109068,-0.1055409403542932,-0.5678437450137687,-0.8231363685615757,0.0,0.0,0.0
1637948162.0,3.0,0.059489,50.0,1280.0,1712.156672,1287.295,1289.403,1297.156,1299.686,1303.951,1310.168,1311.589,1311.589,1311.739,0.4577579203899269,-0.9945370878982556,-0.104383814812727,-0.5906056677825747,-0.8069603120247606,0.0,0.0,0.0
1637948178.0,3.0,0.070244,60.0,1280.0,1762.361344,926.179,926.562,944.326,946.119,950.198,951.164,951.708,959.853,960.039,0.4581640942323314,-0.9946578707235092,-0.103226547979551,-0.6129070536413128,-0.7901550123847376,0.0,0.0,0.0
1637948194.0,3.0,0.323317,80.0,1280.0,1837.453312,1917.668,1919.231,1955.746,1958.334,1963.384,1976.622,1979.234,1979.965,1980.15,0.458570268074736,-0.9947773069291884,-0.1020691413636436,-0.6347305133835359,-0.7727335733484555,0.0,0.0,0.0
1637948210.0,3.0,0.323317,90.0,1280.0,1841.721344,1251.244,1257.019,1285.15,1289.162,1298.227,1300.331,1307.624,1309.216,1313.548,0.4589764419171405,-0.994895396347618,-0.1009115965898658,-0.6560590286528503,-0.7547095805162929,0.0,0.0,0.0
1637948226.0,3.0,0.462534,100.0,1280.0,1841.721344,1388.762,1398.92,1418.467,1422.55,1436.277,1439.054,1440.373,1440.564,1440.586,0.4593826157595451,-0.9950121388248304,-0.0997539151674582,-0.6768759695368707,-0.7360970872537951,0.0,0.0,0.0
1637948242.0,3.0,0.380387,120.0,1280.0,441.880576,4156.964,4167.638,4197.677,4211.196,4217.353,4230.618,4234.854,4236.955,4242.506,0.4597887896019496,-0.9951275341969326,-0.0985960987216677,-0.697165102557493,-0.7169106079393722,0.0,0.0,0.0
1637948258.0,3.0,0.439693,130.0,1280.0,448.733184,1829.18,1837.78,1874.666,1888.881,1900.538,1907.066,1908.931,1910.447,1911.715,0.4601949634443542,-0.9952415823120508,-0.0974381487765719,-0.7169106075354257,-0.6971651029728803,0.0,0.0,0.0
1637948274.0,3.0,0.439693,140.0,1280.0,454.905856,1903.745,1907.843,1959.986,1962.232,1979.284,1990.109,1994.128,1994.379,1996.144,0.4606011372867587,-0.995354283014329,-0.0962800669143466,-0.7360970868616044,-0.676875969963375,0.0,0.0,0.0
1637948290.0,3.0,0.393346,160.0,1280.0,469.733376,2226.032,2222.991,2273.136,2287.75,2320.207,2327.865,2335.06,2338.229,2353.165,0.4610073111291632,-0.9954656361511868,-0.0951218547028666,-0.7547095801361636,-0.6560590290901388,0.0,0.0,0.0
1637948306.0,3.0,0.636088,170.0,1280.0,479.432704,5964.844,5972.222,6027.428,6032.311,6060.198,6072.089,6085.148,6085.918,6089.683,0.4614134849715678,-0.9955756415705004,-0.093963513724671,-0.7727335732762538,-0.6347305134714357,0.0,0.0,0.0
1637948322.0,3.0,0.765935,180.0,1280.0,536.195072,2558.024,2559.893,2618.175,2630.934,2656.72,2670.907,2673.848,2674.586,2678.406,0.4618196588139723,-0.995684299127441,-0.092805045504523,-0.7901550123150184,-0.6129070537311943,0.0,0.0,0.0
1637948338.0,3.0,0.58911,190.0,1280.0,546.603008,2911.039,2910.059,2977.23,2991.486,3028.946,3043.983,3048.689,3049.572,3052.434,0.4622258326563769,-0.995791608669466,-0.0916464516687738,-0.8069603119575781,-0.5906056678743679,0.0,0.0,0.0
1637948354.0,3.0,0.808869,200.0,1280.0,553.828352,7429.588,7447.3,7486.861,7490.847,7529.151,7546.207,7548.544,7550.544,7555.097,0.4626320064987815,-0.9958975700566624,-0.0904877337280322,-0.8231363684969825,-0.5678437451074019,0.0,0.0,0.0
1637948370.0,3.0,0.571904,210.0,1280.0,566.607872,11905.539,11896.563,11968.97,11992.988,12054.7,12074.638,12078.724,12080.903,12084.553,0.463038180341186,-0.9960021831428724,-0.0893288932800123,-0.8386705680452967,-0.5446390348612367,0.0,0.0,0.0
1637948386.0,3.0,0.6448795,215.0,1280.0,571.4001920000001,11241.9415,11236.212,11322.067500000001,11340.3715,11379.7415,11394.71,11404.2575,11406.331,11409.053,0.4634443541835906,-0.9961054477838994,-0.0881699319226069,-0.8535507972581625,-0.5210096318686969,1.0,1.0,1.0
1637948402.0,3.0,0.717855,220.0,1280.0,576.192512,10578.344,10575.861,10675.165,10687.755,10704.783,10714.782,10729.791,10731.759,10733.553,0.4638505280259951,-0.9962073638438376,-0.0870108511814003,-0.8677654534764718,-0.4969739608397738,0.0,0.0,0.0
1637948418.0,3.0,0.667996,230.0,1280.0,588.288,11406.537,11440.377,11488.955,11514.74,11526.133,11533.995,11546.364,11552.2,11555.52,0.4642567018683997,-0.996307931182158,-0.0858516526546118,-0.8813034520650287,-0.4725507648689859,0.0,0.0,0.0
1637948434.0,3.0,0.6941346666666667,236.66666666666666,1280.0,596.8049493333333,11027.061333333333,11050.479666666666,11116.622666666666,11138.911666666665,11164.696333333333,11176.398333333333,11186.56,11190.665,11194.121333333334,0.4646628757108042,-0.9964071496664552,-0.0846923378681336,-0.8941542369510479,-0.4477590876157505,1.0,1.0,2.0
1637948450.0,3.0,0.7202733333333333,243.33333333333331,1280.0,605.3218986666666,10647.585666666666,10660.582333333332,10744.290333333332,10763.083333333332,10803.259666666667,10818.801666666666,10826.756,10829.13,10832.722666666667,0.4650690495532087,-0.9965050191574384,-0.0835329084495055,-0.9063077868538416,-0.4226182621327333,1.0,2.0,1.0
1637948466.0,3.0,0.746412,250.0,1280.0,613.838848,10268.11,10270.685,10371.958,10387.255,10441.823,10461.205,10466.952,10467.595,10471.324,0.4654752233956133,-0.996601539527502,-0.0823733659104256,-0.917754625611216,-0.3971478908029313,0.0,0.0,0.0
1637948482.0,3.0,0.709544,260.0,1280.0,624.984064,11758.902,11771.794,11868.169,11874.974,11900.806,11929.909,11940.798,11942.433,11943.311,0.4658813972380178,-0.9966967106411432,-0.0812137118787533,-0.9284858267325375,-0.3713678359212011,0.0,0.0,0.0
1637948498.0,3.0,0.7815675,265.0,1280.0,632.573952,11807.0535,11839.6845,11931.8725,11943.046,11978.5385,11996.315999999999,12007.817,12015.9595,12017.3365,0.4662875710804224,-0.9967905323742752,-0.0800539478664795,-0.9384930227076932,-0.3452981991394935,1.0,1.0,1.0
1637948514.0,3.0,0.853591,270.0,1280.0,640.16384,11855.205,11907.575,11995.576,12011.118,12056.271,12062.723,12074.836,12089.486,12091.362,0.4666937449228269,-0.9968830045951832,-0.0788940755017747,-0.947768409892682,-0.3189593096454426,0.0,0.0,0.0
1637948530.0,3.0,0.885128,280.0,1280.0,652.935168,11767.339,11758.272,11887.747,11906.878,11966.585,11974.254,11984.805,11990.73,11998.038,0.4670999187652315,-0.9969741271832996,-0.0777340962969145,-0.956304755928777,-0.2923717048347913,0.0,0.0,0.0
1637948546.0,3.0,0.955805,290.0,1280.0,668.557312,13680.976,13684.804,13793.671,13826.745,13871.193,13874.849,13896.32,13901.646,13905.346,0.4675060926076361,-0.9970639000106988,-0.0765740118803713,-0.9640954041455488,-0.2655561178083287,0.0,0.0,0.0
1637948562.0,3.0,1.0107080000000002,295.0,1280.0,675.770368,14883.4695,14886.8445,15000.0635,15032.2555,15070.1155,15084.528,15097.9215,15102.8,15111.989,0.4679122664500406,-0.9971523229592352,-0.0754138237792078,-0.971134279889563,-0.2385334576603037,1.0,1.0,1.0
1637948578.0,3.0,1.065611,300.0,1280.0,682.983424,16085.963,16088.885,16206.456,16237.766,16269.038,16294.207,16299.523,16303.954,16318.632,0.4683184402924452,-0.9972393959069848,-0.0742535335931699,-0.9774158942225988,-0.2113247967490741,0.0,0.0,0.0
1637948594.0,3.0,1.1159915,305.0,1280.0,690.618368,16592.472999999998,16597.925,16721.0315,16746.2895,16787.353000000003,16814.7045,16828.818,16833.394,16844.837,0.4687246141348497,-0.9973251187393056,-0.0730931428495874,-0.9829353491401488,-0.183951350662977,1.0,1.0,1.0
1637948610.0,3.0,1.166372,310.0,1280.0,698.253312,17098.983,17106.965,17235.607,17254.813,17305.668,17335.202,17358.113,17362.834,17371.042,0.4691307879772542,-0.997409491337946,-0.0719326531484819,-0.987688340626145,-0.1564344648444587,0.0,0.0,0.0
1637948626.0,3.0,1.1456345,315.0,1280.0,707.2952319999999,17867.205,17871.775,18006.648,18023.213,18089.345500000003,18109.604,18131.11,18133.997,18139.029000000002,0.4695369618196588,-0.9974925135866184,-0.0707720660900193,-0.9916711623807584,-0.1287955965955188,1.0,1.0,1.0
1637948642.0,3.0,1.124897,320.0,1280.0,716.337152,18635.427,18636.585,18777.689,18791.613,18873.023,18884.006,18904.107,18905.16,18907.016,0.4699431356620633,-0.9975741853770757,-0.0696113831874069,-0.994880708852156,-0.101056296952895,0.0,0.0,0.0
1637948658.0,3.0,1.100799,325.0,1280.0,724.7687679999999,19942.91025,19951.47625,20082.8755,20101.696500000002,20173.08475,20183.6145,20200.30925,20202.225749999998,20207.812749999997,0.4703493095044679,-0.9976545065946604,-0.0684506060701052,-0.9973144772255506,-0.073238197112756,1.0,1.0,3.0
1637948674.0,3.0,1.076701,330.0,1280.0,733.200384,21250.3935,21266.3675,21388.061999999998,21411.78,21473.146500000003,21483.222999999998,21496.5115,21499.2915,21508.6095,0.4707554833468724,-0.9977334771336684,-0.0672897362660883,-0.9989705698027022,-0.0453629878652682,1.0,2.0,2.0
1637948690.0,3.0,1.052603,335.0,1280.0,741.6320000000001,22557.87675,22581.25875,22693.2485,22721.8635,22773.20825,22782.8315,22792.713750000003,22796.35725,22809.40625,0.471161657189277,-0.9978110968861718,-0.0661287753615223,-0.999847695149101,-0.0174524068549429,1.0,3.0,1.0
1637948706.0,3.0,1.028505,340.0,1280.0,750.063616,23865.36,23896.15,23998.435,24031.947,24073.27,24082.44,24088.916,24093.423,24110.203,0.4715678310316815,-0.9978873657470848,-0.06496772492818,-0.9999451693672754,0.0104717839478738,0.0,0.0,0.0
1637948722.0,3.0,1.0655835,345.0,1280.0,759.8059519999999,23880.550000000003,23895.0735,24007.663500000002,24034.498,24094.682,24106.1315,24123.724000000002,24126.847999999998,24137.323,0.4719740048740861,-0.997962283612222,-0.0638065865524776,-0.999262916425389,0.0383878087031029,1.0,1.0,1.0
1637948738.0,3.0,1.102662,350.0,1280.0,769.548288,23895.74,23893.997,24016.892,24037.049,24116.094,24129.823,24158.532,24160.273,24164.443,0.4723801787164907,-0.998035850382941,-0.0626453617628614,-0.9978014683010208,0.0662739002649391,0.0,0.0,0.0
1637948754.0,3.0,1.1257220000000001,355.0,1280.0,779.094016,25366.33,25355.004999999997,25497.4315,25523.034,25591.0625,25613.925499999998,25634.9,25645.6045,25650.9165,0.4727863525588952,-0.9981080659559628,-0.0614840521895526,-0.995561964636176,0.0941083129683971,1.0,1.0,1.0
1637948770.0,3.0,1.148782,360.0,1280.0,788.639744,26836.92,26816.013,26977.971,27009.019,27066.031,27098.028,27111.268,27130.936,27137.39,0.4731925264012998,-0.9981789302371304,-0.0603226593467006,-0.9925461516537936,0.1218693433035742,0.0,0.0,0.0
1637948786.0,3.0,1.1976086666666665,363.3333333333333,1280.0,794.7523413333333,27664.578666666665,27647.688666666665,27822.807666666664,27851.365999999998,27907.220666666664,27935.900666666665,27950.466666666667,27963.928666666667,27969.863666666664,0.4735987002437043,-0.9982484431269588,-0.0591611848647626,-0.988756381094656,0.1495353431286369,1.0,1.0,2.0
1637948802.0,3.0,1.2464353333333331,366.66666666666663,1280.0,800.8649386666666,28492.23733333333,28479.36433333333,28667.64433333333,28693.713,28748.41033333333,28773.77333333333,28789.665333333334,28796.921333333332,28802.337333333333,0.4740048740861088,-0.9983166045348156,-0.057999630258103,-0.9841956079815164,0.1770847402513652,1.0,2.0,1.0
1637948818.0,3.0,1.295262,370.0,1280.0,806.977536,29319.896,29311.04,29512.481,29536.06,29589.6,29611.646,29628.864,29629.914,29634.811,0.4744110479285134,-0.9983834143650098,-0.056837997157406,-0.9788673888200958,0.2044960515621936,0.0,0.0,0.0
1637948834.0,3.0,1.200308,375.0,1280.0,816.8366080000001,29845.714500000002,29840.3085,30035.817,30050.292,30111.083,30126.739999999998,30144.604,30145.921000000002,30148.9845,0.4748172217709179,-0.9984488725296226,-0.0556762870917722,-0.9727758782178068,0.2317479034588543,1.0,1.0,1.0
1637948850.0,3.0,1.105354,380.0,1280.0,826.69568,30371.533,30369.577,30559.153,30564.524,30632.566,30641.834,30660.344,30661.928,30663.158,0.4752233956133225,-0.9985129789399826,-0.0545145016339858,-0.9659258262339266,0.2588190453083122,0.0,0.0,0.0
1637948866.0,3.0,0.9978379999999999,383.3333333333333,1280.0,833.5086933333333,31133.853666666666,31128.59033333333,31314.352999999996,31330.013666666666,31398.824666666664,31409.869666666666,31423.892666666663,31425.258666666665,31427.810666666664,0.475629569455727,-0.9985757335069192,-0.0533526424005267,-0.958322574466067,0.2856883674018414,1.0,1.0,2.0
1637948882.0,3.0,0.890322,386.66666666666663,1280.0,840.3217066666666,31896.174333333332,31887.603666666662,32069.552999999996,32095.503333333334,32165.08333333333,32177.905333333332,32187.44133333333,32188.58933333333,32192.463333333333,0.4760357432981316,-0.9986371361486108,-0.052190710906261,-0.9499720514477952,0.3123349187459955,1.0,2.0,1.0
1637948898.0,3.0,0.782806,390.0,1280.0,847.13472,32658.495,32646.617,32824.753,32860.993,32931.342,32945.941,32950.99,32951.92,32957.116,0.4764419171405361,-0.9986971867788558,-0.0510287087824021,-0.9408807689441466,0.3387379202732865,0.0,0.0,0.0
1637948914.0,3.0,0.8761139999999998,393.3333333333333,1280.0,855.1819946666667,33891.697,33884.91299999999,34081.577,34115.813,34183.73366666666,34194.58733333333,34206.63166666666,34207.77333333333,34213.475666666665,0.4768480909829407,-0.9987558853193582,-0.0498666375440022,-0.9310558157606926,0.3648767845974737,1.0,1.0,2.0
1637948930.0,3.0,0.9694219999999999,396.66666666666663,1280.0,863.2292693333333,35124.899,35123.208999999995,35338.401,35370.633,35436.12533333333,35443.23366666666,35462.27333333333,35463.62666666666,35469.83533333333,0.4772542648253452,-0.9988132316877124,-0.0487044988224711,-0.92050485360986,0.3907311281184165,1.0,2.0,1.0
1637948946.0,3.0,1.06273,400.0,1280.0,871.276544,36358.101,36361.505,36595.225,36625.453,36688.517,36691.88,36717.915,36719.48,36726.195,0.4776604386677498,-0.9988692258091484,-0.047542294133039,-0.9092361091109854,0.4162807921207946,0.0,0.0,0.0
1637948962.0,3.0,1.0559533333333333,403.3333333333333,1280.0,878.2820693333333,36393.39033333333,36384.797999999995,36603.937666666665,36645.679000000004,36729.29733333333,36735.12133333333,36759.88533333333,36762.683333333334,36769.56966666666,0.4780666125101543,-0.9989238676050572,-0.046380025107303,-0.8972583698376246,0.4415058524598834,1.0,1.0,2.0
1637948978.0,3.0,1.0491766666666666,406.66666666666663,1280.0,885.2875946666667,36428.67966666666,36408.09099999999,36612.65033333333,36665.905,36770.077666666664,36778.36266666666,36801.85566666666,36805.886666666665,36812.94433333333,0.4784727863525589,-0.9989771570035372,-0.0452176932752004,-0.8845809752712929,0.4663866402332814,1.0,2.0,1.0
1637948994.0,3.0,1.0424,410.0,1280.0,892.29312,36463.969,36431.384,36621.363,36686.131,36810.858,36821.604,36843.826,36849.09,36856.319,0.4788789601949634,-0.9990290939311094,-0.0440553002394333,-0.8712138112855452,0.4909037533216816,0.0,0.0,0.0
1637949010.0,3.0,1.0433893333333333,413.3333333333333,1280.0,899.9021226666666,37937.07266666667,37915.725666666665,38101.366,38152.06933333333,38256.39166666667,38283.433,38301.022333333334,38305.085,38310.933333333334,0.479285134037368,-0.999079678319382,-0.0428928475301,-0.8571673007471768,0.5150380748350541,1.0,1.0,2.0
1637949026.0,3.0,1.0443786666666666,416.66666666666663,1280.0,907.5111253333333,39410.17633333333,39400.06733333333,39581.369,39618.007666666665,39701.92533333333,39745.261999999995,39758.21866666667,39761.079999999994,39765.547666666665,0.4796913078797725,-0.9991289100973404,-0.0417303367791456,-0.8424523971708352,0.5387707847509118,1.0,2.0,1.0
1637949042.0,3.0,1.045368,420.0,1280.0,915.120128,40883.28,40884.409,41061.372,41083.946,41147.459,41207.091,41215.415,41217.075,41220.162,0.4800974817221771,-0.9991767892007948,-0.0405677695022856,-0.8270805743051813,0.5620833778070754,0.0,0.0,0.0
1637949058.0,3.0,1.0137076666666667,423.3333333333333,1280.0,922.9475839999999,41447.40666666666,41451.27066666666,41637.51966666667,41658.147000000004,41723.23233333333,41774.075666666664,41780.111,41782.723666666665,41789.700999999994,0.4805036555645816,-0.9992233155625287,-0.039405147331626,-0.8110638191477298,0.584957674767584,1.0,1.0,2.0
1637949074.0,3.0,0.9820473333333333,426.66666666666663,1280.0,930.7750399999999,42011.53333333333,42018.13233333333,42213.66733333333,42232.348,42299.005666666664,42341.06033333333,42344.80699999999,42348.37233333333,42359.24,0.4809098294069862,-0.9992684891218798,-0.0382424717830275,-0.7944146205484478,0.6073758397062445,1.0,2.0,1.0
1637949090.0,3.0,0.950387,430.0,1280.0,938.602496,42575.66,42584.994,42789.815,42806.549,42874.779,42908.045,42909.503,42914.021,42928.779,0.4813160032493907,-0.9993123098159692,-0.0370797444742062,-0.7771459613135554,0.6293203912269408,0.0,0.0,0.0
1637949106.0,3.0,0.99144625,432.5,1280.0,944.4239359999999,43297.795750000005,43303.8765,43492.276,43520.94675,43593.17925,43621.3,43625.21475,43630.106499999994,43642.943,0.4817221770917952,-0.9993547775860436,-0.0359169669647856,-0.7592713073273513,0.6507742172746358,1.0,1.0,3.0
1637949122.0,3.0,1.0325055,435.0,1280.0,950.245376,44019.931500000006,44022.759,44194.737,44235.3445,44311.5795,44334.555,44340.9265,44346.191999999995,44357.107,0.4821283509341998,-0.9993958923746076,-0.034754140828998,-0.7408045961114901,0.671720589516275,1.0,2.0,2.0
1637949138.0,3.0,1.07356475,437.5,1280.0,956.066816,44742.06725,44741.6415,44897.198000000004,44949.742249999996,45029.97975,45047.81,45056.638249999996,45062.2775,45071.271,0.4825345247766044,-0.999435654125509,-0.0335912676556851,-0.7217602280674977,0.6921431739025921,1.0,3.0,1.0
1637949154.0,3.0,1.114624,440.0,1280.0,961.888256,45464.203,45460.524,45599.659,45664.14,45748.38,45761.065,45772.35,45778.363,45785.435,0.4829406986190089,-0.9994740627863828,-0.0324283489755776,-0.7021530527858734,0.7120260461973835,0.0,0.0,0.0
1637949170.0,3.0,1.16108,443.3333333333333,1280.0,970.317824,46002.16933333333,45995.473666666665,46154.89633333333,46227.90033333333,46305.075,46320.133,46336.02133333333,46340.439,46348.043999999994,0.4833468724614135,-0.9995111183033076,-0.0312653864212746,-0.6819983603462975,0.7313537013545237,1.0,1.0,2.0
1637949186.0,3.0,1.207536,446.66666666666663,1280.0,978.747392,46540.13566666666,46530.42333333333,46710.13366666666,46791.66066666666,46861.77,46879.201,46899.69266666666,46902.515,46910.653,0.483753046303818,-0.9995468206279692,-0.0301023815090808,-0.6613118654276954,0.7501110695387329,1.0,2.0,1.0
1637949202.0,3.0,1.253992,450.0,1280.0,987.17696,47078.102,47065.373,47265.371,47355.421,47418.465,47438.269,47463.364,47464.591,47473.262,0.4841592201462226,-0.999581169710246,-0.0289393358717164,-0.6401096997577143,0.7682835233662694,0.0,0.0,0.0
1637949218.0,3.0,1.1512054999999999,452.5,1280.0,993.348608,47782.57549999999,47785.361750000004,47978.603500000005,48050.28975,48132.37699999999,48152.422,48173.4755,48175.198749999996,48183.996750000006,0.4845653939886271,-0.999614165505353,-0.0277762510255945,-0.6184083954406048,0.7858568931100475,1.0,1.0,3.0
1637949234.0,3.0,1.048419,455.0,1280.0,999.520256,48487.049,48505.3505,48691.835999999996,48745.158500000005,48846.289,48866.575,48883.587,48885.8065,48894.7315,0.4849715678310317,-0.9996458079669672,-0.0266131286035475,-0.5962248752241238,0.8028174749991296,1.0,2.0,2.0
1637949250.0,3.0,0.9456325,457.5,1280.0,1005.691904,49191.5225,49225.339250000005,49405.0685,49440.02725,49560.201,49580.728,49593.6985,49596.41425,49605.46625,0.4853777416734362,-0.9996760970534628,-0.0254499701366357,-0.5735764364105649,0.8191520442473162,1.0,3.0,1.0
1637949266.0,3.0,0.842846,460.0,1280.0,1011.863552,49895.996,49945.328,50118.301,50134.896,50274.113,50294.881,50303.81,50307.022,50316.201,0.4857839155158407,-0.999705032723428,-0.0242867772141533,-0.5504807403262486,0.8348478631043295,0.0,0.0,0.0
1637949282.0,3.0,0.9064775,462.5,1280.0,1018.4366080000001,50645.0535,50683.53,50860.4265,50882.73575,51005.289749999996,51028.909750000006,51042.28425,51044.89025,51054.17825,0.4861900893582453,-0.999732614937688,-0.023123551410895,-0.5269557955303643,0.8498926929659772,1.0,1.0,3.0
1637949298.0,3.0,0.970109,465.0,1280.0,1025.0096640000002,51394.111000000004,51421.732,51602.551999999996,51630.5755,51736.466499999995,51762.938500000004,51780.758499999996,51782.758499999996,51792.1555,0.4865962632006498,-0.9997588436585814,-0.0219602943162483,-0.5030199468514512,0.8642748018249538,1.0,2.0,2.0
1637949314.0,3.0,1.0337405,467.5,1280.0,1031.58272,52143.1685,52159.934,52344.6775,52378.41525,52467.64325,52496.96725,52519.23275,52520.62675,52530.132750000004,0.4870024370430544,-0.9997837188515566,-0.0207970074614496,-0.4786918579464137,0.8779829754248145,1.0,3.0,1.0
1637949330.0,3.0,1.097372,470.0,1280.0,1038.155776,52892.226,52898.136,53086.803,53126.255,53198.82,53230.996,53257.707,53258.495,53268.11,0.487408610885459,-0.9998072404822634,-0.0196336924505165,-0.4539904995232746,0.8910065242985641,0.0,0.0,0.0
1637949346.0,3.0,1.11861875,472.5,1280.0,1044.753408,53720.07475,53725.4125,53919.29424999999,53975.034499999994,54048.53225,54081.58825,54103.34175000001,54105.36825,54117.11825,0.4878147847278635,-0.9998294085183194,-0.0184703508875081,-0.42893513337929,0.9033352928746284,1.0,1.0,3.0
1637949362.0,3.0,1.1398655,475.0,1280.0,1051.35104,54547.923500000004,54552.689,54751.7855,54823.814,54898.2445,54932.1805,54948.976500000004,54952.241500000004,54966.1265,0.4882209585702681,-0.9998502229305692,-0.0173069843037727,-0.4035452961000894,0.9149596679611026,1.0,2.0,2.0
1637949378.0,3.0,1.16111225,477.5,1280.0,1057.948672,55375.77225,55379.9655,55584.27675,55672.5935,55747.95675,55782.77275,55794.61125,55799.11475,55815.13475,0.4886271324126726,-0.9998696836905476,-0.0161435942888893,-0.3778407871945837,0.9258705846565044,1.0,3.0,1.0
1637949394.0,3.0,1.182359,480.0,1280.0,1064.546304,56203.621,56207.242,56416.768,56521.373,56597.669,56633.365,56640.246,56645.988,56664.143,0.4890333062550772,-0.9998877907719076,-0.0149801824179193,-0.3518416485515585,0.9360595356837734,0.0,0.0,0.0
1637949410.0,3.0,1.1802445,482.5,1280.0,1071.563776,56611.444500000005,56613.30275,56821.3255,56911.964,56986.65275,57019.24325,57027.813,57033.739499999996,57049.714250000005,0.4894394800974817,-0.9999045441499336,-0.0138167502805042,-0.3255681548100314,0.9455185754778124,1.0,1.0,3.0
1637949426.0,3.0,1.17813,485.0,1280.0,1078.581248,57019.268,57019.3635,57225.883,57302.555,57375.6365,57405.121499999994,57415.380000000005,57421.490999999995,57435.2855,0.4898456539398862,-0.999919943802547,-0.012653299408111,-0.2990407923742842,0.954240328479236,1.0,2.0,2.0
1637949442.0,3.0,1.1760155,487.5,1280.0,1085.59872,57427.0915,57425.42425,57630.4405,57693.146,57764.62025,57790.999749999995,57802.947,57809.2425,57820.85675,0.4902518277822908,-0.9999339897081287,-0.0114898314340859,-0.2722802473679065,0.9622179934366596,1.0,3.0,1.0
1637949458.0,3.0,1.173901,490.0,1280.0,1092.616192,57834.915,57831.485,58034.998,58083.737,58153.604,58176.878,58190.514,58196.994,58206.428,0.4906580016246953,-0.9999466818483655,-0.0103263478753927,-0.24530738596687,0.9694453498728544,0.0,0.0,0.0
1637949474.0,3.0000000000000004,1.1187764,492.0,1280.0,1098.5242624,58501.673800000004,58496.7174,58701.203,58756.0196,58831.776600000005,58854.784999999996,58868.9124,58874.918600000005,58882.713200000006,0.4910641754670999,-0.9999580202054388,-0.0091628503654236,-0.2181432416963075,0.975916761871742,1.0,1.0,4.0
1637949490.0,3.0000000000000004,1.0636518000000001,494.00000000000006,1280.0000000000002,1104.4323328,59168.43260000001,59161.9498,59367.40800000001,59428.30220000001,59509.94920000001,59532.69200000001,59547.310800000014,59552.84320000001,59558.99840000001,0.4914703493095044,-0.9999680047645656,-0.0079993404211806,-0.190808995433303,0.9816271834366312,1.0,2.0,3.0
1637949506.0,3.0000000000000004,1.0085272,496.00000000000006,1280.0,1110.3404032,59835.19140000001,59827.1822,60033.613000000005,60100.584800000004,60188.12180000001,60210.599,60225.709200000005,60230.76780000001,60235.28360000001,0.491876523151909,-0.9999766355117284,-0.0068358196760931,-0.1633259625120811,0.9865721615621952,1.0,3.0,2.0
1637949522.0,3.0,0.9534026000000001,498.0,1280.0,1116.2484736,60501.95020000001,60492.414600000004,60699.81800000001,60772.8674,60866.2944,60888.506,60904.1076,60908.6924,60911.5688,0.4922826969943135,-0.9999839124356744,-0.0056722896471935,-0.1357155724588729,0.9907478404680782,1.0,4.0,1.0
1637949538.0,3.0,0.898278,500.0,1280.0,1122.156544,61168.709,61157.647,61366.023,61445.15,61544.467,61566.413,61582.506,61586.617,61587.854,0.4926888708367181,-0.9999898355261876,-0.0045087519679393,-0.1079993559457299,0.9941509639462748,0.0,0.0,0.0
1637949554.0,3.0000000000000004,0.8983812000000001,502.0,1280.0,1128.0719872,62000.51520000001,61992.5608,62201.5742,62271.175,62363.271400000005,62390.774000000005,62408.6538,62412.57540000001,62415.32060000001,0.4930950446791227,-0.9999944047754966,-0.0033452081699368,-0.0801989243206608,0.9967788784569068,1.0,1.0,4.0
1637949570.0,3.0000000000000004,0.8984844000000001,504.00000000000006,1280.0000000000002,1133.9874304,62832.32140000001,62827.47460000001,63037.125400000004,63097.200000000004,63182.075800000006,63215.135,63234.801600000006,63238.533800000005,63242.787200000006,0.4935012185215272,-0.9999976201773648,-0.0021816598284554,-0.0523359559857303,0.9986295347680538,1.0,2.0,3.0
1637949586.0,3.0000000000000004,0.8985876000000002,506.00000000000006,1280.0,1139.9028736000002,63664.12760000001,63662.3884,63872.676600000006,63923.225000000006,64000.88020000001,64039.49600000001,64060.949400000005,64064.49220000001,64070.25380000001,0.4939073923639318,-0.9999994817273432,-0.0010181085624266,-0.0244321781114183,0.9997014897821908,1.0,3.0,2.0
1637949602.0,3.0,0.8986908,508.0,1280.0,1145.8183168,64495.933800000006,64497.302200000006,64708.2278,64749.25,64819.68460000001,64863.856999999996,64887.0972,64890.450600000004,64897.720400000006,0.4943135662063363,-0.9999999894230052,0.0001454441110773,0.0034906517058109,0.999993907656776,1.0,4.0,1.0
1637949618.0,3.0,0.898794,510.0,1280.0,1151.73376,65327.74,65332.216,65543.779,65575.275,65638.489,65688.218,65713.245,65716.409,65725.187,0.4947197400487408,-0.9999991432636378,0.0013089965585672,0.0314107586869297,0.9995065603780254,0.0,0.0,0.0
1637949634.0,3.0,0.91098832,511.59999999999997,1280.0,1156.94567424,66538.13051999999,66542.68124,66752.97436,66784.99264,66848.75416,66898.11919999999,66922.60651999999,66926.07848,66934.81528000001,0.4951259138911454,-0.9999969432503444,0.0024725472629693,0.0593063734341619,0.9982398279321896,1.0,1.0,24.0
1637949650.0,3.0000000000000004,0.9231826399999999,513.2,1280.0000000000002,1162.1575884800002,67748.52103999999,67753.14648,67962.16971999999,67994.71028,68059.01932,68108.0204,68131.96803999999,68135.74796000001,68144.44356,0.4955320877335499,-0.9999933893862132,0.0036360945907972,0.0871557423906527,0.9961946981229794,1.0,2.0,23.0
1637949666.0,3.0,0.9353769599999999,514.8,1280.0,1167.3695027200001,68958.91156,68963.61172,69171.36507999999,69204.42792,69269.28448,69317.9216,69341.32956,69345.41743999999,69354.07184,0.4959382615759545,-0.999988481675948,0.0047996370104318,0.1149371503845619,0.9933727656129276,1.0,3.0,22.0
1637949682.0,3.0,0.94757128,516.4,1280.0,1172.58141696,70169.30208,70174.07695999999,70380.56044,70414.14555999999,70479.54964,70527.8228,70550.69107999999,70555.08692,70563.70012000001,0.496344435418359,-0.9999822201262292,0.0059631729320537,0.1426289333834913,0.9897762309541928,1.0,4.0,21.0
1637949698.0,3.0000000000000004,0.9597656,518.0,1280.0,1177.7933312000002,71379.69260000001,71384.54220000001,71589.7558,71623.8632,71689.81480000001,71737.724,71760.0526,71764.7564,71773.3284,0.4967506092607636,-0.9999746047455338,0.0071267007804038,0.1702094990911369,0.9854078984964268,1.0,5.0,20.0
1637949714.0,3.0,0.97195992,519.6,1280.0,1183.00524544,72590.08312,72595.00744,72798.95116,72833.58084,72900.07996,72947.6252,72969.41411999999,72974.42588,72982.95668,0.4971567831031681,-0.9999656355442926,0.0082902189656827,0.1976573400925693,0.980271174679502,1.0,6.0,19.0
1637949730.0,3.0,0.98415424,521.2,1280.0,1188.2171596800001,73800.47364,73805.47268,74008.14652,74043.29848,74110.34512,74157.5264,74178.77563999999,74184.09536,74192.58496000001,0.4975629569455727,-0.9999553125342868,0.0094537259563096,0.2249510543019845,0.974370064794904,1.0,7.0,18.0
1637949746.0,3.0,0.9963485599999999,522.8000000000001,1280.0,1193.42907392,75010.86416,75015.93792,75217.34187999999,75253.01612,75320.61028000001,75367.4276,75388.13716,75393.76484,75402.21324,0.4979691307879773,-0.9999436357300084,0.0106172201188593,0.2520693579921852,0.9677091705473332,1.0,8.0,17.0
1637949762.0,3.0,1.00854288,524.4,1280.0,1198.64098816,76221.25468,76226.40316,76426.53723999999,76462.73376,76530.87544,76577.3288,76597.49867999999,76603.43432,76611.84152,0.4983753046303818,-0.9999306051466822,0.0117806999363342,0.2789911060296651,0.9602936856797216,1.0,9.0,16.0
1637949778.0,3.0,1.0207372,526.0,1280.0,1203.8529024,77431.6452,77436.86839999999,77635.7326,77672.45139999999,77741.1406,77787.23,77806.8602,77813.1038,77821.4698,0.4987814784727863,-0.9999162208026016,0.0129441637753472,0.3056953047476589,0.9521293928113111,1.0,10.0,15.0
1637949794.0,3.0,1.03293152,527.6,1280.0,1209.0648166400001,78642.03572,78647.33364,78844.92796,78882.16904000001,78951.40576000001,78997.1312,79016.22172,79022.77328000001,79031.09808,0.4991876523151909,-0.9999004827165212,0.0141076101189402,0.3321611319054568,0.9432226579399404,1.0,11.0,14.0
1637949810.0,3.0,1.0451258399999999,529.1999999999999,1280.0,1214.27673088,79852.42624,79857.79888,80054.12332,80091.88668,80161.67092,80207.0324,80225.58323999999,80232.44276,80240.72636,0.4995938261575954,-0.9998833909103132,0.0152710373483232,0.3583679497996122,0.9335804263995806,1.0,12.0,13.0
1637949826.0,3.0,1.05732016,530.8,1280.0,1219.48864512,81062.81676,81068.26411999999,81263.31868,81301.60432,81371.93608,81416.9336,81434.94476,81442.11224,81450.35464,0.5,-0.9998649454071682,0.0164344438883853,0.3842953227115825,0.9232102170914276,1.0,13.0,12.0
1637949842.0,3.0,1.06951448,532.4000000000001,1280.0,1224.7005593600002,82273.20728,82278.72936,82472.51404000001,82511.32196,82582.20124000001,82626.83480000001,82644.30628,82651.78172,82659.98292000001,0.5004061738424046,-0.9998451462313416,0.0175978282076925,0.4099230341201593,0.9121201160470712,1.0,14.0,11.0
1637949858.0,3.0,1.0817088,534.0,1280.0,1229.9124736,83483.5978,83489.1946,83681.70939999999,83721.0396,83792.4664,83836.736,83853.6678,83861.4512,83869.6112,0.5008123476848091,-0.9998239934106284,0.0187611886729918,0.4352310990333096,0.9003187715660812,1.0,15.0,10.0
1637949874.0,3.0,1.09390312,535.6,1280.0,1235.12438784,84693.98832,84699.65984,84890.90476,84930.75724,85002.73156,85046.6372,85063.02932,85071.12067999999,85079.23948,0.5012185215272137,-0.999801486972609,0.0199245237674598,0.4601997846709115,0.887815385194944,1.0,16.0,9.0
1637949890.0,3.0,1.10609744,537.2,1280.0,1240.33630208,85904.37884,85910.12508,86100.10012,86140.47488000001,86212.99672000001,86256.5384,86272.39084000001,86280.79016,86288.86776000001,0.5016246953696182,-0.9997776269488792,0.0210878318579127,0.4848096199458783,0.8746197073059427,1.0,17.0,8.0
1637949906.0,3.0,1.11829176,538.8,1280.0,1245.54821632,87114.76935999999,87120.59032,87309.29548,87350.19252,87423.26188,87466.4396,87481.75236,87490.45964,87498.49604,0.5020308692120228,-0.9997524133705488,0.0222511114275953,0.5090414156692991,0.8607420270518896,1.0,18.0,7.0
1637949922.0,3.0,1.13048608,540.4,1280.0,1250.76013056,88325.15987999999,88331.05556,88518.49084,88559.91016,88633.52704,88676.3408,88691.11387999999,88700.12912,88708.12432,0.5024370430544273,-0.9997258462730144,0.0234143608434018,0.5328762758079801,0.8461931662930264,1.0,19.0,6.0
1637949938.0,3.0,1.1426804,542.0,1280.0,1255.9720448,89535.55040000001,89541.5208,89727.6862,89769.6278,89843.79220000001,89886.24200000001,89900.4754,89909.7986,89917.7526,0.5028432168968319,-0.9996979256912728,0.0245775785741059,0.5562956154494767,0.8309844693083548,1.0,20.0,5.0
1637949954.0,3.0,1.15487472,543.6,1280.0,1261.18395904,90745.94092,90751.98603999999,90936.88156,90979.34543999999,91054.05736,91096.1432,91109.83691999999,91119.46807999999,91127.38088,0.5032493907392364,-0.999668651663448,0.0257407630303313,0.5792811721164927,0.8151277958892964,1.0,21.0,4.0
1637949970.0,3.0,1.16706904,545.2,1280.0,1266.39587328,91956.33144,91962.45128,92146.07692,92189.06308,92264.32252,92306.0444,92319.19844,92329.13755999999,92337.00916,0.503655564581641,-0.999638024229173,0.0269039126372947,0.6018150231295718,0.7986355100642301,1.0,22.0,3.0
1637949986.0,3.0,1.17926336,546.8000000000001,1280.0,1271.60778752,93166.72196,93172.91652,93355.27228,93398.78072000001,93474.58768000001,93515.9456,93528.55996,93538.80704,93546.63744,0.5040617384240454,-0.9996060434303212,0.028067025805714,0.6238795965183334,0.7815204725713343,1.0,23.0,2.0
1637950002.0,3.0,1.1914576799999999,548.4,1280.0,1276.81970176,94377.11248,94383.38175999999,94564.46764,94608.49836,94684.85283999999,94725.8468,94737.92147999999,94748.47652,94756.26572,0.50446791226645,-0.9995727093089648,0.029230101004541,0.6454576877276771,0.7637960286314931,1.0,24.0,1.0
1637950018.0,3.0,1.203652,550.0,1280.0,1282.031616,95587.503,95593.847,95773.663,95818.216,95895.118,95935.748,95947.283,95958.146,95965.894,0.5048740861088545,-0.9995380219119008,0.0303931366009569,0.6665324700918287,0.7454759998237941,0.0,0.0,0.0
1637950034.0,3.0,1.1767241363636365,537.7272727272727,1274.1818181818182,1285.1267956363636,93419.87311363636,93426.13736363637,93601.88993181818,93645.43036363636,93720.60020454545,93760.30679545455,93771.57963636363,93782.19575,93789.92518181818,0.5052802599512591,-0.9995019812843556,0.0315561310785617,0.6870875108319613,0.7265746709449342,1.0,1.0,43.0
1637950050.0,3.0,1.1497962727272726,525.4545454545455,1268.3636363636365,1288.2219752727271,91252.24322727273,91258.42772727272,91430.11686363637,91472.64472727274,91546.08240909092,91584.8655909091,91595.87627272727,91606.24549999999,91613.95636363637,0.5056864337936637,-0.999464587475974,0.0327190828337382,0.7071067813896593,0.7071067809834357,1.0,2.0,42.0
1637950066.0,3.0000000000000004,1.1228684090909091,513.1818181818181,1262.5454545454545,1291.317154909091,89084.6133409091,89090.7180909091,89258.34379545455,89299.8590909091,89371.56461363636,89409.42438636364,89420.1729090909,89430.29525,89437.98754545455,0.5060926076360682,-0.9994258405383676,0.0338819902629309,0.726574671019707,0.6870875107528913,1.0,3.0,41.0
1637950082.0,3.0000000000000004,1.0959405454545457,500.909090909091,1256.7272727272727,1294.4123345454548,86916.98345454547,86923.00845454544,87086.57072727273,87127.07345454546,87197.04681818183,87233.9831818182,87244.46954545456,87254.345,87262.01872727273,0.5064987814784728,-0.999385740522566,0.0350448518353642,0.7454759998963298,0.6665324700107019,1.0,4.0,40.0
1637950098.0,3.0,1.0690126818181818,488.6363636363636,1250.909090909091,1297.5075141818181,84749.35356818182,84755.29881818181,84914.7976590909,84954.28781818181,85022.52902272728,85058.54197727273,85068.76618181818,85078.39474999999,85086.04990909091,0.5069049553208773,-0.9993442874833344,0.0362076659621479,0.7637960284011707,0.6454576880002268,1.0,5.0,39.0
1637950114.0,3.0,1.042084818181818,476.3636363636364,1245.090909090909,1300.6026938181817,82581.72368181818,82587.58918181818,82743.0245909091,82781.50218181818,82848.01122727273,82883.10077272728,82893.06281818182,82902.4445,82910.0810909091,0.5073111291632819,-0.9993014814767948,0.0373704310690004,0.7815204723487117,0.6238795967972078,1.0,6.0,38.0
1637950130.0,3.0,1.0151569545454546,464.09090909090907,1239.2727272727275,1303.6978734545455,80414.09379545455,80419.87954545455,80571.25152272728,80608.71654545455,80673.49343181819,80707.65956818183,80717.35945454545,80726.49425,80734.11227272729,0.5077173030056864,-0.9992573225614608,0.0385331455671649,0.798635509849481,0.6018150234145535,1.0,7.0,37.0
1637950146.0,3.0,0.988229090909091,451.8181818181818,1233.4545454545455,1306.793053090909,78246.46390909092,78252.16990909091,78399.47845454546,78435.93090909091,78498.97563636364,78532.21836363638,78541.65609090909,78550.544,78558.14345454547,0.508123476848091,-0.9992118107954352,0.039695807926118,0.8151277956825881,0.5792811724073594,1.0,8.0,36.0
1637950162.0,3.0000000000000004,0.9613012272727274,439.5454545454546,1227.6363636363637,1309.888232727273,76078.83402272727,76084.46027272727,76227.70538636365,76263.14527272728,76324.45784090909,76356.77715909091,76365.95272727273,76374.59375,76382.17463636363,0.5085296506904955,-0.9991649462426108,0.0408584165136203,0.8309844691098486,0.5562956157460016,1.0,9.0,35.0
1637950178.0,3.0,0.9343733636363636,427.27272727272725,1221.8181818181818,1312.9834123636363,73911.20413636364,73916.75063636363,74055.93231818182,74090.35963636363,74149.94004545454,74181.33595454544,74190.24936363635,74198.64349999999,74206.20581818183,0.5089358245329001,-0.9991167289640912,0.0420209698138287,0.8461931661028771,0.5328762761099322,1.0,10.0,34.0
1637950194.0,3.0,0.9074454999999999,415.0,1216.0,1316.0785919999998,71743.57424999999,71749.041,71884.15925,71917.574,71975.42225,72005.89475,72014.546,72022.69325,72030.23700000001,0.5093419983753046,-0.9990671590275676,0.0431834661946569,0.8607420268702454,0.5090414159764427,1.0,11.0,33.0
1637950210.0,3.0,0.8805176363636363,402.72727272727275,1210.1818181818182,1319.1737716363637,69575.94436363636,69581.33136363636,69712.38618181819,69744.78836363637,69800.90445454547,69830.45354545455,69838.84263636364,69846.743,69854.26818181817,0.5097481722177092,-0.9990162364976706,0.044345904140408,0.8746197071329453,0.4848096202579739,1.0,12.0,32.0
1637950226.0,3.0,0.8535897727272728,390.45454545454544,1204.3636363636365,1322.2689512727275,67408.31447727272,67413.62172727272,67540.61311363637,67572.00272727273,67626.38665909092,67655.0123409091,67663.13927272728,67670.79275,67678.29936363637,0.5101543460601138,-0.9989639614458896,0.0455082820191578,0.8878153850307282,0.4601997849877158,1.0,13.0,31.0
1637950242.0,3.0000000000000004,0.8266619090909091,378.18181818181824,1198.5454545454545,1325.364130909091,65240.68459090909,65245.91209090909,65368.84004545455,65399.21709090909,65451.86886363637,65479.571136363644,65487.43590909091,65494.8425,65502.33054545455,0.5105605199025183,-0.9989103339410614,0.0466705983008278,0.9003187714107751,0.4352310993545755,1.0,14.0,30.0
1637950258.0,3.0,0.7997340454545454,365.90909090909093,1192.7272727272727,1328.4593105454546,63073.05470454545,63078.20245454545,63197.06697727273,63226.431454545454,63277.351068181815,63304.12993181818,63311.732545454535,63318.89224999999,63326.36172727273,0.5109666937449229,-0.9988553540564352,0.0478328513972727,0.9121201160916812,0.4099230340208973,1.0,15.0,29.0
1637950274.0,3.0,0.7728061818181817,353.6363636363636,1186.909090909091,1331.5544901818182,60905.42481818182,60910.49281818181,61025.293909090906,61053.645818181816,61102.83327272727,61128.68872727273,61136.02918181818,61142.941999999995,61150.39290909091,0.5113728675873274,-0.9987990218664456,0.0489950397349704,0.9232102171332486,0.3842953226111136,1.0,16.0,28.0
1637950290.0,3.0,0.7458783181818182,341.3636363636364,1181.090909090909,1334.6496698181818,58737.79493181818,58742.78318181817,58853.52084090909,58880.860181818185,58928.31547727273,58953.24752272728,58960.32581818182,58966.991749999994,58974.42409090909,0.511779041429732,-0.9987413374466289,0.0501571617550197,0.9335804266054584,0.3583679492632825,1.0,17.0,27.0
1637950306.0,3.0000000000000004,0.7189504545454546,329.09090909090907,1175.2727272727273,1337.7448494545456,56570.165045454545,56575.07354545455,56681.74777272728,56708.074545454554,56753.797681818185,56777.80631818182,56784.62245454545,56791.0415,56798.455272727275,0.5121852152721365,-0.9986823008772704,0.0513192158404752,0.943222657976088,0.3321611318028101,1.0,18.0,26.0
1637950322.0,3.0,0.6920225909090909,316.8181818181818,1169.4545454545455,1340.8400290909092,54402.53515909091,54407.36390909091,54509.97470454546,54535.288909090916,54579.27988636364,54602.36511363638,54608.9190909091,54615.091250000005,54622.48645454546,0.512591389114541,-0.998621912235344,0.0524812004762168,0.952129392702228,0.3056953050874126,1.0,19.0,25.0
1637950338.0,3.0,0.6650947272727271,304.54545454545456,1163.6363636363635,1343.9352087272728,52234.905272727265,52239.65427272727,52338.201636363636,52362.50327272727,52404.76209090909,52426.92390909091,52433.21572727272,52439.140999999996,52446.51763636363,0.5129975629569455,-0.9985601716056284,0.0536431140309565,0.9602936855801676,0.2789911063723323,1.0,20.0,24.0
1637950354.0,3.0,0.6381668636363637,292.27272727272725,1157.8181818181818,1347.0303883636363,50067.27538636363,50071.94463636363,50166.428568181815,50189.71763636363,50230.24429545454,50251.48270454545,50257.51236363636,50263.190749999994,50270.548818181815,0.5134037367993501,-0.99849707906942,0.0548049549752274,0.9677091704573858,0.2520693583374985,1.0,21.0,23.0
1637950370.0,3.0,0.611239,280.0,1152.0,1350.125568,47899.6455,47904.235,47994.6555,48016.932,48055.726500000004,48076.04150000001,48081.809,48087.2405,48094.58,0.5138099106417546,-0.9984326347129008,0.0559667217215333,0.9743700647146336,0.2249510546496746,1.0,22.0,22.0
1637950386.0,3.0,0.5843111363636363,267.72727272727275,1146.1818181818182,1353.2207476363637,45732.015613636366,45736.52536363636,45822.88243181819,45844.14636363637,45881.20870454546,45900.600295454555,45906.10563636364,45911.29025,45918.61118181818,0.5142160844841592,-0.9983668386233188,0.0571284126970104,0.9802711746089706,0.1976573404423651,1.0,23.0,21.0
1637950402.0,3.0,0.5573832727272728,255.4545454545455,1140.3636363636365,1356.3159272727273,43564.38572727273,43568.815727272726,43651.109363636366,43671.36072727273,43706.69090909091,43725.159090909096,43730.402272727275,43735.34,43742.64236363637,0.5146222583265637,-0.9982996908906012,0.0582900263143705,0.98540789843569,0.1702094994427657,1.0,24.0,20.0
1637950418.0,3.0,0.530455409090909,243.1818181818182,1134.5454545454545,1359.411106909091,41396.75584090909,41401.10609090909,41479.33629545455,41498.57509090909,41532.17311363636,41549.717886363636,41554.698909090905,41559.389749999995,41566.67354545455,0.5150284321689683,-0.9982311916031112,0.0594515610445386,0.9897762309032976,0.1426289337366789,1.0,25.0,19.0
1637950434.0,3.0,0.5035275454545455,230.9090909090909,1128.7272727272727,1362.5062865454547,39229.12595454546,39233.39645454545,39307.56322727273,39325.789454545455,39357.65531818182,39374.27668181819,39378.99554545455,39383.4395,39390.704727272736,0.5154346060113729,-0.998161340857014,0.0606130152568583,0.993372765571914,0.1149371507390328,1.0,26.0,18.0
1637950450.0,3.0,0.4765996818181818,218.63636363636363,1122.909090909091,1365.6014661818183,37061.49606818182,37065.68681818182,37135.79015909091,37153.003818181816,37183.13752272727,37198.835477272725,37203.29218181818,37207.48925,37214.73590909091,0.5158407798537774,-0.9980901387433824,0.0617743874369916,0.9961946980918792,0.0871557427461306,1.0,27.0,17.0
1637950466.0,3.0,0.4496718181818182,206.36363636363637,1117.090909090909,1368.6966458181819,34893.86618181818,34897.97718181818,34964.01709090909,34980.21818181818,35008.61972727273,35023.39427272727,35027.588818181815,35031.539,35038.76709090909,0.516246953696182,-0.9980175853621764,0.0629356759545104,0.9982398279110272,0.0593063737903695,1.0,28.0,16.0
1637950482.0,3.0,0.42274395454545455,194.09090909090912,1111.2727272727273,1371.7918254545455,32726.236295454546,32730.267545454546,32792.244022727275,32807.43254545455,32834.101931818186,32847.95306818182,32851.88545454546,32855.58875,32862.798272727276,0.5166531275385865,-0.9979436808079928,0.0640968792952928,0.999506560366817,0.0314107590435894,1.0,29.0,15.0
1637950498.0,3.0,0.39581609090909087,181.8181818181818,1105.4545454545455,1374.8870050909093,30558.60640909091,30562.557909090905,30620.470954545453,30634.64690909091,30659.584136363635,30672.511863636366,30676.18209090909,30679.638499999997,30686.829454545456,0.5170593013809911,-0.9978684251845846,0.0652579958291476,0.999993907657156,0.003490651596986,1.0,30.0,14.0
1637950514.0,3.0,0.3688882272727273,169.54545454545453,1099.6363636363637,1377.9821847272729,28390.976522727273,28394.848272727275,28448.697886363636,28461.861272727274,28485.066340909092,28497.07065909091,28500.478727272726,28503.68825,28510.860636363635,0.5174654752233956,-0.9977918185910392,0.0664190240276573,0.999701489779532,-0.0244321782202114,1.0,31.0,13.0
1637950530.0,3.0,0.34196036363636356,157.27272727272728,1093.8181818181818,1381.0773643636364,26223.346636363633,26227.138636363634,26276.92481818182,26289.075636363636,26310.548545454545,26321.629454545455,26324.77536363636,26327.737999999998,26334.891818181815,0.5178716490658002,-0.9977138611310202,0.0675799623189547,0.9986295347379875,-0.0523359565594298,1.0,32.0,12.0
1637950546.0,3.0,0.3150325,145.0,1088.0,1384.172544,24055.71675,24059.429,24105.15175,24116.29,24136.03075,24146.188250000003,24149.072,24151.78775,24158.923,0.5182778229082047,-0.9976345529130208,0.0687408090877418,0.9967788784855246,-0.0801989239649745,1.0,33.0,11.0
1637950562.0,3.0,0.28810463636363637,132.72727272727275,1082.1818181818182,1387.2677236363638,21888.086863636367,21891.719363636363,21933.378681818183,21943.504363636366,21961.512954545455,21970.747045454547,21973.368636363637,21975.837499999998,21982.954181818186,0.5186839967506093,-0.9975538940404453,0.0699015628204724,0.994150963984813,-0.1079993555909813,1.0,34.0,10.0
1637950578.0,3.0,0.26117677272727274,120.45454545454545,1076.3636363636365,1390.3629032727274,19720.45697727273,19724.009727272725,19761.605613636366,19770.718727272728,19786.99515909091,19795.305840909095,19797.665272727274,19799.88725,19806.985363636366,0.5190901705930138,-0.9974718846265288,0.0710622218875867,0.9907478405165064,-0.1357155721053387,1.0,35.0,9.0
1637950594.0,3.0,0.2342489090909091,108.18181818181819,1070.5454545454545,1393.458082909091,17552.82709090909,17556.30009090909,17589.832545454545,17597.93309090909,17612.477363636364,17619.864636363636,17621.961909090907,17623.936999999998,17631.016545454546,0.5194963444354184,-0.9973885247781984,0.0722227847757834,0.9865721616204758,-0.1633259621600368,1.0,36.0,8.0
1637950610.0,3.0,0.20732104545454544,95.9090909090909,1064.7272727272727,1396.5532625454546,15385.197204545455,15388.590454545452,15418.059477272727,15425.147454545455,15437.959568181817,15444.423431818183,15446.258545454544,15447.986749999998,15455.047727272728,0.5199025182778229,-0.9973038146124809,0.0733832498557706,0.9816271835047188,-0.1908089950830233,1.0,37.0,7.0
1637950626.0,3.0,0.18039318181818179,83.63636363636364,1058.909090909091,1399.6484421818182,13217.567318181817,13220.880818181817,13246.286409090908,13252.361818181816,13263.441772727272,13268.982227272727,13270.55518181818,13272.036499999998,13279.078909090907,0.5203086921202275,-0.9972177542398238,0.0745436156144998,0.9759167619495832,-0.2181432413480656,1.0,38.0,6.0
1637950642.0,3.0,0.1534653181818182,71.36363636363637,1053.090909090909,1402.743621818182,11049.937431818184,11053.171181818181,11074.513340909092,11079.576181818184,11088.923977272729,11093.541022727275,11094.85181818182,11096.08625,11103.110090909093,0.5207148659626321,-0.997130343781046,0.075703880422956,0.9694453499603888,-0.2453073856209372,1.0,39.0,5.0
1637950658.0,3.0,0.12653745454545454,59.09090909090909,1047.2727272727275,1405.8388014545458,8882.307545454545,8885.461545454546,8902.740272727273,8906.790545454545,8914.406181818184,8918.09981818182,8919.148454545455,8920.136,8927.141272727273,0.5211210398050365,-0.9970415833512338,0.0768640427538429,0.962217993533819,-0.2722802470245527,1.0,40.0,4.0
1637950674.0,3.0,0.0996095909090909,46.81818181818182,1041.4545454545455,1408.9339810909094,6714.6776590909085,6717.751909090909,6730.9672045454545,6734.004909090909,6739.8883863636365,6742.658613636364,6743.44509090909,6744.18575,6751.172454545454,0.5215272136474411,-0.9969514730716412,0.0780241010219575,0.9542403285859444,-0.2990407920337772,1.0,41.0,3.0
1637950690.0,3.0,0.07268172727272727,34.54545454545455,1035.6363636363637,1412.029160727273,4547.047772727273,4550.042272727273,4559.194136363636,4561.219272727272,4565.370590909091,4567.217409090909,4567.741727272727,4568.2355,4575.203636363636,0.5219333874898456,-0.9968600130642642,0.0791840536567491,0.9455185755939868,-0.3255681544726365,1.0,42.0,2.0
1637950706.0,3.0,0.045753863636363634,22.272727272727273,1029.8181818181818,1415.1243403636365,2379.417886363636,2382.3326363636365,2387.421068181818,2388.433636363636,2390.8527954545457,2391.7762045454547,2392.0383636363636,2392.28525,2399.234818181818,0.5223395613322502,-0.9967672034540956,0.0803438990733051,0.9360595358093232,-0.351841648217539,1.0,43.0,1.0
1637950722.0,3.0,0.018826,10.0,1024.0,1418.21952,211.788,214.623,215.648,215.648,216.335,216.335,216.335,216.335,223.266,0.5227457351746547,-0.9966730443632787,0.0815036357448774,0.9258705847913316,-0.3778407868641999,0.0,0.0,0.0
1637950738.0,3.0,0.019651,30.0,1024.0,1526.693888,450.553,446.659,459.968,460.006,464.293,465.127,465.576,465.576,465.905,0.5231519090170593,-0.9965775359240018,0.0826632620433341,0.9149596679171864,-0.4035452961996604,0.0,0.0,0.0
1637950754.0,3.0,0.019651,40.0,1024.0,1560.072192,650.806,650.973,658.727,661.172,669.963,670.723,673.391,673.391,673.473,0.5235580828594638,-0.9964806782607912,0.0838227764567205,0.9033352928279492,-0.428935133477596,0.0,0.0,0.0
1637950770.0,3.0,0.072216,60.0,1024.0,1699.00032,903.42,901.01,924.705,926.26,942.884,943.105,947.722,947.797,947.985,0.5239642567018684,-0.9963824715083872,0.0849821773717156,0.8910065240377525,-0.453990500035146,0.0,0.0,0.0
1637950786.0,3.0,0.274149,70.0,1024.0,1754.3168,1835.857,1839.941,1860.728,1861.464,1862.874,1863.548,1865.7,1865.955,1869.743,0.5243704305442729,-0.9962829157985448,0.086141463233161,0.8779829755956289,-0.478691857633118,0.0,0.0,0.0
1637950802.0,3.0,0.236952,80.0,1024.0,1759.432704,1130.871,1134.34,1156.576,1159.541,1173.854,1178.732,1181.133,1182.948,1184.074,0.5247766043866775,-0.9961820112660472,0.0873006324715515,0.8642748020044493,-0.5030199465430472,0.0,0.0,0.0
1637950818.0,3.0,0.36003,100.0,1024.0,1766.760448,1391.184,1396.082,1430.421,1440.033,1445.491,1447.912,1449.133,1449.506,1452.769,0.525182778229082,-0.9960797580487926,0.0884596835030452,0.849892693154014,-0.5269557952270922,0.0,0.0,0.0
1637950834.0,3.0,0.338071,93.84615384615384,1004.3076923076924,1674.3228652307694,1307.3848461538462,1311.9626923076926,1343.8588461538463,1352.7314615384614,1357.9796153846155,1360.4127692307693,1361.5398461538462,1361.884153846154,1364.9813076923078,0.5255889520714866,-0.9959761562813548,0.0896186148019395,0.8348478633007607,-0.550480740028345,1.0,1.0,12.0
1637950850.0,3.0000000000000004,0.31611200000000006,87.69230769230771,984.6153846153848,1581.8852824615385,1223.5856923076924,1227.8433846153848,1257.2966923076924,1265.4299230769232,1270.468230769231,1272.9135384615386,1273.9466923076925,1274.262307692308,1277.1936153846154,0.5259951259138912,-0.9958712061091785,0.0907774247412332,0.8191520444519889,-0.5735764361182621,1.0,2.0,11.0
1637950866.0,3.0000000000000004,0.29415300000000005,81.53846153846155,964.923076923077,1489.4476996923077,1139.7865384615384,1143.724076923077,1170.7345384615385,1178.1283846153844,1182.9568461538463,1185.4143076923078,1186.3535384615386,1186.6404615384618,1189.405923076923,0.5264012997562957,-0.9957649076691006,0.0919361118100357,0.8028174752118838,-0.5962248749376499,1.0,3.0,10.0
1637950882.0,3.0,0.272194,75.38461538461539,945.2307692307693,1397.0101169230768,1055.9873846153846,1059.6047692307693,1084.1723846153848,1090.8268461538462,1095.4454615384614,1097.915076923077,1098.7603846153847,1099.0186153846155,1101.6182307692309,0.5268074735987003,-0.9956572611103518,0.0930946743816886,0.7858568933307177,-0.618408395160183,1.0,4.0,9.0
1637950898.0,3.0,0.25023500000000004,69.23076923076923,925.5384615384615,1304.5725341538462,972.1882307692308,975.4854615384617,997.6102307692308,1003.5253076923076,1007.934076923077,1010.4158461538462,1011.1672307692309,1011.3967692307693,1013.8305384615385,0.5272136474411048,-0.9955482665732848,0.0942531109456241,0.7682835235946834,-0.6401096994835632,1.0,5.0,8.0
1637950914.0,3.0000000000000004,0.22827600000000003,63.07692307692309,905.8461538461539,1212.1349513846155,888.389076923077,891.366153846154,911.0480769230771,916.2237692307693,920.4226923076925,922.9166153846155,923.5740769230771,923.7749230769233,926.0428461538463,0.5276198212835094,-0.9954379242109144,0.0954114198755354,0.7501110697747125,-0.6613118651600289,1.0,6.0,7.0
1637950930.0,3.0,0.20631700000000003,56.92307692307693,886.1538461538462,1119.6973686153847,804.5899230769231,807.2468461538463,824.4859230769232,828.9222307692307,832.9113076923078,835.4173846153847,835.9809230769231,836.153076923077,838.2551538461539,0.5280259951259139,-0.9953262341685142,0.0965695996467013,0.731353701597885,-0.6819983600853243,1.0,7.0,6.0
1637950946.0,3.0,0.18435800000000002,50.769230769230774,866.4615384615386,1027.2597858461538,720.7907692307692,723.1275384615385,737.9237692307693,741.6206923076923,745.3999230769232,747.9181538461539,748.3877692307693,748.5312307692309,750.4674615384615,0.5284321689683185,-0.9952131965986674,0.0977276486766273,0.7120260461209714,-0.7021530528633599,1.0,8.0,5.0
1637950962.0,3.0,0.16239900000000002,44.61538461538461,846.7692307692307,934.8222030769231,636.9916153846154,639.0082307692309,651.3616153846154,654.3191538461538,657.8885384615385,660.4189230769231,660.7946153846154,660.9093846153846,662.6797692307692,0.528838342810723,-0.9950988116544106,0.0988855653974828,0.6921431738240461,-0.7217602281428206,1.0,9.0,4.0
1637950978.0,3.0,0.14044,38.46153846153846,827.0769230769231,842.3846203076923,553.1924615384615,554.8889230769231,564.7994615384616,567.0176153846154,570.3771538461539,572.9196923076923,573.2014615384616,573.2875384615386,574.892076923077,0.5292445166531276,-0.9949830794920604,0.1000433482271375,0.6717205894356566,-0.7408045961845904,1.0,10.0,3.0
1637950994.0,3.0000000000000004,0.11848100000000002,32.30769230769231,807.3846153846155,749.9470375384616,469.39330769230776,470.76961538461546,478.23730769230775,479.7160769230769,482.8657692307693,485.4204615384616,485.6083076923078,485.6656923076924,487.1043846153847,0.529650690495532,-0.9948660002639336,0.101200995641558,0.6507742171920077,-0.7592713073981722,1.0,11.0,2.0
1637951010.0,3.0,0.09652200000000001,26.153846153846153,787.6923076923077,657.5094547692308,385.59415384615386,386.6503076923077,391.6751538461539,392.4145384615385,395.3543846153847,397.9212307692308,398.0151538461539,398.04384615384623,399.31669230769234,0.5300568643379366,-0.9947475741314168,0.1023585060444963,0.6293203907804807,-0.7771459616750916,1.0,12.0,1.0
1637951026.0,3.0,0.074563,20.0,768.0,565.071872,301.795,302.531,305.113,305.113,307.843,310.422,310.422,310.422,311.529,0.5304630381803412,-0.9946278012578544,0.1035158778399035,0.6073758399897201,-0.7944146203317144,0.0,0.0,0.0
1637951042.0,3.0,0.079587,30.0,768.0,609.120256,489.705,488.633,502.135,503.263,504.885,505.809,507.376,507.376,508.673,0.5308692120227457,-0.99450668179941,0.1046731095187644,0.5849576750570005,-0.811063818938996,0.0,0.0,0.0
1637951058.0,3.0,0.008742,50.0,768.0,731.295744,730.56,725.904,746.233,746.646,755.972,757.937,758.916,758.916,759.068,0.5312753858651503,-0.9943842159261204,0.1058301994564637,0.5620833781022073,-0.8270805741046099,0.0,0.0,0.0
1637951074.0,3.0,0.008742,60.0,768.0,781.520896,1363.686,1376.093,1388.27,1389.334,1392.016,1395.738,1396.392,1401.942,1402.121,0.5316815597075548,-0.9942604037992172,0.1069871461298852,0.5387707850515289,-0.8424523969785825,0.0,0.0,0.0
1637951090.0,3.0,0.251215,70.0,768.0,836.677632,3492.436,3495.39,3520.173,3523.831,3534.844,3536.473,3539.792,3541.673,3541.949,0.5320877335499594,-0.9941352455894212,0.1081439479437523,0.5150380751409221,-0.8571673005633929,0.0,0.0,0.0
1637951106.0,3.0,0.320308,90.0,768.0,846.27456,1236.337,1242.703,1266.35,1267.664,1272.253,1281.037,1283.425,1283.505,1290.289,0.5324939073923639,-0.9940087414614572,0.1093006033753227,0.4909037536325619,-0.8712138111103732,0.0,0.0,0.0
1637951122.0,3.0,0.42153,100.0,768.0,846.27456,1429.712,1428.857,1468.202,1471.29,1485.013,1487.737,1493.475,1493.834,1494.156,0.5329000812347685,-0.9938808915929224,0.11045711080079,0.4663866405489315,-0.8845809751048694,0.0,0.0,0.0
1637951138.0,3.0,0.259898,110.0,768.0,438.571008,1512.461,1513.776,1554.043,1559.814,1562.748,1566.008,1572.636,1574.054,1574.418,0.533306255077173,-0.9937516961505102,0.1116134687122661,0.4415058527800573,-0.8972583696800795,0.0,0.0,0.0
1637951154.0,3.0,0.377109,130.0,768.0,450.514944,1842.4,1837.04,1899.925,1902.971,1920.786,1924.452,1927.039,1927.427,1933.071,0.5337124289195776,-0.9936211553155964,0.1127696754863621,0.4162807924452426,-0.9092361089624416,0.0,0.0,0.0
1637951170.0,3.0,0.333397,140.0,768.0,455.118848,3661.07,3662.557,3714.23,3722.929,3728.087,3732.883,3734.523,3737.31,3749.108,0.5341186027619821,-0.9934892692583838,0.1139257296155819,0.3907311284468856,-0.920504853470433,0.0,0.0,0.0
1637951186.0,3.0,0.49235,150.0,768.0,463.638528,2295.847,2294.983,2371.457,2375.928,2398.488,2408.758,2415.413,2415.953,2418.354,0.5345247766043867,-0.9933560381640244,0.1150816294769632,0.3648767844961511,-0.9310558158004004,0.0,0.0,0.0
1637951202.0,3.0,0.49235,160.0,768.0,472.539136,3060.006,3040.225,3163.111,3164.797,3198.169,3210.502,3217.84,3219.306,3234.345,0.5349309504467912,-0.9932214622062292,0.11623737356341,0.3387379201708946,-0.94088076898101,0.0,0.0,0.0
1637951218.0,3.0,0.640461,170.0,768.0,481.734656,6814.439,6820.439,6874.447,6878.657,6906.047,6925.584,6930.495,6932.058,6932.111,0.5353371242891958,-0.9930855415739268,0.1173929602523953,0.3123349186426143,-0.9499720514817852,0.0,0.0,0.0
1637951234.0,3.0,0.727679,190.0,768.0,558.96064,2692.336,2718.215,2759.337,2778.124,2781.088,2784.283,2804.43,2807.344,2808.564,0.5357432981316004,-0.9929482764460592,0.118548388022782,0.2856883672975514,-0.9583225744971572,0.0,0.0,0.0
1637951250.0,3.0,0.564964,200.0,768.0,567.97184,7546.219,7554.301,7619.432,7645.424,7657.277,7677.294,7685.332,7686.47,7688.914,0.5361494719740049,-0.9928096670084136,0.1197036553102825,0.2588190447534005,-0.9659258263826148,0.0,0.0,0.0
1637951266.0,3.0,0.56345,205.0,768.0,573.57312,9614.075,9615.7625,9683.681,9701.4235,9725.467499999999,9738.2845,9748.050500000001,9753.197,9755.708,0.5365556458164095,-0.9926697134538724,0.1208587605074904,0.2317479038059756,-0.972775878135111,1.0,1.0,1.0
1637951282.0,3.0,0.561936,210.0,768.0,579.1744,11681.931,11677.224,11747.93,11757.423,11793.658,11799.275,11810.769,11819.924,11822.502,0.536961819658814,-0.9925284159649111,0.1220137021083459,0.2044960519114885,-0.9788673887471244,0.0,0.0,0.0
1637951298.0,3.0,0.781126,220.0,768.0,588.079104,11961.899,11959.743,12026.105,12054.464,12076.672,12085.245,12095.262,12097.378,12107.116,0.5373679935012186,-0.992385774739895,0.1231684784914484,0.1770847406025614,-0.9841956079183262,0.0,0.0,0.0
1637951314.0,3.0,0.556064,230.0,768.0,600.956928,9953.142,9963.5,10046.005,10060.24,10079.125,10092.513,10101.605,10102.744,10114.93,0.537774167343623,-0.9922417899648036,0.1243230881511668,0.1495353434814606,-0.9887563810412966,0.0,0.0,0.0
1637951330.0,3.0,0.6349625,235.0,768.0,605.7594879999999,11344.9055,11349.0665,11444.619999999999,11462.9925,11485.936,11493.2415,11501.895,11502.695,11515.0605,0.5381803411860276,-0.992096461841774,0.1254775294665668,0.1218693436577502,-0.9925461516103063,1.0,1.0,1.0
1637951346.0,3.0,0.713861,240.0,768.0,610.562048,12736.669,12734.633,12843.235,12865.745,12892.747,12893.97,12902.185,12902.646,12915.191,0.5385865150284321,-0.9919497905621328,0.126631800918019,0.0941083133236492,-0.9955619646025946,0.0,0.0,0.0
1637951362.0,3.0,0.768443,250.0,768.0,623.501312,11755.022,11751.939,11864.86,11868.324,11913.633,11930.129,11949.653,11951.215,11952.469,0.5389926888708367,-0.9918017763262604,0.1277859009283684,0.0662739006209904,-0.9978014682773718,0.0,0.0,0.0
1637951378.0,3.0,0.844951,255.0,768.0,629.6473599999999,11405.557,11401.84,11506.938,11521.7765,11574.51,11591.771,11603.985499999999,11606.7225,11611.519,0.5393988627132412,-0.9916524193345464,0.1289398279351307,0.0383878090596757,-0.9992629164116908,1.0,1.0,1.0
1637951394.0,3.0,0.921459,260.0,768.0,635.793408,11056.092,11051.741,11149.016,11175.229,11235.387,11253.413,11258.318,11262.23,11270.569,0.5398050365556458,-0.9915017197910918,0.1300935803616279,0.01047178430469,-0.9999451693635388,0.0,0.0,0.0
1637951410.0,3.0,0.976015,270.0,768.0,650.665984,11380.7,11383.367,11484.678,11514.074,11591.211,11598.124,11616.817,11618.765,11625.43,0.5402112103980503,-0.9913496778942428,0.1312471566891311,-0.0174524064981615,-0.9998476951553286,0.0,0.0,0.0
1637951426.0,3.0,0.861267,280.0,768.0,664.281088,12991.385,12988.658,13093.666,13130.607,13192.895,13195.991,13213.161,13219.275,13222.979,0.5406173842404549,-0.9911962938574476,0.1324005552981566,-0.0453629879739817,-0.9989705697977656,0.0,0.0,0.0
1637951442.0,3.0,0.8038970000000001,285.0,768.0,672.22528,13109.5655,13099.9895,13205.79,13249.815999999999,13314.4105,13318.770499999999,13338.039,13343.6725,13351.2305,0.5410235580828595,-0.9910415678806934,0.1335537746848696,-0.0732381972212893,-0.9973144772175804,1.0,1.0,1.0
1637951458.0,3.0,0.746527,290.0,768.0,680.169472,13227.746,13211.321,13317.914,13369.025,13435.926,13441.55,13462.917,13468.07,13479.482,0.541429731925264,-0.9908855001811968,0.1347068132302875,-0.101056296597886,-0.9948807088882164,0.0,0.0,0.0
1637951474.0,3.0,0.9361989999999999,296.66666666666663,768.0,690.118656,14471.536333333332,14460.691333333332,14573.185333333333,14615.418666666665,14672.414666666666,14682.170333333332,14699.974666666665,14705.344,14714.701,0.5418359057676686,-0.9907280909624432,0.1358596694310448,-0.1287955962416551,-0.9916711624267172,1.0,1.0,2.0
1637951490.0,3.0,1.1258709999999998,303.3333333333333,768.0,700.0678399999999,15715.326666666664,15710.061666666666,15828.456666666665,15861.812333333331,15908.903333333332,15922.790666666666,15937.032333333333,15942.617999999999,15949.919999999998,0.5422420796100731,-0.9905693404434228,0.1370123416830836,-0.1564344649519444,-0.9876883406091208,1.0,2.0,1.0
1637951506.0,3.0,1.315543,310.0,768.0,710.017024,16959.117,16959.432,17083.728,17108.206,17145.392,17163.411,17174.09,17179.892,17185.139,0.5426482534524777,-0.9904092488391112,0.1381648284258596,-0.1839513503122306,-0.9829353492057892,0.0,0.0,0.0
1637951522.0,3.0,1.0771285,315.0,768.0,718.710784,17627.534,17623.188000000002,17754.9155,17776.2555,17821.8545,17835.932500000003,17844.6565,17852.623,17857.3095,0.5430544272948822,-0.9902478163602176,0.1393171281423099,-0.2113247964002971,-0.9774158942980072,1.0,1.0,1.0
1637951538.0,3.0,0.838714,320.0,768.0,727.404544,18295.951,18286.944,18426.103,18444.305,18498.317,18508.454,18515.223,18525.354,18529.48,0.5434606011372868,-0.9900850432333737,0.140469239214743,-0.2385334573137683,-0.9711342799746804,0.0,0.0,0.0
1637951554.0,3.0,0.760689,325.0,768.0,735.9631360000001,19625.639000000003,19620.8145,19769.301,19784.63,19841.031499999997,19855.1645,19861.225,19866.5995,19872.081,0.5438667749796913,-0.9899209296708078,0.1416211601410028,-0.265556117464305,-0.9640954042403088,1.0,1.0,1.0
1637951570.0,3.0,0.682664,330.0,768.0,744.521728,20955.327,20954.685,21112.499,21124.955,21183.746,21201.875,21207.227,21207.845,21214.682,0.5442729488220959,-0.989755475902916,0.1427728893039295,-0.2923717044935475,-0.9563047560331056,0.0,0.0,0.0
1637951586.0,3.0,0.946475,335.0,768.0,753.235968,22555.818,22552.398500000003,22705.494,22724.145,22783.8235,22806.256,22810.939,22811.67,22816.644500000002,0.5446791226645004,-0.9895886821454218,0.143924425201865,-0.318959309307245,-0.947768410006498,1.0,1.0,1.0
1637951602.0,3.0,1.210286,340.0,768.0,761.950208,24156.309,24150.112,24298.489,24323.335,24383.901,24410.637,24414.651,24415.495,24418.607,0.545085296506905,-0.9894205486324836,0.1450757662181901,-0.3452981988046056,-0.938493022830908,0.0,0.0,0.0
1637951618.0,3.0,1.1088125,345.0,768.0,771.7457919999999,23934.166,23936.988,24077.701500000003,24096.601499999997,24145.551,24173.197500000002,24186.0415,24187.906499999997,24193.143,0.5454914703493096,-0.989251075583319,0.1462269108517528,-0.3713678355898842,-0.928485826865055,1.0,1.0,1.0
1637951634.0,3.0,1.007339,350.0,768.0,781.541376,23712.023,23723.864,23856.914,23869.868,23907.201,23935.758,23957.432,23960.318,23967.679,0.545897644191714,-0.9890802632358476,0.147377857486483,-0.3971478904754436,-0.9177546257529324,0.0,0.0,0.0
1637951650.0,3.0,1.0973356666666665,353.3333333333333,768.0,787.5488426666666,25013.947333333334,25023.828666666668,25163.29,25187.90033333333,25225.536333333333,25250.444333333333,25266.254,25273.622,25279.066,0.5463038180341186,-0.9889081118149414,0.1485286046073525,-0.4226182618093303,-0.9063077870046468,1.0,1.0,2.0
1637951666.0,3.0,1.1873323333333332,356.66666666666663,768.0,793.5563093333333,26315.871666666666,26323.793333333335,26469.666,26505.932666666664,26543.871666666666,26565.130666666664,26575.076,26586.926,26590.452999999998,0.5467099918765231,-0.9887346215579742,0.1496791506276328,-0.4477590877130573,-0.8941542369023202,1.0,2.0,1.0
1637951682.0,3.0,1.277329,360.0,768.0,799.563776,27617.796,27623.758,27776.042,27823.965,27862.207,27879.817,27883.898,27900.23,27901.84,0.5471161657189277,-0.9885597926932922,0.1508294940328155,-0.4725507649648943,-0.8813034520136032,0.0,0.0,0.0
1637951698.0,3.0,1.3400525,365.0,768.0,802.42688,27991.1405,27999.093,28154.93,28194.6675,28235.116,28254.173,28259.287,28271.9465,28278.2065,0.5475223395613322,-0.9883836254663344,0.1519796332079554,-0.4969739605301241,-0.86776545365381,1.0,1.0,1.0
1637951714.0,3.0,1.402776,370.0,768.0,805.289984,28364.485,28374.428,28533.818,28565.37,28608.025,28628.529,28634.676,28643.663,28654.573,0.5479285134037368,-0.988206120106793,0.1531295666534675,-0.5210096315641194,-0.8535507974440775,0.0,0.0,0.0
1637951730.0,3.0,1.188356,373.3333333333333,768.0,805.2203519999999,29451.143,29448.973666666665,29629.977,29658.088,29707.993,29729.605333333333,29737.266666666666,29744.379666666664,29752.177,0.5483346872461413,-0.988027276859374,0.1542792927837375,-0.5446390349525054,-0.838670567986026,1.0,1.0,2.0
1637951746.0,3.0,0.9739359999999999,376.66666666666663,768.0,805.15072,30537.801,30523.51933333333,30726.136,30750.806,30807.961,30830.681666666667,30839.857333333333,30845.09633333333,30849.781,0.5487408610885459,-0.9878470959707286,0.1554288100134529,-0.5678437448136774,-0.8231363686996094,1.0,2.0,1.0
1637951762.0,3.0,0.759516,380.0,768.0,805.081088,31624.459,31598.065,31822.295,31843.524,31907.929,31931.758,31942.448,31945.813,31947.385,0.5491470349309504,-0.987665577678061,0.156578116829467,-0.5906056675864155,-0.8069603121683274,0.0,0.0,0.0
1637951778.0,3.0,0.79958,385.0,768.0,805.154816,32902.896,32887.534999999996,33077.602,33113.178,33164.7095,33193.0965,33200.56,33202.376,33211.31,0.549553208773355,-0.9874827222293652,0.1577272116614071,-0.6129070534492387,-0.7901550125337256,1.0,1.0,1.0
1637951794.0,3.0,0.839644,390.0,768.0,805.228544,34181.333,34177.005,34332.909,34382.832,34421.49,34454.435,34458.672,34458.939,34475.235,0.5499593826157595,-0.9872985298722012,0.1588760929535657,-0.6347305131956967,-0.7727335735027484,0.0,0.0,0.0
1637951810.0,3.0,0.9647483333333333,393.3333333333333,768.0,805.249024,34783.22533333333,34785.65,34937.48566666667,34975.87133333333,35025.886999999995,35069.238666666664,35079.772999999994,35081.33033333333,35095.717,0.5503655564581641,-0.9871130008582676,0.1600247591361593,-0.6560590288208314,-0.754709580370269,1.0,1.0,2.0
1637951826.0,3.0,1.0898526666666666,396.66666666666663,768.0,805.269504,35385.117666666665,35394.295,35542.062333333335,35568.91066666666,35630.28399999999,35684.04233333333,35700.873999999996,35703.721666666665,35716.19899999999,0.5507717303005687,-0.9869261354317574,0.1611732086971538,-0.6768759697007092,-0.7360970871031379,1.0,2.0,1.0
1637951842.0,3.0,1.214957,400.0,768.0,805.289984,35987.01,36002.94,36146.639,36161.95,36234.681,36298.846,36321.975,36326.113,36336.681,0.5511779041429732,-0.9867379338550076,0.1623214400242628,-0.6971651027170609,-0.7169106077841991,0.0,0.0,0.0
1637951858.0,3.0,1.2108163333333333,403.3333333333333,768.0,805.2899839999999,36504.86466666667,36513.585,36668.704333333335,36693.28366666666,36753.299666666666,36805.253666666664,36825.40633333333,36829.170999999995,36838.753333333334,0.5515840779853778,-0.9865483963734012,0.1634694516203886,-0.7169106076905989,-0.6971651028133122,1.0,1.0,2.0
1637951874.0,3.0,1.2066756666666665,406.66666666666663,768.0,805.2899839999999,37022.719333333334,37024.229999999996,37190.76966666667,37224.61733333333,37271.91833333333,37311.66133333333,37328.837666666666,37332.22899999999,37340.825666666664,0.5519902518277823,-0.9863575232530256,0.1646172418738599,-0.7360970870122615,-0.6768759697995366,1.0,2.0,1.0
1637951890.0,3.0,1.202535,410.0,768.0,805.289984,37540.574,37534.875,37712.835,37755.951,37790.537,37818.069,37832.269,37835.287,37842.898,0.5523964256701869,-0.9861653147427474,0.1657648092881541,-0.7547095802821875,-0.6560590289221576,0.0,0.0,0.0
1637951906.0,3.0,1.1066922499999998,412.5,768.0,804.947968,38424.954,38429.43025,38597.98525,38645.6945,38688.519,38712.62425,38723.45225,38729.8685,38735.8945,0.5528025995125914,-0.985971771112404,0.1669121522522232,-0.7727335734175305,-0.6347305132994427,1.0,1.0,3.0
1637951922.0,3.0,1.0108495,415.0,768.0,804.605952,39309.334,39323.985499999995,39483.135500000004,39535.438,39586.501,39607.1795,39614.635500000004,39624.45,39628.891,0.553208773354996,-0.9857768926167888,0.1680592692557831,-0.7901550124514376,-0.6129070535553237,1.0,2.0,2.0
1637951938.0,3.0,0.91500675,417.5,768.0,804.2639360000001,40193.714,40218.54075,40368.28575,40425.181500000006,40484.48299999999,40501.73475,40505.81875,40519.0315,40521.8875,0.5536149471974005,-0.9855806795221516,0.169206158731453,-0.8069603118140114,-0.5906056680705271,1.0,3.0,1.0
1637951954.0,3.0,0.819164,420.0,768.0,803.92192,41078.094,41113.096,41253.436,41314.925,41382.465,41396.29,41397.002,41413.613,41414.884,0.554021121039805,-0.9853831320941364,0.1703528191265107,-0.8231363683589487,-0.5678437453074932,0.0,0.0,0.0
1637951970.0,3.0,0.8014223333333333,423.3333333333333,768.0,804.3165013333333,41826.61933333333,41843.69833333333,41999.564,42060.29433333333,42125.225999999995,42140.28433333333,42142.59333333333,42154.53,42160.89366666666,0.5544272948822095,-0.985184250597698,0.1714992489028806,-0.8386705679129036,-0.5446390350651041,1.0,1.0,2.0
1637951986.0,3.0,0.7836806666666667,426.66666666666663,768.0,804.7110826666667,42575.14466666666,42574.30066666666,42745.691999999995,42805.66366666667,42867.986999999994,42884.278666666665,42888.18466666666,42895.447,42906.90333333333,0.5548334687246141,-0.98498403530958,0.1726454464654541,-0.8535507971315135,-0.5210096320761815,1.0,2.0,1.0
1637952002.0,3.0,0.765939,430.0,768.0,805.105664,43323.67,43304.903,43491.82,43551.033,43610.748,43628.273,43633.776,43636.364,43652.913,0.5552396425670186,-0.9847824864908292,0.1737914103197851,-0.8677654533556655,-0.4969739610507138,0.0,0.0,0.0
1637952018.0,3.0,0.9119806666666667,433.3333333333333,768.0,805.1534506666667,44111.40133333333,44100.439666666665,44284.47033333333,44335.98366666667,44415.981,44440.10166666666,44450.23566666666,44452.513999999996,44467.417,0.5556458164094232,-0.9845796044243956,0.1749371388570771,-0.8813034519501591,-0.4725507650832167,1.0,1.0,2.0
1637952034.0,3.0,1.0580223333333334,436.66666666666663,768.0,805.2012373333333,44899.132666666665,44895.97633333333,45077.12066666666,45120.93433333333,45221.214,45251.93033333333,45266.69533333333,45268.664,45281.921,0.5560519902518278,-0.9843753893748036,0.1760826305834957,-0.8941542368422047,-0.4477590878331051,1.0,2.0,1.0
1637952050.0,3.0,1.204064,440.0,768.0,805.249024,45686.864,45691.513,45869.771,45905.885,46026.447,46063.759,46083.155,46084.814,46096.425,0.5564581640942323,-0.984169841628746,0.1772278838909068,-0.9063077869479068,-0.4226182619310098,0.0,0.0,0.0
1637952066.0,3.0,1.165998,442.5,768.0,805.0032640000001,46769.964250000005,46777.706249999996,46960.877,47002.44225,47109.60725,47143.89825,47162.83425,47164.21949999999,47178.571,0.5568643379366369,-0.9839629614568184,0.1783728972717773,-0.917754625699612,-0.3971478905986599,1.0,1.0,3.0
1637952082.0,3.0,1.127932,445.0,768.0,804.7575039999999,47853.0645,47863.8995,48051.983,48098.999500000005,48192.7675,48224.0375,48242.5135,48243.625,48260.717000000004,0.5572705117790414,-0.9837547491442804,0.1795176691472849,-0.9284858268151956,-0.3713678357145412,1.0,2.0,2.0
1637952098.0,3.0,1.089866,447.5,768.0,804.511744,48936.164749999996,48950.092749999996,49143.089,49195.55675,49275.92775,49304.17675,49322.19275,49323.0305,49342.863,0.557676685621446,-0.9835452049651848,0.1806621980105209,-0.9384930227845488,-0.3452981989306063,1.0,3.0,1.0
1637952114.0,3.0,1.0518,450.0,768.0,804.265984,50019.265,50036.286,50234.195,50292.114,50359.088,50384.316,50401.872,50402.436,50425.009,0.5580828594638505,-0.9833343292137066,0.1818064822547033,-0.947768409963675,-0.3189593094344909,0.0,0.0,0.0
1637952130.0,3.0,1.071499,452.5,768.0,804.51584,50007.452249999995,50021.60575,50215.121499999994,50272.635500000004,50346.869000000006,50373.4625,50388.70075,50389.62500000001,50407.26775,0.5584890333062551,-0.9831221221647916,0.1829505203878807,-0.9563047559938522,-0.2923717046219395,1.0,1.0,3.0
1637952146.0,3.0,1.091198,455.0,768.0,804.7656959999999,49995.639500000005,50006.9255,50196.047999999995,50253.157,50334.65,50362.609,50375.529500000004,50376.814,50389.5265,0.5588952071486596,-0.9829085841163536,0.18409431080396,-0.9640954042046556,-0.265556117593743,1.0,2.0,2.0
1637952162.0,3.0,1.110897,457.5,768.0,805.015552,49983.82675,49992.24525,50176.9745,50233.678499999995,50322.431,50351.7555,50362.35825,50364.003000000004,50371.78525,0.5593013809910642,-0.9826937153468094,0.1852378520116336,-0.9711342799426552,-0.2385334574441513,1.0,3.0,1.0
1637952178.0,3.0,1.130596,460.0,768.0,805.265408,49972.014,49977.565,50157.901,50214.2,50310.212,50340.902,50349.187,50351.192,50354.044,0.5597075548334687,-0.9824775161578092,0.1863811424055062,-0.9774158941712292,-0.2113247969866683,0.0,0.0,0.0
1637952194.0,3.0,1.074772,462.5,768.0,805.265408,51081.41175000001,51082.25825,51265.7895,51317.28899999999,51421.88525,51448.8005,51458.924,51461.24875,51465.774000000005,0.5601137286758733,-0.98225998683124,0.1875241804949221,-0.9829353490954332,-0.1839513509019129,1.0,1.0,3.0
1637952210.0,3.0,1.018948,465.0,768.0,805.265408,52190.8095,52186.9515,52373.678,52420.378,52533.5585,52556.699,52568.661,52571.3055,52577.504,0.5605199025182778,-0.9820411276697416,0.1886669646894827,-0.9876883405881184,-0.1564344650845499,1.0,2.0,2.0
1637952226.0,3.0,0.963124,467.5,768.0,805.265408,53300.20725000001,53291.64475000001,53481.5665,53523.467,53645.23175,53664.5975,53678.398,53681.362250000006,53689.234,0.5609260763606824,-0.981820938969667,0.1898094934420334,-0.9916711623494502,-0.1287955968365782,1.0,3.0,1.0
1637952242.0,3.0,0.9073,470.0,768.0,805.265408,54409.605,54396.338,54589.455,54626.556,54756.905,54772.496,54788.135,54791.419,54800.964,0.561332250203087,-0.981599421020834,0.1909517652486179,-0.9948807088275908,-0.1010562971947346,0.0,0.0,0.0
1637952258.0,3.0,0.957378,472.5,768.0,805.25312,54836.84625,54825.058000000005,55016.45525,55056.10325,55176.92525,55195.78525,55215.21275,55218.4075,55231.233,0.5617384240454915,-0.9813765741342274,0.192093778505623,-0.9973144772077476,-0.0732381973551872,1.0,1.0,3.0
1637952274.0,3.0,1.007456,475.0,768.0,805.240832,55264.0875,55253.778000000006,55443.4555,55485.6505,55596.9455,55619.0745,55642.2905,55645.396,55661.502,0.5621445978878961,-0.9811523986004012,0.1932355317240581,-0.9989705697916752,-0.045362988108102,1.0,2.0,2.0
1637952290.0,3.0,1.057534,477.5,768.0,805.228544,55691.32875,55682.498,55870.45575,55915.19775,56016.965749999996,56042.36375,56069.36825,56072.3845,56091.771,0.5625507717303005,-0.9809268947340712,0.1943770233010379,-0.9998476951529854,-0.0174524066323995,1.0,3.0,1.0
1637952306.0,3.0,1.107612,480.0,768.0,805.216256,56118.57,56111.218,56297.456,56344.745,56436.986,56465.653,56496.446,56499.373,56522.04,0.5629569455727051,-0.9807000628292564,0.1955182517482522,-0.9999451693649446,0.0104717841704389,0.0,0.0,0.0
1637952322.0,3.0,1.0941458888888889,482.2222222222222,768.0,805.0851839999999,56693.17255555555,56688.02333333334,56873.84677777778,56918.85811111111,57010.34933333333,57040.915888888885,57072.26677777778,57075.25711111111,57095.678555555554,0.5633631194151096,-0.9804719032044008,0.1966592154635523,-0.9992629164168448,0.0383878089255162,1.0,1.0,8.0
1637952338.0,2.9999999999999996,1.0806797777777777,484.44444444444434,767.9999999999999,804.954112,57267.7751111111,57264.82866666666,57450.23755555555,57492.971222222215,57583.71266666665,57616.178777777764,57648.08755555555,57651.14122222221,57669.31711111111,0.5637692932575142,-0.980242416159865,0.1977999129450519,-0.9978014682862696,0.066273900487027,1.0,2.0,7.0
1637952354.0,3.0,1.0672136666666665,486.6666666666667,768.0,804.82304,57842.37766666667,57841.634,58026.628333333334,58067.08433333333,58157.075999999994,58191.441666666666,58223.90833333333,58227.02533333333,58242.95566666667,0.5641754670999187,-0.9800116020091856,0.1989403426341409,-0.9955619646152296,0.0941083131899865,1.0,3.0,6.0
1637952370.0,3.0,1.0537475555555555,488.8888888888889,768.0,804.6919680000001,58416.98022222222,58418.439333333336,58603.019111111105,58641.19744444445,58730.43933333333,58766.70455555555,58799.72911111111,58802.90944444444,58816.59422222222,0.5645816409423233,-0.979779461064852,0.2000805029868427,-0.9925461516266684,0.1218693435244924,1.0,4.0,5.0
1637952386.0,3.0,1.0402814444444444,491.1111111111111,768.0,804.560896,58991.58277777778,58995.244666666666,59179.40988888889,59215.31055555555,59303.80266666667,59341.967444444446,59375.54988888889,59378.79355555556,59390.232777777775,0.5649878147847278,-0.9795459936440774,0.2012203924452914,-0.988756381061373,0.1495353433487116,1.0,5.0,4.0
1637952402.0,3.0,1.0268153333333332,493.3333333333333,768.0,804.4298239999999,59566.185333333335,59572.049999999996,59755.80066666666,59789.42366666666,59877.166,59917.23033333333,59951.37066666666,59954.67766666666,59963.87133333333,0.5653939886271324,-0.9793112000541584,0.2023600095090045,-0.9841956079421011,0.1770847404704248,1.0,6.0,3.0
1637952418.0,2.9999999999999996,1.013349222222222,495.5555555555555,767.9999999999999,804.2987519999999,60140.78788888888,60148.855333333326,60332.191444444434,60363.53677777777,60450.529333333325,60492.49322222221,60527.19144444444,60530.56177777777,60537.50988888888,0.565800162469537,-0.9790750806247168,0.2034993525780956,-0.9788673888698056,0.2044960513242466,1.0,7.0,2.0
1637952434.0,3.0,0.9998831111111111,497.77777777777777,768.0,804.1676799999999,60715.39044444444,60725.66066666666,60908.58222222222,60937.64988888888,61023.89266666667,61067.756111111106,61103.01222222222,61106.445888888884,61111.148444444436,0.5662063363119415,-0.9788376356636128,0.2046384201670557,-0.9727758782741412,0.2317479032223881,1.0,8.0,1.0
1637952450.0,3.0,0.986417,500.0,768.0,804.036608,61289.993,61302.466,61484.973,61511.763,61597.256,61643.019,61678.833,61682.33,61684.787,0.5666125101543461,-0.9785988655011958,0.2057772106910103,-0.9659258262968414,0.258819045073511,0.0,0.0,0.0
1637952466.0,3.0000000000000004,1.0437268,502.0,768.0000000000001,804.2536960000001,62281.34940000001,62293.8412,62480.5664,62511.0316,62595.55180000001,62639.376800000005,62670.4262,62673.8628,62680.0298,0.5670186839967506,-0.978358770457765,0.2069157226224494,-0.9583225745355132,0.2856883671688885,1.0,1.0,4.0
1637952482.0,3.0000000000000004,1.1010366000000003,504.00000000000006,768.0000000000001,804.4707840000001,63272.7058,63285.21640000001,63476.1598,63510.300200000005,63593.84760000001,63635.73460000001,63662.01940000001,63665.39560000001,63675.27260000001,0.5674248578391552,-0.978117350858374,0.208053954419993,-0.9499720515237188,0.3123349185150725,1.0,2.0,3.0
1637952498.0,3.0000000000000004,1.1583464,506.00000000000006,768.0000000000001,804.6878720000001,64264.06220000001,64276.59160000001,64471.75320000001,64509.56880000001,64592.14340000001,64632.09240000001,64653.61260000001,64656.92840000001,64670.515400000004,0.5678310316815597,-0.9778746070329144,0.2091919045284102,-0.9408807690264884,0.3387379200445734,1.0,3.0,2.0
1637952514.0,3.0,1.2156562000000002,508.0,768.0,804.9049600000001,65255.4186,65267.96680000001,65467.346600000004,65508.837400000004,65590.43920000001,65628.4502,65645.2058,65648.4612,65665.75820000001,0.5682372055239643,-0.9776305393008932,0.2103295714497713,-0.9310558158493883,0.3648767843711489,1.0,4.0,1.0
1637952530.0,3.0,1.272966,510.0,768.0,805.122048,66246.775,66259.342,66462.94,66508.106,66588.735,66624.808,66636.799,66639.994,66661.001,0.5686433793663688,-0.9773851480049532,0.2114669535869277,-0.920504853522892,0.3907311283233,0.0,0.0,0.0
1637952546.0,3.0,1.26844132,511.59999999999997,768.0,805.1243417599999,67563.38036,67575.40744,67782.16636,67826.47468,67907.33215999999,67943.75176,67957.21372,67960.6574,67980.87056,0.5690495532087734,-0.977138433465042,0.2126040494569271,-0.9092361090183309,0.4162807923231699,1.0,1.0,24.0
1637952562.0,3.0000000000000004,1.26391664,513.2,768.0000000000001,805.1266355199999,68879.98572,68891.47288,69101.39272,69144.84336,69225.92932,69262.69552000001,69277.62844,69281.32080000002,69300.74012,0.5694557270511779,-0.976890396027518,0.2137408574634224,-0.8972583697393555,0.4415058526595927,1.0,2.0,23.0
1637952578.0,3.0,1.25939196,514.8,768.0,805.12892928,70196.59108,70207.53832,70420.61908,70463.21204,70544.52648,70581.63928,70598.04316,70601.9842,70620.60968000001,0.5698619008935825,-0.9766410360157792,0.2148773761242102,-0.8845809751674858,0.466386640430169,1.0,3.0,22.0
1637952594.0,3.0,1.25486728,516.4,768.0,805.13122304,71513.19643999999,71523.60376,71739.84544,71781.58072,71863.12364,71900.58304,71918.45788,71922.6476,71940.47924,0.570268074735987,-0.9763903537798976,0.2160136038437537,-0.8712138111762812,0.490903753515594,1.0,4.0,21.0
1637952610.0,3.0000000000000004,1.2503426,518.0,768.0000000000001,805.1335168,72829.8018,72839.6692,73059.0718,73099.94940000001,73181.72080000001,73219.5268,73238.8726,73243.311,73260.3488,0.5706742485783916,-0.9761383496467202,0.2171495391406059,-0.8571673006325411,0.5150380750258401,1.0,5.0,20.0
1637952626.0,3.0,1.2458179200000001,519.6,768.0,805.13581056,74146.40716,74155.73464,74378.29816,74418.31808,74500.31796,74538.47056,74559.28732,74563.9744,74580.21836,0.5710804224207962,-0.9758850239700304,0.218285180420049,-0.8424523973018018,0.538770784546125,1.0,6.0,19.0
1637952642.0,3.0,1.24129324,521.2,768.0,805.13810432,75463.01251999999,75471.80008,75697.52452,75736.68676,75818.91512,75857.41432,75879.70204,75884.63780000001,75900.08792,0.5714865962632006,-0.9756303770833148,0.2194205261872034,-0.8270805744418148,0.5620833776060253,1.0,7.0,18.0
1637952658.0,3.0,1.23676856,522.8000000000001,768.0,805.1403980800001,76779.61788,76787.86552,77016.75088,77055.05544,77137.51228000001,77176.35808,77200.11676,77205.3012,77219.95748000001,0.5718927701056052,-0.9753744093376976,0.2205555748765772,-0.8110638192899238,0.5849576745704272,1.0,8.0,17.0
1637952674.0,3.0,1.23224388,524.4,768.0,805.14269184,78096.22323999999,78103.93096,78335.97724000001,78373.42412,78456.10944,78495.30184,78520.53147999999,78525.9646,78539.82704,0.5722989439480097,-0.975117121070094,0.2216903249940597,-0.7944146206960911,0.607375839513135,1.0,9.0,16.0
1637952690.0,3.0,1.2277192,526.0,768.0,805.1449855999999,79412.8286,79419.9964,79655.20360000001,79691.7928,79774.7066,79814.24560000001,79840.94619999999,79846.62800000001,79859.6966,0.5727051177904143,-0.9748585126352204,0.2228247749749692,-0.7771459614665331,0.6293203910380291,1.0,10.0,15.0
1637952706.0,3.0,1.22319452,527.6,768.0,805.14727936,80729.43396000001,80736.06184000001,80974.42996000001,81010.16148000001,81093.30376000001,81133.18936,81161.36092,81167.2914,81179.56616,0.5731112916328188,-0.9745985843897138,0.2239589232550602,-0.7592713074855442,0.6507742170900691,1.0,11.0,14.0
1637952722.0,3.0,1.21866984,529.1999999999999,768.0,805.14957312,82046.03932,82052.12728,82293.65632000001,82328.53016,82411.90092,82452.13312,82481.77563999999,82487.95479999999,82499.43572000001,0.5735174654752234,-0.974337336672476,0.225092768355597,-0.7408045962747747,0.6717205893361973,1.0,12.0,13.0
1637952738.0,3.0,1.21414516,530.8,768.0,805.15186688,83362.64468,83368.19272,83612.88268000001,83646.89884000001,83730.49808,83771.07688000001,83802.19036000001,83808.6182,83819.30528,0.5739236393176279,-0.9740747698502674,0.2262263086847961,-0.7217602282357466,0.6921431737271436,1.0,13.0,12.0
1637952754.0,3.0,1.20962048,532.4000000000001,768.0,805.15416064,84679.25004,84684.25816000001,84932.10904000001,84965.26752000001,85049.09524000001,85090.02064,85122.60508000001,85129.2816,85139.17484,0.5743298131600325,-0.9738108842687392,0.2273595427505437,-0.7021530529589555,0.7120260460267014,1.0,14.0,11.0
1637952770.0,3.0,1.2050958,534.0,768.0,805.1564544,85995.8554,86000.3236,86251.3354,86283.63620000001,86367.6924,86408.9644,86443.0198,86449.94499999999,86459.0444,0.574735987002437,-0.9735456802884296,0.2284924690044267,-0.6819983601835148,0.731353701506321,1.0,15.0,10.0
1637952786.0,3.0,1.20057112,535.6,768.0,805.15874816,87312.46076,87316.38904000001,87570.56176,87602.00488000001,87686.28956,87727.90816,87763.43452,87770.6084,87778.91396,0.5751421608448416,-0.9732791582683864,0.2296250859126271,-0.6613118652607377,0.7501110696859259,1.0,16.0,9.0
1637952802.0,3.0,1.19604644,537.2,768.0,805.16104192,88629.06612,88632.45448000001,88889.78812000001,88920.37356,89004.88672000001,89046.85192000002,89083.84924000001,89091.2718,89098.78352000001,0.5755483346872461,-0.9730113185727997,0.2307573919275866,-0.6401096995867118,0.7682835235087433,1.0,17.0,8.0
1637952818.0,3.0,1.1915217599999999,538.8,768.0,805.1633356799999,89945.67148,89948.51992,90209.01448,90238.74224,90323.48388,90365.79568000001,90404.26396,90411.93519999999,90418.65308,0.5759545085296507,-0.9727421615542116,0.2318893855588046,-0.6184083952656909,0.7858568932476911,1.0,18.0,7.0
1637952834.0,3.0,1.1869970799999998,540.4,768.0,805.16562944,91262.27684,91264.58536,91528.24084,91557.11092,91642.08104,91684.73944,91724.67868,91732.5986,91738.52264000001,0.5763606823720553,-0.9724716875904869,0.2330210652170969,-0.5962248750454349,0.8028174751318357,1.0,19.0,6.0
1637952850.0,3.0,1.1824724,542.0,768.0,805.1679232,92578.88220000001,92580.6508,92847.46720000001,92875.4796,92960.67820000001,93003.68320000001,93045.09340000001,93053.262,93058.39220000002,0.5767668562144598,-0.972199897034277,0.2341524294269464,-0.5735764362282403,0.8191520443749813,1.0,20.0,5.0
1637952866.0,3.0,1.17794772,543.6,768.0,805.17021696,93895.48756,93896.71624,94166.69356,94193.84828,94279.27536,94322.62696,94365.50812,94373.9254,94378.26176000001,0.5771730300568644,-0.9719267902671438,0.2352834766000526,-0.5504807405291867,0.8348478629705164,1.0,21.0,4.0
1637952882.0,3.0,1.1734230399999999,545.2,768.0,805.17251072,95212.09292,95212.78168,95485.91992,95512.21696,95597.87252,95641.57072,95685.92284,95694.5888,95698.13132,0.5775792038992689,-0.9716523676451716,0.2364142052617231,-0.5269557957369597,0.8498926928378827,1.0,22.0,3.0
1637952898.0,3.0,1.16889836,546.8000000000001,768.0,805.17480448,96528.69828,96528.84712,96805.14628,96830.58564,96916.46968000001,96960.51448000001,97006.33756,97015.2522,97018.00088,0.5779853777416735,-0.9713766295536174,0.2375446138245496,-0.5030199470615426,0.8642748017026777,1.0,23.0,2.0
1637952914.0,3.0,1.16437368,548.4,768.0,805.17709824,97845.30364,97844.91256,98124.37264,98148.95432,98235.06684,98279.45823999999,98326.75228,98335.9156,98337.87044,0.578391551584078,-0.9710995763554694,0.238674700800541,-0.4786918581598374,0.8779829753084522,1.0,24.0,1.0
1637952930.0,3.0,1.159849,550.0,768.0,805.179392,99161.909,99160.978,99443.599,99467.323,99553.664,99598.402,99647.167,99656.579,99657.74,0.5787977254264826,-0.9708212084257684,0.2398044646597112,-0.453990499739864,0.8910065241882063,0.0,0.0,0.0
1637952946.0,3.0,1.1688494999999999,551.6666666666666,768.0,805.1882666666666,96302.25749999999,96306.36649999999,96573.81783333333,96600.02983333332,96691.00116666665,96740.85383333331,96784.67933333333,96792.93733333332,96794.7545,0.579203899268887,-0.970541526151853,0.2409339038301418,-0.4289351335988765,0.9033352927703612,1.0,1.0,5.0
1637952962.0,3.0,1.1778499999999998,553.3333333333333,768.0,805.1971413333333,93442.606,93451.75499999999,93704.03666666667,93732.73666666666,93828.33833333333,93883.30566666667,93922.19166666667,93929.29566666666,93931.769,0.5796100731112916,-0.9702605298983812,0.242063016839237,-0.4035452963225015,0.9149596678630072,1.0,2.0,4.0
1637952978.0,3.0,1.1868504999999998,555.0,768.0,805.206016,90582.95449999999,90597.1435,90834.2555,90865.4435,90965.67550000001,91025.7575,91059.704,91065.65400000001,91068.7835,0.5800162469536961,-0.969978220059838,0.2431918021018566,-0.3778407869885059,0.9258705847406032,1.0,3.0,3.0
1637952994.0,3.0,1.1958509999999998,556.6666666666666,768.0,805.2148906666666,87723.303,87742.53199999999,87964.47433333333,87998.15033333332,88103.01266666666,88168.20933333333,88197.21633333333,88202.01233333333,88205.798,0.5804224207961007,-0.9696945970043074,0.2443202581462574,-0.3518416483432129,0.9360595357620854,1.0,4.0,2.0
1637953010.0,3.0,1.2048514999999997,558.3333333333333,768.0,805.2237653333332,84863.65149999999,84887.9205,85094.69316666665,85130.85716666665,85240.34983333333,85310.66116666666,85334.72866666665,85338.37066666667,85342.8125,0.5808285946385053,-0.9694096611299624,0.2454483833882216,-0.3255681545995804,0.9455185755502764,1.0,5.0,1.0
1637953026.0,3.0,1.213852,560.0,768.0,805.23264,82004.0,82033.309,82224.912,82263.564,82377.687,82453.113,82472.241,82474.729,82479.827,0.5812347684809098,-0.9691234128118988,0.2465761763427639,-0.2990407921618921,0.9542403285457955,0.0,0.0,0.0
1637953042.0,3.0,1.1837793333333333,545.8974358974359,761.4358974358973,807.1031466666666,79908.64315384615,79937.2771025641,80124.17271794872,80161.83364102565,80273.04353846154,80346.53553846154,80365.17307692308,80367.5972820513,80372.56461538462,0.5816409423233144,-0.9688358524412108,0.2477036354689051,-0.2722802471537386,0.9622179934972632,1.0,1.0,38.0
1637953058.0,2.9999999999999996,1.1537066666666664,531.7948717948718,754.8717948717948,808.9736533333332,77813.2863076923,77841.24520512819,78023.43343589743,78060.10328205128,78168.40007692308,78239.95807692307,78258.10515384615,78260.46556410256,78265.30223076923,0.5820471161657189,-0.9685469804072134,0.2488307592402291,-0.2453073857510935,0.9694453499274542,1.0,2.0,37.0
1637953074.0,3.0,1.123634,517.6923076923076,748.3076923076923,810.8441599999999,75717.92946153846,75745.2133076923,75922.69415384614,75958.37292307691,76063.75661538461,76133.38061538461,76151.03723076922,76153.33384615385,76158.03984615384,0.5824532900081235,-0.9682567971046347,0.2499575461166836,-0.2181432414790907,0.9759167619202956,1.0,3.0,36.0
1637953090.0,2.9999999999999996,1.0935613333333332,503.5897435897436,741.7435897435897,812.7146666666665,73622.5726153846,73649.1814102564,73821.95487179486,73856.64256410256,73959.11315384615,74026.80315384615,74043.9693076923,74046.20212820513,74050.77746153847,0.582859463850528,-0.967965302915429,0.2510839946150325,-0.1908089952148151,0.981627183479101,1.0,4.0,35.0
1637953106.0,3.0,1.0634886666666667,489.4871794871795,735.1794871794872,814.5851733333333,71527.21576923078,71553.14951282051,71721.21558974359,71754.9122051282,71854.4696923077,71920.22569230768,71936.90138461537,71939.0704102564,71943.51507692308,0.5832656376929326,-0.9676724982488192,0.2522101031538764,-0.163325962751901,0.9865721615224932,1.0,5.0,34.0
1637953122.0,3.0,1.033416,475.3846153846154,728.6153846153845,816.4556799999999,69431.85892307693,69457.11761538462,69620.47630769231,69653.18184615385,69749.82623076923,69813.64823076922,69829.83346153845,69831.9386923077,69836.2526923077,0.5836718115353371,-0.9673783834865728,0.2533358702649619,-0.1357155726997079,0.9907478404350878,1.0,6.0,33.0
1637953138.0,3.0,1.0033433333333333,461.2820512820512,722.0512820512821,818.3261866666667,67336.50207692308,67361.0857179487,67519.73702564102,67551.4514871795,67645.18276923077,67707.07076923076,67722.76553846154,67724.80697435899,67728.99030769231,0.5840779853777417,-0.9670829590415914,0.2544612943678462,-0.1079993561873921,0.994150963920022,1.0,7.0,32.0
1637953154.0,3.0,0.9732706666666666,447.1794871794871,715.4871794871794,820.1966933333333,65241.14523076923,65265.05382051281,65418.99774358974,65449.72112820513,65540.5393076923,65600.49330769229,65615.6976153846,65617.67525641025,65621.72792307692,0.5844841592201462,-0.9667862252990584,0.2555863739951685,-0.0801989245629619,0.9967788784374116,1.0,8.0,31.0
1637953170.0,2.9999999999999996,0.9431979999999999,433.07692307692304,708.9230769230769,822.0672,63145.78838461538,63169.021923076914,63318.258461538455,63347.99076923076,63435.89584615384,63493.91584615384,63508.62969230768,63510.543538461534,63514.46553846153,0.5848903330625508,-0.9664881826718172,0.2567111075815153,-0.0523359562284812,0.9986295347553318,1.0,9.0,30.0
1637953186.0,3.0,0.9131253333333333,418.97435897435895,702.3589743589744,823.9377066666667,61050.43153846154,61072.99002564102,61217.51917948718,61246.260410256415,61331.25238461539,61387.33838461539,61401.56176923077,61403.41182051283,61407.20315384616,0.5852965069049553,-0.9661888315596708,0.2578354936182331,-0.0244321783544298,0.9997014897762518,1.0,10.0,29.0
1637953202.0,3.0,0.8830526666666666,404.87179487179486,695.7948717948718,825.8082133333334,58955.07469230769,58976.95812820512,59116.779897435896,59144.53005128205,59226.60892307693,59280.76092307692,59294.49384615384,59296.28010256411,59299.94076923077,0.5857026807473599,-0.9658881723678978,0.2589595305830665,0.0034906514627284,0.9999939076576244,1.0,11.0,28.0
1637953218.0,3.0,0.85298,390.7692307692308,689.2307692307692,827.67872,56859.71784615385,56880.926230769226,57016.04061538461,57042.799692307686,57121.96546153846,57174.18346153846,57187.42592307692,57189.148384615386,57192.678384615385,0.5861088545897645,-0.9655862055073317,0.260083216940181,0.0314107589093971,0.999506560371034,1.0,12.0,27.0
1637953234.0,3.0,0.8229073333333332,376.66666666666663,682.6666666666666,829.5492266666666,54764.361,54784.89433333333,54915.30133333333,54941.06933333333,55017.322,55067.606,55080.35799999999,55082.01666666667,55085.416000000005,0.586515028432169,-0.9652829313754374,0.2612065512104216,0.0593063736563474,0.9982398279189896,1.0,13.0,26.0
1637953250.0,3.0,0.7928346666666666,362.56410256410254,676.1025641025641,831.4197333333333,52669.00415384615,52688.86243589743,52814.562051282046,52839.338974358965,52912.678538461536,52961.028538461534,52973.29007692307,52974.88494871795,52978.15361538462,0.5869212022745736,-0.964978350397976,0.2623295318167609,0.087155742612383,0.9961946981035804,1.0,14.0,25.0
1637953266.0,3.0,0.7627619999999999,348.4615384615385,669.5384615384615,833.2902399999999,50573.64730769231,50592.83053846154,50713.82276923077,50737.60861538462,50808.035076923086,50854.451076923084,50866.22215384616,50867.75323076924,50870.89123076923,0.587327376116978,-0.9646724629720692,0.2634521572950239,0.1149371506056641,0.9933727655873452,1.0,15.0,24.0
1637953282.0,3.0,0.7326893333333333,334.35897435897436,662.9743589743589,835.1607466666666,48478.29046153846,48496.79864102564,48613.08348717949,48635.87825641025,48703.39161538462,48747.87361538462,48759.15423076923,48760.621512820515,48763.62884615385,0.5877335499593827,-0.964365269527146,0.2645744260691782,0.142628933603793,0.9897762309224468,1.0,16.0,23.0
1637953298.0,3.0,0.7026166666666666,320.2564102564103,656.4102564102564,837.0312533333333,46382.933615384616,46400.76674358974,46512.3442051282,46534.1478974359,46598.74815384615,46641.29615384615,46652.086307692305,46653.4897948718,46656.36646153846,0.5881397238017871,-0.9640567704637346,0.265696336675977,0.1702094993104663,0.985407898458542,1.0,17.0,22.0
1637953314.0,3.0,0.6725439999999999,306.1538461538462,649.8461538461538,838.90176,44287.57676923077,44304.73484615384,44411.60492307692,44432.41753846154,44494.104692307694,44534.71869230769,44545.01838461538,44546.35807692308,44549.104076923075,0.5885458976441917,-0.9637469662149308,0.2668178875403914,0.1976573403107554,0.9802711746355078,1.0,18.0,21.0
1637953330.0,3.0,0.6424713333333332,292.05128205128204,643.2820512820513,840.7722666666666,42192.21992307692,42208.70294871794,42310.86564102564,42330.68717948718,42389.46123076923,42428.14123076922,42437.95046153846,42439.22635897436,42441.841692307695,0.5889520714865962,-0.9634358571885656,0.2679390771860907,0.2249510545188571,0.9743700647448352,1.0,19.0,20.0
1637953346.0,3.0,0.6123986666666666,277.94871794871796,636.7179487179487,842.6427733333333,40096.86307692307,40112.67105128204,40210.12635897436,40228.95682051282,40284.817769230765,40321.563769230765,40330.882538461534,40332.094641025644,40334.579307692315,0.5893582453290008,-0.9631234438097016,0.2690599040811178,0.2520693577569506,0.9677091706086072,1.0,20.0,19.0
1637953362.0,3.0,0.582326,263.8461538461538,630.1538461538462,844.5132799999999,38001.50623076923,38016.639153846154,38109.38707692307,38127.226461538456,38180.17430769231,38214.98630769231,38223.81461538461,38224.96292307693,38227.31692307692,0.5897644191714053,-0.9628097265013016,0.2701803667080357,0.2789911057962331,0.96029368574754,1.0,21.0,18.0
1637953378.0,3.0,0.5522533333333334,249.74358974358975,623.5897435897436,846.3837866666667,35906.14938461539,35920.60725641026,36008.647794871795,36025.4961025641,36075.53084615385,36108.40884615384,36116.746692307686,36117.831205128205,36120.05453846154,0.5901705930138099,-0.9624947056920412,0.2713004635358941,0.3056953045162114,0.9521293928856208,1.0,22.0,17.0
1637953394.0,3.0,0.5221806666666666,235.6410256410256,617.0256410256411,848.2542933333334,33810.79253846154,33824.575358974354,33907.908512820504,33923.76574358974,33970.88738461539,34001.83138461538,34009.67876923077,34010.699487179496,34012.79215384615,0.5905767668562144,-0.962178381796569,0.2724201930902626,0.3321611316761745,0.9432226580206834,1.0,23.0,16.0
1637953410.0,3.0,0.49210799999999993,221.53846153846152,610.4615384615385,850.1248,31715.43569230769,31728.54346153846,31807.16923076923,31822.03538461538,31866.243923076923,31895.25392307692,31902.610846153842,31903.56776923077,31905.52976923077,0.590982940698619,-0.9618607552510048,0.2735395538271684,0.3583679495726737,0.933580426486694,1.0,24.0,15.0
1637953426.0,3.0,0.4620353333333333,207.43589743589743,603.8974358974358,851.9953066666666,29620.078846153843,29632.511564102562,29706.42994871795,29720.305025641024,29761.600461538463,29788.67646153846,29795.54292307692,29796.436051282053,29798.267384615385,0.5913891145410236,-0.9615418264933632,0.2746585442031746,0.3842953224871648,0.9232102171848436,1.0,25.0,14.0
1637953442.0,3.0,0.4319626666666666,193.33333333333331,597.3333333333333,853.8658133333333,27524.721999999998,27536.479666666666,27605.690666666662,27618.574666666664,27656.957,27682.099,27688.474999999995,27689.304333333333,27691.005,0.5917952883834281,-0.9612215959434852,0.2757771627453212,0.4099230338984375,0.912120116146717,1.0,26.0,13.0
1637953458.0,3.0,0.40188999999999997,179.23076923076925,590.7692307692307,855.73632,25429.365153846153,25440.44776923077,25504.951384615386,25516.84430769231,25552.31353846154,25575.52153846154,25581.40707692308,25582.172615384618,25583.742615384617,0.5922014622258327,-0.9609000640388974,0.276895407925164,0.4352310992337,0.9003187714692086,1.0,27.0,12.0
1637953474.0,3.0,0.3718173333333333,165.12820512820514,584.2051282051282,857.6068266666667,23334.008307692307,23344.415871794867,23404.212102564103,23415.11394871795,23447.670076923077,23468.94407692308,23474.339153846155,23475.0408974359,23476.48023076923,0.5926076360682372,-0.9605772312149072,0.278013278228761,0.460199784868519,0.8878153850925139,1.0,28.0,11.0
1637953490.0,3.0,0.3417446666666666,151.02564102564102,577.6410256410256,859.4773333333334,21238.65146153846,21248.38397435897,21303.47282051282,21313.38358974359,21343.026615384613,21362.36661538461,21367.271230769227,21367.90917948718,21369.217846153846,0.5930138099106418,-0.9602530979126458,0.2791307721287043,0.4848096201405488,0.8746197071980352,1.0,29.0,10.0
1637953506.0,3.0,0.311672,136.9230769230769,571.0769230769231,861.3478399999999,19143.294615384617,19152.352076923074,19202.733538461536,19211.65323076923,19238.383153846153,19255.78915384615,19260.203307692303,19260.777461538462,19261.955461538462,0.5934199837530463,-0.9599276645587568,0.2802478881539898,0.5090414158608807,0.8607420269385886,1.0,30.0,9.0
1637953522.0,3.0,0.2815993333333333,122.8205128205128,564.5128205128206,863.2183466666667,17047.937769230768,17056.32017948718,17101.994256410253,17109.92287179487,17133.739692307692,17149.21169230769,17153.135384615383,17153.645743589746,17154.693076923075,0.5938261575954509,-0.9596009316101096,0.2813646247363197,0.5328762759963235,0.8461931661744203,1.0,31.0,8.0
1637953538.0,3.0,0.2515266666666666,108.71794871794872,557.9487179487179,865.0888533333333,14952.580923076923,14960.28828205128,15001.254974358975,15008.192512820513,15029.096230769232,15042.63423076923,15046.06746153846,15046.514025641027,15047.430692307693,0.5942323314378554,-0.9592728994927082,0.2824809804196601,0.5562956156344349,0.830984469184536,1.0,32.0,7.0
1637953554.0,3.0,0.22145399999999998,94.61538461538463,551.3846153846154,866.9593600000001,12857.224076923078,12864.256384615384,12900.515692307692,12906.462153846154,12924.452769230771,12936.05676923077,12938.99953846154,12939.382307692309,12940.16830769231,0.59463850528026,-0.9589435686670712,0.2835969536367808,0.5792811722979215,0.8151277957603615,1.0,33.0,6.0
1637953570.0,3.0,0.1913813333333333,80.51282051282051,544.8205128205128,868.8298666666667,10761.86723076923,10768.224487179485,10799.776410256409,10804.731794871794,10819.809307692307,10829.479307692305,10831.931615384614,10832.25058974359,10832.905923076924,0.5950446791226645,-0.958612939562589,0.2847125429326431,0.6018150233073298,0.7986355099302798,1.0,34.0,5.0
1637953586.0,3.0,0.16130866666666666,66.41025641025641,538.2564102564102,870.7003733333332,8666.510384615383,8672.192589743589,8699.037128205127,8703.001435897437,8715.165846153846,8722.901846153845,8724.863692307692,8725.118871794873,8725.643538461538,0.595450852965069,-0.958281012643426,0.2858277467410927,0.6238795963283582,0.7815204727229894,1.0,35.0,4.0
1637953602.0,3.0,0.131236,52.307692307692314,531.6923076923076,872.57088,6571.153538461538,6576.160692307692,6598.297846153846,6601.271076923077,6610.522384615385,6616.324384615385,6617.795769230769,6617.987153846154,6618.381153846154,0.5958570268074735,-0.9579477883465334,0.2869425635941541,0.6454576875420105,0.7637960287883935,1.0,36.0,3.0
1637953618.0,3.0,0.10116333333333333,38.205128205128204,525.1282051282051,874.4413866666666,4475.796692307692,4480.1287948717945,4497.558564102564,4499.540717948718,4505.878923076923,4509.746923076922,4510.727846153845,4510.855435897436,4511.118769230769,0.5962632006498781,-0.957613267127192,0.2880569919685775,0.6665324699106154,0.7454759999858175,1.0,37.0,2.0
1637953634.0,3.0,0.07109066666666666,24.102564102564102,518.5641025641025,876.3118933333334,2380.4398461538462,2384.096897435897,2396.819282051282,2397.810358974359,2401.2354615384615,2403.1694615384613,2403.659923076923,2403.7237179487183,2403.8563846153847,0.5966693744922827,-0.9572774494382952,0.2891710303555881,0.6870875106553426,0.7265746711119543,1.0,38.0,1.0
1637953650.0,3.0,0.041018,10.0,512.0,878.1824,285.083,288.065,296.08,296.08,296.592,296.592,296.592,296.592,296.594,0.5970755483346872,-0.9569403357302668,0.2902846772608649,0.7071067812177729,0.7071067811553221,0.0,0.0,0.0
1637953666.0,3.0,0.054755,20.0,512.0,942.743552,359.764,360.887,365.498,365.498,366.984,368.54,368.54,368.54,369.531,0.5974817221770918,-0.9566019264721828,0.2913979311349154,0.7265746708526869,0.68708751092951,0.0,0.0,0.0
1637953682.0,3.0,0.063924,40.0,512.0,1010.868224,1268.862,1270.835,1284.179,1284.709,1291.525,1293.162,1301.014,1301.014,1305.347,0.5978878960194963,-0.9562622221052708,0.2925107905262467,0.7454759997343064,0.6665324701919152,0.0,0.0,0.0
1637953698.0,3.0,0.063473,38.125,496.0,978.144256,1243.990125,1245.92175,1258.768375,1259.2652500000002,1265.6764375,1267.211125,1274.572375,1274.572375,1278.6542499999998,0.5982940698619009,-0.9559212231064356,0.2936232538725368,0.7637960285448349,0.6454576878302232,1.0,1.0,15.0
1637953714.0,3.0,0.063022,36.25,480.0,945.420288,1219.11825,1221.0085000000001,1233.3577500000001,1233.8215,1239.8278750000002,1241.26025,1248.13075,1248.13075,1251.9615000000001,0.5987002437043054,-0.9555789299202816,0.2947353197233234,0.7815204724875731,0.6238795966232591,1.0,2.0,14.0
1637953730.0,3.0,0.062571,34.375,464.0,912.6963200000001,1194.2463750000002,1196.0952499999999,1207.9471250000001,1208.37775,1213.9793125,1215.309375,1221.6891249999999,1221.6891249999999,1225.26875,0.59910641754671,-0.9552353430273476,0.2958469865173986,0.7986355099834314,0.6018150232367954,1.0,3.0,13.0
1637953746.0,3.0,0.06212,32.5,448.0,879.9723520000001,1169.3745000000001,1171.182,1182.5365000000002,1182.9340000000002,1188.13075,1189.3585,1195.2475,1195.2475,1198.576,0.5995125913891145,-0.9548904628799332,0.2969582527914431,0.815127795811523,0.5792811722259305,1.0,4.0,12.0
1637953762.0,3.0,0.061668999999999995,30.625,432.0,847.248384,1144.502625,1146.2687500000002,1157.1258750000002,1157.49025,1162.2821875000002,1163.407625,1168.805875,1168.805875,1171.8832499999999,0.5999187652315191,-0.9545442899492458,0.2980691170270582,0.8309844692336673,0.5562956155610433,1.0,5.0,11.0
1637953778.0,3.0,0.061217999999999995,28.75,416.0,814.524416,1119.63075,1121.3555000000001,1131.71525,1132.0465,1136.433625,1137.45675,1142.3642499999999,1142.3642499999999,1145.1905,0.6003249390739236,-0.954196824703953,0.2991795777202945,0.8461931662214832,0.5328762759215888,1.0,6.0,10.0
1637953794.0,3.0,0.060766999999999995,26.875,400.0,781.8004480000001,1094.7588750000002,1096.44225,1106.304625,1106.60275,1110.5850625,1111.505875,1115.922625,1115.922625,1118.49775,0.6007311129163282,-0.953848067618842,0.300289633353869,0.8607420267465056,0.5090414161856753,1.0,7.0,9.0
1637953810.0,3.0,0.060315999999999995,25.0,384.0,749.0764800000001,1069.8870000000002,1071.529,1080.894,1081.159,1084.7365,1085.555,1089.481,1089.481,1091.805,0.6011372867587328,-0.9534980191529702,0.3013992824665681,0.8746197070150958,0.48480962047058,1.0,8.0,8.0
1637953826.0,3.0,0.059865,23.125,368.0,716.352512,1045.015125,1046.61575,1055.483375,1055.71525,1058.8879375000001,1059.604125,1063.039375,1063.039375,1065.1122500000001,0.6015434606011373,-0.9531466797977638,0.3025085235005769,0.887815384918861,0.4601997852035295,1.0,9.0,7.0
1637953842.0,3.0,0.059414,21.25,352.0,683.628544,1020.1432500000001,1021.7025,1030.07275,1030.2715,1033.039375,1033.65325,1036.59775,1036.59775,1038.4195,0.6019496344435419,-0.9527940500113096,0.3036173550096342,0.9003187713049774,0.4352310995734286,1.0,10.0,6.0
1637953858.0,3.0,0.058963,19.375,336.0,650.904576,995.271375,996.78925,1004.6621250000001,1004.82775,1007.1908125,1007.702375,1010.156125,1010.156125,1011.72675,0.6023558082859464,-0.9524401302886574,0.3047257754370729,0.9121201159920356,0.4099230342426191,1.0,11.0,5.0
1637953874.0,3.0,0.058512,17.5,320.0,618.180608,970.3995,971.876,979.2515000000001,979.384,981.34225,981.7515,983.7144999999999,983.7144999999999,985.034,0.602761982128351,-0.9520849210912584,0.3058337833377019,0.9232102170398324,0.3842953228355313,1.0,12.0,4.0
1637953890.0,3.0,0.058061,15.625,304.0,585.45664,945.5276250000001,946.9627499999999,953.8408750000001,953.9402500000001,955.4936875,955.800625,957.272875,957.272875,958.3412500000001,0.6031681559707555,-0.9517284229133172,0.3069413771698597,0.9335804265183448,0.358367949490221,1.0,13.0,3.0
1637953906.0,3.0,0.05761,13.75,288.0,552.732672,920.65575,922.0495,928.43025,928.4965000000001,929.645125,929.84975,930.83125,930.83125,931.6485,0.6035743298131601,-0.9513706362375292,0.3080485554340403,0.9432226578953448,0.3321611320320925,1.0,14.0,2.0
1637953922.0,3.0,0.057159,11.875,272.0,520.008704,895.7838750000001,897.13625,903.019625,903.0527500000001,903.7965624999999,903.898875,904.389625,904.389625,904.9557500000001,0.6039805036555645,-0.9510115615348372,0.3091553166728177,0.9521293927702688,0.3056953048754903,1.0,15.0,1.0
1637953938.0,3.0,0.056708,10.0,256.0,487.284736,870.912,872.223,877.609,877.609,877.948,877.948,877.948,877.948,878.263,0.6043866774979691,-0.95065119930934,0.310261659332431,0.9602936856422648,0.2789911061585927,0.0,0.0,0.0
1637953954.0,3.0,0.0955615,20.0,256.0,459.92704,6253.262624999999,6250.221125,6278.9015,6279.423,6283.631249999999,6284.47275,6284.7543749999995,6284.8234999999995,6285.162375,0.6047928513403736,-0.950289550030888,0.3113675819703981,0.9677091705134908,0.2520693581221084,1.0,1.0,7.0
1637953970.0,3.0,0.134415,30.0,256.0,432.569344,11635.613249999999,11628.21925,11680.194,11681.237,11689.314499999999,11690.9975,11691.560749999999,11691.698999999999,11692.061749999999,0.6051990251827782,-0.9499266142071936,0.3124730830341357,0.9743700647647026,0.224951054432802,1.0,2.0,6.0
1637953986.0,3.0,0.1732685,40.0,256.0,405.21164799999997,17017.963874999998,17006.217375,17081.4865,17083.051,17094.99775,17097.52225,17098.367125,17098.5745,17098.961124999998,0.6056051990251827,-0.9495623923114632,0.3135781610822589,0.9802711746529646,0.197657340224179,1.0,3.0,5.0
1637954002.0,3.0,0.21212199999999998,50.0,256.0,377.853952,22400.314499999997,22384.2155,22482.779,22484.864999999998,22500.680999999997,22504.047,22505.173499999997,22505.449999999997,22505.8605,0.6060113728675873,-0.9491968848550209,0.3146828145633699,0.9854078984735748,0.1702094992234363,1.0,4.0,4.0
1637954018.0,3.0,0.25097549999999996,60.0,256.0,350.49625599999996,27782.665125,27762.213625,27884.071500000002,27886.679,27906.36425,27910.57175,27911.979874999997,27912.3255,27912.759875,0.6064175467099919,-0.9488300923190216,0.3157870420233818,0.9897762309350436,0.1426289335163772,1.0,5.0,3.0
1637954034.0,3.0,0.289829,70.0,256.0,323.13856,33165.01575,33140.21175,33285.364,33288.493,33312.0475,33317.0965,33318.78625,33319.201,33319.65925,0.6068237205523964,-0.948462015204612,0.3168908419535129,0.9933727655439746,0.1149371509805059,1.0,6.0,2.0
1637954050.0,3.0,0.3286825,80.0,256.0,295.78086399999995,38547.366375,38518.209875,38686.6565,38690.307,38717.730749999995,38723.621250000004,38725.592625,38726.076499999996,38726.558625,0.607229894394801,-0.9480926540101156,0.317994212859378,0.996194698070693,0.0871557429882896,1.0,7.0,1.0
1637954066.0,3.0,0.367536,90.0,256.0,268.423168,43929.717,43896.208,44087.949,44092.121,44123.414,44130.146,44132.399,44132.952,44133.458,0.6076360682372055,-0.947722009240237,0.3190971532333816,0.9982398278966108,0.0593063740330257,0.0,0.0,0.0
1637954082.0,3.0,0.38227025000000003,92.5,256.0,268.418048,45052.706999999995,45038.994000000006,45257.260500000004,45281.341250000005,45328.269,45335.7665,45340.25825,45341.9225,45342.408500000005,0.6080422420796101,-0.9473500813828452,0.3201996616236758,0.9995065603591816,0.0314107592865535,1.0,1.0,3.0
1637954098.0,3.0,0.3970045,95.0,256.0,268.41292799999997,46175.697,46181.78,46426.572,46470.561499999996,46533.123999999996,46541.387,46548.1175,46550.893,46551.359,0.6084484159220146,-0.9469768709600828,0.3213017364824703,0.9999939076563074,0.0034906518400686,1.0,2.0,2.0
1637954114.0,3.0,0.41173875,97.5,256.0,268.407808,47298.687000000005,47324.566,47595.883499999996,47659.78175,47737.979,47747.0075,47755.97675,47759.8635,47760.3095,0.6088545897644192,-0.946602378458552,0.3224033763728476,0.9997014897854712,-0.0244321779771999,1.0,3.0,1.0
1637954130.0,3.0,0.426473,100.0,256.0,268.402688,48421.677,48467.352,48765.195,48849.002,48942.834,48952.628,48963.836,48968.834,48969.26,0.6092607636068237,-0.946226604394581,0.3235045797757755,0.9986295347507096,-0.052335956316679,0.0,0.0,0.0
1637954146.0,3.0000000000000004,0.3996806,102.0,256.0,268.39777280000004,51953.69260000001,52001.7202,52257.96920000001,52327.5948,52406.4496,52418.4612,52429.7886,52433.802800000005,52434.34880000001,0.6096669374492283,-0.9458495492863602,0.3246053451728562,0.996778878467674,-0.0801989241868348,1.0,1.0,4.0
1637954162.0,3.0000000000000004,0.37288820000000006,104.00000000000001,256.0,268.3928576,55485.70820000001,55536.0884,55750.74340000001,55806.187600000005,55870.065200000005,55884.2944,55895.74120000001,55898.77160000001,55899.437600000005,0.6100731112916328,-0.9454712136302452,0.3257056711151211,0.9941509639607748,-0.1079993558122567,1.0,2.0,3.0
1637954178.0,3.0000000000000004,0.3460958,106.00000000000001,256.0,268.38794240000004,59017.723800000014,59070.456600000005,59243.517600000014,59284.7804,59333.6808,59350.1276,59361.69380000001,59363.74040000001,59364.52640000001,0.6104792851340374,-0.9450915979479104,0.3268055560853662,0.990747840486299,-0.1357155723258566,1.0,3.0,2.0
1637954194.0,3.0,0.3193034,108.0,256.0,268.3830272,62549.739400000006,62604.8248,62736.291800000006,62763.3732,62797.2964,62815.9608,62827.646400000005,62828.709200000005,62829.6152,0.6108854589764419,-0.9447107027390336,0.3279049986357653,0.9865721615841232,-0.1633259623796254,1.0,4.0,1.0
1637954210.0,3.0,0.292511,110.0,256.0,268.378112,66081.755,66139.193,66229.066,66241.966,66260.912,66281.794,66293.599,66293.678,66294.704,0.6112916328188465,-0.9443285285383464,0.329003997222832,0.981627183462249,-0.1908089953015112,0.0,0.0,0.0
1637954226.0,3.0000000000000004,0.3150154,112.0,256.0,268.38958080000003,68520.2428,68560.78700000001,68680.66140000001,68691.8964,68715.3892,68736.9192,68746.7776,68746.9262,68747.965,0.6116978066612511,-0.9439450758441388,0.3301025504136599,0.9759167619010296,-0.2181432415652824,1.0,1.0,4.0
1637954242.0,3.0000000000000004,0.33751980000000004,114.00000000000001,256.0,268.4010496,70958.73060000001,70982.38100000001,71132.25680000002,71141.82680000001,71169.8664,71192.04440000001,71199.9562,71200.1744,71201.22600000001,0.6121039805036556,-0.9435603451947326,0.3312006566660112,0.969445349905789,-0.2453073858367137,1.0,2.0,3.0
1637954258.0,3.0000000000000004,0.3600242,116.00000000000001,256.0,268.4125184,73397.21840000001,73403.975,73583.85220000001,73591.75720000001,73624.34360000001,73647.16960000001,73653.13480000001,73653.4226,73654.48700000001,0.6125101543460602,-0.9431743370917508,0.3322983145481427,0.9622179934732156,-0.2722802472387206,1.0,3.0,2.0
1637954274.0,3.0,0.3825286,118.0,256.0,268.4239872,75835.70620000002,75825.569,76035.44760000001,76041.6876,76078.8208,76102.2948,76106.3134,76106.67079999999,76107.748,0.6129163281884646,-0.9427870520771028,0.3333955225190738,0.9542403286586364,-0.2990407918018166,1.0,4.0,1.0
1637954290.0,3.0,0.405033,120.0,256.0,268.435456,78274.194,78247.163,78487.043,78491.618,78533.298,78557.42,78559.492,78559.919,78561.009,0.6133225020308692,-0.942398490655742,0.3344922791482324,0.945518575673127,-0.3255681542427961,0.0,0.0,0.0
1637954306.0,2.9868421052631575,0.39517702631578944,117.10526315789473,357.05263157894734,270.4324715789473,76219.38607894737,76193.09618421052,76426.74818421052,76431.20278947368,76471.81168421051,76495.29889473683,76497.31636842104,76497.73213157893,76498.85826315789,0.6137286758732737,-0.9420086533731628,0.3355885828959031,0.9360595358948502,-0.3518416479899979,1.0,1.0,37.0
1637954322.0,2.973684210526316,0.3853210526315789,114.21052631578947,458.1052631578947,272.4294871578947,74164.57815789474,74139.02936842105,74366.45336842106,74370.78757894736,74410.32536842105,74433.17778947369,74435.1407368421,74435.5452631579,74436.70752631579,0.6141348497156783,-0.9416175407425454,0.3366844323189904,0.9258705848831786,-0.3778407866391355,1.0,2.0,36.0
1637954338.0,2.9605263157894735,0.3754650789473684,111.3157894736842,559.1578947368421,274.4265027368421,72109.7702368421,72084.96255263158,72306.15855263159,72310.37236842106,72348.83905263158,72371.05668421053,72372.96510526315,72373.35839473683,72374.55678947369,0.6145410235580828,-0.9412251533031826,0.3377798259064629,0.914959668015282,-0.4035452959772483,1.0,3.0,35.0
1637954354.0,2.9473684210526314,0.3656091052631579,108.42105263157893,660.2105263157894,276.4235183157894,70054.96231578947,70030.8957368421,70245.8637368421,70249.95715789474,70287.35273684209,70308.93557894736,70310.7894736842,70311.17152631578,70312.40605263159,0.6149471974004874,-0.940831491571564,0.3388747622164063,0.9033352929322166,-0.4289351332580096,1.0,4.0,34.0
1637954370.0,2.9342105263157894,0.3557531315789473,105.52631578947367,761.2631578947368,278.4205338947368,68000.15439473683,67976.82892105263,68185.56892105263,68189.54194736842,68225.86642105262,68246.8144736842,68248.61384210525,68248.98465789472,68250.25531578947,0.6153533712428919,-0.9404365560904496,0.3399692397390307,0.8910065241481103,-0.4539904998185566,1.0,5.0,33.0
1637954386.0,2.9210526315789473,0.3458971578947368,102.63157894736842,862.3157894736842,280.4175494736842,65945.34647368421,65922.76210526316,66125.27410526316,66129.12673684211,66164.38010526316,66184.69336842105,66186.43821052632,66186.79778947368,66188.10457894737,0.6157595450852965,-0.9400403474044507,0.3410632569652134,0.877982975489083,-0.478691857828537,1.0,6.0,32.0
1637954402.0,2.907894736842105,0.3360411842105263,99.73684210526315,963.3684210526316,282.4145650526316,63890.53855263158,63868.69528947368,64064.97928947368,64068.71152631579,64102.89378947368,64122.5722631579,64124.26257894737,64124.61092105263,64125.95384210527,0.6161657189277011,-0.9396428660301565,0.3421568124685429,0.8642748018924885,-0.5030199467354151,1.0,7.0,31.0
1637954418.0,2.894736842105263,0.32618521052631577,96.8421052631579,1064.421052631579,284.41158063157894,61835.730631578954,61814.62847368421,62004.68447368421,62008.29631578948,62041.40747368421,62060.451157894735,62062.08694736842,62062.42405263158,62063.80310526316,0.6165718927701056,-0.9392441125255824,0.3432499047137974,0.8498926930367255,-0.526955795416259,1.0,8.0,30.0
1637954434.0,2.881578947368421,0.31632923684210523,93.94736842105262,1165.4736842105262,286.4085962105263,59780.92271052631,59760.56165789473,59944.38965789473,59947.88110526315,59979.92115789473,59998.33005263157,59999.91131578947,60000.23718421052,60001.65236842105,0.6169780666125102,-0.9388440874156464,0.3443425322621093,0.8348478631782362,-0.5504807402141632,1.0,9.0,29.0
1637954450.0,2.8684210526315788,0.3064732631578947,91.05263157894737,1266.5263157894735,288.40561178947365,57726.11478947368,57706.49484210526,57884.09484210526,57887.46589473684,57918.43484210526,57936.20894736842,57937.73568421052,57938.050315789464,57939.501631578954,0.6173842404549147,-0.9384427912469036,0.3454346936205457,0.8191520443243238,-0.5735764363005869,1.0,10.0,28.0
1637954466.0,2.855263157894737,0.29661728947368415,88.1578947368421,1367.578947368421,290.40262736842107,55671.30686842105,55652.42802631579,55823.800026315796,55827.050684210524,55856.948526315784,55874.08784210526,55875.560052631576,55875.863447368414,55877.35089473685,0.6177904142973193,-0.9380402245626508,0.3465263873104784,0.8028174750791778,-0.5962248751163387,1.0,11.0,27.0
1637954482.0,2.8421052631578942,0.2867613157894736,85.26315789473684,1468.6315789473683,292.39964294736836,53616.49894736841,53598.36121052631,53763.50521052631,53766.635473684204,53795.462210526304,53811.96673684209,53813.38442105262,53813.67657894736,53815.20015789473,0.6181965881397238,-0.9376363879129632,0.3476176118402681,0.7858568931930741,-0.6184083953350968,1.0,12.0,26.0
1637954498.0,2.828947368421052,0.27690534210526313,82.36842105263158,1569.6842105263156,294.3966585263158,51561.691026315784,51544.29439473684,51703.210394736845,51706.22026315789,51733.97589473683,51749.845631578944,51751.208789473676,51751.48971052631,51753.04942105263,0.6186027619821284,-0.9372312818294016,0.348708365773488,0.7682835234522095,-0.6401096996545657,1.0,13.0,25.0
1637954514.0,2.81578947368421,0.2670493684210526,79.47368421052632,1670.7368421052631,296.39367410526313,49506.88310526316,49490.227578947364,49642.91557894737,49645.80505263158,49672.48957894736,49687.72452631578,49689.03315789473,49689.30284210525,49690.89868421053,0.6190089358245329,-0.9368249068806868,0.3497986475788496,0.7501110699354668,-0.6613118649776889,1.0,14.0,24.0
1637954530.0,2.8026315789473686,0.2571933947368421,76.57894736842105,1771.7894736842106,298.39068968421054,47452.075184210524,47436.16076315789,47582.6207631579,47585.389842105265,47611.003263157894,47625.603421052634,47626.85752631579,47627.11597368421,47628.74794736843,0.6194151096669375,-0.9364172635966626,0.3508884558348117,0.731353701763668,-0.6819983599075439,1.0,15.0,23.0
1637954546.0,2.7894736842105265,0.24733742105263157,73.6842105263158,1872.842105263158,300.3877052631579,45397.2672631579,45382.09394736842,45522.32594736843,45524.97463157895,45549.516947368415,45563.48231578947,45564.68189473684,45564.92910526315,45566.59721052632,0.619821283509342,-0.9360083525496112,0.3519777890114132,0.7120260462916536,-0.7021530526902778,1.0,16.0,22.0
1637954562.0,2.776315789473684,0.23748144736842103,70.78947368421052,1973.894736842105,302.3847208421052,43342.45934210526,43328.02713157894,43462.031131578944,43464.559421052625,43488.03063157894,43501.36121052631,43502.50626315789,43502.742236842096,43504.446473684206,0.6202274573517466,-0.9355981742726828,0.3530666456883498,0.6921431739994944,-0.7217602279745716,1.0,17.0,21.0
1637954578.0,2.763157894736842,0.2276254736842105,67.89473684210526,2074.9473684210525,304.3817364210526,41287.65142105263,41273.960315789474,41401.73631578947,41404.14421052631,41426.54431578947,41439.24010526316,41440.330631578945,41440.55536842105,41442.29573684211,0.620633631194151,-0.935186729341719,0.3541550243369963,0.6717205896157343,-0.7408045960213059,1.0,18.0,20.0
1637954594.0,2.75,0.21776949999999998,65.0,2176.0,306.37875199999996,39232.8435,39219.8935,39341.4415,39343.729,39365.058,39377.119,39378.155,39378.3685,39380.145000000004,0.6210398050365556,-0.9347740182983432,0.3552429235246902,0.6507742173765745,-0.7592713072399793,1.0,19.0,19.0
1637954610.0,2.736842105263158,0.20791352631578947,62.10526315789473,2277.052631578947,308.3757675789473,37178.03557894736,37165.82668421052,37281.14668421053,37283.31378947368,37303.571684210525,37314.99789473684,37315.97936842105,37316.18163157895,37317.994263157896,0.6214459788789602,-0.9343600417012586,0.3563303417785556,0.6293203909693925,-0.7771459615221139,1.0,20.0,18.0
1637954626.0,2.7236842105263155,0.19805755263157893,59.210526315789465,2378.1052631578946,310.3727831578947,35123.227657894735,35111.75986842105,35220.85186842105,35222.898578947366,35242.085368421045,35252.87678947368,35253.8037368421,35253.99476315789,35255.84352631579,0.6218521527213647,-0.9339448001264856,0.3574172775855955,0.6073758398129014,-0.7944146204669025,1.0,21.0,17.0
1637954642.0,2.7105263157894735,0.1882015789473684,56.31578947368421,2479.157894736842,312.3697987368421,33068.41973684211,33057.69305263158,33160.55705263158,33162.48336842105,33180.59905263158,33190.755684210526,33191.62810526316,33191.80789473684,33193.69278947369,0.6222583265637693,-0.9335282941154284,0.3585037295286314,0.5849576748764761,-0.8110638190691943,1.0,22.0,16.0
1637954658.0,2.6973684210526314,0.1783456052631579,53.42105263157895,2580.2105263157896,314.36681431578944,31013.611815789478,31003.626236842105,31100.262236842107,31102.06815789474,31119.112736842104,31128.634578947367,31129.45247368421,31129.62102631579,31131.542052631583,0.6226645004061738,-0.9331105242528116,0.3595896960824141,0.562083377918118,-0.8270805742297168,1.0,23.0,15.0
1637954674.0,2.6842105263157894,0.16848963157894734,50.526315789473685,2681.2631578947367,316.3638298947368,28958.80389473684,28949.559421052632,29039.967421052632,29041.65294736842,29057.626421052628,29066.51347368421,29067.27684210526,29067.43415789473,29069.391315789475,0.6230706742485784,-0.932691491083336,0.3606751758310286,0.5387707848640182,-0.8424523970985007,1.0,24.0,14.0
1637954690.0,2.671052631578947,0.1586336578947368,47.63157894736842,2782.315789473684,318.36084547368415,26903.995973684207,26895.492605263156,26979.672605263153,26981.2377368421,26996.14010526315,27004.392368421046,27005.10121052631,27005.24728947368,27007.240578947367,0.6234768480909829,-0.932271195195274,0.3617601672505909,0.5150380749501362,-0.8571673006780286,1.0,25.0,13.0
1637954706.0,2.657894736842105,0.1487776842105263,44.73684210526315,2883.368421052631,320.35786105263156,24849.188052631576,24841.42578947368,24919.377789473685,24920.822526315787,24934.65378947368,24942.27126315789,24942.925578947365,24943.060421052625,24945.089842105263,0.6238830219333875,-0.9318496371366196,0.3628446689264572,0.4909037534386495,-0.8712138112196371,1.0,26.0,12.0
1637954722.0,2.6447368421052633,0.1389217105263158,41.8421052631579,2984.4210526315787,322.3548766315789,22794.38013157895,22787.35897368421,22859.082973684213,22860.407315789475,22873.16747368421,22880.15015789474,22880.749947368422,22880.87355263158,22882.93910526316,0.624289195775792,-0.9314268174991904,0.3639286793361165,0.4663866403520439,-0.8845809752086765,1.0,27.0,11.0
1637954738.0,2.631578947368421,0.12906573684210523,38.94736842105263,3085.4736842105262,324.3518922105263,20739.572210526316,20733.292157894735,20798.788157894738,20799.992105263158,20811.681157894734,20818.02905263158,20818.574315789472,20818.686684210526,20820.788368421054,0.6246953696181966,-0.9310027368395823,0.3650121970526564,0.4415058529981664,-0.8972583695727566,1.0,28.0,10.0
1637954754.0,2.6184210526315788,0.11920976315789472,36.05263157894736,3186.5263157894733,326.3489077894736,18684.764289473682,18679.22534210526,18738.493342105266,18739.57689473684,18750.194842105262,18755.90794736842,18756.398684210526,18756.499815789473,18758.63763157895,0.6251015434606011,-0.9305773957425468,0.3660952205820491,0.4162807926662634,-0.9092361088612504,1.0,29.0,9.0
1637954770.0,2.6052631578947367,0.1093537894736842,33.1578947368421,3287.5789473684213,328.34592336842104,16629.95636842105,16625.15852631579,16678.198526315788,16679.161684210525,16688.70852631579,16693.786842105263,16694.22305263158,16694.31294736842,16696.48689473684,0.6255077173030057,-0.930150794767952,0.3671777484986627,0.3907311286706456,-0.9205048533754524,1.0,30.0,8.0
1637954786.0,2.5921052631578947,0.09949781578947367,30.263157894736842,3388.6315789473683,330.3429389473684,14575.14844736842,14571.091710526316,14617.903710526316,14618.74647368421,14627.222210526315,14631.665736842106,14632.047421052632,14632.126078947367,14634.336157894737,0.6259138911454102,-0.9297229345146946,0.3682597792827571,0.3648767847224758,-0.9310558157117048,1.0,31.0,7.0
1637954802.0,2.5789473684210527,0.08964184210526314,27.368421052631575,3489.6842105263154,332.33995452631575,12520.34052631579,12517.02489473684,12557.608894736843,12558.331263157894,12565.735894736841,12569.544631578947,12569.871789473684,12569.939210526314,12572.18542105263,0.6263200649878148,-0.9292938155406312,0.3693413115235489,0.3387379203996077,-0.940880768898668,1.0,32.0,6.0
1637954818.0,2.56578947368421,0.07978586842105262,24.473684210526315,3590.736842105263,334.3369701052631,10465.532605263157,10462.958078947368,10497.31407894737,10497.916052631579,10504.249578947367,10507.42352631579,10507.696157894736,10507.752342105263,10510.034684210526,0.6267262388302194,-0.928863438448194,0.3704223437026957,0.3123349188735373,-0.9499720514058616,1.0,33.0,5.0
1637954834.0,2.552631578947368,0.0699298947368421,21.57894736842105,3691.78947368421,336.33398568421046,8410.724684210527,8408.891263157895,8437.019263157894,8437.500842105263,8442.763263157894,8445.302421052631,8445.52052631579,8445.56547368421,8447.88394736842,0.6271324126726239,-0.9284318037985212,0.371502874410716,0.2856883675305043,-0.9583225744277108,1.0,34.0,4.0
1637954850.0,2.539473684210526,0.060073921052631575,18.684210526315788,3792.842105263158,338.3310012631579,6355.916763157895,6354.82444736842,6376.724447368421,6377.085631578947,6381.27694736842,6383.181315789473,6383.3448947368415,6383.378605263157,6385.733210526316,0.6275385865150285,-0.9279989121921544,0.3725829021441778,0.2588190449882017,-0.9659258263197,1.0,35.0,3.0
1637954866.0,2.526315789473684,0.05021794736842105,15.789473684210526,3893.894736842105,340.3280168421052,4301.108842105264,4300.757631578947,4316.429631578947,4316.670421052631,4319.790631578947,4321.060210526315,4321.169263157894,4321.191736842105,4323.5824736842105,0.627944760357433,-0.927564764209776,0.3736624254543968,0.2317479035894578,-0.9727758781866928,1.0,36.0,2.0
1637954882.0,2.513157894736842,0.040361973684210524,12.894736842105262,3994.9473684210525,342.3250324210526,2246.3009210526316,2246.6908157894736,2256.1348157894736,2256.2552105263158,2258.3043157894735,2258.9391052631577,2258.9936315789473,2259.0048684210524,2261.4317368421052,0.6283509341998376,-0.9271293604391592,0.3747414428798548,0.2044960516936149,-0.9788673887926403,1.0,37.0,1.0
1637954898.0,2.5,0.030506,10.0,4096.0,344.322048,191.493,192.624,195.84,195.84,196.818,196.818,196.818,196.818,199.281,0.628757108042242,-0.9266927014752468,0.3758199529462336,0.1770847403835019,-0.9841956079577412,0.0,0.0,0.0
1637954914.0,2.5,0.008203,30.0,4096.0,453.169152,478.458,484.307,486.431,487.158,488.264,488.878,488.883,488.883,490.098,0.6291632818846467,-0.9262547878928048,0.3768979542338422,0.1495353432613859,-0.9887563810745796,0.0,0.0,0.0
1637954930.0,2.5,0.008203,40.0,4096.0,486.334464,750.819,751.087,758.212,771.998,773.817,782.625,783.309,783.309,785.842,0.6295694557270511,-0.9258156203066116,0.3779754452292955,0.1218693434368319,-0.9925461516374317,0.0,0.0,0.0
1637954946.0,2.5,0.07894,60.0,4096.0,625.156096,906.955,917.231,937.257,937.89,945.692,949.254,949.579,949.657,949.794,0.6299756295694557,-0.9253751992892668,0.379052424527729,0.0941083131020597,-0.995561964623541,0.0,0.0,0.0
1637954962.0,2.5,0.236517,70.0,4096.0,674.942976,2833.984,2836.812,2863.522,2864.738,2884.892,2887.076,2888.286,2889.02,2893.011,0.6303818034118602,-0.9249335254590692,0.3801288906171922,0.0662739008635399,-0.9978014682612616,0.0,0.0,0.0
1637954978.0,2.5,0.245807,80.0,4096.0,674.942976,1092.674,1090.482,1129.158,1132.349,1143.65,1151.211,1154.955,1155.562,1155.996,0.6307879772542648,-0.924490599391886,0.381204842094157,0.0383878093025805,-0.9992629164023594,0.0,0.0,0.0
1637954994.0,2.5,0.412045,100.0,4096.0,428.224512,1392.604,1391.952,1436.532,1437.208,1439.703,1440.608,1441.147,1451.479,1452.353,0.6311941510966693,-0.9240464217095328,0.3822802774481159,0.0104717845477607,-0.9999451693609932,0.0,0.0,0.0
1637955010.0,2.5,0.337936,110.0,4096.0,432.115712,1486.544,1489.077,1527.704,1534.465,1543.751,1545.88,1546.878,1549.888,1550.575,0.6316003249390739,-0.9236009929967196,0.3833551952634446,-0.0174524062551145,-0.9998476951595712,0.0,0.0,0.0
1637955026.0,2.5,0.482239,130.0,4096.0,444.39552,1912.826,1912.166,1963.264,1966.702,1992.843,1999.039,2005.824,2006.108,2006.551,0.6320064987814785,-0.9231543138620396,0.384429594071407,-0.0453629877311479,-0.9989705698087926,0.0,0.0,0.0
1637955042.0,2.5,0.459007,140.0,4096.0,450.781184,4193.296,4188.935,4239.357,4245.698,4265.806,4279.323,4288.664,4288.916,4291.175,0.632412672623883,-0.922706384910232,0.3855034724174229,-0.0732381969788581,-0.9973144772353834,0.0,0.0,0.0
1637955058.0,2.5,0.492494,150.0,4096.0,459.063296,2215.619,2221.754,2280.661,2284.068,2300.895,2307.323,2318.186,2318.743,2319.99,0.6328188464662876,-0.9222572067533528,0.3865768288341961,-0.1010562968193238,-0.9948807088657236,0.0,0.0,0.0
1637955074.0,2.5,0.492494,160.0,4096.0,466.931712,3066.119,3090.029,3139.552,3149.15,3167.421,3189.327,3195.32,3198.398,3202.733,0.6332250203086921,-0.921806779982648,0.3876496619088193,-0.1287955964623785,-0.9916711623980502,0.0,0.0,0.0
1637955090.0,2.5,0.644328,170.0,4096.0,476.381184,7023.099,7017.266,7096.556,7100.206,7120.444,7125.532,7127.863,7128.597,7132.461,0.6336311941510967,-0.9213551052191497,0.3887219701619779,-0.1564344651717813,-0.9876883405743022,0.0,0.0,0.0
1637955106.0,2.5,0.85553,180.0,4096.0,547.08224,2767.352,2770.359,2833.754,2840.677,2873.904,2889.834,2890.282,2894.965,2896.023,0.6340373679935012,-0.9209021830857044,0.3897937521151199,-0.1839513505310096,-0.982935349164846,0.0,0.0,0.0
1637955122.0,2.5,0.355677,190.0,4096.0,556.662784,2609.302,2601.3,2678.512,2686.202,2730.803,2747.953,2777.386,2778.405,2779.594,0.6344435418359058,-0.9204480141728456,0.3908650063708248,-0.2113247966178477,-0.977415894250971,0.0,0.0,0.0
1637955138.0,2.5,0.638108,200.0,4096.0,566.439936,7735.865,7739.261,7794.799,7818.235,7836.2,7856.722,7858.935,7861.466,7862.416,0.6348497156783103,-0.919992599118172,0.3919357314251792,-0.2385334575299207,-0.9711342799215882,0.0,0.0,0.0
1637955154.0,2.5,0.520722,210.0,4096.0,575.553536,11255.287,11246.383,11335.62,11341.613,11367.938,11388.539,11402.126,11403.084,11404.132,0.6352558895207149,-0.9195359385211864,0.3930059258687595,-0.2655561176788907,-0.964095404181202,0.0,0.0,0.0
1637955170.0,2.5,0.719339,220.0,4096.0,586.571776,12162.414,12158.708,12234.77,12258.921,12296.289,12299.275,12306.316,12318.359,12322.125,0.6356620633631194,-0.9190780330115632,0.3940755882259087,-0.2923717047063992,-0.9563047559680304,0.0,0.0,0.0
1637955186.0,2.5,0.7460715,225.0,4096.0,592.45568,11323.4345,11319.523000000001,11400.3285,11421.583,11453.048999999999,11461.9295,11466.89,11473.2555,11475.775,0.636068237205524,-0.9186188831920364,0.3951447170885824,-0.3189593095181967,-0.9477684099355048,1.0,1.0,1.0
1637955202.0,2.5,0.772804,230.0,4096.0,598.339584,10484.455,10480.338,10565.887,10584.245,10609.809,10624.584,10627.464,10628.152,10629.425,0.6364744110479286,-0.9181584897071976,0.3962133109558508,-0.345298198576473,-0.9384930229148444,0.0,0.0,0.0
1637955218.0,2.5,0.638308,240.0,4096.0,608.31744,12035.727,12042.11,12172.405,12177.113,12202.448,12215.873,12218.817,12219.38,12225.24,0.6368805848903331,-0.9176968531573216,0.39728136843445,-0.3713678353641841,-0.9284858269553286,0.0,0.0,0.0
1637955234.0,2.5,0.799204,250.0,4096.0,622.379008,11227.814,11239.635,11338.875,11347.131,11378.791,11386.315,11393.507,11398.275,11410.876,0.6372867587327377,-0.9172339741904908,0.3983488880249546,-0.3971478902523521,-0.9177546258494728,0.0,0.0,0.0
1637955250.0,2.5,0.7574811578947369,237.36842105263156,4082.5263157894733,626.4769482105262,10653.654105263158,10664.869684210526,10759.143315789472,10766.964789473683,10796.969315789473,10804.097315789475,10810.910789473684,10815.427842105262,10827.458052631579,0.6376929325751421,-0.9167698534102208,0.3994158683355014,-0.4226182615890214,-0.9063077871073786,1.0,1.0,18.0
1637955266.0,2.4999999999999996,0.7157583157894736,224.73684210526312,4069.052631578947,630.5748884210526,10079.494210526314,10090.10436842105,10179.411631578947,10186.798578947368,10215.147631578946,10221.879631578946,10228.314578947367,10232.580684210525,10244.040105263157,0.6380991064175467,-0.916304491468081,0.4004823078681771,-0.4477590874957027,-0.8941542370111633,1.0,2.0,17.0
1637955282.0,2.5,0.6740354736842106,212.1052631578947,4055.578947368421,634.6728286315789,9505.334315789472,9515.33905263158,9599.67994736842,9606.632368421051,9633.325947368421,9639.661947368422,9645.718368421052,9649.73352631579,9660.622157894735,0.6385052802599512,-0.9158378889708246,0.4015482052325267,-0.4725507647506635,-0.8813034521284726,1.0,3.0,16.0
1637955298.0,2.5,0.6323126315789475,199.47368421052633,4042.1052631578946,638.7707688421052,8931.174421052632,8940.573736842105,9019.948263157894,9026.466157894736,9051.504263157894,9057.444263157895,9063.122157894735,9066.886368421052,9077.204210526317,0.6389114541023558,-0.9153700465735058,0.4026135589321573,-0.496973960723269,-0.8677654535431949,1.0,4.0,15.0
1637955314.0,2.5,0.5905897894736841,186.84210526315786,4028.6315789473683,642.8687090526315,8357.01452631579,8365.80842105263,8440.216578947367,8446.299947368421,8469.682578947368,8475.226578947368,8480.52594736842,8484.039210526314,8493.786263157894,0.6393176279447603,-0.9149009648919856,0.4036783675647159,-0.5210096317541004,-0.8535507973281126,1.0,5.0,14.0
1637955330.0,2.4999999999999996,0.548866947368421,174.21052631578945,4015.1578947368416,646.9666492631578,7782.854631578946,7791.0431052631575,7860.484894736841,7866.133736842104,7887.86089473684,7893.008894736841,7897.929736842104,7901.192052631578,7910.368315789473,0.6397238017871649,-0.9144306445612858,0.4047426296885856,-0.5446390351391744,-0.8386705678648018,1.0,6.0,13.0
1637955346.0,2.5,0.5071441052631579,161.57894736842104,4001.6842105263154,651.0645894736841,7208.694736842105,7216.277789473684,7280.753210526315,7285.967526315789,7306.0392105263145,7310.791210526316,7315.333526315789,7318.3448947368415,7326.950368421052,0.6401299756295694,-0.9139590862358212,0.4058063438229896,-0.5678437449968888,-0.8231363685732203,1.0,7.0,12.0
1637955362.0,2.5,0.4654212631578947,148.94736842105263,3988.2105263157896,655.1625296842105,6634.534842105264,6641.512473684211,6701.02152631579,6705.801315789474,6724.217526315789,6728.573526315789,6732.7373157894735,6735.497736842105,6743.532421052632,0.640536149471974,-0.913486290530424,0.4068695085810261,-0.5906056677660265,-0.806960312036872,1.0,8.0,11.0
1637955378.0,2.5,0.4236984210526316,136.3157894736842,3974.736842105263,659.2604698947368,6060.37494736842,6066.747157894736,6121.289842105263,6125.635105263157,6142.395842105262,6146.355842105263,6150.141105263157,6152.650578947368,6160.114473684211,0.6409423233143785,-0.9130122581088426,0.4079321224701388,-0.6129070536251092,-0.7901550123973065,1.0,9.0,10.0
1637955394.0,2.5,0.38197557894736844,123.68421052631578,3961.2631578947367,663.3584101052631,5486.215052631579,5491.981842105263,5541.558157894736,5545.468894736841,5560.574157894736,5564.138157894738,5567.544894736842,5569.803421052631,5576.69652631579,0.6413484971567831,-0.9125369895891342,0.4089941841048604,-0.6347305133676897,-0.7727335733614719,1.0,10.0,9.0
1637955410.0,2.5,0.3402527368421053,111.05263157894736,3947.7894736842104,667.4563503157895,4912.055157894736,4917.216526315789,4961.82647368421,4965.3026842105255,4978.752473684211,4981.920473684211,4984.948684210526,4986.956263157895,4993.278578947368,0.6417546709991877,-0.9120604856385194,0.4100556919941829,-0.6560590289888126,-0.7547095802242452,1.0,11.0,8.0
1637955426.0,2.5,0.29852989473684205,98.42105263157893,3934.315789473684,671.5542905263158,4337.895263157895,4342.451210526316,4382.094789473684,4385.136473684211,4396.930789473684,4399.702789473684,4402.35247368421,4404.109105263157,4409.860631578947,0.6421608448415922,-0.9115827468842604,0.4111166447408161,-0.6768759698645477,-0.7360970869524807,1.0,12.0,7.0
1637955442.0,2.5,0.25680705263157894,85.78947368421052,3920.8421052631575,675.6522307368421,3763.735368421053,3767.685894736842,3802.3631052631576,3804.9702631578944,3815.1091052631573,3817.485105263158,3819.7562631578944,3821.261947368421,3826.4426842105263,0.6425670186839968,-0.911103773979098,0.4121770408951045,-0.6971651025427914,-0.7169106079536689,1.0,13.0,6.0
1637955458.0,2.5,0.2150842105263158,73.1578947368421,3907.368421052631,679.7501709473684,3189.5754736842105,3192.920578947368,3222.6314210526316,3224.8040526315785,3233.287421052631,3235.2674210526316,3237.1600526315788,3238.414789473684,3243.024736842105,0.6429731925264013,-0.910623567571492,0.4132368790214255,-0.7169106075211291,-0.6971651029875818,1.0,14.0,5.0
1637955474.0,2.5,0.17336136842105265,60.52631578947368,3893.8947368421054,683.8481111578948,2615.4155789473684,2618.1552631578948,2642.899736842105,2644.6378421052627,2651.4657368421053,2653.0497368421056,2654.563842105263,2655.5676315789474,2659.606789473684,0.6433793663688059,-0.9101421283176012,0.4142961576716675,-0.7360970868477238,-0.6768759699784699,1.0,15.0,4.0
1637955490.0,2.5,0.13163852631578946,47.89473684210526,3880.4210526315787,687.946051368421,2041.2556842105264,2043.389947368421,2063.168052631579,2064.4716315789474,2069.6440526315787,2070.832052631579,2071.967631578947,2072.7204736842104,2076.188842105263,0.6437855402112104,-0.909659456851138,0.4153548754514537,-0.75470958012271,-0.6560590291056154,1.0,16.0,3.0
1637955506.0,2.4999999999999996,0.08991568421052631,35.26315789473684,3866.947368421052,692.0439915789473,1467.0957894736841,1468.6246315789474,1483.4363684210525,1484.3054210526313,1487.8223684210525,1488.6143684210526,1489.3714210526314,1489.8733157894735,1492.770894736842,0.644191714053615,-0.9091755538497156,0.4164130308744705,-0.7727335732632375,-0.6347305134872819,1.0,17.0,2.0
1637955522.0,2.5,0.04819284210526316,22.63157894736842,3853.4736842105262,696.1419317894737,892.935894736842,893.8593157894737,903.7046842105262,904.1392105263157,906.0006842105263,906.3966842105264,906.7752105263157,907.0261578947368,909.3529473684209,0.6445978878960195,-0.9086904199442613,0.417470622561064,-0.7901550123024497,-0.6129070537473978,1.0,18.0,1.0
1637955538.0,2.5,0.00647,10.0,3840.0,700.239872,318.776,319.094,323.973,323.973,324.179,324.179,324.179,324.179,325.935,0.6450040617384241,-0.9082040558158444,0.4185276490265014,-0.8069603119454668,-0.590605667890916,0.0,0.0,0.0
1637955554.0,2.5,0.025398,30.0,3840.0,764.956672,450.231,449.838,460.953,461.354,464.739,464.985,466.352,466.352,466.635,0.6454102355808286,-0.9077164620986016,0.4195841088926007,-0.8231363684853378,-0.5678437451242817,0.0,0.0,0.0
1637955570.0,2.5,0.025398,40.0,3840.0,217.76384,581.113,581.135,591.247,592.202,596.039,599.128,599.316,599.316,600.142,0.6458164094232332,-0.907227639470935,0.42064000068942,-0.8386705680341279,-0.5446390348784351,0.0,0.0,0.0
1637955586.0,2.5,0.135027,60.0,3840.0,356.6592,1414.712,1427.67,1437.141,1438.949,1448.89,1450.98,1452.693,1453.045,1453.076,0.6462225832656376,-0.9067375885946852,0.4216953229874563,-0.8535507972474784,-0.5210096318862004,0.0,0.0,0.0
1637955602.0,2.5,0.246288,70.0,3840.0,412.377088,1024.925,1022.094,1048.416,1051.192,1063.189,1065.315,1068.176,1070.471,1073.87,0.6466287571080422,-0.9062463101149014,0.4227500743975404,-0.8677654534662805,-0.4969739608575689,0.0,0.0,0.0
1637955618.0,2.5,0.246288,80.0,3840.0,415.399936,1132.617,1131.646,1164.135,1169.195,1176.038,1187.965,1189.096,1190.148,1190.48,0.6470349309504468,-0.9057538047212796,0.423804253438927,-0.8813034520553382,-0.4725507648870586,0.0,0.0,0.0
1637955634.0,2.5,0.43766,100.0,3840.0,433.02912,1400.835,1399.905,1430.917,1435.553,1441.289,1451.142,1459.204,1462.351,1470.25,0.6474411047928513,-0.9052600730559626,0.4248578587371467,-0.8941542369418658,-0.4477590876340867,0.0,0.0,0.0
1637955650.0,2.5,0.371857,110.0,3840.0,436.498432,1564.526,1574.654,1598.455,1599.884,1604.125,1607.26,1616.571,1616.867,1620.275,0.6478472786352559,-0.9047651158120912,0.4259108888130632,-0.906307787041972,-0.4226182617292863,0.0,0.0,0.0
1637955666.0,2.5,0.477054,120.0,3840.0,442.527744,1760.894,1763.5,1807.616,1811.209,1838.077,1852.513,1853.551,1859.932,1861.095,0.6482534524776604,-0.9042689336350048,0.426963342293705,-0.917754625788008,-0.3971478903943886,0.0,0.0,0.0
1637955682.0,2.5,0.577481,140.0,3840.0,455.299072,5937.612,5924.339,5999.089,6013.148,6023.361,6026.26,6027.876,6036.0,6038.173,0.648659626320065,-0.903771527221284,0.4280152177015529,-0.928485826724922,-0.3713678359402413,0.0,0.0,0.0
1637955698.0,2.5,0.365005,150.0,3840.0,456.318976,2190.903,2172.781,2287.878,2292.88,2300.938,2311.574,2312.688,2312.826,2315.194,0.6490658001624695,-0.903272897225706,0.4290665136519965,-0.9384930227006122,-0.345298199158739,0.0,0.0,0.0
1637955714.0,2.5000000000000004,0.3374651538461539,140.00000000000003,3820.3076923076924,467.13241600000003,2048.5771538461536,2031.961923076923,2138.513076923077,2143.1303076923077,2150.7416923076926,2160.5677692307695,2161.5960769230774,2161.723461538462,2163.9634615384616,0.6494719740048741,-0.9027730443295564,0.4301172287085748,-0.9477684098861412,-0.3189593096648783,1.0,1.0,12.0
1637955730.0,2.5000000000000004,0.30992530769230775,130.0,3800.6153846153848,477.9458560000001,1906.2513076923078,1891.1428461538464,1989.1481538461544,1993.3806153846158,2000.5453846153848,2009.5615384615387,2010.5041538461542,2010.6209230769232,2012.7329230769233,0.6498781478472786,-0.902271969209564,0.4311673614487718,-0.9563047559227814,-0.292371704854402,1.0,2.0,11.0
1637955746.0,2.5,0.28238546153846156,120.0,3780.923076923077,488.75929600000006,1763.9254615384614,1750.3237692307694,1839.7832307692308,1843.6309230769232,1850.349076923077,1858.5553076923077,1859.412230769231,1859.5183846153848,1861.5023846153847,0.6502843216896832,-0.9017696725504006,0.4322169104377375,-0.9640954041401032,-0.2655561178280992,1.0,3.0,10.0
1637955762.0,2.5,0.2548456153846154,110.0,3761.2307692307695,499.572736,1621.5996153846152,1609.5046923076923,1690.4183076923077,1693.8812307692308,1700.1527692307693,1707.5490769230769,1708.3203076923076,1708.4158461538461,1710.2718461538461,0.6506904955320877,-0.901266155013235,0.4332658742939022,-0.9711342798846716,-0.2385334576802185,1.0,4.0,9.0
1637955778.0,2.5,0.22730576923076926,100.0,3741.538461538462,510.38617600000003,1479.2737692307692,1468.6856153846154,1541.0533846153849,1544.1315384615386,1549.9564615384616,1556.5428461538463,1557.2283846153848,1557.313307692308,1559.0413076923076,0.6510966693744923,-0.9007614173049456,0.4343142515446456,-0.9774158942182652,-0.2113247967691177,1.0,5.0,8.0
1637955794.0,2.5,0.19976592307692312,90.00000000000001,3721.8461538461543,521.1996160000001,1336.9479230769232,1327.8665384615385,1391.688461538462,1394.3818461538465,1399.760153846154,1405.5366153846157,1406.1364615384618,1406.2107692307695,1407.8107692307694,0.6515028432168968,-0.9002554600836242,0.4353620408230627,-0.9829353491363768,-0.1839513506831339,1.0,6.0,7.0
1637955810.0,2.5000000000000004,0.17222607692307695,80.00000000000001,3702.1538461538466,532.013056,1194.6220769230767,1187.0474615384614,1242.3235384615386,1244.632153846154,1249.5638461538463,1254.5303846153847,1255.0445384615387,1255.1082307692309,1256.5802307692309,0.6519090170593014,-0.8997482840468732,0.4364092406843685,-0.987688340622937,-0.156434464864713,1.0,7.0,6.0
1637955826.0,2.5,0.1446862307692308,70.0,3682.4615384615386,542.826496,1052.2962307692308,1046.2283846153846,1092.9586153846155,1094.8824615384617,1099.3675384615385,1103.524153846154,1103.9526153846155,1104.0056923076925,1105.3496923076923,0.652315190901706,-0.8992398898940673,0.4374558496846347,-0.9916711623781173,-0.1287955966158548,1.0,8.0,5.0
1637955842.0,2.5,0.11714638461538464,60.0,3662.769230769231,553.639936,909.9703846153847,905.4093076923077,943.5936923076924,945.1327692307693,949.1712307692308,952.5179230769231,952.8606923076924,952.9031538461539,954.1191538461538,0.6527213647441105,-0.8987302782944465,0.4385018664461836,-0.9948807088500836,-0.1010562969732968,1.0,9.0,4.0
1637955858.0,2.5,0.08960653846153847,50.00000000000001,3643.0769230769233,564.453376,767.6445384615384,764.5902307692307,794.2287692307693,795.383076923077,798.9749230769232,801.5116923076923,801.7687692307693,801.8006153846154,802.8886153846155,0.6531275385865151,-0.8982194499443018,0.4395472895397672,-0.9973144772240486,-0.0732381971332077,1.0,10.0,3.0
1637955874.0,2.5000000000000004,0.062066692307692316,40.0,3623.3846153846157,575.2668160000001,625.3186923076923,623.7711538461539,644.8638461538462,645.6333846153847,648.7786153846155,650.5054615384615,650.6768461538462,650.698076923077,651.6580769230769,0.6535337124289196,-0.8977074055352205,0.440592117550034,-0.998970569801772,-0.0453629878857538,1.0,11.0,2.0
1637955890.0,2.5,0.03452684615384616,30.0,3603.692307692308,586.080256,482.99284615384613,482.9520769230769,495.4989230769231,495.88369230769234,498.5823076923077,499.4992307692308,499.5849230769231,499.59553846153847,500.42753846153846,0.6539398862713242,-0.8971941457668635,0.4416363490493825,-0.999847695148743,-0.0174524068754465,1.0,12.0,1.0
1637955906.0,2.5,0.006987,20.0,3584.0,596.893696,340.667,342.133,346.134,346.134,348.386,348.493,348.493,348.493,349.197,0.6543460601137286,-0.89667967131483,0.4426799826632422,-0.99994516936749,0.0104717839273682,0.0,0.0,0.0
1637955922.0,2.5,0.0,30.0,3584.0,640.806912,487.735,488.969,494.569,494.676,496.089,497.662,504.58,504.58,506.532,0.6547522339561332,-0.8961639829013808,0.4437230169264761,-0.9992629164261764,0.0383878086826113,0.0,0.0,0.0
1637955938.0,2.5,0.006324,40.0,3584.0,674.267136,612.572,612.494,620.596,620.883,623.261,625.116,627.243,627.243,629.851,0.6551584077985377,-0.8956470811988855,0.4447654504791453,-0.9978014683023798,0.0662739002444774,0.0,0.0,0.0
1637955954.0,2.5,0.007683,60.0,3584.0,813.170688,923.408,916.704,954.745,955.334,967.505,972.603,972.941,973.119,976.413,0.6555645816409423,-0.8951289669330125,0.4458072818577976,-0.9955619646381056,0.0941083129479813,0.0,0.0,0.0
1637955970.0,2.5,0.297702,70.0,3584.0,863.62112,2804.024,2811.681,2832.353,2835.563,2854.764,2855.166,2855.725,2855.82,2867.005,0.6559707554833468,-0.8946096407792945,0.4468485097040626,-0.9925461516562928,0.1218693432832203,0.0,0.0,0.0
1637955986.0,2.5,0.312197,90.0,3584.0,875.925504,1270.708,1275.275,1303.679,1308.239,1323.647,1326.759,1332.869,1334.797,1335.284,0.6563769293257514,-0.8940891034668034,0.4478891325561805,-0.9887563810977226,0.1495353431083607,0.0,0.0,0.0
1637956002.0,2.5,0.319871,100.0,3584.0,875.925504,1390.951,1385.312,1428.45,1435.404,1448.33,1450.45,1462.186,1462.426,1462.883,0.656783103168156,-0.8935673556807637,0.4489291490443537,-0.9841956079851476,0.1770847402311826,0.0,0.0,0.0
1637956018.0,2.5000000000000004,0.2960053076923077,93.84615384615384,3564.3076923076924,851.7518572307694,1307.3684615384616,1302.373846153846,1342.5116923076923,1348.930769230769,1361.0264615384617,1363.0213076923078,1373.8545384615384,1374.076076923077,1374.6350769230771,0.6571892770105605,-0.8930443981340489,0.4499685577475323,-0.9788673888242894,0.2044960515421202,1.0,1.0,12.0
1637956034.0,2.5000000000000004,0.27213961538461545,87.69230769230771,3544.6153846153848,827.5782104615386,1223.7859230769232,1219.4356923076923,1256.5733846153848,1262.4575384615387,1273.722923076923,1275.5926153846156,1285.523076923077,1285.726153846154,1286.3871538461542,0.6575954508529651,-0.8925202315346678,0.4510073572585076,-0.9727758782225592,0.2317479034389059,1.0,2.0,11.0
1637956050.0,2.5,0.2482739230769231,81.53846153846155,3524.923076923077,803.4045636923078,1140.2033846153847,1136.4975384615384,1170.635076923077,1175.9843076923078,1186.4193846153846,1188.163923076923,1197.1916153846153,1197.3762307692307,1198.1392307692308,0.6580016246953696,-0.8919948565856876,0.4520455461838759,-0.9659258262392342,0.2588190452885042,1.0,3.0,10.0
1637956066.0,2.5,0.22440823076923078,75.38461538461539,3505.230769230769,779.230916923077,1056.620846153846,1053.5593846153845,1084.6967692307692,1089.5110769230769,1099.1158461538462,1100.7352307692308,1108.8601538461537,1109.0263076923077,1109.8913076923077,0.6584077985377742,-0.8914682740181243,0.4530831230791391,-0.9583225744719256,0.2856883673821893,1.0,4.0,9.0
1637956082.0,2.5,0.2005425384615385,69.23076923076923,3485.538461538462,755.0572701538462,973.0383076923077,970.6212307692307,998.7584615384617,1003.0378461538462,1011.8123076923076,1013.3065384615386,1020.5286923076923,1020.6763846153847,1021.6433846153847,0.6588139723801787,-0.8909404845185519,0.4541200865914741,-0.9499720514542002,0.3123349187265146,1.0,5.0,8.0
1637956098.0,2.5,0.17667684615384618,63.07692307692309,3465.8461538461543,730.8836233846155,889.4557692307694,887.683076923077,912.820153846154,916.5646153846155,924.5087692307694,925.8778461538463,932.1972307692308,932.3264615384617,933.3954615384617,0.6592201462225833,-0.8904114888279236,0.4551564352651078,-0.9408807689510932,0.3387379202539921,1.0,6.0,7.0
1637956114.0,2.5000000000000004,0.15281115384615385,56.92307692307693,3446.1538461538466,706.7099766153847,805.8732307692308,804.744923076923,826.8818461538463,830.0913846153846,837.2052307692309,838.449153846154,843.8657692307693,843.9765384615386,845.1475384615386,0.6596263200649878,-0.8898812876425983,0.4561921677358689,-0.9310558157681752,0.3648767845783807,1.0,7.0,6.0
1637956130.0,2.5,0.12894546153846154,50.769230769230774,3426.4615384615386,682.5363298461539,722.2906923076923,721.8067692307692,740.9435384615385,743.618153846154,749.9016923076923,751.0204615384616,755.5343076923077,755.6266153846154,756.8996153846155,0.6600324939073924,-0.8893498816869996,0.4572272825885609,-0.9205048536178724,0.3907311280995399,1.0,8.0,5.0
1637956146.0,2.5,0.10507976923076924,44.61538461538461,3406.769230769231,658.3626830769231,638.7081538461539,638.8686153846154,655.0052307692308,657.1449230769231,662.5981538461539,663.5917692307693,667.2028461538462,667.2766923076923,668.6516923076923,0.6604386677497969,-0.8888172716805742,0.4582617784217884,-0.909236109119522,0.4162807921021492,1.0,9.0,4.0
1637956162.0,2.5,0.08121407692307693,38.46153846153846,3387.0769230769233,634.1890363076924,555.1256153846153,555.9304615384615,569.0669230769231,570.6716923076923,575.2946153846154,576.163076923077,578.8713846153846,578.9267692307693,580.4037692307693,0.6608448415922015,-0.8882834583510826,0.4592956538220676,-0.8972583698466785,0.4415058524414835,1.0,10.0,3.0
1637956178.0,2.5000000000000004,0.05734838461538462,32.30769230769231,3367.3846153846157,610.0153895384616,471.54307692307697,472.9923076923077,483.12861538461544,484.1984615384616,487.99107692307695,488.73438461538467,490.5399230769231,490.5768461538462,492.1558461538462,0.661251015434606,-0.8877484424011796,0.4603289074284599,-0.884580975280857,0.4663866402151415,1.0,11.0,2.0
1637956194.0,2.5,0.03348269230769231,26.153846153846153,3347.692307692308,585.8417427692308,387.9605384615385,390.05415384615384,397.1903076923077,397.7252307692308,400.6875384615385,401.30569230769237,402.20846153846156,402.22692307692313,403.9079230769231,0.6616571892770106,-0.8872122245819639,0.4613615377904002,-0.871213811295612,0.4909037533038158,1.0,12.0,1.0
1637956210.0,2.5,0.009617,20.0,3328.0,561.668096,304.378,307.116,311.252,311.252,313.384,313.877,313.877,313.877,315.66,0.6620633631194152,-0.886674805592572,0.462393543561515,-0.8571673007577386,0.5150380748174764,0.0,0.0,0.0
1637956226.0,2.5,0.00667,30.0,3328.0,605.75744,470.718,472.923,478.375,479.914,482.101,482.21,483.317,483.317,483.422,0.6624695369618196,-0.8861361861874761,0.4634249232929911,-0.8424523971818837,0.5387707847336358,0.0,0.0,0.0
1637956242.0,2.5,0.02543,50.0,3328.0,727.867392,722.688,730.939,735.736,738.641,742.133,742.532,744.027,744.027,745.13,0.6628757108042242,-0.885596367068944,0.4644556756400854,-0.8270805743167078,0.5620833777901146,0.0,0.0,0.0
1637956258.0,2.5,0.094993,60.0,3328.0,777.998336,930.35,930.645,958.472,958.704,968.823,975.838,976.368,977.012,978.625,0.6632818846466287,-0.8850553489948173,0.4654857991557445,-0.8110638191597255,0.5849576747509516,0.0,0.0,0.0
1637956274.0,2.5,0.260923,80.0,3328.0,836.800512,1124.078,1121.676,1159.325,1165.184,1174.939,1178.432,1179.231,1179.576,1180.105,0.6636880584890333,-0.88451313267728,0.4665152924839917,-0.7944146205609031,0.6073758396899537,0.0,0.0,0.0
1637956290.0,2.5,0.260923,90.0,3328.0,841.576448,1241.18,1245.553,1283.295,1284.546,1294.223,1295.637,1296.528,1296.764,1303.888,0.6640942323314378,-0.8839697188503695,0.4675441542310188,-0.7771459613264607,0.6293203912110041,0.0,0.0,0.0
1637956306.0,2.5,0.363996,100.0,3328.0,841.576448,1485.728,1480.679,1526.705,1530.711,1549.607,1553.867,1563.721,1567.188,1567.32,0.6645004061738424,-0.8834251082702002,0.4685723829653057,-0.7592713073406965,0.6507742172590656,0.0,0.0,0.0
1637956322.0,2.5,0.251235,120.0,3328.0,436.781056,1715.439,1729.286,1770.792,1776.646,1782.487,1784.824,1787.768,1790.444,1792.546,0.6649065800162469,-0.8828793016468514,0.4695999773462176,-0.7408045961252648,0.6717205895010835,0.0,0.0,0.0
1637956338.0,2.5000000000000004,0.23265415384615384,112.3076923076923,3308.3076923076924,447.59985230769234,1609.4149230769233,1622.276,1660.8845384615383,1666.2882307692307,1671.901153846154,1674.0944615384617,1676.8120000000001,1679.2821538461537,1681.266,0.6653127538586515,-0.8823322997465703,0.4706269359311346,-0.7217602280816913,0.692143173887791,1.0,1.0,12.0
1637956354.0,2.5000000000000004,0.2140733076923077,104.61538461538463,3288.615384615385,458.41864861538465,1503.3908461538465,1515.2660000000003,1550.9770769230772,1555.9304615384617,1561.315307692308,1563.3649230769233,1565.8560000000002,1568.120307692308,1569.9860000000003,0.665718927701056,-0.8817841032825545,0.4716532573810778,-0.7021530528004747,0.7120260461829846,1.0,2.0,11.0
1637956370.0,2.5,0.19549246153846153,96.92307692307692,3268.923076923077,469.2374449230769,1397.3667692307693,1408.256,1441.0696153846154,1445.5726923076925,1450.7294615384617,1452.6353846153847,1454.9,1456.9584615384615,1458.7060000000001,0.6661251015434606,-0.8812347130244061,0.4726789402552144,-0.6819983603612951,0.7313537013405381,1.0,3.0,10.0
1637956386.0,2.5,0.17691161538461536,89.23076923076924,3249.2307692307695,480.05624123076916,1291.3426923076922,1301.246,1331.1621538461538,1335.214923076923,1340.1436153846155,1341.9058461538461,1343.944,1345.7966153846153,1347.4260000000002,0.6665312753858651,-0.8806841296884363,0.4737039832162291,-0.6613118654430777,0.7501110695251715,1.0,4.0,9.0
1637956402.0,2.5,0.15833076923076922,81.53846153846155,3229.5384615384614,490.8750375384615,1185.3186153846154,1194.236,1221.2546923076923,1224.8571538461538,1229.5577692307695,1231.1763076923078,1232.988,1234.6347692307693,1236.1460000000002,0.6669374492282697,-0.8801323540475986,0.4747283848250835,-0.6401096997734692,0.7682835233531428,1.0,5.0,8.0
1637956418.0,2.5,0.1397499230769231,73.84615384615385,3209.8461538461543,501.69383384615384,1079.2945384615387,1087.2260000000003,1111.347230769231,1114.4993846153848,1118.9719230769233,1120.4467692307694,1122.0320000000002,1123.4729230769233,1124.8660000000002,0.6673436230706743,-0.8795793868282371,0.4757521437333334,-0.6184083954567201,0.785856893097366,1.0,6.0,7.0
1637956434.0,2.5000000000000004,0.12116907692307692,66.15384615384616,3190.1538461538466,512.5126301538462,973.2704615384616,980.2160000000001,1001.4397692307692,1004.1416153846154,1008.386076923077,1009.7172307692309,1011.0760000000001,1012.3110769230769,1013.5860000000001,0.6677497969130788,-0.8790252287858829,0.476775258542142,-0.596224875240587,0.8028174749869029,1.0,7.0,6.0
1637956450.0,2.5,0.10258823076923076,58.46153846153846,3170.4615384615386,523.3314264615384,867.2463846153846,873.206,891.5323076923077,893.7838461538462,897.8002307692308,898.9876923076923,900.12,901.1492307692307,902.3060000000002,0.6681559707554834,-0.8784698806707852,0.4777977278663601,-0.5735764364273631,0.8191520442355541,1.0,8.0,5.0
1637956466.0,2.5,0.08400738461538461,50.769230769230774,3150.7692307692305,534.1502227692307,761.2223076923077,766.196,781.6248461538462,783.426076923077,787.2143846153847,788.2581538461538,789.164,789.9873846153846,791.0260000000001,0.6685621445978879,-0.8779133432417731,0.4788195503089371,-0.5504807403433686,0.8348478630930409,1.0,9.0,4.0
1637956482.0,2.5,0.06542653846153845,43.07692307692308,3131.0769230769233,544.969019076923,655.1982307692308,659.186,671.7173846153846,673.0683076923077,676.6285384615385,677.5286153846155,678.2080000000001,678.8255384615385,679.7460000000001,0.6689683184402925,-0.877355617231414,0.4798407245247995,-0.5269557955477929,0.8498926929551711,1.0,10.0,3.0
1637956498.0,2.5000000000000004,0.0468456923076923,35.38461538461539,3111.3846153846157,555.7878153846154,549.1741538461539,552.176,561.8099230769232,562.7105384615385,566.0426923076924,566.799076923077,567.2520000000001,567.6636923076924,568.4660000000001,0.669374492282697,-0.876796703422689,0.4808612490803404,-0.5030199468691747,0.8642748018146384,1.0,11.0,2.0
1637956514.0,2.5,0.028264846153846154,27.692307692307693,3091.6923076923076,566.6066116923076,443.15007692307694,445.16600000000005,451.9024615384616,452.35276923076924,455.4568461538462,456.06953846153846,456.296,456.50184615384615,457.18600000000004,0.6697806661251016,-0.8762366025443261,0.48188112264497,-0.4786918579644183,0.8779829754149981,1.0,12.0,1.0
1637956530.0,2.5,0.009684,20.0,3072.0,577.425408,337.126,338.156,341.995,341.995,344.871,345.34,345.34,345.34,345.906,0.670186839967506,-0.8756753153756132,0.4829003437996502,-0.4539904995415462,0.8910065242892542,0.0,0.0,0.0
1637956546.0,2.5,0.023134,30.0,3072.0,621.273088,476.166,475.182,481.439,481.779,484.548,485.172,488.556,488.556,488.989,0.6705930138099107,-0.8751128426694542,0.4839189111772623,-0.4289351333978146,0.9033352928658324,0.0,0.0,0.0
1637956562.0,2.5,0.080481,50.0,3072.0,743.337984,742.578,750.077,762.234,765.403,771.777,775.744,776.729,776.729,777.099,0.6709991876523151,-0.8745491851873557,0.4849368233988137,-0.4035452961188523,0.9149596679528272,0.0,0.0,0.0
1637956578.0,2.5,0.132456,60.0,3072.0,793.587712,947.634,948.031,974.725,975.988,983.478,984.238,985.024,985.154,985.259,0.6714053614947197,-0.8739843436994997,0.4859540790734807,-0.3778407867824281,0.925870584824702,0.0,0.0,0.0
1637956594.0,2.5,0.249673,80.0,3072.0,853.643264,1128.545,1133.864,1151.66,1155.357,1161.379,1163.469,1171.129,1171.55,1172.437,0.6718115353371243,-0.8734183189493852,0.4869706768622009,-0.3518416481348674,0.9360595358403974,0.0,0.0,0.0
1637956610.0,2.5,0.249673,90.0,3072.0,853.643264,1628.95,1629.91,1659.039,1660.298,1669.15,1671.622,1681.083,1681.991,1682.307,0.6722177091795288,-0.8728511117316432,0.4879866153377923,-0.3255681548294209,0.945518575471136,0.0,0.0,0.0
1637956626.0,2.5000000000000004,0.2312083076923077,84.61538461538461,3052.3076923076924,830.8672984615386,1530.836230769231,1531.5139230769232,1559.1653076923078,1560.3274615384616,1568.6640769230771,1570.9748461538463,1579.7080769230772,1580.546230769231,1580.9234615384617,0.6726238830219334,-0.8722827227858153,0.4890018931756446,-0.2990407923938527,0.9542403284731036,1.0,1.0,12.0
1637956642.0,2.5000000000000004,0.21274361538461542,79.23076923076924,3032.6153846153848,808.0913329230771,1432.7224615384619,1433.1178461538464,1459.2916153846154,1460.3569230769233,1468.1781538461541,1470.3276923076926,1478.3331538461541,1479.1014615384618,1479.5399230769233,0.6730300568643379,-0.8717131529098517,0.4900165089504285,-0.2722802473876385,0.962217993431076,1.0,2.0,11.0
1637956658.0,2.5,0.19427892307692307,73.84615384615385,3012.923076923077,785.3153673846155,1334.6086923076925,1334.7217692307693,1359.417923076923,1360.3863846153845,1367.692230769231,1369.6805384615386,1376.958230769231,1377.6566923076925,1378.1563846153847,0.6734362307067425,-0.8711424028463745,0.4910304613392584,-0.2453073859867502,0.969445349867824,1.0,3.0,10.0
1637956674.0,2.5,0.17581423076923078,68.46153846153847,2993.230769230769,762.5394018461539,1236.494923076923,1236.3256923076924,1259.5442307692308,1260.4158461538461,1267.2063076923077,1269.0333846153846,1275.5833076923077,1276.2119230769229,1276.772846153846,0.673842404549147,-0.8705704733966485,0.492043748918666,-0.2181432417163204,0.9759167618672686,1.0,4.0,9.0
1637956690.0,2.5,0.15734953846153849,63.07692307692308,2973.538461538462,739.7634363076924,1138.381153846154,1137.9296153846155,1159.6705384615386,1160.4453076923078,1166.7203846153848,1168.386230769231,1174.2083846153846,1174.7671538461539,1175.3893076923077,0.6742485783915516,-0.8699973653135472,0.4930563703548371,-0.190808995453433,0.9816271834327184,1.0,5.0,8.0
1637956706.0,2.5,0.1388848461538462,57.6923076923077,2953.8461538461543,716.9874707692309,1040.2673846153848,1039.5335384615387,1059.7968461538462,1060.4747692307694,1066.2344615384618,1067.7390769230772,1072.8334615384617,1073.3223846153849,1074.0057692307694,0.6746547522339561,-0.8694230793801211,0.4940683242641523,-0.1633259625323125,0.986572161558846,1.0,6.0,7.0
1637956722.0,2.5000000000000004,0.12042015384615386,52.307692307692314,2934.153846153846,694.2115052307693,942.1536153846155,941.1374615384616,959.9231538461539,960.5042307692308,965.7485384615386,967.0919230769232,971.4585384615386,971.8776153846155,972.6222307692309,0.6750609260763607,-0.8688476163738703,0.4950796092765727,-0.13571557247919,0.9907478404652952,1.0,7.0,6.0
1637956738.0,2.5,0.10195546153846154,46.92307692307693,2914.4615384615386,671.4355396923077,844.0398461538463,842.7413846153846,860.0494615384615,860.5336923076923,865.2626153846155,866.4447692307692,870.0836153846154,870.4328461538462,871.2386923076923,0.6754670999187652,-0.8682709770811072,0.49609022401033,-0.1079993559661167,0.99415096394406,1.0,8.0,5.0
1637956754.0,2.5,0.08349076923076924,41.53846153846154,2894.769230769231,648.6595741538462,745.926076923077,744.3453076923078,760.1757692307692,760.5631538461538,764.7766923076923,765.7976153846155,768.7086923076923,768.988076923077,769.8551538461539,0.6758732737611698,-0.8676931622608608,0.4971001671351032,-0.0801989243411016,0.996778878455262,1.0,9.0,4.0
1637956770.0,2.5,0.06502607692307692,36.15384615384615,2875.0769230769233,625.8836086153847,647.8123076923077,645.9492307692308,660.3020769230769,660.5926153846154,664.2907692307693,665.1504615384616,667.3337692307693,667.5433076923077,668.4716153846155,0.6762794476035743,-0.8671141727098172,0.498109437258289,-0.052335956006209,0.9986295347669806,1.0,10.0,3.0
1637956786.0,2.5000000000000004,0.04656138461538462,30.769230769230774,2855.3846153846157,603.1076430769231,549.6985384615385,547.5531538461539,560.4283846153846,560.622076923077,563.8048461538463,564.5033076923078,565.9588461538463,566.0985384615385,567.088076923077,0.6766856214459789,-0.8665340092263706,0.4991180329882625,-0.024432178131919,0.9997014897816898,1.0,11.0,2.0
1637956802.0,2.5,0.028096692307692312,25.384615384615387,2835.6923076923076,580.3316775384616,451.58476923076927,449.15707692307694,460.55469230769233,460.65153846153845,463.3189230769231,463.8561538461539,464.5839230769231,464.6537692307693,465.7045384615385,0.6770917952883835,-0.8659526725669552,0.500125953009987,0.0034906516853043,0.9999939076568476,1.0,12.0,1.0
1637956818.0,2.5,0.009632,20.0,2816.0,557.555712,353.471,350.761,360.681,360.681,362.833,363.209,363.209,363.209,364.321,0.677497969130788,-0.8653701635476984,0.5011331959084627,0.0314107591318646,0.9995065603640428,0.0,0.0,0.0
1637956834.0,2.5,0.007301,30.0,2816.0,601.464832,434.148,435.288,441.946,442.026,443.907,444.475,445.392,445.392,450.264,0.6779041429731926,-0.8647864829353996,0.5021397603578329,0.0593063738785328,0.9982398279057892,0.0,0.0,0.0
1637956850.0,2.5,0.028908,50.0,2816.0,723.546112,750.139,751.339,763.89,764.962,767.409,767.613,771.658,771.658,773.846,0.6783103168155971,-0.8642016315348772,0.5031456449701779,0.087155742370224,0.9961946981247668,0.0,0.0,0.0
1637956866.0,2.5,0.10845,60.0,2816.0,773.885952,1005.099,952.085,1045.234,1100.345,1187.487,1206.89,1208.559,1209.637,1256.538,0.6787164906580017,-0.8636156101159701,0.5041508484214032,0.1149371503641911,0.9933727656152846,0.0,0.0,0.0
1637956882.0,2.5,0.252688,70.0,2816.0,824.336384,2531.23,2532.455,2573.652,2574.756,2581.423,2592.568,2597.053,2598.452,2621.746,0.6791226645004061,-0.8630284195013825,0.505155369300323,0.1426289333631942,0.9897762309571176,0.0,0.0,0.0
1637956898.0,2.5,0.251542,90.0,2816.0,833.880064,1249.838,1248.027,1294.104,1295.088,1298.664,1299.637,1312.239,1313.387,1317.12,0.6795288383428107,-0.8624400604567107,0.5061592062972136,0.1702094990709294,0.9854078984999172,0.0,0.0,0.0
1637956914.0,2.5,0.435725,100.0,2816.0,433.348608,1443.905,1439.325,1494.448,1494.813,1498.305,1507.955,1508.299,1508.758,1509.655,0.6799350121852152,-0.8618505338079407,0.5071623580028073,0.1976573400724671,0.9802711746835552,0.0,0.0,0.0
1637956930.0,2.5,0.405008,120.0,2816.0,444.522496,1701.522,1701.208,1747.815,1748.793,1769.119,1773.256,1787.625,1787.891,1788.722,0.6803411860276198,-0.8612598403237146,0.5081648231091656,0.2249510542820033,0.9743700647995172,0.0,0.0,0.0
1637956946.0,2.5,0.458007,130.0,2816.0,450.383872,1875.711,1874.698,1931.283,1934.961,1952.373,1961.717,1963.559,1967.875,1972.996,0.6807473598700243,-0.8606679808332958,0.5091666002089471,0.2520693579723406,0.9677091705525024,0.0,0.0,0.0
1637956962.0,2.5,0.529855,140.0,2816.0,452.083712,3744.502,3742.127,3812.626,3813.272,3827.95,3834.961,3849.123,3849.671,3850.967,0.6811535337124289,-0.8600749561083677,0.5101676879960053,0.2789911060099727,0.9602936856854428,0.0,0.0,0.0
1637956978.0,2.5000000000000004,0.4931153076923077,130.0,2796.307692307693,457.6580529230769,3470.7325384615388,3468.474153846154,3534.1657692307695,3534.762076923077,3548.3444615384615,3554.8161538461536,3567.8887692307694,3568.3946153846155,3569.610923076923,0.6815597075548334,-0.8594807669814666,0.5111680850649325,0.3056953047281338,0.95212939281758,1.0,1.0,12.0
1637956994.0,2.5000000000000004,0.4563756153846154,120.00000000000001,2776.6153846153848,463.2323938461539,3196.963076923077,3194.821307692308,3255.705538461539,3256.252153846154,3268.7389230769236,3274.671307692308,3286.654538461539,3287.118230769231,3288.2548461538468,0.681965881397238,-0.8588854142347665,0.512167790098883,0.3321611318861144,0.943222657946752,1.0,2.0,11.0
1637957010.0,2.5,0.4196359230769231,110.0,2756.923076923077,468.8067347692308,2923.1936153846154,2921.1684615384615,2977.245307692308,2977.742230769231,2989.133384615385,2994.5264615384613,3005.4203076923077,3005.8418461538463,3006.898769230769,0.6823720552396426,-0.8582888986742453,0.5131668017443753,0.3583679497804675,0.9335804264069296,1.0,3.0,10.0
1637957026.0,2.5,0.38289623076923074,100.0,2737.230769230769,474.3810756923077,2649.424153846154,2647.515615384615,2698.785076923077,2699.2323076923076,2709.527846153846,2714.3816153846155,2724.186076923077,2724.5654615384615,2725.5426923076925,0.6827782290820471,-0.8576912211299011,0.5141651186114232,0.3842953226926504,0.9232102170993082,1.0,4.0,9.0
1637957042.0,2.5,0.3461565384615385,90.0,2717.538461538462,479.95541661538465,2375.6546923076926,2373.862769230769,2420.3248461538465,2420.7223846153847,2429.9223076923076,2434.2367692307694,2442.9518461538464,2443.289076923077,2444.1866153846154,0.6831844029244517,-0.8570923823810036,0.515162739398392,0.4099230341014547,0.9121201160554774,1.0,5.0,8.0
1637957058.0,2.5,0.3094168461538462,80.00000000000001,2697.8461538461543,485.52975753846164,2101.885230769231,2100.2099230769236,2141.864615384616,2142.212461538462,2150.3167692307693,2154.091923076923,2161.717615384616,2162.0126923076923,2162.830538461539,0.6835905767668562,-0.8564923832682508,0.5161596627047407,0.4352310990148469,0.9003187715750064,1.0,6.0,7.0
1637957074.0,2.5000000000000004,0.2726771538461539,70.0,2678.1538461538466,491.1040984615385,1828.1157692307693,1826.557076923077,1863.4043846153847,1863.7025384615386,1870.711230769231,1873.947076923077,1880.483384615385,1880.736307692308,1881.4744615384616,0.6839967506092608,-0.8558912245739393,0.5171558872306518,0.4601997846527053,0.8878153852043811,1.0,7.0,6.0
1637957090.0,2.5,0.23593746153846154,60.0,2658.4615384615386,496.67843938461544,1554.3463076923076,1552.904230769231,1584.944153846154,1585.1926153846155,1591.1056923076924,1593.8022307692306,1599.2491538461538,1599.4599230769231,1600.1183846153847,0.6844029244516653,-0.8552889071420241,0.5181514115775447,0.4848096199279427,0.8746197073158847,1.0,8.0,5.0
1637957106.0,2.5,0.19919776923076923,50.0,2638.769230769231,502.2527803076923,1280.5768461538462,1279.2513846153847,1306.4839230769232,1306.6826923076924,1311.5001538461538,1313.6573846153847,1318.0149230769232,1318.1835384615385,1318.7623076923078,0.6848090982940699,-0.8546854317653789,0.5191462344349883,0.5090414156516481,0.8607420270623284,1.0,9.0,4.0
1637957122.0,2.5,0.16245807692307693,40.0,2619.0769230769233,507.8271212307693,1006.8073846153846,1005.5985384615385,1028.0236923076923,1028.1727692307693,1031.8946153846155,1033.5125384615385,1036.7806923076923,1036.907153846154,1037.406230769231,0.6852152721364744,-0.8540807992685475,0.5201403544436819,0.5328762757906275,0.8461931663039539,1.0,10.0,3.0
1637957138.0,2.5000000000000004,0.12571838461538462,30.000000000000004,2599.3846153846157,513.4014621538463,733.0379230769231,731.9456923076923,749.5634615384616,749.6628461538462,752.2890769230769,753.3676923076923,755.5464615384616,755.6307692307693,756.0501538461539,0.685621445978879,-0.8534750104701148,0.521133770257731,0.5562956154324359,0.8309844693197626,1.0,11.0,2.0
1637957154.0,2.5,0.08897869230769231,20.0,2579.6923076923076,518.9758030769232,459.26846153846157,458.29284615384614,471.1032307692308,471.15292307692306,472.6835384615385,473.2228461538462,474.31223076923084,474.3543846153847,474.6940769230769,0.6860276198212835,-0.8528680661978287,0.5221264805197836,0.579281172099777,0.8151277959011756,1.0,12.0,1.0
1637957170.0,2.5,0.052239,10.0,2560.0,524.550144,185.499,184.64,192.643,192.643,193.078,193.078,193.078,193.078,193.338,0.6864337936636881,-0.8522599672506103,0.5231184839230868,0.6018150231131943,0.7986355100765713,0.0,0.0,0.0
1637957186.0,2.5,0.080892,30.0,2560.0,624.070656,481.614,481.873,489.195,489.915,501.735,501.869,502.787,502.787,503.129,0.6868399675060926,-0.8516507144821577,0.5241097790749858,0.623879596502307,0.7815204725841279,0.0,0.0,0.0
1637957202.0,2.5,0.031329,40.0,2560.0,688.836608,579.89,575.549,593.453,594.444,604.681,605.542,606.738,606.738,607.352,0.6872461413484972,-0.8510403086868327,0.5251003646830009,0.6454576877120141,0.7637960286447293,0.0,0.0,0.0
1637957218.0,2.5,0.031329,50.0,2560.0,730.58304,808.727,808.413,826.093,827.724,830.789,832.15,842.673,842.673,843.196,0.6876523151909018,-0.8504287507215722,0.5260902393564683,0.6665324700765415,0.7454759998374625,0.0,0.0,0.0
1637957234.0,2.5,0.236785,70.0,2560.0,858.554368,1097.897,1099.262,1116.879,1120.979,1125.857,1126.903,1127.773,1128.079,1128.711,0.6880584890333062,-0.8498160413837434,0.5270794018047601,0.6870875108170615,0.7265746709590242,0.0,0.0,0.0
1637957250.0,2.5,0.380918,80.0,2560.0,869.208064,1307.162,1322.79,1346.159,1353.246,1369.37,1376.968,1378.47,1379.586,1388.334,0.6884646628757108,-0.8492021815258328,0.5280678506515677,0.7071067813751588,0.7071067809979362,0.0,0.0,0.0
1637957266.0,2.5,0.338755,100.0,2560.0,433.164288,1395.052,1404.237,1434.053,1436.528,1444.342,1446.764,1447.21,1447.981,1448.076,0.6888708367181153,-0.8485871719789609,0.5290555845587015,0.726574671005617,0.6870875107677911,0.0,0.0,0.0
1637957282.0,2.5,0.338755,110.0,2560.0,435.99872,1493.25,1485.499,1538.677,1540.838,1554.22,1554.934,1562.247,1564.31,1568.533,0.6892770105605199,-0.847971013552665,0.5300426022259588,0.7454759998826614,0.6665324700259891,0.0,0.0,0.0
1637957298.0,2.5,0.255086,120.0,2560.0,442.109952,3447.744,3457.904,3492.669,3493.695,3509.544,3515.719,3521.119,3521.978,3523.409,0.6896831844029244,-0.8473537071119583,0.5310289022676841,0.7637960283879344,0.6454576880158898,0.0,0.0,0.0
1637957314.0,2.5,0.430928,140.0,2560.0,455.409664,1917.518,1922.895,1974.015,1980.459,1996.499,2001.637,2010.129,2010.295,2011.781,0.690089358245329,-0.8467352534617029,0.5320144833979108,0.7815204723359179,0.6238795968132342,0.0,0.0,0.0
1637957330.0,2.5,0.487912,150.0,2560.0,462.782464,2128.725,2122.895,2190.399,2197.282,2220.104,2230.314,2231.358,2231.482,2238.195,0.6904955320877335,-0.8461156534701338,0.5329993442330003,0.7986355098371397,0.601815023430931,0.0,0.0,0.0
1637957346.0,2.5,0.292309,160.0,2560.0,470.073344,2248.143,2234.716,2312.838,2319.863,2348.079,2362.821,2364.292,2365.663,2368.481,0.6909017059301381,-0.8454949079451041,0.5339834834888624,0.8151277956707089,0.5792811724240751,0.0,0.0,0.0
1637957362.0,2.5,0.703796,170.0,2560.0,479.367168,5822.026,5820.036,5892.917,5896.827,5917.775,5921.194,5922.878,5923.041,5926.641,0.6913078797725426,-0.844873017758066,0.5349668997838826,0.8309844690984408,0.5562956157630424,0.0,0.0,0.0
1637957378.0,2.5,0.761468,180.0,2560.0,547.332096,2626.47,2622.831,2685.288,2696.837,2735.245,2751.822,2764.969,2778.545,2783.522,0.6917140536149472,-0.8442499837198585,0.5359495918358541,0.8461931660919495,0.5328762761272848,0.0,0.0,0.0
1637957394.0,2.5,0.7056429999999999,190.0,2560.0,557.502464,5596.5093333333325,5592.635333333334,5660.001333333333,5672.0779999999995,5709.155333333333,5722.710666666666,5736.498333333333,5746.449,5750.809333333333,0.6921202274573518,-0.843625806705147,0.5369315582651945,0.8607420268598066,0.5090414159940937,1.0,1.0,2.0
1637957410.0,2.5,0.6498179999999999,200.0,2560.0,567.672832,8566.548666666666,8562.439666666667,8634.714666666667,8647.319,8683.065666666667,8693.599333333332,8708.027666666667,8714.353,8718.096666666666,0.6925264012997563,-0.8430004875355795,0.5379127977793197,0.8746197071230035,0.4848096202759095,1.0,2.0,1.0
1637957426.0,2.5,0.593993,210.0,2560.0,577.8432,11536.588,11532.244,11609.428,11622.56,11656.976,11664.488,11679.557,11682.257,11685.384,0.6929325751421609,-0.8423740270733885,0.5388933090252301,0.887815385021291,0.460199785005922,0.0,0.0,0.0
1637957442.0,2.5,0.765059,220.0,2560.0,587.472896,11857.915,11851.127,11921.354,11956.605,12009.789,12015.784,12031.039,12033.593,12036.914,0.6933387489845654,-0.8417464261431847,0.5398730907122302,0.90031877140185,0.4352310993730381,0.0,0.0,0.0
1637957458.0,2.5,0.7426185000000001,225.0,2560.0,593.727488,11087.6895,11082.5525,11165.5595,11185.876,11225.844000000001,11231.1535,11239.7225,11241.711,11268.475,0.69374492282697,-0.8411176856260454,0.5408521414648232,0.9121201160832751,0.4099230340396019,1.0,1.0,1.0
1637957474.0,2.5,0.720178,230.0,2560.0,599.98208,10317.464,10313.978,10409.765,10415.147,10441.899,10446.523,10448.406,10449.829,10500.036,0.6941510966693745,-0.8404878063417405,0.5418304600064939,0.923210217125368,0.3842953226300457,0.0,0.0,0.0
1637957490.0,2.5,0.738783,240.0,2560.0,610.18112,12687.211,12702.886,12792.811,12808.205,12853.33,12863.526,12867.731,12869.551,12874.698,0.6945572705117791,-0.839856789158748,0.542808044988243,0.9335804265981092,0.3583679492824272,0.0,0.0,0.0
1637957506.0,2.5,0.752746,250.0,2560.0,623.804416,10994.383,10983.379,11103.608,11123.011,11137.458,11164.791,11175.947,11179.183,11185.7,0.6949634443541836,-0.8392246349471996,0.5437848950621372,0.9432226579692764,0.3321611318221525,0.0,0.0,0.0
1637957522.0,2.5,0.7699215,255.0,2560.0,630.331392,11533.762999999999,11534.747500000001,11631.429,11655.0095,11682.4925,11705.536,11712.715,11715.155,11719.302,0.6953696181965882,-0.838591344539244,0.5447610089423278,0.9521293928383098,0.305695304663568,1.0,1.0,1.0
1637957538.0,2.5,0.787097,260.0,2560.0,636.858368,12073.143,12086.116,12159.25,12187.008,12227.527,12246.281,12249.483,12251.127,12252.904,0.6957757920389926,-0.8379569188001634,0.5457363852950766,0.9602936855744464,0.2789911063920248,0.0,0.0,0.0
1637957554.0,2.5,0.847062,270.0,2560.0,650.678272,11143.2,11149.761,11256.993,11261.308,11282.779,11307.298,11311.29,11317.433,11329.264,0.6961819658813972,-0.8373213585888785,0.5467110227998653,0.9677091704522168,0.252069358357343,0.0,0.0,0.0
1637957570.0,2.5,0.86402,280.0,2560.0,664.12544,12453.035,12442.008,12569.258,12578.248,12622.848,12633.217,12649.197,12657.402,12657.938,0.6965881397238017,-0.8366846647738152,0.5476849201250007,0.9743700647100204,0.2249510546696558,0.0,0.0,0.0
1637957586.0,2.5,0.811867,285.0,2560.0,671.881216,13279.788499999999,13287.048999999999,13409.668,13427.542,13460.0475,13474.337500000001,13489.1185,13494.492,13494.9525,0.6969943135662063,-0.8360468381930555,0.548658075988493,0.9802711746049172,0.1976573404624673,1.0,1.0,1.0
1637957602.0,2.5,0.759714,290.0,2560.0,679.636992,14106.542,14132.09,14250.078,14276.836,14297.247,14315.458,14329.04,14331.582,14331.967,0.6974004874086109,-0.8354078797420315,0.5496304890241475,0.9854078984321996,0.1702094994629732,0.0,0.0,0.0
1637957618.0,2.5,0.880389,295.0,2560.0,686.8992000000001,14984.0355,15006.5075,15114.313,15135.1575,15166.409,15184.3085,15194.4515,15195.91,15197.799500000001,0.6978066612510154,-0.8347677902538362,0.5506021579641033,0.9897762309003728,0.142628933756976,1.0,1.0,1.0
1637957634.0,2.5,1.001064,300.0,2560.0,694.161408,15861.529,15880.925,15978.548,15993.479,16035.571,16053.159,16059.863,16060.238,16063.632,0.69821283509342,-0.8341265706270788,0.5515730814442533,0.993372765569557,0.1149371507594037,0.0,0.0,0.0
1637957650.0,2.5,1.209535,310.0,2560.0,708.972544,17145.478,17143.635,17272.469,17302.053,17348.829,17363.349,17382.767,17384.983,17392.234,0.6986190089358245,-0.8334842216978002,0.552543258198679,0.996194698090092,0.0871557427665593,0.0,0.0,0.0
1637957666.0,2.5,0.9870464999999999,315.0,2560.0,717.971456,17806.0425,17810.574,17932.314,17958.692,18007.307,18028.3295,18041.677,18044.1345,18049.7025,0.6990251827782291,-0.832840744367782,0.5535126868653678,0.9982398279098108,0.0593063738108402,1.0,1.0,1.0
1637957682.0,2.5,0.764558,320.0,2560.0,726.970368,18466.607,18477.513,18592.159,18615.331,18665.785,18693.31,18700.587,18703.286,18707.171,0.6994313566206336,-0.8321961394840773,0.5544813661682403,0.9995065603661728,0.031410759064086,0.0,0.0,0.0
1637957698.0,2.5,0.7523955,325.0,2560.0,735.459328,19680.5715,19686.968999999997,19809.701999999997,19838.699999999997,19880.440000000002,19904.5755,19912.093,19913.833,19921.65,0.6998375304630382,-0.8315504079274283,0.5554492947837162,0.9999939076570844,0.0034906516174927,1.0,1.0,1.0
1637957714.0,2.5,0.740233,330.0,2560.0,743.948288,20894.536,20896.425,21027.245,21062.069,21095.095,21115.841,21123.599,21124.38,21136.129,0.7002437043054427,-0.8309035505720619,0.5564164714013604,0.999701489780033,-0.0244321781997108,0.0,0.0,0.0
1637957730.0,2.5,0.8945925000000001,335.0,2560.0,752.349184,22372.786,22374.2885,22505.9965,22537.847,22578.398,22607.414,22623.0325,22623.792,22633.639000000003,0.7006498781478473,-0.8302555682856183,0.557382894723838,0.9986295347390608,-0.0523359565389512,1.0,1.0,1.0
1637957746.0,2.5,1.048952,340.0,2560.0,760.75008,23851.036,23852.152,23984.748,24013.625,24061.701,24098.987,24122.466,24123.204,24131.149,0.7010560519902518,-0.8296064619697044,0.5583485634065062,0.9967788784498236,-0.0801989244086951,0.0,0.0,0.0
1637957762.0,2.5,1.0578885,345.0,2560.0,771.035136,23904.9095,23901.0535,24032.510000000002,24063.2425,24120.259,24146.383,24160.817000000003,24161.9955,24168.2615,0.7014622258326564,-0.8289562324706442,0.5593134761902981,0.9941509639367364,-0.1079993560335321,1.0,1.0,1.0
1637957778.0,2.5,1.066825,350.0,2560.0,781.320192,23958.783,23949.955,24080.272,24112.86,24178.817,24193.779,24199.168,24200.787,24205.374,0.7018683996750609,-0.8283048807012824,0.5602776317205912,0.9907478405192894,-0.1357155720850217,0.0,0.0,0.0
1637957794.0,2.5,1.1604163333333333,353.3333333333333,2560.0,787.410944,25050.125,25047.022333333334,25186.84933333333,25221.379666666668,25273.787,25294.388666666666,25300.422,25306.998,25311.871,0.7022745735174655,-0.8276524075108703,0.5612410287402911,0.9865721616238252,-0.1633259621398055,1.0,1.0,2.0
1637957810.0,2.5,1.2540076666666666,356.66666666666663,2560.0,793.5016959999999,26141.467,26144.089666666667,26293.426666666666,26329.899333333335,26368.756999999998,26394.998333333333,26401.676,26413.209,26418.368,0.7026807473598701,-0.8269988138154026,0.5622036658969034,0.9816271835086317,-0.1908089950628934,1.0,2.0,1.0
1637957826.0,2.5,1.347599,360.0,2560.0,799.592448,27232.809,27241.157,27400.004,27438.419,27463.727,27495.608,27502.93,27519.42,27524.865,0.7030869212022746,-0.8263441004752492,0.5631655419232885,0.9759167619540569,-0.2181432413280527,0.0,0.0,0.0
1637957842.0,2.5,1.042143,365.0,2560.0,808.562688,28279.045,28284.487999999998,28429.73,28483.47,28521.858500000002,28541.407,28554.095999999998,28564.9925,28568.610500000003,0.7034930950446792,-0.8256882683931731,0.5641266554931466,0.9694453499654192,-0.245307385601057,1.0,1.0,1.0
1637957858.0,2.5,0.736687,370.0,2560.0,817.532928,29325.281,29327.819,29459.456,29528.521,29579.99,29587.206,29605.262,29610.565,29612.356,0.7038992688870837,-0.8250313184324487,0.5650870053413151,0.9622179935394026,-0.2722802470048207,0.0,0.0,0.0
1637957874.0,2.5,0.8647056666666666,373.3333333333333,2560.0,824.3145386666666,29936.789666666664,29935.208666666666,30075.925333333333,30128.391666666666,30197.105666666666,30207.60533333333,30226.101999999995,30230.03033333333,30231.925666666666,0.7043054427294883,-0.8243732515153552,0.5660465901195774,0.9542403285920767,-0.2990407920142088,1.0,1.0,2.0
1637957890.0,2.5,0.9927243333333333,376.66666666666663,2560.0,831.0961493333333,30548.298333333332,30542.59833333333,30692.394666666667,30728.262333333332,30814.22133333333,30828.004666666664,30846.941999999995,30849.495666666662,30851.495333333332,0.7047116165718927,-0.8237140684998998,0.5670054085767987,0.945518575600663,-0.325568154453247,1.0,2.0,1.0
1637957906.0,2.5,1.120743,380.0,2560.0,837.87776,31159.807,31149.988,31308.864,31328.133,31431.337,31448.404,31467.782,31468.961,31471.065,0.7051177904142973,-0.8230537703114966,0.5679634593669122,0.9360595358165384,-0.3518416481983434,0.0,0.0,0.0
1637957922.0,2.5,0.9879990000000001,385.0,2560.0,848.10752,31825.4075,31809.493000000002,31975.608500000002,32012.896,32078.7245,32101.5535,32113.999,32117.0705,32120.260499999997,0.7055239642567018,-0.822392357811062,0.5689207412407832,0.9258705847990798,-0.3778407868452133,1.0,1.0,1.0
1637957938.0,2.5,0.855255,390.0,2560.0,858.33728,32491.008,32468.998,32642.353,32697.659,32726.112,32754.703,32760.216,32765.18,32769.456,0.7059301380991064,-0.8217298319271401,0.569877252854502,0.914959667925462,-0.4035452961808976,0.0,0.0,0.0
1637957954.0,2.5,0.9538183333333333,393.3333333333333,2560.0,866.2630399999999,33449.79033333333,33421.57366666666,33624.91033333333,33678.274666666664,33721.057,33746.799666666666,33753.903666666665,33758.556,33768.44566666667,0.7063363119415109,-0.8210661935235517,0.5708329929609409,0.9033352928367452,-0.4289351334590715,1.0,1.0,2.0
1637957970.0,2.5,1.0523816666666668,396.66666666666663,2560.0,874.1887999999999,34408.57266666667,34374.14933333333,34607.467666666664,34658.89033333333,34716.002,34738.89633333333,34747.59133333333,34751.93199999999,34767.435333333335,0.7067424857839155,-0.8204014435236452,0.571787960230293,0.8910065240470624,-0.4539905000168744,1.0,2.0,1.0
1637957986.0,2.5,1.150945,400.0,2560.0,882.11456,35367.355,35326.725,35590.025,35639.506,35710.947,35730.993,35741.279,35745.308,35766.425,0.7071486596263201,-0.8197355828274377,0.5727421533697,0.877982975382537,-0.4786918580239561,0.0,0.0,0.0
1637958002.0,2.5,1.1673876666666667,403.3333333333333,2560.0,889.032704,36144.01666666666,36111.354666666666,36351.266,36393.435666666664,36466.356,36485.918666666665,36501.99,36505.02833333333,36521.563,0.7075548334687246,-0.8190686123114044,0.5736955711231091,0.8642748017805276,-0.503019946927783,1.0,1.0,2.0
1637958018.0,2.5,1.1838303333333333,406.66666666666663,2560.0,895.950848,36920.67833333333,36895.984333333334,37112.507,37147.36533333333,37221.765,37240.84433333333,37262.700999999994,37264.74866666666,37276.701,0.7079610073111292,-0.8184005329118925,0.5746482121520351,0.8498926931648201,-0.5269557952096637,1.0,2.0,1.0
1637958034.0,2.5,1.200273,410.0,2560.0,902.868992,37697.34,37680.614,37873.748,37901.295,37977.174,37995.77,38023.412,38024.469,38031.839,0.7083671811535337,-0.8177313454999634,0.5756000752143969,0.8348478633120493,-0.550480740011225,0.0,0.0,0.0
1637958050.0,2.5,1.1563599999999998,412.5,2560.0,908.68736,38632.72775,38622.39925,38812.071,38841.73125,38917.72175,38936.754499999995,38962.54225,38964.1075,38971.49125,0.7087733549959383,-0.8170610510150765,0.5765511589738923,0.819152044463751,-0.573576436101464,1.0,1.0,3.0
1637958066.0,2.5,1.112447,415.0,2560.0,914.5057280000001,39568.1155,39564.1845,39750.394,39782.167499999996,39858.269499999995,39877.739,39901.6725,39903.746,39911.1435,0.7091795288383428,-0.8163896503311815,0.5775014621904703,0.8028174752241105,-0.5962248749211867,1.0,2.0,2.0
1637958082.0,2.5,1.068534,417.5,2560.0,920.324096,40503.50325,40505.96975,40688.717000000004,40722.60375,40798.81725,40818.7235,40840.802749999995,40843.3845,40850.79575,0.7095857026807474,-0.8157171443908448,0.5784509835300184,0.7858568933433993,-0.6184083951440675,1.0,3.0,1.0
1637958098.0,2.5,1.024621,420.0,2560.0,926.142464,41438.891,41447.755,41627.04,41663.04,41739.365,41759.708,41779.933,41783.023,41790.448,0.7099918765231519,-0.8150435340793307,0.5793997217426626,0.7682835236078099,-0.6401096994678082,0.0,0.0,0.0
1637958114.0,2.5,1.06412,423.3333333333333,2560.0,933.86752,41801.51666666666,41802.60933333333,41985.967666666664,42027.257,42113.005333333334,42131.53466666667,42158.10799999999,42160.399666666664,42166.55699999999,0.7103980503655565,-0.8143688203170137,0.5803476755320688,0.7501110697882739,-0.6613118651446466,1.0,1.0,2.0
1637958130.0,2.5,1.103619,426.66666666666663,2560.0,941.592576,42164.14233333333,42157.46366666666,42344.89533333333,42391.473999999995,42486.64566666666,42503.361333333334,42536.282999999996,42537.77633333333,42542.666,0.710804224207961,-0.8136930040173586,0.5812948436148448,0.7313537016118706,-0.6819983600703265,1.0,2.0,1.0
1637958146.0,2.5,1.143118,430.0,2560.0,949.317632,42526.768,42512.318,42703.823,42755.691,42860.286,42875.188,42914.458,42915.153,42918.775,0.7112103980503656,-0.813016086103795,0.5822412246968316,0.7120260461353702,-0.7021530528487586,0.0,0.0,0.0
1637958162.0,2.5,1.133321,433.3333333333333,2560.0,957.448192,43601.91733333333,43589.706999999995,43770.365999999995,43820.666999999994,43908.90333333333,43937.38166666667,43967.359333333334,43969.131,43973.973333333335,0.7116165718927701,-0.812338067467354,0.5831868175322591,0.692143173838847,-0.721760228128627,1.0,1.0,2.0
1637958178.0,2.5,1.123524,436.66666666666663,2560.0,965.5787519999999,44677.066666666666,44667.096,44836.90899999999,44885.643,44957.52066666666,44999.575333333334,45020.26066666666,45023.109,45029.17166666667,0.7120227457351747,-0.8116589490598927,0.5841316207936277,0.671720589450848,-0.7408045961708156,1.0,2.0,1.0
1637958194.0,2.5,1.113727,440.0,2560.0,973.709312,45752.216,45744.485,45903.452,45950.619,46006.138,46061.769,46073.162,46077.087,46084.37,0.7124289195775793,-0.8109787317668655,0.5850756332490752,0.6507742172075779,-0.7592713073848268,0.0,0.0,0.0
1637958210.0,2.5,1.12580225,442.5,2560.0,980.115456,46124.83624999999,46118.0935,46280.638999999996,46327.45174999999,46387.402749999994,46435.6005,46450.087499999994,46454.52925,46460.839250000005,0.7128350934199837,-0.8102974165346889,0.586018853585112,0.6293203907964174,-0.7771459616621863,1.0,1.0,3.0
1637958226.0,2.5,1.1378775,445.0,2560.0,986.5216,46497.4565,46491.702000000005,46657.826,46704.284499999994,46768.667499999996,46809.432,46827.013,46831.9715,46837.3085,0.7132412672623883,-0.8096150042772645,0.5869612805365657,0.607375840006011,-0.7944146203192591,1.0,2.0,2.0
1637958242.0,2.5,1.14995275,447.5,2560.0,992.927744,46870.07675,46865.3105,47035.013,47081.117249999996,47149.93225,47183.2635,47203.938500000004,47209.41375,47213.77775,0.7136474411047928,-0.8089314959184797,0.5879029128275268,0.5849576750736328,-0.8110638189270005,1.0,3.0,1.0
1637958258.0,2.5,1.162028,450.0,2560.0,999.333888,47242.697,47238.919,47412.2,47457.95,47531.197,47557.095,47580.864,47586.856,47590.247,0.7140536149471974,-0.8082468923922745,0.5888437491714003,0.5620833781191681,-0.8270805740930833,0.0,0.0,0.0
1637958274.0,2.5,1.163802,452.5,2560.0,1005.566976,48220.74175,48219.56975,48391.164249999994,48441.619249999996,48520.88375000001,48543.454,48566.46225,48573.364,48577.829,0.7144597887896019,-0.8075611945997966,0.5897837883297145,0.5387707850688048,-0.8424523969675342,1.0,1.0,3.0
1637958290.0,2.5,1.1655760000000002,455.0,2560.0,1011.800064,49198.7865,49200.220499999996,49370.1285,49425.288499999995,49510.5705,49529.813,49552.0605,49559.872,49565.411,0.7148659626320065,-0.8068744035036838,0.5907230289827665,0.5150380751584999,-0.8571673005528311,1.0,2.0,2.0
1637958306.0,2.5,1.16735,457.5,2560.0,1018.033152,50176.831249999996,50180.87125,50349.092749999996,50408.95775,50500.25725,50516.172000000006,50537.65875,50546.38,50552.993,0.715272136474411,-0.8061865199993945,0.591661469905947,0.4909037536504276,-0.8712138111003064,1.0,3.0,1.0
1637958322.0,2.5,1.169124,460.0,2560.0,1024.26624,51154.876,51161.522,51328.057,51392.627,51489.944,51502.531,51523.257,51532.888,51540.575,0.7156783103168156,-0.8054975450526352,0.5925991097817968,0.4663866405670714,-0.8845809750953054,0.0,0.0,0.0
1637958338.0,2.5,1.086762,462.5,2560.0,1031.006208,51538.116,51534.29025,51720.2925,51776.398499999996,51870.12425,51882.55275,51904.839250000005,51913.179,51919.65024999999,0.7160844841592201,-0.8048074795617115,0.5935359473877934,0.4415058527984571,-0.8972583696710258,1.0,1.0,3.0
1637958354.0,2.5,1.0044,465.0,2560.0,1037.746176,51921.356,51907.0585,52112.528000000006,52160.17,52250.3045,52262.5745,52286.4215,52293.47,52298.7255,0.7164906580016247,-0.8041163244953932,0.5944719814087285,0.4162807924638881,-0.9092361089539048,1.0,2.0,2.0
1637958370.0,2.5,0.922038,467.5,2560.0,1044.486144,52304.596000000005,52279.82675,52504.7635,52543.9415,52630.48475,52642.59625,52668.00375,52673.761,52677.800749999995,0.7168968318440292,-0.8034240807548284,0.5954072106241736,0.3907311284657622,-0.9205048534624204,1.0,3.0,1.0
1637958386.0,2.5,0.839676,470.0,2560.0,1051.226112,52687.836,52652.595,52896.999,52927.713,53010.665,53022.618,53049.586,53054.052,53056.876,0.7173030056864338,-0.8027307493118448,0.5963416337211783,0.3648767845152439,-0.931055815792918,0.0,0.0,0.0
1637958402.0,2.5,0.878173,472.5,2560.0,1057.722368,53489.586,53466.67425,53693.42475,53732.757750000004,53804.84975,53829.87225,53852.97275,53857.1785,53861.137,0.7177091795288384,-0.80203633107912,0.5972752494697434,0.338737920190189,-0.9408807689740636,1.0,1.0,3.0
1637958418.0,2.5,0.91667,475.0,2560.0,1064.218624,54291.336,54280.7535,54489.8505,54537.802500000005,54599.0345,54637.1265,54656.359500000006,54660.305,54665.398,0.7181153533712429,-0.8013408270141648,0.5982080565825358,0.3123349186620952,-0.9499720514753802,1.0,2.0,2.0
1637958434.0,2.5,0.955167,477.5,2560.0,1070.71488,55093.086,55094.83275,55286.276249999995,55342.84725,55393.21925,55444.380750000004,55459.746250000004,55463.4315,55469.659,0.7185215272136475,-0.8006442380324756,0.5991400538316534,0.2856883673172035,-0.9583225744912988,1.0,3.0,1.0
1637958450.0,2.5,0.993664,480.0,2560.0,1077.211136,55894.836,55908.912,56082.702,56147.892,56187.404,56251.635,56263.133,56266.558,56273.92,0.718927701056052,-0.7999465650945162,0.6000712399319642,0.2588190447732085,-0.9659258263773072,0.0,0.0,0.0
1637958466.0,2.5,1.04082475,482.5,2560.0,1084.319744,56559.94125,56569.431749999996,56750.75575,56807.71725,56859.1725,56919.60875,56935.69875,56939.98525,56946.9715,0.7193338748984566,-0.7992478091623259,0.6010016135995163,0.231747903825924,-0.9727758781303586,1.0,1.0,3.0
1637958482.0,2.5,1.0879855,485.0,2560.0,1091.428352,57225.0465,57229.951499999996,57418.8095,57467.542499999996,57530.941000000006,57587.582500000004,57608.264500000005,57613.4125,57620.023,0.7197400487408611,-0.7985479711469632,0.6019311736212613,0.2044960519315619,-0.9788673887429308,1.0,2.0,2.0
1637958498.0,2.5,1.13514625,487.5,2560.0,1098.53696,57890.15175,57890.47125,58086.86325,58127.36775,58202.709500000004,58255.55625,58280.83025,58286.83975,58293.074499999995,0.7201462225832657,-0.7978470520309171,0.6028599186922075,0.1770847406227441,-0.9841956079146948,1.0,3.0,1.0
1637958514.0,2.5,1.182307,490.0,2560.0,1105.645568,58555.257,58550.991,58754.917,58787.193,58874.478,58923.53,58953.396,58960.267,58966.126,0.7205523964256701,-0.7971450527368531,0.60378784758983,0.1495353435017367,-0.98875638103823,0.0,0.0,0.0
1637958530.0,2.5,1.1703876000000002,492.0,2560.0,1111.2022015999999,59342.9896,59330.253600000004,59551.9446,59589.181200000006,59673.1168,59719.096,59745.603,59752.3856,59766.610400000005,0.7209585702680747,-0.7964419742239355,0.6047149590462271,0.1218693436781041,-0.9925461516078072,1.0,1.0,4.0
1637958546.0,2.5000000000000004,1.1584682000000002,494.00000000000006,2560.0000000000005,1116.7588352,60130.722200000004,60109.516200000005,60348.97220000001,60391.169400000006,60471.75560000001,60514.662000000004,60537.810000000005,60544.50420000001,60567.094800000006,0.7213647441104792,-0.7957378174440306,0.6056412518062244,0.0941083133440649,-0.9955619646006648,1.0,2.0,3.0
1637958562.0,2.5,1.1465488000000001,496.00000000000006,2560.0,1122.3154688000002,60918.45480000001,60888.77880000001,61145.999800000005,61193.157600000006,61270.394400000005,61310.228,61330.01700000001,61336.622800000005,61367.57920000001,0.7217709179528838,-0.7950325833592916,0.6065667246041865,0.066273900641452,-0.9978014682760128,1.0,3.0,2.0
1637958578.0,2.5,1.1346294000000001,498.0,2560.0,1127.8721024000001,61706.1874,61668.0414,61943.027400000006,61995.145800000006,62069.033200000005,62105.794,62122.224,62128.741400000006,62168.06360000001,0.7221770917952883,-0.7943262728980229,0.6074913762218651,0.0383878090801673,-0.9992629164109036,1.0,4.0,1.0
1637958594.0,2.5,1.12271,500.0,2560.0,1133.428736,62493.92,62447.304,62740.055,62797.134,62867.672,62901.36,62914.431,62920.86,62968.548,0.7225832656376929,-0.7936188870518003,0.6084152053611595,0.0104717843251957,-0.999945169363324,0.0,0.0,0.0
1637958610.0,2.5,1.1346935,502.5,2560.0,1140.8793600000001,62905.634750000005,62865.977999999996,63138.8035,63193.513,63262.6045,63304.96800000001,63318.627250000005,63325.382750000004,63364.6115,0.7229894394800975,-0.7929104267429341,0.6093382108175542,-0.0174524064776579,-0.9998476951556864,1.0,1.0,3.0
1637958626.0,2.5,1.146677,505.0,2560.0,1148.329984,63317.3495,63284.652,63537.551999999996,63589.892,63657.537,63708.576,63722.8235,63729.9055,63760.675,0.723395613322502,-0.7922008929660181,0.6102603912952597,-0.045362987953496,-0.9989705697986958,1.0,2.0,2.0
1637958642.0,2.5,1.1586605,507.5,2560.0,1155.780608,63729.06425,63703.326,63936.3005,63986.271,64052.4695,64112.184,64127.01975,64134.42825,64156.73850000001,0.7238017871649066,-0.7914902866461635,0.6111817455919099,-0.0732381972008376,-0.9973144772190822,1.0,3.0,1.0
1637958658.0,2.5,1.170644,510.0,2560.0,1163.231232,64140.779,64122.0,64335.049,64382.65,64447.402,64515.792,64531.216,64538.951,64552.802,0.7242079610073111,-0.7907786087809765,0.6121022724140331,-0.1010562970407617,-0.9948807088432308,0.0,0.0,0.0
1637958674.0,2.5,1.1711154615384616,511.53846153846155,2560.0,1168.2724627692307,65463.11523076924,65444.89765384616,65657.82042307692,65705.63415384616,65770.78480769231,65838.14726923077,65854.3098076923,65862.8131923077,65876.8406923077,0.7246141348497157,-0.7900658603072844,0.6130219705499228,-0.128795596683102,-0.9916711623693832,1.0,1.0,25.0
1637958690.0,2.5000000000000004,1.1715869230769234,513.0769230769231,2560.0000000000005,1173.3136935384616,66785.45146153847,66767.79530769231,66980.59184615384,67028.61830769232,67094.16761538462,67160.50253846154,67177.40361538462,67186.67538461539,67200.87938461539,0.7250203086921202,-0.7893520421900052,0.6139408387544099,-0.1564344653916183,-0.9876883405394834,1.0,2.0,24.0
1637958706.0,2.5,1.1720583846153847,514.6153846153846,2560.0,1178.3549243076925,68107.7876923077,68090.69296153847,68303.36326923077,68351.60246153847,68417.55042307693,68482.85780769231,68500.49742307693,68510.53757692309,68524.91807692309,0.7254264825345248,-0.788637155422347,0.61485887574902,-0.1839513502920737,-0.9829353492095616,1.0,3.0,23.0
1637958722.0,2.5000000000000004,1.1725298461538463,516.1538461538462,2560.0000000000005,1183.3961550769234,69430.12392307693,69413.59061538463,69626.13469230769,69674.58661538463,69740.93323076924,69805.21307692309,69823.59123076923,69834.39976923077,69848.95676923078,0.7258326563769293,-0.7879212009364004,0.6157760803367898,-0.2113247963802535,-0.9774158943023408,1.0,4.0,22.0
1637958738.0,2.5,1.1730013076923076,517.6923076923077,2560.0,1188.437385846154,70752.46015384616,70736.48826923077,70948.90611538461,70997.57076923078,71064.31603846155,71127.56834615384,71146.68503846154,71158.26196153846,71172.99546153846,0.7262388302193339,-0.7872041797372799,0.6166924512300733,-0.2385334572938535,-0.9711342799795718,1.0,5.0,21.0
1637958754.0,2.5,1.1734727692307694,519.2307692307693,2560.0,1193.4786166153847,72074.79638461539,72059.38592307693,72271.67753846153,72320.55492307692,72387.69884615384,72449.92361538461,72469.77884615386,72482.12415384616,72497.03415384617,0.7266450040617384,-0.7864860927598587,0.6176079872340794,-0.2655561174445345,-0.9640954042457544,1.0,6.0,20.0
1637958770.0,2.5000000000000004,1.173944230769231,520.7692307692308,2560.0000000000005,1198.5198473846156,73397.13261538463,73382.28357692309,73594.44896153847,73643.53907692309,73711.08165384617,73772.2788846154,73792.87265384616,73805.98634615386,73821.07284615385,0.727051177904143,-0.7857669410122456,0.6185226870635047,-0.2923717044739368,-0.9563047560391011,1.0,7.0,19.0
1637958786.0,2.5,1.1744156923076923,522.3076923076924,2560.0,1203.5610781538462,74719.46884615385,74705.18123076923,74917.22038461539,74966.52323076923,75034.46446153846,75094.63415384616,75115.96646153847,75129.84853846155,75145.11153846154,0.7274573517465476,-0.7850467254411055,0.6194365495143126,-0.3189593092878093,-0.9477684100130388,1.0,8.0,18.0
1637958802.0,2.5,1.1748871538461538,523.8461538461538,2560.0,1208.6023089230769,76041.80507692308,76028.07888461539,76239.9918076923,76289.50738461538,76357.84726923077,76416.98942307693,76439.06026923077,76453.71073076923,76469.15023076924,0.7278635255889521,-0.7843254470304933,0.6203495733378211,-0.3452981987853602,-0.9384930228379889,1.0,9.0,17.0
1637958818.0,2.5,1.1753586153846154,525.3846153846155,2560.0,1213.6435396923077,77364.1413076923,77350.97653846155,77562.76323076923,77612.49153846155,77681.23007692308,77739.3446923077,77762.15407692308,77777.57292307692,77793.18892307693,0.7282696994313567,-0.7836031067569156,0.6212617572979283,-0.3713678355708439,-0.9284858268726704,1.0,10.0,16.0
1637958834.0,2.5000000000000004,1.175830076923077,526.923076923077,2560.0000000000005,1218.6847704615386,78686.47753846155,78673.8741923077,78885.53465384616,78935.47569230771,79004.61288461539,79061.69996153847,79085.2478846154,79101.43511538462,79117.22761538463,0.7286758732737612,-0.7828797056073699,0.622173100148277,-0.3971478904566234,-0.9177546257610768,1.0,11.0,15.0
1637958850.0,2.5,1.1763015384615385,528.4615384615385,2560.0,1223.7260012307695,80008.81376923078,79996.77184615386,80208.30607692308,80258.45984615386,80327.9956923077,80384.05523076924,80408.3416923077,80425.29730769232,80441.26630769232,0.7290820471161658,-0.7821552445340753,0.6230836006892181,-0.4226182617907448,-0.9063077870133134,1.0,12.0,14.0
1637958866.0,2.5,1.1767729999999998,530.0,2560.0,1228.7672320000001,81331.15,81319.6695,81531.0775,81581.444,81651.37849999999,81706.4105,81731.43549999999,81749.15950000001,81765.30500000001,0.7294882209585702,-0.7814297245540887,0.6239932576425173,-0.4477590876947211,-0.8941542369115023,1.0,13.0,13.0
1637958882.0,2.5000000000000004,1.1772444615384616,531.5384615384615,2560.0000000000005,1233.8084627692308,82653.48623076924,82642.56715384618,82853.84892307693,82904.42815384617,82974.76130769232,83028.76576923077,83054.52930769233,83073.02169230771,83089.34369230771,0.7298943948009748,-0.7807031466133644,0.6249020698221376,-0.4725507649468216,-0.8813034520232936,1.0,14.0,12.0
1637958898.0,2.5000000000000004,1.1777159230769232,533.0769230769231,2560.0000000000005,1238.8496935384617,83975.82246153847,83965.46480769232,84176.62034615385,84227.41230769231,84298.14411538462,84351.12103846154,84377.62311538463,84396.8838846154,84413.3823846154,0.7303005686433793,-0.7799755117319311,0.6258100359522146,-0.4969739609164139,-0.8677654534325797,1.0,15.0,11.0
1637958914.0,2.5,1.1781873846153845,534.6153846153846,2560.0,1243.8909243076923,85298.1586923077,85288.36246153848,85499.39176923077,85550.39646153846,85621.52692307692,85673.47630769231,85700.71692307694,85720.74607692308,85737.42107692308,0.7307067424857839,-0.7792468208585006,0.6267171548489158,-0.5210096319440815,-0.8535507972121477,1.0,16.0,10.0
1637958930.0,2.5,1.178658846153846,536.1538461538462,2560.0,1248.932155076923,86620.49492307691,86611.26011538462,86822.1631923077,86873.38061538461,86944.90973076923,86995.83157692307,87023.81073076923,87044.60826923077,87061.45976923077,0.7311129163281884,-0.7785170750069348,0.6276234252500831,-0.5446390353258435,-0.8386705677435775,1.0,17.0,9.0
1637958946.0,2.5,1.1791303076923076,537.6923076923077,2560.0,1253.9733858461539,87942.83115384614,87934.15776923078,88144.93461538461,88196.36476923077,88268.29253846154,88318.18684615384,88346.90453846153,88368.47046153845,88385.49846153846,0.731519090170593,-0.7777862751560972,0.6285288459401079,-0.5678437447967976,-0.8231363687112541,1.0,18.0,8.0
1637958962.0,2.5,1.1796017692307692,539.2307692307693,2560.0,1259.0146166153847,89265.16738461539,89257.05542307693,89467.70603846155,89519.34892307693,89591.67534615385,89640.54211538463,89669.99834615385,89692.33265384617,89709.53715384616,0.7319252640129975,-0.7770544222953847,0.6294334156931819,-0.5906056675698674,-0.8069603121804388,1.0,19.0,7.0
1637958978.0,2.5,1.1800732307692308,540.7692307692308,2560.0,1264.0558473846154,90587.50361538462,90579.95307692309,90790.47746153847,90842.33307692308,90915.05815384616,90962.89738461538,90993.09215384616,91016.19484615386,91033.57584615385,0.7323314378554021,-0.7763215174247927,0.6303371332733517,-0.6129070534330352,-0.7901550125462943,1.0,20.0,6.0
1637958994.0,2.5,1.1805446923076923,542.3076923076923,2560.0,1269.0970781538463,91909.83984615385,91902.85073076923,92113.24888461539,92165.31723076923,92238.44096153846,92285.25265384615,92316.18596153846,92340.05703846154,92357.61453846155,0.7327376116978067,-0.7755875615090504,0.6312399974910058,-0.6347305131798505,-0.7727335735157647,1.0,21.0,5.0
1637959010.0,2.5000000000000004,1.1810161538461539,543.8461538461539,2560.0000000000005,1274.1383089230771,93232.17607692308,93225.7483846154,93436.02030769232,93488.30138461539,93561.82376923077,93607.60792307692,93639.27976923078,93663.91923076924,93681.65323076924,0.7331437855402112,-0.7748525555785443,0.6321420070786302,-0.6560590288053547,-0.7547095803837227,1.0,22.0,4.0
1637959026.0,2.5,1.1814876153846154,545.3846153846155,2560.0,1279.1795396923078,94554.5123076923,94548.64603846155,94758.79173076924,94811.28553846154,94885.20657692308,94929.9631923077,94962.37357692308,94987.78142307693,95005.69192307694,0.7335499593826158,-0.7741165005915966,0.6330431608601585,-0.6768759696856143,-0.7360970871170184,1.0,23.0,3.0
1637959042.0,2.5,1.181959076923077,546.9230769230769,2560.0,1284.2207704615385,95876.84853846153,95871.5436923077,96081.56315384616,96134.2696923077,96208.58938461539,96252.31846153847,96285.46738461539,96311.64361538462,96329.73061538463,0.7339561332250203,-0.7733793975815411,0.6339434575704782,-0.6971651027023594,-0.7169106077984958,1.0,24.0,2.0
1637959058.0,2.5,1.1824305384615383,548.4615384615385,2560.0,1289.2620012307693,97199.18476923076,97194.44134615385,97404.33457692308,97457.25384615385,97531.97219230769,97574.67373076922,97608.5611923077,97635.50580769232,97653.76930769232,0.7343623070674249,-0.7726412475094339,0.634842896035756,-0.7169106076763022,-0.6971651028280138,1.0,25.0,1.0
1637959074.0,2.5,1.182902,550.0,2560.0,1294.303232,98521.521,98517.339,98727.106,98780.238,98855.355,98897.029,98931.655,98959.368,98977.808,0.7347684809098294,-0.7719020514115499,0.6357414749932877,-0.7360970869983811,-0.6768759698146315,0.0,0.0,0.0
1637959090.0,2.4999999999999996,1.1521489999999999,551.6666666666666,2559.9999999999995,1299.607552,95619.67216666666,95614.50083333334,95829.10533333331,95879.37266666666,95955.29683333333,95996.79883333332,96028.237,96054.30183333333,96073.23666666666,0.735174654752234,-0.7711618102609389,0.6366391932602576,-0.7547095802687338,-0.6560590289376342,1.0,1.0,5.0
1637959106.0,2.5,1.1213959999999998,553.3333333333333,2560.0,1304.911872,92717.82333333333,92711.66266666666,92931.10466666667,92978.50733333333,93055.23866666666,93096.56866666666,93124.81899999999,93149.23566666666,93168.66533333334,0.7355808285946385,-0.7704205250690184,0.6375360496100421,-0.7727335734045142,-0.6347305133152891,1.0,2.0,4.0
1637959122.0,2.5,1.090643,555.0,2560.0,1310.2161919999999,89815.9745,89808.8245,90033.10399999999,90077.64199999999,90155.18049999999,90196.3385,90221.401,90244.1695,90264.09400000001,0.7359870024370431,-0.769678196839381,0.6384320428284276,-0.7901550124388689,-0.6129070535715273,1.0,3.0,3.0
1637959138.0,2.5,1.05989,556.6666666666666,2560.0,1315.5205119999998,86914.12566666666,86905.98633333332,87135.10333333333,87176.77666666666,87255.12233333332,87296.10833333332,87317.983,87339.10333333333,87359.52266666667,0.7363931762794476,-0.7689348265863349,0.6393271716911796,-0.8069603120769222,-0.590605667711305,1.0,4.0,2.0
1637959154.0,2.5,1.029137,558.3333333333333,2560.0,1320.8248319999998,84012.27683333332,84003.14816666665,84237.10266666666,84275.91133333332,84355.06416666665,84395.87816666666,84414.56499999999,84434.03716666666,84454.95133333333,0.7367993501218522,-0.7681904152883856,0.640221435019992,-0.8231363683473041,-0.567843745324373,1.0,5.0,1.0
1637959170.0,2.5,0.998384,560.0,2560.0,1326.129152,81110.428,81100.31,81339.102,81375.046,81455.006,81495.648,81511.147,81528.971,81550.38,0.7372055239642566,-0.7674449639719386,0.641114831581761,-0.8386705679017349,-0.5446390350823025,0.0,0.0,0.0
1637959186.0,2.5,0.9738555,545.5263157894736,2553.2631578947367,1331.0943663157893,78982.05299999999,78972.18634210525,79204.78310526315,79239.78121052631,79317.66494736841,79357.23742105262,79372.32855263156,79389.6835,79410.53263157894,0.7376116978066612,-0.7666984736649122,0.6420073601446434,-0.8535507971208293,-0.521009632093685,1.0,1.0,37.0
1637959202.0,2.5,0.949327,531.0526315789473,2546.5263157894733,1336.059580631579,76853.678,76844.06268421051,77070.4642105263,77104.51642105263,77180.32389473682,77218.82684210525,77233.51010526315,77250.396,77270.6852631579,0.7380178716490658,-0.7659509453499574,0.6428990195337884,-0.8677654533454742,-0.4969739610685088,1.0,2.0,36.0
1637959218.0,2.4999999999999996,0.9247985,516.578947368421,2539.7894736842104,1341.0247949473683,74725.303,74715.9390263158,74936.14531578946,74969.25163157894,75042.98284210527,75080.4162631579,75094.69165789474,75111.1085,75130.83789473685,0.7384240454914703,-0.765202380048449,0.6437898085308504,-0.8813034519404687,-0.4725507651012894,1.0,3.0,35.0
1637959234.0,2.4999999999999996,0.9002699999999999,502.1052631578946,2533.052631578947,1345.9900092631576,72596.928,72587.81536842104,72801.82642105262,72833.98684210527,72905.64178947367,72942.00568421053,72955.8732105263,72971.821,72990.99052631579,0.7388302193338749,-0.7644527787738356,0.6446797259298305,-0.8941542368330226,-0.4477590878514413,1.0,4.0,34.0
1637959250.0,2.5,0.8757415,487.6315789473684,2526.315789473684,1350.9552235789472,70468.553,70459.69171052631,70667.50752631578,70698.72205263158,70768.3007368421,70803.59510526316,70817.05476315788,70832.53349999999,70851.14315789472,0.7392363931762794,-0.763702142550363,0.6455687705147959,-0.9063077869392404,-0.4226182619495952,1.0,5.0,33.0
1637959266.0,2.5,0.851213,473.1578947368421,2519.578947368421,1355.9204378947368,68340.17799999999,68331.56805263157,68533.18863157895,68563.45726315789,68630.95968421051,68665.18452631579,68678.23631578946,68693.246,68711.29578947368,0.739642567018684,-0.762950472366101,0.6464569411154492,-0.9177546256914676,-0.3971478906174801,1.0,6.0,32.0
1637959282.0,2.4999999999999996,0.8266845,458.6842105263158,2512.8421052631575,1360.8856522105264,66211.803,66203.44439473683,66398.8697368421,66428.1924736842,66493.61863157894,66526.77394736842,66539.41786842105,66553.9585,66571.44842105263,0.7400487408610885,-0.7621977692763051,0.6473442364849047,-0.92848582680758,-0.3713678357335815,1.0,7.0,31.0
1637959298.0,2.5,0.8021560000000001,444.2105263157895,2506.105263157895,1365.8508665263157,64083.428,64075.3207368421,64264.550842105265,64292.92768421053,64356.27757894736,64388.36336842105,64400.599421052626,64414.671,64431.60105263158,0.7404549147034931,-0.7614440342623717,0.6482306554662809,-0.9384930227774676,-0.3452981989498517,1.0,8.0,30.0
1637959314.0,2.5,0.7776274999999999,429.7368421052631,2499.368421052631,1370.816080842105,61955.05299999999,61947.19707894736,62130.23194736842,62157.66289473684,62218.93652631578,62249.95278947368,62261.7809736842,62275.3835,62291.753684210526,0.7408610885458976,-0.7606892683824547,0.649116196815151,-0.9477684099571342,-0.3189593094539266,1.0,9.0,29.0
1637959330.0,2.5,0.753099,415.2631578947368,2492.6315789473683,1375.7812951578946,59826.678,59819.07342105263,59995.91305263157,60022.39810526316,60081.5954736842,60111.54221052631,60122.96252631578,60136.096,60151.90631578947,0.7412672623883022,-0.75993347262064,0.6500008593769203,-0.9563047559878568,-0.2923717046415502,1.0,10.0,28.0
1637959346.0,2.5,0.7285705,400.7894736842105,2485.894736842105,1380.7465094736842,57698.303,57690.94976315789,57861.59415789474,57887.13331578948,57944.25442105263,57973.13163157895,57984.14407894737,57996.80850000001,58012.05894736842,0.7416734362307067,-0.7591766480379749,0.650884641909628,-0.9640954041992098,-0.2655561176135135,1.0,11.0,27.0
1637959362.0,2.4999999999999996,0.704042,386.31578947368416,2479.1578947368416,1385.7117237894736,55569.927999999985,55562.82610526315,55727.275263157884,55751.86852631578,55806.91336842104,55834.721052631576,55845.32563157894,55857.52099999999,55872.21157894737,0.7420796100731113,-0.7584187956307139,0.6517675432499362,-0.9711342799377636,-0.2385334574640661,1.0,12.0,26.0
1637959378.0,2.5,0.6795135,371.84210526315786,2472.4210526315787,1390.676938105263,53441.55299999999,53434.702447368414,53592.956368421044,53616.6037368421,53669.57231578946,53696.3104736842,53706.50718421052,53718.233499999995,53732.36421052631,0.7424857839155159,-0.7576599164343379,0.6526495621914659,-0.9774158941668956,-0.2113247970067119,1.0,13.0,25.0
1637959394.0,2.5,0.6549849999999999,357.36842105263156,2465.684210526316,1395.6421524210525,51313.178,51306.578789473686,51458.63747368421,51481.33894736842,51532.23126315789,51557.89989473684,51567.6887368421,51578.946,51592.516842105266,0.7428919577579204,-0.7569000114762595,0.6535306975400913,-0.982935349091661,-0.1839513509220697,1.0,14.0,24.0
1637959410.0,2.5,0.6304565,342.89473684210526,2458.9473684210525,1400.607366736842,49184.803,49178.45513157894,49324.318578947365,49346.07415789474,49394.89021052631,49419.48931578947,49428.87028947368,49439.6585,49452.66947368421,0.743298131600325,-0.7561390817757568,0.6544109481138861,-0.9876883405849104,-0.1564344651048042,1.0,15.0,23.0
1637959426.0,2.5,0.605928,328.42105263157896,2452.2105263157896,1405.5725810526314,47056.42800000001,47050.33147368421,47189.999684210525,47210.809368421054,47257.54915789474,47281.07873684211,47290.05184210527,47300.37100000001,47312.82210526316,0.7437043054427295,-0.7553771283915872,0.6552903126881089,-0.991671162346809,-0.1287955968569142,1.0,16.0,22.0
1637959442.0,2.4999999999999996,0.5813995,313.9473684210526,2445.473684210526,1410.5377953684208,44928.05299999999,44922.20781578947,45055.680789473685,45075.54457894737,45120.20810526315,45142.66815789473,45151.23339473684,45161.0835,45172.9747368421,0.7441104792851341,-0.7546141523172079,0.6561687901162183,-0.9948807088255184,-0.1010562972151364,1.0,17.0,21.0
1637959458.0,2.5,0.556871,299.4736842105263,2438.736842105263,1415.5030096842104,42799.67799999999,42794.08415789473,42921.36189473684,42940.27978947369,42982.86705263157,43004.25757894736,43012.414947368416,43021.795999999995,43033.127368421054,0.7445166531275386,-0.7538501546237462,0.6570463791649369,-0.9973144772062456,-0.0732381973756389,1.0,18.0,20.0
1637959474.0,2.5,0.5323425,285.0,2432.0,1420.468224,40671.303,40665.9605,40787.043,40805.015,40845.526,40865.847,40873.5965,40882.5085,40893.28,0.7449228269699432,-0.7530851363073247,0.6579230786900382,-0.9989705697907448,-0.0453629881285876,1.0,19.0,19.0
1637959490.0,2.5,0.507814,270.52631578947364,2425.2631578947367,1425.4334383157893,38542.928,38537.83684210526,38652.72410526316,38669.75021052632,38708.18494736841,38727.436421052626,38734.77805263158,38743.221,38753.43263157895,0.7453290008123477,-0.752319098441938,0.6587988874607407,-0.9998476951526276,-0.0174524066529032,1.0,20.0,18.0
1637959506.0,2.4999999999999996,0.4832854999999999,256.05263157894734,2418.5263157894733,1430.3986526315787,36414.553,36409.71318421052,36518.40521052631,36534.48542105263,36570.843894736834,36589.025842105264,36595.95960526315,36603.9335,36613.5852631579,0.7457351746547523,-0.7515520420359681,0.6596738043242025,-0.9999451693651592,0.0104717841499333,1.0,21.0,17.0
1637959522.0,2.5,0.458757,241.57894736842104,2411.7894736842104,1435.3638669473685,34286.17799999999,34281.58952631579,34384.08631578947,34399.220631578944,34433.502842105256,34450.615263157895,34457.14115789473,34464.646,34473.73789473684,0.7461413484971567,-0.7507839681374725,0.6605478280849546,-0.999262916417632,0.0383878089050245,1.0,22.0,16.0
1637959538.0,2.5,0.4342285000000001,227.10526315789474,2405.0526315789475,1440.3290812631578,32157.803,32153.46586842105,32249.76742105263,32263.955842105264,32296.16178947368,32312.204684210526,32318.322710526314,32325.358500000002,32333.89052631579,0.7465475223395613,-0.7500148777863117,0.6614209575596951,-0.9978014682876288,0.0662739004665654,1.0,23.0,15.0
1637959554.0,2.5,0.4097,212.6315789473684,2398.315789473684,1445.2942955789472,30029.428,30025.342210526313,30115.448526315788,30128.69105263158,30158.820736842103,30173.794105263158,30179.50426315789,30186.071,30194.043157894735,0.7469536961819658,-0.7492447720333602,0.6622931915554305,-0.9955619646171592,0.0941083131695708,1.0,24.0,14.0
1637959570.0,2.4999999999999996,0.3851715,198.15789473684208,2391.578947368421,1450.2595098947368,27901.052999999993,27897.218552631573,27981.12963157894,27993.42626315789,28021.47968421052,28035.38352631579,28040.68581578947,28046.783499999998,28054.195789473684,0.7473598700243704,-0.7484736518923166,0.6631645289239911,-0.9925461516291676,0.1218693435041385,1.0,25.0,13.0
1637959586.0,2.5,0.360643,183.68421052631578,2384.8421052631575,1455.2247242105261,25772.678,25769.09489473684,25846.810736842104,25858.16147368421,25884.138631578942,25896.972947368416,25901.867368421048,25907.496,25914.348421052633,0.747766043866775,-0.747701518445742,0.6640349684421234,-0.9887563810644394,0.1495353433284355,1.0,26.0,12.0
1637959602.0,2.5,0.33611450000000004,169.21052631578948,2378.1052631578946,1460.1899385263157,23644.303000000004,23640.971236842106,23712.491842105264,23722.89668421053,23746.797578947368,23758.56236842105,23763.048921052632,23768.2085,23774.501052631582,0.7481722177091795,-0.7469283727003663,0.6649045089749225,-0.9841956079457328,0.1770847404502421,1.0,27.0,11.0
1637959618.0,2.5,0.31158600000000003,154.73684210526315,2371.368421052631,1465.155152842105,21515.927999999996,21512.847578947367,21578.172947368417,21587.63189473684,21609.456526315786,21620.151789473683,21624.23047368421,21628.921,21634.653684210527,0.7485783915515841,-0.7461542157415939,0.6657731493016573,-0.978867388873999,0.2044960513041732,1.0,28.0,10.0
1637959634.0,2.5,0.2870575,140.26315789473682,2364.6315789473683,1470.1203671578946,19387.553,19384.723921052628,19443.854052631577,19452.367105263158,19472.115473684207,19481.741210526314,19485.41202631579,19489.6335,19494.806315789476,0.7489845653939886,-0.7453790485787937,0.6666408882897691,-0.9727758782788936,0.2317479032024396,1.0,29.0,9.0
1637959650.0,2.5,0.262529,125.78947368421052,2357.8947368421054,1475.0855814736842,17259.177999999996,17256.600263157892,17309.535157894737,17317.102315789474,17334.77442105263,17343.33063157895,17346.593578947366,17350.346,17354.95894736842,0.7493907392363932,-0.744602872290494,0.6675077247318912,-0.965925826302149,0.258819045053703,1.0,30.0,8.0
1637959666.0,2.5,0.2380005,111.3157894736842,2351.157894736842,1480.0507957894736,15130.803,15128.476605263157,15175.216263157894,15181.83752631579,15197.43336842105,15204.920052631578,15207.775131578945,15211.0585,15215.111578947368,0.7497969130787977,-0.7438256879275632,0.6683736574544865,-0.9583225745413718,0.2856883671492364,1.0,31.0,7.0
1637959682.0,2.5,0.213472,96.84210526315789,2344.4210526315787,1485.016010105263,13002.428,13000.352947368421,13040.897368421052,13046.572736842105,13060.092315789472,13066.50947368421,13068.956684210525,13071.771,13075.264210526317,0.7502030869212023,-0.7430474965130178,0.6692386853176799,-0.9499720515301238,0.3123349184955916,1.0,32.0,6.0
1637959698.0,2.5,0.18894350000000001,82.36842105263158,2337.6842105263154,1489.9812244210525,10874.052999999998,10872.229289473682,10906.578473684209,10911.307947368421,10922.751263157894,10928.098894736842,10930.138236842105,10932.4835,10935.416842105264,0.7506092607636068,-0.7422682991393459,0.6701028071070756,-0.9408807690334348,0.338737920025279,1.0,33.0,5.0
1637959714.0,2.4999999999999996,0.164415,67.89473684210526,2330.9473684210525,1494.9464387368419,8745.677999999998,8744.105631578946,8772.259578947369,8776.043157894737,8785.410210526314,8789.688315789474,8791.319789473682,8793.196,8795.56947368421,0.7510154346060114,-0.7414880968224876,0.6709660216960059,-0.9310558158568708,0.3648767843520559,1.0,34.0,4.0
1637959730.0,2.5,0.1398865,53.421052631578945,2324.2105263157896,1499.9116530526314,6617.303,6615.98197368421,6637.940684210526,6640.778368421053,6648.069157894736,6651.277736842105,6652.501342105263,6653.9085000000005,6655.7221052631585,0.7514216084484159,-0.7407068906577543,0.6718283278726208,-0.9205048535309046,0.3907311283044234,1.0,35.0,3.0
1637959746.0,2.5,0.115358,38.94736842105263,2317.4736842105262,1504.876867368421,4488.927999999999,4487.858315789474,4503.621789473684,4505.513578947368,4510.728105263157,4512.867157894737,4513.682894736841,4514.621,4515.874736842105,0.7518277822908205,-0.7399246816637052,0.67268972451262,-0.9092361090268674,0.4162807923045244,1.0,36.0,2.0
1637959762.0,2.5,0.0908295,24.473684210526315,2310.736842105263,1509.8420816842104,2360.553,2359.7346578947368,2369.302894736842,2370.248789473684,2373.3870526315786,2374.4565789473686,2374.8644473684208,2375.3335,2376.0273684210524,0.752233956133225,-0.7391414709384686,0.6735502104067054,-0.8972583697484093,0.4415058526411928,1.0,37.0,1.0
1637959778.0,2.5,0.066301,10.0,2304.0,1514.807296,232.178,231.611,234.984,234.984,236.046,236.046,236.046,236.046,236.18,0.7526401299756296,-0.7383572595130314,0.6744097844222057,-0.8845809751770499,0.4663866404120291,0.0,0.0,0.0
1637959794.0,2.5,0.008135,30.0,2304.0,1614.102528,464.355,470.261,473.137,473.58,474.642,475.435,475.603,475.603,476.572,0.7530463038180342,-0.7375720484588915,0.675268445384615,-0.871213811186348,0.4909037534977282,0.0,0.0,0.0
1637959810.0,2.5,0.02937,40.0,2304.0,1678.938112,601.872,604.764,614.949,615.495,617.422,619.602,619.703,619.703,623.526,0.7534524776604387,-0.7367858388391104,0.6761261921314308,-0.8571673006431029,0.5150380750082624,0.0,0.0,0.0
1637959826.0,2.5,0.074563,60.0,2304.0,1826.459648,948.88,955.052,966.699,967.851,976.167,980.974,981.273,981.878,988.147,0.7538586515028433,-0.7359986317279537,0.6769830234906782,-0.8424523970619655,0.5387707849211465,0.0,0.0,0.0
1637959842.0,2.5,0.237811,70.0,2304.0,1842.905088,999.722,1000.283,1026.367,1033.963,1045.154,1047.156,1050.808,1054.284,1055.868,0.7542648253452477,-0.7352104281616313,0.6778389383344622,-0.8270805741916009,0.5620833779742039,0.0,0.0,0.0
1637959858.0,2.5,0.251015,90.0,2304.0,1862.51264,1288.141,1275.348,1324.392,1325.095,1340.786,1341.911,1352.542,1352.6,1355.972,0.7546709991876523,-0.7344212292466871,0.6786939354611805,-0.8110638193019193,0.584957674553795,0.0,0.0,0.0
1637959874.0,2.5,0.251015,100.0,2304.0,1862.51264,1943.954,1941.639,1973.065,1981.112,2005.808,2017.328,2023.353,2024.534,2028.918,0.7550771730300568,-0.7336310360121019,0.6795480137560628,-0.7944146207085465,0.6073758394968441,0.0,0.0,0.0
1637959890.0,2.5,0.418931,110.0,2304.0,436.957184,1558.184,1557.649,1598.207,1602.733,1607.055,1616.614,1621.012,1621.417,1625.858,0.7554833468724614,-0.7328398495474104,0.6804011720414133,-0.7771459614794384,0.6293203910220924,0.0,0.0,0.0
1637959906.0,2.5,0.529616,130.0,2304.0,449.912832,1801.161,1797.866,1843.815,1859.327,1880.291,1883.566,1886.99,1887.217,1887.668,0.7558895207148659,-0.7320476709435916,0.681253409140874,-0.7592713074988894,0.6507742170744989,0.0,0.0,0.0
1637959922.0,2.5,0.529616,140.0,2304.0,455.589888,2003.126,2009.649,2058.043,2063.606,2076.943,2087.486,2091.081,2091.577,2095.587,0.7562956945572705,-0.731254501243437,0.682104723932632,-0.7408045962885494,0.6717205893210058,0.0,0.0,0.0
1637959938.0,2.5,0.544032,150.0,2304.0,462.512128,6074.825,6081.96,6151.624,6154.795,6170.399,6176.185,6181.589,6182.169,6186.18,0.756701868399675,-0.730460341540623,0.6829551152428368,-0.7217602282499402,0.6921431737123427,0.0,0.0,0.0
1637959954.0,2.5,0.593069,160.0,2304.0,471.625728,2250.722,2255.21,2307.679,2311.848,2337.679,2348.054,2353.54,2355.948,2365.398,0.7571080422420796,-0.7296651928805116,0.6838045819520704,-0.7021530529735568,0.7120260460123025,0.0,0.0,0.0
1637959970.0,2.5,0.53883,170.0,2304.0,479.8464,2544.713,2540.879,2624.698,2626.667,2634.457,2645.82,2651.253,2652.151,2656.415,0.7575142160844841,-0.7288690563793969,0.684653122867783,-0.6819983601985125,0.7313537014923355,0.0,0.0,0.0
1637959986.0,2.5,0.452234,180.0,2304.0,536.694784,8991.083,8991.742,9066.302,9083.875,9099.995,9112.702,9119.442,9119.767,9121.116,0.7579203899268887,-0.7280719330753049,0.685500736883622,-0.6613118652761201,0.7501110696723645,0.0,0.0,0.0
1637960002.0,2.5,0.42733072222222224,170.55555555555554,2289.777777777778,541.0094648888889,8534.0725,8534.983277777777,8605.582055555555,8622.178777777777,8637.407944444445,8649.408999999998,8655.774555555554,8656.081499999998,8657.367444444444,0.7583265637692933,-0.7272738240873018,0.6863474228096383,-0.6401096996024668,0.7682835234956167,1.0,1.0,17.0
1637960018.0,2.5,0.40242744444444445,161.11111111111111,2275.5555555555557,545.3241457777777,8077.062,8078.224555555555,8144.86211111111,8160.482555555554,8174.820888888889,8186.115999999999,8192.107111111109,8192.395999999999,8193.618888888888,0.7587327376116978,-0.7264747304559854,0.6871931795418981,-0.6184083952818062,0.7858568932350096,1.0,2.0,16.0
1637960034.0,2.4999999999999996,0.37752416666666666,151.66666666666666,2261.333333333333,549.6388266666667,7620.0515,7621.465833333333,7684.1421666666665,7698.7863333333335,7712.233833333333,7722.8229999999985,7728.439666666665,7728.710499999999,7729.870333333332,0.7591389114541024,-0.7256746533031879,0.6880380058930597,-0.5962248750618981,0.802817475119609,1.0,3.0,15.0
1637960050.0,2.4999999999999996,0.3526208888888889,142.2222222222222,2247.111111111111,553.9535075555556,7163.040999999999,7164.707111111111,7223.4222222222215,7237.090111111111,7249.646777777778,7259.529999999999,7264.772222222221,7265.024999999999,7266.1217777777765,0.7595450852965069,-0.7248735936720734,0.6888819007616138,-0.5735764362450384,0.8191520443632191,1.0,4.0,14.0
1637960066.0,2.5,0.32771761111111114,132.77777777777777,2232.8888888888887,558.2681884444445,6706.030500000001,6707.948388888889,6762.702277777777,6775.393888888889,6787.059722222222,6796.236999999999,6801.104777777777,6801.339499999999,6802.3732222222225,0.7599512591389115,-0.724071552687234,0.6897248629628325,-0.5504807401575504,0.8348478632155654,1.0,5.0,13.0
1637960082.0,2.5,0.30281433333333335,123.33333333333333,2218.6666666666665,562.5828693333333,6249.02,6251.189666666666,6301.9823333333325,6313.697666666666,6324.4726666666675,6332.9439999999995,6337.437333333332,6337.6539999999995,6338.624666666667,0.760357432981316,-0.7232685314044435,0.6905668913871121,-0.5269557953586261,0.8498926930724595,1.0,6.0,12.0
1637960098.0,2.5,0.27791105555555556,113.88888888888887,2204.4444444444443,566.8975502222222,5792.0095,5794.430944444444,5841.2623888888875,5852.001444444443,5861.885611111111,5869.650999999999,5873.769888888887,5873.968499999999,5874.876111111111,0.7607636068237206,-0.7224645309209008,0.69140798488392,-0.5030199470792661,0.8642748016923624,1.0,7.0,11.0
1637960114.0,2.5,0.25300777777777783,104.44444444444444,2190.222222222222,571.2122311111111,5334.999000000001,5337.672222222222,5380.542444444444,5390.305222222222,5399.298555555557,5406.358,5410.102444444445,5410.283,5411.127555555556,0.7611697806661251,-0.7216595523251058,0.6922481423145372,-0.4786918581778419,0.8779829752986358,1.0,8.0,10.0
1637960130.0,2.5,0.22810450000000002,95.0,2176.0,575.526912,4877.9885,4880.913500000001,4919.8225,4928.609,4936.7115,4943.065,4946.4349999999995,4946.5975,4947.379,0.7615759545085297,-0.7208535966967975,0.6930873625520024,-0.4539904997581357,0.8910065241788964,1.0,9.0,9.0
1637960146.0,2.5,0.20320122222222223,85.55555555555556,2161.777777777778,579.841592888889,4420.978,4424.154777777778,4459.102555555555,4466.912777777778,4474.124444444445,4479.772,4482.767555555555,4482.912,4483.630444444444,0.7619821283509342,-0.7200466651573798,0.6939256444286637,-0.4289351336174009,0.903335292761565,1.0,10.0,8.0
1637960162.0,2.4999999999999996,0.17829794444444444,76.1111111111111,2147.555555555555,584.1562737777778,3963.9674999999997,3967.3960555555554,3998.3826111111107,4005.2165555555553,4011.537388888889,4016.4789999999994,4019.1001111111104,4019.2264999999993,4019.8818888888886,0.7623883021933388,-0.7192387587589539,0.6947629868515444,-0.4035452963412644,0.9149596678547318,1.0,11.0,7.0
1637960178.0,2.5,0.15339466666666668,66.66666666666667,2133.333333333333,588.4709546666667,3506.9570000000003,3510.637333333333,3537.662666666666,3543.520333333333,3548.9503333333337,3553.1859999999997,3555.432666666666,3555.5409999999997,3556.133333333333,0.7627944760357434,-0.7184298786357242,0.6955993886451156,-0.3778407870074925,0.9258705847328548,1.0,12.0,6.0
1637960194.0,2.5,0.1284913888888889,57.22222222222222,2119.1111111111113,592.7856355555556,3049.9465000000005,3053.8786111111112,3076.942722222222,3081.824111111111,3086.3632777777784,3089.893,3091.7652222222223,3091.8555,3092.384777777778,0.7632006498781478,-0.7176200258524664,0.6964348487084095,-0.3518416483624085,0.9360595357548704,1.0,13.0,5.0
1637960210.0,2.5,0.10358811111111112,47.77777777777778,2104.8888888888887,597.1003164444444,2592.9359999999997,2597.119888888889,2616.2227777777775,2620.1278888888887,2623.7762222222223,2626.5999999999995,2628.097777777777,2628.1699999999996,2628.636222222222,0.7636068237205524,-0.7168092015157143,0.6972693658998681,-0.32556815461897,0.9455185755436,1.0,14.0,4.0
1637960226.0,2.5,0.07868483333333333,38.333333333333336,2090.6666666666665,601.4149973333333,2135.9255,2140.3611666666666,2155.502833333333,2158.4316666666664,2161.1891666666666,2163.307,2164.430333333333,2164.4844999999996,2164.8876666666665,0.7640129975629569,-0.7159974067232062,0.6981029390896758,-0.2990407921814604,0.9542403285396632,1.0,15.0,3.0
1637960242.0,2.5,0.053781555555555555,28.88888888888889,2076.4444444444443,605.7296782222222,1678.915,1683.6024444444445,1694.7828888888887,1696.7354444444443,1698.602111111111,1700.014,1700.7628888888887,1700.799,1701.139111111111,0.7644191714053615,-0.7151846425841657,0.6989355671388882,-0.2722802471734706,0.9622179934916796,1.0,16.0,2.0
1637960258.0,2.5,0.028878277777777777,19.444444444444443,2062.222222222222,610.0443591111111,1221.9044999999999,1226.8437222222221,1234.0629444444444,1235.0392222222222,1236.0150555555556,1236.721,1237.0954444444444,1237.1135,1237.3905555555555,0.764825345247766,-0.7143709101684449,0.6997672489514694,-0.2453073857709737,0.9694453499224238,1.0,17.0,1.0
1637960274.0,2.5,0.003975,10.0,2048.0,614.35904,764.894,770.085,773.343,773.343,773.428,773.428,773.428,773.428,773.642,0.7652315190901706,-0.7135562106184271,0.7005979833598373,-0.2181432414991035,0.9759167619158224,0.0,0.0,0.0
1637960290.0,2.5,0.003975,20.0,2048.0,614.35904,302.673,301.695,311.201,311.201,312.513,313.401,313.401,313.401,313.442,0.7656376929325751,-0.7127405449963417,0.7014277692808562,-0.1908089952349451,0.9816271834751882,0.0,0.0,0.0
1637960306.0,2.5,0.0046219166666666665,19.166666666666664,2026.6666666666665,575.8122666666667,308.36224999999996,307.697,316.5181666666667,316.5181666666667,317.8193333333333,318.6333333333333,318.6333333333333,318.6333333333333,318.71891666666664,0.7660438667749797,-0.7119239144472856,0.7022566055496053,-0.1633259627721324,0.986572161519144,1.0,1.0,11.0
1637960322.0,2.4999999999999996,0.005268833333333333,18.333333333333332,2005.3333333333333,537.2654933333333,314.0515,313.69899999999996,321.8353333333333,321.8353333333333,323.12566666666663,323.86566666666664,323.86566666666664,323.86566666666664,323.99583333333334,0.7664500406173842,-0.711106320036006,0.7030844910854238,-0.1357155727200249,0.9907478404323048,1.0,2.0,10.0
1637960338.0,2.5,0.005915750000000001,17.5,1984.0,498.71872,319.74075,319.701,327.15250000000003,327.15250000000003,328.432,329.098,329.098,329.098,329.27275,0.7668562144597888,-0.7102877629103078,0.703911424726059,-0.1079993562077789,0.9941509639178072,1.0,3.0,9.0
1637960354.0,2.5,0.006562666666666666,16.666666666666664,1962.6666666666665,460.17194666666666,325.43,325.703,332.4696666666667,332.4696666666667,333.73833333333334,334.33033333333333,334.33033333333333,334.33033333333333,334.54966666666667,0.7672623883021933,-0.7094682441477052,0.7047374053830067,-0.0801989245834026,0.9967788784357672,1.0,4.0,8.0
1637960370.0,2.4999999999999996,0.007209583333333333,15.83333333333333,1941.333333333333,421.62517333333335,331.11924999999997,331.705,337.78683333333333,337.78683333333333,339.0446666666666,339.56266666666664,339.56266666666664,339.56266666666664,339.8265833333333,0.7676685621445979,-0.7086477648576714,0.7055624319379726,-0.0523359562489599,0.9986295347542584,1.0,5.0,7.0
1637960386.0,2.5,0.0078565,15.0,1920.0,383.07840000000004,336.8085,337.707,343.10400000000004,343.10400000000004,344.351,344.795,344.795,344.795,345.1035,0.7680747359870025,-0.7078263261818188,0.7063865032430542,-0.0244321783749304,0.9997014897757508,1.0,6.0,6.0
1637960402.0,2.4999999999999996,0.008503416666666666,14.166666666666664,1898.6666666666665,344.5316266666667,342.49775,343.70899999999995,348.42116666666664,348.42116666666664,349.65733333333327,350.0273333333333,350.0273333333333,350.0273333333333,350.38041666666663,0.768480909829407,-0.7070039291911627,0.7072096182238031,0.0034906514422217,0.999993907657696,1.0,7.0,5.0
1637960418.0,2.5,0.009150333333333333,13.333333333333332,1877.3333333333333,305.9848533333333,348.187,349.71099999999996,353.73833333333334,353.73833333333334,354.96366666666665,355.25966666666665,355.25966666666665,355.25966666666665,355.6573333333333,0.7688870836718116,-0.7061805750402509,0.7080317757246638,0.0314107588889005,0.9995065603716784,1.0,8.0,4.0
1637960434.0,2.5,0.00979725,12.5,1856.0,267.43808,353.87625,355.71299999999997,359.0555,359.0555,360.27,360.492,360.492,360.492,360.93425,0.7692932575142161,-0.7053562648025963,0.7088529746736835,0.0593063736358767,0.9982398279202056,1.0,9.0,3.0
1637960450.0,2.5,0.010444166666666666,11.666666666666666,1834.6666666666665,228.89130666666668,359.5655,361.715,364.37266666666665,364.37266666666665,365.5763333333333,365.72433333333333,365.72433333333333,365.72433333333333,366.2111666666666,0.7696994313566207,-0.7045309996354323,0.7096732139179966,0.0871557425919543,0.996194698105368,1.0,10.0,2.0
1637960466.0,2.5,0.011091083333333333,10.833333333333332,1813.3333333333333,190.34453333333335,365.25475,367.717,369.6898333333333,369.6898333333333,370.8826666666667,370.95666666666665,370.95666666666665,370.95666666666665,371.4880833333333,0.7701056051990252,-0.7037047806147638,0.7104924923881512,0.1149371505852933,0.9933727655897024,1.0,11.0,1.0
1637960482.0,2.5,0.011738,10.0,1792.0,151.79776,370.944,373.719,375.007,375.007,376.189,376.189,376.189,376.189,376.765,0.7705117790414298,-0.702877608900504,0.711310808933978,0.1426289335834959,0.9897762309253716,0.0,0.0,0.0
1637960498.0,2.5,0.011738,20.0,1792.0,216.383488,354.188,362.971,369.146,369.146,369.636,372.847,372.847,372.847,374.262,0.7709179528838342,-0.7020494855815063,0.7121281624783158,0.1702094992902588,0.9854078984620324,0.0,0.0,0.0
1637960514.0,2.5,0.038188,40.0,1792.0,293.568512,592.263,591.801,602.368,607.406,609.841,611.929,612.324,612.324,612.422,0.7713241267262388,-0.7012204117996432,0.712944551894142,0.1976573402906532,0.9802711746395611,0.0,0.0,0.0
1637960530.0,2.5,0.08504,50.0,1792.0,382.562304,729.368,730.063,744.422,750.634,753.401,753.759,755.204,755.204,755.236,0.7717303005686433,-0.7003903886462366,0.7137599761067958,0.2249510544988759,0.974370064749448,0.0,0.0,0.0
1637960546.0,2.5,0.100241,60.0,1792.0,432.566272,1503.851,1507.635,1531.005,1533.435,1550.083,1551.62,1551.671,1552.73,1552.745,0.7721364744110479,-0.6995594172865399,0.714574433971519,0.252069357737106,0.9677091706137764,0.0,0.0,0.0
1637960562.0,2.5,0.357892,80.0,1792.0,492.568576,1141.145,1146.121,1168.784,1170.042,1174.972,1175.206,1180.113,1180.456,1181.827,0.7725426482534524,-0.698727498803998,0.7153879244263974,0.2789911057765406,0.9602936857532612,0.0,0.0,0.0
1637960578.0,2.5,0.322333,90.0,1792.0,492.568576,1290.348,1297.608,1329.447,1336.95,1343.98,1346.374,1355.462,1360.068,1360.319,0.772948822095857,-0.6978946343665253,0.7162004463293876,0.3056953044966863,0.9521293928918896,0.0,0.0,0.0
1637960594.0,2.5,0.362431,100.0,1792.0,432.152576,1384.379,1381.808,1424.219,1425.856,1438.06,1441.702,1445.404,1446.007,1446.042,0.7733549959382616,-0.6970608250600347,0.7170119986210995,0.332161131656832,0.9432226580274948,0.0,0.0,0.0
1637960610.0,2.5,0.257195,120.0,1792.0,442.875904,1736.637,1745.013,1799.714,1803.047,1808.777,1813.632,1817.913,1818.933,1819.629,0.7737611697806661,-0.6962260720446496,0.717822580172342,0.3583679495535289,0.933580426494043,0.0,0.0,0.0
1637960626.0,2.5,0.257195,130.0,1792.0,448.147456,1864.348,1858.541,1911.638,1918.048,1935.425,1949.514,1963.603,1964.234,1967.471,0.7741673436230707,-0.6953903764400823,0.7186321898958609,0.3842953224682328,0.9232102171927242,0.0,0.0,0.0
1637960642.0,2.5,0.489523,140.0,1792.0,455.65952,3362.325,3361.519,3397.494,3412.401,3439.794,3449.001,3451.396,3455.347,3456.914,0.7745735174654752,-0.6945537393777436,0.7194408266955619,0.4099230338797328,0.9121201161551232,0.0,0.0,0.0
1637960658.0,2.5,0.363938,160.0,1792.0,469.901312,3046.9,3058.674,3113.754,3120.354,3138.668,3149.725,3151.826,3152.499,3153.926,0.7749796913078798,-0.6937161620007998,0.720248489466573,0.4352310992152375,0.9003187714781338,0.0,0.0,0.0
1637960674.0,2.5,0.608589,170.0,1792.0,480.382976,6666.477,6673.328,6730.923,6751.566,6774.626,6779.647,6784.255,6794.466,6795.309,0.7753858651502843,-0.6928776454117662,0.7210551771457208,0.4601997848503128,0.8878153851019511,0.0,0.0,0.0
1637960690.0,2.5,0.774454,180.0,1792.0,546.115584,2659.881,2655.042,2748.257,2753.899,2786.099,2796.791,2807.202,2809.192,2810.625,0.7757920389926889,-0.6920381907878204,0.7218608886005117,0.4848096201226132,0.874619707207977,0.0,0.0,0.0
1637960706.0,2.5,0.464316,190.0,1792.0,557.223936,2739.82,2731.705,2808.211,2827.477,2848.759,2852.84,2869.133,2871.164,2872.376,0.7761982128350934,-0.6911977992234676,0.7226656227804358,0.5090414158432297,0.8607420269490274,0.0,0.0,0.0
1637960722.0,2.5,0.699955,200.0,1792.0,564.563968,7405.822,7412.992,7470.028,7490.672,7513.195,7529.068,7533.336,7534.723,7539.465,0.776604386677498,-0.6903564718985176,0.7234693785557419,0.5328762759789709,0.8461931661853478,0.0,0.0,0.0
1637960738.0,2.5,0.7121775,205.0,1792.0,570.75712,9896.402,9895.214,9967.074,9990.661,10010.700499999999,10027.659,10031.298,10032.5465,10037.3395,0.7770105605199025,-0.6895142099099175,0.7242721548784699,0.5562956156173942,0.8309844691959438,1.0,1.0,1.0
1637960754.0,2.5,0.7244,210.0,1792.0,576.950272,12386.982,12377.436,12464.12,12490.65,12508.206,12526.25,12529.26,12530.37,12535.214,0.7774167343623071,-0.6886710144401028,0.7250739506216174,0.5792811722812059,0.8151277957722407,0.0,0.0,0.0
1637960770.0,2.5,0.77382,220.0,1792.0,586.866688,11083.598,11082.81,11168.205,11177.871,11203.522,11213.002,11217.857,11218.23,11220.472,0.7778229082047117,-0.6878268865990194,0.7258747647297705,0.6018150232909525,0.798635509942621,0.0,0.0,0.0
1637960786.0,2.5,0.580128,230.0,1792.0,598.646784,10316.722,10311.153,10401.275,10406.675,10434.839,10458.433,10463.318,10464.692,10466.08,0.7782290820471162,-0.6869818275400333,0.7266745961087093,0.6238795963123318,0.7815204727357832,0.0,0.0,0.0
1637960802.0,2.5,0.6792875,235.0,1792.0,605.190144,11121.522,11104.1655,11215.2275,11228.7055,11285.6305,11314.4165,11321.601999999999,11322.713,11327.582999999999,0.7786352558895208,-0.6861358384072324,0.727473443675578,0.6454576875263475,0.7637960288016297,1.0,1.0,1.0
1637960818.0,2.5,0.778447,240.0,1792.0,611.733504,11926.322,11897.178,12029.18,12050.736,12136.422,12170.4,12179.886,12180.734,12189.086,0.7790414297319253,-0.6852889203565607,0.7282713063388804,0.6665324698953281,0.7454759999994859,0.0,0.0,0.0
1637960834.0,2.5,1.06206,250.0,1792.0,623.210496,12245.674,12260.003,12364.823,12396.436,12430.831,12438.811,12442.109,12442.65,12445.49,0.7794476035743299,-0.6844410745028294,0.7290681830483431,0.6870875106404429,0.7265746711260442,0.0,0.0,0.0
1637960850.0,2.5,0.69206,260.0,1792.0,634.257408,11587.597,11574.789,11688.191,11692.867,11754.083,11775.822,11792.415,11799.388,11801.14,0.7798537774167343,-0.6835923020150714,0.7298640727051411,0.7071067812032724,0.7071067811698226,0.0,0.0,0.0
1637960866.0,2.5,0.868674,265.0,1792.0,641.886208,11501.019499999999,11490.7235,11602.7705,11616.122500000001,11665.7255,11687.79,11702.551,11706.300500000001,11707.356,0.7802599512591389,-0.6827426040636663,0.7306589742118849,0.726574670838597,0.6870875109444098,1.0,1.0,1.0
1637960882.0,2.5,1.045288,270.0,1792.0,649.515008,11414.442,11406.658,11517.35,11539.378,11577.368,11599.758,11612.687,11613.213,11613.572,0.7806661251015434,-0.6818919817564753,0.7314528865321585,0.745475999720638,0.6665324702072025,0.0,0.0,0.0
1637960898.0,2.5,0.738697,280.0,1792.0,662.81472,12779.15,12777.1,12892.066,12921.047,12957.063,12981.92,12987.507,12992.039,13007.745,0.781072298943948,-0.6810404362876707,0.7322458085514038,0.7637960285315986,0.6454576878458862,0.0,0.0,0.0
1637960914.0,2.5,0.9283275,285.0,1792.0,670.674944,13373.6525,13366.149000000001,13488.7675,13522.491,13555.5525,13580.0845,13587.363,13590.9555,13599.55,0.7814784727863525,-0.6801879687781897,0.7330377392258877,0.7815204724747793,0.6238795966392856,1.0,1.0,1.0
1637960930.0,2.5,1.117958,290.0,1792.0,678.535168,13968.155,13955.198,14085.469,14123.935,14154.042,14178.249,14187.219,14189.872,14191.355,0.7818846466287571,-0.6793345804034722,0.7338286774636423,0.79863550997109,0.6018150232531728,0.0,0.0,0.0
1637960946.0,2.5,1.24454,300.0,1792.0,692.289536,15944.602,15933.441,16082.29,16102.426,16157.2,16160.819,16172.908,16181.85,16185.229,0.7822908204711616,-0.6784802722868465,0.7346186222235089,0.8151277957996438,0.5792811722426461,0.0,0.0,0.0
1637960962.0,2.5,1.1471365,305.0,1792.0,700.194816,16581.850000000002,16602.1245,16734.553,16752.995,16801.6025,16813.2975,16823.0155,16828.4425,16836.104,0.7826969943135662,-0.6776250456276596,0.7354075723964992,0.8309844692222595,0.5562956155780842,1.0,1.0,1.0
1637960978.0,2.5,1.049733,310.0,1792.0,708.100096,17219.098,17270.808,17386.816,17403.564,17446.005,17465.776,17473.123,17475.035,17486.979,0.7831031681559708,-0.6767689015409808,0.7361955269539568,0.8461931662105556,0.5328762759389415,0.0,0.0,0.0
1637960994.0,2.5,0.9801880000000001,315.0,1792.0,717.244416,18200.042500000003,18227.8715,18356.09,18382.978,18424.9595,18438.736,18442.9295,18443.9985,18450.1985,0.7835093419983753,-0.6759118412287345,0.7369824847896875,0.8607420269731076,0.509041415802512,1.0,1.0,1.0
1637961010.0,2.5,0.910643,320.0,1792.0,726.388736,19180.987,19184.935,19325.364,19362.392,19403.914,19411.696,19412.736,19412.962,19413.418,0.7839155158407799,-0.675053865808381,0.7377684448776325,0.8746197072309111,0.4848096200812391,0.0,0.0,0.0
1637961026.0,2.5,0.8924755,325.0,1792.0,734.670848,19556.7065,19557.006500000003,19693.487,19728.222999999998,19776.997000000003,19787.282,19793.370000000003,19795.627,19800.703500000003,0.7843216896831844,-0.6741949764844156,0.7385534061143976,0.8878153849094238,0.4601997852217357,1.0,1.0,1.0
1637961042.0,2.5,0.874308,330.0,1792.0,742.95296,19932.426,19929.078,20061.61,20094.054,20150.08,20162.868,20174.004,20178.292,20187.989,0.784727863525589,-0.6733351743766833,0.7393373674765272,0.9003187712960522,0.4352310995918912,0.0,0.0,0.0
1637961058.0,2.5,0.893256,335.0,1792.0,751.5033599999999,22067.9485,22070.978000000003,22215.861,22261.7385,22308.475,22329.4725,22344.7425,22347.584000000003,22353.374,0.7851340373679935,-0.6724744606922437,0.7401203278634333,0.9121201159836294,0.4099230342613238,1.0,1.0,1.0
1637961074.0,2.5,0.912204,340.0,1792.0,760.05376,24203.471,24212.878,24370.112,24429.423,24466.87,24496.077,24515.481,24516.876,24518.759,0.7855402112103981,-0.6716128365641022,0.7409022862444956,0.923210217031952,0.3842953228544633,0.0,0.0,0.0
1637961090.0,2.5,0.8532305,345.0,1792.0,770.111488,23924.374499999998,23925.963499999998,24078.250500000002,24128.574999999997,24182.177499999998,24213.898,24229.16,24230.6175,24233.239,0.7859463850528026,-0.6707503031587387,0.7416832415610185,0.9335804265109956,0.3583679495093657,1.0,1.0,1.0
1637961106.0,2.5,0.794257,350.0,1792.0,780.169216,23645.278,23639.049,23786.389,23827.727,23897.485,23931.719,23942.839,23944.359,23947.719,0.7863525588952072,-0.6698868616762772,0.7424631927264194,0.9432226578885332,0.3321611320514349,0.0,0.0,0.0
1637961122.0,2.5,0.8421715000000001,355.0,1792.0,789.323776,25941.2025,25936.555,26081.5405,26115.4385,26184.353000000003,26231.528,26239.534,26241.6555,26244.52,0.7867587327376117,-0.6690225132424981,0.7432421387237752,0.952129392764,0.3056953048950154,1.0,1.0,1.0
1637961138.0,2.5,0.890086,360.0,1792.0,798.478336,28237.127,28234.061,28376.692,28403.15,28471.221,28531.337,28536.229,28538.952,28541.321,0.7871649065800163,-0.6681572590708433,0.7440200784595387,0.9602936856365436,0.2789911061782852,0.0,0.0,0.0
1637961154.0,2.5,0.9472216666666666,363.3333333333333,1791.9999999999998,804.5172053333333,28366.008333333335,28360.231,28514.892,28538.02,28604.683666666664,28651.543,28658.16533333333,28663.85066666667,28672.25633333333,0.7875710804224207,-0.6672911002894568,0.744797010919409,0.9677091705083216,0.2520693581419529,1.0,1.0,2.0
1637961170.0,2.5,1.0043573333333333,366.66666666666663,1791.9999999999998,810.5560746666666,28494.889666666666,28486.400999999998,28653.092,28672.89,28738.14633333333,28771.749,28780.101666666666,28788.749333333333,28803.191666666666,0.7879772542648253,-0.666424038114322,0.7455729350126656,0.9743700647600896,0.2249510544527831,1.0,2.0,1.0
1637961186.0,2.5,1.061493,370.0,1792.0,816.594944,28623.771,28612.571,28791.292,28807.76,28871.609,28891.955,28902.038,28913.648,28934.127,0.7883834281072299,-0.6655560736868011,0.7463478497179511,0.9802711746489112,0.1976573402442812,0.0,0.0,0.0
1637961202.0,2.5,1.0368076,374.0,1792.0000000000002,824.7590912000001,29470.436400000002,29461.273,29630.3126,29654.365,29717.815800000004,29739.422800000004,29749.819600000003,29759.951200000003,29777.195600000003,0.7887896019496344,-0.6646872081928302,0.7471217539764327,0.9854078984700844,0.1702094992436438,1.0,1.0,4.0
1637961218.0,2.5000000000000004,1.0121222,378.00000000000006,1792.0000000000002,832.9232384000001,30317.1018,30309.975000000002,30469.333200000005,30500.970000000005,30564.022600000004,30586.890600000002,30597.601200000005,30606.2544,30620.264200000005,0.789195775792039,-0.6638174428087271,0.7478946467403562,0.9897762309321188,0.1426289335366743,1.0,2.0,3.0
1637961234.0,2.5,0.9874368000000001,382.00000000000006,1792.0000000000002,841.0873856000001,31163.767200000002,31158.677000000003,31308.3538,31347.575000000004,31410.229400000004,31434.358400000005,31445.382800000007,31452.557600000004,31463.332800000004,0.7896019496344435,-0.6629467787229227,0.74866652695369,0.9933727655951394,0.1149371505383015,1.0,3.0,2.0
1637961250.0,2.5,0.9627514,386.0,1792.0,849.2515328000001,32010.4326,32007.379,32147.3744,32194.180000000004,32256.4362,32281.826200000003,32293.164400000005,32298.8608,32306.401400000002,0.7900081234768481,-0.6620752170814864,0.7494373936003611,0.9961946981094908,0.087155742544829,1.0,4.0,1.0
1637961266.0,2.5,0.938066,390.0,1792.0,857.41568,32857.098,32856.081,32986.395,33040.785,33102.643,33129.294,33140.946,33145.164,33149.47,0.7904142973192526,-0.661202759107987,0.750207245598165,0.9982398278953944,0.0593063740534963,0.0,0.0,0.0
1637961282.0,2.5,1.003428,393.3333333333333,1791.9999999999998,865.3591893333332,33567.83233333333,33562.397999999994,33727.374333333326,33778.89766666667,33839.066999999995,33868.98933333333,33878.435666666664,33882.14633333333,33890.380666666664,0.7908204711616572,-0.6603294059399604,0.7509760819433459,0.9995065603585374,0.0314107593070501,1.0,1.0,2.0
1637961298.0,2.5,1.06879,396.66666666666663,1791.9999999999998,873.3026986666666,34278.566666666666,34268.715,34468.35366666666,34517.01033333333,34575.490999999995,34608.68466666666,34615.92533333333,34619.128666666664,34631.29133333333,0.7912266450040617,-0.6594551588034906,0.7517439015565494,0.999993907656236,0.0034906518605752,1.0,2.0,1.0
1637961314.0,2.5,1.134152,400.0,1792.0,881.246208,34989.301,34975.032,35209.333,35255.123,35311.915,35348.38,35353.415,35356.111,35372.202,0.7916328188464663,-0.6585800188384465,0.7525107034366696,0.9997014897859722,-0.0244321779566993,0.0,0.0,0.0
1637961330.0,2.5,1.104158,403.3333333333333,1791.9999999999998,888.0728746666667,35974.270333333334,35963.34733333333,36177.50233333333,36213.02633333333,36273.909999999996,36305.927333333326,36311.435666666664,36313.846333333335,36325.38933333333,0.7920389926888708,-0.6577039872624589,0.7532764865167791,0.9986295347517828,-0.0523359562962003,1.0,1.0,2.0
1637961346.0,2.5,1.074164,406.66666666666663,1791.9999999999998,894.8995413333333,36959.23966666667,36951.66266666666,37145.67166666666,37170.92966666666,37235.905,37263.47466666666,37269.45633333333,37271.581666666665,37278.57666666667,0.7924451665312754,-0.6568270652615809,0.7540412497601567,0.9967788784693188,-0.0801989241663941,1.0,2.0,1.0
1637961362.0,2.5,1.04417,410.0,1792.0,901.726208,37944.209,37939.978,38113.841,38128.833,38197.9,38221.022,38227.477,38229.317,38231.764,0.7928513403736799,-0.6559492539901194,0.7548049921600982,0.9941509639629894,-0.1079993557918699,0.0,0.0,0.0
1637961378.0,2.5,1.011179,413.3333333333333,1791.9999999999998,909.5550293333333,39189.200333333334,39196.27966666667,39358.73966666666,39373.636999999995,39442.68266666667,39463.441666666666,39470.293,39471.98533333333,39475.14233333333,0.7932575142160845,-0.6550705546804169,0.7555677126444003,0.9907478404890822,-0.1357155723055396,1.0,1.0,2.0
1637961394.0,2.5,0.978188,416.66666666666663,1791.9999999999998,917.3838506666666,40434.191666666666,40452.581333333335,40603.63833333333,40618.441,40687.46533333333,40705.861333333334,40713.109,40714.653666666665,40718.52066666666,0.7936636880584891,-0.6541909684781473,0.7563294102186056,0.9865721615874724,-0.163325962359394,1.0,2.0,1.0
1637961410.0,2.5,0.945197,420.0,1792.0,925.212672,41679.183,41708.883,41848.537,41863.245,41932.248,41948.281,41955.925,41957.322,41961.899,0.7940698619008936,-0.6533104966181449,0.7570900838133815,0.9816271834661618,-0.1908089952813813,0.0,0.0,0.0
1637961426.0,2.5,0.9846655,422.5,1792.0,931.1252479999999,42101.99275,42122.933000000005,42276.877499999995,42297.15125,42369.10625,42392.572250000005,42400.81625,42406.28275,42410.84325,0.7944760357432982,-0.6524291402483945,0.7578497324369395,0.9759167619055028,-0.2181432415452696,1.0,1.0,3.0
1637961442.0,2.5,1.0241339999999999,425.0,1792.0,937.037824,42524.8025,42536.983,42705.21799999999,42731.0575,42805.9645,42836.86350000001,42845.707500000004,42855.2435,42859.7875,0.7948822095857027,-0.6515469006062155,0.7586083550228236,0.9694453499108194,-0.2453073858168336,1.0,2.0,2.0
1637961458.0,2.5,1.0636025,427.5,1792.0,942.9504,42947.61225,42951.032999999996,43133.5585,43164.96375,43242.82275,43281.15475,43290.59875,43304.20425,43308.73175,0.7952883834281073,-0.6506637788418977,0.7593659505819194,0.9622179934787992,-0.2722802472189886,1.0,3.0,1.0
1637961474.0,2.5,1.103071,430.0,1792.0,948.862976,43370.422,43365.083,43561.899,43598.87,43679.681,43725.446,43735.49,43753.165,43757.676,0.7956945572705117,-0.6497797761952391,0.7601225180506529,0.9542403286647688,-0.2990407917822483,0.0,0.0,0.0
1637961490.0,2.5,1.1765619999999999,433.3333333333333,1791.9999999999998,956.3450026666666,44077.551,44076.176,44264.71633333333,44301.676999999996,44375.954666666665,44416.79566666667,44429.272666666664,44441.98366666667,44448.009,0.7961007311129163,-0.6488948938299001,0.7608780564331467,0.9455185756798036,-0.3255681542234065,1.0,1.0,2.0
1637961506.0,2.5,1.2500529999999999,436.66666666666663,1791.9999999999998,963.8270293333333,44784.68,44787.269,44967.53366666666,45004.484,45072.22833333333,45108.145333333334,45123.05533333333,45130.80233333333,45138.342,0.7965069049553208,-0.6480091329660167,0.7616325646876132,0.9360595359020654,-0.3518416479708023,1.0,2.0,1.0
1637961522.0,2.5,1.323544,440.0,1792.0,971.309056,45491.809,45498.362,45670.351,45707.291,45768.502,45799.495,45816.838,45819.621,45828.675,0.7969130787977254,-0.6471224947695311,0.7623860418208469,0.9258705848909268,-0.3778407866201489,0.0,0.0,0.0
1637961538.0,2.5,1.27706475,442.5,1792.0,977.747968,46030.713749999995,46035.4945,46209.27225,46243.93025,46317.88125,46348.93950000001,46366.99650000001,46369.77925000001,46378.311,0.7973192526401299,-0.6462349804851778,0.7631384867750557,0.9149596680235574,-0.4035452959584855,1.0,1.0,3.0
1637961554.0,2.5,1.2305855,445.0,1792.0,984.18688,46569.6185,46572.627,46748.1935,46780.5695,46867.260500000004,46898.384000000005,46917.155,46919.9375,46927.947,0.7977254264825345,-0.6453465912701237,0.7638898985691799,0.9033352929410128,-0.4289351332394852,1.0,2.0,2.0
1637961570.0,2.5,1.18410625,447.5,1792.0,990.625792,47108.52325,47109.7595,47287.11475,47317.20875,47416.63975,47447.8285,47467.313500000004,47470.09575,47477.583,0.7981316003249391,-0.6444573283493076,0.7646402761670829,0.8910065241574202,-0.453990499800285,1.0,3.0,1.0
1637961586.0,2.5,1.137627,450.0,1792.0,997.064704,47647.428,47646.892,47826.036,47853.848,47966.019,47997.273,48017.472,48020.254,48027.219,0.7985377741673436,-0.6435671929489382,0.765389618534132,0.8779829754988994,-0.4786918578105325,0.0,0.0,0.0
1637961602.0,2.5,1.137627,450.0,1792.0,997.064704,47647.428,47646.892,47826.036,47853.848,47966.019,47997.273,48017.472,48020.254,48027.219,0.7989439480097482,-0.6426761862407491,0.7661379246839606,0.8642748019028038,-0.5030199467176916,1.0,1.0,3.0
1637961618.0,2.5,1.137627,450.0,1792.0,997.064704,47647.428,47646.892,47826.036,47853.848,47966.019,47997.273,48017.472,48020.254,48027.219,0.7993501218521527,-0.6417843094421609,0.7668851935940925,0.8498926930475317,-0.5269557953988305,1.0,2.0,2.0
1637961634.0,2.5,1.137627,450.0,1792.0,997.064704,47647.428,47646.892,47826.036,47853.848,47966.019,47997.273,48017.472,48020.254,48027.219,0.7997562956945573,-0.6408915637606458,0.7676314242528337,0.8348478631895248,-0.5504807401970432,1.0,3.0,1.0
