time,cpu_limit,cpu_usage,n,ram_limit_mb,ram_usage_mb,mean_ms,lat50_ms,lat75_ms,lat80_ms,lat90_ms,lat95_ms,lat98_ms,lat99_ms,lat100_ms,t_norm,sin_day,cos_day,sin_hour,cos_hour,is_gap,time_since_last_obs,time_to_next_obs
1637930130.0,3.5,0.0,10.0,2048.0,1482.559488,844.192,841.769,843.833,843.833,875.462,875.462,875.462,875.462,875.759,0.0,-0.1542792927718925,-0.9880272768612236,-0.5446390350041007,-0.8386705679525197,0.0,0.0,0.0
1637930146.0,3.5,0.059012,30.0,2048.0,1582.055424,542.502,543.193,549.103,550.186,551.202,552.363,552.525,552.525,552.841,0.0004061738424045,-0.15542881000161,-0.987847095972592,-0.5678437448643169,-0.8231363686646755,0.0,0.0,0.0
1637930162.0,3.5,0.072997,40.0,2048.0,1646.845952,582.36,584.222,597.598,598.091,599.218,601.417,603.755,603.755,606.606,0.000812347684809,-0.1565781168319987,-0.9876655776776596,-0.5906056676360599,-0.8069603121319932,0.0,0.0,0.0
1637930178.0,3.5,0.040482,50.0,2048.0,1688.539136,708.245,710.131,719.573,721.993,725.67,734.043,734.185,734.185,737.539,0.0012185215272136,-0.1577272116495686,-0.987482722231256,-0.6129070534978492,-0.7901550124960194,0.0,0.0,0.0
1637930194.0,3.5,0.306398,70.0,2048.0,1815.228416,1412.604,1416.541,1430.599,1439.236,1443.194,1444.121,1445.117,1448.054,1449.671,0.0016246953696181,-0.1588760929560964,-0.987298529871794,-0.6347305132432355,-0.7727335734636996,0.0,0.0,0.0
1637930210.0,3.5,0.495368,80.0,2048.0,1826.44736,1166.394,1170.535,1198.775,1201.212,1212.313,1213.628,1215.344,1216.54,1217.178,0.0020308692120227,-0.1600247591386896,-0.9871130008578574,-0.6560590288672613,-0.7547095803299081,0.0,0.0,0.0
1637930226.0,3.5,0.383648,100.0,2048.0,1830.576128,3535.697,3529.806,3568.727,3574.962,3588.783,3593.429,3594.414,3596.494,3596.999,0.0024370430544272,-0.1611732086996836,-0.9869261354313444,-0.6768759697459941,-0.7360970870614963,0.0,0.0,0.0
1637930242.0,3.5,0.369011,110.0,2048.0,434.372608,1527.971,1527.266,1571.459,1583.505,1595.752,1599.02,1607.039,1607.603,1609.029,0.0028432168968318,-0.1623214400267921,-0.9867379338545916,-0.6971651027611655,-0.7169106077413094,0.0,0.0,0.0
1637930258.0,3.5,0.369011,120.0,2048.0,439.410688,1673.571,1664.22,1746.609,1749.666,1765.461,1767.82,1769.404,1769.815,1772.349,0.0032493907392363,-0.1634694516229175,-0.986548396372982,-0.7169106077334886,-0.6971651027692077,0.0,0.0,0.0
1637930274.0,3.5,0.259239,130.0,2048.0,440.823808,1917.784,1920.672,1956.775,1970.206,1990.829,1997.882,2000.871,2002.789,2010.631,0.0036555645816409,-0.1646172418763883,-0.9863575232526036,-0.7360970870539031,-0.6768759697542516,0.0,0.0,0.0
1637930290.0,3.3537139277474646,0.5932383070243504,155.14418220858153,2359.2263445938534,676.0170449442945,11515.26008432026,12290.668174415896,13606.265417323966,12356.243150502372,12865.854948073207,11353.850736297223,12689.774658356524,10746.781806669522,9323.368735756721,0.0040617384240454,-0.1657648092763314,-0.9861653147447346,-0.7547095803225484,-0.6560590288757276,1.0,1.0,11.0
1637930306.0,3.3610782106480523,0.5442264544098606,143.48421307681338,2364.905082197372,703.7143275141693,11095.361900148753,11402.676365060403,12720.208140794526,11448.920504848325,11751.737064302553,10799.000640104216,12882.840857910836,10305.796586161761,8415.450679218193,0.00446791226645,-0.1669121522547506,-0.985971771111976,-0.7727335731610098,-0.6347305136117362,1.0,2.0,10.0
1637930322.0,3.3646731961283507,0.5094122083663684,147.61889949615474,2350.1713034619415,726.3478376510454,11193.791290228444,11206.378771550058,12136.538531328322,11160.634351224284,11392.735880405802,10186.644162010627,13079.627253692583,9955.736807923784,7890.5496228420325,0.0048740861088545,-0.16805926925831,-0.985776892616358,-0.7901550122037367,-0.6129070538746578,1.0,3.0,9.0
1637930338.0,3.366140306935724,0.5048947538910611,165.32564018098068,2328.466742029607,735.8131324280895,11650.86825136028,11355.38913966556,12115.51682061644,11775.466367535419,12264.42600693117,9850.424760458263,13333.116525478594,10155.27384232202,7862.6235007458135,0.0052802599512591,-0.1692061587483214,-0.9855806795192558,-0.8069603121253678,-0.5906056676451125,1.0,4.0,8.0
1637930354.0,3.3661230696174926,0.5318019748639549,184.53995479437856,2318.6006076660487,730.1475586755089,12331.143822584505,11482.676930917616,12852.712963400092,12783.183350262008,13966.08365938569,10120.372452537555,13615.286580866326,10601.665005213821,8488.236914425266,0.0056864337936636,-0.1703528191290365,-0.9853831320936998,-0.8231363683938826,-0.5678437452568535,1.0,5.0,7.0
1637930370.0,3.364703898999884,0.5858319283993899,197.6440337376263,2297.8005321484598,721.1931566049018,13150.613546931287,11615.509523147106,14205.92485796801,13908.626580370315,15614.350235888394,11163.423832240322,14083.508873904171,11109.890795816076,9202.880951604275,0.0060926076360682,-0.171499248905406,-0.9851842505972584,-0.8386705679464099,-0.5446390350135089,1.0,6.0,6.0
1637930386.0,3.364877294436248,0.6475160627461115,201.64469732395247,2306.9982875202368,708.6838146366548,13568.729670007075,11682.777491824245,15535.722207973591,14655.927399426015,16314.444947736789,12493.284185488876,14574.762287688902,11394.712881610525,9426.670975700285,0.0064987814784727,-0.1726454464679789,-0.9849840353091376,-0.8535507971635661,-0.5210096320236708,1.0,7.0,5.0
1637930402.0,3.360312154615716,0.6969462355969098,198.75126975448342,2312.6247915635568,695.2191616370084,13602.75989267793,11688.353391474418,16198.25143674047,14601.491678610702,15660.857146954015,13408.28797195565,14903.249606762467,11183.876173314735,9291.552832986912,0.0069049553208773,-0.173791410307979,-0.9847824864929128,-0.8677654533862394,-0.4969739609973286,1.0,8.0,4.0
1637930418.0,3.3580414111272634,0.7248582273657127,195.10369453719656,2297.0398574886467,682.7088992377829,13342.425001638901,11800.527535681978,16395.699968077723,14152.051753875967,14452.691160727976,13648.390948152406,15097.75450619388,10703.70243870658,9291.21949402508,0.0073111291632818,-0.174937138859601,-0.9845796044239472,-0.8813034519792307,-0.4725507650289987,1.0,9.0,3.0
1637930434.0,3.361650637663933,0.7219063217403362,192.78818602911608,2247.675061884074,674.9004765460179,12743.553470083178,11961.835427466835,16310.959160038154,13758.557736559678,13326.388435080407,12926.21043589587,14893.330683507113,10089.291303620477,9429.666069643601,0.0077173030056864,-0.1760826305716944,-0.9843753893769146,-0.894154236869751,-0.4477590877780965,1.0,10.0,2.0
1637930450.0,3.364478756358685,0.7087557659098163,194.22589139583096,2217.9595108205885,676.0413614464214,12269.806369784998,12189.217529966283,15999.629374170961,13938.354476928344,13361.97219629292,12116.370146134916,14541.525943727265,9908.61792655408,9909.880497870452,0.0081234768480909,-0.177227883879108,-0.9841698416308708,-0.9063077869739063,-0.4226182618752535,1.0,11.0,1.0
1637930466.0,3.5,0.03518,10.0,1792.0,513.339392,833.759,827.527,850.561,850.561,858.18,858.18,858.18,858.18,858.649,0.0085296506904955,-0.1783728972742995,-0.983962961456361,-0.9177546257240444,-0.3971478905421994,0.0,0.0,0.0
1637930482.0,3.5,0.082812,30.0,1792.0,606.560256,467.243,470.307,475.915,475.979,477.776,478.27,478.588,478.588,479.207,0.0089358245329,-0.1795176691498066,-0.9837547491438202,-0.9284858268380424,-0.3713678356574206,0.0,0.0,0.0
1637930498.0,3.5,0.1153,40.0,1792.0,658.812928,594.712,596.975,604.655,607.494,611.698,618.266,618.951,618.951,619.844,0.0093419983753046,-0.1806621980130421,-0.9835452049647216,-0.9384930228057916,-0.34529819887287,0.0,0.0,0.0
1637930514.0,3.5,0.060211,60.0,1792.0,797.978624,1343.613,1338.057,1366.07,1371.358,1374.652,1375.875,1379.012,1379.919,1385.208,0.0097481722177091,-0.1818064822572239,-0.9833343292132404,-0.9477684098347704,-0.3189593098175231,0.0,0.0,0.0
1637930530.0,3.5,0.286556,70.0,1792.0,852.381696,1005.227,1018.823,1035.01,1035.667,1040.067,1043.504,1046.789,1050.006,1050.9,0.0101543460601137,-0.1829505203904008,-0.9831221221643228,-0.9563047558756927,-0.2923717050084216,0.0,0.0,0.0
1637930546.0,3.5,0.338384,80.0,1792.0,855.867392,1134.653,1127.454,1175.163,1176.194,1182.664,1190.706,1191.22,1194.475,1195.886,0.0105605199025182,-0.1840943108064795,-0.9829085841158816,-0.9640954040973334,-0.2655561179833735,0.0,0.0,0.0
1637930562.0,3.5,0.279012,100.0,1792.0,861.896704,1382.228,1378.475,1415.713,1420.078,1438.353,1445.452,1451.436,1460.434,1461.871,0.0109666937449228,-0.1852378519998525,-0.9826937153490302,-0.971134279846254,-0.2385334578366265,0.0,0.0,0.0
1637930578.0,3.5,0.362392,110.0,1792.0,433.242112,1535.836,1550.836,1616.327,1616.987,1621.935,1625.335,1634.762,1636.933,1638.119,0.0113728675873273,-0.1863811424223215,-0.9824775161546192,-0.9774158942826356,-0.2113247964713926,0.0,0.0,0.0
1637930594.0,3.5,0.390209,130.0,1792.0,444.817408,1988.808,1996.293,2056.615,2061.061,2066.786,2075.075,2083.597,2084.161,2087.486,0.0117790414297319,-0.1875241804831462,-0.982259986833488,-0.98293534910675,-0.1839513508414425,0.0,0.0,0.0
1637930610.0,3.5,0.48273,140.0,1792.0,450.748416,6219.064,6219.588,6272.574,6284.242,6306.779,6311.372,6315.558,6315.702,6319.392,0.0121852152721364,-0.188666964692,-0.982041127669258,-0.987688340597742,-0.1564344650237871,0.0,0.0,0.0
1637930626.0,3.5,0.485493,150.0,1792.0,459.608064,2131.055,2142.068,2185.699,2212.663,2239.101,2251.997,2253.482,2254.207,2254.421,0.012591389114541,-0.1898094934445501,-0.9818209389691804,-0.9916711623573736,-0.1287955967755704,0.0,0.0,0.0
1637930642.0,3.5,0.485493,160.0,1792.0,466.665472,2445.344,2449.07,2526.61,2534.896,2549.712,2557.41,2560.074,2570.765,2574.578,0.0129975629569455,-0.1909517652511341,-0.9815994210203446,-0.9948807088338076,-0.1010562971335293,0.0,0.0,0.0
1637930658.0,3.5,0.66797,170.0,1792.0,476.319744,8046.799,8041.751,8115.133,8125.363,8147.629,8158.325,8163.364,8166.912,8170.339,0.0134037367993501,-0.1920937785081386,-0.9813765741337348,-0.9973144772122532,-0.0732381972938322,0.0,0.0,0.0
1637930674.0,3.5,0.849362,180.0,1792.0,544.833536,2755.991,2769.448,2834.991,2850.402,2871.635,2877.15,2884.349,2885.014,2890.943,0.0138099106417546,-0.1932355317265731,-0.981152398599906,-0.998970569794466,-0.045362988046645,0.0,0.0,0.0
1637930690.0,3.5,0.304529,190.0,1792.0,556.220416,2609.018,2617.693,2670.061,2680.798,2703.093,2708.208,2721.273,2722.77,2727.093,0.0142160844841592,-0.1943770233035524,-0.980926894733573,-0.9998476951540592,-0.0174524065708886,0.0,0.0,0.0
1637930706.0,3.5,0.541126,200.0,1792.0,565.035008,6938.791,6937.672,6996.858,7008.453,7037.389,7052.237,7061.292,7061.513,7064.634,0.0146222583265637,-0.195518251736495,-0.9807000628316002,-0.9999451693643004,0.0104717842319558,0.0,0.0,0.0
1637930722.0,3.5,0.516373,210.0,1792.0,575.471616,12025.885,12029.862,12089.852,12115.42,12132.441,12143.752,12159.604,12163.079,12167.048,0.0150284321689683,-0.1966592154517978,-0.9804719032067586,-0.9992629164144832,0.0383878089869911,0.0,0.0,0.0
1637930738.0,3.4636550239354706,0.5054356480473847,146.32602475200468,1738.1242860773987,648.2465506522371,10252.778963487928,9858.352609842837,11355.810808285045,11362.442076787818,10649.92254417234,8859.639018781978,12044.563247854367,8332.720218494089,7004.480138443167,0.0154346060113728,-0.1977999129475646,-0.980242416159358,-0.9978014682821924,0.066273900548412,1.0,1.0,1.0
1637930754.0,3.5,0.811179,220.0,1792.0,578.166784,12845.028,12849.314,12948.927,12950.232,13005.253,13026.431,13028.953,13029.504,13032.07,0.0158407798537774,-0.1989403426223919,-0.9800116020115708,-0.9955619646532624,0.0941083127876391,0.0,0.0,0.0
1637930770.0,3.470942567282295,0.4969621748124856,134.38691893560102,1696.8421851802418,634.0027635320672,8561.1450737062,8538.519396375106,10933.318561186577,9912.378580090966,9697.851762209642,8264.477889777037,10640.890753997322,7565.064631079504,7925.441785733597,0.0162469536961819,-0.2000805029893543,-0.9797794610643392,-0.9925461516759208,0.1218693431233638,1.0,1.0,11.0
1637930786.0,3.469981401727642,0.49926442918197367,125.108797492928,1777.9108846936638,630.5355214418337,7720.024554212054,8184.465625833055,10136.743398252987,8863.851632537418,8894.597896791061,7769.130841003844,9230.867324967365,6642.749848007288,8305.310033843853,0.0166531275385865,-0.2012203924478023,-0.9795459936435617,-0.9887563811218064,0.1495353429491146,1.0,2.0,10.0
1637930802.0,3.467469089032968,0.49428010600261807,122.27365846307633,1858.3296057879604,630.1409348219339,7601.427418274264,8296.210854682908,8866.08802628514,8084.865485127207,7905.511808764484,7407.093182721932,8075.066492010987,5739.3835820900695,8464.729702135362,0.017059301380991,-0.2023600095115148,-0.9793112000536396,-0.9841956080136685,0.177084740072671,1.0,3.0,9.0
1637930818.0,3.464292275957953,0.46399996334758264,123.22882244184407,1899.4761661616978,624.7258146196483,7564.101137034542,7901.883379218249,7036.603374842291,7282.310412372088,6625.584453470581,6722.068172966889,7068.399911783306,4935.025811452149,7903.157022833466,0.0174654752233956,-0.2034993525948527,-0.979075080621234,-0.978867388761999,0.2044960518402874,1.0,4.0,8.0
1637930834.0,3.4450194384188486,0.41276771450740457,122.94778523244445,1895.2571144001545,617.5545014079037,7108.030222835438,6729.018182417591,5303.395619508927,6332.6886330302805,5436.252287218407,5709.561534071296,6389.703328744739,4587.708801805009,6415.950994062281,0.0178716490658001,-0.2046384201695648,-0.9788376356630882,-0.972775878259884,0.2317479032822335,1.0,5.0,7.0
1637930850.0,3.4345015370350582,0.3837635540359763,119.99934533210589,1896.2278463874852,620.6235821811817,7052.616652755534,5630.797189979065,4708.744892788152,5988.082966163696,5106.4325231096245,5143.302362923452,6190.8733489369515,4876.535713779236,5242.527215244962,0.0182778229082047,-0.2057772106935188,-0.9785988655006684,-0.9659258262809188,0.2588190451329351,1.0,6.0,6.0
1637930866.0,3.4354494132871074,0.37908804153358844,113.58875045078771,1940.7805041759782,636.4309995879823,7083.9355989589185,4932.216311613853,4932.292418968438,6078.812850778868,5334.319857109946,4892.218500392282,6332.878748160654,5412.3369207119395,4505.342524847536,0.0186839967506092,-0.2069157226107203,-0.9783587704602456,-0.9583225745179376,0.2856883672278447,1.0,7.0,5.0
1637930882.0,3.448647559030308,0.4134021388213732,110.96179055689713,2003.4386034735126,662.0311069303041,7634.186301868971,5442.201290540719,5999.517898898235,6952.164334058045,6071.280136854266,5139.914006985711,7191.180322927508,6264.417502117953,4516.978409054294,0.0190901705930138,-0.2080539544225002,-0.9781173508578408,-0.949972051504504,0.312334918573515,1.0,8.0,4.0
1637930898.0,3.4510755533912185,0.4504540995151577,112.79998180805782,2040.715199527534,686.1064989515467,8098.096190882767,6604.638886835948,6877.823189877028,7660.119166765244,6447.690403912149,5548.218328088546,8146.626307498403,6884.304263749451,4741.060259639196,0.0194963444354183,-0.2091919045309168,-0.977874607032378,-0.9408807690056492,0.3387379201024566,1.0,9.0,3.0
1637930914.0,3.449699951946073,0.48225303779106143,120.80041420810225,2010.454173264537,699.2632356808634,8870.323897462758,8131.430996226487,7600.194886141971,8655.861908969538,6740.870541907238,6117.511043779334,9108.638765124027,7085.918815278146,5183.681116287504,0.0199025182778229,-0.2103295714522773,-0.9776305393003542,-0.931055815826941,0.3648767844284277,1.0,10.0,2.0
1637930930.0,3.448560632186219,0.5056503894026163,133.7251571375692,1920.492648457816,696.297259231194,9858.970868183482,9294.630971865348,8230.343977056978,9758.784628173755,7152.204809342546,6827.276872520562,9731.080580369526,7259.694389492788,5798.677869909301,0.0203086921202274,-0.211466953589433,-0.9773851480044112,-0.920504853498854,0.3907311283799297,1.0,11.0,1.0
1637930946.0,3.5,0.052094,10.0,1536.0,653.971456,502.057,503.014,504.966,504.966,505.494,505.494,505.494,505.494,511.036,0.020714865962632,-0.2126040494594318,-0.9771384334644972,-0.9092361089927212,0.4162807923791063,0.0,0.0,0.0
1637930962.0,3.5,0.009995,30.0,1536.0,762.503168,441.104,444.162,447.504,450.078,452.106,452.254,455.001,455.001,456.945,0.0211210398050365,-0.2137408574659265,-0.97689039602697,-0.897258369712194,0.4415058527147923,0.0,0.0,0.0
1637930978.0,3.5,0.00843,40.0,1536.0,795.901952,616.555,617.498,635.278,635.488,636.736,637.072,637.169,637.169,637.783,0.0215272136474411,-0.2148773761125017,-0.9766410360183554,-0.8845809751387936,0.4663866404845886,0.0,0.0,0.0
1637930994.0,3.5,0.037488,60.0,1536.0,934.85056,1355.277,1360.589,1374.076,1374.699,1384.79,1394.083,1395.263,1396.855,1397.157,0.0219333874898456,-0.2160136038462565,-0.976390353779344,-0.8712138113746755,0.4909037531635007,0.0,0.0,0.0
1637931010.0,3.5,0.282292,70.0,1536.0,988.667904,3111.408,3115.948,3142.496,3146.532,3159.147,3160.869,3161.488,3161.816,3164.841,0.0223395613322502,-0.2171495391289034,-0.9761383496493234,-0.8571673008406892,0.5150380746794236,0.0,0.0,0.0
1637931026.0,3.5,0.325759,80.0,1536.0,993.820672,1116.123,1118.672,1144.415,1151.347,1159.381,1164.342,1171.374,1172.216,1172.254,0.0227457351746547,-0.2182851804083495,-0.9758850239726472,-0.8424523972686565,0.5387707845979529,0.0,0.0,0.0
1637931042.0,3.5,0.425662,100.0,1536.0,997.74464,1409.342,1401.528,1453.739,1454.72,1460.243,1473.742,1476.244,1477.653,1478.469,0.0231519090170593,-0.2194205261897042,-0.9756303770827522,-0.8270805744072353,0.5620833776569075,0.0,0.0,0.0
1637931058.0,3.5,0.273746,110.0,1536.0,436.342784,1552.557,1567.305,1595.389,1597.158,1603.708,1606.632,1614.371,1614.855,1623.783,0.0235580828594638,-0.2205555749074645,-0.9753744093307132,-0.8110638189815449,0.5849576749980051,0.0,0.0,0.0
1637931074.0,3.5,0.364559,120.0,1536.0,442.146816,1735.983,1728.886,1790.83,1794.995,1807.906,1810.096,1811.082,1815.043,1820.147,0.0239642567018684,-0.2216903249965593,-0.9751171210695256,-0.7944146206587253,0.6073758395620077,0.0,0.0,0.0
1637931090.0,3.5,0.263686,140.0,1536.0,454.332416,3573.2,3568.001,3617.282,3629.642,3648.822,3656.573,3662.842,3665.076,3669.259,0.0243704305442729,-0.2228247749774681,-0.9748585126346492,-0.7771459614278171,0.6293203910858393,0.0,0.0,0.0
1637931106.0,3.5,0.487369,150.0,1536.0,463.171584,2559.012,2556.514,2632.071,2644.891,2650.852,2653.482,2658.198,2661.027,2666.863,0.0247766043866774,-0.2239589232575584,-0.9745985843891396,-0.7592713074455083,0.6507742171367796,0.0,0.0,0.0
1637931122.0,3.5,0.487369,160.0,1536.0,471.179264,3115.212,3102.985,3182.098,3214.937,3228.188,3238.713,3244.543,3247.727,3250.043,0.025182778229082,-0.2250927683439161,-0.9743373366751744,-0.7408045962334502,0.6717205893817718,0.0,0.0,0.0
1637931138.0,3.4489990029214543,0.3831998846404542,126.82958163031589,1615.0742839610175,600.9448534846333,6366.29864109236,4985.859982553904,6101.109294993155,5997.4210254460995,6189.7660034498385,2892.668667935848,6272.614851893404,5369.565092181101,3575.4903928668646,0.0255889520714865,-0.2262263086731183,-0.9740747698529796,-0.7217602281931658,0.6921431737715465,1.0,1.0,18.0
1637931154.0,3.4270434535131726,0.3415314351000819,126.25295039410202,1612.8664879919475,586.5097130451298,5653.259875083635,4427.691151152772,5557.500748418433,5942.77984074531,5828.474533464681,1949.3137172169882,5530.648610114977,4459.585334790447,4043.877483840106,0.0259951259138911,-0.2273595427530399,-0.9738108842681564,-0.7021530529151515,0.7120260460698979,1.0,2.0,17.0
1637931170.0,3.407039281329172,0.30046993027966096,120.27288217370169,1607.7844884803285,582.6975447970865,4783.56725316938,3871.3155739104895,4802.787388520175,5531.047213897522,5429.139743581607,1343.1670577494297,4839.653361216402,3701.539348080076,4267.266633757106,0.0264012997562956,-0.2284924689927553,-0.9735456802911688,-0.6819983601385217,0.7313537015482777,1.0,3.0,16.0
1637931186.0,3.3924394137874323,0.2621860566606352,108.36152124436522,1599.7449844794755,590.6067225729282,4108.045692519841,3264.1069067655862,3806.795852833129,4826.997354081024,4643.660429216392,1468.04828437584,4467.135771642685,3134.8318219042703,3837.883918853291,0.0268074735987002,-0.2296250859151219,-0.9732791582677978,-0.6613118652145907,0.7501110697266099,1.0,4.0,15.0
1637931202.0,3.387363816696319,0.23347076964455588,95.60468112313345,1574.5893821083287,604.0034670312036,3992.9024354916037,3068.9796702363183,2965.5345355991394,4113.359694749761,3691.681246318978,2081.254018713691,4715.857816197769,2881.662140440474,2970.8085593874584,0.0272136474411047,-0.2307573919300808,-0.973011318572208,-0.6401096995394467,0.7682835235481229,1.0,5.0,14.0
1637931218.0,3.386776091119881,0.21422879715902138,85.97093496632843,1526.1906336150405,612.8557975873814,4065.917977617695,3146.0157012306536,2407.730102744599,3322.7946258236807,2881.4330495708236,2413.5506799762934,5228.337530650013,2683.491535019515,1935.0339449546827,0.0276198212835093,-0.2318893855612981,-0.9727421615536171,-0.6184083952173448,0.7858568932857358,1.0,6.0,13.0
1637931234.0,3.3878436768457854,0.20566324536210773,81.84321713778877,1472.898307474129,614.858794531279,4104.160694630851,3251.834939431257,2237.431358354903,2543.617464225843,2404.8431128969423,2171.8120418260387,5430.700349762101,2576.2708387516595,1087.1286737400278,0.0280259951259138,-0.2330210652195896,-0.9724716875898896,-0.5962248753698864,0.8028174748908767,1.0,7.0,12.0
1637931250.0,3.3922459610216738,0.20771308798853283,81.42058852138939,1451.6079845466516,615.8042162810036,4382.165920868521,3430.197220184242,2376.0123662280203,2073.838778420186,2632.281116347287,1625.8879600413875,5179.0635889086225,2620.8018052224197,711.5733856917122,0.0284321689683184,-0.2341524294294384,-0.9721998970336768,-0.5735764365592932,0.8191520441431756,1.0,8.0,11.0
1637931266.0,3.3995658287464496,0.22248168118200617,82.81308590670213,1479.474846620877,620.6453942548326,4906.944882704878,3812.27859255725,2654.302392781343,2047.1450093262683,3441.9079248417584,1223.1776461647132,4696.221571929971,2918.275747352045,786.9265787405657,0.0288383428107229,-0.2352834766025439,-0.9719267902665408,-0.5504807404778267,0.8348478630043822,1.0,9.0,10.0
1637931282.0,3.4090591495745666,0.2570417439432784,86.39870563513094,1528.8526058550572,626.6160801740646,5657.317936448657,4406.629036200509,3277.8304432634905,2534.369657601672,4546.31537932338,1293.2358681668957,4481.672191430891,3337.9552678067867,1350.7514645968604,0.0292445166531275,-0.2364142052500743,-0.971652367648006,-0.5269557956846741,0.8498926928703011,1.0,10.0,9.0
1637931298.0,3.413647695487749,0.3022695059696282,93.47896960729508,1562.3359283684758,627.7489808708647,6298.8513085278355,5266.689003004478,4220.062935973387,3178.4398261661536,5039.628334537665,1827.8456152120743,4836.378176391518,3570.7362927809663,2072.9569677428153,0.029650690495532,-0.2375446138411749,-0.9713766295495516,-0.503019946605913,0.8642748019678606,1.0,11.0,8.0
1637931314.0,3.4117231788697917,0.3386541237154725,99.31654008771814,1554.6978476507616,619.0578648708212,6350.923706517098,5928.968800959012,5177.437707381754,3553.888411729691,4697.738536839874,2710.3723939302054,5601.184620663753,3487.142553407628,2590.027656461625,0.0300568643379366,-0.2386747008030302,-0.9710995763548576,-0.4786918581058236,0.8779829753379014,1.0,12.0,7.0
1637931330.0,3.4021310871507024,0.37281333278704315,103.02469973402718,1491.1398670940475,603.1556430732461,5850.605203805526,6149.580937938092,6081.599526477523,3572.330862453324,3959.8313208125473,3326.326213730721,6367.217401160129,3436.851029598387,2938.2107351123814,0.0304630381803411,-0.2398044646621997,-0.9708212084251536,-0.4539904996850491,0.8910065242161358,1.0,13.0,6.0
1637931346.0,3.383041268336055,0.3979515445265317,101.87753188845853,1411.6819948239154,591.4712427207264,4935.278022033528,5968.533702469245,6876.320822799897,3468.3598001717255,3329.0950111677757,3106.553682768954,6719.803930282869,3453.509570357646,3178.2098309194134,0.0308692120227457,-0.2409339038326297,-0.9705415261512356,-0.428935133543303,0.9033352927967492,1.0,14.0,5.0
1637931362.0,3.3730197241670323,0.42335841403038454,100.83818067403314,1363.6246646945438,592.7766707125463,4670.8604342592225,5977.038111787144,7937.498533944688,4356.513955738497,3509.4671867897086,2583.7214448494724,7181.082249291936,3777.719931515032,3519.0656483013136,0.0312753858651502,-0.2420630168417241,-0.9702605298977606,-0.403545296266213,0.9149596678878334,1.0,15.0,4.0
1637931378.0,3.3756786774421648,0.448816723343478,103.21506665249112,1395.0781523522646,609.4697995850197,5413.5195376923475,6636.256076061114,8896.022319647243,6091.995302400555,4459.402720271119,2165.2718708804223,7766.152397149258,4336.516292279324,3840.509737664166,0.0316815597075548,-0.243191802104343,-0.9699782200592144,-0.3778407869315461,0.925870584763848,1.0,16.0,3.0
1637931394.0,3.378989969799499,0.4521537817262263,107.33508989901746,1482.1867480877972,630.5250863231834,6368.823150659096,7190.176397695108,8919.38252154765,7295.081163511712,5100.044107218653,1806.5767464713026,7847.973797768799,4675.571547756499,3890.650609086748,0.0320877335499593,-0.2443202581346322,-0.9696945970072364,-0.3518416482856263,0.9360595357837308,1.0,17.0,2.0
1637931410.0,3.376144613786515,0.42402171621007984,109.21256791026535,1572.1271267759262,640.5832884879133,6718.65587829238,6902.867768638964,7903.712571698567,7154.39705073482,4930.647727703143,1375.6487096262772,7002.690587191477,4329.184899090264,3469.862834849395,0.0324939073923639,-0.2454483833907066,-0.9694096611293332,-0.3255681545414119,0.9455185755703054,1.0,18.0,1.0
1637931426.0,3.5,0.002942,20.0,1280.0,548.72064,299.436,298.076,305.492,305.492,306.044,307.823,307.823,307.823,309.605,0.0329000812347684,-0.2465761763452481,-0.9691234128112668,-0.2990407921031869,0.9542403285641928,0.0,0.0,0.0
1637931442.0,3.5,0.066336,30.0,1280.0,184.250368,476.01,474.479,486.442,487.129,490.101,491.254,491.359,491.359,492.296,0.033306255077173,-0.2477036354572901,-0.9688358524441804,-0.2722802470945427,0.9622179935140138,0.0,0.0,0.0
1637931458.0,3.5,0.074923,50.0,1280.0,306.491392,760.825,761.035,783.778,785.583,794.017,795.55,798.221,798.221,798.86,0.0337124289195775,-0.2488307592427118,-0.9685469804065756,-0.245307385691453,0.9694453499425456,0.0,0.0,0.0
1637931474.0,3.5,0.139124,60.0,1280.0,356.737024,852.52,856.042,870.321,871.295,880.49,882.802,883.216,884.99,885.159,0.0341186027619821,-0.2499575461191656,-0.968256797103994,-0.2181432418734987,0.975916761832135,0.0,0.0,0.0
1637931490.0,3.5,0.254342,80.0,1280.0,415.301632,1092.496,1093.787,1117.797,1121.981,1130.736,1132.084,1134.012,1134.107,1134.983,0.0345247766043866,-0.2510839946175137,-0.9679653029147854,-0.190808995611531,0.9816271834019872,0.0,0.0,0.0
1637931506.0,3.5,0.419444,90.0,1280.0,421.978112,2514.654,2519.689,2548.848,2549.04,2557.047,2562.755,2563.868,2567.037,2568.024,0.0349309504467912,-0.2522101031563568,-0.9676724982481728,-0.1633259626912068,0.9865721615325412,0.0,0.0,0.0
1637931522.0,3.5,0.240957,100.0,1280.0,421.978112,1388.345,1386.643,1418.615,1420.92,1431.987,1444.185,1455.979,1456.189,1456.892,0.0353371242891957,-0.2533358702674416,-0.9673783834859232,-0.1357155726387569,0.9907478404434372,0.0,0.0,0.0
1637931538.0,3.394703777000629,0.5339891147375044,147.50991757975467,1880.4518150955632,614.0919899047917,9446.779859595808,6936.645853758155,8581.997948544646,6601.452394876382,6345.693606892946,3465.206700415689,7519.826043763358,5955.8770957507695,3743.6791063755336,0.0357432981316003,-0.2544612943843981,-0.9670829590372362,-0.1079993556632941,0.9941509639769572,1.0,1.0,11.0
1637931554.0,3.39548308708543,0.4842604345762748,144.91571052504696,1753.2457824269177,618.5903073391693,8104.161419039199,5564.540390027487,7666.051937687615,5839.00411983358,5818.359025876805,2578.8023842556468,7120.187842784191,5664.165569203929,3506.3591140461394,0.0361494719740048,-0.2555863739835781,-0.9667862253021224,-0.0801989245016398,0.9967788784423456,1.0,2.0,10.0
1637931570.0,3.403158135216143,0.46306891583506227,138.03409532013632,1688.3641639461857,632.7317874858223,7001.253753429575,4729.752251578906,7728.877074095688,5507.837444678862,6087.404047994705,2326.532101772593,6948.294523948234,5500.256652822047,3918.2855242832247,0.0365556458164094,-0.2567111075839927,-0.9664881826711592,-0.0523359561670453,0.9986295347585517,1.0,3.0,9.0
1637931586.0,3.419303580375858,0.47148260110462537,133.6819121069271,1674.8765341618823,651.4561362846356,6900.286304329507,5080.848261226398,8384.080236370599,5913.191186730204,6956.09368621941,2699.383767382118,7348.70568836565,5566.528458220049,4832.659080158826,0.0369618196588139,-0.2578354936066499,-0.966188831562762,-0.0244321782929279,0.9997014897777547,1.0,4.0,8.0
1637931602.0,3.429021479842941,0.47694882440890524,130.8460979514901,1671.4622221699499,668.6060129761076,7547.34292641954,6228.582651375782,8759.32544811675,6588.960437907046,7569.481875594471,3343.384406233072,7901.647685235602,5476.240703453488,5567.284867373401,0.0373679935012185,-0.2589595305855424,-0.965888172367234,0.0034906515242482,0.9999939076574098,1.0,5.0,7.0
1637931618.0,3.429164137157632,0.46110763831673784,129.664766901646,1643.1515803990173,677.187105366176,8488.928949344838,7516.33127180428,8675.063782126606,7450.516022389269,7638.688063979727,3886.299092941441,8284.571790586115,5356.162195440236,6046.543269544287,0.037774167343623,-0.2600832169426561,-0.9655862055066649,0.0314107589708871,0.9995065603691018,1.0,6.0,6.0
1637931634.0,3.4254650580152926,0.42578298162516226,129.10530050223105,1590.4163694493013,673.3756863061383,9374.957285274246,8250.86467911935,8366.966718633008,8292.237039803096,7427.617204322907,4280.05181233797,8260.069840572422,5424.6657522458245,6391.516876406386,0.0381803411860276,-0.261206551212896,-0.9652829313747678,0.0593063737177593,0.9982398279153408,1.0,7.0,5.0
1637931650.0,3.427021809927499,0.39815406877894655,125.70841999222492,1533.7127476065148,664.6784162617624,10087.747849927666,8241.217316601305,8133.437594084171,8898.02957240666,7151.314194106439,4358.626746249451,7836.946681539178,5659.020090729653,6809.804608429988,0.0385865150284321,-0.2623295318192345,-0.9649783503973036,0.0871557426736692,0.9961946980982188,1.0,8.0,4.0
1637931666.0,3.434300681739998,0.37996136886393617,114.96476737318254,1517.761514785741,660.3387233335565,10218.944130097396,7493.171074118774,7948.46976720533,8958.046971961086,6825.907276858983,4034.4455442193084,7342.836616618182,5686.487419183159,7132.536204043194,0.0389926888708367,-0.2634521572974967,-0.9646724629713938,0.1149371506667767,0.9933727655802744,1.0,9.0,3.0
1637931682.0,3.445544348246638,0.3705586552049547,100.3344999942147,1533.0871562133837,666.4155156797626,10020.091732600242,6746.234530810094,7785.434522853846,8725.42939973632,6618.089421844959,3672.8103770484213,7098.332425440076,5691.735101094086,7300.662958637024,0.0393988627132412,-0.2645744260716502,-0.9643652695264678,0.1426289332037838,0.989776230980089,1.0,10.0,2.0
1637931698.0,3.450604646777194,0.3638430879781073,89.18695580583899,1554.8478278606249,677.9824005422504,9717.369223502892,6675.53893416312,7721.800134442877,8444.568072673972,6472.087938733126,3503.4198257135376,7314.100090460817,5638.580642229095,7827.569005497372,0.0398050365556458,-0.2656963366644193,-0.96405677046692,0.1702094989122226,0.9854078985273308,1.0,11.0,1.0
1637931714.0,3.5,0.0,10.0,1024.0,448.217088,180.824,182.531,184.747,184.747,185.769,185.769,185.769,185.769,185.876,0.0402112103980503,-0.2668178875288374,-0.9637469662181296,0.1976573399145876,0.9802711747153892,0.0,0.0,0.0
1637931730.0,3.5,0.043524,20.0,1024.0,562.368512,343.816,344.519,347.292,347.292,350.954,350.981,350.981,350.981,351.272,0.0406173842404549,-0.2679390771885603,-0.9634358571878788,0.2249510541250742,0.9743700648357472,0.0,0.0,0.0
1637931746.0,3.5,0.113007,40.0,1024.0,639.619072,609.693,609.46,616.769,621.663,632.967,634.402,634.439,634.439,634.702,0.0410235580828594,-0.2690599040695713,-0.9631234438129274,0.2520693578164843,0.9677091705930998,0.0,0.0,0.0
1637931762.0,3.5,0.10201,50.0,1024.0,728.334336,735.548,738.596,748.718,749.223,757.412,759.402,761.446,761.446,763.872,0.041429731925264,-0.2701803667105037,-0.9628097265006093,0.2789911058553106,0.9602936857303764,0.0,0.0,0.0
1637931778.0,3.5,0.009862,60.0,1024.0,778.543104,921.889,923.968,949.795,952.159,954.608,955.633,956.058,956.484,956.699,0.0418359057676685,-0.2713004635663735,-0.96249470568345,0.3056953050181564,0.9521293927244638,0.0,0.0,0.0
1637931794.0,3.5,0.251456,80.0,1024.0,838.47168,1106.998,1129.869,1139.342,1141.33,1150.047,1152.274,1152.658,1153.385,1155.922,0.0422420796100731,-0.272420193092729,-0.9621783817958708,0.3321611317342018,0.9432226580002488,0.0,0.0,0.0
1637931810.0,3.5,0.415916,90.0,1024.0,838.47168,1440.195,1438.391,1474.568,1477.931,1495.82,1497.572,1500.182,1500.657,1502.876,0.0426482534524776,-0.2735395538156371,-0.9618607552542844,0.3583679496301078,0.9335804264646472,0.0,0.0,0.0
1637931826.0,3.5,0.322583,110.0,1024.0,436.576256,1545.466,1547.888,1573.602,1587.572,1595.418,1608.584,1610.203,1610.522,1612.985,0.0430544272948822,-0.2746585442056394,-0.9615418264926592,0.384295322543961,0.9232102171612016,0.0,0.0,0.0
1637931842.0,3.5,0.476131,120.0,1024.0,442.748928,1737.19,1743.514,1778.66,1784.445,1795.834,1800.627,1806.118,1807.48,1814.913,0.0434606011372867,-0.2757771627477852,-0.9612215959427782,0.4099230339545513,0.9121201161214983,0.0,0.0,0.0
1637931858.0,3.5,0.38228,130.0,1024.0,448.159744,2406.398,2406.913,2451.969,2467.214,2490.745,2503.658,2512.302,2512.435,2512.795,0.0438667749796913,-0.2768954079136442,-0.960900064042217,0.4352310992890879,0.9003187714424331,0.0,0.0,0.0
1637931874.0,3.5,0.569335,140.0,1024.0,453.136384,5803.573,5799.805,5887.637,5888.425,5890.974,5904.012,5907.837,5911.538,5918.921,0.0442729488220958,-0.2780132782312233,-0.9605772312141948,0.4601997849231377,0.8878153850642023,0.0,0.0,0.0
1637931890.0,3.5,0.268844,150.0,1024.0,453.718016,2161.558,2176.809,2209.616,2213.652,2223.646,2227.178,2231.38,2231.786,2235.02,0.0446791226645004,-0.2791307721311657,-0.9602530979119304,0.4848096201943556,0.8746197071682096,0.0,0.0,0.0
1637931906.0,3.3789849290295457,0.48451181539019605,132.81749240546054,1400.6415389217289,611.7435637768517,7226.980876336367,5402.418390413648,7534.379223820904,6015.518537928001,6252.31083548608,4906.978159042132,5650.618357731319,5144.692754959366,7101.507799080988,0.0450852965069049,-0.2802478881564504,-0.9599276645580382,0.5090414159138338,0.8607420269072722,1.0,1.0,11.0
1637931922.0,3.3758869705166665,0.4442892143465996,119.7561983901444,1414.0697413742678,629.6243161785966,7162.572932576879,5025.443358523191,7297.151632293944,5558.203373322647,5701.082514508025,4412.859017766112,6101.296920104027,4756.3159791989765,6342.47019941986,0.0454914703493095,-0.2813646247387795,-0.9596009316093882,0.5328762756543421,0.8461931663897774,1.0,2.0,10.0
1637931938.0,3.373199394128233,0.4198929042465377,115.07093780769313,1394.5290592090937,643.4253759981597,7188.066845483801,5030.215927112164,7454.433774429415,5385.156882712292,5497.699168296445,3723.3521146855273,6634.390231633008,4828.010760887129,6039.995451424105,0.045897644191714,-0.2824809804221191,-0.959272899491984,0.5562956152985999,0.8309844694093579,1.0,3.0,9.0
1637931954.0,3.3720195014577765,0.41096034167519346,115.74972571808853,1368.220848977808,651.6093131237374,7274.163769214549,5062.243249328329,7723.209221327309,5461.577393815674,5671.2088409733005,3040.5686708103494,6835.80294985225,5099.808722071084,6250.271616604588,0.0463038180341186,-0.2835969536392389,-0.958943568666344,0.5792811719684949,0.8151277959944728,1.0,4.0,8.0
1637931970.0,3.375996598450615,0.41919068745418475,118.14165867363263,1349.4074777747137,657.5562069724465,7630.531028807594,5185.107023452234,8007.878130462243,5668.666445307925,6194.754439032209,2764.4288077922047,6788.347454148276,5454.462080225425,6892.203769274329,0.0467099918765231,-0.2847125429211507,-0.9586129395660022,0.6018150229845686,0.7986355101734979,1.0,5.0,7.0
1637931986.0,3.389078947485449,0.4423761890520089,121.57300758167196,1358.3595699588168,662.5239335031185,8252.43062667892,5609.407461286244,8289.551571687218,5883.990742779268,6810.6504622757275,3292.7980849652067,6660.832022583074,5844.989464058848,7613.0480350612725,0.0471161657189277,-0.2858277467435491,-0.9582810126426932,0.6238795963764375,0.7815204726846081,1.0,6.0,6.0
1637932002.0,3.4008056819042527,0.46854465449682203,123.61270069930623,1381.720864804261,658.9186695768693,8772.48144507936,5897.217363998056,8295.13108625986,6094.82960677033,6865.46260024669,4240.208907649016,6533.316591017874,6061.306444510788,7899.07702829132,0.0475223395613322,-0.2869425635966097,-0.957947788345798,0.6454576875889994,0.7637960287486848,1.0,7.0,5.0
1637932018.0,3.4048660397266683,0.47885045023413647,124.71384902552603,1390.581377288118,641.5908714367367,8575.750152961038,5669.421741523445,7891.453948228736,5758.812778489057,6196.021972043711,4636.515278340727,6426.48536376656,5738.2172240827185,7490.7287453861845,0.0479285134037368,-0.2880569919849672,-0.957613267122262,0.6665324703036166,0.7454759996344339,1.0,8.0,4.0
1637932034.0,3.406472106584082,0.47894914688725,127.3073763305006,1371.4708052498177,618.7710114861364,7986.661172961951,5165.981031808838,7577.488881089708,5007.346891981351,5289.139237071098,4361.569265879592,6264.9694507061195,5117.255158414704,6964.424319588923,0.0483346872461413,-0.2891710303580419,-0.9572774494375538,0.6870875107000416,0.7265746710696845,1.0,9.0,3.0
1637932050.0,3.404097621934983,0.48313182786088393,134.70886135683344,1336.3291007924208,600.989719143487,7544.472905784998,5122.548810203283,7784.673455321351,4685.80881548827,5246.749912873009,4051.578042772928,6372.1134556307625,5015.900319995817,6536.115352679268,0.0487408610885458,-0.2902846772633178,-0.9569403357295226,0.7071067812612742,0.7071067811118207,1.0,10.0,2.0
1637932066.0,3.407327697970833,0.5019685207712639,146.25545100760138,1328.3444676000545,591.3640660251726,7503.512907432872,5678.320888449798,8528.749166754054,5215.2457447221095,6256.141904500333,3841.4058536347584,6667.408405425476,5758.9824847510245,6412.754533645739,0.0491470349309504,-0.2913979311373675,-0.9566019264714356,0.7265746708949568,0.687087510884811,1.0,11.0,1.0
1637932082.0,3.5,0.002872,10.0,768.0,529.7152,208.632,209.848,212.519,212.519,212.688,212.688,212.688,212.688,213.496,0.0495532087733549,-0.2925107905147824,-0.9562622221087776,0.7454759997753116,0.6665324701460533,0.0,0.0,0.0
1637932098.0,3.5,0.0,30.0,768.0,619.393024,469.402,469.227,472.832,473.779,475.831,476.276,480.166,480.166,482.31,0.0499593826157595,-0.2936232538749871,-0.955921223105683,0.7637960285845435,0.6454576877832342,0.0,0.0,0.0
1637932114.0,3.5,0.08223,40.0,768.0,671.612928,693.784,687.855,708.56,711.383,720.761,726.243,728.056,728.056,728.144,0.050365556458164,-0.2947353197118673,-0.955578929923815,0.7815204725259544,0.6238795965751798,0.0,0.0,0.0
1637932130.0,3.5,0.049544,60.0,768.0,810.491904,916.454,920.563,940.137,940.888,948.085,949.763,950.278,950.981,951.07,0.0507717303005686,-0.2958469865059466,-0.9552353430308944,0.7986355100204552,0.6018150231876631,0.0,0.0,0.0
1637932146.0,3.5,0.252934,70.0,768.0,866.451456,987.901,998.653,1012.693,1014.399,1020.411,1022.054,1022.652,1023.298,1023.873,0.0511779041429731,-0.2969582527938909,-0.954890462879172,0.8151277958471604,0.5792811721757836,0.0,0.0,0.0
1637932162.0,3.5,0.309662,90.0,768.0,875.913216,1305.325,1305.361,1344.878,1353.597,1361.691,1376.55,1377.775,1378.762,1380.331,0.0515840779853777,-0.2980691170156146,-0.9545442899528191,0.8309844690088455,0.5562956158968783,0.0,0.0,0.0
1637932178.0,3.5,0.309662,100.0,768.0,875.913216,1412.759,1418.192,1451.667,1458.783,1468.338,1470.109,1470.845,1471.098,1472.88,0.0519902518277822,-0.2991795777227404,-0.954196824703186,0.846193166006126,0.5328762762635701,0.0,0.0,0.0
1637932194.0,3.5,0.284446,110.0,768.0,437.16608,2445.865,2448.06,2501.352,2513.538,2521.754,2533.677,2539.356,2539.495,2540.323,0.0523964256701868,-0.3002896333563141,-0.9538480676180722,0.860742026777822,0.5090414161327222,0.0,0.0,0.0
1637932210.0,3.398615661235331,0.5901037669691369,180.66539749995775,1686.2803567513802,623.0746149578408,12197.563146516355,12066.010746719274,14402.168468670417,12317.658593686581,12239.879004716502,10508.191833740475,9437.005773181663,10796.059038796851,8655.441100777145,0.0528025995125913,-0.3013992824690123,-0.9534980191521976,0.8746197070449215,0.4848096204167732,1.0,1.0,12.0
1637932226.0,3.383455950977524,0.5888176443531967,191.2167942361417,1831.7066745685834,602.9252784641889,12251.636860396593,11610.863196695005,14285.106459953711,12611.034131798377,11608.343678900907,9933.268577014987,9382.108026937636,9961.952635116435,8366.953577806287,0.0532087733549959,-0.3025085235030201,-0.9531466797969884,0.8878153849471726,0.4601997851489109,1.0,2.0,11.0
1637932242.0,3.3644120630946883,0.5945568979833727,199.6053221164825,1893.879632489797,572.2009499194968,11533.748929695575,10357.138371691115,14108.246442406944,12335.117537703056,10497.020185534026,9005.67765507226,9325.284065715281,9271.45382881051,7854.448641521961,0.0536149471974004,-0.3036173550120765,-0.9527940500105312,0.900318771331753,0.4352310995180408,1.0,3.0,10.0
1637932258.0,3.3484493899084535,0.6241774681707511,205.14606276657986,1912.328642271625,547.5351977497874,10707.800102972102,9197.268725204405,14380.195114668104,12000.360228539213,9878.462219183835,8377.267664211151,9661.0834145253,9101.224404140256,7625.323335269168,0.054021121039805,-0.3047257754533741,-0.952440130283442,0.9121201162081396,0.4099230337617663,1.0,4.0,9.0
1637932274.0,3.3408881644782933,0.6731632453878131,207.67253934979016,1945.075123629911,544.5014572450052,10416.804953941843,9111.532455626198,15246.082866087185,12177.790463847117,10270.409668234253,8419.615302044871,10648.402992412794,9671.858400527743,7760.79898092116,0.0544272948822095,-0.3058337833262878,-0.9520849210949248,0.9232102170634744,0.3842953227787352,1.0,5.0,8.0
1637932290.0,3.3452999661918557,0.7197881296967951,207.08999498452008,2031.9306397943715,563.544660459031,10799.51481494705,10301.970557879104,16281.887129318258,12724.588048243606,11325.270383717248,9027.351491792433,11896.688157521468,10561.203593766051,8214.515440038831,0.0548334687246141,-0.3069413771722993,-0.9517284229125303,0.9335804265403916,0.3583679494327869,1.0,6.0,7.0
1637932306.0,3.354836750442017,0.7346950451416544,204.52761767348176,2138.429744956062,586.7857567171612,11453.400669613504,11568.170569266915,16516.77993615442,13229.153261192669,12141.780428729007,9345.756017553718,12750.18441431104,11058.062503968471,8502.37531920237,0.0552396425670186,-0.3080485554364791,-0.9513706362367396,0.9432226579157796,0.3321611319740652,1.0,7.0,6.0
1637932322.0,3.362216578654139,0.7104520353899331,202.19429579186718,2208.0070451817046,597.0135857490603,11734.282383270409,11764.623656140964,15538.609859270091,13022.510218555988,12088.597578186158,8698.841962276034,12626.1092274716,10765.196698002248,8236.207875713102,0.0556458164094232,-0.3091553166752555,-0.9510115615340448,0.9521293927890754,0.3056953048169151,1.0,8.0,5.0
1637932338.0,3.366930967565455,0.6652010596832556,200.93145373193045,2203.7191722701605,592.5805118872906,11407.44677376885,11046.45646419426,14292.963154065039,12458.447795175109,11600.067889026257,7572.920139681506,11742.236374665303,10008.768622664793,8016.549272058554,0.0560519902518277,-0.3102616593348679,-0.9506511993085448,0.9602936856594284,0.2789911060995152,1.0,9.0,4.0
1637932354.0,3.3685806035953316,0.6193123417297397,197.00310025752324,2142.6476896749787,576.473718953425,10135.360014132515,9760.643659166977,13275.779717645653,11459.428757843265,10980.66077458438,6243.070313123548,10386.829191973378,8942.897653643793,7664.992530494816,0.0564581640942323,-0.3113675819728341,-0.9502895500300896,0.967709170528998,0.2520693580625747,1.0,10.0,3.0
1637932370.0,3.371818187910902,0.5956892803286229,187.16158766995224,2105.5897746501005,563.5235761680143,8673.208909452738,8920.319956970492,13517.78359480116,10803.857557043306,11295.557936915673,5727.392509506817,9926.898604087412,8571.408602106665,7784.290083893206,0.0568643379366368,-0.3124730830365707,-0.9499266142063924,0.9743700647785416,0.2249510543728584,1.0,11.0,2.0
1637932386.0,3.3785585080916123,0.5909653023068169,172.36711217687701,2118.7431577814214,554.9614489371752,7678.03972445738,8713.93069020185,14356.866881310561,10568.105559451706,11881.827851665774,6323.918392986681,10036.023947184294,8180.936346187558,8316.750127879719,0.0572705117790414,-0.313578161070875,-0.9495623923152224,0.9802711746651246,0.1976573401638725,1.0,12.0,1.0
1637932402.0,3.5,0.003928,10.0,512.0,514.248704,195.018,196.921,198.694,198.694,200.248,200.248,200.248,200.248,201.229,0.0576766856214459,-0.314682814565803,-0.9491968848542144,0.9854078984047862,0.1702094996216801,0.0,0.0,0.0
1637932418.0,3.5,0.024822,30.0,512.0,622.747648,453.752,455.331,463.396,463.643,465.597,466.207,469.864,469.864,472.85,0.0580828594638505,-0.315787042025814,-0.948830092318212,0.9897762308774014,0.1426289339163864,0.0,0.0,0.0
1637932434.0,3.5,0.024822,40.0,512.0,656.154624,682.283,682.659,691.846,691.998,699.09,699.377,699.547,699.547,703.571,0.058489033306255,-0.3168908419421422,-0.9484620152084112,0.9933727655510456,0.1149371509193933,0.0,0.0,0.0
1637932450.0,3.5,0.093347,60.0,512.0,794.935296,857.468,863.931,883.087,884.153,887.456,899.357,899.518,899.582,899.588,0.0588952071486596,-0.3179942128618083,-0.9480926540093004,0.9961946980760548,0.0871557429270035,0.0,0.0,0.0
1637932466.0,3.5,0.247067,70.0,512.0,848.203776,1021.845,1023.912,1045.213,1049.518,1055.688,1060.114,1061.157,1061.384,1067.341,0.0593013809910641,-0.3190971532358109,-0.947722009239419,0.9982398279002592,0.0593063739716137,0.0,0.0,0.0
1637932482.0,3.3737462295428124,0.5196591463445261,151.46632922724558,2154.0845791464326,530.1816275422599,8881.574871057572,6943.688317549573,9586.867781777972,10819.738624962978,9172.435810263643,4766.6920495540435,7671.567809372686,8849.6206032089,5696.377505618684,0.0597075548334687,-0.3201996616261042,-0.9473500813820244,0.999506560361114,0.0314107592250636,1.0,1.0,12.0
1637932498.0,3.3813296625608786,0.5562249321123766,155.32796434051482,2259.735577346893,547.0692456210048,9374.27858082376,7536.802204066813,10056.336489894962,10813.925982871595,9997.375754388268,5250.117311618666,7979.654436963981,9628.550778222949,5497.35555772955,0.0601137286758732,-0.3213017364986781,-0.9469768709545836,0.9999939076581476,0.0034906513128902,1.0,2.0,11.0
1637932514.0,3.3782217282585116,0.6083227852016602,167.20490773744442,2388.5123069635865,557.8711239082187,10060.07678617458,8981.554783135867,11005.18261004227,11107.22672254746,10815.971844329355,6356.205610696048,8732.102756650189,10270.696828942153,5935.888365176785,0.0605199025182778,-0.3224033763752741,-0.9466023784577255,0.999701489783968,-0.0244321780387018,1.0,3.0,10.0
1637932530.0,3.3539153470447576,0.6530068920775484,182.0768007137329,2509.3205036382983,550.8271512520661,11029.071506159762,10598.67344936425,12333.248542994232,11845.547865735889,11605.53103057534,8061.507814657849,9778.383093726348,10777.668614347444,7575.75062709566,0.0609260763606823,-0.3235045797644316,-0.9462266043984594,0.9986295347474898,-0.0523359563781149,1.0,4.0,9.0
1637932546.0,3.324788615000251,0.6958326188282339,198.39472021078248,2558.0262238212863,532.647975862292,12069.3880865661,11892.45120950505,13853.335459117454,13173.273884201224,12482.353180407037,9668.51240105083,10877.878061546986,11383.129206042036,9287.346442258495,0.0613322502030869,-0.3246053451615168,-0.945849549290252,0.9967788784627404,-0.0801989242481569,1.0,5.0,8.0
1637932562.0,3.2988058076505746,0.7334777548205603,210.6400271266327,2561.1247880029805,511.4585202549989,12896.453511446318,12721.915008854243,15047.820217968774,14626.585935696594,13209.250250678459,10890.941374987211,11246.85537947565,11642.720979816087,10088.0049429627,0.0617384240454914,-0.3257056711175447,-0.9454712136294102,0.9941509639541306,-0.1079993558734171,1.0,6.0,7.0
1637932578.0,3.2780639910467015,0.7670840896281956,218.473540072382,2566.9719785874504,502.4862232937421,14067.184968872154,13344.579716351447,16397.331367606843,16611.62747303286,14335.627091110271,12415.812077221606,11968.771643351061,12389.44963930803,10108.854737395159,0.062144597887896,-0.3268055560877888,-0.9450915979470726,0.9907478404779498,-0.1357155723868077,1.0,7.0,6.0
1637932594.0,3.2748385327791305,0.7821187810378194,221.3714692497777,2569.7217280769496,516.4005496370764,15162.159968274591,13797.80499891114,17392.997851165437,18301.208620397978,15318.121063635324,13728.26205824566,13217.377947516412,13189.990266440747,9634.03011517015,0.0625507717303005,-0.3279049986381869,-0.9447107027381932,0.9865721615740752,-0.1633259624403195,1.0,8.0,5.0
1637932610.0,3.2886356841434194,0.7648836246992461,220.0125437558348,2537.661901941356,540.5206574795718,15361.470044759739,14044.352505233299,17528.349109585008,18672.773868982036,15500.577427448774,14039.441713759767,14216.304054531347,13339.488807962298,8966.528757524666,0.0629569455727051,-0.3290039972252526,-0.9443285285375032,0.9816271834505104,-0.1908089953619012,1.0,9.0,4.0
1637932626.0,3.297446985271847,0.7367619869721188,220.50968242249016,2518.330434788657,561.1371983162444,15086.560714707623,14356.981919961323,17271.66966356934,17867.923535130958,15279.246002562686,13792.703516793483,15046.581678810471,13047.660521731768,8913.781894143956,0.0633631194151096,-0.3301025504160795,-0.9439450758432928,0.9759167618876092,-0.2181432416253211,1.0,10.0,3.0
1637932642.0,3.293906637507826,0.7302236210600342,229.10795760292984,2547.4674116824817,573.5422961248455,14865.4414838357,14960.576828961424,17664.21495343848,17189.882049649383,15840.379555571655,13933.717670779706,15591.046510400709,13323.711075002535,9755.30849507594,0.0637692932575142,-0.3312006566684298,-0.9435603451938837,0.9694453500049278,-0.2453073854449211,1.0,11.0,2.0
1637932658.0,3.2835392542198427,0.7339138022982012,236.6266613090108,2556.5880470955767,571.7238884028587,14298.460285102181,15365.476005712133,17802.3958139949,16555.606921720704,16708.38367072416,13618.078723363986,15149.449455515143,13366.734850490086,10624.503469018415,0.0641754670999187,-0.3322983145368354,-0.9431743370957346,0.9622179935832552,-0.2722802468498488,1.0,12.0,1.0
1637932674.0,3.5,0.012709,10.0,256.0,487.309312,181.642,184.189,189.528,189.528,190.649,190.649,190.649,190.649,191.08,0.0645816409423233,-0.3333955225214905,-0.9427870520762482,0.9542403286402394,-0.2990407918605217,0.0,0.0,0.0
1637932690.0,3.251741478102344,0.7876217504486314,238.34776913674781,2692.1689053724926,555.0577088932178,15003.722973475895,16043.585797860987,18206.81811250579,16844.8006245493,19462.40929078792,14394.318126350896,14157.981083083496,14430.932780223857,11087.545983997647,0.0649878147847278,-0.3344922791369344,-0.9423984906597522,0.945518575653098,-0.3255681543009646,1.0,1.0,17.0
1637932706.0,3.2524147557674286,0.8127137125738683,235.96643935221124,2807.538181563862,557.4285892559561,16177.797181195781,16587.04080030232,18636.120740295806,17286.141609545626,20157.559548530815,15487.85423701706,14762.094746033616,15478.771578811647,10847.849867284178,0.0653939886271324,-0.3355885828846097,-0.942008653377186,0.9360595358732048,-0.3518416480475845,1.0,2.0,16.0
1637932722.0,3.256660423573371,0.8153933936570457,233.61308797420804,2890.867558386931,557.9157755133565,16868.9035774737,16902.379802358275,18643.53867773915,17122.507358484712,19733.15137126399,15999.611351500651,15672.503842453707,15960.268693070733,10542.441984259945,0.0658001624695369,-0.3366844323214041,-0.9416175407416824,0.9258705848599336,-0.3778407866960954,1.0,3.0,15.0
1637932738.0,3.2587321447740187,0.8119789089408307,234.42127572581106,2953.123143402795,554.6163301310212,17038.51479129176,17032.775151577054,18788.02351873569,16782.054318421186,18787.972490595028,15964.485565230778,16644.74142028964,16085.436080533875,10774.732461677288,0.0662063363119415,-0.3377798259362689,-0.941225153292486,0.9149596678025405,-0.4035452964595982,1.0,4.0,14.0
1637932754.0,3.243189159749067,0.8165865223169921,238.93258973879438,3007.794555863669,547.2301069885076,16833.86130299861,17407.584822912548,19103.115361182565,16945.948895856738,18419.28068261255,15563.086404849337,17289.50139351131,16188.214411515502,11601.559000269153,0.066612510154346,-0.3388747622188179,-0.9408314915706956,0.9033352929058284,-0.4289351333135831,1.0,5.0,13.0
1637932770.0,3.2222034298046935,0.8420817080839803,245.24549949689668,3075.3971888578767,549.034686840447,17083.461639391768,18023.729124040437,19405.127282039117,17498.623411909375,19189.943229255434,15376.23385406475,17550.989257510773,16736.867623180155,13083.438730926207,0.0670186839967506,-0.3399692397414413,-0.9404365560895782,0.8910065241201807,-0.4539904998733716,1.0,6.0,12.0
1637932786.0,3.2063586507101274,0.8706552482679617,249.2837030714618,3143.7578733021937,564.0153859856782,17525.973861687555,18568.25025672301,19432.23598863691,18371.334935843122,20256.937726325574,15832.794730820775,17668.934776155118,17241.233685511936,14362.4600176873,0.0674248578391551,-0.3410632569676231,-0.9400403474035768,0.8779829754596337,-0.4786918578825508,1.0,7.0,11.0
1637932802.0,3.1932815186959447,0.8672245767792468,247.53139149406985,3243.8897826823804,574.1282039560215,17488.659282248704,18578.62304966658,19057.49393395668,19260.841644945565,20477.257925381993,16503.94587197877,17512.370350440087,16816.952300468314,14634.731343671929,0.0678310316815597,-0.3421568124572779,-0.9396428660342584,0.8642748018615426,-0.5030199467885854,1.0,8.0,10.0
1637932818.0,3.1933635457706386,0.8247684973746472,238.52778490026174,3298.7726563291762,576.2540998409062,16750.274107612448,17596.095585885418,17821.2938559488,18946.341112203347,19394.58668152728,16241.990608435597,16532.020024281956,15254.083594910111,13273.44782526829,0.0682372055239642,-0.343249904716205,-0.9392441125247026,0.849892693004307,-0.5269557954685447,1.0,9.0,9.0
1637932834.0,3.2007404129710397,0.756775236652737,221.86605191871203,3297.368348690225,570.3175340839896,15661.024137300348,15465.997384871327,16174.536453511122,17401.350364114714,17628.687293406496,14675.128124691122,15218.204491411128,13261.366049523596,11262.525394572667,0.0686433793663688,-0.3443425322645159,-0.938844087414764,0.8348478631443705,-0.5504807402655232,1.0,10.0,8.0
1637932850.0,3.2137329270252732,0.7027004199249994,207.0618853677916,3290.312861188231,568.8984007582808,15251.480661159616,14157.323976302867,15554.63262422458,16249.636269705723,16684.49898235907,13491.095254703836,14570.218185520982,11888.20496284377,9995.80140343424,0.0690495532087733,-0.3454346936092952,-0.938442791251045,0.8191520445561296,-0.5735764359695339,1.0,11.0,7.0
1637932866.0,3.2176539234210444,0.6811806983741717,197.15767280355956,3363.318568144185,570.3902695366542,15422.80611181967,13880.819826716855,15818.854908934993,15853.893353960373,16781.768834370785,13012.837668896234,14432.78878559426,11465.28745169151,9598.284778021254,0.0694557270511779,-0.346526387312883,-0.9380402245617624,0.8028174753201367,-0.5962248747918872,1.0,12.0,6.0
1637932882.0,3.218909551016288,0.6912837565633868,193.35722441456923,3506.864197022559,578.6699957000994,16446.10565625228,14793.99709633166,16666.648928406106,16707.014178453614,18054.20053912646,13858.474279637603,14785.587755790173,12207.436777806744,10187.906877659898,0.0698619008935824,-0.3476176118426716,-0.937636387912072,0.7858568934429982,-0.6184083950174998,1.0,13.0,5.0
1637932898.0,3.2131662457821366,0.7295807478670082,196.05368756263715,3687.2079228343982,588.8470725959573,18270.845683282645,16360.246031646962,17845.844461367968,18357.71358430812,19785.54541769397,15865.247995463973,15531.423305132379,13504.461569207495,11482.00927408737,0.070268074735987,-0.3487083657758905,-0.9372312818285078,0.7682835237109041,-0.6401096993440707,1.0,14.0,4.0
1637932914.0,3.2079707453414015,0.7474983911471198,197.03604962298948,3813.2500846874786,583.4484452324822,18630.88930997285,16718.527913074282,17923.05111781683,18460.230713355755,19502.092419628203,16667.125366253436,15490.582592698027,13933.757813636279,11741.82128188703,0.0706742485783915,-0.349798647581251,-0.9368249068797904,0.7501110698947828,-0.661311865023836,1.0,15.0,3.0
1637932930.0,3.200039411071212,0.7346323480601772,191.60758559463144,3850.5619777528073,554.5164312618082,17300.52650420421,15561.344760841685,17004.182224630254,17106.319369710167,17450.295947571336,16386.155996913672,14611.722544048349,13400.01972244069,11141.805884078723,0.0710804224207961,-0.350888455837212,-0.936417263595763,0.7313537017217113,-0.681998359952537,1.0,16.0,2.0
1637932946.0,3.1948726747443357,0.6886241252745506,175.18222864656184,3826.440898694881,518.5214366650091,14534.121467092667,12981.55043778562,15259.343942753734,14105.422501642039,14251.051291319813,14991.256098806738,12476.406400675343,11217.415005320046,10241.436282135022,0.0714865962632006,-0.3519777890138125,-0.9360083525487088,0.7120260462484569,-0.7021530527340818,1.0,17.0,1.0
1637932962.0,3.0,0.037709,10.0,4096.0,344.158208,179.557,181.348,183.563,183.563,184.005,184.005,184.005,184.005,184.429,0.0718927701056052,-0.3530666456771333,-0.9355981742769156,0.6921431739550916,-0.7217602280171524,0.0,0.0,0.0
1637932978.0,3.0,0.096907,20.0,4096.0,408.911872,334.8,334.388,341.013,341.013,342.371,343.079,343.079,343.079,351.778,0.0722989439480097,-0.3541550243530023,-0.9351867293356576,0.6717205892251958,-0.7408045963754246,0.0,0.0,0.0
1637932994.0,3.0,0.055612,40.0,4096.0,486.240256,571.113,570.647,583.66,584.585,593.306,596.002,596.218,596.218,597.926,0.0727051177904143,-0.3552429235270863,-0.9347740182974325,0.6507742173298638,-0.7592713072800151,0.0,0.0,0.0
1637933010.0,3.0,0.028702,50.0,4096.0,575.102976,753.846,750.382,775.28,783.917,796.763,800.809,801.993,801.993,802.206,0.0731112916328188,-0.3563303417809507,-0.9343600417003451,0.6293203909215823,-0.7771459615608298,0.0,0.0,0.0
1637933026.0,3.0,0.319761,70.0,4096.0,679.821312,1001.531,1002.142,1024.348,1025.542,1037.409,1046.471,1047.537,1048.746,1049.168,0.0735174654752233,-0.3574172775879896,-0.9339448001255696,0.6073758397640289,-0.7944146205042684,0.0,0.0,0.0
1637933042.0,3.0,0.345044,80.0,4096.0,683.409408,1101.716,1102.096,1129.902,1139.061,1145.811,1149.611,1159.921,1160.129,1160.227,0.0739236393176279,-0.3585037295310244,-0.9335282941145094,0.5849576748265792,-0.8110638191051811,0.0,0.0,0.0
1637933058.0,3.0,0.241034,90.0,4096.0,688.951296,2256.286,2258.927,2295.557,2302.416,2308.251,2314.392,2316.424,2316.579,2317.873,0.0743298131600325,-0.359589696084806,-0.93311052425189,0.5620833778672357,-0.8270805742642964,0.0,0.0,0.0
1637933074.0,3.0,0.409339,110.0,4096.0,435.208192,1670.602,1666.063,1717.495,1719.186,1729.214,1739.475,1741.838,1742.8,1745.127,0.074735987002437,-0.360675175819847,-0.93269149108766,0.5387707848121903,-0.842452397131646,0.0,0.0,0.0
1637933090.0,3.0,0.400348,120.0,4096.0,441.745408,1832.987,1843.025,1896.348,1900.116,1906.125,1917.115,1919.843,1920.883,1925.158,0.0751421608448416,-0.3617601672529806,-0.9322711951943464,0.5150380752965527,-0.8571673004698807,0.0,0.0,0.0
1637933106.0,3.0,0.400348,130.0,4096.0,448.0,2599.968,2603.226,2644.629,2646.872,2678.992,2680.37,2683.591,2696.373,2697.459,0.0755483346872461,-0.3628446689152856,-0.9318496371409696,0.4909037537907427,-0.8712138110212428,0.0,0.0,0.0
1637933122.0,3.0,0.401643,140.0,4096.0,452.562944,5706.368,5708.238,5749.776,5767.237,5774.609,5789.186,5792.408,5792.688,5795.155,0.0759545085296506,-0.36392867932495,-0.9314268175035534,0.4663866407095394,-0.8845809750201906,0.0,0.0,0.0
1637933138.0,3.0,0.478247,160.0,4096.0,478.322688,3083.879,3077.802,3194.579,3196.055,3205.782,3218.972,3222.396,3225.151,3225.36,0.0763606823720552,-0.3650121970550429,-0.9310027368386468,0.4415058529429669,-0.8972583695999181,0.0,0.0,0.0
1637933154.0,3.0,0.658014,170.0,4096.0,494.194688,6832.236,6850.366,6897.297,6909.81,6928.714,6940.519,6947.022,6947.907,6951.591,0.0767668562144597,-0.3660952205844345,-0.9305773957416084,0.4162807926103269,-0.90923610888686,0.0,0.0,0.0
1637933170.0,3.0,0.844144,180.0,4096.0,502.358016,2729.013,2715.249,2814.221,2836.978,2846.109,2859.744,2869.965,2870.224,2877.646,0.0771730300568643,-0.367177748501047,-0.9301507947670108,0.3907311286140159,-0.9205048533994904,0.0,0.0,0.0
1637933186.0,3.0,0.531588,190.0,4096.0,510.619648,3240.166,3247.692,3296.422,3306.327,3336.058,3350.807,3355.375,3355.593,3357.92,0.0775792038992688,-0.3682597792851403,-0.9297229345137504,0.3648767846651971,-0.931055815734152,0.0,0.0,0.0
1637933202.0,3.0,0.666693,200.0,4096.0,520.904704,7314.949,7323.061,7388.901,7391.158,7428.131,7438.517,7459.165,7460.464,7463.51,0.0779853777416734,-0.369341311525931,-0.9292938155396844,0.3387379203417245,-0.9408807689195074,0.0,0.0,0.0
1637933218.0,3.0,0.538048,210.0,4096.0,530.8416,11860.317,11855.686,11931.503,11953.414,11991.197,11994.919,12000.888,12010.644,12015.607,0.0783915515840779,-0.3704223437185934,-0.9288634384418542,0.3123349183727296,-0.9499720515705188,0.0,0.0,0.0
1637933234.0,3.1076670901769936,0.8019797020504374,213.10433655784254,4029.714333168454,639.0806849156872,13975.732469619343,14222.053554305974,16304.502325176301,14136.077651538051,16111.54350235093,16850.0651616239,17151.526800422314,15241.265890270915,12330.342681403563,0.0787977254264825,-0.3715028743995855,-0.928431803802975,0.2856883674715481,-0.9583225744452863,1.0,1.0,1.0
1637933250.0,3.0,0.583045,220.0,4096.0,543.236096,10618.964,10615.689,10684.224,10703.146,10774.995,10791.862,10807.201,10809.752,10816.142,0.079203899268887,-0.3725829021465566,-0.9279989121911996,0.2588190449287776,-0.9659258263356226,0.0,0.0,0.0
1637933266.0,3.0,0.698776,230.0,4096.0,556.015616,11506.542,11493.838,11585.552,11597.337,11642.328,11655.449,11662.262,11662.327,11666.052,0.0796100731112916,-0.3736624254432766,-0.9275647642142556,0.2317479035296124,-0.97277587820095,0.0,0.0,0.0
1637933282.0,3.0,0.642774,240.0,4096.0,567.386112,11150.424,11156.01,11246.909,11251.491,11301.328,11309.267,11316.342,11320.734,11323.411,0.0800162469536961,-0.3747414428822314,-0.9271293604381988,0.2044960516333947,-0.9788673888052212,0.0,0.0,0.0
1637933298.0,3.1146299797387167,0.6934791379451896,197.27415046361563,4057.6784224647345,573.5544329705374,12458.153937463894,9566.87183211698,12574.214137475028,11927.425571817763,14382.032693919142,11723.571330671519,10177.087916579361,11113.353943781607,12315.774281757476,0.0804224207961007,-0.375819952948609,-0.9266927014742834,0.1770847403229539,-0.9841956079686356,1.0,1.0,1.0
1637933314.0,3.0,0.950626,250.0,4096.0,582.0416,11810.531,11808.147,11960.868,11967.18,12007.986,12024.896,12030.458,12033.164,12034.578,0.0808285946385052,-0.3768979542362166,-0.9262547878918386,0.1495353432005573,-0.9887563810837792,0.0,0.0,0.0
1637933330.0,3.0,1.11742,260.0,4096.0,593.702912,12467.143,12467.605,12568.669,12586.405,12634.566,12653.752,12657.726,12659.397,12676.001,0.0812347684809098,-0.3779754452316687,-0.9258156203056426,0.1218693438379606,-0.9925461515881792,0.0,0.0,0.0
1637933346.0,3.107963349974701,0.5518559699451892,149.03141019333864,4074.2891959858785,572.3316083076853,9185.43491837638,7603.620627573634,10211.656041486005,8577.329732931117,10548.9593312006,9003.599562505182,8716.71966937794,7880.40125627656,10742.01629587487,0.0816409423233143,-0.3790524245301011,-0.9253751992882951,0.0941083135044072,-0.995561964585508,1.0,1.0,1.0
1637933362.0,3.0,0.790411,270.0,4096.0,607.924224,10844.805,10844.121,10947.171,10969.98,11011.498,11032.094,11046.595,11051.034,11058.645,0.0820471161657189,-0.3801288906195631,-0.9249335254580948,0.0662739008021549,-0.9978014682653388,0.0,0.0,0.0
1637933378.0,3.0,0.925102,280.0,4096.0,609.288192,12431.524,12433.459,12535.892,12562.02,12592.914,12618.652,12623.41,12633.857,12640.987,0.0824532900081234,-0.3812048420830737,-0.9244905993964562,0.0383878092411056,-0.999262916404721,0.0,0.0,0.0
1637933394.0,3.0537281991041754,0.45349293498172055,111.94863919669565,4267.336893754618,608.9362278873826,10655.829633827263,5998.523907667046,7626.104540726312,8132.725357082864,10833.358027724167,8604.000195308188,7590.869930930214,7954.1673609474965,9148.209644328668,0.082859463850528,-0.3822802774370379,-0.9240464217141156,0.0104717844862438,-0.9999451693616374,1.0,1.0,12.0
1637933410.0,3.062074647830043,0.4128714473086239,96.89873964913168,4275.198244112946,625.7005082150229,10631.314361003664,5081.505951968724,6369.044602407126,7228.6156442449355,10233.93467287303,8343.0850229774,7061.886084475571,6889.926072179995,7919.70377063036,0.0832656376929325,-0.3833551952658121,-0.9236009929957368,-0.0174524063166254,-0.9998476951584974,1.0,2.0,11.0
1637933426.0,3.073475582834211,0.40146937100187774,97.07901667699883,4249.748842254956,629.2264117261003,10423.817412084527,5104.81332951136,6181.836815404236,6511.642345572493,9984.619965634834,8375.359237127795,7223.249634550588,6007.087831075098,7202.64395536178,0.0836718115353371,-0.3844295940603397,-0.9231543138666484,-0.0453629877926048,-0.998970569806002,1.0,3.0,10.0
1637933442.0,3.0734588566430023,0.42256924369732485,109.47584839194195,4228.474499247142,616.4801658077752,10119.213992468314,5649.8061767151175,7087.6863264632975,6094.841970148171,10066.35975314895,8486.119217928152,7458.252197438502,5294.535381384305,7148.986915522088,0.0840779853777416,-0.3855034724197881,-0.9227063849092438,-0.0732381970402131,-0.9973144772308776,1.0,4.0,9.0
1637933458.0,3.0649774703830013,0.4822195266690774,131.3103623950817,4226.877534102839,597.0903882223272,10345.114794735395,6759.941347797623,8877.807354336248,6734.528084930658,11086.570337081466,9132.101351479538,8128.219496263393,5371.725610890417,7868.256805282973,0.0844841592201462,-0.3865768288634014,-0.9222572067411112,-0.1010562973438066,-0.9948807088124486,1.0,5.0,8.0
1637933474.0,3.0486716194633403,0.5575411383071488,152.95702501618493,4259.076109581061,578.940281327173,11259.519997775653,8453.293021866792,10901.54460945453,8581.584589414684,12709.687515996333,10287.951793872824,9338.513632254524,6407.910507760445,9110.956227192592,0.0848903330625507,-0.3876496619111823,-0.9218067799816544,-0.1287955965233864,-0.9916711623901268,1.0,6.0,7.0
1637933490.0,3.0280695696627165,0.6233579831885345,168.20608661141316,4324.2711013458165,573.2909542516296,12736.6678840973,10322.589285814069,12695.144803190313,10957.85424599365,14228.666305556526,11891.183490512763,10997.01198050955,8147.159658911497,10208.477237386436,0.0852965069049553,-0.3887219701509322,-0.92135510522381,-0.1564344652325442,-0.9876883405646782,1.0,7.0,6.0
1637933506.0,3.0226249300482952,0.6534165442142348,171.36585469239492,4376.876868528612,580.7533377062622,13929.099253439945,11469.157321781837,13588.904181988542,12568.940848351649,14443.43810785276,12855.54135623057,12384.140083851786,9578.015204995281,10234.370487486787,0.0857026807473598,-0.3897937521174806,-0.9209021830847052,-0.1839513505914801,-0.9829353491535292,1.0,8.0,5.0
1637933522.0,3.045504438488953,0.6250823751121624,157.99267577740824,4343.549558805171,587.5148664842777,13672.605016623449,10946.736568650362,12723.592173215799,12249.377203299584,12766.642948312427,11888.774736017549,12431.939634996423,9498.353510566532,8953.251581663822,0.0861088545897644,-0.39086500635979,-0.9204480141775316,-0.2113247966779786,-0.9774158942379704,1.0,9.0,4.0
1637933538.0,3.077564546144858,0.5632507112503412,140.19526480164657,4256.049422949665,590.104466933928,12139.60073944159,9342.840688582291,11313.174964975187,10621.702656893924,10528.110022334182,9856.18595629977,11165.227529396536,8299.005472694786,7331.396439164597,0.0865150284321689,-0.3919357314141498,-0.9199925991228708,-0.2385334575896651,-0.9711342799069136,1.0,10.0,3.0
1637933554.0,3.1028516919908453,0.521673084197397,132.86083916735527,4158.951708837825,595.4637084136767,10668.166411366004,8453.37430948663,11312.640920428239,9604.731994938687,9823.455123742842,8483.008890465566,10142.41480824603,7676.342494075001,6956.324430652026,0.0869212022745735,-0.3930059258711165,-0.919535938520179,-0.2655561177382021,-0.9640954041648648,1.0,11.0,2.0
1637933570.0,3.1109500590472132,0.49884177193341406,128.68564058874787,4088.2679676384246,606.0068599744759,9569.467698764205,8133.882556942965,11691.10522544698,9253.044585245465,10414.975274106497,7804.990941344929,9318.788199897695,7512.478794971152,7742.213165236916,0.087327376116978,-0.3940755882282647,-0.919078033010553,-0.2923717043199172,-0.9563047560861896,1.0,12.0,1.0
1637933586.0,3.0,0.004045,10.0,3840.0,681.848832,175.628,175.595,178.414,178.414,182.171,182.171,182.171,182.171,182.702,0.0877335499593826,-0.3951447170909371,-0.9186188831910236,-0.3189593091351646,-0.9477684100644094,0.0,0.0,0.0
1637933602.0,3.0,0.008768,20.0,3840.0,756.170752,337.707,340.598,341.767,341.767,348.213,350.682,350.682,350.682,351.905,0.0881397238017871,-0.3962133109582043,-0.918158489706182,-0.3452981986342093,-0.9384930228936016,0.0,0.0,0.0
1637933618.0,3.0,0.037936,40.0,3840.0,846.635008,628.706,631.746,652.422,653.184,662.333,663.419,663.633,663.633,665.114,0.0885458976441917,-0.3972813684368024,-0.9176968531563032,-0.3713678354213047,-0.928485826932482,0.0,0.0,0.0
1637933634.0,3.0,0.081657,50.0,3840.0,888.09472,774.419,775.493,790.938,792.468,794.184,800.52,801.532,801.532,801.557,0.0889520714865962,-0.3983488880273058,-0.9172339741894698,-0.3971478903088126,-0.91775462582504,0.0,0.0,0.0
1637933650.0,3.0,0.253921,70.0,3840.0,1020.264448,1009.396,1010.356,1024.552,1027.657,1034.597,1041.274,1043.794,1044.497,1048.3,0.0893582453290008,-0.3994158683245106,-0.916769853415009,-0.4226182616447776,-0.906307787081379,0.0,0.0,0.0
1637933666.0,3.0,0.314119,80.0,3840.0,1026.70336,1115.541,1112.132,1153.451,1157.988,1164.559,1171.451,1171.859,1171.925,1173.379,0.0897644191714053,-0.4004823078705259,-0.9163044914670544,-0.4477590875507113,-0.8941542369836171,0.0,0.0,0.0
1637933682.0,3.0,0.368187,100.0,3840.0,431.190016,1547.061,1554.537,1603.815,1617.752,1623.09,1624.452,1628.375,1630.393,1636.45,0.0901705930138099,-0.4015482052215471,-0.9158378889756388,-0.4725507648048815,-0.8813034520994012,0.0,0.0,0.0
1637933698.0,3.0,0.368187,110.0,3840.0,436.34688,2286.45,2295.57,2325.567,2330.921,2346.11,2349.026,2353.218,2353.42,2365.319,0.0905767668562144,-0.4026135589478241,-0.915370046566615,-0.4969739611807389,-0.8677654532811994,0.0,0.0,0.0
1637933714.0,3.0,0.255453,120.0,3840.0,441.724928,1790.687,1813.323,1819.92,1820.93,1838.304,1839.319,1840.158,1846.547,1853.58,0.090982940698619,-0.4036783675670611,-0.9149009648909509,-0.5210096318066111,-0.8535507972960599,0.0,0.0,0.0
1637933730.0,3.0,0.443594,140.0,3840.0,455.7824,1950.095,1929.177,2017.541,2021.11,2038.576,2045.275,2047.045,2047.645,2054.783,0.0913891145410235,-0.4047426296909296,-0.9144306445602484,-0.5446390351907697,-0.8386705678312955,0.0,0.0,0.0
1637933746.0,3.0,0.615796,150.0,3840.0,462.884864,2199.947,2196.649,2265.627,2271.391,2292.713,2301.627,2306.71,2307.846,2321.177,0.0917952883834281,-0.4058063438253323,-0.9139590862347812,-0.5678437450475283,-0.8231363685382864,0.0,0.0,0.0
1637933762.0,3.0,0.309148,160.0,3840.0,469.479424,2228.352,2227.284,2281.843,2287.258,2300.419,2305.189,2306.342,2307.766,2308.586,0.0922014622258326,-0.4068695085833677,-0.9134862905293812,-0.590605667815671,-0.8069603120005377,0.0,0.0,0.0
1637933778.0,3.0,0.720765,170.0,3840.0,479.322112,5584.588,5591.043,5651.18,5655.207,5676.89,5689.5,5692.748,5693.143,5695.883,0.0926076360682372,-0.4079321224724792,-0.9130122581077968,-0.6129070536737198,-0.7901550123596002,0.0,0.0,0.0
1637933794.0,3.0,0.321728,190.0,3840.0,555.773952,2614.624,2616.708,2672.966,2677.678,2707.891,2712.4,2724.682,2726.979,2728.773,0.0930138099106417,-0.4089941840939203,-0.9125369895940374,-0.6347305130553963,-0.7727335736179924,0.0,0.0,0.0
1637933810.0,3.0572625984071506,0.6722104061661949,190.58837485614293,4262.367973031951,630.5592278908703,11976.648235246474,11850.54774938622,14935.92576204652,12061.082958799401,13846.93803195503,15456.992457057817,12325.768337667747,11786.172484669152,11471.45891006859,0.0934199837530463,-0.4100556919832486,-0.9120604856434352,-0.6560590286838035,-0.7547095804893855,1.0,1.0,2.0
1637933826.0,3.057542907516719,0.6875300724600457,198.80926466071267,4295.732633410993,646.8137178887105,13661.195606803692,13756.075352661244,15845.66771346455,13788.708460639826,14460.386720037059,16241.185200501795,13857.887163769228,12474.290880023273,12278.440008237536,0.0938261575954508,-0.4111166447431528,-0.9115827468832066,-0.6768759695670606,-0.7360970872260341,1.0,2.0,1.0
1637933842.0,3.0,0.521263,210.0,3840.0,575.2832,11464.198,11481.474,11540.453,11554.406,11581.794,11587.561,11595.108,11599.136,11607.653,0.0942323314378554,-0.4121770408841816,-0.9111037739840394,-0.6971651025868959,-0.7169106079107791,0.0,0.0,0.0
1637933858.0,3.0,0.646349,220.0,3840.0,586.088448,12431.836,12432.635,12508.686,12517.43,12560.62,12564.014,12576.388,12582.255,12585.212,0.0946385052802599,-0.4132368790237597,-0.9106235675704328,-0.7169106075640189,-0.6971651029434772,0.0,0.0,0.0
1637933874.0,3.03071861764864,0.7451655051473882,220.63728115811236,4238.871971956081,604.0867981428056,14732.346124561547,13246.011395421923,16732.24405411264,14580.245368335225,14338.267527003978,15521.989779050606,15238.165126384683,12612.905374956314,12669.352123123263,0.0950446791226645,-0.4142961576740005,-0.9101421283165392,-0.7360970868893654,-0.6768759699331851,1.0,1.0,1.0
1637933890.0,3.0,0.717563,230.0,3840.0,597.827584,10013.053,10020.619,10080.364,10098.575,10127.107,10133.077,10135.104,10136.025,10155.505,0.095450852965069,-0.4153548754537854,-0.9096594568500732,-0.754709580163071,-0.6560590290591855,0.0,0.0,0.0
1637933906.0,3.0,0.692021,240.0,3840.0,609.882112,11574.651,11576.419,11654.117,11663.644,11711.211,11713.02,11741.726,11742.006,11743.426,0.0958570268074736,-0.4164130308768011,-0.9091755538486482,-0.7727335733022863,-0.6347305134397432,0.0,0.0,0.0
1637933922.0,3.0,0.841792,250.0,3840.0,623.280128,12295.525,12298.796,12420.549,12430.511,12477.639,12484.722,12506.581,12510.931,12515.328,0.0962632006498781,-0.4174706225633933,-0.908690419943191,-0.790155012340156,-0.6129070536987873,0.0,0.0,0.0
1637933938.0,3.043310434554264,0.7938275409895688,231.59962649125887,4288.232339390144,632.8464239533754,15792.38362679801,14473.932327649665,16560.789963495146,14256.317991803491,16693.143179960818,15377.065694828249,15484.864916183282,13389.915983605639,11185.670317428117,0.0966693744922827,-0.4185276490420456,-0.9082040558086814,-0.8069603122568232,-0.5906056674655015,1.0,1.0,1.0
1637933954.0,3.0,0.878009,260.0,3840.0,633.147392,11158.361,11172.807,11273.389,11287.353,11322.996,11342.915,11350.784,11353.561,11355.669,0.0970755483346872,-0.4195841088817185,-0.907716462103632,-0.8231363685202717,-0.5678437450736421,0.0,0.0,0.0
1637933970.0,3.0,0.796701,270.0,3840.0,647.675904,12379.644,12388.781,12481.24,12528.131,12553.158,12565.474,12571.839,12573.007,12573.832,0.0974817221770917,-0.4206400006917455,-0.9072276394698569,-0.8386705680676342,-0.5446390348268398,0.0,0.0,0.0
1637933986.0,3.0,0.835355,280.0,3840.0,661.68832,11645.435,11630.265,11759.688,11784.066,11826.331,11847.945,11849.299,11850.997,11866.337,0.0978878960194963,-0.4216953229897806,-0.9067375885936044,-0.853550797279531,-0.5210096318336898,0.0,0.0,0.0
1637934002.0,3.026519541714626,0.9112030659815906,252.70325115420184,4241.178471204043,570.2706563202063,16230.734781086901,14827.9122003555,19191.04707766829,15726.283899604632,17751.523187234165,16990.48873730683,15790.06783427276,14444.628195588712,13628.958784777053,0.0982940698619009,-0.4227500743998634,-0.9062463101138176,-0.8677654534968545,-0.4969739608041837,1.0,1.0,1.0
1637934018.0,3.0,0.768926,290.0,3840.0,677.80608,13548.625,13540.404,13700.429,13708.957,13751.407,13767.017,13792.762,13793.834,13794.334,0.0987002437043054,-0.4238042534412488,-0.9057538047201932,-0.8813034518643611,-0.4725507652432295,0.0,0.0,0.0
1637934034.0,3.0388783287603305,0.8789315237176779,241.95029706177016,4209.511276186953,586.6214490848324,14987.039053899314,15442.236921220388,18276.617951004475,14405.61458812581,16379.845829344904,17378.605807127635,15634.643769631817,12942.97756776668,13723.997254453967,0.0991064175467099,-0.4248578587394672,-0.9052600730548735,-0.894154236760908,-0.4477590879954511,1.0,1.0,1.0
1637934050.0,3.0,1.053658,300.0,3840.0,692.649984,15749.927,15734.269,15876.331,15893.464,15938.424,15960.095,15964.313,15968.214,15970.773,0.0995125913891145,-0.4259108888153824,-0.9047651158109992,-0.9063077868711746,-0.4226182620955624,0.0,0.0,0.0
1637934066.0,3.0,1.336654,310.0,3840.0,707.70688,17203.252,17192.14,17336.507,17364.577,17407.408,17424.932,17441.732,17442.8,17447.539,0.099918765231519,-0.4269633422828641,-0.9042689336401234,-0.9177546256275044,-0.3971478907652909,0.0,0.0,0.0
1637934082.0,3.032270460978917,0.7760101822304439,244.66717813464564,4166.201971665851,596.8338448438147,15382.57455057173,14243.073639863887,16151.839714703166,14360.678655029265,17092.06113220559,15860.57242747942,14248.568155418312,12025.103369163236,13654.06298809693,0.1003249390739236,-0.4280152177038696,-0.9037715272201868,-0.9284858267477688,-0.3713678358831206,1.0,1.0,1.0
1637934098.0,3.0,0.803406,320.0,3840.0,725.307392,19243.44,19251.822,19355.66,19383.956,19447.457,19471.265,19493.46,19495.497,19498.507,0.1007311129163281,-0.429066513654312,-0.9032728972246062,-0.9384930227218552,-0.3452981991010027,0.0,0.0,0.0
1637934114.0,3.065175584979713,0.7457848802658407,224.38693039293804,4165.334178598769,619.7856475048991,15590.719101786408,13881.032744857454,16221.134851761879,14530.598756468382,16976.006895864193,15443.303618268637,14626.163736970664,13047.117294980602,12376.867010966995,0.1011372867587327,-0.4301172286977519,-0.9027730443347132,-0.9477684099057636,-0.3189593096065714,1.0,1.0,1.0
1637934130.0,3.0,0.841139,330.0,3840.0,742.776832,21706.854,21685.557,21867.568,21881.544,21947.4,21979.795,21986.519,22004.846,22007.664,0.1015434606011372,-0.4311673614510846,-0.9022719692084586,-0.956304755940768,-0.2923717047955698,0.0,0.0,0.0
1637934146.0,3.0662474183474306,0.7812067049914576,218.58782068419345,4156.6563762807145,621.1172542661741,16029.101050288118,15108.5659443758,16308.427506265161,14567.722966547959,15307.361577483744,14990.920173533306,15951.76072994737,13965.040737058069,12546.801107106678,0.1019496344435418,-0.4322169104400491,-0.9017696725492927,-0.96409540415644,-0.2655561177687878,1.0,1.0,1.0
1637934162.0,3.0,0.779826,340.0,3840.0,759.451648,22130.841,22129.117,22257.523,22289.195,22345.733,22367.745,22380.504,22384.037,22386.429,0.1023558082859463,-0.4332658742962125,-0.9012661550121244,-0.971134279899346,-0.2385334576204741,0.0,0.0,0.0
1637934178.0,3.031466220232931,0.8241410288699447,225.66247845511458,4221.89115740367,624.5794874994555,17464.561117037712,16623.925519665278,16150.478194539515,15764.544845005466,15335.775623007728,15413.225147933159,16782.49652706579,15584.364220789768,14279.808838956851,0.1027619821283509,-0.4343142515731701,-0.900761417291192,-0.9774158943296718,-0.2113247962538421,1.0,1.0,1.0
1637934194.0,3.0,1.065287,350.0,3840.0,779.440128,25855.254,25839.997,25999.48,26073.176,26147.584,26171.203,26184.848,26190.735,26213.099,0.1031681559707554,-0.4353620408253704,-0.9002554600825082,-0.9829353491476934,-0.1839513506226634,0.0,0.0,0.0
1637934210.0,3.0250402343589737,0.7663919332822942,211.66856838393915,4306.297734835449,655.3398840952775,17187.944555827024,15441.4935551742,14547.124807064825,16178.446781037472,15869.072343859338,15111.011523732102,16679.458735566408,15609.715008982457,14115.293204817122,0.10357432981316,-0.4364092406735818,-0.8997482840521052,-0.987688340632561,-0.1564344648039501,1.0,1.0,2.0
1637934226.0,3.0367609498164523,0.6869946291934366,196.1765130216468,4257.30522643559,664.6978737445382,15163.077828280368,13843.692322171159,13376.656068554807,14629.572077800463,14690.696091146208,13828.77337692512,15789.035590530557,13991.340158967305,13042.677509826523,0.1039805036555645,-0.4374558496738541,-0.8992398898993118,-0.9916711623860408,-0.1287955965548469,1.0,2.0,1.0
1637934242.0,3.0,0.871062,360.0,3840.0,798.28992,26361.518,26376.696,26526.45,26531.838,26600.991,26617.432,26626.182,26628.411,26633.562,0.1043866774979691,-0.4385018664484874,-0.8987302782933225,-0.9948807088563006,-0.1010562969120915,0.0,0.0,0.0
1637934258.0,3.0451337480216214,0.612108395521552,187.30281839342013,4021.4423823040474,662.5142796805312,11327.618935883385,11924.369840320447,13412.512727528949,12389.638179469908,13593.862966467503,12218.16107693889,14288.994050334422,11688.912597278728,12025.826387163865,0.1047928513403736,-0.4395472895289988,-0.8982194499495714,-0.99731447719445,-0.0732381975362634,1.0,1.0,1.0
1637934274.0,3.0,1.355481,370.0,3840.0,816.766976,28767.796,28769.321,28918.805,28929.401,29009.128,29071.803,29091.828,29094.614,29098.96,0.1051990251827782,-0.4405921175523351,-0.8977074055340912,-0.9989705697834388,-0.0453629882894788,0.0,0.0,0.0
1637934290.0,3.0275595353938103,0.7153967151963758,208.8503970865845,3951.2222513040697,668.4416946410929,13111.440228806801,15166.301477065592,17021.700677244102,15726.45161655214,17697.84025530787,15225.33269944153,16102.865772343854,14386.218466981893,14077.232772815267,0.1056051990251827,-0.4416363490516823,-0.8971941457657315,-0.9998476951498168,-0.0174524068139356,1.0,1.0,2.0
1637934306.0,3.0248646181638192,0.7662198866132397,215.08020498323106,3984.4819191185697,673.8973673198568,15050.908945775358,16893.94698156921,18420.780635573905,17753.39306637861,19503.352525688468,17312.409642140017,16848.786890379983,16219.8790299311,14499.834704079107,0.1060113728675873,-0.4426799826655407,-0.8966796713136952,-0.999945169366846,0.0104717839888851,1.0,2.0,1.0
1637934322.0,3.0,1.151293,380.0,3840.0,836.5056,31068.062,31066.73,31197.159,31250.797,31308.625,31330.645,31336.25,31339.865,31343.858,0.1064175467099918,-0.4437230169287732,-0.8961639829002433,-0.9992629164238146,0.0383878087440862,0.0,0.0,0.0
1637934338.0,3.054230196341268,0.7706942020363605,211.38140258909468,4005.779108919156,643.6943023841372,15630.672899234738,15849.23344942367,17036.61655070665,16968.50672870768,17930.35164009539,16314.307618293067,15195.39548926444,16002.462414056305,12083.259203273843,0.1068237205523964,-0.4447654504814412,-0.8956470811977454,-0.9978014682983026,0.0662739003058624,1.0,1.0,4.0
1637934354.0,3.0697386274169425,0.7508657019677837,211.58743091828958,3966.286373966119,624.5782673932748,14560.475462363569,14622.492765710289,16254.358352978503,15222.136955182112,16494.16741985344,14548.005796597668,14012.810590582303,15161.001272992775,10832.78362775736,0.1072298943948009,-0.4458072818600921,-0.8951289669318697,-0.9955619646323162,0.0941083130092286,1.0,2.0,3.0
1637934370.0,3.0716160322234134,0.7385433969796245,213.70578946103666,3942.453703578764,614.0258473065769,13360.194340231748,13704.254033153054,16286.320718344814,13909.168869030815,16025.297876356846,13167.238212822343,13144.113338868918,14753.203289182879,10581.052301630996,0.1076360682372055,-0.4468485096933375,-0.8946096407846515,-0.9925461516487952,0.121869343344282,1.0,3.0,2.0
1637934386.0,3.062739095335175,0.7482069594109662,218.42587088828964,3956.6405350688697,614.2016710288215,12885.339880040669,13750.912819032406,16891.110260712565,13587.94250420152,16697.007515527497,13053.033527328704,12922.40320773578,15053.18121551044,11734.821163688524,0.10804224207961,-0.4478891325454616,-0.8940891034721729,-0.9887563810885232,0.1495353431691893,1.0,4.0,1.0
1637934402.0,3.0,1.132353,400.0,3840.0,881.061888,36069.795,36065.925,36241.825,36271.105,36336.564,36374.328,36392.57,36414.427,36431.757,0.1084484159220146,-0.4489291490466442,-0.893567355679613,-0.9841956079742534,0.1770847402917305,0.0,0.0,0.0
1637934418.0,3.0289338590213974,0.8070218935339688,237.8940916796463,4065.6953363783505,638.2307204205707,14721.115783089323,15650.109417631877,18742.927796436874,15960.650967064841,18740.008311122965,15419.998995929582,15163.274848038038,17162.58256627649,14408.10484045459,0.1088545897644191,-0.449968557762817,-0.8930443981263476,-0.9788673887164828,0.204496052058161,1.0,1.0,2.0
1637934434.0,3.0119086320666772,0.8223811261772909,242.66424236822758,4130.339694766714,641.0117919190983,16122.378876505656,15559.16215745827,18948.89262404278,17466.262115871472,18786.59169657713,15798.072480590772,16492.40816422877,17792.21581927584,14637.182825586176,0.1092607636068237,-0.4510073572607954,-0.8925202315335117,-0.972775878208302,0.2317479034987513,1.0,2.0,1.0
1637934450.0,3.0,1.226291,410.0,3840.0,901.128192,36763.098,36771.271,36927.964,37013.999,37077.927,37087.61,37107.301,37110.984,37116.336,0.1096669374492282,-0.4520455461861624,-0.8919948565845288,-0.9659258262233116,0.2588190453479282,0.0,0.0,0.0
1637934466.0,3.034748915914569,0.7724007571083735,235.31910951960222,4046.8797190018095,635.7386642492584,16076.414857063537,13236.631912560162,18046.672855316556,17227.25484089465,17146.266426369042,14766.045758130746,15847.069281340688,16866.143666223492,13182.313077020804,0.1100731112916328,-0.4530831230814242,-0.8914682740169629,-0.95832257445435,0.2856883674411455,1.0,1.0,3.0
1637934482.0,3.0602164631621527,0.7402849443936526,228.68010832361398,4024.9664359129533,645.7360216452423,15737.146199615418,12846.330637538691,17928.073576669158,16614.569106976505,17622.130069102983,14607.344287074782,15116.876757646522,16469.65178273936,13052.969505170424,0.1104792851340373,-0.454120086580793,-0.8909404845239961,-0.9499720514349852,0.3123349187849571,1.0,2.0,2.0
1637934498.0,3.0727083106720605,0.7107840064233075,218.99117180624742,4074.157891103816,660.3756475995501,15342.627527850218,13006.311755255812,17468.155432122992,16122.455360934353,18263.525755785755,14191.547284331664,14182.632454114399,16091.333838243374,13404.303194640741,0.1108854589764419,-0.4551564352673902,-0.890411488826757,-0.9408807690879908,0.3387379198737436,1.0,3.0,1.0
1637934514.0,3.0,1.127404,420.0,3840.0,924.311552,40712.121,40709.629,40850.217,40884.783,40957.996,41053.184,41071.673,41077.78,41091.983,0.1112916328188464,-0.45619216773815,-0.8898812876414289,-0.9310558159156368,0.3648767842021029,0.0,0.0,0.0
1637934530.0,3.057757589679011,0.6871797935470867,213.07127588769262,4230.488097477639,660.3567466564357,15836.963176924643,14884.579216519753,16711.081342049874,15602.10841207945,17861.63547576377,13765.68846822573,13858.101462927589,15412.850981586862,14994.473942166904,0.111697806661251,-0.4572272825778989,-0.8893498816924811,-0.9205048535938346,0.3907311281561696,1.0,1.0,2.0
1637934546.0,3.0500911337698096,0.6828284904851102,215.87205345293003,4260.546647248501,637.0147882873708,15817.188788642516,15161.14764182789,16807.96239728824,15132.804982245065,17231.0788055021,13631.239408673151,13862.035338951653,14838.172981035546,15455.818782879549,0.1121039805036555,-0.4582617784240667,-0.8888172716793996,-0.9092361090939124,0.4162807921580856,1.0,2.0,1.0
1637934562.0,3.0,0.807743,430.0,3840.0,947.75296,43098.082,43076.258,43287.037,43331.518,43405.623,43421.832,43432.171,43436.97,43444.757,0.1125101543460601,-0.4592956538243446,-0.8882834583499052,-0.897258369819517,0.4415058524966831,0.0,0.0,0.0
1637934578.0,3.057794910764242,0.6130016511861984,191.982617857267,4154.280566537822,606.9739118521927,13926.806470324656,13244.286034900097,17324.14038971287,12981.5098577103,16171.188651476768,13436.729541903442,12766.93195547308,13833.111585711502,15223.610943164873,0.1129163281884646,-0.4603289074307354,-0.8877484423999996,-0.8845809752521647,0.4663866402695611,1.0,1.0,2.0
1637934594.0,3.072517325416069,0.5695756866798626,174.81695796002612,4105.036743417457,631.2934321364253,13384.148850439951,13135.306278616816,17405.626815532774,12424.991567487268,16530.737379617225,13944.782151421796,12829.993198991007,14542.848640429958,15152.164724388478,0.1133225020308692,-0.4613615377926744,-0.8872122245807812,-0.8712138112654115,0.4909037533574131,1.0,2.0,1.0
1637934610.0,3.0,1.142337,440.0,3840.0,971.358208,45736.657,45718.27,45975.823,45992.121,46031.083,46073.609,46089.909,46091.367,46094.569,0.1137286758732737,-0.4623935435637878,-0.8866748055913867,-0.8571673007260533,0.5150380748702096,0.0,0.0,0.0
1637934626.0,3.0871511035920403,0.49440903731900676,154.93438462087485,4076.4923712552863,698.2815157722641,13579.343819280832,14625.799155042581,15243.469167442716,12254.006051962806,16431.499733665445,14208.735357619458,13215.85679510909,16256.041877102278,14594.575151375646,0.1141348497156783,-0.4634249232952626,-0.8861361861862882,-0.8424523971487383,0.5387707847854637,1.0,1.0,3.0
1637934642.0,3.0900929744870664,0.5065316027484097,168.54447250238073,4034.1414768557493,705.5891383902973,14376.080947783988,15333.296962000986,14835.672102754861,13263.717247534958,16575.910920843173,14323.878621423153,13445.626215905162,16910.87640705479,14419.048178890736,0.1145410235580828,-0.4644556756294684,-0.8855963670745122,-0.8270805742821283,0.5620833778409968,1.0,2.0,2.0
1637934658.0,3.0911667113623187,0.5499930039627701,193.94059765834044,3981.8808502671536,696.3271250759057,15270.91134753394,15906.191592271849,15825.71301078473,14399.327501409825,17467.004421665566,15186.885277875781,13481.019641929746,17269.811160082634,15048.542079406554,0.1149471974004874,-0.4654857991708924,-0.8850553489868505,-0.8110638188513466,0.5849576751785295,1.0,3.0,1.0
1637934674.0,3.0,1.152737,450.0,3840.0,997.158912,48572.414,48540.45,48787.146,48864.271,48903.607,48922.895,48940.969,48948.339,48959.906,0.1153533712428919,-0.4665152924862591,-0.8845131326760842,-0.7944146205235372,0.6073758397388263,0.0,0.0,0.0
1637934690.0,3.087791175625685,0.6630067684793958,223.9812284697236,3902.7150447214926,675.4974937650493,17335.347676231268,17051.370310430295,19416.892632436953,16923.678975167237,20254.033169478418,18222.26897299079,14175.28976597234,17557.082876429165,17000.298393349578,0.1157595450852965,-0.4675441542332847,-0.883969718849171,-0.7771459612877447,0.6293203912588143,1.0,1.0,3.0
1637934706.0,3.0867615543000584,0.699976041546163,225.7529637801365,3938.122054351151,682.8822827476663,18528.622653034032,18074.801304233984,20939.64266717429,18172.805050829364,21076.034516562708,19818.174092975878,15018.495637309372,17751.818672110207,17380.025065339425,0.116165718927701,-0.4685723829675702,-0.883425108268999,-0.7592713073006607,0.6507742173057761,1.0,2.0,2.0
1637934722.0,3.0723269041623107,0.7258521497061141,230.42109883104553,3981.005741092273,697.5207260551937,20830.37581457395,19778.438479427692,22408.076448776752,19307.546777410986,21504.858635253877,21364.62234367235,16976.588157383285,18448.768373513078,17748.723515179798,0.1165718927701056,-0.4695999773484807,-0.8828793016456475,-0.7408045960839404,0.671720589546658,1.0,3.0,1.0
1637934738.0,3.0,0.817114,460.0,3840.0,1021.935616,50691.938,50694.263,50902.018,50939.51,51036.474,51069.931,51079.633,51090.747,51112.188,0.1169780666125101,-0.4706269359333963,-0.882332299745364,-0.7217602283614147,0.6921431735960981,0.0,0.0,0.0
1637934754.0,3.032997583232139,0.7650960435014689,257.58251323532284,4052.056699562037,712.306020914518,23798.39564404339,22162.596671584462,24044.963447777576,21852.309492541906,21886.147171450746,21936.199970439575,19679.981562786525,19353.465142351055,18129.511853175412,0.1173842404549147,-0.4716532573705065,-0.881784103288209,-0.7021530530882336,0.7120260458992158,1.0,1.0,3.0
1637934770.0,3.0239620295285357,0.7859198878816769,270.34823172041615,4078.5456304912154,718.0559211284794,24837.576533881038,22863.03731216112,25069.45486220785,22990.855430484837,22970.866397109687,22256.656581649993,20043.940192622144,20114.81415830954,18519.21251637875,0.1177904142973192,-0.4726789402574733,-0.8812347130231944,-0.6819983603163021,0.7313537013824948,1.0,2.0,2.0
1637934786.0,3.021799028091566,0.8029182267616749,273.7402984925161,4103.060367489793,727.1568001568804,24977.025047201463,22934.23418246376,25616.068142936838,23216.85550472085,24293.796418991522,22319.016696740997,19722.603869235398,20809.959504494454,18514.006108764832,0.1181965881397238,-0.4737039832056709,-0.8806841296941154,-0.6613118653969308,0.7501110695658555,1.0,3.0,1.0
1637934802.0,3.0,1.117913,470.0,3840.0,1048.510464,53497.85,53491.993,53685.276,53711.362,53799.009,53843.841,53850.218,53855.647,53878.929,0.1186027619821283,-0.474728384814532,-0.8801323540532899,-0.6401096997262042,0.7682835233925225,0.0,0.0,0.0
1637934818.0,3.026231662637593,0.7862648107030034,252.17200130493427,4157.654960818785,759.944569063499,22788.371330785118,22575.632615917893,25764.47322302527,20835.60000694354,23925.28038218837,22654.72462497381,19664.393466781858,20104.83074079309,16964.60850942946,0.1190089358245329,-0.4757521437355881,-0.8795793868270176,-0.618408395408374,0.7858568931354105,1.0,1.0,3.0
1637934834.0,3.029702937753199,0.7928741092799381,251.27555475549644,4160.617471065986,782.974335439259,23718.912085457217,23521.018719309068,26688.66804456526,20145.846539092097,24356.660609931052,24191.662939542388,20845.686609157186,20360.74350055511,17399.26996898027,0.1194151096669374,-0.4767752585316037,-0.8790252287915987,-0.5962248751911975,0.8028174750235828,1.0,2.0,2.0
1637934850.0,3.023647827409806,0.82187701367678,264.9301963014845,4149.718524090949,801.6896431442466,26142.654981360974,24967.58117955012,28366.987510615145,20573.25778354743,26111.70303316524,26240.41761993023,22397.878329545667,21678.295697353416,18839.51578722213,0.119821283509342,-0.4777977278686119,-0.8784698806695606,-0.5735764363769686,0.8191520442708407,1.0,3.0,1.0
1637934866.0,3.0,0.80335,480.0,3840.0,1073.922048,55901.881,55911.701,56105.565,56165.504,56266.909,56309.289,56321.861,56324.277,56338.57,0.1202274573517465,-0.4788195503111875,-0.8779133432405457,-0.5504807402920086,0.8348478631269066,0.0,0.0,0.0
1637934882.0,3.011325850322309,0.9214437709858576,307.6406338354434,4149.839560751541,798.5661552677283,31476.583403584722,27087.751976037674,31280.247772071452,24271.264947450574,31249.398673504533,29349.740712389757,24942.56811124087,25344.39676972682,22789.80677622245,0.1206336311941511,-0.4798407245270484,-0.8773556172301841,-0.5269557954955073,0.8498926929875895,1.0,1.0,3.0
1637934898.0,3.016971318794186,0.9542468460954971,318.0766511466844,4163.2349690717565,782.5728091309977,31828.584659684577,26885.3137802454,31165.432827599434,25691.655719163005,31507.91846789119,29125.691868177622,24787.05133589106,25616.359495238954,23148.64678822551,0.1210398050365556,-0.480861249095347,-0.8767967034144589,-0.503019946413545,0.8642748020798213,1.0,2.0,2.0
1637934914.0,3.030196607144827,0.951693554555135,314.0805088209132,4188.843014951476,763.4654610419527,29978.97584226747,25786.585971813493,29570.421839875213,25667.097723590916,29318.408680849203,27509.607082319904,23733.60869977652,24396.747922660637,21905.06569095773,0.1214459788789601,-0.4818811226472161,-0.8762366025430909,-0.4786918579104046,0.8779829754444474,1.0,3.0,1.0
1637934930.0,3.0,1.085575,490.0,3840.0,1102.737408,58687.785,58674.631,58905.593,58967.54,58997.617,59035.303,59057.117,59064.466,59066.99,0.1218521527213647,-0.4829003438018949,-0.8756753153743754,-0.4539904994867313,0.8910065243171837,0.0,0.0,0.0
1637934946.0,3.0566800898513637,0.8720594685569829,285.90437372570443,4174.24737989405,719.5922328096176,23556.070440428244,22826.991795100686,25454.451251714097,22956.794324536182,22787.87188878769,22648.195599935883,21058.6906821415,20673.095785401973,18398.56766637719,0.1222583265637693,-0.4839189111667709,-0.8751128426752557,-0.4289351337628894,0.903335292692482,1.0,1.0,4.0
1637934962.0,3.0614257456364453,0.8259878614037848,272.7403403935783,4143.544884284176,703.9293605258249,20936.105588686165,21252.887211887934,24129.53893057495,21760.24498128893,20941.093930040246,20458.384194386614,19266.000802240444,19513.397725632465,17334.703048518444,0.1226645004061738,-0.4849368234010555,-0.8745491851861127,-0.403545296488625,0.914959667789738,1.0,2.0,3.0
1637934978.0,3.058463764536816,0.7941394977778826,266.2575810609983,4139.06768301721,706.6179394137098,20323.76913360515,20718.528879131012,23272.07589404327,21342.477789717537,21138.950077248308,19600.58708874698,17990.22309900784,19471.961974755297,17282.11108242483,0.1230706742485783,-0.485954079075721,-0.8739843436982541,-0.3778407871566104,0.925870584672001,1.0,3.0,2.0
1637934994.0,3.0640271001835804,0.7525396346498313,255.09597483902735,4171.553126932783,723.2319754381563,20709.524542257957,20300.56025423014,22205.26059986151,21437.294388877654,22308.15706237989,19434.37807484048,16799.834939317643,19917.09138976554,17061.346821934985,0.1234768480909829,-0.4869706768644398,-0.8734183189481368,-0.3518416485131674,0.9360595356982038,1.0,4.0,1.0
1637935010.0,3.0,0.808699,500.0,3840.0,1130.909696,61482.469,61479.409,61655.545,61681.259,61780.766,61798.94,61810.51,61815.673,61824.877,0.1238830219333874,-0.4879866153400298,-0.8728511117303923,-0.3255681547712523,0.945518575491165,0.0,0.0,0.0
1637935026.0,3.1030314500773954,0.6409254097669286,221.99890021817473,4228.495292395622,732.1217975026747,20086.214261497484,18102.87632384318,19518.53035975341,19673.825445630744,21412.087349499045,17991.666799469793,14988.450244977426,19045.258290836213,14072.82253725703,0.124289195775792,-0.4890018931778805,-0.8722827227845619,-0.2990407923351476,0.9542403284915006,1.0,1.0,4.0
1637935042.0,3.1151660462356685,0.6323358622055107,220.10199500579498,4203.203122678909,712.7316025124808,20114.944030287217,17767.794129257596,19612.887907791905,19135.686243819913,20412.669134473443,17772.1371564131,15672.627559959148,18389.101387781768,13337.431867238767,0.1246953696181965,-0.490016508952663,-0.8717131529085956,-0.2722802473284426,0.9622179934478268,1.0,2.0,3.0
1637935058.0,3.107712157480387,0.6639221150595862,230.71337734385523,4155.438051803159,686.2755692790545,20517.810859176036,18449.603585785855,20922.93655531144,19454.39465220991,20382.68096210711,18566.5041398235,17142.955763130492,18351.527223419373,13992.357578836674,0.1251015434606011,-0.4910304613288146,-0.8711424028522613,-0.2453073859271096,0.9694453498829152,1.0,3.0,2.0
1637935074.0,3.0928061601018704,0.7274844304808866,249.26908382805127,4114.844691861182,673.35531909507,21969.337652491828,20211.149722653725,23381.16924152993,20880.61722924938,22302.688350617384,20994.650656766484,18726.952947045345,19638.683963304138,16061.629352890031,0.1255077173030057,-0.4920437489208976,-0.8705704733953873,-0.2181432416562818,0.9759167618806888,1.0,4.0,1.0
1637935090.0,3.0,0.972411,510.0,3840.0,1160.052736,65137.934,65079.297,65510.729,65547.608,65607.962,65624.645,65634.764,65636.056,66429.66,0.1259138911454102,-0.4930563703570672,-0.8699973653122833,-0.1908089953930431,0.981627183444457,0.0,0.0,0.0
1637935106.0,3.062215489762548,0.8483508000441676,283.42674606230537,4119.241672647905,709.2324557158915,27499.748549594333,23681.199669091624,27379.18857039559,24229.293134191124,27535.967615580776,27337.261627013002,21596.689338567056,24772.882584954605,19846.11178009522,0.1263200649878147,-0.4940683242537292,-0.8694230793860444,-0.1633259624716183,0.9865721615688938,1.0,1.0,24.0
1637935122.0,3.0551065412476692,0.840678862367148,286.71022859471987,4117.366310348964,712.0164918583845,27159.096808570306,23256.825333421395,26160.515593496242,23916.168336318027,26668.963895287383,27119.18451245429,20979.811869098172,24040.99943919722,18798.936725332074,0.1267262388302193,-0.4950796092787999,-0.8688476163726012,-0.1357155724182389,0.9907478404736444,1.0,2.0,23.0
1637935138.0,3.0522625864277315,0.7881798741563569,279.86978217806916,4070.787090700367,687.7454119300612,24499.86564018103,20946.557279789704,22879.7764685231,21893.352197956698,23367.092388986526,23539.96357456316,19015.09117205724,21217.444296712492,16067.26265742719,0.1271324126726238,-0.4960902240378256,-0.8682709770653975,-0.1079993554420187,0.9941509640009956,1.0,3.0,22.0
1637935154.0,3.0536459164659697,0.733267540073744,274.56616667340273,3960.5016430475666,657.8672912377716,21616.98164706032,18598.551448648224,20660.20517070083,19450.124959672936,20761.624438450188,20223.275823269138,16975.896562592232,18575.067973744506,13965.563291217277,0.1275385865150284,-0.4971001671373274,-0.8676931622595865,-0.0801989242797795,0.996778878460196,1.0,4.0,21.0
1637935170.0,3.0515494232297646,0.712575642773908,270.75427814264503,3879.632082854301,638.5791891673787,19159.230854290003,17182.750502270483,20275.407696572394,17820.35543889232,19644.48904628228,18405.514351997088,15267.0704286133,16945.77996464677,13368.487843918077,0.127944760357433,-0.4981094372478936,-0.8671141727157887,-0.052335955944773,0.9986295347702004,1.0,5.0,20.0
1637935186.0,3.0502806737700796,0.7258709434258689,266.64477020831714,3842.6100103399963,639.7725493362364,18017.74235121049,17256.779199238463,20897.289444315826,17417.425846150916,19715.435307451637,17761.74638396916,14912.108647258445,16906.030725328023,13902.214328123899,0.1283509341998375,-0.4991180329904837,-0.8665340092250912,-0.0244321785359394,0.9997014897718158,1.0,6.0,19.0
1637935202.0,3.0526715673591314,0.7651614660278033,265.6867115129987,3831.0440140276382,657.6897122750565,18383.17511911473,18463.195553219597,22329.619158221125,17993.668978464015,20803.828088867296,18808.789546667656,15444.269509703867,18026.450455855833,14980.751204259726,0.128757108042242,-0.5001259529996054,-0.865952672572951,0.0034906512811657,0.9999939076582584,1.0,7.0,18.0
1637935218.0,3.0541301123825986,0.8104654338623142,267.28497885324555,3873.700131310406,681.5079615673823,20162.356647993012,20214.793809702143,23313.77275792992,18950.943070519766,22155.64276194383,20569.24851326729,16551.724824151173,19647.528586770393,16250.481713016394,0.1291632818846466,-0.5011331958980882,-0.8653701635537063,0.031410758727923,0.9995065603767372,1.0,8.0,17.0
1637935234.0,3.034093175193902,0.8439731431153974,269.5983521610588,3970.540369768856,693.7349345762929,22234.236245870332,21281.540482065524,23749.407319330392,20078.941501743117,22695.909521805333,21328.68669884581,17923.755830499696,20777.465625202047,17161.54414575868,0.1295694557270511,-0.5021397603600497,-0.8647864829341124,0.0593063734751032,0.9982398279297574,1.0,9.0,16.0
1637935250.0,3.0129427389725594,0.8418242601928116,267.0374528432753,4001.856391611632,677.9770813074101,22337.198544076684,20805.476149500213,23173.473170612488,19818.56227366352,21147.643323673867,20424.90807985699,18323.532923346673,20091.91687201123,16565.466043366778,0.1299756295694557,-0.5031456449723932,-0.8642016315335874,0.0871557424315102,0.9961946981194048,1.0,10.0,15.0
1637935266.0,3.0008542323717258,0.8043479477347519,258.3477495896719,3962.3216853033314,654.5354809335913,20894.78806952323,19340.895857251362,21805.38818174324,18465.45053147972,18756.89008074611,18893.39163016247,17853.93719567396,18274.12112786676,14790.073883021105,0.1303818034118603,-0.504150848423617,-0.8636156101146778,0.1149371504253036,0.9933727656082136,1.0,11.0,14.0
1637935282.0,2.9917863763215076,0.764554995298262,251.68401498290018,3946.06221330927,651.2069884620076,19496.57283332046,18029.010510022523,20882.419593200008,17483.75104107921,18267.83060239781,17737.49737815979,17065.465713924837,16538.758107540652,13320.13015006456,0.1307879772542648,-0.5051553693025352,-0.8630284195000876,0.1426289334240855,0.9897762309483432,1.0,12.0,13.0
1637935298.0,2.989844635604121,0.733351175681581,243.30447644596916,3971.982156416177,668.6681313644633,18578.57394564446,17520.12460745555,20171.260670297335,16822.655883060426,18874.84739597849,17239.621446775167,16511.002100126265,15683.215849279179,12603.65212900632,0.1311941510966693,-0.5061592062994242,-0.8624400604554132,0.170209499131552,0.985407898489446,1.0,13.0,12.0
1637935314.0,2.9914985192758117,0.7304537434040689,242.7026505402243,4016.5115823535916,692.9518190566534,18903.26596999183,18174.57400594001,19866.998596447997,16533.491234169756,20006.957688038863,17659.085917561097,16787.14561104684,15895.270327008027,12881.566982749056,0.1316003249390739,-0.5071623580050164,-0.8618505338066407,0.1976573401327737,0.9802711746713952,1.0,14.0,11.0
1637935330.0,2.9946311507071894,0.74759597392277,248.28559925580964,4051.8545439518234,708.1807669989058,20163.710977472703,19152.376011002787,19607.229012393025,16334.94709263593,20859.078726417676,18366.385095008834,17584.794485220835,16801.65128459905,13559.600736328015,0.1320064987814784,-0.5081648230988404,-0.8612598403298068,0.2249510543419468,0.974370064785678,1.0,15.0,10.0
1637935346.0,3.0004430483066056,0.780047454796063,257.7255381281544,4066.407822595682,703.8108550373569,21013.20875462158,19368.017594773366,19593.151734040348,16457.499191379633,20883.752915172317,18720.82077983339,18169.20609671941,17525.231949665504,13731.002019571086,0.132412672623883,-0.5091666002111532,-0.8606679808319906,0.2520693580318743,0.9677091705369948,1.0,16.0,9.0
1637935362.0,3.0035997599895516,0.8252569681916294,269.4279338163962,4048.6373818121374,688.1702443400184,22320.503153655827,19256.39183409206,20360.651275584372,16968.700292841986,21115.93457427044,19552.82656468706,18821.986572075708,18521.34334358596,13814.993679424077,0.1328188464662875,-0.5101676879856942,-0.8600749561144838,0.2789911060690502,0.9602936856682792,1.0,17.0,8.0
1637935378.0,3.0142439714358242,0.8711974932969537,275.3448824187186,4029.3699626908647,678.469201502962,23692.398268221797,19071.870476598095,21803.823421954436,17895.588293011966,22172.53350579972,21095.001907827176,19327.195599186933,19849.941563934495,14020.435035582388,0.1332250203086921,-0.5111680850796427,-0.8594807669727178,0.3056953052300788,0.952129392656423,1.0,18.0,7.0
1637935394.0,3.0344053328045386,0.9009145116454385,272.50371350007765,4030.714201234209,689.2755856208958,25062.316394324916,19276.948056773894,22823.185661285435,18560.948043674365,23189.726890791288,22536.099348646923,19680.45537450949,21289.767784389736,14405.656069242868,0.1336311941510966,-0.5121677901010847,-0.8588854142334537,0.3321611319441417,0.9432226579263172,1.0,19.0,6.0
1637935410.0,3.056982421485605,0.8964400658749547,263.8409459076687,4038.8522801611853,711.4880949093294,25922.742421718285,19821.520917941823,22728.467965218173,18386.77617659614,23543.68177077726,23457.769935955013,19799.173392070785,22022.550939804416,14867.436868370049,0.1340373679935012,-0.5131668017465755,-0.8582888986729299,0.3583679498379016,0.9335804263848826,1.0,20.0,5.0
1637935426.0,3.069207231563479,0.8558480485555973,253.27794487246885,4022.682526752228,723.3711264075233,25971.15277191935,19969.999221636564,21625.315402857494,17213.665325057587,22630.17110073621,22929.959192600694,19509.039583566875,21277.84838601722,15116.165123342811,0.1344435418359057,-0.5141651186136218,-0.8576912211285832,0.3842953223195433,0.9232102172546176,1.0,21.0,4.0
1637935442.0,3.0704156239717486,0.8113452311617578,251.493685057619,3979.8097499964188,722.5103736051251,25451.6057468406,19850.251780847437,20748.537806690274,16185.430930450286,21482.266468496644,21756.4994544915,19209.896539347614,20121.336905519525,15338.05796546645,0.1348497156783103,-0.515162739400589,-0.8570923823796831,0.4099230337328295,0.9121201162211442,1.0,22.0,3.0
1637935458.0,3.065393545404982,0.7862037607382008,259.8996922168121,3916.855925920515,710.5635380455626,25020.876006252845,19826.12506104575,20916.810641199438,16435.50852848709,21225.244442609903,21172.015485836422,19269.537977076852,19305.207157223773,16106.180136118555,0.1352558895207148,-0.5161596627069361,-0.8564923832669278,0.4352310990702348,0.9003187715482308,1.0,23.0,2.0
1637935474.0,3.05674910962457,0.7692466945731499,266.402802424056,3825.8965546041404,690.6427360016969,23595.40512022789,19355.64371000659,21250.59095404145,16982.47881381778,20750.42985673851,20525.68659071246,18905.24427254565,18128.87409445618,16443.351063213373,0.1356620633631194,-0.5171558872203909,-0.8558912245801392,0.460199784707324,0.8878153851760695,1.0,24.0,1.0
1637935490.0,3.0,1.22266,550.0,3840.0,1291.169792,96885.757,96875.69,97133.153,97186.328,97275.692,97293.281,97303.403,97309.451,97320.039,0.1360682372055239,-0.5181514115797371,-0.8552889071406958,0.4848096199817496,0.874619707286059,0.0,0.0,0.0
1637935506.0,3.0701219726843667,0.7325665319569364,245.59749887911858,3741.902117911661,688.2692869943677,21760.00167318326,17617.470688964822,21090.350408973252,18257.52927011663,20222.369291238727,20013.794680407744,18308.561092262724,16535.230463012445,14981.015691377444,0.1364744110479285,-0.5191462344371792,-0.8546854317640481,0.5090414157046012,0.860742027031012,1.0,1.0,43.0
1637935522.0,3.0867515785105706,0.7066329287602575,230.45525047495136,3746.451325081695,708.9280980885887,21893.979902538875,17186.686485771956,20409.532258682993,18238.40636998514,19844.62990936532,19966.048398340983,18675.968947569178,16646.70258996442,13932.06086678555,0.136880584890333,-0.5201403544334428,-0.8540807992747833,0.5328762758426855,0.8461931662711712,1.0,2.0,42.0
1637935538.0,3.1050860220851604,0.684049910447651,225.99956842864873,3745.338891638062,723.2006058660903,22018.798701234206,16927.931980629808,19444.08658848238,17900.65495979294,19081.05267420469,19360.285963080183,18442.503485653117,16298.184457656102,13122.28851950311,0.1372867587327376,-0.5211337702599187,-0.8534750104687789,0.5562956154835582,0.8309844692855392,1.0,3.0,41.0
1637935554.0,3.1099872014858625,0.6799177094526776,236.37621977382457,3765.1050896172965,722.575563664304,22198.62150697898,17066.38219399617,18680.770138493786,18048.091640461484,18712.376029580988,18674.075152590347,17956.100293571046,15937.329286568227,12846.344888635975,0.1376929325751421,-0.5221264805219699,-0.8528680661964904,0.5792811721499239,0.815127795865538,1.0,4.0,40.0
1637935570.0,3.096313073108545,0.6935846482104463,253.10810454628682,3785.596480737933,709.8325820651464,22460.131505179103,17161.971200495573,18072.62899555984,18099.7634508896,18825.299109698353,18109.42966118917,17386.399452187492,15880.96184587696,13320.429411623234,0.1380991064175467,-0.5231184839252714,-0.8522599672492693,0.6018150231623266,0.7986355100395476,1.0,5.0,39.0
1637935586.0,3.0743078386285907,0.7195338812408936,266.37878460015145,3830.2527192105163,694.4344407144996,22563.139378820422,17026.664262383438,17813.73012959501,18067.88046303187,19521.38237819068,17995.031160745144,16997.69128248687,16262.39815659348,14197.92409200296,0.1385052802599512,-0.5241097790771688,-0.8516507144808142,0.6238795965503863,0.7815204725457467,1.0,6.0,38.0
1637935602.0,3.0578333246037985,0.7538263882655047,273.46650732278886,3880.4670176126756,682.785059549902,22434.95292501143,17011.796479598186,17962.465396855616,17929.691588987498,20167.26688325683,18507.248314828423,16788.927050220926,16498.29460556804,14989.133470951003,0.1389114541023558,-0.5251003646851825,-0.8510403086854866,0.645457687759003,0.7637960286050205,1.0,7.0,37.0
1637935618.0,3.0536727418221545,0.774981149050425,273.34477200663355,3901.589390942715,678.2681087395549,21774.50143623026,17047.265285628477,18203.29137992217,17265.140403235826,19877.03926783565,19169.700229838698,16791.24005659924,16085.451565903064,15170.664184835165,0.1393176279447603,-0.5260902393710235,-0.850428750712568,0.6665324704695426,0.7454759994860789,1.0,8.0,36.0
1637935634.0,3.052407208937702,0.7766525103344986,269.14459840551785,3878.6489006484367,683.1841734058933,21440.620726720434,17160.244608343142,18486.610815011052,16091.956260048013,18990.13193713364,19658.029072069796,17725.55140603857,15651.744159206968,15046.343854556711,0.1397238017871649,-0.527079401794572,-0.8498160413900624,0.6870875108617607,0.7265746709167544,1.0,9.0,35.0
1637935650.0,3.047965841169606,0.7699081718897668,267.2284393975504,3846.339941789399,693.9468263496674,21368.043078300598,17468.807640679537,18714.37510010109,15538.012372811228,18152.934583629365,19782.875622538948,18902.942724359327,15064.498387875177,14891.155592905483,0.1401299756295694,-0.5280678506537445,-0.8492021815244792,0.7071067814186602,0.7071067809544348,1.0,10.0,34.0
1637935666.0,3.037651236153039,0.7701738079652676,271.3138139042776,3799.489256035658,703.1133021393077,21569.53084453063,18021.655673919267,19104.995482152655,16261.483167436267,18071.426424157027,19827.074719483386,19914.58556640159,14781.837904765887,15131.015513500059,0.140536149471974,-0.5290555845608768,-0.8485871719776048,0.7265746707279367,0.6870875110614297,1.0,11.0,33.0
1637935682.0,3.0361297255678306,0.7847138429830591,280.3227220835895,3755.1123131870904,720.1308668776358,22454.553441469434,18746.292929334362,20089.28776665126,18132.755124655112,19520.98287010527,20462.541308346415,20674.994232714467,15617.621296502677,16061.100688449169,0.1409423233143785,-0.5300426022281324,-0.8479710135513064,0.7454759996132883,0.6665324703272666,1.0,12.0,32.0
1637935698.0,3.0495218087662077,0.7913842626233579,281.57940824670817,3728.2605289816747,743.6161021014418,23194.992282158455,19245.684653439614,20777.341309371997,19849.164106492597,21185.997337698624,20943.10826430566,20841.25074045147,16785.361915041267,16662.669706047065,0.1413484971567831,-0.5310289022698562,-0.8473537071105971,0.7637960284276432,0.6454576879689009,1.0,13.0,31.0
1637935714.0,3.065854890418658,0.7711552999071677,269.8720832168641,3704.718577614722,751.3916060073722,22787.499854562397,18839.83712112413,20367.180580198583,20207.571321126197,21243.83472047438,20368.331762031426,20656.241198272743,16928.915778184673,16188.935560723221,0.1417546709991876,-0.5320144834000813,-0.8467352534603391,0.7815204723742991,0.6238795967651549,1.0,14.0,30.0
1637935730.0,3.088269308518314,0.7361490581232417,253.9862255978167,3644.746516701278,735.6103700456982,21020.811229881838,17534.339472067066,19106.73413845964,18874.278691788495,19529.545835427834,18653.188340796503,19620.671793263362,15662.498438401668,14874.645245971056,0.1421608448415922,-0.5329993442351693,-0.8461156534687676,0.7986355098741635,0.6018150233817987,1.0,15.0,29.0
1637935746.0,3.107494805120025,0.7099346630077037,240.0811170838293,3577.7250650423375,704.8732731968523,19048.391396445066,15725.7428907879,17739.47631633229,16588.885039496545,17208.541412510258,16466.67651093414,17837.97670842951,13900.75694335661,13445.529417396292,0.1425670186839967,-0.533983483478726,-0.8454949079515057,0.8151277957063465,0.5792811723739282,1.0,16.0,28.0
1637935762.0,3.1130292356523723,0.6974636672279405,232.22082410836143,3521.8705609388326,672.3376328108558,17611.74236513861,14492.95971186786,16692.445380372483,14704.874244107126,15546.704210129872,14607.391811986738,16118.032953988255,12382.127537340484,12779.703738602628,0.1429731925264013,-0.5349668997860483,-0.8448730177566947,0.8309844691326642,0.5562956157119201,1.0,17.0,27.0
1637935778.0,3.1053116582283127,0.6991019913804402,229.71855898524666,3525.8799163650197,649.657892422687,16993.077545352644,13893.297168454334,16370.208954689346,13987.812779096463,14840.115596473686,13443.662296486582,14956.241886646103,11749.394113429405,12902.930416585532,0.1433793663688058,-0.5359495918257328,-0.8442499837262838,0.8461931661247323,0.5328762760752268,1.0,18.0,26.0
1637935794.0,3.0965776254057418,0.7041107309907887,227.71670989357207,3585.2206100107555,640.0454571213297,17109.81871408395,13526.102053325634,16201.788632458281,14234.704643748395,14967.360701051139,12822.54358690597,14378.70828715213,11972.16167927091,13358.944467162719,0.1437855402112104,-0.5369315582550807,-0.843625806711584,0.860742026891123,0.5090414159411406,1.0,19.0,25.0
1637935810.0,3.0927568275315935,0.684613336923088,218.5214474000884,3676.1480214878006,637.6732175174955,17146.64274171263,12788.259562486328,15315.011832058328,14467.048212611786,14772.139574251507,12510.816388676598,13958.340823293267,12152.965133438498,13626.624017968632,0.1441917140536149,-0.5379127977814806,-0.8430004875342006,0.8746197071528291,0.4848096202221027,1.0,20.0,24.0
1637935826.0,3.089360970089519,0.6361160305230084,201.54068058630048,3767.14679710407,635.3938665236782,16496.260806551552,11315.366071570788,13381.554823045624,13713.957160087039,13056.348201496447,11449.360638509374,13397.109289037488,11708.741612525839,13036.164078904076,0.1445978878960195,-0.5388933090273895,-0.842374027072007,0.8878153850496026,0.4601997849513033,1.0,21.0,23.0
1637935842.0,3.0883292337555206,0.5743226798985122,183.5812071010313,3794.0239951576277,625.2611629631274,14818.235187355778,9157.70998184719,11134.174908305493,12037.470143463162,10283.392597913087,9500.971451175381,12619.914681135353,10751.441973673398,11614.619629722634,0.145004061738424,-0.5398730907143879,-0.841746426141801,0.9003187714286255,0.4352310993176503,1.0,22.0,22.0
1637935858.0,3.0820200580314414,0.5189876559804989,171.22166451430655,3751.8797487151974,609.6370611586281,12399.146682748247,6828.731611900817,9414.135103883382,10051.493780219986,7914.050327039223,7844.534144960444,11207.875539357176,9410.928071440954,10373.544460765519,0.1454102355808286,-0.540852141491459,-0.8411176856089181,0.912120116299379,0.4099230335587491,1.0,23.0,21.0
1637935874.0,3.0702270357252455,0.48229425125720726,164.55801314219602,3689.2592567788015,601.7218470679978,10038.253543435443,5173.646700685682,8491.023197428183,8273.011987262205,6711.592262296859,6981.554192244988,9519.959367042484,8102.03653192293,10016.937448053257,0.1458164094232331,-0.5418304600086484,-0.8404878063403517,0.92321021714901,0.3842953225732495,1.0,24.0,20.0
1637935890.0,3.0557150115312224,0.477784931642311,162.29577366124767,3663.3350780305373,602.3910003892893,9011.540614483136,4984.1258466640265,8512.053247759944,8034.093419521384,7024.136937823119,7173.3213917016055,8788.447951255745,7786.289854149738,10239.483956728447,0.1462225832656377,-0.5428080449781744,-0.8398567891652554,0.9335804266201562,0.3583679492249931,1.0,25.0,19.0
1637935906.0,3.0463975095865625,0.4909440903987717,164.51695070933653,3676.6930073423828,619.3574544516022,9466.375448979765,6259.937503282379,8918.037680623753,9055.446898920829,8450.906259544097,8718.904596117918,8752.422776267207,8155.586177409636,10777.002326522414,0.1466287571080422,-0.5437848950520762,-0.8392246349537188,0.9432226578350364,0.3321611322033475,1.0,26.0,18.0
1637935922.0,3.0467736814505915,0.5171732147662993,175.94775401015116,3739.00416910696,640.942802406462,11271.198395044365,8551.409642272443,9740.43848419329,11024.85664494312,10407.621973467023,11156.104995799144,9756.741356178863,8964.420458572848,11317.922860330187,0.1470349309504467,-0.5447610089444774,-0.8385913445378476,0.9521293927147656,0.3056953050483625,1.0,27.0,17.0
1637935938.0,3.0489304171752587,0.5312254366288023,186.76774668595903,3801.8622420176453,645.9497114698305,12973.349432329476,10171.217573923801,10340.073832602135,12251.834733729691,11316.940129533512,12671.567623117593,10508.73196754707,9360.098895613453,11270.89666355656,0.1474411047928513,-0.5457363852850308,-0.837956918806706,0.96029368559161,0.2789911063329472,1.0,28.0,16.0
1637935954.0,3.060050822756486,0.5197682174627376,189.50027818721432,3809.286037788533,633.7416287013486,13386.266876397503,10313.021979285259,10229.770313608857,12058.241854571814,10503.27120282707,12550.839175931325,10273.108804206333,8766.543455751722,10531.918882163696,0.1478472786352559,-0.5467110228020117,-0.837321358587477,0.967709170467724,0.2520693582978093,1.0,29.0,15.0
1637935970.0,3.0716942082203635,0.5221396151832783,192.57879999056757,3784.6107314767005,613.9299726472229,13142.476484136527,10158.35750297625,10749.639051141356,11575.571256523703,9714.51288948972,11994.599246971093,10223.997754599764,8494.53241588772,9905.93309540606,0.1482534524776604,-0.5476849201271454,-0.8366846647724113,0.9743700647238596,0.2249510546097123,1.0,30.0,14.0
1637935986.0,3.072856511071193,0.5449676628383127,195.9151689018801,3780.456850833307,606.8918864682578,12645.72087184788,10544.07711215231,11694.611572293119,11456.73879590977,9818.037781726402,11792.098538409067,10530.172412532509,9067.956875803146,9887.582104009056,0.148659626320065,-0.5486580759906361,-0.836046838191649,0.9802711746170772,0.1976573404021608,1.0,31.0,13.0
1637936002.0,3.067267663135941,0.5742688316255008,199.02443204010382,3816.0458646885418,623.8871521607315,12491.307602866913,11992.239152639795,12496.931806697652,11885.46766735838,10617.187018760083,12424.35046172919,11145.356237352442,10398.44059470419,10684.441284055334,0.1490658001624695,-0.5496304890262889,-0.8354078797406226,0.9854078984426708,0.1702094994023507,1.0,32.0,12.0
1637936018.0,3.0595389907304633,0.5985761204016925,201.91965609101047,3871.940286503016,652.4335376595163,13044.53918557765,14088.821297945615,12999.227111900076,12633.8841267219,11599.06215604594,13585.875873983661,12180.114897858082,11876.251496659039,11476.73780961287,0.149471974004874,-0.5506021579662431,-0.8347677902524248,0.9897762309091472,0.1426289336960847,1.0,33.0,11.0
1637936034.0,3.05523867639571,0.5981803413718176,201.64071824473223,3924.3768847370734,676.6100807642101,13842.855595285126,15315.4785386856,12427.554200064598,12799.909455057032,11670.999915205739,13895.27899565541,13088.343840990807,12747.632422808034,11680.494967568571,0.1498781478472786,-0.5515730814463915,-0.834126570625665,0.993372765576628,0.1149371506982911,1.0,34.0,10.0
1637936050.0,3.044589785493414,0.5883292298225756,199.38333065090978,3926.5306441906514,679.4660924686762,14286.701360966952,14862.214729181089,11441.3635709821,12699.734258856697,11083.755522561787,12785.133276570345,13434.004667255782,13139.768117085474,11052.075124841487,0.1502843216896832,-0.5525432581886868,-0.8334842217044245,0.9961946980954536,0.0871557427052732,1.0,35.0,9.0
1637936066.0,3.038879747578447,0.5622399889123469,195.0314167943125,3898.4133016889136,668.8624707331337,13759.323367568843,12957.020666868904,10718.239146804539,12132.050911190985,10623.546964671306,11410.887132423544,12619.285719299181,12774.59214085951,10144.004029783304,0.1506904955320877,-0.5535126868675028,-0.8328407443663631,0.9982398279134594,0.0593063737494282,1.0,36.0,8.0
1637936082.0,3.045480256893233,0.5424353068618705,193.25517871993597,3870.675369970536,661.8420011749876,13113.877590751266,11264.79070037197,11132.178341531935,11812.645208290825,11182.010373981608,10897.173485428619,11922.291952051703,12255.88151648645,9825.460856813213,0.1510966693744923,-0.5544813661703735,-0.8321961394826559,0.9995065603681051,0.0314107590025961,1.0,37.0,7.0
1637936098.0,3.057917616499957,0.5447005011061798,193.3226589094313,3855.8359930059373,667.9108521283337,13049.018819716137,10926.554453764376,12342.77393326802,12119.132417686176,12430.59723287103,11262.805079723441,12257.002153260633,12277.76760817669,10395.230700548305,0.1515028432168968,-0.5554492947979484,-0.8315504079179217,0.9999939076589244,0.0034906510903143,1.0,38.0,6.0
1637936114.0,3.069528342709557,0.579869822253092,200.13200330767967,3876.520555043,679.9630716835792,13722.948319563038,12345.262972089582,13843.375018673405,13294.865696206776,14053.87780471316,12477.167202969229,13545.86418270695,13047.974255311547,11652.357875367325,0.1519090170593013,-0.5564164714034903,-0.8309035505706357,0.9997014897899072,-0.0244321777956904,1.0,39.0,5.0
1637936130.0,3.0704202241149576,0.6266029481970681,212.59146910517705,3902.8256848078445,686.2987191884297,14489.939624224566,14379.634531884318,15147.195977830954,14595.289203761808,15183.090966877617,13830.220642077804,14828.793500988108,13719.8087009871,12955.425726771995,0.1523151909017059,-0.5573828947259661,-0.8302555682841896,0.998629534760212,-0.052335956135364,1.0,40.0,4.0
1637936146.0,3.056710572409525,0.6720491131545663,227.84988650753172,3903.2823639577746,671.3627465671368,14970.74214059231,15492.035441415983,15786.190934437163,15851.193578595718,15462.97829338982,14399.156998331062,15573.015961416288,13889.587656267633,13745.848924539374,0.1527213647441104,-0.5583485634086328,-0.8296064619682733,0.9967788784822352,-0.0801989240058559,1.0,41.0,3.0
1637936162.0,3.0419912950201162,0.6973418279930608,238.47971688341778,3893.9508609903114,638.7903210500618,14662.962759837219,15213.791498137009,15670.267129396289,16569.085321699436,15124.452556465076,13963.085125087131,15295.392098542314,13558.567449155487,13977.667584820218,0.153127538586515,-0.5593134761803602,-0.8289562324773496,0.9941509639803836,-0.1079993556317549,1.0,42.0,2.0
1637936178.0,3.0334426426813508,0.6854280197899637,236.22713493524276,3880.672125336562,604.5509094096315,13695.91377218888,13758.484576075723,14863.569675618073,15904.912146225211,14367.69001325092,12748.25425450127,14205.562618899396,12889.856557299141,13636.288834197076,0.1535337124289195,-0.5602776317227144,-0.8283048806998462,0.99074784051094,-0.1357155721459727,1.0,43.0,1.0
1637936194.0,3.0,0.003164,10.0,3584.0,1515.06944,304.536,300.748,304.471,304.471,304.885,304.885,304.885,304.885,336.86,0.1539398862713241,-0.5612410287303687,-0.8276524075175988,0.9865721616137773,-0.1633259622004996,0.0,0.0,0.0
1637936210.0,3.0,0.003164,20.0,3584.0,1579.716608,343.398,343.539,347.413,347.413,348.646,349.532,349.532,349.532,357.672,0.1543460601137286,-0.5622036658869889,-0.8269988138221427,0.981627183496893,-0.1908089951232833,0.0,0.0,0.0
1637936226.0,3.0,0.073894,40.0,3584.0,1657.167872,709.356,706.506,716.21,718.849,726.018,726.806,728.139,728.139,731.524,0.1547522339561332,-0.5631655419254067,-0.8263441004738056,0.9759167619406364,-0.2181432413880913,0.0,0.0,0.0
1637936242.0,3.0,0.11808,50.0,3584.0,1745.887232,761.5,764.925,777.431,777.675,779.816,781.356,784.27,784.27,784.839,0.1551584077985377,-0.5641266554952631,-0.825688268391727,0.969445349950328,-0.2453073856606976,0.0,0.0,0.0
1637936258.0,3.0,0.236615,70.0,3584.0,1850.322944,1113.16,1113.608,1135.629,1136.733,1147.138,1151.102,1153.462,1154.693,1155.977,0.1555645816409423,-0.5650870053434299,-0.8250313184310002,0.9622179935226518,-0.2722802470640166,0.0,0.0,0.0
1637936274.0,3.0,0.236615,80.0,3584.0,1855.97952,1146.451,1147.819,1178.076,1178.441,1185.461,1191.419,1199.116,1200.288,1200.859,0.1559707554833468,-0.5660465901216906,-0.8243732515139043,0.9542403285736796,-0.2990407920729139,0.0,0.0,0.0
1637936290.0,3.0,0.234511,90.0,3584.0,1860.595712,1935.865,1938.276,1973.854,1981.475,1995.267,2001.731,2003.165,2003.234,2004.202,0.1563769293257514,-0.5670054085789101,-0.8237140684984463,0.945518575580634,-0.3255681545114156,0.0,0.0,0.0
1637936306.0,3.0,0.416179,110.0,3584.0,436.137984,2168.664,2170.293,2206.852,2211.14,2227.289,2229.703,2239.963,2240.93,2243.656,0.1567831031681559,-0.5679634593690219,-0.8230537703100408,0.9360595357948928,-0.3518416482559301,0.0,0.0,0.0
1637936322.0,3.0,0.441226,120.0,3584.0,442.957824,1693.922,1689.788,1750.962,1757.145,1773.673,1778.49,1781.161,1782.787,1784.268,0.1571892770105605,-0.5689207412309238,-0.8223923578178826,0.925870584775835,-0.3778407869021731,0.0,0.0,0.0
1637936338.0,3.0,0.441226,130.0,3584.0,448.679936,1867.441,1865.195,1907.772,1921.522,1938.606,1954.993,1962.274,1965.643,1975.274,0.157595450852965,-0.5698772528685662,-0.8217298319173865,0.9149596677127204,-0.4035452966632474,0.0,0.0,0.0
1637936354.0,3.0,0.48456,140.0,3584.0,455.938048,5501.048,5517.509,5558.78,5562.021,5566.967,5580.359,5583.886,5583.96,5584.453,0.1580016246953696,-0.5708329929510975,-0.8210661935303951,0.9033352930100956,-0.4289351330939967,0.0,0.0,0.0
1637936370.0,3.0,0.482471,160.0,3584.0,470.208512,2258.141,2263.414,2326.48,2331.267,2346.733,2354.705,2360.734,2363.969,2366.343,0.1584077985377741,-0.571787960232396,-0.8204014435221796,0.8910065242305385,-0.4539904996567822,0.0,0.0,0.0
1637936386.0,3.0,0.585017,170.0,3584.0,480.272384,9470.417,9466.254,9562.665,9568.556,9580.13,9584.256,9586.128,9587.686,9589.303,0.1588139723801787,-0.5727421533718013,-0.8197355828259696,0.877982975575996,-0.4786918576691272,0.0,0.0,0.0
1637936402.0,3.017281123458009,0.5814178927066554,197.68956078522967,3918.502820291722,623.1697083211318,10206.096784510151,10287.126945844446,11270.829155112171,12048.862068889202,12578.038306698072,10719.977083408216,10492.782164292454,9440.76156430661,9886.111818959927,0.1592201462225832,-0.5736955711252086,-0.8190686123099339,0.8642748019838187,-0.503019946578494,1.0,1.0,1.0
1637936418.0,3.0,0.514444,180.0,3584.0,548.573184,9716.236,9726.161,9778.192,9782.669,9811.032,9824.78,9828.472,9829.627,9833.105,0.1596263200649878,-0.574648212154133,-0.8184005329104195,0.8498926931324016,-0.5269557952619494,0.0,0.0,0.0
1637936434.0,3.0,0.522024,190.0,3584.0,559.345664,11874.653,11873.727,11965.411,11971.13,11991.871,11999.097,12009.167,12013.416,12018.655,0.1600324939073923,-0.5756000752164931,-0.8177313454984879,0.8348478632781835,-0.5504807400625851,0.0,0.0,0.0
1637936450.0,3.0,0.507627,200.0,3584.0,567.25504,10634.689,10639.82,10706.041,10716.303,10762.847,10780.17,10788.238,10789.19,10790.596,0.1604386677497969,-0.5765511589759867,-0.8170610510135986,0.8191520444284645,-0.5735764361518585,0.0,0.0,0.0
1637936466.0,3.034422129496026,0.7072434995068451,199.62719202371323,3861.788609345543,637.4685607597183,11941.36176266375,13078.455441584974,15575.349436889379,12953.990214976686,14486.70675213195,14348.396367451269,14174.679694668916,12160.888687145363,9499.398349938263,0.1608448415922014,-0.577501462180683,-0.816389650338105,0.8028174751874306,-0.5962248749705762,1.0,1.0,1.0
1637936482.0,3.0,0.509827,210.0,3584.0,580.083712,11114.871,11126.904,11199.104,11206.421,11233.857,11238.809,11244.227,11245.448,11247.55,0.161251015434606,-0.5784509835202392,-0.8157171443977795,0.7858568933053547,-0.6184083951924136,0.0,0.0,0.0
1637936498.0,3.0,0.645616,220.0,3584.0,588.96384,11065.025,11067.955,11140.074,11153.738,11185.9,11201.967,11205.119,11205.363,11212.957,0.1616571892770105,-0.5793997217447518,-0.8150435340778455,0.7682835235684302,-0.6401096995150732,0.0,0.0,0.0
1637936514.0,3.0,0.645616,230.0,3584.0,601.493504,11854.147,11848.792,11944.228,11956.436,11988.323,12004.111,12007.119,12007.736,12009.129,0.1620633631194151,-0.5803476755223057,-0.8143688203239713,0.7501110697475898,-0.6613118651907937,0.0,0.0,0.0
1637936530.0,3.00942603523963,0.7931338560245951,236.70251583025262,3918.245601343869,626.1472062120598,13451.510575092845,15514.36136332137,17506.808798066686,15521.401711056786,18504.759011706727,16969.914784949673,15063.867135634464,14350.288693973727,12492.511776541052,0.1624695369618196,-0.5812948436169306,-0.8136930040158685,0.731353701569914,-0.6819983601153197,1.0,1.0,1.0
1637936546.0,3.0,0.744355,240.0,3584.0,611.913728,11954.145,11941.72,12058.117,12078.04,12126.84,12147.511,12157.716,12157.892,12159.659,0.1628757108042242,-0.5822412246989157,-0.8130160861023027,0.7120260460921736,-0.7021530528925627,0.0,0.0,0.0
1637936562.0,3.0,0.813833,250.0,3584.0,625.537024,10711.492,10720.846,10801.985,10816.239,10861.087,10887.286,10902.959,10908.894,10921.214,0.1632818846466287,-0.5831868175343414,-0.8123380674658591,0.6921431737944441,-0.7217602281712078,0.0,0.0,0.0
1637936578.0,3.0013305146320293,0.7914431085327542,247.4307284196421,3682.7576756487933,586.3899285857092,10742.378000717908,13029.852526797831,16394.96341748329,12772.734132396254,15574.138130182502,14952.447286664572,13355.192745279228,12831.718596921597,11499.217743094743,0.1636880584890333,-0.5841316208075195,-0.8116589490498951,0.6717205890603096,-0.7408045965249344,1.0,1.0,2.0
1637936594.0,2.998286242081659,0.8040132631062805,250.27454235085014,3672.6097207216035,593.8093728649312,11435.659815667514,13455.409381801346,16816.50494791576,13665.142526277703,16225.200225995399,15435.894530936026,13468.77532506149,13677.638943610349,12039.515589808385,0.1640942323314378,-0.585075633251154,-0.8109787317653658,0.6507742175144305,-0.7592713071218223,1.0,2.0,1.0
1637936610.0,3.0,0.766222,270.0,3584.0,650.870784,10815.914,10841.781,10915.538,10933.711,10965.489,10983.526,10994.585,10994.804,11007.105,0.1645004061738424,-0.5860188535871891,-0.8102974165331867,0.6293203911104941,-0.7771459614078522,0.0,0.0,0.0
1637936626.0,3.0,0.873482,280.0,3584.0,663.957504,12250.6,12270.86,12358.438,12382.439,12433.48,12441.573,12450.183,12461.836,12470.851,0.1649065800162469,-0.5869612805268596,-0.8096150042843013,0.6073758399571384,-0.794414620356625,0.0,0.0,0.0
1637936642.0,3.036333039560123,0.7804160297388464,240.6114143586409,3912.9587508139,641.0101008947427,14463.851383010275,14775.880656898657,15857.716147625995,15606.01993369685,16452.73586290891,16063.717658796408,13629.544907238045,15223.954796054011,11995.57432740459,0.1653127538586515,-0.5879029128296004,-0.8089314959169727,0.584957675023736,-0.8110638189629873,1.0,1.0,1.0
1637936658.0,3.0,0.996261,290.0,3584.0,679.903232,14253.789,14260.902,14371.626,14386.968,14421.798,14434.301,14440.918,14452.024,14465.071,0.165718927701056,-0.588843749173472,-0.8082468923907652,0.5620833780682859,-0.8270805741276629,0.0,0.0,0.0
1637936674.0,3.0,1.029577,300.0,3584.0,694.59968,15985.707,16013.003,16108.856,16128.273,16175.726,16183.532,16205.57,16206.84,16208.465,0.1661251015434606,-0.5897837883317845,-0.8075611945982848,0.538770785016977,-0.8424523970006794,0.0,0.0,0.0
1637936690.0,3.0413709542520753,0.7216483524597165,219.40346892032517,3974.4824683444067,627.3470093977662,12253.167332773597,13039.066663251058,16237.373636036795,13087.128031004606,14922.020324196572,15137.552871223035,13030.287969288744,12699.113664063601,11843.84345065002,0.1665312753858651,-0.5907230289848349,-0.8068744035021695,0.5150380751057667,-0.8571673005845164,1.0,1.0,1.0
1637936706.0,3.0,1.246566,310.0,3584.0,709.799936,18045.614,18066.688,18147.273,18174.695,18235.166,18255.571,18262.696,18266.106,18269.76,0.1669374492282697,-0.5916614699080136,-0.8061865199978779,0.4909037535968303,-0.8712138111305069,0.0,0.0,0.0
1637936722.0,3.021245221961894,0.6891720226391814,208.3066149296305,4082.693991965568,672.7042961235156,12881.340943564255,14640.3993660792,16951.08432818448,14072.803583718398,16564.626287347717,16948.692976708036,14614.68402215731,12526.729914831709,13639.252638888398,0.1673436230706742,-0.5925991097838615,-0.8054975450511161,0.4663866405126518,-0.8845809751239976,1.0,1.0,1.0
1637936738.0,3.0,0.926079,320.0,3584.0,726.95808,18474.358,18481.754,18614.944,18645.445,18674.719,18692.151,18697.222,18697.651,18698.393,0.1677497969130787,-0.5935359473781449,-0.8048074795688271,0.4415058527432576,-0.8972583696981873,0.0,0.0,0.0
1637936754.0,3.006770219226916,0.6326704549983403,205.1687326513877,4147.895144663206,698.3584841371608,14794.350887952798,15344.11137149286,16137.485993395301,15363.441361806557,16649.400758083822,17495.83861901465,16653.30665106525,12533.377474117362,13668.223543186088,0.1681559707554833,-0.5944719814107897,-0.8041163244938693,0.4162807924079517,-0.9092361089795148,1.0,1.0,1.0
1637936770.0,3.0,0.924713,330.0,3584.0,744.210432,21482.895,21478.474,21597.518,21638.297,21690.267,21714.185,21725.438,21728.201,21737.248,0.1685621445978879,-0.5954072106145417,-0.8034240807619665,0.3907311284091325,-0.9205048534864584,0.0,0.0,0.0
1637936786.0,3.039640472027179,0.5944650890034039,196.47692772258895,3999.9918109452356,684.4545608044194,13441.857359230042,13132.556355386614,15570.090379932388,14136.002234933228,15527.150749526554,16088.721877253905,15098.844582837562,12188.579934037349,12115.78174746739,0.1689683184402924,-0.5963416337115548,-0.8027307493189941,0.3648767844579652,-0.9310558158153652,1.0,1.0,1.0
1637936802.0,3.0,1.016421,340.0,3584.0,761.208832,23945.844,23959.623,24073.081,24093.966,24155.209,24176.318,24196.973,24207.712,24212.495,0.169374492282697,-0.5972752494717993,-0.802036331077589,0.3387379201323058,-0.9408807689949028,0.0,0.0,0.0
1637936818.0,3.067928938128515,0.6272854410634865,186.4958375444045,3943.1814637755333,691.9127166981629,12314.684623775955,13867.996550733587,15945.393042393249,13731.813586701064,16160.252813915295,16435.563174030507,13623.451162023252,13206.044568094232,12798.194447352595,0.1697806661251015,-0.5982080566079121,-0.8013408269952212,0.3123349181612874,-0.9499720516400374,1.0,1.0,1.0
1637936834.0,3.0,0.953959,350.0,3584.0,781.549568,24785.517,24782.396,24956.39,24977.159,25031.416,25064.024,25077.813,25084.849,25093.724,0.170186839967506,-0.5991400538337057,-0.8006442380309399,0.285688367704501,-0.9583225743758402,0.0,0.0,0.0
1637936850.0,3.055612019436041,0.6562505388002541,196.91897660389844,3957.740133235664,689.4835709139552,12750.416268351571,15255.603471195063,15712.773863035454,13724.138247195893,15548.595761773622,16632.09617785021,12912.26363686434,13188.512652512689,13297.110864229015,0.1705930138099106,-0.6000712399340148,-0.799946565092978,0.2588190451635788,-0.9659258262727078,1.0,1.0,2.0
1637936866.0,3.0370606024400892,0.6310957314715369,193.23380128445066,3967.384816957997,672.5731133037232,12560.142522660972,14289.672691658965,15096.751470442767,13550.565849400675,14316.899259919715,15697.315835838928,12245.721098721973,12341.38057568486,12975.185044303289,0.1709991876523152,-0.6010016136015651,-0.7992478091607853,0.2317479037660786,-0.9727758781446156,1.0,2.0,1.0
1637936882.0,3.0,1.205836,360.0,3584.0,798.871552,26962.428,26961.391,27107.106,27142.796,27196.589,27198.452,27217.07,27219.603,27222.895,0.1714053614947197,-0.6019311736116878,-0.7985479711541794,0.2044960518713417,-0.9788673887555114,0.0,0.0,0.0
1637936898.0,3.040198490548525,0.5358071819783402,160.39067099077653,3907.424051088171,645.120285428755,10801.257151508235,10236.362827255625,13647.102064864024,12526.347157186856,12179.657880049246,12758.14903405301,10657.598036646952,10295.26034096525,11523.519578467458,0.1718115353371243,-0.6028599186826424,-0.7978470520381445,0.1770847405621961,-0.984195607925589,1.0,1.0,1.0
1637936914.0,3.0,1.26516,370.0,3584.0,817.58208,29345.81,29354.834,29488.001,29496.411,29551.94,29576.853,29588.292,29591.727,29597.452,0.1722177091795288,-0.6037878475918733,-0.7971450527353053,0.1495353434409082,-0.9887563810474296,0.0,0.0,0.0
1637936930.0,3.0615227716455107,0.4949498900011695,145.4513301940276,3828.2196113592245,681.632861910613,10183.195744322416,10415.731350211758,13410.65098461007,12294.180539168796,12187.698483134653,12737.864720491516,11571.03643128537,10095.050622129424,11071.971371574575,0.1726238830219333,-0.6047149590366789,-0.7964419742311851,0.1218693436170424,-0.9925461516153046,1.0,1.0,2.0
1637936946.0,3.0603708499607736,0.5048272102576421,151.6363129020108,3806.6903597533897,694.577557028954,10569.394589639789,11255.92018885715,13254.905031343456,12414.027414934484,12156.338490983168,12969.13642249528,12160.92087786505,10100.090180678442,11129.822410359719,0.1730300568643379,-0.6056412518082642,-0.7957378174424782,0.0941083132828177,-0.9955619646064544,1.0,2.0,1.0
1637936962.0,3.0,0.984649,380.0,3584.0,837.783552,31662.926,31652.519,31817.301,31836.723,31906.224,31934.264,31940.925,31941.184,31946.031,0.1734362307067425,-0.6065667246062245,-0.7950325833577367,0.066273900580067,-0.99780146828009,0.0,0.0,0.0
1637936978.0,3.0467541881234297,0.5483427945007409,178.87863833319793,3777.949607855584,688.7312470213487,12031.023732412317,12110.66905659072,13113.370871409388,12613.100979488747,12228.094289837603,13752.295886114904,12236.338078202953,10458.411713086383,11346.594657966492,0.173842404549147,-0.6074913762239013,-0.7943262728964657,0.0383878090186924,-0.9992629164132651,1.0,1.0,1.0
1637936994.0,3.0,0.833612,390.0,3584.0,859.058176,33638.04,33617.365,33821.324,33864.7,33991.545,34056.55,34065.597,34076.927,34089.563,0.1742485783915515,-0.6084152053631938,-0.7936188870502408,0.0104717842636788,-0.9999451693639682,0.0,0.0,0.0
1637937010.0,3.0452251075707566,0.5670836021136264,182.22961723962524,3859.098206967328,679.3444029311839,13068.585770482176,11219.509493322752,13147.219226367182,12182.060156384094,13329.556339240255,14611.09333696971,11596.015909192403,11020.385052193586,11055.668122313,0.1746547522339561,-0.6093382108195867,-0.7929104267413721,-0.0174524065391687,-0.9998476951546128,1.0,1.0,2.0
1637937026.0,3.054681433377433,0.5769220995930833,183.01464725882283,3874.545334290252,684.6961846389332,13260.643424921262,11504.166421689331,13200.965914351922,11665.368015196414,13287.630271125712,14983.45907196481,11907.177977450865,11254.577723423075,10829.666164957238,0.1750609260763606,-0.6102603912972904,-0.7922008929644538,-0.045362988014953,-0.998970569795905,1.0,2.0,1.0
1637937042.0,3.0,1.100273,400.0,3584.0,881.926144,36926.163,36917.655,37086.081,37115.988,37184.34,37218.773,37224.887,37228.583,37238.451,0.1754670999187652,-0.611181745582421,-0.7914902866534906,-0.0732381972621927,-0.9973144772145766,0.0,0.0,0.0
1637937058.0,3.0554554118786297,0.6132090901266766,198.69736606305966,3823.7121188389174,688.6709480895781,13067.313969492834,13113.043939641339,13441.176464359025,11295.438441500564,12576.663392349905,14978.861462444847,13474.600886647468,11596.463394680703,11117.63478201632,0.1758732737611698,-0.6121022724275675,-0.7907786087705002,-0.1010562975652444,-0.9948807087899556,1.0,1.0,6.0
1637937074.0,3.040602747961227,0.6322291314149485,208.83260336567872,3763.150405307491,683.3111821782256,12641.51438237708,13733.939101868813,13619.636298985564,11624.641503169876,12298.237202447912,14921.585197096783,14068.781845543755,11988.919016685597,11905.563513872283,0.1762794476035743,-0.6130219705519481,-0.790065860305713,-0.128795596282327,-0.9916711624214348,1.0,2.0,5.0
1637937090.0,3.029654415936131,0.631201742389164,208.41746471275053,3704.38640065013,683.9630934727008,11933.143403147153,13741.626478235043,13520.468643526801,11860.077307373225,12244.388711400243,14722.64421280323,14121.714202180076,12467.878388641915,12707.292664624903,0.1766856214459788,-0.6139408387564332,-0.7893520421884315,-0.1564344649924529,-0.987688340602705,1.0,3.0,4.0
1637937106.0,3.020285448787753,0.5904014092470701,189.78021022527912,3681.6199567097874,696.1577497218527,10879.870773582326,12782.018274402555,12483.378997772808,11396.472583376319,11776.905454770906,14230.898995060894,13388.661349889377,12463.20954983129,12860.337999757781,0.1770917952883834,-0.6148588757510415,-0.788637155420771,-0.1839513503525442,-0.9829353491982448,1.0,4.0,3.0
1637937122.0,3.0292139478175937,0.5168706370632224,159.6267848875981,3643.692227061725,715.175833732317,9816.414497838923,11111.737812707783,11076.88141087447,10370.939973182572,10854.744243273924,13540.722408693273,12327.442162741358,11795.723860385215,12098.82452185969,0.1774979691307879,-0.6157760803388095,-0.7879212009348219,-0.2113247964403844,-0.97741589428934,1.0,5.0,2.0
1637937138.0,3.048093296861623,0.4423938333450196,133.91914938794326,3555.5999998856387,727.936041304262,9095.036658999357,9666.928886538612,9800.535638277095,9132.187621510264,10080.894915636789,12628.87910627369,11421.161731609216,10458.173857815633,10729.815656159353,0.1779041429731925,-0.6166924512320913,-0.7872041797356991,-0.2385334573535979,-0.9711342799648972,1.0,6.0,1.0
1637937154.0,3.0,1.067016,420.0,3584.0,925.999104,39996.853,39972.812,40183.504,40200.646,40281.292,40314.562,40320.914,40324.444,40325.365,0.1783103168155971,-0.6176079872246506,-0.786486092767263,-0.2655561175038459,-0.9640954042294172,0.0,0.0,0.0
1637937170.0,3.0819111527253535,0.37755721840606743,129.00466979683824,3387.920071614194,727.4985690223806,8666.499466364174,9142.361401265054,9371.360884658527,7696.194266964001,10107.16961238349,11078.93104056258,9670.217761309981,8141.935514761739,8920.963551962941,0.1787164906580016,-0.6185226870655188,-0.7857669410106601,-0.2923717045327689,-0.9563047560211144,1.0,1.0,2.0
1637937186.0,3.079961062131165,0.40094035030532355,139.99026707940254,3404.5761536625796,721.0260876796377,9400.129090715103,10073.429183074011,9966.655306483894,8091.9132286647855,11029.731879247392,10980.028447893033,9422.922726179353,8239.340345207776,9464.364920720865,0.1791226645004061,-0.619436549516325,-0.7850467254395177,-0.3189593093461163,-0.9477684099934164,1.0,2.0,1.0
1637937202.0,3.0,0.968626,430.0,3584.0,949.620736,43159.591,43181.492,43330.459,43362.209,43435.479,43494.071,43523.972,43525.729,43542.709,0.1795288383428107,-0.6203495733284182,-0.7843254470379305,-0.3452981988430965,-0.938493022816746,0.0,0.0,0.0
1637937218.0,3.0577470058246163,0.5286398011678407,165.88668341481062,3580.704132796661,696.8147126840233,12012.732277941157,12768.424151615256,13119.342348116259,11115.104666906984,14211.902438784304,13870.376561007719,11043.31050850307,10705.553869446872,10943.883706927982,0.1799350121852152,-0.621261757299937,-0.7836031067553231,-0.3713678356279646,-0.9284858268498238,1.0,1.0,6.0
1637937234.0,3.0476099910110177,0.5897798034112507,175.82225232557647,3649.073288523692,685.9116672593298,13065.543918140114,13577.358824155897,14313.551050105903,11930.809737416963,14772.925361165437,15457.226327613964,12357.667944176981,11954.637196666576,10739.198404427993,0.1803411860276198,-0.6221731001502837,-0.782879705605775,-0.3971478905130839,-0.917754625736644,1.0,2.0,5.0
1637937250.0,3.044905283054771,0.6279133124600375,182.5123676958013,3673.477898846991,677.1523216373413,13562.676913506832,13739.062993087464,14644.464850271244,11667.766819581782,14474.078923559242,16125.309093267486,13408.165050747091,12558.023058597164,9850.61307829209,0.1807473598700243,-0.623083600691223,-0.7821552445324781,-0.4226182618465011,-0.9063077869873138,1.0,3.0,4.0
1637937266.0,3.043934547087235,0.646687965950634,189.30548595926317,3659.477050518282,673.287410553699,13540.815024030608,13421.11570532072,14719.735324971954,11072.921439886471,14150.5945035857,16131.528819367017,14069.478472648858,12624.550062879409,8739.328514755918,0.1811535337124289,-0.6239932576445205,-0.7814297245524892,-0.4477590873333567,-0.8941542370924601,1.0,4.0,3.0
1637937282.0,3.0410261373871608,0.6570848152457014,197.32311556514145,3664.0990337079925,683.3942350199968,13541.013646703277,13514.344907583614,14808.453745599425,10784.56574226208,14605.34007465525,15906.096411960727,14310.362339678391,12710.975456862732,8304.78710060261,0.1815597075548334,-0.6249020698241388,-0.7807031466117625,-0.4725507645906507,-0.8813034522142708,1.0,5.0,2.0
1637937298.0,3.037898374881306,0.6578545223475523,204.01411067949365,3689.0040914752426,703.6332814259847,13551.604854288486,14030.325310335007,14980.580874428488,11179.7379335779,16018.70374938936,15929.461794977122,14109.023480345379,13009.019260578529,8792.398803672088,0.181965881397238,-0.6258100359655642,-0.7799755117212203,-0.496973960969799,-0.8677654534020058,1.0,6.0,1.0
1637937314.0,3.0,0.99558,450.0,3584.0,998.559744,49241.296,49238.015,49431.528,49463.334,49548.837,49566.765,49581.794,49592.128,49600.926,0.1823720552396425,-0.6267171548395737,-0.779246820866014,-0.5210096315991265,-0.853550797422709,0.0,0.0,0.0
1637937330.0,3.030907875647794,0.6628154363255361,207.43321253196675,3725.974822882192,730.2375522090183,13657.016370211237,14875.579383791553,15952.758471118848,12769.604034211663,18126.116791073295,16988.228904522697,13901.761045432715,13138.724712909489,9508.816104993786,0.1827782290820471,-0.6276234252520787,-0.778517075005326,-0.5446390349869022,-0.8386705679636886,1.0,1.0,3.0
1637937346.0,3.0293485681004713,0.6932692431418999,214.5399142024043,3698.336107853779,722.0090865591894,14325.719630229903,15328.947612478178,17402.019312186276,13630.431261196898,18424.109284015125,18196.0045703451,14950.57759137041,13122.756200201311,9865.602178969933,0.1831844029244516,-0.6285288459307834,-0.7777862751636323,-0.567843744847437,-0.8231363686763201,1.0,2.0,2.0
1637937362.0,3.024071948276135,0.735971382818069,221.9054826054009,3657.881882312736,701.2105358478826,15401.223833795822,15892.775709525966,19301.9263393079,14702.484016815135,18731.404188112283,19609.011846917838,16454.349237581646,13138.384344494703,10625.285390523683,0.1835905767668562,-0.6294334156951737,-0.7770544222937713,-0.5906056676195118,-0.8069603121441046,1.0,3.0,1.0
1637937378.0,3.0,1.038667,460.0,3584.0,1022.816256,50240.158,50238.074,50465.72,50509.615,50540.14,50567.214,50579.842,50592.738,50603.417,0.1839967506092607,-0.6303371332753418,-0.776321517423177,-0.6129070534816458,-0.7901550125085881,0.0,0.0,0.0
1637937394.0,3.0260654846672983,0.8108416400506979,227.00337728670405,3603.0518900065163,675.707972783899,17106.28831155555,17325.141779614554,22276.13501382511,16818.7897002677,19840.03386437342,21337.341496167046,18494.434489213483,13578.074988138223,12697.77887325138,0.1844029244516653,-0.6312399974929939,-0.7755875615074322,-0.6347305132273893,-0.7727335734767159,1.0,1.0,3.0
1637937410.0,3.0337040224659897,0.811303638503284,222.7324068260515,3647.859071334726,686.8632644587582,17306.226205054503,17751.80125191595,21812.36813470563,17187.00663704829,20140.850764980285,20889.88531665203,18296.785477383164,14027.860543956356,12917.896592464884,0.1848090982940698,-0.6321420070806164,-0.7748525555769239,-0.6560590288517847,-0.7547095803433617,1.0,2.0,2.0
1637937426.0,3.0341405425688994,0.7622958266570391,210.18613536917948,3740.471626307959,692.3768921811035,16290.96672164628,16972.58113024864,19300.127761287724,16540.845203122204,18850.888979649535,18697.52645197852,17028.646672039686,13285.09304190308,11873.141652915348,0.1852152721364744,-0.6330431608621429,-0.7741165005899739,-0.6768759697308991,-0.7360970870753768,1.0,3.0,1.0
1637937442.0,3.0,1.275433,470.0,3584.0,1050.738688,54827.397,54814.967,54997.9,55052.15,55121.637,55143.246,55173.644,55177.347,55200.164,0.1856214459788789,-0.6339434575724606,-0.773379397579916,-0.6971651027464639,-0.716910607755606,0.0,0.0,0.0
1637937458.0,3.0376182596475054,0.6187184850699834,175.67024733763083,3857.194222001036,680.2884012236977,13464.417661452955,13009.222714187435,13205.834090236522,12375.251225762177,13649.541117898594,12902.359431873596,14198.337609485916,11136.440770998797,8841.260223503243,0.1860276198212835,-0.6348428960264931,-0.7726412475170448,-0.716910607719192,-0.6971651027839093,1.0,1.0,3.0
1637937474.0,3.0462170200596175,0.5628882922580071,163.96389337883411,3789.220264447877,665.5753334394628,11357.10562642416,10822.249813298557,11908.782585858164,10161.416572593665,11994.123354403422,11174.839099366098,12977.195662485816,10090.525797252261,7997.9746089789805,0.186433793663688,-0.6357414749840337,-0.7719020514191715,-0.7360970870400225,-0.6768759697693466,1.0,2.0,2.0
1637937490.0,3.051011100723883,0.5415798193455775,156.4453064324862,3721.9876724849364,661.8995174084513,9762.51661891387,9483.936290531372,11878.802270149332,8869.98386794596,11713.474958799383,10895.577143760582,12330.250658503164,9728.785714742055,8053.641596016049,0.1868399675060926,-0.6366391932622344,-0.771161810259307,-0.7547095803090947,-0.6560590288912043,1.0,3.0,1.0
1637937506.0,3.0,1.246691,480.0,3584.0,1076.555776,57176.161,57171.473,57347.079,57387.46,57455.315,57480.01,57494.398,57498.659,57514.568,0.1872461413484971,-0.6375360496008058,-0.7704205250766615,-0.7727335731479935,-0.6347305136275824,0.0,0.0,0.0
1637937522.0,3.0484959592055114,0.6134288143060928,165.30855857884296,3764.205850121959,701.163096193095,11013.430817527887,11823.561491230614,14131.23445016098,10892.843896298618,14665.992271950687,14567.382183095255,14282.38592520339,12102.45557563107,10204.817943876045,0.1876523151909017,-0.6384320428304004,-0.7696781968377444,-0.790155012191168,-0.6129070538908613,1.0,1.0,4.0
1637937538.0,3.047946057028793,0.6674692578417881,180.46150263697461,3808.4898655662123,722.8010210919242,13201.748723053463,14145.674290331011,15056.582610242504,13321.168164392064,16251.144732868253,16765.488775638485,15892.092969344632,13503.577044919393,11139.644137539992,0.1880584890333062,-0.6393271717155296,-0.7689348265660892,-0.8069603121132564,-0.5906056676616606,1.0,2.0,3.0
1637937554.0,3.0480723670912755,0.6945978975098136,193.14164432998297,3811.6458034353764,724.216119505088,15027.087774508653,15300.601480182364,15222.47988858591,15168.02824571066,16587.812378111863,17983.63973347748,16911.38074805289,13855.55019537442,11884.293328202639,0.1884646628757108,-0.640221435021961,-0.7681904152867445,-0.8231363683822379,-0.5678437452737335,1.0,3.0,2.0
1637937570.0,3.047157132468434,0.7011599510926357,202.53433597172614,3772.695743987091,707.8534039484861,15593.748290008449,15161.054923136513,14967.146982305596,16036.67322285956,16153.438663517347,18059.703122856165,16946.89572381686,13579.364609684322,11846.902052481046,0.1888708367181153,-0.6411148315725604,-0.7674449639796247,-0.8386705679352412,-0.5446390350307073,1.0,4.0,1.0
1637937586.0,3.0,1.173009,490.0,3584.0,1104.789504,58887.712,58906.498,59070.588,59085.038,59166.872,59223.803,59251.298,59255.347,59259.851,0.1892770105605199,-0.6420073601466088,-0.7666984736632665,-0.8535507971528818,-0.5210096320411743,0.0,0.0,0.0
1637937602.0,3.0775583949955094,0.6801189954051464,198.84568329309928,3643.6656580386684,683.9188485696233,13767.801322299485,13682.561323331745,14455.291383975824,15426.979349107536,15782.885514562564,17018.458696035494,15439.195233895609,12723.028029410276,11537.904269931045,0.1896831844029244,-0.6428990195357518,-0.7659509453483094,-0.867765453376048,-0.4969739610151237,1.0,1.0,3.0
1637937618.0,3.095495816248536,0.6742698056242609,192.01169449891344,3602.838567705453,693.7017776556991,12909.193385230832,13776.686844766413,14398.046997639634,14836.35984922898,15937.512627898046,17052.871995636713,14929.064293961552,12711.234681942964,11647.55420069986,0.190089358245329,-0.6437898085216768,-0.765202380056167,-0.8813034519695401,-0.4725507650470714,1.0,2.0,2.0
1637937634.0,3.101503056902443,0.6743129802257278,190.16944555801916,3581.1360398622924,709.4753317646434,12689.939821742426,14557.81483921562,14366.03335905482,14379.551969470616,15934.437870084992,17485.270440873308,14796.449812118919,12634.41703041955,11689.885770496137,0.1904955320877335,-0.64467972593179,-0.764452778772183,-0.8941542368605689,-0.4477590877964327,1.0,3.0,1.0
1637937650.0,3.0,0.992194,500.0,3584.0,1133.092864,63062.321,63038.608,63281.841,63307.331,63410.906,63475.126,63477.061,63481.109,63498.158,0.1909017059301381,-0.6455687705167535,-0.763702142548708,-0.9063077869652398,-0.4226182618938389,0.0,0.0,0.0
1637937666.0,3.0832846215370573,0.6755973046405502,196.77805569833615,3536.8213481063935,713.9968526218252,13415.49735908764,14523.397460836246,13608.839271117911,14165.242396235475,14898.843981305927,16933.599250436033,14555.950878404185,12501.114017118496,10791.005660865168,0.1913078797725426,-0.6464569411174049,-0.7629504723644439,-0.9177546257159004,-0.3971478905610196,1.0,1.0,4.0
1637937682.0,3.0807473164934542,0.6711261886526966,195.73531267146677,3505.166603307838,701.0605591118335,13453.29817914687,12989.256750472381,12913.427867104429,13894.827196194421,14147.367802728542,15607.150086755557,13711.929772190877,12558.967356410336,9913.388611628634,0.1917140536149472,-0.6473442364868586,-0.7621977692746458,-0.9284858268304268,-0.3713678356764608,1.0,2.0,3.0
1637937698.0,3.0840991288861823,0.6723355811085847,190.87965917716605,3513.0481050508033,695.8561105767419,13454.657435700612,11539.70943346349,12813.02100590688,13711.833904485276,13838.864471773497,14689.455956820124,13171.416971665396,12810.870024967051,9571.372303771801,0.1921202274573517,-0.6482306554682328,-0.7614440342607101,-0.9384930227987106,-0.3452981988921154,1.0,3.0,2.0
1637937714.0,3.093083737325625,0.682486008714395,184.82111454369607,3531.912111421027,698.6970314942366,13221.664880192846,10713.035893246764,12875.7964134705,13278.425339982077,13707.738553081304,14173.164431661216,12925.469977338733,12947.920187904576,9576.780077858944,0.1925264012997563,-0.6491161968171009,-0.7606892683807908,-0.9477684099767566,-0.3189593093956197,1.0,4.0,1.0
1637937730.0,3.0,1.218998,510.0,3584.0,1161.50272,64748.275,64746.041,64910.368,64968.884,65032.496,65079.559,65097.615,65098.593,65112.918,0.1929325751421608,-0.6500008593678098,-0.7599334726284327,-0.9563047560058434,-0.2923717045827181,0.0,0.0,0.0
1637937746.0,3.09585728880438,0.7301564210696625,194.98592789592882,3523.063471568246,706.9269045472475,13182.995971274304,11933.623081045338,13672.652961356242,13026.443627215722,13851.5766271884,14722.887178110444,13816.456509287655,13079.39964412988,10489.021007885789,0.1933387489845654,-0.650884641911574,-0.7591766480363065,-0.9640954040918878,-0.265556118003144,1.0,1.0,4.0
1637937762.0,3.073863986496658,0.7592037620674379,210.69517933797448,3510.5285402073146,693.8280265373401,13402.79197482148,12722.492335699684,13788.881008085227,13165.436120819682,13864.82537983034,15037.514557001166,14052.097634118543,12465.58872195356,11226.005880782857,0.1937449228269699,-0.6517675432518804,-0.7584187956290431,-0.9711342798413624,-0.2385334578565413,1.0,2.0,3.0
1637937778.0,3.0443442770841,0.7807792011909562,225.99874186222152,3476.285818539719,669.6883755905826,13299.35175043221,12517.099765997013,13523.036474261946,13404.154710923944,13753.79338717227,14578.653791855248,13728.80846319911,11704.367305437198,11356.503437422114,0.1941510966693745,-0.6526495621823827,-0.7576599164421622,-0.9774158941798964,-0.211324796946581,1.0,3.0,2.0
1637937794.0,3.022230049172709,0.7860819926018825,233.2250179267248,3456.0647383493115,649.0043757253425,13006.449823744324,11545.477467487826,13071.902574882337,13678.621080798654,13877.137098790925,13873.607480999339,13061.763003332499,11158.433402029059,10877.80576343052,0.194557270511779,-0.6535306975420315,-0.7569000114745843,-0.9829353491029778,-0.1839513508615993,1.0,4.0,1.0
1637937810.0,3.0,1.072485,520.0,3584.0,1192.103936,68695.839,68665.529,68922.538,68943.671,69027.12,69048.221,69066.876,69071.816,69080.06,0.1949634443541835,-0.6544109481158243,-0.7561390817740794,-0.9876883405945344,-0.1564344650440413,0.0,0.0,0.0
1637937826.0,3.0300848906401114,0.7232091317811469,209.50523191114522,3496.102972568004,651.0725520257333,12230.964089448295,9484.969012792495,11617.695567040717,12963.921098226507,13670.34787652354,12830.578547916226,11850.0954327065,10654.636117307607,9153.105637779245,0.1953696181965881,-0.6552903126900452,-0.7553771283899074,-0.9916711623547324,-0.1287955967959063,1.0,1.0,4.0
1637937842.0,3.0486756996669913,0.6757420139127104,191.92964361955995,3492.85616093882,660.2379682494799,11532.246787994365,9083.062698408547,10347.186601732936,11468.955049553279,12731.726065429939,12042.54925146174,11305.722305362317,10211.926136379527,8045.334144714441,0.1957757920389927,-0.6561687901071717,-0.7546141523250743,-0.9948807088317354,-0.1010562971539311,1.0,2.0,3.0
1637937858.0,3.0642218924546407,0.6429328302516625,181.20821465505844,3454.5451699243463,662.3934998713316,10674.318171260453,9017.018970551393,9262.094567278122,10018.97006030571,11450.461240000366,10967.861141606734,10713.527020170375,9568.095896907278,6988.916059035619,0.1961819658813972,-0.6570463791668693,-0.753850154622062,-0.9973144772107512,-0.0732381973142839,1.0,3.0,2.0
1637937874.0,3.0723348530687753,0.6403565857256981,181.48119659891287,3413.3022166215483,657.5464996364302,10310.935682045569,9268.446505232689,8723.256283273146,9292.189512161845,10906.798506684707,10178.915713461847,10244.68257827538,9417.339014285391,6739.309613893656,0.1965881397238018,-0.6579230786810099,-0.7530851363152122,-0.9989705697935356,-0.0453629880671307,1.0,4.0,1.0
1637937890.0,3.0,0.962514,530.0,3584.0,1222.733824,71847.269,71821.403,72076.537,72101.237,72189.961,72212.463,72229.837,72233.139,72254.361,0.1969943135662063,-0.6587988874517214,-0.752319098449836,-0.9998476951537012,-0.0174524065913923,0.0,0.0,0.0
1637937906.0,3.0805485762067657,0.644113018973417,176.084256542448,3380.7049132683233,637.9910979883006,10499.233055157574,9036.376508748266,8253.929039819257,8917.72876048771,11269.033199477253,9859.568120066573,8506.945567812269,9661.748312691325,7439.7477110783875,0.1974004874086108,-0.6596738043261291,-0.7515520420342773,-0.9999451693645152,0.0104717842114502,1.0,1.0,56.0
1637937922.0,3.0890181272324186,0.6052249349666174,157.02409252159563,3379.5958811730525,634.3947493993187,10341.035793305657,8059.792586352453,7333.215237390963,8177.093192967669,10518.286022582446,9493.190988390714,7645.795548452063,9219.265656982943,7305.392282606683,0.1978066612510154,-0.6605478280759537,-0.7507839681453915,-0.9992629164152704,0.0383878089664994,1.0,2.0,55.0
1637937938.0,3.0978046475127545,0.5491244343111623,137.38130436892288,3354.609319397875,634.9158203599469,9924.301406558967,7054.809725498699,6302.539531509545,7252.193842123223,9291.787535591195,8848.893744551788,7424.785605753972,8546.47158297872,6678.37054279294,0.1982128350934199,-0.6614209575616177,-0.7500148777846162,-0.9978014682835517,0.0662739005279504,1.0,3.0,54.0
1637937954.0,3.1015654672744866,0.49542101869402744,125.49254627425051,3275.9799000713138,629.2380027348165,9257.818563255467,6159.326830904423,5434.327651580619,6543.485461536688,7973.904127076438,7813.994357890021,7432.575318224201,7746.04523787062,5883.10928316036,0.1986190089358245,-0.6622931915573511,-0.7492447720316625,-0.9955619646113696,0.094108313230818,1.0,4.0,53.0
1637937970.0,3.098964852980282,0.459526655154083,122.22092468105723,3206.37438630277,619.5775658876676,8501.437558591097,5287.131607763127,4964.095404932652,6152.8237395412725,6968.04117511297,6757.250230590169,7189.058389642703,6943.776133828975,5301.663281923864,0.1990251827782291,-0.6631645289259098,-0.7484736518906168,-0.99254615162167,0.1218693435652002,1.0,5.0,52.0
1637937986.0,3.0889752101875367,0.4452250491622606,125.6797410272931,3170.699376092714,614.1790027403072,8095.505165816346,4920.965366049915,4811.939966897971,6308.426740357452,6688.147852884922,6075.65382588397,6985.08089450216,6715.762744320848,5371.815643661135,0.1994313566206336,-0.66403496844404,-0.7477015184440399,-0.9887563811248729,0.1495353429288384,1.0,6.0,51.0
1637938002.0,3.0785609618390444,0.45103700107156386,131.591945253927,3170.8678391012254,617.7261510826881,8260.440817316874,5209.290090354034,4904.929817276608,7083.368208707374,7041.049343620125,6045.810038827074,6925.658091463389,7201.780966968492,6137.942582358137,0.1998375304630381,-0.6649045089768372,-0.7469283726986619,-0.9841956080173,0.1770847400524883,1.0,7.0,50.0
1637938018.0,3.0683805981663546,0.45539877932160044,130.28576221228036,3194.7492835405683,623.8253655556354,8471.440300001817,5344.053879369976,4591.734466164762,7918.505727421508,7088.467951632403,6053.792985601443,6725.64946628462,7776.233655398099,6799.811255055611,0.2002437043054427,-0.66577314930357,-0.7461542157398874,-0.9788673888614184,0.2044960513643934,1.0,8.0,49.0
1637938034.0,3.0609478947449325,0.44868578349272714,122.94117270102676,3204.2466182847907,624.906700712274,8486.474650583325,5058.502787185178,3964.435671998888,8159.3597819631495,6379.853869117933,5863.00972210701,6325.571518477602,7997.501618087295,6885.802793782315,0.2006498781478472,-0.6666408882808331,-0.7453790485867857,-0.9727758782646364,0.231747903262285,1.0,9.0,48.0
1637938050.0,3.0620660732336016,0.43077535671660705,114.48712989402453,3171.1933417218615,618.7569695623731,8095.843286273076,4433.609136203098,3233.079425252934,7447.695317735119,5322.863784823383,5469.706554320643,5801.891266511517,7663.112414054289,6312.300545017322,0.2010560519902518,-0.6675077247337999,-0.744602872288783,-0.9659258262862264,0.2588190451131271,1.0,10.0,47.0
1637938066.0,3.0592864763559167,0.4031699656444855,107.36888317146534,3120.5249954015235,605.4530923087432,7177.531529394855,3448.406878658554,2714.094378552605,6298.411167969429,4330.256702996792,4756.068761091348,5054.554539177761,6768.61740643833,5315.418161018115,0.2014622258326563,-0.6683736574563932,-0.74382568792585,-0.9583225745237962,0.2856883672081927,1.0,11.0,46.0
1637938082.0,3.0514176582081896,0.3755329001632185,103.00488988466118,3097.2582323699985,597.8821729174608,6061.799921799728,2653.3129629335854,2701.4725183059018,5253.7551940175235,4011.607073551859,4257.13830299584,3965.6695474620174,5639.538257459772,4527.050450250517,0.2018683996750609,-0.6692386853195846,-0.7430474965113024,-0.9499720515109088,0.3123349185540341,1.0,12.0,45.0
1637938098.0,3.031195772349897,0.3611818451218773,101.1389167532505,3141.7041648315753,600.8027646280154,5389.539468287507,2503.8656738614536,2919.1131226146645,4853.5328719385925,4322.949820802563,4137.375524867484,3260.731846673698,4954.833456889777,4398.076773121726,0.2022745735174654,-0.6701028071089783,-0.7422682991376282,-0.9408807690125957,0.3387379200831622,1.0,13.0,44.0
1637938114.0,3.0048933167349334,0.3653552595829965,103.05232439325044,3241.9774547861434,612.7492309449179,5290.4868033404,3244.165575662604,3488.6856857403327,5240.5931419692715,5218.9062726770135,4840.699638181026,3264.2101821458145,5113.33426293593,5007.548030718182,0.20268074735987,-0.6709660216979066,-0.7414880968207678,-0.9310558158344234,0.3648767844093348,1.0,14.0,43.0
1637938130.0,2.980422008930838,0.3792301201589734,107.78875579574938,3331.2028443779577,623.9349610581789,5398.525219587502,4226.632381636538,4158.72163415383,5972.759795669046,5854.577791420275,5865.435814680854,3777.814657498584,5734.637006726114,5609.003663501922,0.2030869212022745,-0.6718283278745195,-0.7407068906560321,-0.9205048535068668,0.3907311283610531,1.0,15.0,42.0
1637938146.0,2.96392659597957,0.39311954409029626,112.13160747860832,3360.1434415361464,626.3898789097816,5534.266109684762,4730.444427978133,4471.354833110992,6249.081908557511,5512.747409332398,6335.644507093586,4859.698384225583,6284.357702315843,5686.1233052128355,0.2034930950446791,-0.6726897245037493,-0.7399246816717697,-0.9092361090012576,0.4162807923604609,1.0,16.0,41.0
1637938162.0,2.955935208690418,0.4066843082903183,115.4459931910679,3318.400875082392,619.5837520400572,5369.290425707572,4407.380330868709,4471.357304109473,6078.289261727352,4490.666471512794,6360.870173064286,5740.526145089454,6485.716435545528,5230.627386060989,0.2038992688870836,-0.6735502104086,-0.739141470936742,-0.8972583697212478,0.4415058526963924,1.0,17.0,40.0
1637938178.0,2.9488052973581858,0.4218373314057881,118.40041673871728,3236.0492254725314,612.9386470781225,4889.499345259801,3675.7917523268607,4337.243861492043,5505.905048722501,3657.2387599469002,6153.635549819508,5960.149336875496,6339.532692152676,4531.170718087309,0.2043054427294882,-0.6744097844240983,-0.7383572595113027,-0.8845809751483577,0.4663866404664488,1.0,18.0,39.0
1637938194.0,2.9493951048959897,0.44673972106656235,123.75869429505399,3192.7147638088245,622.5454634694372,4875.457184215256,3806.3963247944284,4852.4248060291375,5423.68611341225,4183.563275594501,6604.369245412456,6156.182279113469,6704.51417214162,4107.076816154147,0.2047116165718927,-0.6752684453757725,-0.737572048466987,-0.8712138111561475,0.4909037535513255,1.0,19.0,38.0
1637938210.0,2.9574430488308887,0.47709394842267416,131.1865184675093,3218.879989056124,645.7809729255824,5610.090084019763,4742.243449160676,5636.099503637162,6022.667042994974,5649.195357500126,7447.959034049985,6492.353244961108,7755.508656689686,4346.814445340558,0.2051177904142973,-0.6761261921333194,-0.7367858388373772,-0.8571673008512508,0.5150380746618459,1.0,20.0,37.0
1637938226.0,2.965697320645011,0.5054495241166364,139.863482193801,3296.6675425748176,667.8505853046206,6772.712655355568,6086.54054130783,6162.047206310504,6958.193953430515,6944.848044217961,8111.860071864226,6836.139263271294,8782.759114952161,4850.307457461558,0.2055239642567018,-0.6769830234925648,-0.7359986317262183,-0.8424523972797049,0.538770784580677,1.0,21.0,36.0
1637938242.0,2.970948718994511,0.5361320046438444,153.65755566974536,3388.674914245093,677.7429065422098,7981.204438450782,7435.803568048723,6679.608340135506,7906.0378790389595,7656.4254802768955,8435.54961552182,7336.631231451671,9621.652355956427,5320.850718671194,0.2059301380991064,-0.6778389383363468,-0.7352104281598938,-0.8270805744187618,0.5620833776399468,1.0,22.0,35.0
1637938258.0,2.975724117084824,0.5680250463095452,170.213341331918,3439.493754186368,671.4399878505212,8763.971156425258,8336.72164849671,7483.303685195344,8572.678012018892,7843.688628823657,8505.419595527463,7847.678981585621,10162.906271088123,5692.589337565429,0.2063363119415109,-0.6786939354630631,-0.7344212292449475,-0.8110638192659326,0.5849576746036919,1.0,23.0,34.0
1637938274.0,2.981287426293984,0.6048889883386795,184.48450201342686,3422.5636389774704,649.5408799588874,8900.294673029015,8467.658145411948,8675.047102886852,9021.661496298004,8014.09754935812,8529.26316894461,8311.069324091824,10465.241380313704,5840.002607339446,0.2067424857839155,-0.6795480137579433,-0.73363103601036,-0.7944146206711806,0.6073758395457168,1.0,24.0,33.0
1637938290.0,2.9917282135912777,0.6408676184861944,190.11507251558916,3373.112076901466,622.8565263293908,8465.078831518083,7854.358449116911,10153.712362579372,9273.440449667785,8339.16654032419,8489.67290482996,8575.622254449489,10612.789075024766,5858.386436961315,0.20714865962632,-0.6804011720326275,-0.7328398495555675,-0.7771459614407225,0.6293203910699026,1.0,25.0,32.0
1637938306.0,3.0021305517988757,0.6592435630936946,183.13693284857163,3365.659465934075,613.3694515867535,8091.291901618726,7413.275812678168,11190.097928203366,9411.178369505451,8659.228528329788,8543.842016203045,8978.883721545442,10968.946372234786,6155.865437653605,0.2075548334687246,-0.6812534091320978,-0.7320476709517589,-0.7592713074588535,0.6507742171212094,1.0,26.0,31.0
1637938322.0,3.008065309353367,0.6635457488994392,173.24025302117835,3408.8791802228416,626.2742684978211,8305.057936383146,7860.632991226981,11873.518348770112,9872.770026505594,9226.499063984647,9155.528191792502,9708.410082989565,11571.227507927399,6762.135897709481,0.2079610073111291,-0.6821047239345065,-0.7312545012416886,-0.740804596247225,0.6717205893665803,1.0,27.0,30.0
1637938338.0,3.0110405445054615,0.6340207055543077,161.6691183936516,3460.005168338873,647.6606000103181,8487.21740699647,8210.586663489628,11505.541887933947,9967.712113950784,9182.951754305835,9342.384380477513,10054.60975395909,11633.128722725367,7058.032467716783,0.2083671811535337,-0.6829551152447092,-0.7304603415388723,-0.7217602282073594,0.6921431737567456,1.0,28.0,29.0
1637938354.0,3.0082044064039657,0.5738725445371552,150.27378924302633,3487.4399308183147,661.2855471351202,8241.313915851992,7723.3301957217045,9895.588154638686,9454.027364422636,8340.236021302642,8192.050543173653,9694.950113886998,10926.035794796011,6624.91610860477,0.2087733549959382,-0.6838045819539409,-0.7296651928787588,-0.7021530529297528,0.7120260460554991,1.0,29.0,28.0
1637938370.0,3.0065250545064623,0.5021460005553926,142.84786559533512,3458.4739198119846,659.4332226018482,7329.1819416018825,6295.293307204789,8106.815056437737,8421.844802373307,7469.148715652862,6519.873976866338,8454.09790889244,9771.142535378614,5724.044019861727,0.2091795288383428,-0.6846531228696514,-0.7288690563776419,-0.6819983601535193,0.7313537015342921,1.0,30.0,27.0
1637938386.0,3.0106609005026885,0.44156625793899307,135.8570603873714,3386.7356964438786,645.9464685560346,6141.5557012272,4249.668800446381,6819.990705902093,7173.669702280396,6949.163102887971,5109.6962128041105,6679.018341042431,8566.463194602318,5013.02395961165,0.2095857026807473,-0.6855007368854883,-0.7280719330735477,-0.6613118652299731,0.7501110697130485,1.0,31.0,26.0
1637938402.0,3.018797108583845,0.4167027117923149,130.2220969447568,3327.114359470059,631.3067034668114,5152.329183421261,2788.9635259841234,6422.005512874548,6132.71594182262,7046.091005686378,4518.333980670157,5424.651663113118,7866.862088286827,4684.703669879969,0.2099918765231519,-0.6863474228115026,-0.7272738240855424,-0.6401096995552018,0.7682835235349964,1.0,32.0,25.0
1637938418.0,3.028768412491498,0.43594565595818985,129.32497526973367,3305.60814718615,621.3641010113561,4792.480330127128,2630.735942338886,6919.015352323702,5621.573102778335,7654.111984965866,5087.549294224209,5061.822129710135,7856.998527527905,4861.461301310868,0.2103980503655564,-0.6871931795331887,-0.7264747304642238,-0.6184083952334601,0.7858568932730542,1.0,33.0,24.0
1637938434.0,3.0371566414452476,0.49254347623909317,137.70728829537143,3315.5630595496814,617.027394132487,5371.476814817577,3912.530860429555,8028.434366835056,5942.719260193895,8577.498643417326,6614.715124617091,5669.057995137984,8460.833155457603,5542.723114352939,0.210804224207961,-0.6880380058949199,-0.7256746533014242,-0.5962248753863496,0.8028174748786501,1.0,34.0,23.0
1637938450.0,3.0429887770310233,0.5561222213529787,153.41866294380083,3325.3641411202975,611.0779102338154,6596.949758628587,5826.164594476037,9111.955464004857,6795.587099068089,9271.76014266192,8212.11565388391,6757.536685559266,9267.334720606113,6276.549011976942,0.2112103980503655,-0.6888819007529235,-0.7248735936803321,-0.5735764365760914,0.8191520441314134,1.0,35.0,22.0
1637938466.0,3.042737364223337,0.6029308154575403,171.84154078116254,3324.3278208683196,599.4294387975103,7787.10666741257,7172.331917694764,9697.54256829319,7779.482016288503,9406.99007082641,9162.926597630241,7551.829083681396,9909.887107412847,6690.741259729688,0.2116165718927701,-0.6897248629541519,-0.7240715526955028,-0.5504807404949468,0.8348478629930935,1.0,36.0,21.0
1637938482.0,3.0371004879729715,0.6212132832313166,185.49539159786912,3325.613017138205,586.8069052242927,8322.879779108845,7328.04143257093,9558.034935989275,8413.690536519067,9078.437839729126,9097.838831240679,7494.121293271237,10113.734029763895,6699.4155078071435,0.2120227457351746,-0.6905668913889661,-0.7232685314026733,-0.5269557957021026,0.849892692859495,1.0,37.0,20.0
1637938498.0,3.029051858863485,0.6043843662984779,184.96431052999787,3342.569187959086,582.7749038100147,8029.116538288468,6512.117564262477,8635.48394618952,8309.550714129955,8416.47738924929,8261.687078334897,6621.315505526105,10069.919726179223,6391.8973041434965,0.2124289195775792,-0.6914079848752587,-0.7224645309291897,-0.5030199470260958,0.8642748017233083,1.0,38.0,19.0
1637938514.0,3.030042854848718,0.566971584848773,172.8456097475341,3359.25248079437,593.856379060944,7156.853831372508,5596.658237093017,7867.433371983982,7644.062847964693,7938.196583343271,7529.464103249731,5782.971623764592,9892.861873111182,6161.264537492672,0.2128350934199837,-0.6922481423163871,-0.7216595523233313,-0.4786918581238282,0.877982975328085,1.0,39.0,18.0
1637938530.0,3.0315256784057887,0.5266138891322384,156.98096309464964,3355.053997563961,609.1846800354339,6065.49091614797,4961.141156339536,7690.601307607544,7035.1349627409545,7763.248557776413,6950.68188559515,5749.2009254709465,9541.600430224102,5928.680065024419,0.2132412672623883,-0.6930873625538503,-0.7208535966950208,-0.4539904997033207,0.8910065242068259,1.0,40.0,17.0
1637938546.0,3.0319460186946525,0.5015179454875578,148.23354585179857,3334.282797408235,626.3731613145694,5434.556912120397,5122.942931996438,8052.503745299831,6775.071309880721,7808.437842591705,6728.735902633845,6454.8484148011175,9080.204564002477,6031.766068355195,0.2136474411047928,-0.6939256444305094,-0.7200466651556011,-0.4289351335618275,0.9033352927879532,1.0,41.0,16.0
1637938562.0,3.023543645622415,0.4985715085265361,149.13833898809574,3296.3542334671783,641.9103466077254,5625.4637868265145,5789.705865348096,8657.271975305674,6980.040042073446,8201.2697177522,6874.324987313967,7329.2081811252265,8650.761827981161,6453.126342965659,0.2140536149471974,-0.6947629868429217,-0.7192387587672832,-0.4035452962849758,0.914959667879558,1.0,42.0,15.0
1637938578.0,3.0084420540321637,0.5095892378596075,154.45541076298977,3254.3673475187943,650.3578266683256,6485.846702321938,6453.9291763951205,9201.242523158027,7732.065989597294,8633.926143282828,7048.090926634246,7971.773058957807,8412.69595621,7106.719163408094,0.2144597887896019,-0.6955993886469573,-0.7184298786339411,-0.3778407869505327,0.9258705847560996,1.0,43.0,14.0
1637938594.0,2.9965375399408916,0.5268053042344197,158.6944965682173,3221.396794315092,654.7758525538671,7781.1288948205365,6917.021667535602,9859.102008801223,8906.71793618358,9270.408437536375,7483.141710890361,8337.505540786326,8337.556608999343,7842.387719159407,0.2148659626320065,-0.6964348487102491,-0.7176200258506813,-0.3518416483048219,0.9360595357765156,1.0,44.0,13.0
1637938610.0,2.9943767945128523,0.5518089412092011,161.00598322370996,3249.53801043175,662.7636308541893,9407.033769112928,7621.141804540531,10879.558900459806,10108.574259368568,10202.89868146936,8472.186214098638,8899.05294952408,8695.537463285116,8568.501590653406,0.215272136474411,-0.6972693658912745,-0.7168092015240736,-0.3255681545608014,0.9455185755636292,1.0,45.0,12.0
1637938626.0,2.9948349626077033,0.5911383428745123,164.08879161211507,3334.902677103173,671.0520797065577,11268.529152677389,8848.75113422556,12206.830716274573,11746.327431389236,11497.21699261454,9729.96102857963,10519.67113441112,9887.855143544844,9103.22685256643,0.2156783103168155,-0.6981029390915111,-0.7159974067214168,-0.2990407921227553,0.9542403285580604,1.0,46.0,11.0
1637938642.0,3.0039204393214205,0.6178459724106528,165.65151312788095,3393.2230304165955,672.2528033232425,12053.064382293946,9526.228022197987,12780.273171898063,12310.315056334184,11871.701513107342,10112.339968395674,11931.357549684424,10781.731665515375,8939.61318532947,0.2160844841592201,-0.6989355671407214,-0.715184642582374,-0.2722802471142747,0.9622179935084302,1.0,47.0,10.0
1637938658.0,3.0185262024489976,0.6245596229387798,166.80830844926192,3392.3674950388945,667.8006465726999,11651.296290918435,9653.308899508638,12552.6735170819,11575.313171011298,11325.448940003293,9540.74004981307,12389.858031337288,10786.604601491916,8368.065740327647,0.2164906580016247,-0.6997672489533006,-0.7143709101666511,-0.2453073857113331,0.9694453499375152,1.0,48.0,9.0
1637938674.0,3.0249595996647916,0.6280548993203721,171.4669801816071,3365.0967673974546,655.955716635937,10496.399371694155,9503.54569718668,12026.245514078595,10370.909682906866,10736.198032699533,8343.221869955149,12093.232073186167,10254.235262078982,7912.452099237607,0.2168968318440292,-0.7005979833616665,-0.7135562106166312,-0.2181432418935115,0.9759167618276616,1.0,49.0,8.0
1637938690.0,3.0208932052559803,0.6423026896260238,179.0413620958472,3336.531987145111,642.3099955980064,9380.125785953449,9299.018040075392,11763.984854678827,9476.419914366086,10775.0264432347,7290.918148435549,11365.457266712689,9985.5195087785,8084.705317559713,0.2173030056864338,-0.7014277692826831,-0.7127405449945436,-0.1908089956316609,0.9816271833980744,1.0,50.0,7.0
1637938706.0,3.0102946251153333,0.6672969978770491,185.90286919385588,3315.779013082497,634.6460484617916,8671.871824732225,9334.049925149055,11898.701220925897,9254.93741839274,11395.022762474891,7061.49821515105,10785.502427378193,10383.301478369802,8580.354331062099,0.2177091795288383,-0.7022566055514302,-0.7119239144454855,-0.1633259627114382,0.986572161529192,1.0,51.0,6.0
1637938722.0,3.003683699384315,0.6762926841212394,183.95466252925186,3310.4234938214395,636.2072920494898,8428.290217234147,9117.925234274213,11878.678102475604,9373.774206188915,11976.75976131863,7381.351089694932,10372.024588556358,11019.717632781518,8736.452381929093,0.2181153533712428,-0.7030844910768986,-0.711106320044435,-0.1357155726590739,0.990747840440654,1.0,52.0,5.0
1637938738.0,3.007885507204143,0.6668254425928222,176.66888986650685,3289.488002122175,645.0068904727542,8450.823574520846,8391.88884649342,11536.418867216984,9478.013553769637,11972.84049725841,7812.91692014666,10237.641674135954,11381.591508881524,8342.911660081325,0.2185215272136474,-0.7039114247278798,-0.7102877629085035,-0.1079993561466185,0.9941509639244512,1.0,53.0,4.0
1637938754.0,3.0288547224581452,0.6315694730365298,166.80158493829597,3233.479410520218,651.2110661852956,8137.602086505674,6983.2088803580755,10848.981529742729,8870.976029017605,11012.461741965693,7532.475355977294,9871.608182506963,10981.475894153367,7424.349681562608,0.218927701056052,-0.7047374053848252,-0.7094682441458987,-0.0801989245220805,0.9967788784407008,1.0,54.0,3.0
1637938770.0,3.059336284803077,0.6079442327607472,164.2565140785843,3145.570791979313,649.4499285349992,7705.951598954693,5909.690087120771,10813.491814043184,8406.168657441332,10278.993986041634,7383.393886887659,9468.264340301004,10207.179561015571,6609.397878794203,0.2193338748984565,-0.7055624319397892,-0.7086477648558629,-0.0523359561875239,0.9986295347574784,1.0,55.0,2.0
1637938786.0,3.076123820066925,0.6134853613620007,168.66962968794098,3119.7034093310617,649.1696358967071,7955.660023034838,6110.621382869531,11523.363037861855,9036.470350274518,10640.965640977789,7831.628422289687,9710.463267122414,10265.62506082522,7002.80910650996,0.2197400487408611,-0.7063865032448686,-0.7078263261800081,-0.0244321783134285,0.999701489777254,1.0,56.0,1.0
1637938802.0,3.0,0.060971,20.0,3328.0,1576.865792,571.761,576.992,582.334,582.334,582.8,584.158,584.158,584.158,584.19,0.2201462225832656,-0.7072096182256153,-0.70700392918935,0.0034906515037416,0.9999939076574814,0.0,0.0,0.0
1637938818.0,3.0,0.081507,30.0,3328.0,1620.856832,454.172,457.831,464.068,464.323,465.314,465.985,466.996,466.996,469.334,0.2205523964256701,-0.708031775726474,-0.7061805750384359,0.0314107589503904,0.9995065603697458,0.0,0.0,0.0
1637938834.0,3.0,0.059426,50.0,3328.0,1743.069184,758.722,763.39,775.735,780.242,787.227,788.276,789.288,789.288,789.99,0.2209585702680747,-0.7088529746652272,-0.7053562648110944,0.0593063736972887,0.9982398279165572,0.0,0.0,0.0
1637938850.0,3.0,0.0,60.0,3328.0,1793.245184,842.932,847.125,868.22,868.81,871.671,873.445,877.267,878.473,881.584,0.2213647441104793,-0.7096732139198025,-0.7045309996336131,0.0871557426532404,0.996194698100006,0.0,0.0,0.0
1637938866.0,3.0,0.243803,80.0,3328.0,1853.444096,1108.806,1107.936,1138.69,1142.144,1158.778,1160.873,1162.351,1162.947,1163.733,0.2217709179528838,-0.7104924923797148,-0.7037047806232817,0.1149371506464058,0.9933727655826312,0.0,0.0,0.0
1637938882.0,3.0,0.369847,90.0,3328.0,1857.990656,1281.432,1279.607,1319.343,1324.328,1335.743,1341.079,1353.353,1355.963,1357.786,0.2221770917952883,-0.7113108089255515,-0.7028776089090316,0.1426289336443872,0.9897762309165972,0.0,0.0,0.0
1637938898.0,3.0,0.381515,100.0,3328.0,1857.990656,1359.214,1353.374,1398.704,1401.795,1417.875,1419.673,1421.547,1422.513,1423.173,0.2225832656376929,-0.7121281624801153,-0.7020494855796808,0.1702094993508814,0.9854078984515612,0.0,0.0,0.0
1637938914.0,3.0,0.258278,120.0,3328.0,438.349824,1740.584,1725.547,1817.559,1823.272,1841.586,1849.627,1852.391,1853.958,1856.166,0.2229894394800974,-0.7129445518959393,-0.7012204117978157,0.1976573398944854,0.9802711747194426,0.0,0.0,0.0
1637938930.0,3.0746370661192963,0.5557669892402357,170.54055065754534,3457.033930103421,667.7567441555677,8694.657078679767,6449.390617620835,10446.382364799432,9409.236082846819,11102.0502696582,8716.234532009084,8665.94253671938,10761.88344841047,7599.593037114842,0.223395613322502,-0.7137599761085911,-0.700390388644407,0.224951054105093,0.97437006484036,1.0,1.0,12.0
1637938946.0,3.0701641406637834,0.6091145595195345,185.76835735720613,3458.6541270988037,679.8763906313234,9813.33754009425,8219.265964353239,11801.021106553375,10942.577747250345,12319.526248718956,10279.07841291745,10025.395699908384,12322.304459087742,8542.052569086947,0.2238017871649066,-0.7145744339733121,-0.6995594172847083,0.2520693577966397,0.967709170598269,1.0,2.0,11.0
1637938962.0,3.062763796870453,0.6636976806004711,201.59850671113338,3396.6445301635576,673.5499581389427,10618.1082628371,9505.162212353913,13027.959573375436,12275.376150558905,12848.88188884108,11321.441842428907,11490.798119246087,13689.30298824493,9213.526732351907,0.2242079610073111,-0.7153879244281884,-0.6987274988021643,0.2789911058356181,0.9602936857360976,1.0,3.0,10.0
1637938978.0,3.0635584143283463,0.6979967286927397,212.64264801748345,3269.0767673053983,649.7184161108592,10278.665810550396,9722.952683620133,13929.18986164697,12516.19682398038,12953.034977370084,11699.898661172283,11913.038068453254,13876.582423807553,9538.54523151182,0.2246141348497156,-0.7162004463311765,-0.6978946343646895,0.3056953045552616,0.9521293928730832,1.0,4.0,9.0
1637938994.0,3.071363658849425,0.715799358199875,217.70891930771478,3149.366440046131,630.8857026183689,9738.821088035458,9728.746273979494,14920.178783688249,12353.713912480795,13319.01563869393,12095.172796968487,11879.774008054228,13422.946895501536,9894.502295207421,0.2250203086921202,-0.7170119986127428,-0.6970608250686308,0.3321611317148593,0.9432226580070604,1.0,5.0,8.0
1637939010.0,3.0804845443283035,0.71666160600439,213.98594100161944,3076.4374238692903,629.0271705273357,9482.188893145543,9803.863424493411,15413.490928346306,12321.576239039568,13717.727183585508,12070.362935276333,11648.936343115434,12891.878636807902,10160.124500246107,0.2254264825345247,-0.7178225801741267,-0.6962260720428095,0.3583679496109631,0.933580426471996,1.0,6.0,7.0
1637939026.0,3.08498741477735,0.7057961105412368,209.2019808735189,3071.242088863183,639.2299659771596,9689.0902819888,10425.319594460827,15676.357291249004,12735.937629100543,14156.941607060404,12152.182566759773,11507.817869888182,12469.90666229835,10694.36524344509,0.2258326563769293,-0.7186321898875242,-0.6953903764486977,0.3842953225250289,0.9232102171690822,1.0,7.0,6.0
1637939042.0,3.0838983969666103,0.675474203406204,204.19715063569794,3103.1536033749026,645.7877798337481,9624.846779325755,10682.852014136548,15058.382192105815,12645.268325036788,13711.465799506357,11510.683874576662,10954.363041506314,11784.189737998133,11129.691677049408,0.2262388302193339,-0.7194408266973422,-0.6945537393758994,0.4099230339358467,0.9121201161299046,1.0,8.0,5.0
1637939058.0,3.0762904474764987,0.6553892449014392,203.1565272025968,3137.9453540092854,636.3632622895841,9508.556129927956,10457.46946392205,14162.90014127203,12347.1613222257,12947.547079316872,10521.269079546239,10317.994568095171,11164.52658509773,11191.872404803496,0.2266450040617384,-0.7202484894683513,-0.6937161619989535,0.4352310992706253,0.9003187714513583,1.0,9.0,4.0
1637939074.0,3.0687311784290827,0.6317446954413309,200.01661001029316,3126.2130125090944,609.6739854246217,8822.419804120404,9076.650213670873,13100.837349358422,11560.017818116787,11685.138664171183,8995.045697570251,9408.595031293946,10418.91287218743,10704.597758230746,0.2270511779041429,-0.7210551771474968,-0.6928776454099179,0.4601997849049314,0.8878153850736396,1.0,10.0,3.0
1637939090.0,3.059871928298355,0.6050857595324936,188.50791987525906,3102.256930934933,579.7993859159587,7639.748352587974,6886.284478376714,11825.481211653138,10197.830429345235,10130.59916789295,7292.4835292488915,8096.215836983626,9771.19456621909,10021.967272759885,0.2274573517465475,-0.7218608886022857,-0.69203819078597,0.48480962017642,0.8746197071781514,1.0,11.0,2.0
1637939106.0,3.05770972880206,0.602048274938599,176.26598555273833,3119.513126351924,567.7009842715067,7001.388016197458,5564.198612534987,11262.99639879864,9107.469520195149,9554.568543251378,6602.165451775318,7380.557604021722,9857.730525738427,9556.41666090797,0.227863525588952,-0.7226656227822075,-0.6911977992216152,0.5090414158961828,0.860742026917711,1.0,12.0,1.0
1637939122.0,3.0,0.075353,20.0,3072.0,578.859008,368.58,370.478,374.606,374.606,378.458,378.511,378.511,378.511,383.694,0.2282696994313566,-0.7234693785575115,-0.690356471896663,0.5328762760310289,0.8461931661525651,0.0,0.0,0.0
1637939138.0,3.0,0.065028,30.0,3072.0,622.77632,467.802,469.397,477.001,477.818,483.16,483.654,485.353,485.353,485.969,0.2286758732737611,-0.7242721548702036,-0.6895142099186005,0.5562956156685165,0.8309844691617204,0.0,0.0,0.0
1637939154.0,3.0,0.051578,50.0,3072.0,745.005056,782.025,781.397,796.986,798.102,813.199,814.258,815.581,815.581,817.002,0.2290820471161657,-0.7250739506233826,-0.6886710144382442,0.5792811719517794,0.815127796006352,0.0,0.0,0.0
1637939170.0,3.0,0.051578,60.0,3072.0,795.049984,926.685,930.879,938.193,939.333,946.626,947.773,950.037,951.239,953.904,0.2294882209585702,-0.7258747647315337,-0.6878268865971587,0.6018150229681911,0.7986355101858392,0.0,0.0,0.0
1637939186.0,3.0,0.327531,70.0,3072.0,843.472896,1124.465,1126.524,1153.746,1155.077,1165.079,1166.947,1176.911,1178.849,1180.806,0.2298943948009748,-0.7266745961004735,-0.6869818275487451,0.6238795963604111,0.7815204726974019,0.0,0.0,0.0
1637939202.0,3.0,0.246741,90.0,3072.0,859.164672,1934.019,1945.745,1953.434,1954.29,1969.975,1973.76,1974.781,1974.868,1975.714,0.2303005686433793,-0.7274734436773368,-0.6861358384053676,0.6454576875733364,0.763796028761921,0.0,0.0,0.0
1637939218.0,3.0,0.249094,100.0,3072.0,859.164672,1515.058,1509.032,1550.758,1555.861,1571.498,1572.919,1575.197,1575.57,1576.65,0.2307067424857839,-0.7282713063406371,-0.6852889203546939,0.66653246994119,0.7454759999584807,0.0,0.0,0.0
1637939234.0,3.0,0.446922,120.0,3072.0,440.745984,2472.394,2464.906,2543.208,2549.884,2557.182,2562.822,2567.212,2570.276,2574.916,0.2311129163281884,-0.7290681830500975,-0.6844410745009606,0.687087510685142,0.7265746710837744,0.0,0.0,0.0
1637939250.0,3.0,0.446922,130.0,3072.0,446.455808,2656.816,2657.443,2721.995,2730.309,2752.636,2757.009,2766.941,2767.083,2767.307,0.231519090170593,-0.7298640726969458,-0.6835923020238214,0.7071067812467738,0.7071067811263212,0.0,0.0,0.0
1637939266.0,3.0,0.438293,140.0,3072.0,451.506176,4699.816,4726.284,4772.883,4774.249,4788.225,4792.457,4797.212,4797.651,4807.337,0.2319252640129975,-0.730658974213635,-0.6827426040617934,0.7265746708808668,0.6870875108997108,0.0,0.0,0.0
1637939282.0,3.0,0.478655,150.0,3072.0,460.214272,2868.769,2875.953,2916.579,2927.99,2958.445,2966.102,2971.542,2973.223,2974.423,0.2323314378554021,-0.7314528865239835,-0.6818919817652443,0.7454759997616432,0.6665324701613407,0.0,0.0,0.0
1637939298.0,3.0,0.478655,160.0,3072.0,467.816448,3047.133,3087.589,3105.055,3109.834,3131.914,3136.23,3145.225,3153.069,3156.679,0.2327376116978066,-0.7322458085432391,-0.6810404362964494,0.7637960285713074,0.6454576877988972,0.0,0.0,0.0
1637939314.0,3.0,0.638276,170.0,3072.0,511.594496,6467.314,6477.556,6530.265,6543.477,6552.175,6559.187,6568.608,6572.831,6573.916,0.2331437855402112,-0.7330377392276313,-0.6801879687763106,0.7815204725131606,0.6238795965912063,0.0,0.0,0.0
1637939330.0,3.0,0.561697,190.0,3072.0,534.228992,3242.013,3248.463,3306.26,3313.601,3337.229,3354.979,3363.161,3372.897,3374.068,0.2335499593826157,-0.7338286774653837,-0.6793345804015911,0.7986355100081138,0.6018150232040406,0.0,0.0,0.0
1637939346.0,3.064982475902815,0.5832450131643213,156.33541818310863,3454.60305702289,649.2821639351585,10459.640319854523,9573.401321761994,12705.616277007946,9861.003799815453,11363.828638901086,10597.080447567709,9469.054026505944,9758.359672820094,9853.044965699519,0.2339561332250203,-0.7346186222252482,-0.6784802722849634,0.8151277958352813,0.5792811721924993,1.0,1.0,2.0
1637939362.0,3.066110083803809,0.6150282623576555,163.44776911716602,3441.196610364593,649.5447864392027,11169.482030688589,10953.758710536822,13900.127985186462,10473.829239903189,11881.739037707204,11689.09270366689,11210.029989132774,10383.152199410815,10434.332971703177,0.2343623070674248,-0.7354075723982363,-0.6776250456257744,0.8309844689974376,0.5562956159139191,1.0,2.0,1.0
1637939378.0,3.0,0.513835,210.0,3072.0,551.174144,11919.783,11936.638,12011.888,12013.971,12067.461,12080.519,12086.864,12088.103,12094.411,0.2347684809098294,-0.7361955269556917,-0.6767689015390936,0.8461931659951984,0.5328762762809228,0.0,0.0,0.0
1637939394.0,3.0,0.621163,220.0,3072.0,563.503104,10320.792,10319.504,10404.195,10407.2,10429.767,10442.197,10447.299,10447.828,10455.744,0.2351746547522339,-0.7369824847914201,-0.6759118412268454,0.8607420267673832,0.5090414161503732,0.0,0.0,0.0
1637939410.0,3.0190915441868316,0.7186695241790543,201.49687140962132,3371.619655087016,642.2667246393361,13232.94834168218,12972.291654723012,15708.074023922449,14258.250542302074,13698.283734697421,12942.123386383082,14460.732838418904,12769.851140228462,11459.976064381484,0.2355808285946385,-0.7377684448695395,-0.6750538658172258,0.8746197070349796,0.4848096204347088,1.0,1.0,1.0
1637939426.0,3.0,0.725903,230.0,3072.0,575.840256,11767.247,11772.758,11835.85,11856.099,11899.87,11916.528,11921.555,11923.423,11931.802,0.235987002437043,-0.7385534061161257,-0.6741949764825225,0.8878153849377354,0.4601997851671171,0.0,0.0,0.0
1637939442.0,3.0,0.632477,240.0,3072.0,587.329536,11226.455,11236.985,11306.542,11326.547,11356.459,11374.184,11376.345,11377.599,11379.17,0.2363931762794476,-0.7393373674684549,-0.6733351743855469,0.9003187713228278,0.4352310995365034,0.0,0.0,0.0
1637939458.0,3.0,0.632477,250.0,3072.0,600.932352,11652.014,11646.417,11751.781,11769.66,11806.727,11823.619,11833.86,11835.489,11840.465,0.2367993501218521,-0.7401203278553712,-0.6724744607011167,0.912120116008848,0.4099230342052099,0.0,0.0,0.0
1637939474.0,3.062675345457829,0.7026703452334876,218.54584902826403,3347.4742531794795,667.1688349221481,13542.20784627632,12969.29817654095,14690.366735824853,14646.630062019372,14986.984949783457,12851.74091131685,14686.787250142026,13643.315003387132,10237.228032639161,0.2372055239642567,-0.7409022862462172,-0.671612836562203,0.923210217055594,0.3842953227976672,1.0,1.0,1.0
1637939490.0,3.0,0.781189,260.0,3072.0,612.642816,12920.176,12924.8,13045.176,13074.813,13102.915,13116.017,13135.076,13137.001,13147.244,0.2376116978066612,-0.7416832415627378,-0.6707503031568376,0.9335804265330426,0.3583679494519316,0.0,0.0,0.0
1637939506.0,3.0,0.792771,270.0,3072.0,626.921472,11043.775,11036.225,11169.562,11207.825,11249.016,11265.146,11272.881,11276.116,11278.661,0.2380178716490658,-0.7424631927281365,-0.6698868616743741,0.943222657908968,0.3321611319934076,0.0,0.0,0.0
1637939522.0,3.0,1.013085,280.0,3072.0,640.507904,12229.363,12224.673,12343.091,12370.806,12394.461,12415.548,12430.017,12432.668,12434.514,0.2384240454914703,-0.7432421387254902,-0.6690225132405929,0.9521293927828064,0.3056953048364401,0.0,0.0,0.0
1637939538.0,3.033810707013287,0.818526636163512,238.6959119796674,3433.980232667423,636.2205633798759,16149.116144247831,15717.945899297947,18068.45424362429,16559.96872142259,17975.216614706565,16688.34965136345,15137.80514532221,14522.907975670993,14488.177753841303,0.2388302193338749,-0.7440200784612513,-0.6681572590689361,0.9602936856537072,0.2789911061192077,1.0,1.0,1.0
1637939554.0,3.0,0.972468,290.0,3072.0,656.191488,14787.853,14785.229,14888.275,14901.696,14950.351,14971.3,14981.515,14983.051,14984.144,0.2392363931762794,-0.744797010911409,-0.6672911002983858,0.967709170523829,0.2520693580824192,0.0,0.0,0.0
1637939570.0,3.0663033779439397,0.7344516273666204,212.43488158671747,3398.5859941382196,636.7591332317793,15089.702340299213,13770.487432123164,16933.26858356575,15469.811305744635,15542.956926409288,15333.37172422815,15394.275250271223,13996.173916959797,13175.752247528506,0.239642567018684,-0.7455729350046763,-0.6664240381232605,0.9743700647739284,0.2249510543928396,1.0,1.0,1.0
1637939586.0,3.0,1.042416,300.0,3072.0,670.314496,15375.245,15391.475,15511.595,15531.462,15582.78,15584.792,15601.381,15606.178,15615.588,0.2400487408610885,-0.7463478497196572,-0.665556073684888,0.9802711746610712,0.1976573401839747,0.0,0.0,0.0
1637939602.0,3.0,1.100917,310.0,3072.0,685.944832,17819.157,17809.414,17969.219,17976.606,18022.364,18024.72,18027.94,18028.949,18051.195,0.2404549147034931,-0.747121753968464,-0.6646872082017871,0.9854078984012956,0.1702094996418876,0.0,0.0,0.0
1637939618.0,3.058921187972469,0.5341577605253675,166.4818806046203,3313.4205951397216,652.279504605551,9290.607625178734,9160.591997459627,12520.290155349197,10708.060232936048,12030.603919978075,9887.280561886317,11736.420877707427,10630.573092416715,12489.689238175564,0.2408610885458976,-0.7478946467420579,-0.66381744280681,0.9897762308744766,0.1426289339366835,1.0,1.0,1.0
1637939634.0,3.0,0.960708,320.0,3072.0,703.492096,18948.645,18951.807,19060.921,19095.395,19147.311,19165.916,19169.166,19170.272,19177.229,0.2412672623883022,-0.7486665269553893,-0.6629467787210037,0.9933727655486886,0.1149371509397642,0.0,0.0,0.0
1637939650.0,3.035741718469453,0.5172249093453853,157.3558843777369,3367.8331842431376,663.3455679889352,9815.197510548396,9276.283370763433,11158.370616567669,10839.042184953154,11785.546403081486,10079.284302272798,11501.767015473146,10526.28408624381,13808.463364697336,0.2416734362307067,-0.7494373936020582,-0.6620752170795654,0.9961946980742676,0.0871557429474322,1.0,1.0,1.0
1637939666.0,3.0,1.141209,330.0,3072.0,720.109568,20508.679,20506.976,20618.971,20643.101,20706.287,20729.607,20739.717,20742.46,20758.215,0.2420796100731113,-0.7502072455998599,-0.6612027591060639,0.998239827899043,0.0593063739920844,0.0,0.0,0.0
1637939682.0,3.062860673066425,0.5397406032451374,161.32686671508597,3293.622116439237,635.8110893240349,11063.735319759326,8547.780026883618,11474.415646679026,11103.800830548053,11529.31256239501,11107.73918702995,11351.211327575555,9809.855958352277,13260.879459393207,0.2424857839155158,-0.7509760819450386,-0.6603294059380354,0.9995065603604698,0.0314107592455602,1.0,1.0,1.0
1637939698.0,3.0,0.892972,340.0,3072.0,737.120256,23805.64,23819.357,24014.331,24036.947,24057.631,24121.392,24130.398,24133.286,24136.145,0.2428919577579203,-0.7517439015582398,-0.6594551588015636,0.9999939076564506,0.0034906517990553,0.0,0.0,0.0
1637939714.0,3.0790681584717183,0.5548471308638304,157.20600187365193,3346.4246484159735,626.8362558262447,11473.14684269814,9260.777757279338,12260.734312662928,11553.136980180043,12141.719775293886,11564.221074905436,11864.748292499826,10131.549017894224,12775.443133823726,0.2432981316003249,-0.7525107034287742,-0.6585800188474681,0.999701489784469,-0.0244321780182012,1.0,1.0,1.0
1637939730.0,3.0,0.893604,350.0,3072.0,755.376128,24325.657,24333.896,24435.634,24470.612,24563.993,24600.132,24617.517,24619.465,24625.12,0.2437043054427295,-0.753276486518465,-0.657703987260528,0.9986295347485632,-0.0523359563576362,0.0,0.0,0.0
1637939746.0,3.0560992292396,0.5574850030304095,156.93942437456215,3490.5615984983187,647.8796197724324,10945.808881776691,11545.05132329898,12147.853542252793,11558.025768862348,12709.578896834459,12769.167383021606,11561.975169184754,10565.521534110841,13351.69093700252,0.244110479285134,-0.7540412497618404,-0.656827065259648,0.996778878464385,-0.0801989242277162,1.0,1.0,2.0
1637939762.0,3.045952185761304,0.5556312798609846,160.13663418064115,3508.6577986080356,651.3595552480191,10654.49439675952,12277.008467298954,12020.892713616688,11335.527003230567,12555.095835407388,13178.159344707197,11650.774918409055,10488.463239950226,13416.978749438498,0.2445166531275386,-0.7548049921617797,-0.6559492539881845,0.9941509639563452,-0.1079993558530303,1.0,2.0,1.0
1637939778.0,3.0,1.031571,360.0,3072.0,775.614464,27082.32,27067.189,27231.859,27259.421,27319.956,27360.857,27377.077,27384.718,27395.217,0.2449228269699431,-0.7555677126460795,-0.6550705546784801,0.9907478404807328,-0.1357155723664907,0.0,0.0,0.0
1637939794.0,3.0372781574887537,0.5223213845806172,151.83236289817566,3373.0586821498164,631.0951113686391,9380.155348397751,10514.291357634707,11269.814192485637,9850.095591547397,11816.797157158491,12453.623021016976,11140.63886874073,9783.385887674573,12357.02280972237,0.2453290008123476,-0.7563294102202824,-0.6541909684762086,0.9865721615774246,-0.1633259624200881,1.0,1.0,1.0
1637939810.0,3.0,1.116355,370.0,3072.0,795.037696,29743.421,29734.056,29849.703,29862.803,29975.389,29993.662,29999.636,30000.746,30003.441,0.2457351746547522,-0.7570900838150562,-0.6533104966162042,0.9816271834544232,-0.1908089953417712,0.0,0.0,0.0
1637939826.0,3.0356649612906192,0.5410228658016765,149.88333544732924,3363.763631368576,663.2893574831384,10749.311625675778,11136.174287606274,12997.434093626482,10217.493145461654,13473.49096371346,14015.52104781443,12322.186568786827,10602.94719378271,12161.5164106612,0.2461413484971567,-0.7578497324291178,-0.65242914025748,0.9759167618920828,-0.2181432416053082,1.0,1.0,2.0
1637939842.0,3.0466098652396454,0.5938698340719382,166.179239376491,3389.2439020673646,685.7307383559609,12486.899719244291,13255.007841165962,14449.99912297673,11521.504041639128,14770.287942470668,15643.158934652913,13568.70407551989,11807.842710312889,12754.749785651235,0.2465475223395613,-0.7586083550244938,-0.6515469006042709,0.9694453500099582,-0.2453073854250409,1.0,2.0,1.0
1637939858.0,3.0,0.919632,380.0,3072.0,814.477312,31069.191,31064.042,31218.221,31246.154,31325.948,31345.568,31369.51,31375.42,31376.427,0.2469536961819659,-0.7593659505741188,-0.6506637788510015,0.9622179935888387,-0.2722802468301168,0.0,0.0,0.0
1637939874.0,3.06607827055288,0.7550248730170837,224.75144387526421,3375.4387917104496,681.2692916741479,16712.103449057286,17587.247551629116,17558.895438383654,15526.022755337746,16998.565409248626,19024.190095338046,16501.807675253836,14246.034839588881,14599.77815124925,0.2473598700243704,-0.7601225180428629,-0.6497797762043518,0.9542403286463718,-0.2990407918409534,1.0,1.0,7.0
1637939890.0,3.0608236820657524,0.8148226381048946,244.32150458667505,3372.129343930291,654.9423221287267,17797.24993654046,18070.783263343546,18883.5399650623,16947.212510343077,17865.106647099223,20055.864908983407,17787.970216602713,15555.730844036296,15877.162483480295,0.2477660438667749,-0.76087805643481,-0.6488948938279496,0.9455185756597744,-0.3255681542815751,1.0,2.0,6.0
1637939906.0,3.0560905136426,0.8529352352892821,253.04794438282937,3379.981003654606,632.4349591979765,17618.750666062562,17724.080787966766,19433.127710214147,17210.157834764435,18170.889857162885,20155.29507461694,17845.560637965158,16113.422033358247,16387.588698171774,0.2481722177091795,-0.7616325646892743,-0.6480091329640644,0.93605953588042,-0.3518416480283889,1.0,3.0,5.0
1637939922.0,3.057270705939243,0.8643931950653623,251.994017854398,3398.4073912610056,627.8250555614975,16791.95653819726,17246.521101894854,19407.602913643397,16691.736520643637,18050.251257804983,19772.958241563283,17271.11780834115,16095.491388876784,16318.508225661217,0.248578391551584,-0.7623860418225057,-0.6471224947675769,0.925870584867682,-0.3778407866771088,1.0,4.0,4.0
1637939938.0,3.0574871858586516,0.853759789006445,247.22759654105332,3453.300148070967,641.6244243567049,16288.047276300165,17360.116239911324,19082.27681323317,16203.9626293077,17839.656032483777,19595.777629578773,16857.301333493782,15914.65661555001,16174.13791309223,0.2489845653939886,-0.7631384867767123,-0.6462349804832216,0.9149596679987312,-0.403545296014774,1.0,5.0,3.0
1637939954.0,3.0599437768952584,0.8140504366285115,239.20536822014364,3509.432407565267,658.9411024062962,15469.196246181644,17030.416732924976,17933.802123337755,15285.315863627953,17012.00347178309,18612.8491336068,16189.958773547618,15123.792950477482,15615.56342567939,0.2493907392363931,-0.7638898985708341,-0.6453465912681656,0.9033352929146244,-0.4289351332950586,1.0,6.0,2.0
1637939970.0,3.055005382159744,0.7729190893211831,235.31522061126498,3547.5897603159783,674.6247111438172,14990.965162062415,16772.6438373739,16902.751752311484,14830.70252207171,16403.3913536034,17586.09802468347,15813.914267316139,14350.60598918842,15298.610079739745,0.2497969130787977,-0.7646402761593568,-0.6444573283584745,0.8910065241294906,-0.4539904998551,1.0,7.0,1.0
1637939986.0,3.0,1.26283,410.0,3072.0,882.147328,37015.939,37045.885,37177.513,37239.28,37302.521,37324.973,37339.278,37344.079,37346.602,0.2502030869212023,-0.7653896185264166,-0.6435671929581142,0.8779829754694501,-0.4786918578645462,0.0,0.0,0.0
1637940002.0,3.0497285155844307,0.740316903197044,240.234310477771,3516.2040429199674,689.0727055089608,15242.71424164041,16633.569341245337,16987.000445559595,15753.300893757947,17138.73549781243,17087.59203990582,16338.431509239246,14477.74102508762,15727.575152833222,0.2506092607636068,-0.766137924685608,-0.6426761862387852,0.8642748018718579,-0.5030199467708619,1.0,1.0,3.0
1637940018.0,3.053437376640491,0.7440606690510567,236.9316053627667,3529.6310260212067,695.830905751694,15490.103322596711,16770.4649288823,17931.535291105214,16352.200997758044,18218.173078043197,17760.21908500709,17150.41496869789,15244.669264711376,16350.549349086466,0.2510154346060114,-0.7668851935863984,-0.6417843094513548,0.8498926930151133,-0.5269557954511161,1.0,2.0,2.0
1637940034.0,3.0602996358663814,0.7496609605427933,229.88517396830713,3561.3358283994344,702.5537443205598,15560.89267409273,17155.2103182509,18732.807204403704,16536.257076334743,18938.32647658937,18762.74332513216,18058.381225037145,15730.201324193315,16841.12656071742,0.2514216084484159,-0.7676314242544765,-0.6408915637586782,0.8348478631556591,-0.5504807402484032,1.0,3.0,1.0
1637940050.0,3.0,0.975304,420.0,3072.0,902.295552,41367.25,41344.42,41537.05,41572.93,41650.477,41666.589,41678.379,41680.779,41692.97,0.2518277822908205,-0.7683766156422237,-0.6399979504140637,0.8191520443007994,-0.5735764363341831,0.0,0.0,0.0
1637940066.0,3.0821068615000424,0.7721709073088246,231.95915745428258,3550.52993718148,703.1981744376641,16144.089797353545,18997.195481470873,18969.475732524083,16333.208531262762,19273.89408204474,20282.207023702747,19478.17307242222,15701.149145630114,17032.930140130527,0.252233956133225,-0.7691207667780375,-0.6391034705826308,0.8028174750547246,-0.5962248751492651,1.0,1.0,2.0
1637940082.0,3.086892631943913,0.7793399648603994,241.7951962068426,3528.461860653945,693.1254701336816,16649.091099022662,19590.549535955815,18496.13249878712,16316.283607897854,19204.2747694968,20180.449221013296,19357.23712050807,15280.478561547246,16919.83839164241,0.2526401299756295,-0.7698638766172183,-0.6382081255201224,0.7858568934556799,-0.6184083950013844,1.0,2.0,1.0
1637940098.0,3.0,1.230138,430.0,3072.0,926.322688,43335.518,43345.12,43497.801,43535.034,43591.924,43620.247,43641.495,43647.263,43672.557,0.2530463038180341,-0.770605944190878,-0.6373119163939157,0.7682835237240306,-0.6401096993283157,0.0,0.0,0.0
1637940114.0,3.090324109651986,0.7397309444024935,241.8500085433178,3518.1609092268354,666.370435967193,16078.463634535017,18031.235296754112,16499.997223338625,15546.909368589197,18863.47518634967,18315.318261276116,16864.689699563383,14211.637653569398,16202.313110026102,0.2534524776604386,-0.7713469684572419,-0.6364148444621816,0.7501110699083442,-0.6613118650084536,1.0,1.0,6.0
1637940130.0,3.099689578224016,0.7085038755562042,229.37210280025337,3532.616126355644,663.9158177907925,15251.196930981274,16785.70497201749,15682.45502053457,14934.802318025066,18449.63014521104,17401.933572705577,15797.83677877,14033.758146812164,15704.981060050759,0.2538586515028432,-0.772086948440893,-0.6355169109057838,0.7313537017356968,-0.6819983599375392,1.0,2.0,5.0
1637940146.0,3.1112772860925,0.6888041231327322,217.10128836236962,3523.2616482426392,664.8322566673836,14451.917239804116,15780.51550512998,15247.708783088425,14350.846678802163,17668.00743000496,16768.282218753273,15588.343654523866,13946.118854738079,15030.89385700111,0.2542648253452477,-0.7728258831214966,-0.6346181169628542,0.7120260462628558,-0.7021530527194805,1.0,3.0,4.0
1637940162.0,3.119439544026772,0.6885857083518235,208.9758536857177,3477.4920778570445,664.1501209882224,13892.96840354178,15119.24641403953,15234.198907762207,14058.12191799141,16664.98157341489,16263.666689817735,16049.580931140836,13882.314023505649,14341.119353752027,0.2546709991876523,-0.7735637715263469,-0.6337184638164914,0.6921431739698926,-0.7217602280029588,1.0,4.0,3.0
1637940178.0,3.12114801253953,0.7083030813687857,207.84222881314875,3405.2944799308716,661.8658253535677,13727.955150624952,15006.540744249603,15749.824323151273,14434.889366886007,16048.85779033337,15902.128130188763,16729.481950159898,14039.733021660228,13954.43701908507,0.2550771730300569,-0.7743006126195368,-0.632817952729701,0.6717205895853513,-0.7408045960488555,1.0,5.0,2.0
1637940194.0,3.1232684141828733,0.7356659315481318,212.19102642761268,3333.8569870991028,664.8596020295904,14193.84095030415,15687.045134199518,16629.01006177673,15626.191847120272,16488.606025928588,16093.260274139264,17301.64614798157,14501.638356528187,14262.185400117341,0.2554833468724614,-0.775036405440351,-0.6319165848765959,0.6507742173454341,-0.7592713072666699,1.0,6.0,1.0
1637940210.0,3.0,1.142126,450.0,3072.0,974.802944,48103.862,48078.592,48353.544,48377.593,48438.704,48449.607,48470.225,48481.513,48493.615,0.255889520714866,-0.7757711489741891,-0.631014361500011,0.629320390937519,-0.7771459615479246,0.0,0.0,0.0
1637940226.0,3.115954609482097,0.7500269166885616,211.37651096319826,3336.153603183898,680.4377250959133,16025.17617389353,16779.880206008474,17321.811782518278,18336.869547439106,18750.10803643946,17081.27695437383,16926.6367887504,14791.355212669732,15570.317773220948,0.2562956945572705,-0.7765048422079762,-0.6301112838440254,0.6073758397803197,-0.7944146204918131,1.0,1.0,3.0
1637940242.0,3.107697123295876,0.7200871465469172,201.84691246523107,3381.311380098964,677.9678769976261,15961.992915977771,15961.41888999317,16887.290869246222,18505.857450189098,18660.286178695518,16566.186787779196,16219.276609398099,13803.231017323511,15142.369174849724,0.256701868399675,-0.7772374841759455,-0.6292073530974084,0.5849576748432116,-0.8110638190931855,1.0,2.0,2.0
1637940258.0,3.105915493118517,0.6802951776405278,193.51082935766908,3378.074708338483,664.7739377324851,15392.001736912456,14893.698440439588,16200.244335625655,17881.503005723527,17662.2450442122,15482.88122713393,15734.791851562632,12406.05676864158,14300.151809465928,0.2571080422420796,-0.7779690738770235,-0.6283025704952403,0.5620833778841965,-0.8270805742527698,1.0,3.0,1.0
1637940274.0,3.0,0.996075,460.0,3072.0,1000.087552,51451.221,51445.787,51603.468,51641.899,51732.127,51756.974,51780.708,51782.129,51791.215,0.2575142160844841,-0.7786996103207435,-0.6273969372624655,0.5387707848294662,-0.8424523971205975,0.0,0.0,0.0
1637940290.0,3.086580703459183,0.6513584067556354,192.95356636470206,3314.0632574510482,609.9656336125427,13154.118236291986,13212.278418773589,16056.647586927334,16236.473985844135,15780.02509392043,13238.734566525074,15305.435629635595,10207.225397708373,13218.67149763203,0.2579203899268887,-0.7794290925089489,-0.6264904546365223,0.5150380749149808,-0.8571673006991521,1.0,1.0,3.0
1637940306.0,3.0678144104251714,0.6770590436658199,199.12663264368987,3296.524429238063,591.8560898965525,12202.52101477989,13270.331173320723,16429.265895630877,15872.043333526983,15710.571301811828,12629.90793547518,15202.360134490937,10196.41537118459,13295.453773051646,0.2583265637692932,-0.780157519481376,-0.6255831238106304,0.490903753402918,-0.8712138112397708,1.0,2.0,2.0
1637940322.0,3.0535524947836716,0.7225507354021947,207.00727996193243,3323.491089171188,594.7992000580203,12238.628461076314,14438.724319399687,17036.775003484316,16456.681044851084,16604.751783971187,13258.964698590853,15645.944643745817,11274.378865005645,13548.87564816939,0.2587327376116978,-0.7808848902154004,-0.6246749460585739,0.4663866407276792,-0.8845809750106265,1.0,3.0,1.0
1637940338.0,3.0,0.955588,470.0,3072.0,1025.806336,53852.633,53849.986,54069.3,54109.06,54188.361,54212.465,54231.085,54238.275,54264.862,0.2591389114541023,-0.7816112037626547,-0.6237659225644616,0.4415058529613667,-0.8972583695908642,0.0,0.0,0.0
1637940354.0,3.049434573483398,0.7572813636124902,209.81237099008106,3446.7506913583493,617.7156838559804,12905.161191004576,15419.368004172637,15938.822348554462,16418.389500090096,16872.783878249757,14344.441273068349,15341.665503675687,13005.35789988737,12076.996396161921,0.2595450852965069,-0.7823364591034814,-0.6228560546044543,0.4162807926289724,-0.9092361088783234,1.0,1.0,3.0
1637940370.0,3.0604098806777715,0.7339206040605841,204.4813692588146,3421.6326963483407,615.9681707247013,12699.475249741205,14193.916645258949,14151.927981386956,15096.706391628411,15365.279496262001,13036.802608863782,14723.041821231076,12908.362502602702,10682.92267105263,0.2599512591389114,-0.7830606552922711,-0.6219453433648643,0.3907311286328925,-0.9205048533914778,1.0,2.0,2.0
1637940386.0,3.0737407255712452,0.7127311234781345,206.0493698173635,3334.0620306466053,611.0417886692563,11746.269954435806,13172.121564804498,13540.706429970229,13861.022784878165,14578.57922205868,12007.009286358194,13945.920762534302,12575.461752256188,9779.570986537732,0.260357432981316,-0.783783791312339,-0.6210337901242218,0.3648767846842899,-0.9310558157266696,1.0,3.0,1.0
1637940402.0,3.0,1.166145,480.0,3072.0,1053.175808,56208.264,56208.418,56466.85,56520.846,56640.025,56653.206,56668.445,56673.411,56682.122,0.2607636068237206,-0.784505866211815,-0.6201213960824524,0.3387379203610189,-0.940880768912561,0.0,0.0,0.0
1637940418.0,3.0676794552659685,0.7347430011213819,215.25473838596145,3273.163134392619,617.4241533976032,10802.926197842917,14527.400876113266,14996.916645393829,14111.028211696828,16156.236690032663,12285.539327358736,13635.558599949318,13032.487647292546,11272.071714376481,0.2611697806661251,-0.785226879004064,-0.6192081624862007,0.3123349188345756,-0.9499720514186716,1.0,1.0,4.0
1637940434.0,3.064540007338859,0.7804551102481474,225.48529960630327,3307.9748438824863,630.184847941752,12069.810891108076,16887.05862555707,16681.442641881193,16024.832661360158,17901.348157680863,14349.10862191351,14645.68501221745,13806.207305281725,13066.788821536105,0.2615759545085296,-0.785946828712939,-0.6182940905718526,0.2856883674912002,-0.958322574439428,1.0,2.0,3.0
1637940450.0,3.0697156619510366,0.8311346625707938,240.14006572055146,3358.814156090319,649.106233186056,14871.385305808104,19297.470409614125,18858.75739466062,18171.60703951669,19755.896409434234,17279.256139716304,16391.686475916347,15192.535291675971,14707.4611962665,0.2619821283509342,-0.7866657143727166,-0.6173791815654813,0.2588190449485857,-0.9659258263303152,1.0,3.0,2.0
1637940466.0,3.0739639206422344,0.8527215604124729,244.11938539646422,3410.018375218684,657.4613169601857,17437.475605241343,20429.294595626132,19610.40887856471,19483.917780322467,19996.194797867964,18468.191815848702,18017.214728333147,16244.215700652285,15174.177719998395,0.2623883021933387,-0.7873835349831777,-0.6164634367400835,0.2317479035495608,-0.9727758781961976,1.0,4.0,1.0
1637940482.0,3.0,1.142491,490.0,3072.0,1081.192448,59653.466,59639.549,59878.172,59887.907,59968.864,60016.255,60018.452,60030.068,60051.067,0.2627944760357433,-0.7881002896084067,-0.6155468572896343,0.2044960516534681,-0.9788673888010276,0.0,0.0,0.0
1637940498.0,3.0944686271825375,0.7729640828608484,222.38382989125301,3311.2105529972046,640.6915889654756,17329.80287027144,18134.895486506593,18199.81622943187,19367.941259989526,17908.877229499663,16307.682846811998,17678.090181238596,15223.306423646049,13700.88626942446,0.2632006498781478,-0.7888159772421658,-0.6146294445009017,0.1770847403431365,-0.984195607965004,1.0,1.0,3.0
1637940514.0,3.112344748442916,0.7230336486816202,208.30468810502555,3288.3955275340268,656.7058892886986,16604.4415690474,17219.528223724756,17572.18137947243,18840.49390733456,18005.054546038453,15393.363063027558,17266.88199347402,15343.24432450706,12909.962753419753,0.2636068237205524,-0.7895305969513201,-0.6137111995700356,0.1495353432208335,-0.9887563810807128,1.0,2.0,2.0
1637940530.0,3.1204403836134698,0.6778647088651462,191.9000352009114,3353.168752101854,680.330056076813,15790.368915424458,16965.733341069503,16561.591030315572,17967.68579451144,18153.208452456314,14665.372281974824,16597.13929069624,15194.014918702025,12559.206521035736,0.2640129975629569,-0.7902441477326291,-0.6127921237861423,0.1218693438583145,-0.9925461515856802,1.0,3.0,1.0
1637940546.0,3.0,1.082285,500.0,3072.0,1109.229568,61979.344,61996.277,62160.743,62228.407,62316.291,62397.76,62404.331,62409.986,62413.893,0.2644191714053615,-0.7909566286468401,-0.6118722183590498,0.0941083135248229,-0.9955619645835782,0.0,0.0,0.0
1637940562.0,3.1158050255149874,0.6965313873403542,200.64513574569236,3431.276609954064,705.9221631615027,16665.821363889532,18634.19237505537,16241.518735990563,17207.108716704694,19351.688920625602,15245.321491644967,16295.957385084124,15790.379249681033,13090.896105916225,0.264825345247766,-0.7916680387115362,-0.6109514845571861,0.0662739008226166,-0.99780146826398,1.0,1.0,4.0
1637940578.0,3.101908363006796,0.7463550433299793,219.5968392228141,3426.5003467367487,691.9664334781693,17973.471051154156,19396.890403106045,17364.789859117907,17614.854308741367,20357.48626785312,16513.899477154428,17098.588017908052,16704.164691403694,13609.496250447835,0.2652315190901706,-0.7923783769902429,-0.6100299235925303,0.0383878092615973,-0.9992629164039338,1.0,2.0,3.0
1637940594.0,3.086684849996434,0.7986851843069829,235.08030465246676,3401.2235151758578,671.0483765772725,18860.46232211835,19622.336382296628,19029.70076077934,18362.02577595642,21522.584911124184,18247.505475260634,17918.358093028277,17346.167037896816,14036.36018056616,0.2656376929325751,-0.7930876424857299,-0.6091075367588444,0.0104717845067495,-0.9999451693614226,1.0,3.0,2.0
1637940610.0,3.0756293487346222,0.837678431973552,241.99760903044154,3373.6967879378653,660.1711085713168,19580.963449719016,19751.965503326137,20591.862294682163,19110.145977878452,22418.997501587248,19846.316581067324,18545.670104392208,17679.859400316298,14657.32969612979,0.2660438667749797,-0.7937958342732361,-0.6081843252587633,-0.0174524062961217,-0.9998476951588552,1.0,4.0,1.0
1637940626.0,3.0,0.921537,510.0,3072.0,1138.458624,65240.249,65275.538,65450.21,65500.798,65636.782,65659.625,65674.075,65679.22,65681.326,0.2664500406173842,-0.7945029513585444,-0.6072602903883658,-0.0453629877721192,-0.998970569806932,0.0,0.0,0.0
1637940642.0,3.0605241528176035,0.8804721821462056,246.63327562726016,3424.062029195651,709.7294830928806,22902.486676989523,21878.535236614724,23748.52455512265,21238.11975370955,25186.829127728117,23707.388111624958,21681.14240717467,20348.805519739566,16798.483957168653,0.2668562144597888,-0.7952089928196951,-0.6063354333524357,-0.0732381970197614,-0.9973144772323796,1.0,1.0,4.0
1637940658.0,3.0565257118652776,0.8690997065405613,249.58928988176805,3435.3755556125866,735.4775764716935,23470.74583555495,22583.079054547292,23480.58924770868,21656.79812622774,24894.49689999951,23815.785779212143,22225.67161367465,20331.142288227296,17166.112066755184,0.2672623883021933,-0.7959139576654901,-0.605409755449362,-0.1010562968601274,-0.994880708861579,1.0,2.0,3.0
1637940674.0,3.0471134751706224,0.8399503628065629,252.88407383151466,3410.715138221887,741.6198077145234,22024.42788333715,21999.031816718496,21839.7319718967,21348.73798608672,23047.92349186745,22313.0920275867,20995.88926086904,18612.704853852116,16690.22918626472,0.2676685621445979,-0.7966178449767756,-0.6044832578860708,-0.1287955965030504,-0.991671162392768,1.0,3.0,2.0
1637940690.0,3.02656529639574,0.8133059398915903,256.26222191860256,3371.7130317260194,722.1901545974737,19546.09485460422,20637.778866051503,19961.324948130656,21194.10365592429,21362.10830004703,20399.68148506065,18902.80027116157,16458.945817896536,16064.644118788809,0.2680747359870024,-0.7973206537741604,-0.6035559419516516,-0.1564344652122899,-0.9876883405678862,1.0,4.0,1.0
1637940706.0,3.0,1.249475,520.0,3072.0,1168.0768,66939.793,66919.872,67123.814,67173.595,67255.294,67279.63,67290.41,67300.23,67309.046,0.268480909829407,-0.798022383106184,-0.6026278089015864,-0.1839513505713232,-0.9829353491573014,0.0,0.0,0.0
1637940722.0,2.994485576443452,0.7815806360258736,234.69623680494297,3354.330986419622,680.2872881443751,16425.587934165513,17482.55494752316,17784.905623426188,19992.637397310147,19441.8434438938,17763.442109980762,15641.818959136192,13656.295923817584,14139.165355115427,0.2688870836718115,-0.7987230320491145,-0.6016988599575946,-0.2113247966579349,-0.9774158942423038,1.0,1.0,4.0
1637940738.0,3.0009248075573387,0.7704406171670329,215.87824056274602,3416.1089066079244,686.2351131267484,16600.531550860498,16858.869988024693,17655.75579900973,19177.253465539558,19117.39646009402,17804.04448443537,15387.971541430175,13335.669961066484,13472.223176676365,0.269293257514216,-0.7994225996193246,-0.6007690964238099,-0.2385334575697503,-0.971134279911805,1.0,2.0,3.0
1637940754.0,3.011480906873581,0.7648844541824635,204.55729603236648,3507.4381906027975,700.3941028673626,17392.939167012653,17057.17560128039,17690.013413091125,18682.285633723088,18701.298422351327,17962.327829148686,15823.518167711893,13205.226321186263,13032.071692578962,0.2696994313566206,-0.8001210849046975,-0.599838519512485,-0.2655561177184317,-0.9640954041703106,1.0,3.0,2.0
1637940770.0,3.0180892064692038,0.7716427279452481,206.89091559349856,3603.012485706621,709.6798921982484,18457.94469960288,17818.884322048718,17988.152352701753,18770.45475370319,18357.229588105565,18067.939329421934,16681.33447256379,13227.951719886569,12878.526658797908,0.2701056051990251,-0.800818486924643,-0.5989071305300392,-0.2923717043003065,-0.9563047560921852,1.0,4.0,1.0
1637940786.0,3.0,1.149678,530.0,3072.0,1199.08352,71015.303,71018.167,71244.248,71297.239,71393.447,71431.403,71453.377,71461.093,71477.474,0.2705117790414297,-0.8015148047698679,-0.5979749306908446,-0.3189593091157289,-0.9477684100709504,0.0,0.0,0.0
1637940802.0,3.004138047245294,0.8251499648565814,233.0006727698992,3702.3346816474213,708.7286642414798,20851.45845649484,19304.201886678133,19654.80098404574,20568.295123682532,19094.561370140003,19194.350023912084,18753.341472886685,14097.14673132078,14211.162388644741,0.2709179528838343,-0.8022100374628252,-0.5970419213035988,-0.3452981986149639,-0.9384930229006824,1.0,1.0,4.0
1637940818.0,2.9912959895991236,0.8517314892441525,239.43596522485507,3719.7939953203895,707.8608476664567,21068.52439910473,19276.37935134268,20359.47446255726,21348.665660326355,19902.723831415133,19715.938873907042,19596.678648910343,14909.891223058023,14717.931788182424,0.2713241267262388,-0.8029041840883754,-0.5961081035964703,-0.3713678354022645,-0.9284858269400974,1.0,2.0,3.0
1637940834.0,2.986963421386697,0.8594253015785918,236.67147161369832,3689.5601156679068,709.8459497197048,20156.462635659842,18725.881115340802,20287.507867264558,21360.443014056553,20140.99806617986,19944.040493998662,20179.22923325261,15200.177398797818,14777.444565063548,0.2717303005686434,-0.803597243698043,-0.5951734788453767,-0.3971478902899924,-0.9177546258331843,1.0,3.0,2.0
1637940850.0,2.992536067476566,0.8335501650989812,223.37458767003562,3618.2554037750365,707.6084729840615,18293.588595187564,17556.4587879387,19116.868320984464,20216.540024495636,19119.2466993215,19184.983436541428,20002.857619432474,14282.08756642841,14025.288896970873,0.2721364744110479,-0.8042892153535257,-0.5942380483156644,-0.4226182616261922,-0.9063077870900456,1.0,4.0,1.0
1637940866.0,3.0,1.135686,540.0,3072.0,1228.701696,75118.739,75126.001,75335.267,75402.245,75470.923,75513.477,75525.118,75528.622,75534.343,0.2725426482534525,-0.8049800981093606,-0.5933018132854847,-0.4477590875323751,-0.8941542369927992,0.0,0.0,0.0
1637940882.0,3.0037548165408237,0.7717931488018483,209.52894540831971,3414.0234950035137,699.7638859169942,15465.163166621769,15452.818514039724,15908.925892356616,16971.859599506726,16439.835712790766,16407.60707028432,18257.32996745654,11122.881162321735,12569.785386155341,0.272948822095857,-0.8056698910560935,-0.5923647749872222,-0.4725507647868088,-0.8813034521090917,1.0,1.0,50.0
1637940898.0,3.0013666989002603,0.7531231286942499,211.81281636387558,3318.9782700109927,690.7313970508249,14976.8894353259,14901.441625067546,14785.337400361723,16550.529591526345,16054.97156375664,15296.469675023396,17018.57430191588,10162.864150883928,12488.939845100587,0.2733549959382615,-0.8063585932253374,-0.591426934736367,-0.4969739607588591,-0.8677654535228122,1.0,2.0,49.0
1637940914.0,3.0032050465521283,0.7536593421952752,215.13712723166498,3250.0167662578433,685.046023329523,15256.086551570652,14854.344070785659,14542.822489832632,17261.083978966584,16622.856215442098,15186.691308121122,16234.106838906673,10488.96372708243,12836.252091203281,0.2737611697806661,-0.8070462037191423,-0.5904882937557024,-0.5210096317891075,-0.8535507973067441,1.0,3.0,48.0
1637940930.0,3.014650555357736,0.7746557901832696,215.4722010767389,3241.5506176548633,681.639658116093,15996.514229357526,15343.404377037934,15218.822656394957,18560.207168257315,17526.26174468138,16049.477387834588,15953.640279890398,11602.084273989094,13448.351955761782,0.2741673436230706,-0.8077327215807638,-0.5895488533512149,-0.5446390351735713,-0.8386705678424642,1.0,4.0,47.0
1637940946.0,3.033413825692282,0.7788034551153677,206.59013385082122,3236.169684545665,671.8291803167801,15776.235988437636,15084.784004166211,15178.160368685294,18528.817479175395,17050.0647401465,16378.47070005612,15283.112710316133,12014.867849836384,13576.9639477252,0.2745735174654752,-0.808418145889363,-0.5886086147830362,-0.5678437450306485,-0.823136368549931,1.0,5.0,46.0
1637940962.0,3.045877420215354,0.7544233673370866,191.83571330439386,3213.80755182575,650.8204181537685,14162.114442694132,13748.850453586667,14021.201814376305,16842.05170475773,14906.167574140443,15500.481041088091,13842.19656339835,11215.706659391064,12950.314735886928,0.2749796913078797,-0.8091024757169745,-0.5876675793241131,-0.5906056677991228,-0.8069603120126492,1.0,6.0,45.0
1637940978.0,3.0495904231628095,0.7383273166014848,184.84039955228172,3148.364839218003,630.6332690712019,12551.550321400777,12952.013472649945,13228.718007179497,15296.422542745895,12920.3508217039,14673.378681596623,13168.292291740747,10583.736664181026,12406.661504140182,0.2753858651502843,-0.809785710128577,-0.5867257482602551,-0.6129070536575163,-0.7901550123721689,1.0,7.0,44.0
1637940994.0,3.035443185037746,0.7082738835595324,177.61121489878423,3081.338831035785,615.8946753813452,10651.7820424946,11884.129389424135,11865.611153627307,13293.22121241186,11013.856152060865,13318.05627625178,11853.316113699198,9771.139438304777,11802.798767514949,0.2757920389926889,-0.810467848224784,-0.5857831228312134,-0.6347305133993822,-0.7727335733354392,1.0,8.0,43.0
1637941010.0,3.0064358452158384,0.6564452718353053,166.46502558572698,3069.069718258189,614.1115758197969,8826.09355370947,10298.523223819611,10040.19654555933,11336.51390986663,9513.19176007224,11852.14247196039,9963.88688656511,8641.380171911416,11097.127930177492,0.2761982128350934,-0.8111488890479551,-0.5848397043603215,-0.6560590286683269,-0.7547095805028392,1.0,9.0,42.0
1637941026.0,2.972201949580267,0.6186924452218363,157.32228069535066,3110.7906572704696,625.4076934343503,8334.971434713563,9160.289632146443,8763.967218765425,11017.953552926265,9543.297525833195,11271.147172412264,8977.299394241725,8237.127176243219,10663.190615443866,0.276604386677498,-0.8118288317101292,-0.5838954940776361,-0.6768759695519657,-0.7360970872399146,1.0,10.0,41.0
1637941042.0,2.9516022262888524,0.583611410713659,150.17427295726404,3175.092121238081,644.0939299690466,8599.492491042933,8356.095813706732,7747.93464988909,11075.685273002558,9603.093766998307,10978.03487845927,8579.674738244725,8126.946916215872,10309.466551039059,0.2770105605199025,-0.8125076752567478,-0.582950493308716,-0.6971651025721944,-0.7169106079250757,1.0,11.0,40.0
1637941058.0,2.949328543820016,0.561904279279614,148.4149650441833,3212.2603233791974,659.9229453957821,9178.38181187278,7876.844329046942,7251.140405057502,10971.763046063428,9280.179829716832,10841.332487902044,8870.174589530692,8105.55418838801,9819.394459461328,0.277416734362307,-0.8131854188027149,-0.5820047032856807,-0.7169106075497224,-0.6971651029581788,1.0,12.0,39.0
1637941074.0,2.955947892131249,0.5716849321544156,158.07675665766547,3183.6751350366794,664.6663008214422,9629.886560195382,7794.959368366211,7762.732224299307,10806.172290459364,8950.393486888624,11265.708279068122,9599.997005881454,8249.062059984923,9447.171941442202,0.2778229082047116,-0.8138620613965594,-0.5810581253363066,-0.7360970868754849,-0.67687596994828,1.0,13.0,38.0
1637941090.0,2.948863993246776,0.6345684133227745,178.3993777781465,3116.9157797307917,657.2682405084391,10140.989812119717,8400.016376846615,9247.980223948212,11407.548006329658,9475.449231699517,12168.217812623025,10950.808834222353,9004.030174715195,9329.505766271523,0.2782290820471161,-0.814537602147613,-0.5801107607066232,-0.7547095801496173,-0.6560590290746622,1.0,14.0,37.0
1637941106.0,2.9361035099313195,0.7322511505879106,202.10462200479196,3069.8849508666153,653.3231127947613,10963.451810125924,9906.766777239978,11383.950230124694,12581.507912841362,10834.947395289368,13621.71074122817,12501.57973880367,10303.315210602841,9701.253059413833,0.2786352558895207,-0.8152120401328221,-0.5791626106910579,-0.7727335732892701,-0.6347305134555895,1.0,15.0,36.0
1637941122.0,2.923428402453813,0.8427067355380715,226.18574240105463,3108.756265891494,662.5096454175819,12752.374780286731,12809.134469586843,14024.463069060497,14786.051101207704,13099.193664283148,16129.913456123877,14393.287133218797,12121.304367008484,10758.908464621989,0.2790414297319252,-0.8158853744390957,-0.5782136765732687,-0.7901550123275871,-0.6129070537149908,1.0,16.0,35.0
1637941138.0,2.9154142446760893,0.9204870924419186,241.0770799190294,3194.679716340101,679.4996989020733,14647.82955983257,15502.402384114182,15796.611135036292,16763.8742803922,14945.742238547004,18460.26134772304,15560.33619454218,13514.01077697187,11773.886879083642,0.2794476035743298,-0.8165576041464363,-0.5772639596498571,-0.8069603119696895,-0.5906056678578198,1.0,17.0,34.0
1637941154.0,2.911395707839529,0.9395924845908238,240.68662149918447,3275.9353616606827,689.8191643297514,16001.911531037958,16749.340693561466,15598.824540219204,17311.665803095897,14982.665713453373,18846.9676861997,15915.418228847802,13909.779029153777,12160.622343520074,0.2798537774167343,-0.8172287283699431,-0.5763134611709548,-0.823136368508627,-0.567843745090522,1.0,18.0,33.0
1637941170.0,2.913981246089682,0.8941497916130785,226.7289641690917,3300.9961755123736,683.3680455478559,15504.933584532773,15826.212156577178,14092.133987929426,15981.656268743553,13404.271004522781,17284.606949428842,15008.949027873583,12906.201983893388,11091.68050238485,0.2802599512591389,-0.8178987461841831,-0.5753621824471445,-0.8386705680564654,-0.5446390348440383,1.0,19.0,32.0
1637941186.0,2.9218057234173607,0.8116681845275827,204.4766225710522,3249.3085156818697,668.5801231791688,13302.4873711523,13199.20204270128,12451.017566151633,13612.901227757842,11494.758671754344,14622.67780516639,13226.93872485176,11091.26437434022,9425.065620216807,0.2806661251015435,-0.8185676566653317,-0.574410124790143,-0.8535507972688468,-0.5210096318511933,1.0,20.0,31.0
1637941202.0,2.9310495280605333,0.7400248184566676,185.48383354033172,3174.834260526386,654.0401927430439,10525.496207500666,10617.948468310682,11986.708302865325,11356.152208311818,10661.034501051483,12524.453097126687,11458.932577631967,9520.071431147373,8359.231638249908,0.281072298943948,-0.8192354589412437,-0.5734572894412711,-0.8677654534866632,-0.4969739608219788,1.0,21.0,30.0
1637941218.0,2.9346191965050705,0.6967162909992789,167.43986531357322,3124.3663370538884,652.1749072572738,8566.698502045616,9229.626124422335,11690.020457113327,9811.816101079801,10499.138104462421,10875.305214540966,10583.300642315742,8945.358588515383,8332.322881535343,0.2814784727863526,-0.8199021520744044,-0.572503677738196,-0.8813034520747192,-0.4725507648509133,1.0,22.0,29.0
1637941234.0,2.9452179655644337,0.6846300332352788,155.79724136036992,3108.817361809248,664.9131796746815,7859.402856727256,9210.52414957571,12062.11669016882,9546.458449828564,11329.032443976237,10672.2515451141,10515.227833364654,9395.067336902335,9159.635487814121,0.2818846466287571,-0.8205677351872427,-0.5715492909362053,-0.8941542369602299,-0.4477590875974143,1.0,23.0,28.0
1637941250.0,2.9573679858618864,0.6881215295433516,150.89271755957418,3093.832368628911,680.4051889310957,8380.533936113314,9966.91099450586,12520.75871843637,10078.321073794572,12113.229680883775,11274.791574618324,10876.68857734574,10085.312802568318,10057.292528466172,0.2822908204711616,-0.8212322073703106,-0.570594130339322,-0.906307786862508,-0.4226182621141479,1.0,24.0,27.0
1637941266.0,2.960931385014029,0.6833523802354766,144.78636848568738,3080.197646572033,679.0630400243123,9317.983064488777,9946.74858570953,11741.98277531916,10446.50679304612,11325.890534145727,10973.272479790197,10779.378178598228,10013.646513959475,10144.828083350661,0.2826969943135662,-0.821895567724009,-0.5696381972406951,-0.91775462561936,-0.3971478907841111,1.0,25.0,26.0
1637941282.0,2.960138201796188,0.6713427904202872,140.4609775850894,3077.5584569484054,655.261808002401,10024.81002188806,8816.749676252071,10263.289408018905,10430.20629753323,9806.545193596248,9902.565316631779,10128.193643578072,9478.729831314875,9530.747082490187,0.2831031681559707,-0.8225578153419687,-0.5686814929464892,-0.9284858267401532,-0.3713678359021609,1.0,26.0,25.0
1637941298.0,2.9677359199333,0.6467979554252649,138.71503808342726,3078.907252015028,622.4661779730659,9792.301397434712,6911.094445255749,9016.303112761729,9822.412752226297,8699.70046128294,8810.880626375263,8869.027531607908,8564.25993627404,8268.70470695699,0.2835093419983753,-0.8232189493524288,-0.5677240187160337,-0.938493022714774,-0.3452981991202481,1.0,27.0,24.0
1637941314.0,2.982646662861851,0.6232176494403463,138.44763748602116,3105.815768144072,600.5676052157219,8911.722405405399,5441.702480146259,8443.736317225343,9267.295850881404,8558.876801010081,8144.0271614573785,7710.78517471437,7975.574335315013,7041.825874362354,0.2839155158407798,-0.8238789688272358,-0.5667657758935085,-0.9477684098992228,-0.318959309626007,1.0,28.0,23.0
1637941330.0,2.994187073855617,0.6153233865615357,137.9659538774992,3168.8369774233806,595.614873147849,8372.03411749157,5272.657484909552,8255.333802456345,9091.278440576145,8938.371109570067,7714.419295456515,7227.360957710116,8036.519793126607,6883.325676367052,0.2843216896831844,-0.824537872905837,-0.5658067657282987,-0.9563047559347726,-0.2923717048151806,1.0,29.0,22.0
1637941346.0,3.0007615950050326,0.6146641606993661,140.39571698655945,3233.3907829336454,599.0723115778941,7994.569126813352,5802.214305758318,8352.158024729622,9040.567573690629,9206.051429397754,7740.627039738117,6984.228033400825,8184.104652723722,7316.922836658214,0.2847278635255889,-0.8251956606632097,-0.5648469895667401,-0.9640954041509944,-0.2655561177885582,1.0,30.0,21.0
1637941362.0,2.9995013187976376,0.6227354945455768,150.1049246120395,3276.839093502914,603.3059087818116,8091.209989012633,6769.450151872761,8625.183589016775,9397.83024862071,9409.118511269062,8406.466227056218,7310.571586688624,8464.146405049381,7872.906821841637,0.2851340373679935,-0.8258523312417109,-0.563886448660217,-0.9711342798944546,-0.2385334576403889,1.0,31.0,20.0
1637941378.0,2.987272102452322,0.6178763433461708,156.11642778948698,3269.6779074961514,598.1663506306966,8031.782701234163,6562.773915173482,8205.646964977743,9478.631722661627,8877.76780637029,8730.155770713813,7155.803619669618,8203.654002203271,7994.832672407497,0.2855402112103981,-0.8265078837194533,-0.5629251443572144,-0.9774158942269324,-0.2113247967290304,1.0,32.0,19.0
1637941394.0,2.9729880937858697,0.5863489719507724,150.50639312790227,3212.5462291707854,587.4053566032206,7494.177949759533,5115.213218328208,6995.506345837179,8905.428435874888,7583.015018577613,8290.713498827865,6353.300343101289,7506.010246553327,7627.266366838518,0.2859463850528026,-0.8271623172335308,-0.5619630779231458,-0.9829353491439212,-0.1839513506428202,1.0,33.0,18.0
1637941410.0,2.9687289075514167,0.532963103246349,133.544315963665,3130.3305051426496,587.5595823055304,6688.863093276206,3353.270804313628,5729.353750853386,7857.965975153349,6392.620798298225,7669.620177148103,5558.106773662932,6964.8864085228215,6876.850350177232,0.2863525588952071,-0.8278156308978935,-0.5610002506604812,-0.987688340629353,-0.1564344648242044,1.0,34.0,17.0
1637941426.0,2.9789983439204395,0.4849976674101633,115.24889351334232,3080.46288756791,609.2925952163075,6282.208268268769,2640.1948653745785,5147.574455226011,7195.703096097599,6145.911713119804,7667.818255404896,5500.784845610167,7028.384474591607,6265.544489112393,0.2867587327376117,-0.8284678238035581,-0.5600366639088878,-0.9916711623833996,-0.1287955965751828,1.0,35.0,16.0
1637941442.0,2.989040430108275,0.44153530636522276,97.62082807994334,3040.538502254779,635.8727581995872,5853.105078002009,2438.5387550155974,4818.89582762516,6857.118394238998,6299.81113996199,7574.835378152893,5708.278457288317,6947.902675010584,5805.811819363858,0.2871649065800162,-0.8291188951001767,-0.5590723189247185,-0.9948807088542284,-0.1010562969324932,1.0,36.0,15.0
1637941458.0,2.990451418287244,0.40769191710380714,87.4011746463483,3011.559014207768,659.2042814500016,5512.534017815562,2783.504939148943,4686.19085414254,6637.874905992439,6306.606181433312,7395.027118430484,5870.480623144895,6459.657656273495,5652.832160680709,0.2875710804224208,-0.8297688438737227,-0.5581072170617986,-0.9973144772270524,-0.0732381970923043,1.0,37.0,14.0
1637941474.0,2.9834590287649996,0.4051833584083849,93.25481866467895,2963.3973332776955,666.2153968607628,5615.636121748103,3825.4336390343633,5099.476469771413,6947.420505980912,6429.300034818529,7434.097240186269,6123.291074475521,6129.595683806794,6090.0074483038225,0.2879772542648253,-0.830417669276774,-0.5571413595784561,-0.9989705698036324,-0.0453629878447825,1.0,38.0,13.0
1637941490.0,2.9738866110300375,0.42923930784481623,110.75139182997066,2898.675000582535,660.0911488057404,6179.6290500698615,5051.893857366229,6040.437016012635,7678.805794201212,6801.386578429954,7965.079613495468,6456.239501245273,6084.562991374294,7149.576764391355,0.2883834281072299,-0.8310653703984567,-0.5561747478306398,-0.9998476951494588,-0.0174524068344393,1.0,39.0,12.0
1637941506.0,2.9625937353286087,0.47186276511293224,131.13965735325274,2835.9577948351575,648.4250179378732,6891.570310333789,6065.240105833769,7202.532776165965,8402.876289922591,7485.749189497819,8907.186841770148,6739.2717081602805,6294.1921505806895,8332.249770015835,0.2887896019496344,-0.8317119463862003,-0.5552073830907496,-0.9999451693670608,0.0104717839683795,1.0,40.0,11.0
1637941522.0,2.9606063060241197,0.5135032255195965,141.87519459282797,2789.066228724684,638.8763920492273,7391.936236133099,6428.335892452193,8288.240706992448,8700.1098200893,7895.1487361353,9707.759618895467,7015.202313486387,6568.052143525914,9026.007457002626,0.289195775792039,-0.8323573963565266,-0.5542392666805411,-0.9992629164246016,0.0383878087235946,1.0,41.0,10.0
1637941538.0,2.9640527408070234,0.5594038406324022,145.4401073872089,2783.084444218462,636.9903112449571,8038.15525563451,6736.641360038608,9459.406884824048,9273.53441133937,8399.816261969212,10540.753364622433,7996.293589823382,7458.313451205473,9309.892052190098,0.2896019496344435,-0.8330017194355904,-0.5532703999107037,-0.9978014682996617,0.0662739002854008,1.0,42.0,9.0
1637941554.0,2.9768993963932693,0.5923607463671537,144.65869113955185,2816.8733425852242,650.2636430333273,8814.588835801045,7489.340702941561,10248.593762296077,9855.003852549798,8790.183008230875,11313.584906333144,9327.49890325949,8661.197108570557,9316.522895256165,0.290008123476848,-0.8336449147430343,-0.5523007841050736,-0.995561964634246,0.0941083129888128,1.0,43.0,8.0
1637941570.0,2.992681562427489,0.6031483622435108,144.8721001867251,2826.3226733940687,663.0892386641385,9007.494254918984,7871.014405584774,10042.794182713667,9803.651944523288,8484.701363333155,11009.259519635529,9996.140148621811,9270.756987196986,8625.854479763242,0.2904142973192526,-0.8342869814321763,-0.5513304205399767,-0.9925461516512946,0.1218693433239281,1.0,44.0,7.0
1637941586.0,2.9988544611121326,0.5976157950940371,149.12365269454148,2805.609713307,668.3006974584262,8449.691579257695,7807.488746496692,9253.757418399426,9557.320295429723,7903.8036099794535,9722.82888609226,9850.819306060816,9433.53485221327,7718.38748412474,0.2908204711616572,-0.8349279186016312,-0.5503593105776879,-0.9887563810915896,0.1495353431489131,1.0,45.0,6.0
1637941602.0,2.995883812884445,0.6017690190449121,159.16619664154288,2800.748031322322,666.9424945229498,7806.689323227145,7637.976963261218,8750.920346779796,9516.11562976523,7873.973879239559,8443.403145923568,9322.319800478537,9632.73554439271,7310.914680686279,0.2912266450040617,-0.8355677254157264,-0.5493874554843687,-0.9841956079778847,0.1770847402715479,1.0,46.0,5.0
1637941618.0,2.989030595319345,0.6274737011670016,171.69805809769437,2822.1326614463733,664.5407904251211,7647.326808362233,7807.778179688539,9163.711762712242,9914.937799303805,8890.91846136461,8112.808712452057,9001.442733814118,10286.618266127993,7683.121089387549,0.2916328188464663,-0.8362064009762495,-0.5484148566243878,-0.9788673888159024,0.204496051582267,1.0,47.0,4.0
1637941634.0,2.984534924711298,0.6669871562709396,178.98983752848943,2863.703523984215,662.0655695785648,8009.563444918197,8009.017998903502,10223.25676160997,10523.356931529433,10387.202189947275,8745.96066781814,8969.097806221469,10904.202043653633,8497.788500736842,0.2920389926888708,-0.8368439444504765,-0.5474415152658482,-0.9727758782130546,0.2317479034788028,1.0,48.0,3.0
1637941650.0,2.9828832838297354,0.7004239980328542,179.67187852689347,2889.6750328158223,653.7268609137018,8412.096156597952,8105.477460332004,11183.920740872858,10969.10182898341,11373.968284080489,9597.31977333265,9095.126769636194,11001.119394677587,8940.076018423317,0.2924451665312754,-0.8374803549513244,-0.546467432763018,-0.9659258262286192,0.2588190453281202,1.0,49.0,2.0
1637941666.0,2.9881146777250507,0.7202467035686693,179.6991332542892,2882.857447170039,644.3135490815655,8988.39075705584,8515.833992287291,11865.816246501323,10992.03218586289,11755.001209372209,10604.17110250979,9775.057740601385,10743.282422940087,8990.261500264583,0.2928513403736799,-0.8381156316172284,-0.5454926104346918,-0.9583225744602084,0.2856883674214934,1.0,50.0,1.0
1637941682.0,3.0,0.077526,20.0,2816.0,1550.344192,333.954,330.771,337.023,337.023,338.6,356.36,356.36,356.36,358.195,0.2932575142160845,-0.8387497736119296,-0.5445170495640489,-0.9499720514413902,0.3123349187654763,0.0,0.0,0.0
1637941698.0,3.0,0.084987,30.0,2816.0,1594.220544,464.579,468.417,476.537,477.751,481.909,482.064,482.384,482.384,485.303,0.293663688058489,-0.8393827800451684,-0.5435407515206605,-0.9408807690949372,0.3387379198544492,0.0,0.0,0.0
1637941714.0,3.0,0.0,50.0,2816.0,1700.749312,1335.713,1338.987,1345.975,1349.646,1356.296,1357.686,1362.902,1362.902,1364.167,0.2940698619008935,-0.8400146500916124,-0.5425637175774528,-0.9310558159231191,0.3648767841830099,0.0,0.0,0.0
1637941730.0,3.0,0.0,60.0,2816.0,1750.966272,999.3,1001.276,1017.174,1020.387,1023.641,1033.811,1035.254,1035.372,1036.038,0.2944760357432981,-0.8406453828641914,-0.5415859491060648,-0.9205048536018472,0.3907311281372931,0.0,0.0,0.0
1637941746.0,3.0,0.364302,80.0,2816.0,1826.127872,1113.923,1121.44,1144.035,1144.751,1154.028,1155.557,1161.88,1162.388,1163.876,0.2948822095857026,-0.8412749775405375,-0.5406074473813398,-0.9092361091024488,0.4162807921394401,0.0,0.0,0.0
1637941762.0,3.0,0.341496,90.0,2816.0,1830.006784,1279.967,1277.698,1316.065,1317.977,1336.587,1336.984,1338.596,1338.808,1345.879,0.2952883834281072,-0.8419034332367749,-0.5396282137769776,-0.8972583698285708,0.4415058524782833,0.0,0.0,0.0
1637941778.0,3.0,0.378828,100.0,2816.0,1830.006784,2052.388,2055.587,2105.934,2108.329,2125.778,2134.052,2135.826,2137.101,2137.853,0.2956945572705118,-0.8425307491335046,-0.5386482495697315,-0.8845809752617289,0.4663866402514213,0.0,0.0,0.0
1637941794.0,3.0,0.390829,110.0,2816.0,432.463872,2277.743,2287.271,2320.176,2321.468,2324.739,2339.661,2354.018,2354.901,2355.779,0.2961007311129163,-0.8431569243500497,-0.5376675561353544,-0.8712138112754784,0.4909037533395474,0.0,0.0,0.0
1637941810.0,3.0,0.479693,130.0,2816.0,444.895232,2534.786,2528.797,2590.818,2603.84,2619.999,2623.691,2628.518,2633.953,2635.759,0.2965069049553209,-0.843781958062175,-0.5366861347647821,-0.8571673007366151,0.5150380748526319,0.0,0.0,0.0
1637941826.0,3.0,0.479693,140.0,2816.0,451.989504,1968.552,1978.738,2020.93,2025.019,2039.747,2048.175,2073.402,2073.586,2074.354,0.2969130787977254,-0.8444058494158372,-0.535703986798977,-0.8424523971597868,0.5387707847681877,0.0,0.0,0.0
1637941842.0,3.0,0.520976,150.0,2816.0,458.30144,6977.978,7003.961,7040.513,7043.146,7058.825,7065.388,7070.081,7070.438,7077.283,0.29731925264013,-0.8450285975663775,-0.5347211135676252,-0.8270805742936548,0.5620833778240362,0.0,0.0,0.0
1637941858.0,3.0,0.642297,160.0,2816.0,467.427328,3180.691,3186.601,3257.52,3264.008,3298.397,3299.806,3313.773,3314.583,3318.88,0.2977254264825345,-0.8456502016629186,-0.5337375164137005,-0.8110638191357343,0.5849576747842162,0.0,0.0,0.0
1637941874.0,3.0,0.38686,170.0,2816.0,475.734016,3188.111,3181.826,3264.993,3270.854,3306.374,3312.393,3324.789,3325.817,3328.565,0.2981316003249391,-0.846270660887199,-0.5327531966319332,-0.7944146205359925,0.6073758397225354,0.0,0.0,0.0
1637941890.0,3.0,0.534789,180.0,2816.0,535.445504,7629.111,7631.408,7698.288,7702.023,7721.535,7728.539,7731.787,7732.678,7735.405,0.2985377741673436,-0.8468899743836449,-0.5317681555795433,-0.7771459613006501,0.6293203912428775,0.0,0.0,0.0
1637941906.0,3.0,0.524313,190.0,2816.0,538.370048,8941.239,8953.743,9016.356,9042.759,9065.529,9073.265,9078.217,9079.271,9080.964,0.2989439480097481,-0.8475081412983473,-0.5307823946147994,-0.759271307314006,0.650774217290206,0.0,0.0,0.0
1637941922.0,2.9960484222235304,0.5581456804882096,145.79619914027325,2776.1447950899396,599.567567660384,7536.52738299396,7740.7294412588435,11189.610523752766,10019.102348448596,8544.728458899286,8238.09057253821,10037.509795973041,8381.276761539342,7274.493371776491,0.2993501218521527,-0.8481251608176127,-0.5297959150353073,-0.7408045960977153,0.6717205895314665,1.0,1.0,12.0
1637941938.0,2.9904913082263933,0.5540524148429742,139.6218427240368,2821.5946708176684,619.9503404339166,7742.198850977307,8538.662265525125,11094.84217221662,10013.776823444103,9347.970564978405,8666.548552395729,10169.194151338601,8349.476626786625,7541.73022613588,0.2997562956945572,-0.8487410320983478,-0.5288087181889414,-0.7217602283756084,0.6921431735812972,1.0,2.0,11.0
1637941954.0,2.9924382042766866,0.5472667592466944,138.43767244741616,2896.5770745832065,647.150820383204,8828.24545330112,9858.67098635387,10785.844738651096,10395.462114958927,10457.997745897734,9527.541437456905,10301.022817987101,8612.760112575446,7601.288852613985,0.3001624695369618,-0.8493557543067524,-0.5278208054122229,-0.7021530531028349,0.7120260458848169,1.0,3.0,10.0
1637941970.0,2.992520812978683,0.5332090331705557,140.04607591973826,2946.980436613204,658.2482961493972,9741.999050798171,10400.49854290636,9950.231815072439,10257.831756508469,10660.632207859355,9760.009157277509,9930.525586374573,8602.126619260423,7250.760629036573,0.3005686433793664,-0.8499693266029151,-0.5268321780550113,-0.6819983603312998,0.7313537013685093,1.0,4.0,9.0
1637941986.0,2.989424114658292,0.5259263067937929,143.35881081141736,2963.085564403277,647.2601055078594,10021.082074484435,10070.491744084411,9289.054396217365,9775.917797184153,10103.422715483282,9452.001286522558,9403.40663808705,8489.295264027842,6630.254488707296,0.3009748172217709,-0.8505817481791472,-0.5258428374186587,-0.6613118654123131,0.7501110695522942,1.0,5.0,8.0
1637942002.0,2.987874540555748,0.5434701641990517,148.69433756035892,2936.2196613933384,628.5218432175122,9802.517069594618,9660.690061716046,9674.900809201463,9458.164150647834,9809.626759447938,9243.651453291692,9325.805568291406,8956.618310160426,6156.2446262124195,0.3013809910641755,-0.8511930181756818,-0.5248527848920813,-0.6401096997419592,0.768283523379396,1.0,6.0,7.0
1637942018.0,2.9877736370313337,0.5930695427388849,157.8494381737758,2904.2651487042085,616.8286452572689,9644.976956244216,9985.294928710582,11172.073538650302,9896.787124297192,10403.655981505257,9780.978324944841,10125.444916223147,10191.663221087729,6279.479668648826,0.30178716490658,-0.8518031357955272,-0.5238620217661388,-0.6184083954244894,0.785856893122729,1.0,7.0,6.0
1637942034.0,2.9907425227520448,0.6652928597759042,169.94404945804348,2893.89796724861,620.5028986961544,10006.790480316075,11449.352701675856,13164.753122721544,11025.978930566527,11817.605147562062,11265.110424963976,11592.681575322365,11959.168215691414,7221.559392472967,0.3021933387489846,-0.8524121001821511,-0.5228705494317445,-0.5962248752076607,0.8028174750113561,1.0,8.0,5.0
1637942050.0,2.998231661646859,0.724869567586271,181.4529708004698,2906.0930846552296,634.9208934330139,10905.594411316864,13523.713305769941,14865.21597835679,12390.33640123341,13226.856766960034,13396.690500199998,13082.54816360827,13336.730708855961,8966.148329787553,0.3025995125913891,-0.8530199105415677,-0.521878369181609,-0.5735764363937668,0.8191520442590785,1.0,9.0,4.0
1637942066.0,2.999653127929805,0.7474573909766584,188.11803253767292,2907.3814897443244,645.4205492787411,11489.740920158827,14653.384601486841,15202.09341753069,13089.683850288538,13292.09015534489,14488.329523195842,13574.427287580093,13523.03131423212,10121.486301363379,0.3030056864337936,-0.8536265660204839,-0.5208854824086351,-0.5504807403091285,0.8348478631156181,1.0,10.0,3.0
1637942082.0,2.994558566263623,0.7320336956375821,189.07826458247825,2885.988035367446,640.6578112891057,11058.108601193408,13909.803019942383,14055.061906576888,12872.873474800852,12004.32984214398,13715.98453131665,12737.280941722307,12605.977530488331,9994.879454781436,0.3034118602761982,-0.8542320658203589,-0.5198918904198083,-0.5269557955129358,0.8498926929767834,1.0,11.0,2.0
1637942098.0,2.983202786688197,0.6784476578205934,179.20846955065312,2842.6889990678146,628.6770963776584,9568.936190650984,11276.155879674392,11866.598626395727,11711.040496527765,9922.09122532628,11306.986219372156,10988.63108726864,11012.066621572387,8638.685551437244,0.3038180341186027,-0.8548364091138395,-0.5188975945727214,-0.5030199468337277,0.8642748018352691,1.0,12.0,1.0
1637942114.0,3.0,0.116351,20.0,2560.0,678.801408,345.124,339.592,360.256,360.256,361.016,361.189,361.189,361.189,361.504,0.3042242079610073,-0.8554395950827326,-0.5179025962135066,-0.4786918579284092,0.877982975434631,0.0,0.0,0.0
1637942130.0,3.0,0.018223,30.0,2560.0,722.69824,447.802,448.48,456.8,457.924,459.665,460.658,460.974,460.974,464.236,0.3046303818034118,-0.8560416229179336,-0.5169068966767907,-0.453990499505003,0.891006524307874,0.0,0.0,0.0
1637942146.0,3.0,0.046967,50.0,2560.0,845.103104,780.508,787.733,798.267,799.066,801.661,803.377,815.72,815.72,816.303,0.3050365556458164,-0.8566424917818183,-0.5159104973479774,-0.4289351333607656,0.9033352928834244,0.0,0.0,0.0
1637942162.0,3.0,0.046967,60.0,2560.0,895.115264,916.302,925.165,933.895,935.06,947.508,948.309,948.423,949.071,950.263,0.3054427294882209,-0.857242200890956,-0.5149133995262015,-0.4035452960813266,0.914959667969378,0.0,0.0,0.0
1637942178.0,3.0,0.317442,80.0,2560.0,951.88992,1151.112,1163.129,1189.169,1190.308,1201.145,1203.498,1204.796,1204.804,1205.861,0.3058489033306255,-0.857840749403427,-0.5139156046112695,-0.377840787175597,0.9258705846642528,0.0,0.0,0.0
1637942194.0,2.981444448040535,0.5508771264247045,133.61752547233974,2922.7963363459985,637.9927783099704,7850.814966656856,7473.043150979347,9557.12004880127,9378.620650302117,8311.80070065792,7576.180317680812,9012.178130669206,7875.554955135025,7527.5298624439365,0.3062550771730301,-0.8584381365388261,-0.5129171139041354,-0.351841648532363,0.9360595356909884,1.0,1.0,12.0
1637942210.0,2.967870394809352,0.5432340784631718,129.16566412819367,2924.4060084143725,620.0890258364516,7574.358073439624,6763.860396378297,8578.952442915423,8548.465572857423,7160.52670820614,6858.533712985705,8376.942160180206,7745.113638060182,7172.171941454828,0.3066612510154346,-0.8590343614584927,-0.5119179288065614,-0.3255681547906419,0.9455185754844886,1.0,2.0,11.0
1637942226.0,2.9660350257942745,0.5125234991919734,115.273383000327,2940.852939626667,614.1773652293805,6700.936888237487,5375.1254562377435,7302.601419446273,7008.509810394049,6368.968434251588,5983.609681746297,7247.184249220183,7339.125042213231,6403.474946970306,0.3070674248578391,-0.8596294233776167,-0.5109180506338235,-0.2990407923547159,0.9542403284853684,1.0,3.0,10.0
1637942242.0,2.9763951563660487,0.47052000953032225,99.38553237355863,2951.850204822291,630.547583368725,5671.679125537985,4160.612054760853,6164.755420646914,5505.9928287051625,6199.189566747256,5402.727079709257,6334.515721211368,6890.469918345929,5397.602944017111,0.3074735987002437,-0.8602233214756863,-0.5099174807646215,-0.2722802473481746,0.9622179934422432,1.0,4.0,9.0
1637942258.0,2.9943999802921306,0.43567132215866633,92.16141116195091,2954.1387346826778,655.9165555086122,4844.93272870255,3973.7699973020426,5676.269290461856,4449.789459850883,6476.474791265116,5451.495379589476,6155.568491639668,6628.5293237732185,4734.2435398286125,0.3078797725426482,-0.8608160549709103,-0.5089162205160284,-0.2453073859469898,0.9694453498778848,1.0,5.0,8.0
1637942274.0,3.0070733880519716,0.42124906190798916,97.64104485431966,2906.2406261624933,673.2773072183082,4340.2857914374235,4671.855760164604,5414.83270905588,3767.820592856273,6756.55626292456,5532.248719237245,6480.0812116554625,6479.4522940010065,4447.844651876976,0.3082859463850528,-0.8614076230311615,-0.5079142712936942,-0.2181432416762947,0.9759167618762152,1.0,6.0,7.0
1637942290.0,3.005556125108577,0.42230601312315463,110.36727311682058,2798.3463584965994,674.3056854856319,3989.479350794869,5087.852544469104,5383.593110745591,3592.577130003783,6990.958270986921,5586.7534462752155,6734.28584623889,6507.434975541137,4539.390187729845,0.3086921202274573,-0.8619980248851362,-0.5069116344039897,-0.1908089954131731,0.981627183440544,1.0,7.0,6.0
1637942306.0,2.99708894024854,0.45010775472260134,127.41892927310224,2654.5326969496355,665.5415771684646,4122.706201357751,5395.214583013158,5909.200433378019,4209.327942555656,7595.916870705418,5951.207289657468,6980.9732875130085,7076.606533662369,4944.051295612913,0.3090982940698619,-0.8625872597039806,-0.5059083112544974,-0.1633259624918497,0.9865721615655444,1.0,8.0,5.0
1637942322.0,2.9960598961439486,0.4939896150549951,140.71955993255597,2522.179060460628,657.7292586990701,4979.6611050823885,5728.130493320825,7106.420201455541,5800.07678836718,8686.445210058668,6908.142909679418,7520.031671857509,8170.137469129592,5477.916567787974,0.3095044679122664,-0.8631753267194331,-0.5049043031533796,-0.1357155724385559,0.9907478404708612,1.0,9.0,4.0
1637942338.0,3.01034020354575,0.5361362912946145,143.52837831287655,2452.1911517068593,659.9064525569715,6462.167184434191,6392.024958996686,8213.141503374032,7537.591292514993,9730.641751930985,8177.666130082696,8019.515938504207,9072.464357066816,6013.410120245002,0.309910641754671,-0.8637622251059176,-0.5038996115101441,-0.1079993559253431,0.9941509639484896,1.0,10.0,3.0
1637942354.0,3.03099275798379,0.5629238948626751,139.95432820235476,2435.640543545898,668.2380011250375,8077.16413266255,7222.786897002081,8787.667800706744,8814.07420067881,10310.337577009133,9360.61908545825,8501.033760105474,9609.311755541958,6167.484592953355,0.3103168155970755,-0.8643479540982189,-0.5028942376347371,-0.0801989243002202,0.9967788784585514,1.0,11.0,2.0
1637942370.0,3.045835728112821,0.5709785886830561,137.03635218801605,2451.925782358214,670.4528363288808,9075.69850923455,7997.874205202077,9011.652693618367,9132.55234115654,10231.15946875996,9650.795361560584,8793.24243040276,9641.097024340253,5934.079164863486,0.3107229894394801,-0.8649325128813465,-0.5018881829259972,-0.0523359559652517,0.9986295347691272,1.0,12.0,1.0
1637942386.0,3.0,0.057257,20.0,2304.0,554.012672,334.444,335.99,338.331,338.331,341.198,345.029,345.029,345.029,345.292,0.3111291632818846,-0.8655159006639369,-0.5008814487460024,-0.0244321780909177,0.999701489782692,0.0,0.0,0.0
1637942402.0,3.0,0.05228,30.0,2304.0,598.020096,461.139,463.566,469.283,469.654,476.739,477.072,478.84,478.84,478.936,0.3115353371242892,-0.8660981166780335,-0.4998740364199399,0.0034906517263175,0.9999939076567044,0.0,0.0,0.0
1637942418.0,3.0,0.063039,50.0,2304.0,720.330752,1182.895,1184.024,1192.918,1193.037,1202.827,1204.388,1206.612,1206.612,1216.076,0.3119415109666937,-0.8666791601062747,-0.4988659473620966,0.0314107587074263,0.9995065603773812,0.0,0.0,0.0
1637942434.0,3.0,0.053342,60.0,2304.0,770.41664,994.92,994.238,1006.11,1006.397,1011.641,1014.116,1024.014,1025.79,1026.254,0.3123476848090983,-0.867259030191079,-0.4978571828868487,0.0593063734546325,0.9982398279309735,0.0,0.0,0.0
1637942450.0,3.0,0.251371,70.0,2304.0,822.448128,1267.345,1264.335,1293.791,1300.007,1318.112,1321.86,1323.537,1324.174,1326.706,0.3127538586515028,-0.8678377261183778,-0.4968477444103811,0.0871557424110814,0.9961946981211922,0.0,0.0,0.0
1637942466.0,3.0,0.422716,90.0,2304.0,835.301376,1408.73,1408.431,1445.394,1447.712,1454.553,1458.848,1466.389,1467.337,1468.626,0.3131600324939074,-0.8684152471336506,-0.4958376332488293,0.1149371504049328,0.9933727656105708,0.0,0.0,0.0
1637942482.0,3.0,0.336332,100.0,2304.0,835.530752,1437.461,1447.774,1471.322,1472.923,1479.463,1487.923,1490.477,1490.605,1490.927,0.3135662063363119,-0.8689915924261266,-0.494826850820269,0.1426289334037884,0.989776230951268,0.0,0.0,0.0
1637942498.0,3.0,0.336332,110.0,2304.0,431.611904,1671.552,1677.373,1712.816,1715.665,1726.47,1729.257,1731.21,1731.245,1735.436,0.3139723801787165,-0.8695667612371639,-0.4938153984552417,0.1702094991113445,0.9854078984929364,0.0,0.0,0.0
1637942514.0,2.9838557162102366,0.5324178720777741,135.3701792366722,2296.604232203756,648.4396806174127,7554.651009005267,5727.987624170806,9078.598837745008,6551.409768563108,9265.101261963318,6590.591045856414,9661.956714563705,7925.224586517618,6476.382621650466,0.314378554021121,-0.8701407527808521,-0.4928032775357445,0.1976573401126715,0.9802711746754486,1.0,1.0,11.0
1637942530.0,2.983096172641179,0.5549977531663548,142.92547266860998,2287.724779664514,656.3219197331077,8233.676335189122,6612.084709650047,9219.106606684561,7480.5689212422585,10496.623462555328,6810.910964729175,9747.781050040136,8517.525092060236,7205.564079018141,0.3147847278635255,-0.8707135662800897,-0.4917904894320424,0.2249510543219657,0.9743700647902912,1.0,2.0,10.0
1637942546.0,2.9855614792747853,0.5760743366392527,146.25385105244715,2343.68838612804,658.2180289539682,8840.588389682423,7416.332104021016,9041.99284848116,8345.64930474661,11189.524282441631,7252.363215301875,9456.558403616,8887.160235198,7969.493954594953,0.3151909017059301,-0.8712852009522286,-0.4907770355279825,0.2520693580120298,0.967709170542164,1.0,3.0,9.0
1637942562.0,2.9846344138238634,0.5897797374969593,149.8579257549235,2404.1777021801804,650.9461533064913,9038.860624210105,7969.353335314378,8811.692083449223,8839.661447456063,10999.862538100888,7766.904136334232,9072.548557153907,8605.786741122047,8507.436123366417,0.3155970755483346,-0.8718556560447834,-0.489762917157598,0.2789911060493577,0.9602936856740004,1.0,4.0,8.0
1637942578.0,2.9836251009848755,0.5831438850885268,149.8594008580859,2402.413252717224,629.0684935971912,8226.535157236864,7725.73680192115,8449.926786172691,8320.375469597595,9802.34463375784,7519.879861070574,8523.561804287681,7675.195337925445,8237.160184234177,0.3160032493907392,-0.8724249307569034,-0.4887481357445901,0.3056953047671839,0.9521293928050424,1.0,5.0,7.0
1637942594.0,2.987138522048561,0.5572419822223438,144.00060553905644,2337.9700572106312,605.1092043114555,6752.402640234255,6724.859581684515,8285.02223146948,7021.434485587779,8424.361097989768,7010.044989951744,7648.178233024932,6393.302849296639,7549.2538971647755,0.3164094232331438,-0.8729930243463514,-0.4877326926120606,0.3321611319247993,0.9432226579331288,1.0,6.0,6.0
1637942610.0,2.990172836434513,0.5252460179827807,132.17932300973155,2266.2076132740276,596.746682170698,5490.657809030377,5571.423357655738,8353.392288471445,5924.103104011614,7516.772183736823,6675.875816197235,6645.93389554492,5397.181080178827,6953.780397608738,0.3168155970755483,-0.8735599360297569,-0.4867165891601466,0.3583679498187568,0.9335804263922316,1.0,7.0,5.0
1637942626.0,2.987200134886198,0.4945709583679285,117.26862880887957,2243.1810062942077,611.3985734029272,5186.867972516789,5176.661732403309,8371.408338404632,5679.19138886295,7309.757058369241,6618.336925399226,6390.491776226221,5431.437194484994,6832.596814842649,0.3172217709179529,-0.8741256650254682,-0.4856998267899455,0.3842953223006112,0.9232102172624984,1.0,8.0,4.0
1637942642.0,2.990198736474535,0.45682380778961884,100.64790623852609,2282.336245664812,644.2254231667273,5503.518088187006,5399.662001122779,7905.721493464537,5952.303350695309,7472.932747309265,6817.139050259473,6394.082835533081,5956.756664720731,6794.556519488118,0.3176279447603574,-0.8746902105888179,-0.4846824068398701,0.4099230337141248,0.9121201162295504,1.0,9.0,3.0
1637942658.0,3.002384061989864,0.4093765975184006,86.49361164549222,2342.126394606232,679.9912732606497,6250.130552661574,5955.871924048875,7010.024697418914,6445.179298981286,7564.573898650524,7054.4019872551235,6572.034131443963,6567.021437352663,6671.636847928241,0.318034118602762,-0.8752535719413725,-0.4836643307128081,0.4352310990517722,0.900318771557156,1.0,10.0,2.0
1637942674.0,3.0113582804506795,0.3634073248947124,77.16729733398344,2365.773847937777,699.6741867073441,6528.015065585003,5869.836368233993,5948.966211950887,6374.721645010039,6689.524933427201,6574.096340909497,6554.164926190042,6578.683159181866,6124.331447946313,0.3184402924451665,-0.875815748341537,-0.4826455997488774,0.4601997846891177,0.8878153851855067,1.0,11.0,1.0
1637942690.0,3.0,0.004275,10.0,2048.0,507.662336,285.252,285.17,285.982,285.982,286.227,286.227,286.227,286.227,313.139,0.3188464662875711,-0.8763767390000827,-0.4816262153782546,0.484809619963814,0.8746197072960009,0.0,0.0,0.0
1637942706.0,3.0,0.041497,30.0,2048.0,616.153088,470.595,470.958,475.834,478.34,485.193,485.398,485.797,485.797,489.031,0.3192526401299756,-0.8769365431855736,-0.480606178930043,0.5090414156869502,0.8607420270414509,0.0,0.0,0.0
1637942722.0,3.0,0.041497,40.0,2048.0,649.576448,625.079,627.055,635.288,637.293,642.147,644.04,647.891,647.891,651.201,0.3196588139723801,-0.8774951601121114,-0.4795854918362522,0.5328762758253328,0.8461931662820988,0.0,0.0,0.0
1637942738.0,3.0,0.10729,60.0,2048.0,788.426752,912.505,914.202,935.962,937.473,943.296,952.769,953.156,961.336,962.412,0.3200649878147847,-0.8780525890513549,-0.478564155427684,0.5562956154665175,0.8309844692969469,0.0,0.0,0.0
1637942754.0,3.0,0.250322,70.0,2048.0,844.361728,1172.564,1180.578,1188.344,1192.274,1198.982,1202.516,1202.685,1203.231,1209.535,0.3204711616571892,-0.8786088292207404,-0.4775421711381729,0.5792811721332083,0.8151277958774172,0.0,0.0,0.0
1637942770.0,3.0,0.361771,90.0,2048.0,853.102592,2439.907,2442.543,2479.266,2487.136,2497.627,2503.653,2504.427,2507.739,2507.996,0.3208773354995938,-0.8791638798950254,-0.4765195403002119,0.6018150231459493,0.7986355100518888,0.0,0.0,0.0
1637942786.0,3.0,0.391688,100.0,2048.0,853.52448,1779.766,1785.025,1814.822,1817.172,1822.147,1825.581,1827.335,1827.577,1827.581,0.3212835093419984,-0.8797177402949853,-0.4754962643494528,0.6238795965343598,0.7815204725585405,0.0,0.0,0.0
1637942802.0,3.0,0.375684,110.0,2048.0,435.4048,1547.186,1550.734,1590.62,1593.874,1600.373,1604.549,1608.695,1609.084,1609.982,0.3216896831844029,-0.880270409691576,-0.4744723446328825,0.64545768774334,0.7637960286182568,0.0,0.0,0.0
1637942818.0,3.0,0.519861,120.0,2048.0,442.396672,1768.414,1771.731,1835.834,1837.078,1848.031,1852.312,1860.158,1860.277,1860.553,0.3220958570268075,-0.8808218873227395,-0.473447782562351,0.666532470107116,0.7454759998101257,0.0,0.0,0.0
1637942834.0,3.0388707764179355,0.6391783522143847,181.42967896777688,2005.0957981543831,633.3856252637407,8873.977322871366,8642.555233461688,12517.787651636423,12782.717250917449,9931.753688888559,9922.151153311372,11449.696036161942,11072.633926668375,7169.8472429700705,0.322502030869212,-0.8813721724625236,-0.4724225794865138,0.6870875108468609,0.7265746709308444,1.0,1.0,12.0
1637942850.0,3.051637989205342,0.6349370267772787,173.37267474300236,2005.0412482278175,646.1685920970294,7794.138833851455,8597.640744424694,12127.026731546186,11736.931882399876,10218.479806256728,9748.16477270567,10801.795357030878,11196.046124960736,7484.319715235242,0.3229082047116166,-0.8819212643521132,-0.4713967368189667,0.7071067814041597,0.7071067809689353,1.0,2.0,11.0
1637942866.0,3.061365053708704,0.6221268553099099,168.67490121648376,2009.4351485480997,661.5790789957412,7487.465427249686,9087.215756803907,11577.112196845077,10836.954010436011,10385.055182126525,9851.758554078493,10077.329800277399,10884.425368954384,7961.873627658909,0.3233143785540211,-0.8824691622344276,-0.4703702559742351,0.7265746707138468,0.6870875110763294,1.0,3.0,10.0
1637942882.0,3.059674959331178,0.5948360242703069,168.76930781887785,1995.7450101834697,662.55564556113,7579.127481120718,9196.75144035089,10788.173963595313,10145.420834344528,10038.616376794685,9757.86914300104,9370.59656983565,10282.686840598171,8219.835852056054,0.3237205523964256,-0.8830158653951017,-0.4693431382906749,0.7454759995996199,0.6665324703425539,1.0,4.0,9.0
1637942898.0,3.0484016298321204,0.5518271068916627,168.17815675843212,1965.324345164788,648.8952725463455,7601.911503299747,8354.705302755261,9790.74801328939,9712.30450918502,9383.192881230607,9296.48862869583,8316.480687521289,9543.20037856876,8286.71554391153,0.3241267262388302,-0.8835613730666294,-0.4683153852102368,0.7637960284144069,0.6454576879845638,1.0,5.0,8.0
1637942914.0,3.0369485246214434,0.5307626146178789,172.1376480883875,1934.0070718825207,634.3075546181448,8121.0058534500895,7608.6900191380755,9604.736189551852,10032.971585709287,9464.78660537035,9201.935416893735,8008.980595487702,9225.070192769923,8355.589073646524,0.3245329000812347,-0.8841056845309619,-0.4672869980858009,0.7815204723615055,0.6238795967811813,1.0,6.0,7.0
1637942930.0,3.036939430085444,0.5322222503107044,174.9461890198374,1947.343534193853,622.2203586857203,8526.220741066203,7089.001022685399,9843.264761779652,10392.125857448857,9743.386400257561,9102.702781513148,8164.1387603962075,9106.136363247155,8320.944126825168,0.3249390739236393,-0.8846487990443505,-0.4662579783225038,0.7986355098618222,0.601815023398176,1.0,7.0,6.0
1637942946.0,3.04890311594219,0.5608887103896779,178.64398826290076,2015.4632363155188,618.7107339597376,9072.369038944777,7594.627260906105,10563.729464966014,10997.409327969866,10349.258514978486,9383.878117938766,9186.595967914058,9577.968129472945,8441.483336876932,0.3253452477660438,-0.8851907158714969,-0.4652283273134891,0.8151277956944674,0.5792811723906438,1.0,8.0,5.0
1637942962.0,3.0601306290723893,0.5922699298046058,182.94268627006613,2085.205574135166,616.9589825648836,9395.36953718211,8594.56474699219,10924.790527675137,11287.207831788162,10540.318073433718,9537.0711885318,10381.188045342318,10016.89906090403,8545.881010434849,0.3257514216084484,-0.8857314342719692,-0.4641980464656441,0.8309844691212565,0.5562956157289609,1.0,9.0,4.0
1637942978.0,3.0611086706313437,0.6018197419436577,188.72206878608745,2100.813014065808,611.4790361947361,9163.761951395787,9108.690468008377,10412.9509908355,10975.674200643049,9773.719306943914,9209.568506010059,10929.101444331554,9918.306192933776,8473.332077871604,0.326157595450853,-0.8862709535339781,-0.4631671371351525,0.8461931661138047,0.5328762760925795,1.0,10.0,3.0
1637942994.0,3.0506348142969,0.5891794723387384,192.08058967764921,2066.464978951749,601.2101730654979,8702.883444691695,8736.855030626768,8820.324516646531,10158.244129839972,8296.089604223864,8183.497916672908,10482.389274473702,9371.052626363313,7971.5621431722775,0.3265637692932575,-0.8868092729001028,-0.4621356007692882,0.8607420268806842,0.5090414159587916,1.0,11.0,2.0
1637943010.0,3.0375697642680426,0.569916085855214,190.7078235311891,2010.6740736449806,589.0998058183268,8240.574854744384,7621.434932624189,6948.350428553891,9132.071405758572,7070.383325364799,6885.929115653378,9400.745240735967,8732.079837498415,7204.029976286727,0.3269699431356621,-0.8873463916684668,-0.4611034387129984,0.8746197071428872,0.4848096202400384,1.0,12.0,1.0
1637943026.0,3.0,0.023226,10.0,1792.0,518.443008,425.979,426.285,431.316,431.316,433.86,433.86,433.86,433.86,433.964,0.3273761169780666,-0.8878823090850193,-0.4600706524153157,0.8878153850401653,0.4601997849695096,0.0,0.0,0.0
1637943042.0,3.0,0.055005,30.0,1792.0,626.91328,461.391,460.297,466.856,466.908,472.735,476.639,477.05,477.05,478.239,0.3277822908204711,-0.8884170244510156,-0.459037243222817,0.9003187714197003,0.4352310993361129,0.0,0.0,0.0
1637943058.0,3.0,0.076968,40.0,1792.0,660.3776,635.119,631.939,646.877,647.076,651.393,654.333,654.418,654.418,658.243,0.3281884646628757,-0.8889505370157789,-0.4580032125862858,0.9121201161000876,0.4099230340021927,0.0,0.0,0.0
1637943074.0,3.0,0.012773,60.0,1792.0,798.961664,1259.537,1256.975,1293.791,1294.915,1298.972,1300.215,1300.379,1300.457,1300.895,0.3285946385052802,-0.8894828460770501,-0.456968561866865,0.9232102171411292,0.3842953225921816,0.0,0.0,0.0
1637943090.0,3.0,0.290628,70.0,1792.0,854.654976,3367.064,3379.776,3388.409,3394.704,3397.874,3398.764,3402.101,3404.508,3414.776,0.3290008123476848,-0.8900139509141148,-0.4559332924652987,0.9335804266128072,0.3583679492441378,0.0,0.0,0.0
1637943106.0,3.0,0.33542,80.0,1792.0,859.62752,1136.543,1141.574,1164.879,1168.552,1180.988,1189.65,1191.717,1194.075,1194.391,0.3294069861900893,-0.8905438507880301,-0.4548974058220456,0.9432226578282248,0.33216113222269,0.0,0.0,0.0
1637943122.0,3.0,0.477527,100.0,1792.0,428.58496,1373.566,1381.824,1405.816,1407.305,1421.132,1425.02,1429.132,1431.594,1434.31,0.3298131600324939,-0.8910725450078968,-0.4538609032877251,0.952129392708497,0.3056953050678876,0.0,0.0,0.0
1637943138.0,3.0,0.477527,110.0,1792.0,436.71552,1543.632,1537.264,1585.193,1585.998,1595.173,1608.447,1610.92,1616.01,1618.914,0.3302193338748984,-0.8916000328314913,-0.4528237863174633,0.9602936855858888,0.2789911063526398,0.0,0.0,0.0
1637943154.0,3.0,0.352226,120.0,1792.0,442.380288,1733.584,1746.816,1775.879,1780.75,1797.64,1802.993,1805.413,1808.007,1811.45,0.330625507717303,-0.8921263135710595,-0.4517860562634836,0.9677091704625548,0.2520693583176539,0.0,0.0,0.0
1637943170.0,3.0,0.346443,140.0,1792.0,453.996544,3242.394,3222.749,3319.016,3333.119,3345.785,3358.222,3360.796,3363.08,3365.858,0.3310316815597076,-0.8926513864877661,-0.4507477145826353,0.9743700647192464,0.2249510546296934,0.0,0.0,0.0
1637943186.0,3.0,0.591882,150.0,1792.0,464.297984,2909.17,2910.165,2987.69,2992.213,3000.4,3016.883,3024.633,3024.966,3026.002,0.3314378554021121,-0.8931752508970054,-0.4497087626287387,0.980271174613024,0.197657340422263,0.0,0.0,0.0
1637943202.0,3.0,0.47938,160.0,1792.0,471.47008,3107.491,3114.095,3227.177,3231.519,3254.467,3256.636,3257.039,3262.914,3266.526,0.3318440292445166,-0.8936979060633345,-0.4486692018603586,0.9854078984391804,0.1702094994225582,0.0,0.0,0.0
1637943218.0,3.0,0.622327,170.0,1792.0,480.088064,5983.258,5992.13,6046.504,6055.426,6079.975,6090.716,6100.286,6101.926,6104.748,0.3322502030869212,-0.8942193512987863,-0.4476290336459173,0.9897762309062226,0.1426289337163818,0.0,0.0,0.0
1637943234.0,3.0,0.507196,180.0,1792.0,546.455552,2717.775,2730.404,2800.706,2817.093,2851.415,2855.77,2867.218,2867.25,2868.383,0.3326563769293257,-0.8947395858843566,-0.4465882594196694,0.993372765574271,0.114937150718662,0.0,0.0,0.0
1637943250.0,3.0,0.600781,190.0,1792.0,557.330432,2871.74,2870.679,2929.786,2942.434,2976.733,2997.461,3015.666,3018.344,3022.63,0.3330625507717303,-0.8952586091352195,-0.4455468805516118,0.9961946980936665,0.0871557427257019,0.0,0.0,0.0
1637943266.0,3.0,0.629792,200.0,1792.0,565.194752,7592.76,7584.002,7673.675,7702.211,7726.265,7737.505,7746.227,7749.361,7760.575,0.3334687246141348,-0.8957764203227281,-0.4445048985037163,0.9982398279122432,0.0593063737698989,0.0,0.0,0.0
1637943282.0,3.0,0.628946,210.0,1792.0,576.483328,11836.517,11829.056,11925.881,11939.05,11966.875,11986.768,11988.634,11990.771,11995.218,0.3338748984565394,-0.896293018771745,-0.4434623146345496,0.9995065603674612,0.0314107590230928,0.0,0.0,0.0
1637943298.0,3.0,0.812504,220.0,1792.0,586.825728,11406.797,11402.069,11476.271,11483.68,11526.453,11546.176,11548.196,11549.102,11554.295,0.3342810722989439,-0.8968084037570276,-0.4424191304077753,0.9999939076572276,0.0034906515764794,0.0,0.0,0.0
1637943314.0,2.9635601994198604,0.814932177288636,248.27691973030545,2065.3550483870995,590.3860974079447,13271.339794743242,13007.04519128026,13170.084919696352,13185.917601633544,12405.122480664058,14538.540908513358,13540.365644114076,11646.359112453461,7416.80370532437,0.3346872461413485,-0.8973225746066019,-0.4413753471835274,0.9997014897790312,-0.024432178240712,1.0,1.0,1.0
1637943330.0,3.0,0.521919,230.0,1792.0,598.540288,10238.277,10230.656,10320.053,10333.494,10381.972,10387.609,10410.34,10411.203,10412.989,0.335093419983753,-0.8978355306050408,-0.440330966414088,0.9986295347369144,-0.0523359565799085,0.0,0.0,0.0
1637943346.0,3.0,0.807389,240.0,1792.0,609.85344,11523.903,11519.885,11605.635,11614.27,11656.659,11662.864,11678.363,11681.964,11686.071,0.3354995938261575,-0.8983472710643146,-0.439285989500347,0.99677887848388,-0.0801989239854152,0.0,0.0,0.0
1637943362.0,2.965502078934671,0.8175154013233868,259.8841782007937,2115.9981252561606,654.6708485035299,15209.088924375332,15968.700809715849,14837.145435599828,15508.615080703748,16743.988320237033,16301.517147403909,15660.421527387787,13093.587029673883,10186.542542355146,0.3359057676685621,-0.8988577952916005,-0.4382404178570516,0.9941509639825982,-0.1079993556113681,1.0,1.0,2.0
1637943378.0,2.9698749292440496,0.8129048729062043,259.9266602470415,2069.1679919894577,654.2615028799185,15351.335515350605,15909.206739454845,14925.533128524206,15785.28680673619,16982.649684835113,16360.944263327585,15957.642343769854,13271.037901411953,10241.568874212779,0.3363119415109667,-0.8993671025893609,-0.4371942529128418,0.9907478405137232,-0.1357155721256557,1.0,2.0,1.0
1637943394.0,3.0,0.903149,260.0,1792.0,635.35104,11467.677,11465.274,11605.758,11629.272,11645.986,11662.22,11662.907,11663.803,11667.895,0.3367181153533712,-0.8998751922871536,-0.4361474960448108,0.9865721616171264,-0.1633259621802682,0.0,0.0,0.0
1637943410.0,3.0,0.95988,270.0,1792.0,650.514432,11444.347,11436.092,11555.58,11587.844,11609.074,11621.947,11639.572,11640.087,11640.672,0.3371242891957758,-0.9003820636716813,-0.4351001487224804,0.981627183500806,-0.1908089951031533,0.0,0.0,0.0
1637943426.0,2.9888831792358173,0.8493868008832131,256.7539491762429,1888.2615997291907,627.4515532326144,15448.218997454118,15066.633002099396,16280.653753591514,15090.99744736866,16888.26435237502,16481.33562420837,17446.71336191439,14750.456958957127,10530.029135261108,0.3375304630381803,-0.90088771608207,-0.4340522123114128,0.97591676194511,-0.2181432413680784,1.0,1.0,1.0
1637943442.0,3.0,0.852387,280.0,1792.0,664.092672,12789.182,12770.146,12923.578,12952.43,12991.719,13000.408,13006.984,13009.78,13016.334,0.3379366368805849,-0.901392148808444,-0.4330036882827857,0.9694453499553584,-0.2453073856408174,0.0,0.0,0.0
1637943458.0,3.0,0.852387,290.0,1792.0,679.268352,13658.479,13686.94,13781.764,13817.16,13875.801,13911.857,13932.354,13932.714,13933.079,0.3383428107229894,-0.9018953611931094,-0.4319545780036956,0.9622179935282354,-0.2722802470442846,0.0,0.0,0.0
1637943474.0,3.0314474407210947,0.8553605494189555,251.38843482852948,2138.986378824376,642.9409724390661,16396.950163086574,15844.976125800025,16038.130850926707,15690.493002553965,17530.60155985552,16564.9712646239,16824.951141326437,16497.505355013876,12420.159563532425,0.338748984565394,-0.9023973525296158,-0.4309048829469681,0.954240328579812,-0.2990407920533456,1.0,1.0,1.0
1637943490.0,3.0,0.897994,300.0,1792.0,693.940224,16039.017,16053.732,16191.998,16210.189,16253.18,16292.029,16305.851,16308.814,16316.917,0.3391551584077985,-0.902898122157197,-0.4298546044943654,0.9455185755873105,-0.3255681544920261,0.0,0.0,0.0
1637943506.0,3.0253627819482376,0.7820428003751032,252.46218045462254,2125.5499617946602,609.658809016164,13078.736774795167,12974.007931969138,13629.929706475079,13579.587024372935,14349.22181589744,13714.382771499042,14122.074361025701,13974.941152995661,11573.008951900507,0.3395613322502031,-0.9033976693915978,-0.4288037440809366,0.936059535802108,-0.3518416482367346,1.0,1.0,2.0
1637943522.0,3.0184221704747,0.7543242322428438,245.64317389945302,2070.032768766483,599.4184792472561,11218.008167129847,10934.188716060828,12886.632977313866,12422.725669413678,13477.131717102207,12438.904540303869,13089.366097525124,13230.655155639666,10991.202349779647,0.3399675060926076,-0.9038959935565036,-0.4277523031293942,0.9258705847835832,-0.3778407868831865,1.0,2.0,1.0
1637943538.0,3.0,0.866189,320.0,1792.0,727.031808,18799.301,18789.126,18948.28,18982.208,19015.075,19040.153,19047.26,19058.643,19068.402,0.3403736799350121,-0.9043930939710464,-0.4267002830763977,0.9149596679089111,-0.4035452962184233,0.0,0.0,0.0
1637943554.0,3.0238894230536317,0.764097144261763,236.9347104780443,2065.1775365084163,632.8790564423651,11344.625039911563,10670.702594047278,13326.865758014763,12991.31957985729,14581.687401152312,13305.056742191298,13450.124794985975,13481.84580692105,11108.540762290831,0.3407798537774167,-0.9048889699808524,-0.4256476853067477,0.9033352928191531,-0.4289351334961205,1.0,1.0,1.0
1637943570.0,3.0,0.780801,330.0,1792.0,744.034304,20382.385,20397.395,20503.027,20540.571,20595.978,20619.812,20633.298,20634.747,20643.705,0.3411860276198213,-0.9053836209021278,-0.4245945112718158,0.8910065240284426,-0.4539905000534177,0.0,0.0,0.0
1637943586.0,3.019227010473058,0.750933067854799,237.6698297574819,2135.6939698742217,664.7845440941082,13692.338102167636,12013.123604877488,12500.165725961135,14566.65886607151,14630.368126690812,14344.401488370067,13795.430726980023,13264.942550391595,10702.247037001755,0.3415922014622258,-0.9058770460528603,-0.4235407624238117,0.8779829755858125,-0.4786918576511226,1.0,1.0,1.0
1637943602.0,3.0,0.97522,340.0,1792.0,761.126912,23313.785,23307.226,23457.721,23498.032,23589.612,23591.91,23603.136,23608.973,23618.323,0.3419983753046304,-0.9063692447835602,-0.4224864401498334,0.864274801994134,-0.5030199465607705,0.0,0.0,0.0
1637943618.0,2.999513942753858,0.7552781497926447,249.76578898084622,2135.169279801141,643.2460417949743,14887.193899885362,11590.615805387028,12202.611795241151,14448.255569210842,14012.9695383747,14344.676265955479,13132.73597358134,12972.43135937981,10328.197350584029,0.3424045491470349,-0.9068602164216828,-0.4214315458904553,0.8498926931432077,-0.5269557952445207,1.0,1.0,4.0
1637943634.0,2.9958406755261913,0.7641434768243364,245.52275184128555,2169.9208078867296,629.3203491993253,13929.03689515899,10733.001549054168,12277.344982209404,13206.826855320662,13826.848593037277,13739.024051337386,12272.604184904212,12749.172287920233,10157.93797014144,0.3428107229894395,-0.9073499603025234,-0.4203760810738515,0.8348478632894721,-0.550480740045465,1.0,2.0,3.0
1637943650.0,2.9950555800122394,0.7865244626495784,241.62769107532205,2234.699896571662,630.4538278411585,13327.630691946302,11025.594489215084,12945.78744547674,12242.433621220305,14172.358101095302,14073.638596986675,12165.210886883498,12686.950835687428,10580.143364350308,0.343216896831844,-0.907838475756938,-0.4193200471421791,0.8191520444402266,-0.5735764361350604,1.0,3.0,2.0
1637943666.0,2.9949872167728824,0.8048137855096587,239.406222705919,2301.790353887707,643.9037218370931,13378.605584190766,12172.627157828061,13787.30451105363,11699.784259173517,14728.412934645898,15131.037391559037,12981.917985991362,12969.661026831816,11309.120357299016,0.3436230706742486,-0.9083257621418536,-0.4182634454855227,0.8028174751996573,-0.596224874954113,1.0,4.0,1.0
1637943682.0,3.0,1.2468,360.0,1792.0,799.727616,27731.394,27715.998,27878.116,27894.632,27963.599,27983.23,28015.204,28028.176,28035.431,0.3440292445166531,-0.9088118187731778,-0.4172062775872249,0.7858568933180362,-0.6184083951762983,0.0,0.0,0.0
1637943698.0,2.9845280729654267,0.817773915692978,247.54780721891794,2276.3952372286976,665.2541565414328,14714.099783612164,13880.973472634654,14587.586943897435,11898.438396134563,14601.335013835404,16708.35191153868,14873.93351286685,13066.056830621468,12056.565753788345,0.3444354183590576,-0.909296645017176,-0.4161485448256524,0.7682835235815568,-0.6401096994993182,1.0,1.0,1.0
1637943714.0,3.0,1.013745,370.0,1792.0,817.3568,28082.081,28065.377,28206.832,28257.617,28319.993,28340.484,28350.107,28352.648,28361.5,0.3448415922014622,-0.9097802401932096,-0.4150902486857357,0.7501110697611512,-0.6613118651754113,0.0,0.0,0.0
1637943730.0,2.9742174600271616,0.8317246147345482,257.92684578041855,2116.9086277069246,678.4403577647439,16083.519851815736,14019.691719611126,15037.575226605768,14075.233451090588,15135.49086274443,16716.256449948534,16247.430393588347,14124.680027447033,12002.257215959122,0.3452477660438667,-0.9102626036707532,-0.4140313905473125,0.7313537015838996,-0.681998360100322,1.0,1.0,2.0
1637943746.0,2.993065581853832,0.8310573073358887,253.0371932390908,2082.8223038876113,696.628052492411,16204.338097338483,13916.843944195547,15330.955525061387,14945.450663545153,15668.388268920815,16198.315678761133,16680.190434029435,14963.423679784926,12004.77181851786,0.3456539398862713,-0.9107437347726262,-0.4129719718968932,0.7120260461065725,-0.7021530528779613,1.0,2.0,1.0
1637943762.0,3.0,0.802463,380.0,1792.0,837.943296,31464.196,31495.584,31613.463,31623.834,31692.063,31724.625,31728.24,31743.547,31748.928,0.3460601137286759,-0.9112236328715154,-0.4119119941157791,0.6921431738092452,-0.7217602281570141,0.0,0.0,0.0
1637943778.0,3.0281662519829213,0.8178999971420269,240.89257873210624,2117.488782220046,716.4004564463826,15041.380831402123,13968.29531266118,14860.328034484333,14622.762020201855,14957.79765032576,14438.977456400364,15490.02431551922,14517.228251959681,12124.078665753477,0.3464662875710804,-0.9117022972937012,-0.4108514586920525,0.671720589765429,-0.740804595885571,1.0,1.0,2.0
1637943794.0,3.0326660732948985,0.8154973397539494,242.35406840325953,2113.3697333091736,703.9694581381568,14877.587645197103,14221.464373015973,14428.443676592706,14226.78064580642,14369.55897458465,13664.787507189942,14591.386421026365,13696.368962206083,12388.231515126758,0.346872461413485,-0.912179727409124,-0.4097903670217446,0.6507742175300008,-0.759271307108477,1.0,2.0,1.0
1637943810.0,3.0,0.777718,390.0,1792.0,858.509312,32711.492,32732.04,32883.992,32901.584,32962.493,32995.352,33013.092,33019.388,33024.521,0.3472786352558895,-0.912655922571366,-0.4087287205413988,0.6293203911264308,-0.7771459613949468,0.0,0.0,0.0
1637943826.0,3.025107183186482,0.8302822382175253,252.07467686525027,2077.3399239590967,664.4550405065295,15985.054047579388,14476.297982131542,14405.48269538457,14942.508952330394,14827.326773260053,13297.830788314204,13752.535436848935,13631.014510078865,13150.712791274635,0.3476848090982941,-0.9131308821178844,-0.4076665207281732,0.6073758399734293,-0.7944146203441697,1.0,1.0,1.0
1637943842.0,3.0,0.988378,400.0,1792.0,882.3808,34517.564,34496.195,34662.198,34702.243,34796.575,34805.137,34826.737,34833.209,34844.731,0.3480909829406986,-0.9136046054294136,-0.4066037689669951,0.5849576750403682,-0.8110638189509917,0.0,0.0,0.0
1637943858.0,3.0392128349594314,0.7942618110031723,233.91464021551997,2187.0182309292227,664.4006066465748,16774.964599506977,13881.32356363373,14153.33228071183,15059.947133008443,15680.30802279334,13845.911912845404,13878.381843393927,14445.580855501246,12777.841563417143,0.3484971567831031,-0.914077091840902,-0.4055404667498413,0.5620833780852466,-0.8270805741161363,1.0,1.0,2.0
1637943874.0,3.0587403283190584,0.7520573257081785,220.29072266384802,2214.268534436392,677.828784893031,16231.104542597302,13287.79985203314,13330.820591085407,13869.264676172847,14928.441232999217,13567.819039113147,14025.368459326051,14418.439029508103,11883.846604426652,0.3489033306255077,-0.9145483407363084,-0.4044766154630763,0.5387707850342529,-0.842452396989631,1.0,2.0,1.0
1637943890.0,3.0,1.035527,410.0,1792.0,903.02464,38555.455,38592.784,38704.436,38744.432,38863.118,38880.686,38898.903,38901.0,38921.833,0.3493095044679122,-0.9150183514540552,-0.4034122166002205,0.5150380751233444,-0.8571673005739546,0.0,0.0,0.0
1637943906.0,3.056880416394331,0.7233258519195991,225.278374770445,2067.6112975262363,698.2587672136063,15008.34618563164,12957.335656395777,12488.65705053063,12558.888185830107,13857.552692557443,13460.83009041455,14655.053322895397,14982.393024761484,11436.06921709087,0.3497156783103168,-0.9154871233754738,-0.4023472715623905,0.4909037536146961,-0.87121381112044,1.0,1.0,3.0
1637943922.0,3.050525961866022,0.743947965981329,241.6294806205379,1940.526494047335,706.1529665806776,15271.378842177268,13688.872660406098,12878.114827796355,12966.352047394257,14871.235759991401,14637.791655993942,15112.92081686085,16138.143360650096,12623.411756332189,0.3501218521527213,-0.9159546558600292,-0.4012817818046758,0.4663866405307916,-0.8845809751144336,1.0,2.0,2.0
1637943938.0,3.0466096361137387,0.7727327399915082,257.121647540397,1853.7846021710916,716.9403748366962,16331.949738672485,15050.91185325967,13811.872104587366,14179.829945748657,16852.775748975262,16777.58951608719,15710.210739377902,17583.586860065392,14232.824929142602,0.3505280259951259,-0.91642094827475,-0.4002157487695952,0.4415058527616574,-0.8972583696891334,1.0,3.0,1.0
1637943954.0,3.0,1.118645,420.0,1792.0,925.782016,40576.795,40571.16,40805.64,40826.308,40884.515,40899.764,40912.76,40918.994,40931.37,0.3509341998375304,-0.9168859999825358,-0.3991491739137454,0.4162807924265971,-0.909236108970978,0.0,0.0,0.0
1637943970.0,3.0534188174420267,0.7989660236248831,266.9915119344398,1889.5535986958007,737.584459035263,18637.36625675464,16748.9035416741,15055.18224907146,16049.937350046102,19004.119671423883,20047.23023621772,16330.488427320783,18601.106312329208,14934.032556049631,0.351340373679935,-0.9173498103711988,-0.3980820586410867,0.390731128428009,-0.9205048534784456,1.0,1.0,2.0
1637943986.0,3.051152779847202,0.7875423570549633,265.2747924230073,1916.884876755728,734.5184820408655,18905.986022809953,16487.30674100648,15085.662710316818,15852.41680926741,18080.830801163742,19905.613119586327,16382.645885013451,17729.599025567626,14048.082342561831,0.3517465475223396,-0.9178123787896046,-0.3970144044497218,0.3648767844770581,-0.931055815807883,1.0,2.0,1.0
1637944002.0,3.0,0.899057,430.0,1792.0,949.563392,42418.884,42428.01,42626.965,42670.92,42700.023,42711.048,42737.435,42738.955,42744.239,0.3521527213647441,-0.9182737046346432,-0.3959462127316895,0.3387379201516002,-0.9408807689879564,0.0,0.0,0.0
1637944018.0,3.0288682761367958,0.7919793812825807,270.8466593682832,1897.116593044007,715.8297089696356,18821.59017139522,16407.584985527155,16364.465620639208,16614.794274995413,16803.115439513935,18770.322542361315,16609.87174202745,16650.42775037664,14076.378978968787,0.3525588952071486,-0.9187337872586676,-0.3948774849866036,0.3123349190654986,-0.949972051342748,1.0,1.0,2.0
1637944034.0,3.021466231524233,0.830737743001495,281.4453819455821,1902.0051328454708,720.1386316761802,19549.01568568991,18038.622001299238,17926.3628735325,18549.062819472518,17932.225862186246,19531.75832228471,17526.81464017105,17711.674091316054,15526.389831983844,0.3529650690495532,-0.919192626061809,-0.3938082226079027,0.285688367724153,-0.9583225743699816,1.0,2.0,1.0
1637944050.0,3.0,1.047228,440.0,1792.0,973.1072,45647.148,45659.833,45915.104,45952.987,45981.219,45995.173,46006.434,46019.003,46026.733,0.3533712428919577,-0.9196502204056272,-0.3927384270833212,0.2588190451833868,-0.9659258262674004,0.0,0.0,0.0
1637944066.0,3.017507667292254,0.8548590675652198,272.72248193460274,1959.6842678162109,747.8050557272359,19935.781452465242,19450.47064507001,18444.828392801963,19783.87805347174,18490.376101719292,19904.39450034556,18032.761636782812,19166.906086163126,16458.440885852153,0.3537774167343623,-0.9201065696706529,-0.3916680998612268,0.2317479037860271,-0.9727758781398632,1.0,1.0,3.0
1637944082.0,3.011952139551396,0.805583759231115,251.5429067993502,1935.2399323110951,750.4205031630818,18688.14899311113,17736.508094710975,16664.66533437458,17761.64701196668,16761.127789595368,18295.115529566738,17209.7455642592,18246.574359469312,15467.180034196283,0.3541835905767668,-0.9205616732561536,-0.3905972423505198,0.2044960518914151,-0.9788673887513178,1.0,2.0,2.0
1637944098.0,3.0048435259128428,0.7441176426983337,232.55248186421522,1862.8472702651625,746.9144558098261,16973.182790191167,15416.478059938188,15004.571798691457,15331.131064702242,14906.599729865677,16022.94290978329,16417.334322549585,17071.46131151331,13944.297752466246,0.3545897644191714,-0.9210155305232182,-0.3895258560545565,0.1770847405823788,-0.9841956079219576,1.0,3.0,1.0
1637944114.0,3.0,1.143913,450.0,1792.0,998.68672,47736.166,47748.903,47912.773,47928.286,47995.571,48042.308,48063.518,48067.349,48072.548,0.3549959382615759,-0.9214681408800942,-0.3884539423702414,0.1495353434611844,-0.988756381044363,0.0,0.0,0.0
1637944130.0,2.9844623887366737,0.6930938192911744,221.79878328398058,1839.7311933837268,750.6921560582657,15357.322834148612,13480.136367568462,14989.619632438704,13054.03714113193,15375.643110439712,13706.867798043377,16096.632380414143,16348.08966021749,12956.513105727417,0.3554021121039805,-0.9219195036913708,-0.3873815028024139,0.1218693436373963,-0.9925461516128056,1.0,1.0,3.0
1637944146.0,2.98382715478468,0.7490896836011913,238.45401818177177,1888.003739017496,759.444322853757,16749.905654856095,15530.440916666745,16894.363947963902,14676.744468677116,18324.80986284913,15033.759314935298,17543.058020885386,17786.69497545241,13905.283153175873,0.355808285946385,-0.9223696183685476,-0.386308538749352,0.0941083133032334,-0.9955619646045244,1.0,2.0,2.0
1637944162.0,2.983298728755472,0.8218885079442215,260.0115272324323,1937.3904187690791,756.4242764354499,18883.925048747868,18463.731928347468,19321.017891330433,17159.464431150118,21189.980040300678,17759.59506898073,19615.34187590131,19343.003226926652,15414.501945211045,0.3562144597887896,-0.9228184842797178,-0.3852350517173694,0.0662739006005287,-0.997801468278731,1.0,3.0,1.0
1637944178.0,3.0,1.201195,460.0,1792.0,1023.053824,49030.868,49015.987,49194.589,49252.522,49317.261,49346.962,49361.604,49366.552,49367.751,0.3566206336311942,-0.923266100834046,-0.384161043119545,0.0383878090391841,-0.999262916412478,0.0,0.0,0.0
1637944194.0,2.9655759676334004,0.9316654452751647,294.3172431202989,1930.163484056709,694.2269691503585,20815.493895345888,20504.339387842087,22024.42057594706,19880.70802871307,22072.785218268204,21709.60180945191,22967.65457821977,20747.64173326529,16275.77795024795,0.3570268074735987,-0.9237124674199032,-0.3830865144233533,0.0104717842841844,-0.9999451693637534,1.0,1.0,3.0
1637944210.0,2.957409395963303,0.960848631924434,299.3940210524515,1883.5105257426721,653.0860161963388,20011.048051548256,19606.088711373857,22106.73385963405,20031.969011231908,20955.637447848232,21853.86019659727,22860.861132033948,20549.214690130553,15788.731932070954,0.3574329813160032,-0.9241575834329736,-0.3820114670835501,-0.0174524065186651,-0.9998476951549709,1.0,2.0,2.0
1637944226.0,2.952337189494987,0.9758545995152144,295.33476835689805,1833.9515644877179,627.2939026708501,19037.293470087952,18556.77577020452,21886.82858521642,19617.24197427132,20008.98524572718,21329.138727324345,22129.994471807477,20260.77862887467,15329.166551392485,0.3578391551584078,-0.9246014482650912,-0.3809359025690487,-0.0453629879944673,-0.9989705697968352,1.0,3.0,1.0
1637944242.0,3.0,1.162254,470.0,1792.0,1050.841088,53591.925,53603.469,53779.968,53801.901,53909.611,53941.002,53964.178,53970.893,53976.804,0.3582453290008123,-0.9250440613319576,-0.3798598222956432,-0.073238197241741,-0.9973144772160784,0.0,0.0,0.0
1637944258.0,2.974323355852587,0.9548120322603312,282.5880921126286,1952.9307302018537,652.7807434894005,18801.773171621106,18348.700401139544,20881.233822803395,18784.33789976395,20681.025616320203,20545.462527039876,20659.606809910114,20661.02524982617,14948.658887281092,0.3586515028432169,-0.9254854220121964,-0.3787832277740221,-0.1010562966182878,-0.994880708886144,1.0,1.0,3.0
1637944274.0,2.978658413606118,0.9069223637911774,270.15179791998014,2054.049158959883,661.0579866297413,18328.411306925263,18038.98918117294,18921.797816811446,17856.426830077726,19808.769184762845,19331.849037260592,19279.922505512255,19587.109321803855,14331.698345853474,0.3590576766856214,-0.925925529730349,-0.3777061204078809,-0.128795596261991,-0.991671162424076,1.0,2.0,2.0
1637944290.0,2.9778430426285745,0.8673475772906308,263.0333107417331,2116.135927997123,652.5189557948484,17694.38417819129,17210.555640823663,17397.78309416348,17254.287211999155,18867.30377971351,18440.558788621252,17898.32328948763,18555.731702945006,13666.793066739743,0.359463850528026,-0.9263643838795178,-0.3766285016823891,-0.1564344649721986,-0.9876883406059128,1.0,3.0,1.0
1637944306.0,3.0,1.126686,480.0,1792.0,1076.482048,55474.782,55441.438,55695.028,55766.282,55831.547,55844.851,55855.59,55858.177,55868.181,0.3598700243704305,-0.926801983854628,-0.3755503730834598,-0.1839513503323874,-0.9829353492020172,0.0,0.0,0.0
1637944322.0,2.968063054446971,0.8651788815689088,262.03562309938695,2079.4490968697555,614.2345924903277,17459.828816383062,15901.187746548594,17858.609639526636,17562.426632300572,18736.88775377727,18421.526841632138,17512.7227672641,18415.272590834113,13736.70022607154,0.3602761982128351,-0.9272383290796744,-0.3744717360302819,-0.2113247964203408,-0.9774158942936736,1.0,1.0,3.0
1637944338.0,2.9635617702542034,0.8997143442279041,261.40108828386377,2074.4561741793987,610.6554859281621,17811.309496315247,16284.48843321917,19210.09075409523,18162.82965941932,19266.533354454026,19449.501523532985,18375.683180959237,18915.31808030834,14502.501415773775,0.3606823720552396,-0.9276734189584288,-0.3733925919966538,-0.2385334573336831,-0.9711342799697888,1.0,2.0,2.0
1637944354.0,2.9681348501686653,0.941890129403575,264.33324193549385,2115.2614766301804,636.5225396595893,19086.813027834687,17654.027024818097,21108.05387759845,18879.821194074077,20523.584462105795,21407.22943346841,19835.685695059467,20350.43705823737,15514.841929436157,0.3610885458976441,-0.9281072529018418,-0.3723129424435802,-0.2655561174840755,-0.964095404234863,1.0,3.0,1.0
1637944370.0,3.0,1.031949,490.0,1792.0,1104.941056,58585.112,58578.1,58750.314,58815.893,58907.231,58941.439,58952.3,58953.545,58964.06,0.3614947197400487,-0.9285398303171634,-0.3712327888462621,-0.2923717045131582,-0.95630475602711,0.0,0.0,0.0
1637944386.0,2.9604774755766607,0.9668708696791153,282.2967523018313,2190.225574082127,690.3468923609443,22719.623866555463,20706.652573128093,23070.992832813623,19954.03336817426,21764.50546949109,23733.146923513494,22989.837018556995,22533.181608241794,16442.66521675043,0.3619008935824533,-0.9289711506349528,-0.3701521326265348,-0.3189593093266806,-0.9477684099999572,1.0,1.0,4.0
1637944402.0,2.944904419979553,0.9618060214539879,291.3597491384807,2194.0080980783773,685.1000718927892,22827.843968658184,20210.134859036352,22116.78402821048,19727.629011482884,20920.48878219582,23158.48435718453,22940.718536609675,22257.818295655656,15990.590359081416,0.3623070674248578,-0.9294012132496876,-0.3690709753015109,-0.3452981988238511,-0.938493022823827,1.0,2.0,3.0
1637944418.0,2.927350552190087,0.9627307530442956,296.9871520993695,2184.077283947111,666.2655603490853,21772.863799992654,18711.765396992876,20722.882664949593,19147.05375157472,20142.124487117817,21977.550049535046,22030.337930829133,21715.483501754534,15171.215928971806,0.3627132412672624,-0.92983001760064,-0.3679893182808349,-0.3713678356089244,-0.9284858268574394,1.0,3.0,2.0
1637944434.0,2.917169457077002,0.9729765771449901,299.3331395219303,2178.241901817333,657.3538834001728,20526.78521661729,17716.99860408838,20350.34597641466,18678.11701179995,20350.794275330245,21299.338285464022,21534.686893925475,21717.854002070057,14565.228001567597,0.3631194151096669,-0.9302575630858192,-0.3669071630830244,-0.3971478904942637,-0.9177546257447882,1.0,4.0,1.0
1637944450.0,3.0,1.080722,500.0,1792.0,1132.855296,59819.831,59848.723,60014.242,60055.299,60113.911,60161.749,60169.331,60183.797,60190.829,0.3635255889520715,-0.9306838491477792,-0.365824511119025,-0.4226182618279157,-0.9063077869959804,0.0,0.0,0.0
1637944466.0,2.9267627208632305,1.0373284065423973,305.06197778993686,2166.159927376049,704.7927408375859,22403.62104523866,20496.69711994671,23577.26644557227,18611.124503552754,24150.455022248552,24205.893786794062,24375.364071828822,24970.643757214195,15775.40364010537,0.363931762794476,-0.9311088751880652,-0.364741363908751,-0.4477590877313935,-0.8941542368931381,1.0,1.0,3.0
1637944482.0,2.9346662813281683,1.0699321212856086,317.41820023850926,2117.738219781315,746.5402390766661,25549.472218709998,23671.065196669853,26453.77616435353,19723.472443853145,27062.282854666653,26873.661219426212,27336.542409712303,27676.458682433276,17048.280461281884,0.3643379366368806,-0.931532640647224,-0.3636577228779971,-0.4725507649829669,-0.8813034520039126,1.0,2.0,2.0
1637944498.0,2.934400065665012,1.0919992188116163,329.3622908862894,2085.1365845221567,772.1644127458342,28106.557135532566,26157.214411203568,28674.466206738587,21364.150791070708,28866.38462322439,28942.03331656543,29453.730144947647,29508.029746447617,18066.17745042702,0.3647441104792851,-0.9319551449462148,-0.3625735895073993,-0.4969739605479192,-0.8677654536436187,1.0,3.0,1.0
1637944514.0,3.0,1.276455,510.0,1792.0,1161.916416,64962.226,64954.314,65112.424,65161.081,65230.26,65306.349,65322.147,65324.593,65328.035,0.3651502843216896,-0.932376387513028,-0.3614889652647171,-0.521009631581623,-0.8535507974333932,0.0,0.0,0.0
1637944530.0,2.9305656292915656,1.1249220238988111,344.03029131166863,2087.149027577738,774.1288920613905,30722.738610287954,28130.03169064512,30918.935903016394,25083.817047526958,30780.102002947606,30577.294017386586,30992.047543236615,31310.607244021136,19350.20191956136,0.3655564581640942,-0.9327963677826072,-0.3604038516048006,-0.5446390349697039,-0.8386705679748573,1.0,1.0,4.0
1637944546.0,2.936644851831966,1.1238699073858274,339.4816003116579,2110.6716778971436,764.7505378767329,30283.969116617947,27858.099969674993,30738.182364048822,25889.13471706038,30836.362396410226,30035.72055490357,30661.707248709223,30842.22314039169,19189.10874098005,0.3659626320064987,-0.933215085170626,-0.3593182500374582,-0.5678437448305572,-0.8231363686879647,1.0,2.0,3.0
1637944562.0,2.9492494799601765,1.1085917745016491,331.34002042280684,2126.208010394098,759.7216749291268,29409.24348856088,27281.275629521046,30125.29443303071,25557.192239946213,30335.17439723191,29283.8423908243,30349.278895395073,29567.852824700356,18912.338578188963,0.3663688058489033,-0.9336325391311484,-0.3582321619781291,-0.5906056676029637,-0.806960312156216,1.0,3.0,2.0
1637944578.0,2.9514328449621274,1.091041758183501,322.812527651442,2159.319174055571,751.3213187940831,28614.896914798708,26483.699978129807,29073.001196928406,24530.939153908854,29166.04106270012,28452.121136225265,29919.194110523764,27834.285565212303,18716.697418488016,0.3667749796913079,-0.9340487290781192,-0.3571455889515514,-0.6129070534654423,-0.7901550125211568,1.0,4.0,1.0
1637944594.0,3.0,1.328287,520.0,1792.0,1191.56736,66180.12,66114.347,66430.035,66485.271,66581.234,66599.581,66604.326,66613.896,66635.658,0.3671811535337124,-0.9344636544637156,-0.3560585323880292,-0.6347305132115431,-0.7727335734897322,0.0,0.0,0.0
1637944610.0,2.9292498863011356,1.0922878789712807,322.89414386089805,2209.7071979297457,727.3742359214971,27878.862262426774,24833.03662078162,27531.18586452741,23178.17482264235,26771.02753486774,27082.27298148779,28904.036700348217,25086.88313249799,18825.510594111933,0.367587327376117,-0.9348773147209768,-0.3549709937728655,-0.6560590288363081,-0.7547095803568153,1.0,1.0,4.0
1637944626.0,2.9210195472663187,1.1190052016113046,329.5419852715281,2240.079225271256,717.1537649860821,28645.542083625656,24448.370671586945,27525.850978804498,24175.41538807194,27002.698900524465,27138.282406063903,28729.40642203019,25130.95201555214,19109.364519636558,0.3679935012185215,-0.935289709289866,-0.3538829745784301,-0.6768759697158042,-0.7360970870892574,1.0,2.0,3.0
1637944642.0,2.9224864614440076,1.1511713758070838,337.0242634090007,2259.182152297789,715.3390764474092,30108.455653014782,24409.97705078074,28078.04624510461,25658.560811192532,28206.79955931591,27647.986003158825,29111.30981925071,26166.50758701831,19334.19173596697,0.3683996750609261,-0.9357008376069272,-0.3527944762913594,-0.6971651027317625,-0.7169106077699026,1.0,3.0,2.0
1637944658.0,2.939752045881403,1.1680027278656535,334.8853915683968,2306.568911410757,711.1526459797914,30802.166739291057,23804.99332432125,27774.202387748373,26107.643202494364,28354.74319017681,27546.95082681794,28895.779369772317,26456.498998755582,18896.041215024296,0.3688058489033306,-0.936110699130954,-0.3517055003444736,-0.7169106077048955,-0.6971651027986108,1.0,4.0,1.0
1637944674.0,3.0,1.143702,530.0,1792.0,1222.877184,70372.483,70364.556,70546.175,70616.486,70711.221,70767.896,70780.245,70781.77,70801.445,0.3692120227457351,-0.9365192932865491,-0.3506160482665652,-0.7360970870261421,-0.6768759697844415,0.0,0.0,0.0
1637944690.0,2.9754708712698825,1.1237954908914638,304.805753757871,2375.65495344846,677.1816469964203,27894.335738483052,20568.949805584292,24226.819052068175,23425.525214069916,24346.74067872581,24253.030449631893,26302.262825504324,23480.574017594197,16604.724025019506,0.3696181965881397,-0.936926619540976,-0.3495261214780937,-0.7547095802956412,-0.656059028906681,1.0,1.0,4.0
1637944706.0,2.9734902584611254,1.0927819665746208,299.55498763891984,2324.005147657071,663.0734093918473,26117.09085764883,19393.92771568907,23136.649115732595,21976.572566871975,22878.017747279446,22851.366920610588,25522.659210155824,22026.534396174713,16514.96507447602,0.3700243704305442,-0.937332677322397,-0.3484357215091864,-0.7727335734305467,-0.6347305132835965,1.0,2.0,3.0
1637944722.0,2.964646110812054,1.0773364202776454,303.01485829086425,2217.930318587828,652.9684471928779,24919.051862152213,19347.771743003643,23021.827376014746,21321.869893365263,22651.077349562132,22265.47856758658,25083.370090624416,21253.030913939416,17319.4978661251,0.3704305442729488,-0.937737466101382,-0.3473448497815387,-0.7901550124640063,-0.6129070535391202,1.0,3.0,2.0
1637944738.0,2.9559771409345266,1.0761183597221353,311.9165648506962,2107.7142215401977,652.9867487855878,24773.341037713326,20456.374149799958,23799.98433401218,21862.071615684217,23850.534307091228,22847.490621602865,25132.73693662521,21607.450133311613,18461.752283448957,0.3708367181153533,-0.9381409853096556,-0.3462535078266044,-0.8069603118261228,-0.5906056680539788,1.0,4.0,1.0
1637944754.0,3.0,0.927879,540.0,1792.0,1254.060032,72576.082,72552.185,72856.077,72882.945,73013.173,73025.878,73052.626,73080.457,73100.658,0.3712428919577579,-0.9385432344160752,-0.3451616970809649,-0.8231363683705933,-0.5678437452906133,0.0,0.0,0.0
1637944770.0,2.9563076925085987,1.0122363496190783,303.0358334254871,1999.4174075044416,668.8795843277203,23950.8122162653,21536.587779090816,23081.928854345897,22937.163135033254,24426.795786133822,23958.262678778396,24655.061635192927,21081.282993966444,17347.538302419198,0.3716490658001625,-0.9389442128760064,-0.344069419022756,-0.8386705679240724,-0.5446390350479057,1.0,1.0,5.0
1637944786.0,2.963570025396255,0.9385340166063465,277.7823539822357,1926.6714223753243,661.890227477181,21978.95776457585,19934.42295583611,19871.281763441955,21895.40204600254,21573.520180548254,22177.650053424077,23043.814393271183,18616.840066840472,14903.40099793697,0.372055239642567,-0.9393439201315612,-0.3429766751717542,-0.8535507971421977,-0.5210096320586779,1.0,2.0,4.0
1637944802.0,2.96925884052409,0.8524913432703562,251.7825278285802,1792.4402255462173,651.2129498579956,19323.893361122842,17557.056590642926,16593.35355367964,20698.249369916703,18203.35259684525,19451.500356312048,21415.623891880925,16039.163939151449,12192.18855186308,0.3724614134849716,-0.93974235566159,-0.3418834669527109,-0.8677654533658568,-0.4969739610329187,1.0,3.0,3.0
1637944818.0,2.967660444978292,0.7952565983760718,238.20762740009732,1688.3621744782758,645.5243439255836,17768.85320716234,16250.069746232279,14952.587550374095,19932.512436368514,16385.70221248929,17450.02739036628,20719.033638800127,14953.65272153376,10785.319691250395,0.3728675873273761,-0.940139518906737,-0.3407897959003602,-0.8813034519598496,-0.4725507650651441,1.0,4.0,2.0
1637944834.0,2.971936273684872,0.7909925095495276,237.16231103495247,1646.6826292338005,647.7955394728249,17393.170277579844,16360.47896378487,14659.038104350506,19904.62127413081,16276.374550412482,16846.61674162805,20182.572238186858,15263.951259291867,10793.895424653258,0.3732737611697806,-0.9405354093491688,-0.3396956634406624,-0.8941542368513868,-0.447759087814769,1.0,5.0,1.0
1637944850.0,3.0,1.16027,550.0,1792.0,1285.087232,77888.028,77863.468,78099.599,78174.427,78253.836,78278.898,78290.763,78295.898,78302.753,0.3736799350121852,-0.9409300264331022,-0.338601071109649,-0.9063077869565732,-0.4226182619124244,0.0,0.0,0.0
1637944866.0,2.9832763361043333,0.8389145989627225,242.6356281413656,1750.8140108770078,650.9139168168759,18183.886983506214,18139.264696072885,14556.173603506373,20664.927903047315,17425.08732778377,17670.35706190827,19921.124168178503,17713.067155128338,12003.87000651238,0.3740861088545897,-0.9413233696440244,-0.3375060203344816,-0.917754625707756,-0.3971478905798398,1.0,1.0,43.0
1637944882.0,2.9735583573244364,0.8472096207331525,244.97722493554798,1820.2845937977822,639.3475884940497,18329.632297463457,18206.35823506579,13881.224229048572,20473.772463830555,16830.98785914598,17936.28975035081,19364.31859284077,17865.248072300885,11760.413913051907,0.3744922826969943,-0.941715438429728,-0.336410512652481,-0.9284858268228112,-0.371367835695501,1.0,2.0,42.0
1637944898.0,2.962735343951649,0.8358149386768018,245.038795464098,1863.6436029284437,616.1684179759307,17554.115922925677,17073.698387689237,12857.187323901602,19382.766186357236,15193.917295590349,17274.880132513816,18294.472935526148,16765.627283119367,10638.98388700543,0.3748984565393988,-0.9421062322741433,-0.3353145495057116,-0.9384930227916296,-0.3452981989113609,1.0,3.0,41.0
1637944914.0,2.9542631183216588,0.8236906431824025,244.40022839165437,1862.8954988178848,599.9568029373862,16661.1835244827,15893.787801974478,12468.7772499923,18295.354097364165,13775.815844878192,16295.67204764618,17424.050296875183,15498.040720535711,9664.117364215952,0.3753046303818034,-0.94249575064328,-0.3342181323916467,-0.9477684099702158,-0.3189593094150553,1.0,4.0,40.0
1637944930.0,2.9507708759824314,0.8273625520902657,246.55171028343037,1834.8115922123127,599.6197539563218,16373.195738276148,15641.667475078655,13209.261674006042,18057.8571635327,13580.769251432685,15908.701613078976,17615.13887442763,15108.844536464661,9505.019262692455,0.3757108042242079,-0.9428839930097872,-0.3331212627946762,-0.956304755999848,-0.2923717046023288,1.0,5.0,39.0
1637944946.0,2.949345952982678,0.8509267246266052,252.11010708603513,1825.7674710932743,615.7731677895116,16834.20727597961,16736.099663872836,14753.226929523891,18855.740115802157,14743.775351192086,16536.040164862323,18934.428597233345,15808.465502766137,10271.556369405691,0.3761169780666125,-0.9432709588432092,-0.3320239422135289,-0.964095404086442,-0.2655561180229144,1.0,6.0,38.0
1637944962.0,2.9503993130741466,0.8874525441155761,261.4400374811583,1819.5665884114105,646.0124506139623,18062.38087225467,18681.89558368658,16684.733085234955,20402.158215862393,16762.988550337104,18151.049099720483,20882.214086508237,17618.149274974126,11764.164905756259,0.3765231519090171,-0.9436566476341453,-0.3309261720926386,-0.9711342798364708,-0.2385334578764561,1.0,7.0,37.0
1637944978.0,2.9499045531313266,0.9192246426845159,273.4015149248339,1781.8728137719306,676.5376342840619,19463.574678692166,20253.309977753408,18300.933193818222,21804.845248677124,18325.92545281653,19960.854405357473,22389.332995765617,19355.38130193456,12980.169948796658,0.3769293257514216,-0.9440410588411342,-0.3298279539731437,-0.9774158941755628,-0.2113247969666246,1.0,8.0,36.0
1637944994.0,2.9396704484177847,0.9238713128704578,279.58345956768324,1684.6273656236745,672.6655845089942,19341.815900924455,20375.116397004116,18329.975147853467,22453.059621493507,18185.552051462546,20127.29221998017,22666.146191556065,19234.676565591286,13235.370354564855,0.3773354995938262,-0.9444241919629696,-0.3287292892869332,-0.9829353490992055,-0.1839513508817561,1.0,9.0,35.0
1637945010.0,2.926490590887601,0.917307706969043,280.8623971302298,1549.4761361507503,649.3133087508227,18668.31813594125,19830.649148160446,17995.60673737271,22338.18900530834,17463.000366578697,19575.630472603574,22495.16581190919,18309.507054708993,12925.976654549033,0.3777416734362307,-0.9448060464665454,-0.3276301795626526,-0.9876883405913264,-0.1564344650642956,1.0,10.0,34.0
1637945026.0,2.9174697959767935,0.9099329138800261,275.3786664428708,1466.3023228829702,627.9066956487437,17768.244559546016,19117.815532542656,17782.166367171347,21527.33068799601,16830.564987109796,18653.850593478415,21721.43746192545,17184.102583839092,12363.962517978907,0.3781478472786352,-0.945186621839686,-0.3265306262745996,-0.9916711623520914,-0.1287955968162423,1.0,11.0,33.0
1637945042.0,2.921883545260565,0.915336120159302,268.32657277937557,1485.6736435702542,625.8140744139964,17702.796541248634,18821.900268828515,18299.19083101351,20637.336861806674,17268.0600713728,18343.08039526764,21116.588616602574,16914.769196588484,11879.073289627457,0.3785540211210398,-0.9455659175671476,-0.3254306309114099,-0.9948807088296632,-0.1010562971743328,1.0,12.0,32.0
1637945058.0,2.9303506846809686,0.9163714100127323,261.96331529954193,1585.9717697855053,632.5535021458448,17814.258504105663,19023.134237798113,18554.304436178536,19873.12989626616,17886.951476888004,18123.56824509385,20635.843139077824,16976.28451598625,11668.25033702352,0.3789601949634443,-0.9459439331306988,-0.3243301949760832,-0.9973144772092494,-0.0732381973347355,1.0,13.0,31.0
1637945074.0,2.9364572241517655,0.9058638958067,259.3956878466446,1714.2699240721859,634.9327948196183,17848.65625570649,19318.408745690725,18366.932327776587,19154.073986596606,17916.08106274545,17722.305660782684,20219.490842470004,17040.25264043678,11751.761350594647,0.3793663688058489,-0.9463206680327204,-0.3232293199171541,-0.9989705697926056,-0.0453629880876163,1.0,14.0,30.0
1637945090.0,2.9318284754544455,0.8953432757658324,262.320336506323,1821.259914396583,622.2951704594292,17680.703849147343,19333.555954669173,17856.600563323263,18686.864410706057,17296.589312005068,17254.320886562637,19853.45858956447,17045.222050263375,11681.57088412475,0.3797725426482534,-0.9466961217443212,-0.3221280072801202,-0.9998476951533434,-0.0174524066118959,1.0,15.0,29.0
1637945106.0,2.9277131742309495,0.8851525530502955,266.3753303617116,1866.8260135560884,597.3570991523452,16985.832590903192,18440.629925207984,17143.65140202029,17997.46963535419,16121.096186290206,16604.40881432277,19158.735402416845,16639.211774899555,11049.986489822266,0.380178716490658,-0.9470702937759742,-0.3210262585009051,-0.99994516936473,0.0104717841909445,1.0,16.0,28.0
1637945122.0,2.923709268405429,0.8788826079073703,265.5717551975835,1860.3235339567013,572.143647739749,15849.22316139517,16851.434018255422,16324.26259116306,17009.88749523528,14720.455497941555,15708.808814709986,18093.930885057962,16015.970078998094,10169.36877034008,0.3805848903330625,-0.947443183602386,-0.3199240751262328,-0.9992629164160576,0.0383878089460078,1.0,17.0,27.0
1637945138.0,2.9205049684833297,0.8769149315185114,258.75934498931423,1849.8295720541255,566.0257570800889,14688.916199384905,15437.629083224649,15649.861546712184,16084.732995180664,13728.74026917628,15007.832850018594,17214.669644848087,15769.44091097697,9418.745810903232,0.3809910641754671,-0.9478147907373722,-0.3188214585931622,-0.9978014682849106,0.0662739005074887,1.0,18.0,26.0
1637945154.0,2.9212420411900015,0.8674993253203789,246.46896115775235,1880.486694960373,584.8451457287641,13991.358377029064,14678.35052359106,15307.603855827614,15282.140445936468,13542.395432204623,14907.052558913978,17336.02629821691,16388.02770490008,8883.310499826153,0.3813972380178717,-0.9481851146592404,-0.3177184104496355,-0.9955619646132996,0.0941083132104023,1.0,19.0,25.0
1637945170.0,2.9300627353790483,0.8393053329571715,234.64908668144614,1933.8412721939533,618.4611687323636,13832.402961657594,14653.46704376037,14529.23910230157,14610.55055736726,13402.921929775799,14929.469146538268,17416.834268206778,16359.932986713862,8338.71208483354,0.3818034118602762,-0.9485541548805444,-0.3166149321476425,-0.9925461516241691,0.1218693435448463,1.0,20.0,24.0
1637945186.0,2.9359541837308556,0.7893115973586933,226.47492504688242,1998.0440328826726,645.9719195428556,13989.950311648008,14698.395619572395,12998.680712360716,14113.373235388593,12774.014506873697,14357.451643427972,16952.11268508352,15253.61438822367,7617.54625227858,0.3822095857026807,-0.9489219108970176,-0.3155110251949254,-0.9887563811279392,0.1495353429085622,1.0,21.0,23.0
1637945202.0,2.930253357117975,0.7313678576091935,223.7780191366584,2031.8582488329998,654.9618866383605,14123.783962174448,14431.113458084707,11416.58100058042,13855.45540129468,12042.387397031769,13266.053495881652,16137.128495466319,13716.895593335179,6926.211778451139,0.3826157595450853,-0.9492883822107714,-0.3144066910860141,-0.9841956080209312,0.1770847400323057,1.0,22.0,22.0
1637945218.0,2.929521378331857,0.6927397484549358,226.0012053769857,2008.669042961774,648.66513269369,14637.185925100039,14336.964689622395,11026.919365939919,14517.031340169206,12131.314926063982,12590.388881326326,15650.898589183093,12803.049294111604,6744.828914027512,0.3830219333874898,-0.949653568321098,-0.3133019313298364,-0.978867388865612,0.20449605134432,1.0,23.0,21.0
1637945234.0,2.93339986278396,0.7123822546866451,233.57681615851547,2002.2349112115544,637.4881680800953,16119.16727106544,15211.126057068523,12884.014645547242,16458.788691688325,13874.347195503526,13685.391955988975,16545.901507751463,13289.830326045521,7708.083096997871,0.3834281072298944,-0.9500174687472658,-0.3121967473806188,-0.9727758782693888,0.2317479032423365,1.0,24.0,20.0
1637945250.0,2.943558599394479,0.7667071843039572,239.7779579511414,2026.0962684426445,629.9638588854514,17976.549702580534,16690.408785694093,15699.121287546894,18633.647487132414,16153.008248483808,15956.141073075716,18366.442923318835,14380.313740856258,9190.35161984554,0.3838342810722989,-0.9503800829874556,-0.3110911407622482,-0.965925826291534,0.2588190450933191,1.0,25.0,19.0
1637945266.0,2.95739923951685,0.8156162402482874,239.2024642552973,2040.1664272662842,634.5005347457192,19306.80750008347,18415.119776330797,17901.07235850534,20092.471055197657,17778.036629517577,18252.405030516,20149.070962245485,15660.10951049681,10381.78933356314,0.3842404549147035,-0.9507414105417188,-0.3099851129992261,-0.9583225745296547,0.2856883671885405,1.0,26.0,18.0
1637945282.0,2.961419949744826,0.83569347863425,232.92506332849317,2010.406746916617,647.5465735958554,19925.641226126736,19640.347748243756,18962.38427575519,20193.915661217692,18224.036037133992,19633.06223884434,21374.585603054904,16679.849564702396,11005.723041061308,0.384646628757108,-0.9511014509389456,-0.3088786655336238,-0.9499720515173138,0.3123349185345533,1.0,27.0,17.0
1637945298.0,2.958606860828317,0.8228900733799833,226.5625595847582,1916.8915190114922,655.8982004024733,19868.153973755736,20277.217467307648,18835.016967868774,19468.825186824528,17581.229229715762,19773.041835870958,21831.24162547772,16746.394222305516,10883.877117495591,0.3850528025995126,-0.9514602036736828,-0.3077717999187616,-0.940880769019542,0.3387379200638678,1.0,28.0,16.0
1637945314.0,2.9479491001096614,0.7849693238140265,222.24969434463412,1803.4801680373303,653.2637771047124,19108.89463401936,19961.587184613938,17938.809292886974,18726.236823774692,16445.26992017564,18704.915259951304,21481.36666200614,16142.483251505711,10328.946433864432,0.3854589764419171,-0.9518176682737148,-0.3066645176116541,-0.931055815841906,0.3648767843902418,1.0,29.0,15.0
1637945330.0,2.9362613385755956,0.7419346087667104,218.61636034667146,1730.9957016738072,645.9587766446991,17704.112839875495,18909.546181657613,16708.993039457666,17979.293151796337,15535.394123853608,17055.053033045653,20247.20170560354,15446.518071162483,9497.377869725366,0.3858651502843216,-0.9521738442461456,-0.3055568201390974,-0.9205048535148794,0.3907311283421765,1.0,30.0,14.0
1637945346.0,2.943440603958659,0.7087035558661593,214.42090973456044,1705.7765646823073,652.0488938347204,16465.34972969693,17064.628659924285,15653.1626462469,16982.205274083073,15542.046041785423,15644.431986946338,18396.61451060314,15168.888048947814,8732.460369046019,0.3862713241267262,-0.9525287311221038,-0.3044487089591854,-0.9092361090097942,0.4162807923418154,1.0,31.0,13.0
1637945362.0,2.9598594018332185,0.6845791859140505,206.43255214057507,1712.7075499989633,658.4851893967896,14775.155546349928,15012.952844102712,14715.441733453152,15855.034802819433,15372.248529538918,14215.066852404434,16882.580659898045,14673.505591270765,8132.012188217561,0.3866774979691308,-0.9528823284033704,-0.3033401856275743,-0.8972583697303017,0.4415058526779926,1.0,32.0,12.0
1637945378.0,2.9716199257138984,0.6926169375397156,204.76314922196178,1721.8992768016496,655.7855867425355,13545.826012311252,14290.381649025165,14707.587124246795,15195.947689175171,15148.822085490754,13682.200511087089,16491.324629593353,14018.52797650694,8255.505599328846,0.3870836718115353,-0.9532346356289152,-0.3022312515895891,-0.8845809751579218,0.4663866404483089,1.0,33.0,11.0
1637945394.0,2.9740673737455636,0.7332652293704954,214.04560869333142,1714.4439704261222,645.0110859255859,13569.8832212192,14822.63296972697,15861.484806404751,15589.734950359598,15499.695941173564,14434.790929628605,17456.30882350658,13671.422342149239,9123.308356454887,0.3874898456539399,-0.9535856523041404,-0.3011219084020409,-0.8712138111662143,0.4909037535334598,1.0,34.0,10.0
1637945410.0,2.963809490609773,0.7795726349028875,228.22371764776466,1694.6918270750261,630.0231517647571,14107.931101416267,15711.45143414822,17220.557832153572,16518.09821059031,15890.660131507575,15518.768998738899,18367.15627319063,13488.102670342054,10345.631969630565,0.3878960194963444,-0.9539353779713804,-0.3000121575113242,-0.8571673006219793,0.5150380750434178,1.0,35.0,9.0
1637945426.0,2.945154325843774,0.8145872307677889,241.17561126130082,1692.1852900375293,611.8108194543893,14659.907896940242,16533.626828469838,18120.00436839582,17778.410361437447,16070.101752689468,16192.282607914341,18958.339366476357,13620.363053735582,11311.708381171838,0.388302193338749,-0.9542838121396622,-0.2989020004753966,-0.8424523972907534,0.538770784563401,1.0,36.0,8.0
1637945442.0,2.9265693286836494,0.8438810230792222,250.80794011679149,1758.9421424644338,599.2539361558397,15373.313575994682,17071.721466616626,18231.680681483325,19208.389396291313,16351.071692731928,16449.94689050223,18990.16464957807,13904.237434935634,11681.435813690401,0.3887083671811535,-0.9546309543546868,-0.2977914387417137,-0.8270805744302883,0.562083377622986,1.0,37.0,7.0
1637945458.0,2.9238114745326556,0.859986980214392,254.9375099165429,1864.6242822553247,597.1864983407686,15942.14989509383,17054.295894975334,17569.736017599553,20084.928158377596,16465.373826175495,16189.318725294459,18609.41729102541,14171.149297579239,11347.8130800268,0.3891145410235581,-0.9549768041291082,-0.2966804738693716,-0.8110638192779281,0.5849576745870595,1.0,38.0,6.0
1637945474.0,2.938649413805835,0.8350769830075381,245.82160589233018,1953.6103260222847,601.320046837872,15177.823598595014,15821.280443032203,15710.140010309615,19194.785662569735,15448.043119950078,14611.819833425112,17264.138995215093,13543.971559572265,9759.755286393935,0.3895207148659626,-0.9553213610076962,-0.2955691073207805,-0.7944146206836359,0.6073758395294259,1.0,39.0,5.0
1637945490.0,2.9576579270720824,0.7565039956406385,224.61014032146778,1966.8793389538284,603.6369642588306,12950.141373839959,13376.59225900037,12876.346828382393,16263.585289389035,13187.21108233225,11969.687524066994,15165.027409471493,11569.120258888095,7844.783050807082,0.3899268887083671,-0.955664624523922,-0.2944573406005548,-0.7771459614536278,0.6293203910539658,1.0,40.0,4.0
1637945506.0,2.9656479792621995,0.681766793440965,206.7365430418565,1919.925393397918,605.2228561319155,10850.255671174105,11195.578602787038,10894.906580907107,13323.446889470162,11408.890427720104,9894.409608288217,13628.814989439988,9788.863991879038,6885.810848441244,0.3903330625507717,-0.956006594200202,-0.2933451752555856,-0.7592713074721988,0.6507742171056392,1.0,41.0,3.0
1637945522.0,2.960823642962546,0.6505006085360938,199.57332763754616,1861.2396197528901,610.0136993744492,9555.547482802416,10132.907088183341,10426.124501493337,11408.054286652197,10946.92415803633,8974.02265801575,13074.196070687778,9211.43377666168,6777.9719767531715,0.3907392363931762,-0.956347269590666,-0.2922326127359467,-0.7408045962609998,0.6717205893513888,1.0,42.0,2.0
1637945538.0,2.953976578749928,0.6590817072184542,199.50429026626415,1831.677538490159,617.8870124501909,9185.910996906532,10309.045044066213,11073.400082887965,10846.018839068154,11807.48035628514,9252.978101159792,13204.499559077718,9762.08793030615,7265.756545195049,0.3911454102355808,-0.9566866502170468,-0.2911196546035431,-0.7217602282215531,0.6921431737419446,1.0,43.0,1.0
1637945554.0,3.0,0.040395,10.0,1536.0,1505.103872,204.381,205.029,208.835,208.835,211.428,211.428,211.428,211.428,213.613,0.3915515840779854,-0.9570247356368492,-0.2900063023094825,-0.7021530529443542,0.7120260460411002,0.0,0.0,0.0
1637945570.0,3.0,0.096775,20.0,1536.0,1569.886208,339.719,340.44,351.717,351.717,352.86,354.127,354.127,354.127,356.473,0.3919577579203899,-0.957361525375442,-0.2888925574167786,-0.681998360168517,0.7313537015203067,0.0,0.0,0.0
1637945586.0,3.0,0.01871,30.0,1536.0,1604.595712,443.575,442.934,452.433,452.51,453.383,453.403,454.075,454.075,456.505,0.3923639317627945,-0.9576970189895214,-0.287778421391501,-0.6613118652453555,0.7501110696994872,0.0,0.0,0.0
1637945602.0,3.0,0.041213,50.0,1536.0,1711.050752,762.868,763.015,775.415,775.857,783.688,784.945,787.771,787.771,788.799,0.392770105605199,-0.9580312160206572,-0.2866638957559549,-0.6401096995709568,0.7682835235218698,0.0,0.0,0.0
1637945618.0,3.0,0.075032,60.0,1536.0,1817.419776,863.87,866.484,880.725,880.828,884.71,889.946,890.367,891.296,895.309,0.3931762794476036,-0.958364116016395,-0.2855489820190465,-0.6184083952495755,0.7858568932603727,0.0,0.0,0.0
1637945634.0,3.0,0.464607,80.0,1536.0,1848.389632,1854.452,1867.087,1885.345,1887.546,1892.337,1894.829,1899.466,1899.743,1900.781,0.3935824532900081,-0.9586957185218976,-0.2844336817041582,-0.5962248750289717,0.8028174751440623,0.0,0.0,0.0
1637945650.0,3.0,0.248248,90.0,1536.0,1848.389632,1229.796,1238.246,1264.225,1265.229,1270.627,1271.971,1276.004,1278.19,1278.667,0.3939886271324126,-0.9590260231006404,-0.2833179962793924,-0.5735764362114422,0.8191520443867435,0.0,0.0,0.0
1637945666.0,3.0,0.399445,100.0,1536.0,426.47552,3158.632,3154.916,3190.743,3200.507,3208.704,3212.845,3220.944,3221.268,3222.422,0.3943948009748172,-0.9593550292889153,-0.2822019273110386,-0.5504807405120667,0.834847862981805,0.0,0.0,0.0
1637945682.0,3.0,0.361917,120.0,1536.0,437.551104,1660.875,1650.643,1698.636,1708.6,1726.431,1729.874,1732.099,1735.51,1737.541,0.3948009748172217,-0.959682736657754,-0.28108547625426,-0.5269557957195311,0.8498926928486888,0.0,0.0,0.0
1637945698.0,3.0,0.556481,130.0,1536.0,445.595648,1827.941,1851.349,1879.408,1880.654,1886.437,1895.399,1899.678,1899.758,1901.217,0.3952071486596263,-0.9600091447470944,-0.2799686446764209,-0.5030199470438192,0.864274801712993,0.0,0.0,0.0
1637945714.0,3.0,0.322495,140.0,1536.0,451.039232,1907.079,1897.56,1962.495,1969.673,1986.497,1988.65,1991.037,1991.402,1993.179,0.3956133225020308,-0.9603342531313568,-0.278851434033679,-0.4786918581418328,0.8779829753182686,0.0,0.0,0.0
1637945730.0,3.0,0.587568,150.0,1536.0,458.063872,6128.739,6139.823,6175.405,6181.228,6212.488,6219.08,6227.315,6234.597,6235.248,0.3960194963444354,-0.9606580613581686,-0.2777338458804856,-0.4539904997215924,0.8910065241975161,0.0,0.0,0.0
1637945746.0,3.0,0.530338,170.0,1536.0,475.488256,2580.933,2574.813,2634.639,2658.267,2682.391,2688.472,2693.012,2695.786,2704.976,0.3964256701868399,-0.9609805689891894,-0.276615881729907,-0.428935133580352,0.9033352927791573,0.0,0.0,0.0
1637945762.0,3.0075406639016244,0.7683104213163596,218.5177405675725,1647.7901210958503,617.4884551338611,14496.290314733811,13064.973397182604,14728.333473065326,14927.563483028749,16391.95972836467,12842.798178046958,14711.279832309563,13316.457418366805,9112.633455017283,0.3968318440292445,-0.9613017755998664,-0.2754975430535524,-0.4035452963037387,0.9149596678712826,1.0,1.0,2.0
1637945778.0,3.005248779141987,0.7776000053142444,220.9478308350928,1745.2967671277797,625.8165146263577,15337.145619070072,14148.580168786393,15062.530766901198,15323.068365115127,17339.624316776524,13985.018104161094,15372.844869913884,13939.5787639146,10264.16095333051,0.3972380178716491,-0.961621680739264,-0.2743788314214361,-0.3778407869695193,0.9258705847483516,1.0,2.0,1.0
1637945794.0,3.0,0.494714,190.0,1536.0,545.734656,9396.611,9401.306,9461.739,9466.59,9500.292,9506.012,9509.402,9510.517,9520.764,0.3976441917140536,-0.9619402839902804,-0.2732597482921668,-0.3518416483240174,0.9360595357693006,0.0,0.0,0.0
1637945810.0,3.0,0.507959,200.0,1536.0,554.549248,11512.489,11509.654,11604.252,11606.1,11619.69,11626.417,11627.566,11634.953,11639.319,0.3980503655564582,-0.9622575849056348,-0.2721402952368042,-0.3255681545801909,0.9455185755569528,0.0,0.0,0.0
1637945826.0,3.0,0.739813,210.0,1536.0,566.030336,11921.439,11931.942,11981.534,12002.765,12032.655,12038.404,12042.009,12042.378,12055.224,0.3984565393988627,-0.9625735830716208,-0.2710204737149237,-0.2990407921423237,0.954240328551928,0.0,0.0,0.0
1637945842.0,2.9804586867010228,0.7567209884503173,242.56728786037115,1578.568959692249,568.7013857181615,14208.475745974356,12066.896289123266,13861.88387836637,13065.417939517913,15383.842387243783,15080.017927933999,14063.451153979539,10969.989156996005,10016.55144401381,0.3988627132412672,-0.9628882780446144,-0.2699002852986213,-0.2722802471340066,0.9622179935028466,1.0,1.0,1.0
1637945858.0,3.0,0.505571,220.0,1536.0,575.471616,10943.599,10952.392,11038.4,11058.369,11098.76,11113.475,11130.844,11131.618,11133.82,0.3992688870836718,-0.9632016694143076,-0.2687797314484316,-0.2453073857312133,0.9694453499324848,0.0,0.0,0.0
1637945874.0,3.0,0.609191,230.0,1536.0,587.300864,10975.541,10969.709,11053.885,11079.915,11105.395,11113.847,11115.489,11116.027,11117.756,0.3996750609260763,-0.9635137567407358,-0.2676588137374784,-0.2181432414590778,0.9759167619247692,0.0,0.0,0.0
1637945890.0,3.009876946212004,0.793868588559071,247.93738936274633,1728.6316362092225,638.9927302438218,16959.840581603952,14933.990696798162,15511.015060939644,14729.32112382088,17906.329166311993,16919.296496599334,16969.038679843834,13250.917761224082,11552.885935539107,0.4000812347684809,-0.963824539613112,-0.2665375336412728,-0.1908089951946852,0.981627183483014,1.0,1.0,2.0
1637945906.0,3.010844518479517,0.7907200835614042,250.52901151880897,1744.0968612724891,644.777671051077,17321.99114833509,15396.984657490355,15424.354557344921,15032.493788888494,17659.151100108444,16865.885539155573,17143.966638893035,13764.290888544914,12077.341817112148,0.4004874086108854,-0.9641340176029076,-0.2654158927059117,-0.1633259627316696,0.9865721615258426,1.0,2.0,1.0
1637945922.0,3.0,0.659376,250.0,1536.0,613.339136,10509.039,10529.589,10643.583,10649.658,10694.221,10696.332,10702.782,10705.102,10718.81,0.40089358245329,-0.9644421903027214,-0.2642938924078446,-0.1357155726793909,0.9907478404378708,0.0,0.0,0.0
1637945938.0,3.0,0.73428,260.0,1536.0,624.898048,11867.242,11870.338,11979.617,11999.483,12033.995,12053.713,12058.001,12060.081,12064.675,0.4012997562956945,-0.9647490572799152,-0.263171534322226,-0.1079993561670053,0.9941509639222368,0.0,0.0,0.0
1637945954.0,3.0199677569052095,0.7964907509060001,238.46379825446297,1677.6383648557062,628.7698779608176,16286.880406590997,14434.329861406022,15414.069836959447,14906.643875012689,17263.01485055908,15990.272783703493,15802.84402802611,14198.24931307557,12920.447750783378,0.4017059301380991,-0.9650546181343874,-0.2620488199124194,-0.0801989245425212,0.9967788784390564,1.0,1.0,1.0
1637945970.0,3.0,1.17784,270.0,1536.0,639.373312,13361.587,13367.104,13463.031,13475.949,13529.575,13537.835,13554.198,13556.754,13566.316,0.4021121039805037,-0.9653588724447606,-0.2609257507264862,-0.0523359562080026,0.998629534756405,0.0,0.0,0.0
1637945986.0,3.0,0.830005,280.0,1536.0,652.734464,10793.491,10789.481,10897.585,10918.328,10988.284,11009.642,11018.695,11027.287,11030.24,0.4025182778229082,-0.9656618197915572,-0.259802328313004,-0.0244321783339292,0.9997014897767528,0.0,0.0,0.0
1637946002.0,3.0441613729225967,0.6941986198382252,206.45808495091717,1716.6644091428786,672.2077022053012,14573.946929659083,13842.875289219492,13151.096531860449,12633.07834357119,14457.179824383205,13903.575885496379,13745.62754064089,10672.899561729664,11610.548929017714,0.4029244516653127,-0.9659634597760216,-0.2586785541507802,0.003490651483235,0.999993907657553,1.0,1.0,2.0
1637946018.0,3.030095262993669,0.6550147450785313,206.39472718922522,1683.2876194272235,669.2884376277852,13912.849609249615,12990.093335559879,12292.485098784206,12538.781624449237,13623.480719640778,12665.450687055647,13377.473509290985,10263.32765145227,10897.501263279531,0.4033306255077173,-0.96626379198598,-0.2575544297752902,0.0314107589298938,0.99950656037039,1.0,2.0,1.0
1637946034.0,3.0,0.956757,300.0,1536.0,683.433984,15713.029,15693.546,15844.468,15859.746,15906.2,15924.014,15935.649,15936.86,15941.925,0.4037367993501218,-0.966562816014826,-0.2564299567084352,0.059306373676818,0.9982398279177732,0.0,0.0,0.0
1637946050.0,3.0144496295623964,0.6708533716224849,217.5082833129251,1620.0546280800718,650.7971077041065,14127.230758415053,11699.004840842053,12697.775181074538,14153.114386201298,14569.538301478236,12618.171604286224,14066.818314021235,11701.782177904708,10777.158772782383,0.4041429731925264,-0.966860531454009,-0.2553051364866586,0.0871557426328117,0.9961946981017932,1.0,1.0,1.0
1637946066.0,3.0,1.090965,310.0,1536.0,698.601472,16993.488,16975.043,17126.286,17144.316,17204.552,17222.445,17232.688,17238.568,17246.097,0.4045491470349309,-0.9671569379116112,-0.2541799705905949,0.114937150626035,0.9933727655849884,0.0,0.0,0.0
1637946082.0,3.0271010897041104,0.7623053775637998,229.5704059124555,1627.2853812873018,652.683488183579,14876.574746552022,11924.447740956126,13591.011325944177,14666.005484143241,15631.779008206719,14422.945616231125,15291.445448182581,13571.792264150674,10555.821392330272,0.4049553208773355,-0.9674520349715134,-0.2530544605998429,0.1426289336240901,0.989776230919522,1.0,1.0,1.0
1637946098.0,3.0,0.933867,320.0,1536.0,716.43136,19660.273,19650.176,19773.678,19808.531,19859.601,19872.519,19884.578,19889.379,19895.037,0.40536149471974,-0.9677458222489594,-0.2519286079818755,0.1702094993306739,0.9854078984550516,0.0,0.0,0.0
1637946114.0,3.018146487945945,0.7953370582481621,245.90616768396325,1587.5939562487977,645.3260445631689,15553.058472381026,12866.070289130332,13564.083774422605,13762.547089504136,15367.296996620516,15841.255558387349,15705.237961473043,13594.294054119886,10358.852143289754,0.4057676685621446,-0.9680382993315066,-0.2508024143172555,0.1976573398743832,0.980271174723496,1.0,1.0,1.0
1637946130.0,3.0,1.039578,330.0,1536.0,733.073408,21101.896,21097.635,21262.229,21282.643,21346.76,21368.427,21379.665,21389.479,21402.689,0.4061738424045491,-0.9683294658378152,-0.2496758810743473,0.2249510540851119,0.9743700648449732,0.0,0.0,0.0
1637946146.0,2.989361272472039,0.8174852555333135,262.4415215488848,1626.6271882909996,627.7810247121357,16466.645319215673,13835.980159239029,14601.350868755097,14599.757483055335,16745.953754572798,16766.71025875831,15455.836244840197,14426.877936301595,11180.316447596882,0.4065800162469537,-0.9686193213591218,-0.2485490098346692,0.2520693577767952,0.967709170603438,1.0,1.0,1.0
1637946162.0,3.0,0.774491,340.0,1536.0,750.61248,22512.141,22502.024,22645.509,22653.744,22727.608,22782.293,22790.928,22793.02,22799.301,0.4069861900893582,-0.9689078655139038,-0.2474218020815684,0.2789911058159256,0.9602936857418188,0.0,0.0,0.0
1637946178.0,2.994751499089823,0.8393508360365274,262.3898975623484,1702.4415747012395,637.4138058191897,16864.869227652543,14595.524751082998,16029.558841364156,16202.302304934927,17766.684070363914,18217.365392824315,15709.890839044685,15014.437673493703,11374.865271629216,0.4073923639317628,-0.9691950979078812,-0.246294259355212,0.3056953045357365,0.952129392879352,1.0,1.0,1.0
1637946194.0,3.0,0.981253,350.0,1536.0,770.338816,25739.446,25733.817,25876.692,25907.963,25962.754,26004.535,26019.993,26023.529,26027.504,0.4077985377741673,-0.969481018152183,-0.2451663831821292,0.3321611316955169,0.9432226580138718,0.0,0.0,0.0
1637946210.0,2.992053894036693,0.8323587902035516,256.14093514478816,1593.7052807865173,652.8755906909182,16251.440347871849,14665.756176946237,16660.09630374372,16111.985550317384,16456.45862221759,18649.00862541278,16468.996832800272,14278.348778891304,11228.935608071019,0.4082047116165719,-0.9697656258632656,-0.2440381750751891,0.3583679495918184,0.9335804264793452,1.0,1.0,1.0
1637946226.0,3.0,1.215419,360.0,1536.0,788.410368,25728.696,25759.888,25854.754,25881.562,25920.269,25937.046,25962.354,25981.928,25987.43,0.4086108854589764,-0.970048920645158,-0.2429096366041576,0.3842953225060969,0.9232102171769628,0.0,0.0,0.0
1637946242.0,2.9746633610734547,0.8309478629502294,259.32574298634813,1435.4746191475328,671.7030384619972,16546.937918758078,15176.685816546069,16723.099815354723,16356.156119600108,16117.569777004914,17946.931770130595,16475.678120035587,14159.475342308377,11756.594145952085,0.409017059301381,-0.970330902128492,-0.2417807692404563,0.4099230339171421,0.9121201161383108,1.0,1.0,2.0
1637946258.0,2.9785281334966704,0.8295796422328445,260.6810206056602,1438.9038200605987,684.5305070628226,17422.27404208424,15606.773224724946,16585.603498596556,17017.69071842998,16932.231903711454,17508.667094352943,16466.97755872211,14642.454716106278,11723.873333231055,0.4094232331437855,-0.9706115699173994,-0.2406515745688804,0.4352310992521627,0.9003187714602835,1.0,2.0,1.0
1637946274.0,3.0,1.089599,370.0,1536.0,806.567936,29450.017,29443.658,29611.058,29642.888,29705.959,29728.675,29738.28,29742.49,29750.743,0.4098294069861901,-0.970890923645937,-0.2395220540617069,0.4601997848867252,0.8878153850830767,0.0,0.0,0.0
1637946290.0,2.9958965822474912,0.8106768335851554,258.51072768045265,1549.5480778774327,679.2642184092059,17939.81436228477,15053.390201941775,15340.443811748592,16512.600680091622,17286.659014013723,15579.651584441752,15707.350526911694,14457.20510273701,10811.734635413693,0.4102355808285946,-0.9711689629219258,-0.2383922093046482,0.4848096201584844,0.8746197071880933,1.0,1.0,1.0
1637946306.0,3.0,0.804126,380.0,1536.0,826.63424,30306.712,30289.692,30462.95,30492.783,30561.094,30590.52,30594.2,30598.111,30611.083,0.4106417546709991,-0.9714456873793972,-0.2372620417849651,0.5090414158785318,0.8607420269281497,0.0,0.0,0.0
1637946322.0,2.9904381025470355,0.8168318597531864,261.1814273888047,1581.2888832071937,631.0040315125214,16553.684853800747,14137.059804027915,15575.856609327835,14509.150614049671,16403.773686864075,13856.020786707355,15972.172569940765,13798.047754548414,10636.267608178889,0.4110479285134037,-0.9717210966367849,-0.2361315530610095,0.5328762760136763,0.8461931661634927,1.0,1.0,2.0
1637946338.0,2.9809234069155592,0.8546459851764232,266.78701362016295,1581.3984322950143,611.8985279644814,16213.825216915904,14584.429914698067,16672.051921024682,14294.125355779828,17023.240526372167,14047.944957697273,16648.902989169463,14273.091031490407,11293.665945170731,0.4114541023558082,-0.9719951903315328,-0.2350007446208781,0.5562956156514757,0.8309844691731282,1.0,2.0,1.0
1637946354.0,3.0,1.043099,390.0,1536.0,847.228928,34398.035,34416.321,34546.405,34589.176,34691.157,34739.133,34747.702,34749.024,34751.78,0.4118602761982128,-0.9722679680788466,-0.233869618052091,0.5792811719350638,0.8151277960182312,0.0,0.0,0.0
1637946370.0,2.9944404166084424,0.9228409051182499,274.0955671472641,1592.15920751488,624.3290553545321,17746.655044882158,17170.945015027268,18644.35194511458,16034.381284421395,19961.26863129643,16820.30752314519,18386.107038864455,16892.95333104752,13197.534213834719,0.4122664500406174,-0.9725394295230704,-0.2327381748294443,0.6018150229518137,0.7986355101981805,1.0,1.0,2.0
1637946386.0,3.0139948851373477,0.9047944075451911,270.51957489464763,1562.2730996883492,641.0607031931827,18230.73529726214,17765.184304008555,17993.89958629637,16462.411161395386,20364.38900011741,17399.36320254886,18469.12365278124,17419.595096958346,12948.490975228642,0.4126726238830219,-0.9728095742831044,-0.2316064165413494,0.6238795963443846,0.7815204727101956,1.0,2.0,1.0
1637946402.0,3.0,1.157806,400.0,1536.0,871.653376,35464.661,35449.203,35634.138,35671.451,35794.487,35800.528,35811.094,35817.245,35818.496,0.4130787977254265,-0.9730784020067264,-0.2304743446634258,0.6454576875576734,0.7637960287751573,0.0,0.0,0.0
1637946418.0,3.025305720784868,0.7558901780597429,243.90976815052346,1368.3542716805491,634.0229166894197,14894.716849091019,15119.761543539487,13610.93421451854,14399.636894940266,16903.987130784462,13832.200124322682,16297.517402439964,14155.441713341905,10028.707163516065,0.413484971567831,-0.9733459123165342,-0.2293419607849676,0.6665324699259028,0.7454759999721491,1.0,1.0,2.0
1637946434.0,3.0247498789596383,0.7058754446861035,233.00126928497116,1289.042657389997,635.191050627858,13663.285763998647,13774.724241399568,12784.796025744785,13301.185082247368,16413.01072537568,12592.54035111903,15170.254125685391,13350.427672757734,9647.232320744035,0.4138911454102356,-0.97361210486374,-0.22820926638241,0.6870875106702423,0.7265746710978643,1.0,2.0,1.0
1637946450.0,3.0,1.089941,410.0,1536.0,892.53888,38056.723,38048.922,38241.29,38265.713,38344.874,38364.97,38379.695,38400.228,38414.25,0.4142973192526401,-0.9738769792779456,-0.2270762630317491,0.7071067812322734,0.7071067811408217,0.0,0.0,0.0
1637946466.0,3.020996549852557,0.7323016424163314,229.3967460401539,1339.0198240525567,648.8041605821704,14826.944406624678,14967.195149963725,14518.516513263192,14624.543119321901,18958.659302888358,14401.314350686158,15031.764378478,14063.146745021006,11919.788041541013,0.4147034930950447,-0.9741405352005986,-0.225942952266919,0.7265746708667769,0.6870875109146104,1.0,1.0,2.0
1637946482.0,3.014351096609866,0.7656897757387425,236.3409444619925,1415.935669744732,652.6345233960657,16649.09848963374,16727.782154499037,15562.375362835593,16245.939387918288,20205.376117346994,16441.935614545815,15515.16258228962,14820.74752736718,13169.879471785494,0.4151096669374492,-0.9744027722847468,-0.2248093355797311,0.7454759997479748,0.666532470176628,1.0,2.0,1.0
1637946498.0,3.0,1.165255,420.0,1536.0,916.04992,39545.342,39557.898,39686.153,39714.84,39790.861,39825.98,39849.402,39850.862,39862.853,0.4155158407798537,-0.97466369016224,-0.2236754145616483,0.763796028558071,0.6454576878145603,0.0,0.0,0.0
1637946514.0,2.9926428357429447,0.7855834020896477,244.8848344616141,1547.3641555232832,624.9537925297732,18968.35846910224,17098.450775837555,15906.135092617811,17885.10275772381,19300.095437647953,18460.83257549215,16076.921503057954,15181.679351032542,12921.170191730402,0.4159220146222583,-0.974923288492886,-0.22254119069111,0.7815204725003668,0.6238795966072327,1.0,1.0,2.0
1637946530.0,2.9870463737775537,0.7778661983284769,242.20778348619757,1548.9527777376416,612.0683474799948,18746.88156344845,15817.640700368296,15568.661216185286,17503.0842731762,17778.55326681316,17878.620359550263,15709.222702579133,14824.941275051071,11877.497984217676,0.4163281884646628,-0.97518156691224,-0.2214066655604312,0.7986355099957726,0.601815023220418,1.0,2.0,1.0
1637946546.0,3.0,0.948027,430.0,1536.0,939.646976,42538.886,42523.421,42734.463,42790.76,42884.97,42941.074,42945.849,42946.333,42950.817,0.4167343623070674,-0.9754385250835506,-0.2202718406488392,0.8151277958234021,0.5792811722092149,0.0,0.0,0.0
1637946562.0,2.9996227863722016,0.775685084058014,234.6797956472817,1605.8098453150383,642.4865042921418,17866.440067579362,14849.110256535636,15756.514889373455,16988.099050841527,17677.203233464374,17058.49317101287,15971.505517358239,15746.008595494806,11568.494935159913,0.417140536149472,-0.9756941626460792,-0.2191367175494928,0.8309844692450752,0.5562956155440026,1.0,1.0,3.0
1637946578.0,3.0084078966469563,0.7662493095679378,232.99238167281396,1663.0664750604315,674.7177602941211,17061.888907573895,15255.569139491987,15381.627016825767,16357.109645116003,17892.845691065264,16724.519360251477,15876.34910386503,15788.29360273175,12045.65447909063,0.4175467099918765,-0.9759484792633462,-0.2180012977566006,0.8461931662324108,0.5328762759042361,1.0,2.0,2.0
1637946594.0,3.003258547451405,0.7597809994384451,239.22592718146046,1689.2221380264864,700.3494673162534,16776.56774622623,16032.854292504118,15374.1843693976,16293.714841184632,18254.803729924144,17141.979734913046,16333.62123636813,15775.240520480875,12686.890213557579,0.4179528838342811,-0.9762014745878378,-0.216865582821551,0.8607420267569443,0.5090414161680242,1.0,3.0,1.0
1637946610.0,3.0,0.97655,440.0,1536.0,962.916352,45564.508,45544.224,45734.274,45766.86,45858.129,45868.502,45891.612,45896.987,45901.573,0.4183590576766856,-0.9764531482770352,-0.2157295742819374,0.8746197070250378,0.4848096204526444,0.0,0.0,0.0
1637946626.0,2.9682717264604728,0.8029137949513419,265.4695476577757,1568.1066046588894,721.9272217155415,18685.9481307211,17521.056028099527,17377.035973157923,17966.13851777479,20535.354632538518,19873.160570912893,18181.29061826149,16740.449698781063,14483.171473522314,0.4187652315190902,-0.9767034999870864,-0.2145932736899635,0.8878153849282981,0.4601997851853233,1.0,1.0,3.0
1637946642.0,2.972353168272597,0.8563412118776381,280.23496500579586,1478.752092182075,739.8247184692129,21172.954965378194,18858.867045580442,20357.65148342707,20053.44234403297,23327.275265567634,22551.600210158154,20098.48861885081,19010.804273511803,15820.47224496466,0.4191714053614947,-0.976952529388419,-0.2134566825413771,0.9003187713139026,0.435231099554966,1.0,2.0,2.0
1637946658.0,2.99011283629076,0.909909735748979,287.11076303271807,1465.3671446124833,764.6723333516269,23730.658845878388,20404.006140257596,23502.14932721486,21971.57961673137,26194.039452428908,25230.615721300732,22227.375477792135,21564.167287597524,17095.76329525787,0.4195775792038992,-0.9772002361314258,-0.2123198024318165,0.9121201160004416,0.4099230342239146,1.0,3.0,1.0
1637946674.0,3.0,1.048919,450.0,1536.0,988.020736,48932.103,48936.731,49191.206,49211.653,49293.694,49312.785,49324.819,49326.726,49337.426,0.4199837530463038,-0.9774466198931394,-0.2111826348435793,0.9232102170477132,0.3842953228165993,0.0,0.0,0.0
1637946690.0,3.013779330534102,0.9406326091464358,280.8380463676805,1520.0268769714335,794.6386254451693,27383.70117447779,22707.154137369842,25851.827961365416,22323.299789375866,28240.9412541628,27502.67185086839,24916.76612095724,24079.906738993133,18509.633823041935,0.4203899268887083,-0.977691680330723,-0.2100451813588861,0.9335804265256936,0.3583679494710763,1.0,1.0,2.0
1637946706.0,3.014365275978493,0.9292575265935367,281.9147560725419,1517.3025894623638,788.1242263645914,27154.26704423209,22843.75982995348,25076.69118126276,21886.766844750327,27594.853436306475,26954.07522810653,24819.311410926784,24022.827048745996,18442.995461159757,0.4207961007311129,-0.9779354171154898,-0.2089074435034638,0.9432226579021564,0.33216113201275,1.0,2.0,1.0
1637946722.0,3.0,1.147974,460.0,1536.0,1012.391936,50000.251,49974.008,50192.927,50247.392,50275.572,50300.755,50304.606,50310.208,50319.428,0.4212022745735174,-0.9781778299174556,-0.2077694228176446,0.9521293927765376,0.3056953048559652,0.0,0.0,0.0
1637946738.0,3.00167275383049,0.9162403990634199,287.8715787017277,1533.9525105778666,727.9996687713149,23516.57255130067,21026.157565700745,22590.370037548313,21023.215811084763,26002.48538280366,24364.315526527862,22339.19194760311,23058.47816013113,17926.26182893767,0.421608448415922,-0.9784189184054218,-0.2066311208563814,0.960293685647986,0.2789911061389002,1.0,1.0,3.0
1637946754.0,3.0062447453968937,0.9158881530902596,285.3541278770915,1566.1285601452369,713.8253955953851,22279.88189164469,20019.045523441007,21883.502621259475,20541.220253466705,26036.833794460043,23938.77034387998,21293.965764190332,22973.348272134197,17692.466989068038,0.4220146222583266,-0.97865868226201,-0.2054925391180564,0.96770917051866,0.2520693581022638,1.0,2.0,2.0
1637946770.0,3.02208230702539,0.9144555407756818,278.5282105329683,1612.3885022824645,721.3170937064109,22220.516192291852,19455.66227597186,21605.13228725548,19753.70770252927,26214.661001457323,24124.93300941984,20965.472096659043,22982.54596201797,17459.39489994,0.4224207961007311,-0.9788971211506206,-0.2043536792011028,0.9743700647693156,0.2249510544128208,1.0,3.0,1.0
1637946786.0,3.0,0.919832,470.0,1536.0,1040.224256,54174.044,54176.955,54409.994,54467.512,54498.509,54506.893,54517.047,54519.002,54522.903,0.4228269699431357,-0.9791342347603696,-0.2032145425903993,0.980271174657018,0.1976573402040769,0.0,0.0,0.0
1637946802.0,3.0396097515305756,0.8988170803818535,271.8220031282445,1720.565563185313,741.4452094498024,23340.257206395752,19346.451127088927,21060.521133046637,18328.924995381472,25430.071683415612,24250.704670227256,21418.696545420305,22474.65248743852,17103.029217201038,0.4232331437855402,-0.979370022758378,-0.2020751308851581,0.9854078984770652,0.1702094992032288,1.0,1.0,8.0
1637946818.0,3.0433331885193327,0.8948746651470273,280.6132665409575,1740.6573921379522,734.9882871365343,23669.015606545607,19564.32227015968,21052.205605404662,18906.367529887255,25161.723556888996,24069.29449588297,21556.823501494724,22257.905013723117,17472.553114684353,0.4236393176279447,-0.9796044848372188,-0.2009354455709775,0.9897762309379684,0.1426289334960801,1.0,2.0,7.0
1637946834.0,3.0458694889339593,0.9113547666122976,295.8111018263639,1729.288609854225,722.5883961845726,24384.052916966153,19987.292239034145,21672.905598124016,20474.662317950577,25928.40525766764,24464.218774021127,21719.284560554177,22817.351759993362,18431.369490379373,0.4240454914703493,-0.9798376206677346,-0.1997954882478398,0.9933727655463316,0.114937150960135,1.0,3.0,6.0
1637946850.0,3.047985704623233,0.9432942074954733,310.9034602994364,1718.0920128092923,713.5098483100833,25263.97352872544,20352.370643016722,22658.3045810678,22276.13226657924,27373.58227803513,25381.37031497804,21932.797129518298,23804.243010244718,19426.50742113129,0.4244516653127538,-0.9800694299459564,-0.1986552604020548,0.9961946980724804,0.0871557429678609,1.0,4.0,5.0
1637946866.0,3.0522092265290133,0.9725781408063793,320.9568386248376,1708.9149823985863,708.6480676660985,25906.537275165476,20636.96537403782,23613.05144559043,23490.9175921402,28504.797313014868,26371.907131382584,22244.965350906114,24636.480020156585,20081.153543125984,0.4248578391551584,-0.9802999123464514,-0.1975147636343665,0.9982398278978268,0.059306374012555,1.0,5.0,4.0
1637946882.0,3.057856757134053,0.9810229909453971,320.2461163494278,1689.9329556578282,702.8233984891714,25773.4711703935,20493.42744860179,23639.21746626729,23149.0528861407,28223.705775986884,26661.97318684221,22148.94198583222,24218.749178560647,20053.84143387582,0.4252640129975629,-0.9805290675658526,-0.1963739994460565,0.9995065603598255,0.0314107592660568,1.0,6.0,3.0
1637946898.0,3.0604466906359793,0.9680396352319898,316.56788418796856,1648.4124394933874,701.6678723146,25553.944770179536,20376.65501153567,23365.862641432395,21988.712785741765,27424.70322124018,26601.87569101227,21945.128621549964,23235.388592484487,19672.74763843005,0.4256701868399675,-0.9807568952881848,-0.1952329694100879,0.999993907656379,0.003490651819562,1.0,7.0,2.0
1637946914.0,3.053542871495579,0.9407456795587312,313.3651808942503,1581.0433443612644,701.3862900026695,25011.06373828084,19882.459229039378,22831.97376738712,20410.22717440954,26266.4875050301,26001.79983593316,21469.14046146847,21935.649525572207,18926.989383191783,0.426076360682372,-0.9809833952135258,-0.1940916750284345,0.99970148978497,-0.0244321779977006,1.0,8.0,1.0
1637946930.0,3.0,1.159854,490.0,1536.0,1094.311936,59132.817,59118.538,59355.495,59407.606,59455.552,59467.803,59504.038,59510.13,59515.786,0.4264825345247766,-0.981208567029512,-0.1929501178747804,0.9986295347496364,-0.0523359563371576,0.0,0.0,0.0
1637946946.0,3.0391412066759,0.8974275774950614,305.9304759898023,1498.7181354216923,711.0212705116545,23982.121308320588,19267.00664244924,21820.551463928812,19522.603407752096,26083.08080091433,24576.84135983989,20145.412082829258,21382.020942213825,17935.284905705666,0.4268887083671812,-0.981432410425711,-0.1918082995231922,0.9967788784660296,-0.0801989242072755,1.0,1.0,3.0
1637946962.0,3.045001154621767,0.8975769792722802,300.0126857925722,1508.697242282065,723.0748653620246,24006.607634584136,19445.555823146322,21656.846578988672,20030.886597502034,27274.442381592627,24568.558711992082,19694.265282989152,22295.508445433275,17436.276170046138,0.4272948822095857,-0.9816549251102694,-0.1906662214624061,0.99415096395856,-0.1079993558326435,1.0,2.0,2.0
1637946978.0,3.0571861761046426,0.9013936922503856,289.2485574468742,1536.442105049936,727.6341827540924,23430.382629047217,19307.361942899337,21111.757904323156,19900.007879689892,27473.368319235444,24546.08856208917,19300.607638868736,22726.137980149273,16585.629836439006,0.4277010560519902,-0.9818761107708032,-0.1895238852957634,0.990747840483516,-0.1357155723461736,1.0,3.0,1.0
1637946994.0,3.0,1.156934,500.0,1536.0,1122.123776,60977.2,60960.162,61170.63,61208.014,61304.227,61358.066,61366.236,61366.765,61379.5,0.4281072298943948,-0.9820959671161822,-0.188381292526967,0.986572161580774,-0.1633259623998568,0.0,0.0,0.0
1637947010.0,3.0601595958745507,0.9133564044140301,278.92180412505184,1533.2288576696858,712.1975813020402,21543.919297730747,19213.921515987924,21069.796643598922,18460.707012487033,25443.70075785226,24672.72341152546,20108.366199710727,22272.32065360897,15927.789732384363,0.4285134037367993,-0.9823144938459788,-0.1872384447172067,0.981627183458336,-0.1908089953216412,1.0,1.0,4.0
1637947026.0,3.051906762706748,0.9314236864665655,282.46654176238707,1472.4484310209234,703.4913102989105,21468.78757729987,19492.380879157157,21593.700830527545,18108.846051877386,25054.124362984978,25340.518086426055,20717.4037884093,22212.89462022225,16639.233281817364,0.4289195775792039,-0.9825316906643392,-0.186095343413733,0.9759167618965562,-0.2181432415852953,1.0,2.0,3.0
1637947042.0,3.038528753126579,0.9506474577203576,286.9815782143852,1455.100270845381,692.738086421322,21453.300551789955,19819.966908027724,21754.977341709375,18223.95450854375,24919.900786713406,25433.206835558463,20527.987177845273,21844.78014033889,17021.899594521747,0.4293257514216084,-0.9827475572745192,-0.18495199017844,0.9694453500149888,-0.2453073854051607,1.0,3.0,2.0
1637947058.0,3.023350166419052,0.967529194959506,291.0825962132705,1524.5151807528664,685.5741366574046,21556.389106268856,20183.671735979628,21742.354245963426,18992.760959725114,25072.962824803362,25020.870791957343,20019.598037934626,21470.289404838077,16778.20464944457,0.429731925264013,-0.9829620933923404,-0.1838083865163597,0.9622179935944224,-0.2722802468103849,1.0,4.0,1.0
1637947074.0,3.0,1.205452,510.0,1536.0,1151.807488,65936.948,65914.893,66135.089,66160.157,66251.425,66263.245,66307.767,66317.956,66333.241,0.4301380991064175,-0.9831752987166203,-0.1826645340329755,0.954240328652504,-0.299040791821385,0.0,0.0,0.0
1637947090.0,3.0034005262009096,0.9506742855775613,287.2634385221012,1821.258662957091,671.3962352709901,21291.768276689956,19809.877698030636,19990.0178736303,20198.749741953055,23581.121031974384,22870.710024189375,18752.98657861576,19536.10299335283,14092.986291604935,0.4305442729488221,-0.9833871729693756,-0.1815204342196757,0.9455185756664508,-0.3255681542621856,1.0,1.0,4.0
1637947106.0,2.9945463829341468,0.9288008842325831,281.8825211379176,1879.514230210669,653.1505747970559,20730.678318810453,18829.52590971074,19134.61564983272,20198.605708601222,22067.936656934173,21663.834235608658,18534.117769416087,18421.101128943337,12558.180481406001,0.4309504467912266,-0.9835977158531594,-0.18037608868264,0.9360595358876352,-0.3518416480091934,1.0,2.0,3.0
1637947122.0,2.985645092605758,0.9230401232875554,278.07060948642066,1863.334369021201,636.7417948807911,20148.024097521604,17935.674463804768,19098.01583806508,19854.329216669623,21064.388747563244,20725.54571915197,18553.141464933542,17966.997632780414,11731.225378065845,0.4313566206336311,-0.98380692709346,-0.1792314989138997,0.9258705848754304,-0.3778407866581222,1.0,3.0,2.0
1637947138.0,2.979467963904371,0.9438234414877119,276.90467222475104,1830.592123304272,634.1159230289805,19995.626617711638,17636.265679883498,19839.440168126457,19597.629948004043,21197.46516932465,20348.31990399124,18614.38395273319,18460.661137050585,11909.591462925964,0.4317627944760357,-0.98401480639657,-0.1780866665203223,0.9149596680070066,-0.4035452959960112,1.0,4.0,1.0
1637947154.0,3.0,1.129426,520.0,1536.0,1181.315072,67205.029,67241.322,67444.988,67465.299,67591.996,67628.199,67650.015,67651.267,67667.071,0.4321689683184403,-0.9842213534888756,-0.1769415930088963,0.9033352929234204,-0.4289351332765341,0.0,0.0,0.0
1637947170.0,3.0013802613914455,1.0063733252431022,279.07508075365473,1890.5483005626284,677.9564786372542,22349.863587924054,19697.3359120879,22091.669417387762,20113.52650582773,24178.267716814382,22597.76903667824,19219.221959225804,21574.19375444032,13724.31463899523,0.4325751421608448,-0.9844265680906914,-0.1757962799298761,0.8910065241388004,-0.4539904998368283,1.0,1.0,4.0
1637947186.0,3.004208062834942,0.9978543430039669,274.90862643862135,1955.7884725018566,690.1990668647401,23351.388698444836,20219.080807925646,21805.582155124088,20118.836576609927,24648.76198325864,23192.140044671385,19085.423412597054,21933.613509231174,13691.838873782386,0.4329813160032494,-0.9846304499165124,-0.1746507288768254,0.8779829754792665,-0.4786918578465416,1.0,2.0,3.0
1637947202.0,2.994096128495621,0.9532032614098925,266.9496171549683,1982.8616331445526,677.3079279861187,22807.66698453624,19443.2092589388,20375.754944931563,19020.332528645657,23380.478230770088,22274.523471676963,18238.6673598273,20570.45813899943,12565.84758732275,0.4333874898456539,-0.9848329987005114,-0.1735049413433474,0.8642748018821732,-0.5030199467531385,1.0,3.0,2.0
1637947218.0,2.981737165199219,0.8970245434494741,259.78713120998043,1945.9926213065523,648.6985036679996,21167.240175363615,17891.060030773577,19094.565088684787,17597.880009136214,21487.107602879434,20608.183955305158,17254.151013126917,18727.43254739564,11208.98979420606,0.4337936636880585,-0.9850342141583344,-0.1723589189379911,0.8498926930259194,-0.5269557954336875,1.0,4.0,1.0
1637947234.0,3.0,1.228878,530.0,1536.0,1211.465728,70152.714,70156.832,70477.787,70499.724,70556.239,70596.029,70603.04,70605.175,70622.148,0.434199837530463,-0.98523409602763,-0.171212663154974,0.8348478631669476,-0.5504807402312832,0.0,0.0,0.0
1637947250.0,2.985669203701199,0.8559631334271351,256.51314205309075,1825.56913397792,613.9238935216913,18137.12689517001,15820.524255518987,18992.517484495107,15906.925058679755,20128.431045770427,18789.554186863203,16184.344220760813,16975.175376418054,10769.269234361363,0.4346060113728676,-0.9854326440277889,-0.1700661756035028,0.8191520443125616,-0.573576436317385,1.0,1.0,4.0
1637947266.0,3.0009097998104326,0.885949236131353,262.7811467114747,1810.3825306866354,625.9241943481439,18024.85150318142,16127.310506755855,20049.312262082225,16105.569768565198,20949.640184722528,19559.739504323195,16463.999357846456,17783.131017733456,11591.720544181873,0.4350121852152721,-0.9856298578974794,-0.1689194577927442,0.8028174750669511,-0.596224875132802,1.0,2.0,3.0
1637947282.0,3.0129485993082565,0.9098828130936933,268.9643167535028,1804.03612805361,645.2465557157675,18577.194364910258,16773.81681157001,20645.473695500008,16781.4502901426,21362.594765353202,20590.9542396678,16856.963626510846,18799.77183014946,12251.308509224125,0.4354183590576767,-0.9858257373672116,-0.167772511289525,0.7858568934683614,-0.618408394985269,1.0,3.0,2.0
1637947298.0,3.01513055650776,0.9044520679715989,271.21826513736596,1804.1031602869016,651.700607033571,18563.17991865725,16782.544453934814,19581.415108999867,17430.561935105707,20513.33465048301,20664.508870990605,16401.140335933167,19017.506960711773,12007.889900907132,0.4358245329000812,-0.9860202821717928,-0.1666253376466444,0.7682835237371572,-0.6401096993125607,1.0,4.0,1.0
1637947314.0,3.0,1.210689,540.0,1536.0,1241.972736,75025.761,74978.553,75260.051,75330.781,75389.229,75415.295,75457.668,75462.143,75493.428,0.4362307067424857,-0.9862134920454296,-0.1654779384315607,0.7501110699219056,-0.6613118649930713,0.0,0.0,0.0
1637947330.0,2.9953434679018076,0.8025816224720432,259.6236028456062,1682.8050130180782,623.9962339343567,16253.197388669654,14121.31556211437,14289.485223701446,16701.30206607829,16576.35297917006,16964.8824850298,13304.068150690493,16794.907483743886,8775.389222781345,0.4366368805848903,-0.986405366733768,-0.1643303151546321,0.7313537017496824,-0.6819983599225415,1.0,1.0,49.0
1637947346.0,3.0018306127678547,0.756747200119988,249.14238911333268,1670.3616613573931,627.2940953191944,15297.426627494471,12729.416255045504,12626.021091651299,15616.59817500103,15764.845914186848,15150.67323001896,11636.037825420535,16221.786962912223,7523.649995196722,0.4370430544272949,-0.9865959059674386,-0.163182469426985,0.7120260462772546,-0.7021530527048792,1.0,2.0,48.0
1637947362.0,3.018164483142177,0.7271002257043349,235.4778657634009,1771.1998960220276,638.7966998507958,14525.356356327506,12162.165071665731,11969.224135355416,14713.68446442688,15799.5763496476,14028.013597879293,10613.81040110428,15831.385329954976,7007.004344633706,0.4374492282696994,-0.986785109498011,-0.1620344027452143,0.6921431739846935,-0.7217602279887652,1.0,3.0,47.0
1637947378.0,3.030886822501958,0.7112836515642045,224.96385526254002,1911.518928832239,653.6643251206001,14201.97093042996,12602.24516079314,11969.11201379929,14068.733405191311,16193.706084537156,13728.408038675545,10353.91011605761,15540.961286037615,7317.722106659638,0.437855402112104,-0.986972977059866,-0.1608861167210686,0.6717205896005428,-0.7408045960350808,1.0,4.0,46.0
1637947394.0,3.02929087243459,0.7069878883285149,223.1877720971163,1993.7121590377146,669.1822027685814,14733.127527711778,14027.152783853944,12682.483406967896,14125.57341664091,16841.769471423126,14599.989226433612,11211.337152062599,15732.223403702075,8249.270054139452,0.4382615759545085,-0.987159508408056,-0.159737612851717,0.6507742173610043,-0.7592713072533246,1.0,5.0,45.0
1637947410.0,3.012521746556114,0.7091909839042397,229.3557367849946,2000.977374963257,673.8470646966191,15455.953849336722,15201.609863209764,13391.598659688443,14630.461159209368,17105.521552957845,15856.636756195187,12186.05953173653,15935.255379464461,8996.93757333848,0.4386677497969131,-0.9873447032830216,-0.1585888927351543,0.6293203909534557,-0.7771459615350192,1.0,6.0,44.0
1637947426.0,2.9923172169852736,0.7121268568039995,237.0130458546047,1918.5784594464371,668.4911303467812,15889.00108539555,15303.728667261832,13710.252755322117,15099.613176300772,16792.83050460091,16503.38741556222,12545.67271967892,15895.851221919747,9060.801105219598,0.4390739236393176,-0.9875285614363764,-0.1574399579122186,0.6073758397966106,-0.7944146204793577,1.0,7.0,43.0
1637947442.0,2.974118014977271,0.7210441805836635,243.21341541454058,1793.4787919716418,666.0088778356574,16450.68467871263,15044.17129291996,14370.866786523266,15705.294283961553,16730.121815452952,16983.309069907504,13317.506751813398,16214.869067793945,8852.030541669701,0.4394800974817222,-0.9877110826192032,-0.1562908099384011,0.5849576748598438,-0.81106381908119,1.0,8.0,42.0
1637947458.0,2.97131016511275,0.7372089362291887,246.34208841334177,1698.1833432571452,679.9288337917201,17458.081552747826,14779.278802710918,15557.105282908811,16136.278544612589,17681.12543735946,17702.316868579244,14313.308798265416,17169.316456495377,8623.57810923206,0.4398862713241267,-0.9878922665821376,-0.1551414503838573,0.5620833779011573,-0.8270805742412434,1.0,9.0,41.0
1637947474.0,2.993425811842257,0.742164351918417,242.93105569885742,1646.5110857588477,706.0563801927182,18047.519123236,14730.312402941887,16022.892048850026,15827.553177472675,18507.202788120747,17974.20673507351,14843.91080465824,17622.310193675337,8259.630823878824,0.4402924451665312,-0.9880721130866552,-0.1539918807615264,0.5387707848467422,-0.8424523971095491,1.0,10.0,40.0
1637947490.0,3.01522571425943,0.7293308364233577,234.95733006468913,1636.805177765992,722.643317016731,17802.13759399877,14511.089237376023,15570.652454868368,14928.419260588598,18283.978032217175,17087.01864487688,14774.867610717669,16971.32695246709,7649.510856444003,0.4406986190089358,-0.988250621880273,-0.1528421026852671,0.5150380749325585,-0.8571673006885904,1.0,11.0,39.0
1637947506.0,3.0259869649814877,0.7195125042734045,234.26133107601635,1615.6671453982092,720.931245829463,17199.94536850393,14372.859639841534,15022.540436341267,13953.639475493912,17562.824470904114,15789.034978079715,14495.602284420445,15965.602473634353,7545.864744523084,0.4411047928513403,-0.988427792730246,-0.1516921176541937,0.4909037534207837,-0.871213811229704,1.0,12.0,38.0
1637947522.0,3.0153956728071893,0.7423750051063627,247.02069598197124,1587.0057796876522,701.5029546291807,17101.445767619014,14535.738168553638,15318.600030729185,13550.979713473864,17519.90257241091,15348.942634673125,14518.841665548827,15749.251696364156,8410.721974837681,0.4415109666937449,-0.9886036253878476,-0.150541927282748,0.4663866407458191,-0.8845809750010625,1.0,13.0,37.0
1637947538.0,2.995301172140635,0.7883501552111344,262.7897568747613,1544.4356587597053,669.6701061059301,17171.538323064517,14742.96047947179,16070.457534131727,13748.417139513249,18092.987791973508,15446.161459961191,14507.142541842844,15939.373064950565,9579.270206646323,0.4419171405361494,-0.988778119623822,-0.1493915330705821,0.4415058529797666,-0.8972583695818104,1.0,14.0,36.0
1637947554.0,2.981160442072583,0.8374717010562487,271.2350600423373,1526.9554877618743,641.8395055304466,17352.09541681391,15018.94626652751,16956.615194974504,14158.26806025382,18995.836145141693,16075.086774898155,14459.986662375451,16378.70915170978,10497.703310622175,0.442323314378554,-0.9889512751932,-0.1482409366327121,0.4162807926476179,-0.9092361088697868,1.0,15.0,35.0
1637947570.0,2.9818150415699827,0.8739755747892384,269.97308385408445,1566.3746124022396,628.833473319813,17689.360718254455,15070.417033175148,17567.850491320285,14518.607670843781,19482.983183545883,16879.94362483805,14386.769434900254,16592.77386263996,10649.19533576004,0.4427294882209586,-0.9891230918680756,-0.1470901394837132,0.390731128651769,-0.9205048533834652,1.0,16.0,34.0
1637947586.0,2.991409970925304,0.8776443553603959,259.9804899520998,1634.429945610558,627.2633358002189,17688.25382027475,14914.38067432755,17489.84369467543,14350.823342926491,18893.01681327274,17162.611816274893,14292.33751978997,16207.20226150824,10152.09648365042,0.4431356620633631,-0.9892935694136606,-0.1459391431959865,0.3648767847033829,-0.9310558157191872,1.0,17.0,33.0
1637947602.0,3.0033187282521228,0.8575278942680091,250.5889936525744,1672.0693307644328,630.450402981704,17446.276129351245,14675.247430285273,17144.228689040676,13889.23585856637,17642.524167749696,16772.93826688647,14404.00348470071,15503.10188117475,9675.383973290269,0.4435418359057677,-0.9894627075991528,-0.1447879493278141,0.3387379203803133,-0.9408807689056146,1.0,18.0,32.0
1637947618.0,3.0035705904990877,0.8039328269337107,239.33278198985204,1650.1797929377285,626.0753269742588,15958.139193461173,13727.820207076273,15843.029459272664,12973.160868655083,15569.982750964135,14820.030807222673,13603.97084207082,13898.90489320155,8745.822428620191,0.4439480097481722,-0.9896305061934731,-0.1436365594521466,0.3123349188540565,-0.9499720514122664,1.0,19.0,31.0
1637947634.0,2.9986688735337577,0.7549812303500868,233.96832425992113,1604.9121460529211,624.5908216437126,14556.760910442521,12738.24766228866,14434.43662009889,12111.247673468843,14256.937459633229,12888.14716113474,12241.460819066533,12685.233198536933,8173.653535702533,0.4443541835905767,-0.9897969649757176,-0.142484975084596,0.2856883675108522,-0.9583225744335694,1.0,20.0,30.0
1637947650.0,2.9935359993721704,0.7213605454827899,230.92770659644955,1559.6115766830217,626.4193219984044,13455.27024053567,11881.402867175404,12956.089347023537,11394.491042993042,13675.013703911454,11381.449551780239,10794.369829257517,11861.262898113171,7718.269142597397,0.4447603574329813,-0.9899620837163112,-0.1413331978130378,0.2588190449683937,-0.9659258263250076,1.0,21.0,29.0
1637947666.0,2.986778071746764,0.7024613984110178,226.56677796362936,1566.8623529221204,632.7954470609325,12817.680375349835,11177.302128352483,11867.151512306104,11052.99785649763,13640.582357966236,10747.845567935618,9751.856450219359,11298.740138107129,7144.208644009706,0.4451665312753858,-0.9901258621876272,-0.140181229225628,0.2317479035695093,-0.9727758781914452,1.0,22.0,28.0
1637947682.0,2.984078893656157,0.6917024322925028,221.34173251102646,1606.2130013605502,639.7446688397397,12659.342691887472,10675.752587429713,11175.63980720963,10854.777983183209,13609.626361016537,10938.653600113805,9266.634226114755,10779.448812389466,6543.418449971337,0.4455727051177904,-0.9902883001741032,-0.1390290708387475,0.2044960516735415,-0.978867388796834,1.0,23.0,27.0
1637947698.0,2.9864987364223,0.6795424630948741,217.6475929919728,1625.691111551134,644.8181057980115,12752.646077301648,10499.713161995129,10746.807595755647,10312.676936943615,13216.228799736651,11418.369751786055,9446.6517127548,10285.746130135241,5966.797189433351,0.4459788789601949,-0.990449397453765,-0.1378767242266577,0.1770847403633192,-0.9841956079613726,1.0,24.0,26.0
1637947714.0,2.9896452520023864,0.6755266030460249,219.8950880885096,1592.7054768971461,648.1490384819566,13233.374533587568,10714.453807979167,10797.179826438234,9619.194674335688,12892.836133556544,12014.290350556645,10269.357330211566,10084.279618735998,5736.502098868399,0.4463850528025995,-0.9906091538085104,-0.1367241909494688,0.1495353432411097,-0.9887563810776462,1.0,25.0,25.0
1637947730.0,2.986858825410167,0.687684403737528,228.14141244027974,1544.7039160456397,645.8783031502045,14191.041910330148,11412.110039668722,11508.31125948279,9523.98306525359,13160.085380756049,12827.476889492955,11580.1370228558,10573.482252703763,5884.2518055499895,0.446791226645004,-0.9907675690200798,-0.1355714725819614,0.1218693434164781,-0.9925461516399308,1.0,26.0,24.0
1637947746.0,2.9799168920563965,0.7218780719119027,239.52806437747472,1525.9707653227888,642.3976184866121,15565.271880604669,12654.599930306518,12653.429406815048,10379.03427665429,14160.490916112018,13967.21948281873,13150.075314875789,11902.051670265606,6450.446619898874,0.4471974004874086,-0.99092464287992,-0.1344185706414963,0.094108313081644,-0.9955619646254708,1.0,27.0,23.0
1637947762.0,2.9816318465948286,0.7609882530126083,248.36590220727788,1545.0942368143126,644.1828906933769,16890.309866571293,14020.342174523656,13519.472985575909,11625.584828899053,15397.688081091577,15185.535152404702,14261.29603895677,13469.5239438033,7164.787677984321,0.4476035743298132,-0.9910803751675183,-0.1332654867466106,0.0662739008430783,-0.9978014682626208,1.0,28.0,22.0
1637947778.0,2.987816800827192,0.7898000918751961,252.60204243032842,1590.4148933924648,652.5416882994775,17704.38413689041,15155.127508414378,13941.95812855374,12820.061451851463,16253.155734644435,16447.549281914708,15018.295583470786,14839.10698107821,7654.740188856413,0.4480097481722177,-0.9912347656798264,-0.1321122224007286,0.0383878092820889,-0.9992629164031466,1.0,29.0,21.0
1637947794.0,2.9927470836243466,0.8007184135695391,253.0810347848049,1614.098289510183,662.8471760195071,17732.112785821464,16000.94720822563,14341.236889286678,13509.795292840583,16280.162914457109,17593.25818674434,15985.916826077113,15631.503600916938,7848.736649162956,0.4484159220146222,-0.9913878142000984,-0.1309587792228962,0.0104717845272551,-0.999945169361208,1.0,30.0,20.0
1637947810.0,2.9977618786310325,0.7892908602782576,249.9728028315505,1549.7889318473158,671.1003809275517,16791.14126141293,16131.227399982972,14510.657811465599,13106.55584294207,15504.449886243372,17873.985674406806,16576.109869638447,15490.989767382673,7852.6301473714375,0.4488220958570268,-0.9915395205287848,-0.1298051587170064,-0.0174524062756181,-0.9998476951592132,1.0,31.0,19.0
1637947826.0,3.0057665684415906,0.7689776576164576,245.0483165845099,1415.457363153328,683.9110463116785,15506.111925086216,16051.874363915604,14596.143857203635,12100.747147585054,14675.103284383453,17471.351214624134,16541.115312567577,14664.737233247768,8267.421537830676,0.4492282696994313,-0.9916898844529088,-0.1286513625026047,-0.0453629877516335,-0.9989705698078624,1.0,32.0,18.0
1637947842.0,3.009602612001087,0.7605226522329065,241.03961507319295,1270.25341650736,701.3877990813667,14895.151047491738,16203.520421522822,14916.54363604623,11665.650209295607,14735.433182940735,17164.226347445063,16253.770335090565,14141.315959567275,9101.290016888564,0.4496344435418359,-0.9918389057745652,-0.1274973920984777,-0.0732381969993098,-0.9973144772338814,1.0,33.0,17.0
1637947858.0,3.0128913090189804,0.7591244397723315,239.04911364032887,1169.8984941920965,723.0699474779018,15209.402909867766,16684.13024078456,15451.070259356002,12109.284059983436,15643.780110404537,17092.410787330435,15980.977571125857,14140.389005367593,9862.418110336359,0.4500406173842404,-0.9919865842901128,-0.1263432490813628,-0.1010562968397256,-0.9948807088636512,1.0,34.0,16.0
1637947874.0,3.0117079970849887,0.7599110624069376,239.48032467512772,1170.244533255675,743.8773921211045,16281.14290584447,17650.638347166103,16081.767448621826,13553.018898106315,16899.616060523855,17418.359234946525,16114.865383263848,14666.208343320766,10355.80624303627,0.450446791226645,-0.9921329197996154,-0.1251889350138023,-0.1287955964827145,-0.9916711623954092,1.0,35.0,15.0
1637947890.0,3.0118701565393766,0.7618441848949106,241.62174904534183,1211.7874469781993,751.8263276990041,17472.956543278004,18406.787795297405,16505.218443131358,15208.194928534389,17713.65424596222,17663.87571658657,16499.410319550003,15125.351707740094,10349.177878326798,0.4508529650690495,-0.9922779121067612,-0.1240344514441307,-0.1564344651920356,-0.9876883405710942,1.0,36.0,14.0
1637947906.0,3.009301840185519,0.7729381200361429,246.3442409541634,1250.1947025689653,738.658291609159,18149.991485516435,18321.930140201046,16798.79113198442,16390.654502768735,17669.399983362324,17605.732624709206,16807.346790632037,15281.217639505236,10247.493385649681,0.4512591389114541,-0.9924215610098372,-0.12287979997867,-0.1839513505511664,-0.9829353491610736,1.0,37.0,13.0
1637947922.0,3.0041213386791554,0.7993056377536181,254.96059828673066,1272.912821692009,709.9612336997484,18251.606536912044,17696.946888092552,17461.003127016476,16965.298509429365,17299.029374943468,17618.75816588763,17371.87309702739,15367.386711915051,10601.513613667415,0.4516653127538586,-0.9925638663215494,-0.1217249821228885,-0.2113247966378913,-0.9774158942466374,1.0,38.0,12.0
1637947938.0,2.9985496399367864,0.8362545647820379,262.47613329550114,1290.4376594532396,678.4626942699986,17651.494306521923,16716.329221516105,18053.624855108614,16530.259601744656,16689.55348686184,17192.43547877624,17524.524705017153,15153.826978874142,10977.602987561644,0.4520714865962632,-0.992704827842118,-0.1205699994980129,-0.2385334575498355,-0.9711342799166964,1.0,39.0,11.0
1637947954.0,2.9963040253915536,0.8691652120152176,264.14266230622906,1343.8745108113576,656.2892765414322,16627.658480873106,15774.056372383195,18279.215124846596,15435.316631589361,16175.616197512425,16417.098352497258,16867.06231950815,14739.319881436064,11223.248709072524,0.4524776604386678,-0.9928444453877536,-0.1194148536099434,-0.2655561176986611,-0.9640954041757562,1.0,40.0,10.0
1637947970.0,2.993223335040778,0.8966516314944396,265.78828554455185,1443.3730634559256,649.1499001441007,16146.793914166537,15546.987873826189,18268.896389622638,14750.348679579705,16206.150560251144,16098.154333842924,16498.33863020766,14575.74173254007,11671.228392265255,0.4528838342810723,-0.9929827187624494,-0.1182595460803671,-0.2923717047260099,-0.9563047559620348,1.0,41.0,9.0
1637947986.0,2.9902452314085792,0.9007697786737577,268.3541419488247,1552.5424837875785,648.4836044399165,15855.296588510766,15510.669088725585,17681.249399224642,14223.53417732791,16207.902237646555,15818.949307508978,16271.535177893087,14310.461718101651,11718.321194872333,0.4532900081234768,-0.9931196477842166,-0.1171040784300595,-0.3189593095376323,-0.947768409928964,1.0,42.0,8.0
1637948002.0,2.9898515446314695,0.869928620969496,267.8309149960674,1598.5853172170753,643.1023047247438,15012.712651038024,14666.33411960698,15901.386412675432,13157.538395055617,15285.172709651619,14709.99066629396,15325.021318502235,13342.016794482477,10529.784397547493,0.4536961819658814,-0.9932552322642484,-0.115948452252258,-0.3452981985957185,-0.9384930229077636,1.0,43.0,7.0
1637948018.0,2.992286650708031,0.8298598179641707,268.20052775742914,1562.233887917606,632.6531013398555,14236.125099807405,13371.105960476609,14308.10357951465,12250.669176283844,14306.51870300949,13624.490406762621,14567.927476164923,12528.464276180928,9318.988240477607,0.4541023558082859,-0.9933894720240444,-0.1147926690681517,-0.3713678353832243,-0.928485826947713,1.0,44.0,6.0
1637948034.0,2.9918783395292827,0.803499836694214,268.3523246587218,1487.0656293434397,624.2945498955281,13469.402012739512,12042.96663021816,13648.166910772416,11442.390477757788,13717.276460482175,12942.011617697635,14213.409932010456,12053.287050795447,8511.655525466951,0.4545085296506905,-0.9935223668751484,-0.1136367305003222,-0.3971478902711722,-0.9177546258413284,1.0,45.0,5.0
1637948050.0,2.991534928263682,0.8003631340577549,266.2614376003006,1419.8592213452505,625.0902303682913,12884.388338864625,11344.420237509848,13848.123505569027,10996.895320536176,13762.651109622147,12886.012100595024,14263.303854842941,11899.247269905394,8387.84860224658,0.454914703493095,-0.993653916644288,-0.1124806380559163,-0.4226182616076068,-0.906307787098712,1.0,46.0,4.0
1637948066.0,2.999287923265438,0.8163628462425329,261.79127850313375,1389.606602188583,636.6235837161823,12805.375315850297,11712.229782355922,14694.156011997195,11241.031851894286,14541.796317677328,13631.578120423506,14855.425358568873,12251.62892439964,9024.237290805679,0.4553208773354996,-0.9937841211467832,-0.1113243933579498,-0.4477590875140389,-0.8941542370019813,1.0,47.0,3.0
1637948082.0,3.0133505654618893,0.8340869355387381,256.57603971207214,1394.0333608175729,650.7078901153171,13310.690179591424,12842.432218770628,15467.70023357812,11971.454032980864,15367.55206597714,14818.131900602137,15587.464780229897,12667.050278034663,9973.2502172003,0.4557270511779041,-0.9939129802128694,-0.1101679979139686,-0.4725507647687361,-0.8813034521187821,1.0,48.0,2.0
1637948098.0,3.020273234614405,0.8281630744936438,253.78228680542907,1399.982704161585,656.0150202179286,13888.158193528701,13876.810869102119,15218.703430718195,12702.74937762738,15437.698537334918,15466.413883842351,15724.8888381617,12521.27689692533,10478.520210998882,0.4561332250203087,-0.9940404936616438,-0.1090114533474139,-0.496973960741064,-0.8677654535330036,1.0,49.0,1.0
1637948114.0,3.0,0.069663,10.0,1280.0,1497.00608,173.666,175.482,176.684,176.684,177.226,177.226,177.226,177.226,179.562,0.4565393988627132,-0.9941666613268508,-0.1078547611662224,-0.521009631771604,-0.8535507973174283,0.0,0.0,0.0
1637948130.0,3.0,0.0,20.0,1280.0,1497.00608,348.508,346.574,360.062,360.062,363.203,369.798,369.798,369.798,371.81,0.4569455727051177,-0.9942914830329184,-0.1066979229797833,-0.5446390351563729,-0.838670567853633,0.0,0.0,0.0
1637948146.0,3.0,0.065627,30.0,1280.0,1605.791744,434.724,436.171,441.864,442.05,443.779,447.391,447.457,447.457,451.597,0.4573517465475223,-0.9944149586109068,-0.1055409403542932,-0.5678437450137687,-0.8231363685615757,0.0,0.0,0.0
1637948162.0,3.0,0.059489,50.0,1280.0,1712.156672,1287.295,1289.403,1297.156,1299.686,1303.951,1310.168,1311.589,1311.589,1311.739,0.4577579203899269,-0.9945370878982556,-0.104383814812727,-0.5906056677825747,-0.8069603120247606,0.0,0.0,0.0
1637948178.0,3.0,0.070244,60.0,1280.0,1762.361344,926.179,926.562,944.326,946.119,950.198,951.164,951.708,959.853,960.039,0.4581640942323314,-0.9946578707235092,-0.103226547979551,-0.6129070536413128,-0.7901550123847376,0.0,0.0,0.0
1637948194.0,3.0,0.323317,80.0,1280.0,1837.453312,1917.668,1919.231,1955.746,1958.334,1963.384,1976.622,1979.234,1979.965,1980.15,0.458570268074736,-0.9947773069291884,-0.1020691413636436,-0.6347305133835359,-0.7727335733484555,0.0,0.0,0.0
1637948210.0,3.0,0.323317,90.0,1280.0,1841.721344,1251.244,1257.019,1285.15,1289.162,1298.227,1300.331,1307.624,1309.216,1313.548,0.4589764419171405,-0.994895396347618,-0.1009115965898658,-0.6560590286528503,-0.7547095805162929,0.0,0.0,0.0
1637948226.0,3.0,0.462534,100.0,1280.0,1841.721344,1388.762,1398.92,1418.467,1422.55,1436.277,1439.054,1440.373,1440.564,1440.586,0.4593826157595451,-0.9950121388248304,-0.0997539151674582,-0.6768759695368707,-0.7360970872537951,0.0,0.0,0.0
1637948242.0,3.0,0.380387,120.0,1280.0,441.880576,4156.964,4167.638,4197.677,4211.196,4217.353,4230.618,4234.854,4236.955,4242.506,0.4597887896019496,-0.9951275341969326,-0.0985960987216677,-0.697165102557493,-0.7169106079393722,0.0,0.0,0.0
1637948258.0,3.0,0.439693,130.0,1280.0,448.733184,1829.18,1837.78,1874.666,1888.881,1900.538,1907.066,1908.931,1910.447,1911.715,0.4601949634443542,-0.9952415823120508,-0.0974381487765719,-0.7169106075354257,-0.6971651029728803,0.0,0.0,0.0
1637948274.0,3.0,0.439693,140.0,1280.0,454.905856,1903.745,1907.843,1959.986,1962.232,1979.284,1990.109,1994.128,1994.379,1996.144,0.4606011372867587,-0.995354283014329,-0.0962800669143466,-0.7360970868616044,-0.676875969963375,0.0,0.0,0.0
1637948290.0,3.0,0.393346,160.0,1280.0,469.733376,2226.032,2222.991,2273.136,2287.75,2320.207,2327.865,2335.06,2338.229,2353.165,0.4610073111291632,-0.9954656361511868,-0.0951218547028666,-0.7547095801361636,-0.6560590290901388,0.0,0.0,0.0
1637948306.0,3.0,0.636088,170.0,1280.0,479.432704,5964.844,5972.222,6027.428,6032.311,6060.198,6072.089,6085.148,6085.918,6089.683,0.4614134849715678,-0.9955756415705004,-0.093963513724671,-0.7727335732762538,-0.6347305134714357,0.0,0.0,0.0
1637948322.0,3.0,0.765935,180.0,1280.0,536.195072,2558.024,2559.893,2618.175,2630.934,2656.72,2670.907,2673.848,2674.586,2678.406,0.4618196588139723,-0.995684299127441,-0.092805045504523,-0.7901550123150184,-0.6129070537311943,0.0,0.0,0.0
1637948338.0,3.0,0.58911,190.0,1280.0,546.603008,2911.039,2910.059,2977.23,2991.486,3028.946,3043.983,3048.689,3049.572,3052.434,0.4622258326563769,-0.995791608669466,-0.0916464516687738,-0.8069603119575781,-0.5906056678743679,0.0,0.0,0.0
1637948354.0,3.0,0.808869,200.0,1280.0,553.828352,7429.588,7447.3,7486.861,7490.847,7529.151,7546.207,7548.544,7550.544,7555.097,0.4626320064987815,-0.9958975700566624,-0.0904877337280322,-0.8231363684969825,-0.5678437451074019,0.0,0.0,0.0
1637948370.0,3.0,0.571904,210.0,1280.0,566.607872,11905.539,11896.563,11968.97,11992.988,12054.7,12074.638,12078.724,12080.903,12084.553,0.463038180341186,-0.9960021831428724,-0.0893288932800123,-0.8386705680452967,-0.5446390348612367,0.0,0.0,0.0
1637948386.0,2.9836850526596868,0.8126500082627699,249.98866365865726,1242.3402832601303,605.0418416070602,13003.493271371766,13394.540503879067,12814.910084246465,15058.717595082275,15693.381932624856,13716.913976174572,12765.77529744349,13898.339677226135,8995.928882204902,0.4634443541835906,-0.9961054477838994,-0.0881699319226069,-0.8535507972581625,-0.5210096318686969,1.0,1.0,1.0
1637948402.0,3.0,0.717855,220.0,1280.0,576.192512,10578.344,10575.861,10675.165,10687.755,10704.783,10714.782,10729.791,10731.759,10733.553,0.4638505280259951,-0.9962073638438376,-0.0870108511814003,-0.8677654534764718,-0.4969739608397738,0.0,0.0,0.0
1637948418.0,3.0,0.667996,230.0,1280.0,588.288,11406.537,11440.377,11488.955,11514.74,11526.133,11533.995,11546.364,11552.2,11555.52,0.4642567018683997,-0.996307931182158,-0.0858516526546118,-0.8813034520650287,-0.4725507648689859,0.0,0.0,0.0
1637948434.0,3.0003635944920974,0.7770960824098976,238.7277053081725,1329.9982930207548,632.9018531631091,13462.378160738086,13184.3334901469,12480.46569056238,12986.99394303559,14513.200543940207,12516.736723311235,13109.383558937348,13497.379180755002,8469.43672089568,0.4646628757108042,-0.9964071496664552,-0.0846923378681336,-0.8941542369510479,-0.4477590876157505,1.0,1.0,2.0
1637948450.0,2.9837336537895682,0.7833267100483168,244.4240681858669,1367.4915485478182,630.8171519158502,13427.802726529306,13275.443979863941,12668.03331671923,12831.795842843665,14919.260747626735,12138.355449053313,12887.761686850645,13476.437851439012,9307.492383418386,0.4650690495532087,-0.9965050191574384,-0.0835329084495055,-0.9063077868538416,-0.4226182621327333,1.0,2.0,1.0
1637948466.0,3.0,0.746412,250.0,1280.0,613.838848,10268.11,10270.685,10371.958,10387.255,10441.823,10461.205,10466.952,10467.595,10471.324,0.4654752233956133,-0.996601539527502,-0.0823733659104256,-0.917754625611216,-0.3971478908029313,0.0,0.0,0.0
1637948482.0,3.0,0.709544,260.0,1280.0,624.984064,11758.902,11771.794,11868.169,11874.974,11900.806,11929.909,11940.798,11942.433,11943.311,0.4658813972380178,-0.9966967106411432,-0.0812137118787533,-0.9284858267325375,-0.3713678359212011,0.0,0.0,0.0
1637948498.0,2.966266901212124,0.8609062609149852,261.3104688585544,1494.9660631197426,631.8803567227517,14639.008865513273,14847.333013574633,14815.65238192748,15556.396406574568,17237.991749824345,14587.48955537217,14504.842696901278,13970.313814974466,10962.254525177734,0.4662875710804224,-0.9967905323742752,-0.0800539478664795,-0.9384930227076932,-0.3452981991394935,1.0,1.0,1.0
1637948514.0,3.0,0.853591,270.0,1280.0,640.16384,11855.205,11907.575,11995.576,12011.118,12056.271,12062.723,12074.836,12089.486,12091.362,0.4666937449228269,-0.9968830045951832,-0.0788940755017747,-0.947768409892682,-0.3189593096454426,0.0,0.0,0.0
1637948530.0,3.0,0.885128,280.0,1280.0,652.935168,11767.339,11758.272,11887.747,11906.878,11966.585,11974.254,11984.805,11990.73,11998.038,0.4670999187652315,-0.9969741271832996,-0.0777340962969145,-0.956304755928777,-0.2923717048347913,0.0,0.0,0.0
1637948546.0,3.0,0.955805,290.0,1280.0,668.557312,13680.976,13684.804,13793.671,13826.745,13871.193,13874.849,13896.32,13901.646,13905.346,0.4675060926076361,-0.9970639000106988,-0.0765740118803713,-0.9640954041455488,-0.2655561178083287,0.0,0.0,0.0
1637948562.0,3.0162082942738495,0.8416639092371228,258.86753617643285,1180.4999194500062,665.0820680565308,15792.848426947716,14753.272460654305,15721.535946434373,16045.758837420695,17729.97512603865,13337.060358471666,15712.955324751261,14969.59475426062,10179.267326574754,0.4679122664500406,-0.9971523229592352,-0.0754138237792078,-0.971134279889563,-0.2385334576603037,1.0,1.0,1.0
1637948578.0,3.0,1.065611,300.0,1280.0,682.983424,16085.963,16088.885,16206.456,16237.766,16269.038,16294.207,16299.523,16303.954,16318.632,0.4683184402924452,-0.9972393959069848,-0.0742535335931699,-0.9774158942225988,-0.2113247967490741,0.0,0.0,0.0
1637948594.0,3.024297073292264,0.774638631730429,231.19340088330102,1184.8766204993244,661.1890838280475,14173.517693671325,14129.986703425233,12616.655389654417,15118.961321722281,17280.403819060604,10835.19697532728,13532.75260457715,14257.02852259125,9078.89124958513,0.4687246141348497,-0.9973251187393056,-0.0730931428495874,-0.9829353491401488,-0.183951350662977,1.0,1.0,1.0
1637948610.0,3.0,1.166372,310.0,1280.0,698.253312,17098.983,17106.965,17235.607,17254.813,17305.668,17335.202,17358.113,17362.834,17371.042,0.4691307879772542,-0.997409491337946,-0.0719326531484819,-0.987688340626145,-0.1564344648444587,0.0,0.0,0.0
1637948626.0,3.01492665207563,0.7270435364513039,216.58983969219082,1155.053983116762,617.1638533763766,12353.22327317428,12586.94338217394,11462.856006904827,13201.454967649268,15679.591476726902,10963.596283872599,12283.3764337822,12760.766183832387,8350.379568086864,0.4695369618196588,-0.9974925135866184,-0.0707720660900193,-0.9916711623807584,-0.1287955965955188,1.0,1.0,1.0
1637948642.0,3.0,1.124897,320.0,1280.0,716.337152,18635.427,18636.585,18777.689,18791.613,18873.023,18884.006,18904.107,18905.16,18907.016,0.4699431356620633,-0.9975741853770757,-0.0696113831874069,-0.994880708852156,-0.101056296952895,0.0,0.0,0.0
1637948658.0,2.988826118072448,0.7436048917226014,217.66117555923842,1131.219002379576,593.2280457832758,12441.724916983905,12805.930998386864,13601.93020492448,13329.990052649655,16233.497368354861,13308.752849024699,12951.009048568249,13287.206794797441,9334.98541269988,0.4703493095044679,-0.9976545065946604,-0.0684506060701052,-0.9973144772255506,-0.073238197112756,1.0,1.0,3.0
1637948674.0,2.9891656341976294,0.7597753826520871,222.4393098390733,1180.7638127418154,600.2119977774885,13637.805400545361,13877.920722229792,14618.753493315095,14937.82632297357,17400.925908120942,14878.751860855045,14022.347832171936,14596.67516431777,10014.127611265309,0.4707554833468724,-0.9977334771336684,-0.0672897362660883,-0.9989705698027022,-0.0453629878652682,1.0,2.0,2.0
1637948690.0,2.9983691548161087,0.7613811792127032,227.03904102695506,1267.5700735314063,613.9050139839484,14654.659562264313,14321.842575117498,14748.143776771347,16249.613899718945,17773.84674592158,15680.892747219026,14293.81965240834,15433.33886057956,10129.133890221952,0.471161657189277,-0.9978110968861718,-0.0661287753615223,-0.999847695149101,-0.0174524068549429,1.0,3.0,1.0
1637948706.0,3.0,1.028505,340.0,1280.0,750.063616,23865.36,23896.15,23998.435,24031.947,24073.27,24082.44,24088.916,24093.423,24110.203,0.4715678310316815,-0.9978873657470848,-0.06496772492818,-0.9999451693672754,0.0104717839478738,0.0,0.0,0.0
1637948722.0,2.99038546086991,0.723761615002994,233.15334132306054,1319.2049803741024,601.232070760635,13616.24668009432,12713.822579973252,12811.855930122556,17109.62270972674,15017.467788047954,14347.361965295933,13093.977555281115,14255.558496494094,8939.164602786037,0.4719740048740861,-0.997962283612222,-0.0638065865524776,-0.999262916425389,0.0383878087031029,1.0,1.0,1.0
1637948738.0,3.0,1.102662,350.0,1280.0,769.548288,23895.74,23893.997,24016.892,24037.049,24116.094,24129.823,24158.532,24160.273,24164.443,0.4723801787164907,-0.998035850382941,-0.0626453617628614,-0.9978014683010208,0.0662739002649391,0.0,0.0,0.0
1637948754.0,2.9685557192096224,0.7344043942222681,239.81041715693613,1264.2445816551995,586.3647130579756,11682.351022775849,10650.877036221034,12013.641568570885,15722.527094070228,13165.24773077994,12394.351870398823,11467.912703346035,12484.619621272645,8743.477283693535,0.4727863525588952,-0.9981080659559628,-0.0614840521895526,-0.995561964636176,0.0941083129683971,1.0,1.0,1.0
1637948770.0,3.0,1.148782,360.0,1280.0,788.639744,26836.92,26816.013,26977.971,27009.019,27066.031,27098.028,27111.268,27130.936,27137.39,0.4731925264012998,-0.9981789302371304,-0.0603226593467006,-0.9925461516537936,0.1218693433035742,0.0,0.0,0.0
1637948786.0,2.968048769327925,0.7796867480940849,240.7976865941885,1432.9590332398645,605.375519242099,12449.627635819128,12337.087716050497,12927.58236415967,16078.011683453611,15055.685177115538,13238.654687519962,11681.879264457784,12878.892606205616,10177.157625524487,0.4735987002437043,-0.9982484431269588,-0.0591611848647626,-0.988756381094656,0.1495353431286369,1.0,1.0,2.0
1637948802.0,2.9665111626477523,0.788766058096352,244.0244978826943,1530.4747923183495,619.0290104299171,13764.57424276733,13530.732060672239,13373.527784476435,16466.712110096963,15949.558369167376,14068.115025704945,12090.805104249648,13752.568773775873,10748.112743300448,0.4740048740861088,-0.9983166045348156,-0.057999630258103,-0.9841956079815164,0.1770847402513652,1.0,2.0,1.0
1637948818.0,3.0,1.295262,370.0,1280.0,806.977536,29319.896,29311.04,29512.481,29536.06,29589.6,29611.646,29628.864,29629.914,29634.811,0.4744110479285134,-0.9983834143650098,-0.056837997157406,-0.9788673888200958,0.2044960515621936,0.0,0.0,0.0
1637948834.0,2.9542193288358236,0.779879911035903,249.50778696393417,1512.4525234032246,615.8241446819545,14614.485663179872,14087.959002569265,14075.762696360905,16695.53076403156,15815.939934693655,14319.81408041889,13097.374754366683,14838.67269389929,10337.24583050711,0.4748172217709179,-0.9984488725296226,-0.0556762870917722,-0.9727758782178068,0.2317479034588543,1.0,1.0,1.0
1637948850.0,3.0,1.105354,380.0,1280.0,826.69568,30371.533,30369.577,30559.153,30564.524,30632.566,30641.834,30660.344,30661.928,30663.158,0.4752233956133225,-0.9985129789399826,-0.0545145016339858,-0.9659258262339266,0.2588190453083122,0.0,0.0,0.0
1637948866.0,2.9625356915676,0.7770826921808163,240.86909962142562,1343.6682479125557,617.2117585979961,12521.679319084047,13581.244002894971,14604.551738413882,15368.984907252147,15593.487736447118,13179.580757546211,13734.790723302616,15055.564800962928,10231.53400836546,0.475629569455727,-0.9985757335069192,-0.0533526424005267,-0.958322574466067,0.2856883674018414,1.0,1.0,2.0
1637948882.0,2.9748974925002347,0.7778010246471078,231.8777308348881,1337.9362699818114,638.466147400009,11552.372345780903,14040.989383916329,14811.533845207396,14528.813484708315,15962.378060647097,13345.768098854427,13936.113788911533,15182.800259481322,10900.109423799677,0.4760357432981316,-0.9986371361486108,-0.052190710906261,-0.9499720514477952,0.3123349187459955,1.0,2.0,1.0
1637948898.0,3.0,0.782806,390.0,1280.0,847.13472,32658.495,32646.617,32824.753,32860.993,32931.342,32945.941,32950.99,32951.92,32957.116,0.4764419171405361,-0.9986971867788558,-0.0510287087824021,-0.9408807689441466,0.3387379202732865,0.0,0.0,0.0
1637948914.0,2.974855897335585,0.7623602301039921,230.6288317367396,1329.7708519151684,671.0333286010443,11331.100529584473,15281.182437432224,14161.698927134905,13455.822194169814,16158.799336348548,14176.338848093019,14344.8256392259,15155.99849219558,12069.757736141284,0.4768480909829407,-0.9987558853193582,-0.0498666375440022,-0.9310558157606926,0.3648767845974737,1.0,1.0,2.0
1637948930.0,2.9486044486725262,0.7424707867184549,235.1383469562114,1306.1921916564565,660.0342319226812,11156.212804385752,14986.456928881167,12804.256683165586,13442.256786919537,15374.932173268742,13797.913145008613,14075.249065881355,14501.603979008585,11756.902391553409,0.4772542648253452,-0.9988132316877124,-0.0487044988224711,-0.92050485360986,0.3907311281184165,1.0,2.0,1.0
1637948946.0,3.0,1.06273,400.0,1280.0,871.276544,36358.101,36361.505,36595.225,36625.453,36688.517,36691.88,36717.915,36719.48,36726.195,0.4776604386677498,-0.9988692258091484,-0.047542294133039,-0.9092361091109854,0.4162807921207946,0.0,0.0,0.0
1637948962.0,2.9381812754293306,0.7779385766640776,247.95877835860125,1335.977350030649,632.7353621828779,12759.110090514061,14074.849526424485,12719.974322563154,14702.604714291296,16562.81333760458,13943.72452862544,13699.539595635355,15695.12402075903,11083.940284948592,0.4780666125101543,-0.9989238676050572,-0.046380025107303,-0.8972583698376246,0.4415058524598834,1.0,1.0,2.0
1637948978.0,2.9580659342183773,0.8120987100169477,247.0680981215256,1445.7166566539518,624.1757179751434,13487.037858419797,14210.406177641498,13558.102104846997,15619.926550857728,17393.479461134677,14507.419986200324,14055.221385000597,16635.78099135563,10950.635989467133,0.4784727863525589,-0.9989771570035372,-0.0452176932752004,-0.8845809752712929,0.4663866402332814,1.0,2.0,1.0
1637948994.0,3.0,1.0424,410.0,1280.0,892.29312,36463.969,36431.384,36621.363,36686.131,36810.858,36821.604,36843.826,36849.09,36856.319,0.4788789601949634,-0.9990290939311094,-0.0440553002394333,-0.8712138112855452,0.4909037533216816,0.0,0.0,0.0
1637949010.0,2.985344439759412,0.8606372002587726,246.55667199406753,1654.7596764194072,623.235722487117,14778.249209955055,15461.020519555981,14778.469105643248,16642.141448608163,17625.450844675837,16464.926216416137,15330.703497847866,18032.351310639173,11610.305120687823,0.479285134037368,-0.999079678319382,-0.0428928475301,-0.8571673007471768,0.5150380748350541,1.0,1.0,2.0
1637949026.0,2.9748793034282355,0.867243678592768,250.48599538348515,1696.9761854704407,620.9826786949844,15012.14896297241,15851.577357927701,14903.013683857345,16742.755776535145,16979.13743317562,17155.27153944184,15509.89909147304,18101.86823000452,12202.94864680859,0.4796913078797725,-0.9991289100973404,-0.0417303367791456,-0.8424523971708352,0.5387707847509118,1.0,2.0,1.0
1637949042.0,3.0,1.045368,420.0,1280.0,915.120128,40883.28,40884.409,41061.372,41083.946,41147.459,41207.091,41215.415,41217.075,41220.162,0.4800974817221771,-0.9991767892007948,-0.0405677695022856,-0.8270805743051813,0.5620833778070754,0.0,0.0,0.0
1637949058.0,2.9451334819956414,0.8381264240095238,253.0605405615579,1649.432138061859,615.3638970847007,14684.105450473104,14935.666792095844,13898.490794254649,16620.595944588964,16199.379811099501,16945.416466857878,14030.989012179609,17593.570896996607,12143.132890833904,0.4805036555645816,-0.9992233155625287,-0.039405147331626,-0.8110638191477298,0.584957674767584,1.0,1.0,2.0
1637949074.0,2.951082361637283,0.8002355121398738,240.7994298979259,1622.1163585987147,629.5548129370421,14375.974553778706,13526.753124053466,12932.457026415286,15929.615179673585,16013.48476886227,16229.623991647204,12875.298890132355,16592.87358841754,10819.870460521197,0.4809098294069862,-0.9992684891218798,-0.0382424717830275,-0.7944146205484478,0.6073758397062445,1.0,2.0,1.0
1637949090.0,3.0,0.950387,430.0,1280.0,938.602496,42575.66,42584.994,42789.815,42806.549,42874.779,42908.045,42909.503,42914.021,42928.779,0.4813160032493907,-0.9993123098159692,-0.0370797444742062,-0.7771459613135554,0.6293203912269408,0.0,0.0,0.0
1637949106.0,2.9671385490374322,0.7074188996580499,215.6321468825706,1576.7978198412407,682.6657246032848,14050.727771687438,12215.345033683525,12284.509333433522,14448.675614972948,15807.540362298352,15298.192143473243,12769.765535384926,14722.210251872317,8552.65188064845,0.4817221770917952,-0.9993547775860436,-0.0359169669647856,-0.7592713073273513,0.6507742172746358,1.0,1.0,3.0
1637949122.0,2.9583981227208036,0.7081819886688017,220.43728965392847,1522.2455829258167,693.9783136512772,14715.41130913604,13013.425037806937,13443.866609519035,14776.15097186026,16341.967449655762,15919.756882866794,14129.782937109381,14794.77887294383,9160.383951505377,0.4821283509341998,-0.9993958923746076,-0.034754140828998,-0.7408045961114901,0.671720589516275,1.0,2.0,2.0
1637949138.0,2.944063404525499,0.7433710722533691,236.0020684113534,1430.1591459502133,695.6456208552064,16005.84402900022,14486.254637884917,15274.906793115735,15965.578545845117,17865.80447105941,17488.734960513597,16315.127869331442,16088.542658517108,10984.352172155053,0.4825345247766044,-0.999435654125509,-0.0335912676556851,-0.7217602280674977,0.6921431739025921,1.0,3.0,1.0
1637949154.0,3.0,1.114624,440.0,1280.0,961.888256,45464.203,45460.524,45599.659,45664.14,45748.38,45761.065,45772.35,45778.363,45785.435,0.4829406986190089,-0.9994740627863828,-0.0324283489755776,-0.7021530527858734,0.7120260461973835,0.0,0.0,0.0
1637949170.0,2.928812946638948,0.8518890436564226,265.66463120704105,1324.6534270394736,691.76733141432,19279.70643720963,16594.497091976547,18169.602713241286,18688.788770466825,21618.67294951995,21453.48371194745,18116.524891264347,19843.838470229544,14198.20321691431,0.4833468724614135,-0.9995111183033076,-0.0312653864212746,-0.6819983603462975,0.7313537013545237,1.0,1.0,2.0
1637949186.0,2.9325313863696425,0.8872374472675371,266.73859416808284,1376.9154655085215,680.6548183745845,19615.91395743991,16582.134599792855,17975.944384700804,18818.752289234377,21797.991735891115,21957.71342993243,17648.888359582048,20333.023760583816,13893.900061341657,0.483753046303818,-0.9995468206279692,-0.0301023815090808,-0.6613118654276954,0.7501110695387329,1.0,2.0,1.0
1637949202.0,3.0,1.253992,450.0,1280.0,987.17696,47078.102,47065.373,47265.371,47355.421,47418.465,47438.269,47463.364,47464.591,47473.262,0.4841592201462226,-0.999581169710246,-0.0289393358717164,-0.6401096997577143,0.7682835233662694,0.0,0.0,0.0
1637949218.0,2.9648738068852354,0.8278763102956191,246.22918753164345,1394.4876012649038,649.6012966202017,16818.054017675397,14302.458248954998,14929.128508534404,16212.084750379558,18166.349359577132,18446.808082337015,15628.016792678149,17597.88326260849,10995.56859450835,0.4845653939886271,-0.999614165505353,-0.0277762510255945,-0.6184083954406048,0.7858568931100475,1.0,1.0,3.0
1637949234.0,2.9687875461585302,0.770886760640406,236.31768268626058,1377.7798572272413,643.5266769192119,14845.472129693677,13019.378124329465,13536.917925984913,14431.5347188514,16407.022049662344,15930.93336440074,14252.811557466626,15892.174879133898,10053.732988808672,0.4849715678310317,-0.9996458079669672,-0.0266131286035475,-0.5962248752241238,0.8028174749991296,1.0,2.0,2.0
1637949250.0,2.9623082091983894,0.7359826045410247,231.87526616408695,1377.9746325532728,644.801719986059,13320.796686266893,12601.892914440508,12827.21967205999,13513.231693711157,16065.568894806162,14327.945174882972,13437.789586783934,14976.082349682547,10025.800051231821,0.4853777416734362,-0.9996760970534628,-0.0254499701366357,-0.5735764364105649,0.8191520442473162,1.0,3.0,1.0
1637949266.0,3.0,0.842846,460.0,1280.0,1011.863552,49895.996,49945.328,50118.301,50134.896,50274.113,50294.881,50303.81,50307.022,50316.201,0.4857839155158407,-0.999705032723428,-0.0242867772141533,-0.5504807403262486,0.8348478631043295,0.0,0.0,0.0
1637949282.0,2.9612467085278227,0.7339694724718508,225.99551651909997,1423.060660270809,665.6527031550769,13041.026181779489,13370.363595130284,12469.535846526313,14611.201102854968,18113.982545301697,14409.257048349424,12871.713714761925,15487.141924133051,10754.755978149482,0.4861900893582453,-0.999732614937688,-0.023123551410895,-0.5269557955303643,0.8498926929659772,1.0,1.0,3.0
1637949298.0,2.9706464402354786,0.7372748445956934,220.856003351159,1431.441197577273,675.0804422076652,13734.680760675245,13623.620101257935,12227.824319378722,15547.820394993767,18457.922026813376,15051.795096424623,12934.30331432294,15714.757920354354,10446.348664057896,0.4865962632006498,-0.9997588436585814,-0.0219602943162483,-0.5030199468514512,0.8642748018249538,1.0,2.0,2.0
1637949314.0,2.978874518992794,0.7270116250469535,215.26502798194326,1404.9585559337456,678.2872023310136,14259.608766501635,13265.720872063775,12122.573683406583,16032.90239261842,17891.73443348609,15396.353184971793,13505.7828077528,15687.178439114494,9792.681492917658,0.4870024370430544,-0.9997837188515566,-0.0207970074614496,-0.4786918579464137,0.8779829754248145,1.0,3.0,1.0
1637949330.0,3.0,1.097372,470.0,1280.0,1038.155776,52892.226,52898.136,53086.803,53126.255,53198.82,53230.996,53257.707,53258.495,53268.11,0.487408610885459,-0.9998072404822634,-0.0196336924505165,-0.4539904995232746,0.8910065242985641,0.0,0.0,0.0
1637949346.0,2.9893023650826116,0.6940647412469325,208.83417759901056,1297.9183155005242,667.8916943207602,14274.282362879992,11965.969395587836,12421.773299115663,14934.875030140985,16245.147779198851,14760.620642366943,14235.56682367634,14763.813554444117,8804.853165143868,0.4878147847278635,-0.9998294085183194,-0.0184703508875081,-0.42893513337929,0.9033352928746284,1.0,1.0,3.0
1637949362.0,2.9924077966250717,0.6929343807670247,209.73465322626714,1310.3141766369051,663.391578835169,14464.8896098954,11844.818511725898,12734.50224926401,14777.27186660366,16597.53773866745,14478.319569264639,14174.533680141218,14409.890176593368,9157.111901212731,0.4882209585702681,-0.9998502229305692,-0.0173069843037727,-0.4035452961000894,0.9149596679611026,1.0,2.0,2.0
1637949378.0,2.9906668583275366,0.7081379905089974,214.59945039491197,1376.0194348323935,658.2293523955395,14624.833519498296,12146.552306319123,12777.308591469131,14880.882690963452,17241.301384970342,14352.709524118725,13854.761399961553,14421.83868745996,9777.66265196069,0.4886271324126726,-0.9998696836905476,-0.0161435942888893,-0.3778407871945837,0.9258705846565044,1.0,3.0,1.0
1637949394.0,3.0,1.182359,480.0,1280.0,1064.546304,56203.621,56207.242,56416.768,56521.373,56597.669,56633.365,56640.246,56645.988,56664.143,0.4890333062550772,-0.9998877907719076,-0.0149801824179193,-0.3518416485515585,0.9360595356837734,0.0,0.0,0.0
1637949410.0,2.966661588211943,0.7438169550320166,228.7319646735796,1493.6139308811419,630.6383421442688,14098.655268631534,12364.015163844782,12893.7466730691,14884.85713058339,17174.266806181815,15009.6362424024,14033.95776778889,15159.159288327688,10067.037426592044,0.4894394800974817,-0.9999045441499336,-0.0138167502805042,-0.3255681548100314,0.9455185754778124,1.0,1.0,3.0
1637949426.0,2.959620888373468,0.7622904231663656,235.0548302219912,1437.1426917255244,612.7323849174761,13705.530496909496,11727.476753413259,13240.461427465805,14575.203814665489,16576.839367112156,15710.76964303991,14525.522875363924,15223.200890855023,9773.170011045719,0.4898456539398862,-0.999919943802547,-0.012653299408111,-0.2990407923742842,0.954240328479236,1.0,2.0,2.0
1637949442.0,2.958184072857889,0.7856519174034071,238.14654703121883,1317.040246758827,605.4525571744534,13300.552724732072,10985.372204870175,13927.39869662224,14213.097941008888,16178.17075928243,16285.189631072342,15083.344436198466,15434.33468595871,9651.14006950293,0.4902518277822908,-0.9999339897081287,-0.0114898314340859,-0.2722802473679065,0.9622179934366596,1.0,3.0,1.0
1637949458.0,3.0,1.173901,490.0,1280.0,1092.616192,57834.915,57831.485,58034.998,58083.737,58153.604,58176.878,58190.514,58196.994,58206.428,0.4906580016246953,-0.9999466818483655,-0.0103263478753927,-0.24530738596687,0.9694453498728544,0.0,0.0,0.0
1637949474.0,2.9917837105297056,0.8121429570217172,232.07559349700801,1117.6435151253102,649.6109718481606,13343.109403018758,11487.980948112046,15329.653888001574,14548.880946906766,17458.85287849602,17330.476384484034,16416.769580782726,17078.68988185095,9942.155516199218,0.4910641754670999,-0.9999580202054388,-0.0091628503654236,-0.2181432416963075,0.975916761871742,1.0,1.0,4.0
1637949490.0,3.010806016514612,0.7973323919774421,225.23035993130125,1118.9393646749718,679.3924686930904,13606.809639605492,12274.417732324271,15057.319585539797,15010.885308913423,17886.26200824796,17086.184404647145,16414.979122153458,17600.074597202492,10028.975445617318,0.4914703493095044,-0.9999680047645656,-0.0079993404211806,-0.190808995433303,0.9816271834366312,1.0,2.0,3.0
1637949506.0,3.0158914836447943,0.7682751682796191,222.09278429186236,1148.3798958660382,695.3375386932469,13748.043139471853,12662.468818232956,14258.358055822095,15269.614257864738,17520.306412884544,16374.12344774743,15819.617388830242,17276.44803446355,9896.12995590024,0.491876523151909,-0.9999766355117284,-0.0068358196760931,-0.1633259625120811,0.9865721615621952,1.0,3.0,2.0
1637949522.0,2.9996687789917575,0.7463893365361397,224.82651460344638,1168.4019009126732,690.4021289223336,13583.294870756316,12414.07478972834,13540.915383779375,15245.599980468709,16575.631791259097,15724.122595256726,14753.959584558834,16391.04804873364,9750.90011828515,0.4922826969943135,-0.9999839124356744,-0.0056722896471935,-0.1357155724588729,0.9907478404680782,1.0,4.0,1.0
1637949538.0,3.0,0.898278,500.0,1280.0,1122.156544,61168.709,61157.647,61366.023,61445.15,61544.467,61566.413,61582.506,61586.617,61587.854,0.4926888708367181,-0.9999898355261876,-0.0045087519679393,-0.1079993559457299,0.9941509639462748,0.0,0.0,0.0
1637949554.0,2.961587843956289,0.778317058006429,238.67822461416202,1215.373366621469,648.4991126316338,13112.359744001516,11588.640885714145,14525.807812034327,15375.290848119337,15877.45814544922,15640.142360528449,13719.655535562548,14876.393891842139,10288.026288148183,0.4930950446791227,-0.9999944047754966,-0.0033452081699368,-0.0801989243206608,0.9967788784569068,1.0,1.0,4.0
1637949570.0,2.9585679909400806,0.8216296380818229,240.09041393307075,1272.8402382014845,645.0291306538368,13761.385656001195,11932.886873852032,16065.00033398395,16079.90610065867,16676.25491175534,16476.198831403908,14400.961799247796,15243.89979671635,10527.064401186064,0.4935012185215272,-0.9999976201773648,-0.0021816598284554,-0.0523359559857303,0.9986295347680538,1.0,2.0,3.0
1637949586.0,2.9682296906690793,0.8613900392269089,238.9655691612216,1366.5753023106686,658.8890017318448,15391.391164657827,13310.685857955517,17418.96294877822,17132.278985973735,17884.235997841148,17859.32199440651,15878.688742797707,16457.510362886092,10900.058307694935,0.4939073923639318,-0.9999994817273432,-0.0010181085624266,-0.0244321781114183,0.9997014897821908,1.0,3.0,2.0
1637949602.0,2.9770925671579116,0.8698530905976691,238.28356746807424,1461.1196948009338,677.3255017961944,16976.893184893484,14421.456858337135,17663.42361617458,17841.585213149934,18295.879102665487,18566.532933418366,17208.97832991695,17631.72607241099,10798.550397925108,0.4943135662063363,-0.9999999894230052,0.0001454441110773,0.0034906517058109,0.999993907656776,1.0,4.0,1.0
1637949618.0,3.0,0.898794,510.0,1280.0,1151.73376,65327.74,65332.216,65543.779,65575.275,65638.489,65688.218,65713.245,65716.409,65725.187,0.4947197400487408,-0.9999991432636378,0.0013089965585672,0.0314107586869297,0.9995065603780254,0.0,0.0,0.0
1637949634.0,2.977496586632172,0.8699923489801149,253.33740678960174,1559.8009611927805,684.5286233901227,19665.0405810311,15028.811473708567,16923.913846624633,18238.616238323968,18495.304193322845,18412.02898023758,19043.585527778425,19642.654411964315,10091.123954735693,0.4951259138911454,-0.9999969432503444,0.0024725472629693,0.0593063734341619,0.9982398279321896,1.0,1.0,24.0
1637949650.0,2.9733911130374207,0.8761326814454371,256.9429011054664,1538.9722589968164,673.3965672461248,19762.649305339215,14303.880166486859,16215.664871918827,17534.98549701624,18277.71788596323,17388.924131171592,18870.715785176122,19640.030571008854,9836.821023848937,0.4955320877335499,-0.9999933893862132,0.0036360945907972,0.0871557423906527,0.9961946981229794,1.0,2.0,23.0
1637949666.0,2.972783074568077,0.8981885690982492,255.96352971273248,1563.9642115882666,667.3130857212966,19268.15953122964,13760.718292129188,16184.658281043534,16370.563009254607,18727.79995056713,16974.73817650249,18606.583711113562,19554.25246545765,10084.889648724595,0.4959382615759545,-0.999988481675948,0.0047996370104318,0.1149371503845619,0.9933727656129276,1.0,3.0,22.0
1637949682.0,2.9851041351519463,0.9281528919431294,253.13769909249186,1601.2510758637595,673.8379567110073,19118.374324492943,14058.013443980844,16906.16474174622,15426.982439951995,19810.068282317112,17684.70556040778,18829.336228037224,19611.633191281828,10971.796817652084,0.496344435418359,-0.9999822201262292,0.0059631729320537,0.1426289333834913,0.9897762309541928,1.0,4.0,21.0
1637949698.0,2.9969576511038487,0.949180007110648,256.4460456678665,1606.758243920669,691.5883611024516,20506.891231311132,15481.65802985765,18524.58326643552,15213.455004907444,21369.450460259643,19392.310013524646,20102.922939152202,20103.48692045483,12218.622703289977,0.4967506092607636,-0.9999746047455338,0.0071267007804038,0.1702094990911369,0.9854078984964268,1.0,5.0,20.0
1637949714.0,3.00548075149772,0.9572540308524351,270.19982894364136,1531.8758269617065,706.0021175757362,23007.631669000344,17644.68803181243,20613.32446087349,16106.094980310054,23036.300932090606,21410.537910401035,22134.21851880175,20738.906436505513,13657.259448513472,0.4971567831031681,-0.9999656355442926,0.0082902189656827,0.1976573400925693,0.980271174679502,1.0,6.0,19.0
1637949730.0,3.006848897538354,0.9505198832015174,282.144409751093,1469.7943524761627,696.1129589817995,24235.233108801265,18850.61696798219,21730.220407916946,17330.617470444307,23481.787415887058,22422.619766370226,23115.536481531693,20406.97599939241,14563.879155991552,0.4975629569455727,-0.9999553125342868,0.0094537259563096,0.2249510543019845,0.974370064794904,1.0,7.0,18.0
1637949746.0,3.0077871416897755,0.9360718260227783,288.0574093311562,1418.0163322967123,673.7520997655578,24404.198490991024,18821.528932201527,21971.839581496264,18773.76381178201,23268.062040074805,22460.712144334764,22743.146480474228,19696.99009479108,14770.664555910007,0.4979691307879773,-0.9999436357300084,0.0106172201188593,0.2520693579921852,0.9677091705473332,1.0,8.0,17.0
1637949762.0,3.021146169069806,0.9234080820428057,286.060276870283,1363.336897787814,658.1606518554198,24338.251452474942,18151.274941903946,21704.825956516128,20390.48595084384,23107.603996375747,21908.803948554807,21975.272337556446,19222.97210414312,14709.28898425425,0.4983753046303818,-0.9999306051466822,0.0117806999363342,0.2789911060296651,0.9602936856797216,1.0,9.0,16.0
1637949778.0,3.044615147968808,0.9002574424396341,270.0613680847324,1351.3214742569398,649.8897018943267,22862.8188038072,16734.0633166236,19904.360711247376,20719.767519962435,21841.29581291684,20245.1481190679,20303.63856574504,17908.30065057513,13829.102808613918,0.4987814784727863,-0.9999162208026016,0.0129441637753472,0.3056953047476589,0.9521293928113111,1.0,10.0,15.0
1637949794.0,3.0633425600989144,0.8520524755497761,242.4404174280345,1381.7535947602003,640.0836336015615,20170.45337036898,14831.107973864207,16837.62997725168,19356.448573034093,19075.61645535385,17524.09426903,17938.71016461479,15575.312480510605,12383.366501133602,0.4991876523151909,-0.9999004827165212,0.0141076101189402,0.3321611319054568,0.9432226579399404,1.0,11.0,14.0
1637949810.0,3.0723297946737524,0.7926303360120966,220.09948756162626,1404.2387536086167,638.8147980924756,17883.418456816005,13140.860316823775,14335.52749285632,17136.70437980038,16378.579456794534,14988.490210852628,15883.158986079401,13683.466088036344,11380.06548335165,0.4995938261575954,-0.9998833909103132,0.0152710373483232,0.3583679497996122,0.9335804263995806,1.0,12.0,13.0
1637949826.0,3.066698188319247,0.7350033996028527,208.6239008339835,1394.9970975790266,635.1021006062135,16131.783082665068,11493.170115752688,12195.644197271176,14850.934571737655,14182.17714954621,12933.075695815776,14027.25906100494,12239.33230243367,10855.935505670663,0.5,-0.9998649454071682,0.0164344438883853,0.3842953227115825,0.9232102170914276,1.0,13.0,12.0
1637949842.0,3.042437552974072,0.6822972657331496,203.98650451686177,1365.7435121951198,623.1533653199224,14630.835619518453,9699.08984067527,10048.465741979768,12930.33165514244,12385.975181456637,10937.25664635,12068.75427827992,11194.817825476628,10132.99021308153,0.5004061738424046,-0.9998451462313416,0.0175978282076925,0.4099230341201593,0.9121201160470712,1.0,14.0,11.0
1637949858.0,3.01403547567302,0.6432259755455811,199.89276839479467,1364.560677258025,611.4694251828919,13714.571677792563,7941.317112069197,8086.703599791707,11631.09085922001,11318.00496866744,9493.758191248711,10391.297267489019,10849.623859945365,9115.360886448494,0.5008123476848091,-0.9998239934106284,0.0187611886729918,0.4352310990333096,0.9003187715660812,1.0,15.0,10.0
1637949874.0,2.996771807961962,0.632631795155528,195.88598243672232,1422.2999775889477,608.7711496616764,13819.643379576877,7079.804436968276,6986.023271412396,11244.76991918415,11290.626750749107,9155.37834125578,9641.549364942846,10998.970644848858,8274.671970045132,0.5012185215272137,-0.999801486972609,0.0199245237674598,0.4601997846709115,0.887815385194944,1.0,16.0,9.0
1637949890.0,3.0001164998265044,0.6367299073527053,191.97306899196803,1516.5131557603831,615.4846233804712,14394.647702517732,7052.3507749986,6711.903054797662,11431.001952260654,11537.328718432589,9637.012208267792,9803.819660589656,11002.65616271595,7762.457621071399,0.5016246953696182,-0.9997776269488792,0.0210878318579127,0.4848096199458783,0.8746197073059427,1.0,17.0,8.0
1637949906.0,3.011362087465749,0.6420202150412093,189.00255572189357,1590.6097970712644,624.9829252405079,14923.071621354171,7402.818653038254,6873.6311409521,11802.441094390744,11524.03076223869,10591.278383398003,10857.592106825083,10862.637454504806,7586.84684915417,0.5020308692120228,-0.9997524133705488,0.0222511114275953,0.5090414156692991,0.8607420270518896,1.0,18.0,7.0
1637949922.0,3.019915833449677,0.64522220985664,190.9050180039455,1553.1673692404834,629.9094464308682,14843.555420902416,7927.83629929743,7091.8635493973325,11976.731031727339,10885.894424052898,11301.028112494792,12052.248907554062,10383.382002289587,7539.404288472824,0.5024370430544273,-0.9997258462730144,0.0234143608434018,0.5328762758079801,0.8461931662930264,1.0,19.0,6.0
1637949938.0,3.0156800092451994,0.653374382767269,198.29489641918852,1430.5903470756182,630.2197172920729,14226.03198861451,8332.489765742721,7095.065963430168,12106.21917861695,10015.137927189568,11455.884090593454,12686.127237132292,9825.519718994805,7884.647416614473,0.5028432168968319,-0.9996979256912728,0.0245775785741059,0.5562956154494767,0.8309844693083548,1.0,20.0,5.0
1637949954.0,2.997043062191938,0.6734009634281674,208.8488537772414,1303.1318765997426,631.3235708996248,13730.401904804325,8881.516818988588,6808.090994961791,12520.511951930916,9722.105090394056,11587.13334581338,13009.186934530995,9603.685611208042,8427.030800401593,0.5032493907392364,-0.999668651663448,0.0257407630303313,0.5792811721164927,0.8151277958892964,1.0,21.0,4.0
1637949970.0,2.9827389433208817,0.6866145599832117,213.2492263911755,1212.7222401903812,641.7511548592066,13332.543754630187,9158.8744885829,6071.436309720535,12805.207471545833,9900.239896955161,11474.705503770645,12615.956650003842,9483.33022479368,8499.115660692692,0.503655564581641,-0.999638024229173,0.0269039126372947,0.6018150231295718,0.7986355100642301,1.0,22.0,3.0
1637949986.0,2.9838172142453314,0.6789029137595978,205.96717847951925,1190.814347917797,662.4737379067387,13152.647196745718,9077.806714807659,5341.1290018302425,12670.100478512477,10035.170271419669,11159.887173808595,11668.11735651215,9342.480261964447,7857.08065622432,0.5040617384240454,-0.9996060434303212,0.028067025805714,0.6238795965183334,0.7815204725713343,1.0,23.0,2.0
1637950002.0,2.988280604538101,0.6566860352640435,193.04210492348142,1200.9864331654437,679.9675561089274,13353.101817135741,8760.382870047448,4704.0413471774245,12081.198483629205,9743.944659425712,10824.246740239014,10857.224515638703,9075.59921520553,6753.591763353186,0.50446791226645,-0.9995727093089648,0.029230101004541,0.6454576877276771,0.7637960286314931,1.0,24.0,1.0
1637950018.0,3.0,1.203652,550.0,1280.0,1282.031616,95587.503,95593.847,95773.663,95818.216,95895.118,95935.748,95947.283,95958.146,95965.894,0.5048740861088545,-0.9995380219119008,0.0303931366009569,0.6665324700918287,0.7454759998237941,0.0,0.0,0.0
1637950034.0,2.9900592781100066,0.6174549569843979,176.67563187406418,1203.1982080703337,674.8480547909927,13271.899171619061,7866.594083348433,4705.098934527774,10148.957996744495,8481.033687246167,9478.611521915183,9886.801745090026,8360.791476345985,5278.88346729417,0.5052802599512591,-0.9995019812843556,0.0315561310785617,0.6870875108319613,0.7265746709449342,1.0,1.0,43.0
1637950050.0,2.9842792818868684,0.6381265141707666,180.65642896521325,1207.2305386420624,662.7787858572754,13185.871996780346,8300.585606586916,5794.525100320239,10159.36487004115,8915.688581572758,9201.517445355363,10219.616389726234,9032.402468144133,5672.409938591527,0.5056864337936637,-0.999464587475974,0.0327190828337382,0.7071067813896593,0.7071067809834357,1.0,2.0,42.0
1637950066.0,2.980675726216396,0.6836201018687812,188.8857751801537,1224.1041786328683,650.0964884865768,13480.133180021974,9335.935551603176,7245.948219496933,10770.756467383913,9956.05591116863,9549.44686137019,10955.449092298757,10109.852776830248,6729.668806744714,0.5060926076360682,-0.9994258405383676,0.0338819902629309,0.726574671019707,0.6870875107528913,1.0,3.0,41.0
1637950082.0,2.9763503270010974,0.7317190252541712,195.90551021306982,1257.7492898108421,640.5652865704056,13941.897328286683,10258.455817023107,8195.103832204128,11634.40857166332,10934.623888958906,10305.845929451922,11428.352211606281,11168.41774866766,7698.868567183021,0.5064987814784728,-0.999385740522566,0.0350448518353642,0.7454759998963298,0.6665324700107019,1.0,4.0,40.0
1637950098.0,2.976135226243398,0.7603532480603875,197.73196537700107,1299.463939537472,630.4137355801694,13948.166722074093,10375.409611695608,8237.083625416979,11908.54174850525,10745.131107758858,10579.261856474066,11374.07506581508,11554.607370883728,8056.6081888585395,0.5069049553208773,-0.9993442874833344,0.0362076659621479,0.7637960284011707,0.6454576880002268,1.0,5.0,39.0
1637950114.0,2.9739778692350214,0.7584548335201837,194.80446708621346,1308.307958690591,616.5723587432155,13095.228923411429,9539.456966511318,7392.640897637251,11133.23277874904,9188.198895356376,9930.583032478808,10838.300537359675,11154.155723644162,7672.275181344989,0.5073111291632819,-0.9993014814767948,0.0373704310690004,0.7815204723487117,0.6238795967972078,1.0,6.0,38.0
1637950130.0,2.9708041405472154,0.731346030350815,189.99449554846893,1255.1090733650674,600.2001606069989,11527.865695336892,7783.511361905695,5985.107035750472,9611.49847163041,7258.009156697079,8424.205558361842,9958.414206324436,10212.911005859976,6941.741160866379,0.5077173030056864,-0.9992573225614608,0.0385331455671649,0.798635509849481,0.6018150234145535,1.0,7.0,37.0
1637950146.0,2.968866819316073,0.687527607709914,187.37938503342997,1189.3403447256105,592.9828686570778,9954.088032732578,5777.016375239147,4628.562227542379,8070.778034247644,6050.669109340106,6611.878491110001,9158.607630725766,9127.221241935531,5950.602368272743,0.508123476848091,-0.9992118107954352,0.039695807926118,0.8151277956825881,0.5792811724073594,1.0,8.0,36.0
1637950162.0,2.9671830875887326,0.6469574117240549,184.67188635653108,1175.154283352115,594.7748835558936,8913.510317401551,4370.928991524392,3754.0548612306156,6984.060612546949,5999.68680255819,5173.676199812713,8452.370509029239,8336.083640682042,5330.004528749503,0.5085296506904955,-0.9991649462426108,0.0408584165136203,0.8309844691098486,0.5562956157460016,1.0,9.0,35.0
1637950178.0,2.971500930055369,0.649383952303914,190.75713544380326,1197.0634591523828,602.5934523937925,8894.519526357319,4366.347325678978,3762.0917837937322,7071.341114744815,7058.011262425394,4754.299038637024,8323.864098697053,8481.057667033812,5196.515285907248,0.5089358245329001,-0.9991167289640912,0.0420209698138287,0.8461931661028771,0.5328762761099322,1.0,10.0,34.0
1637950194.0,2.972404946321304,0.6680766884019096,198.36514647324276,1243.774497094116,603.6828145647776,9267.40911289519,5041.790791524851,4010.4110697573396,7612.930008057396,8058.597365533366,5113.753323203246,8353.14690189972,8853.867310855418,5508.503205687377,0.5093419983753046,-0.9990671590275676,0.0431834661946569,0.8607420268702454,0.5090414159764427,1.0,11.0,33.0
1637950210.0,2.967081937313342,0.6966287212710391,207.23831394861514,1305.1780122570258,593.3255686562421,9936.907941401983,6007.628121088901,4257.536863454079,8344.859903071538,8647.432054111425,6041.163433754558,8404.517383095012,9243.025788052491,5884.919722651954,0.5097481722177092,-0.9990162364976706,0.044345904140408,0.8746197071329453,0.4848096202579739,1.0,12.0,32.0
1637950226.0,2.956237308995619,0.7193564666304463,214.6311668469592,1330.8529299290772,573.596430309598,10398.579091143984,6569.363754718075,4146.328341266722,8497.749142451881,8571.156645971598,7015.9139295675905,8248.956013700688,9406.76932069143,6110.448933487494,0.5101543460601138,-0.9989639614458896,0.0455082820191578,0.8878153850307282,0.4601997849877158,1.0,13.0,31.0
1637950242.0,2.9493629127060608,0.7304010119709611,217.47734487375274,1292.0431600566415,555.0519722536316,10569.310829380925,6621.6329259045015,3971.4977856608075,8080.493794723053,8177.096848206211,7785.086827079081,8244.21170285375,9624.48370085903,6112.5989078324055,0.5105605199025183,-0.9989103339410614,0.0466705983008278,0.9003187714107751,0.4352310993545755,1.0,14.0,30.0
1637950258.0,2.9542181677843526,0.7183882701195454,209.2790070382208,1239.4038286249122,549.3455356466845,10095.50552802052,6225.11499541133,3642.4559212830827,6916.159705112974,7581.676310616736,7829.4599240269,7952.470031300406,9581.304297411123,5742.57283334432,0.5109666937449229,-0.9988553540564352,0.0478328513972727,0.9121201160916812,0.4099230340208973,1.0,15.0,29.0
1637950274.0,2.9681942025911043,0.6866466965330069,193.76969493419114,1242.7566596407862,561.755685122981,9333.045129861819,5917.906294877424,3193.6188149926093,5642.840585338363,7205.526605764831,7523.489896727926,7362.389247052517,9184.382694931988,5215.85266322849,0.5113728675873274,-0.9987990218664456,0.0489950397349704,0.9232102171332486,0.3842953226111136,1.0,16.0,28.0
1637950290.0,2.9829324798057217,0.6386047645695341,176.46214190430362,1286.9993454936182,589.1311860930784,8679.550669640268,6178.722549650009,2409.8588679369514,4681.672029263073,6987.142055875147,7079.932927253109,6700.541161137877,8606.471813854987,4852.935754629027,0.511779041429732,-0.9987413374466289,0.0501571617550197,0.9335804266054584,0.3583679492632825,1.0,17.0,27.0
1637950306.0,2.9867808432889844,0.5805799413543109,164.36284173412162,1332.2988880413704,615.2139524567091,8130.613647848988,6567.513845551459,1521.293991260367,4177.361192813063,6652.338807484817,6618.216797283012,6165.223102277016,7985.416835971837,4575.789811019442,0.5121852152721365,-0.9986823008772704,0.0513192158404752,0.943222657976088,0.3321611318028101,1.0,18.0,26.0
1637950322.0,2.9776376709093864,0.5360328162256806,162.85050955741767,1338.1038986973283,629.9845471770935,7843.009249592007,6746.855888449612,1060.2575654636348,4115.412015471167,6304.520445960285,6455.463633977484,6104.466194073189,7746.074350364696,4559.557814509928,0.512591389114541,-0.998621912235344,0.0524812004762168,0.952129392702228,0.3056953050874126,1.0,19.0,25.0
1637950338.0,2.9625901640488475,0.5124291277013507,165.7832920931546,1266.4739408893588,630.7401460915534,7706.260772851375,6265.090029912562,1102.9836002180891,4235.445578242237,5879.196896953223,6347.889525125167,6270.513976907398,7741.040366548586,4729.648666704155,0.5129975629569455,-0.9985601716056284,0.0536431140309565,0.9602936855801676,0.2789911063723323,1.0,20.0,24.0
1637950354.0,2.950671864949884,0.5142149339699087,166.67940107979973,1189.419923442012,628.8079902249344,7791.63772788646,5469.13089368856,1663.0823551632839,4305.99224853393,5706.993129869272,6482.34322880595,6559.9330419756225,7895.482767037564,5303.483634841832,0.5134037367993501,-0.99849707906942,0.0548049549752274,0.9677091704573858,0.2520693583374985,1.0,21.0,23.0
1637950370.0,2.9529143135919598,0.5430309883847051,164.81887981869778,1136.8008075713044,633.2487486151051,8197.841109734,5149.5042775938,2772.9337944090075,4617.215558895265,6210.900631026367,7029.409146911727,7267.315982871476,8476.052795711777,5856.181938771346,0.5138099106417546,-0.9984326347129008,0.0559667217215333,0.9743700647146336,0.2249510546496746,1.0,22.0,22.0
1637950386.0,2.9664799222115907,0.5861227955769007,162.4284774560902,1146.5144167302633,645.6201115580795,8996.957707061523,5856.557542881217,3926.040062084361,5335.027094585246,6990.494086534467,7746.546135938566,8216.356528437273,9178.939897369273,6196.745929664354,0.5142160844841592,-0.9983668386233188,0.0571284126970104,0.9802711746089706,0.1976573404423651,1.0,23.0,21.0
1637950402.0,2.9798606724901084,0.6298846119130925,164.55884548880803,1214.54754490965,656.0265791185875,10110.63349300899,7259.982141230976,4685.671944461294,6360.689211161864,7555.92088154418,8350.088987526338,8918.161497598463,9696.700029781481,6357.345295694398,0.5146222583265637,-0.9982996908906012,0.0582900263143705,0.98540789843569,0.1702094994427657,1.0,24.0,20.0
1637950418.0,2.985757086705323,0.6651348076737037,174.27248304792315,1291.3218816746758,656.8403578330303,11322.089527029966,8645.750083247442,5125.685115172091,7408.382248880116,7745.779130636462,8611.515633176674,9441.787245732365,9809.916041584733,6492.059466283021,0.5150284321689683,-0.9982311916031112,0.0594515610445386,0.9897762309032976,0.1426289337366789,1.0,25.0,19.0
1637950434.0,2.977285002075891,0.6791198710199958,185.32790496293995,1358.6043386881358,643.254946429556,11749.138127417578,8990.060424084368,5211.585670905506,8006.429125267043,7458.3363124737025,8166.463873637218,9334.041840568505,9502.394572510215,6629.462034186505,0.5154346060113729,-0.998161340857014,0.0606130152568583,0.993372765571914,0.1149371507390328,1.0,26.0,18.0
1637950450.0,2.962862438329736,0.6833873074038104,192.03693540992285,1384.4149894127593,621.9351749200198,11457.928958608241,8482.382905093356,5246.4316915004565,8213.50704971924,7322.778979542081,7316.608227226661,8814.025732593345,9210.67932947477,6757.296906460557,0.5158407798537774,-0.9980901387433824,0.0617743874369916,0.9961946980918792,0.0871557427461306,1.0,27.0,17.0
1637950466.0,2.9564925398340436,0.6806912262524484,189.03378952850952,1394.68398100054,606.1088030566757,10503.554099100053,7444.3209094879585,5290.590905374545,7830.633019425115,7471.505534846121,6423.794394927814,8178.825685084649,8873.027667860926,6931.76329722071,0.516246953696182,-0.9980175853621764,0.0629356759545104,0.9982398279110272,0.0593063737903695,1.0,28.0,16.0
1637950482.0,2.959624620481991,0.6763135278495174,178.70027801461234,1404.3273811951897,603.6868815853798,9395.489634612097,6568.698674192128,5577.234142296698,7167.83109709555,7750.762614918006,6009.229169788707,7823.3684143463015,8505.608790761558,6969.357488388403,0.5166531275385865,-0.9979436808079928,0.0640968792952928,0.999506560366817,0.0314107590435894,1.0,29.0,15.0
1637950498.0,2.9701676067463265,0.6771201588043039,170.32746530072117,1389.2947049613963,617.5982539874346,8983.849842433847,6664.076148135362,6223.954984532087,6612.637542808052,8260.202575835749,6494.427250393122,8216.781410583617,8442.979144196917,7119.500667950224,0.5170593013809911,-0.9978684251845846,0.0652579958291476,0.999993907657156,0.003490651596986,1.0,30.0,14.0
1637950514.0,2.9752292271571146,0.675445124094553,167.71910372946132,1345.2833107972024,635.752374389762,9072.957208409582,7087.201610373531,6747.013472230201,6246.268621930065,8500.294247459986,7293.740539949478,9051.04617599553,8550.116838885919,7231.714458615075,0.5174654752233956,-0.9977918185910392,0.0664190240276573,0.999701489779532,-0.0244321782202114,1.0,31.0,13.0
1637950530.0,2.967927962693477,0.6685335440585477,171.60416939985885,1265.5291361612428,648.7958874060507,9487.007571567145,7471.844774402038,6982.474299842443,6209.075872374588,8499.510704104243,7927.276409913771,9838.743610423378,8873.880601995883,7244.626696467516,0.5178716490658002,-0.9977138611310202,0.0675799623189547,0.9986295347379875,-0.0523359565594298,1.0,32.0,12.0
1637950546.0,2.9554365095445054,0.6627092209995445,179.59962621682257,1173.4736322028211,654.5399118455106,10082.137144352411,7543.504737811636,7090.906037485509,6727.56750320685,8651.8158120804,8394.633607609163,10301.571572479319,9500.4595207763,7305.956108731718,0.5182778229082047,-0.9976345529130208,0.0687408090877418,0.9967788784855246,-0.0801989239649745,1.0,33.0,11.0
1637950562.0,2.954729539355428,0.67579911198247,190.62679458850926,1114.7766276905593,657.9477005161514,11069.281357487664,7751.044347564042,7470.492175815138,7905.631742076922,9511.861097975208,9074.804574565238,10567.776340569199,10409.736861820522,7517.56377099209,0.5186839967506093,-0.9975538940404453,0.0699015628204724,0.994150963984813,-0.1079993555909813,1.0,34.0,10.0
1637950578.0,2.9680120827452057,0.6982132356622482,196.45987155326438,1136.540764862547,657.3646610047687,11688.630578653489,7704.018227857165,7689.616614712416,8767.790659397728,10265.411948962836,9449.138026680432,10201.960864268945,10813.422783269001,7545.582831460566,0.5190901705930138,-0.9974718846265288,0.0710622218875867,0.9907478405165064,-0.1357155721053387,1.0,35.0,9.0
1637950594.0,2.988051967726821,0.7245922357974045,199.72876836734028,1212.5869563724984,652.4766052671565,11961.065747676825,7746.588923855498,7846.038849376108,9171.70344976184,10491.677731942582,9674.465554191444,9813.023375888024,10599.842067552838,7600.8495639077755,0.5194963444354184,-0.9973885247781984,0.0722227847757834,0.9865721616204758,-0.1633259621600368,1.0,36.0,8.0
1637950610.0,3.0052222710370575,0.7466878675460915,205.03572308476893,1283.8182504818496,641.1917147700025,11973.213448748867,8032.241009749792,8068.623921647606,9097.644343825858,10199.419154813764,9806.992254276054,9753.136670913957,10074.811244598792,7802.408109770417,0.5199025182778229,-0.9973038146124809,0.0733832498557706,0.9816271835047188,-0.1908089950830233,1.0,37.0,7.0
1637950626.0,3.011229018189011,0.7486910458166564,209.93755736557458,1324.433109512533,627.2516484673304,11464.243927830621,7988.090131687033,8077.8314797416315,8453.82638816931,9339.254418786528,9534.36830591699,9620.295967199672,9453.617517807703,7891.666742076579,0.5203086921202275,-0.9972177542398238,0.0745436156144998,0.9759167619495832,-0.2181432413480656,1.0,38.0,6.0
1637950642.0,3.0075185091889276,0.7456419958567588,215.5655186923156,1318.6997838777206,615.3481641365818,10981.822713666152,7906.2993907474765,7966.11763836468,8006.715955632926,8552.870873107931,9126.901785542184,9359.505039986176,9151.506017313219,8216.661077259705,0.5207148659626321,-0.997130343781046,0.075703880422956,0.9694453499603888,-0.2453073856209372,1.0,39.0,5.0
1637950658.0,3.0012325456817313,0.7331138012842741,218.04342149251144,1273.6908319976026,611.1401998651438,10557.40393905311,7572.52257064789,7477.150898974847,8070.747743971937,8136.109979967136,8546.277397033296,9024.757367392616,9493.3734158352,8296.838391417921,0.5211210398050365,-0.9970415833512338,0.0768640427538429,0.962217993533819,-0.2722802470245527,1.0,40.0,4.0
1637950674.0,3.005805273094798,0.7071634069773224,212.6919148446561,1224.6283713389716,618.5734934197849,10217.66309084421,6978.463407642383,6555.325147229596,8395.492880676662,7991.313519693873,7596.283200633798,8490.056812175933,10004.013994908859,7636.885488367267,0.5215272136474411,-0.9969514730716412,0.0780241010219575,0.9542403285859444,-0.2990407920337772,1.0,41.0,3.0
1637950690.0,3.023137819578504,0.6631209053701136,197.41585400620062,1203.2056525309004,638.8395962154632,10022.315690649884,6458.13026838402,5453.119595037193,8575.203231942673,7899.726213749099,6810.107220941312,8027.9064318519195,10247.901746080492,6779.096531057499,0.5219333874898456,-0.9968600130642642,0.0791840536567491,0.9455185755939868,-0.3255681544726365,1.0,42.0,2.0
1637950706.0,3.0470460064035554,0.6071735599034361,178.28668729517508,1180.2004724413532,662.7553148673263,9890.137075091294,6077.333486730575,4607.247394635555,8352.392291020438,7520.13906829862,6187.597749767834,7931.824227413741,10057.865295387375,6311.536591597358,0.5223395613322502,-0.9967672034540956,0.0803438990733051,0.9360595358093232,-0.351841648217539,1.0,43.0,1.0
1637950722.0,3.0,0.018826,10.0,1024.0,1418.21952,211.788,214.623,215.648,215.648,216.335,216.335,216.335,216.335,223.266,0.5227457351746547,-0.9966730443632787,0.0815036357448774,0.9258705847913316,-0.3778407868641999,0.0,0.0,0.0
1637950738.0,3.0,0.019651,30.0,1024.0,1526.693888,450.553,446.659,459.968,460.006,464.293,465.127,465.576,465.576,465.905,0.5231519090170593,-0.9965775359240018,0.0826632620433341,0.9149596679171864,-0.4035452961996604,0.0,0.0,0.0
1637950754.0,3.0,0.019651,40.0,1024.0,1560.072192,650.806,650.973,658.727,661.172,669.963,670.723,673.391,673.391,673.473,0.5235580828594638,-0.9964806782607912,0.0838227764567205,0.9033352928279492,-0.428935133477596,0.0,0.0,0.0
1637950770.0,3.0,0.072216,60.0,1024.0,1699.00032,903.42,901.01,924.705,926.26,942.884,943.105,947.722,947.797,947.985,0.5239642567018684,-0.9963824715083872,0.0849821773717156,0.8910065240377525,-0.453990500035146,0.0,0.0,0.0
1637950786.0,3.0,0.274149,70.0,1024.0,1754.3168,1835.857,1839.941,1860.728,1861.464,1862.874,1863.548,1865.7,1865.955,1869.743,0.5243704305442729,-0.9962829157985448,0.086141463233161,0.8779829755956289,-0.478691857633118,0.0,0.0,0.0
1637950802.0,3.0,0.236952,80.0,1024.0,1759.432704,1130.871,1134.34,1156.576,1159.541,1173.854,1178.732,1181.133,1182.948,1184.074,0.5247766043866775,-0.9961820112660472,0.0873006324715515,0.8642748020044493,-0.5030199465430472,0.0,0.0,0.0
1637950818.0,3.0,0.36003,100.0,1024.0,1766.760448,1391.184,1396.082,1430.421,1440.033,1445.491,1447.912,1449.133,1449.506,1452.769,0.525182778229082,-0.9960797580487926,0.0884596835030452,0.849892693154014,-0.5269557952270922,0.0,0.0,0.0
1637950834.0,3.0566710393780383,0.6009871081712249,193.6446313876247,577.1321664017703,643.2065809924471,11142.774825796676,9381.66969080687,8271.087653279146,9243.44194967729,9626.037476114197,8358.784033958675,9695.120438362574,10238.321257870353,9118.09389418204,0.5255889520714866,-0.9959761562813548,0.0896186148019395,0.8348478633007607,-0.550480740028345,1.0,1.0,12.0
1637950850.0,3.0583793140150286,0.6194484658505995,200.90556775229672,539.0012543213475,624.7106810219339,10798.016676493504,9089.000389548532,8743.072455600563,9123.918994411006,9438.518716662285,7865.824067082408,9848.08172721702,10535.45142480397,8633.995261583936,0.5259951259138912,-0.9958712061091785,0.0907774247412332,0.8191520444519889,-0.5735764361182621,1.0,2.0,11.0
1637950866.0,3.0619327924560262,0.6537451854649792,210.9409355998619,512.2494569225071,618.5362480732174,10379.465123248483,9327.74336064329,9081.760480302888,9359.650901513618,9973.801992242246,7413.108257571934,10061.336022339998,11505.966587430084,8525.543616228104,0.5264012997562957,-0.9957649076691006,0.0919361118100357,0.8028174752118838,-0.5962248749376499,1.0,3.0,10.0
1637950882.0,3.060318944130311,0.6814717877346872,215.49041039293223,517.413473853127,620.2712604674875,9891.785181361258,9635.723061935052,8981.827124189476,9448.742020396123,10630.290017483952,6987.017544664339,9697.563201023191,12356.704897034755,8601.293965921075,0.5268074735987003,-0.9956572611103518,0.0930946743816886,0.7858568933307177,-0.618408395160183,1.0,4.0,9.0
1637950898.0,3.056622350122808,0.6936736754591967,216.06237759802642,586.5877864962661,625.6690102107275,9652.411910986748,9963.522162900039,8517.181805109598,9322.528005042936,10865.6921883132,6875.999350335833,8971.80999123436,12603.435761989573,8485.164991427551,0.5272136474411048,-0.9955482665732848,0.0942531109456241,0.7682835235946834,-0.6401096994835632,1.0,5.0,8.0
1637950914.0,3.048359153413983,0.6841188227283788,214.11680380760137,670.2011438193965,624.6575742950176,9610.416611199716,9675.03363172564,7719.303808226308,8924.251678635988,10420.318346610544,6915.6701126726875,8130.512992747233,12057.775020493937,8056.705464354836,0.5276198212835094,-0.9954379242109144,0.0954114198755354,0.7501110697747125,-0.6613118651600289,1.0,6.0,7.0
1637950930.0,3.0350545698744615,0.6520477369337174,207.47579746550403,716.7313327104685,613.9416599801114,9385.931110953705,8451.32857105404,6917.403025814116,8253.760353458958,9376.015970683065,6564.990134326819,7243.111326487877,10844.923430981595,7546.476898601693,0.5280259951259139,-0.9953262341685142,0.0965695996467013,0.731353701597885,-0.6819983600853243,1.0,7.0,6.0
1637950946.0,3.022681347896618,0.6117783767361786,199.71354914074695,706.1360683854414,601.1921283372471,9086.890973825011,7112.770261704389,6728.844220391124,7752.080443813258,8597.57740609267,6095.886744426671,6714.333108127385,9692.256348238872,7262.629478763125,0.5284321689683185,-0.9952131965986674,0.0977276486766273,0.7120260461209714,-0.7021530528633599,1.0,8.0,5.0
1637950962.0,3.0141406004016433,0.5931479466775721,194.9558952117155,692.933702628884,593.7066698920398,9194.830848591098,6556.702592113008,7565.648474112977,7831.705542452718,8592.693566740252,5731.158587871827,7007.868451248971,9067.13181533273,7209.743827413178,0.528838342810723,-0.9950988116544106,0.0988855653974828,0.6921431738240461,-0.7217602281428206,1.0,9.0,4.0
1637950978.0,3.008792819358124,0.6006022516578595,194.64096762276327,706.9181218032393,592.4477985834294,9714.321212318267,7174.7348290024,8852.976290589355,8797.495529164527,9322.378528833113,5754.388517148935,7906.857756103023,9021.832774550172,7478.463358604664,0.5292445166531276,-0.9949830794920604,0.1000433482271375,0.6717205894356566,-0.7408045961845904,1.0,10.0,3.0
1637950994.0,3.004386701729562,0.6191213532189273,196.82964962791158,756.5790914208712,595.9070778754312,10501.149686963303,8443.14438569308,9778.951466535718,9991.40838208744,10212.393419716154,6152.592788233405,8822.738913402058,9275.651602690392,7906.027579357955,0.529650690495532,-0.9948660002639336,0.101200995641558,0.6507742171920077,-0.7592713073981722,1.0,11.0,2.0
1637951010.0,3.0013250684854715,0.628851742373193,198.68740680463947,803.3463478751589,598.7299326593036,11091.01468112538,9525.732290880036,9994.618360806882,10677.741521459502,10427.107198955833,6601.859558530938,9519.266301267326,9276.994493906503,8058.621853590806,0.5300568643379366,-0.9947475741314168,0.1023585060444963,0.6293203907804807,-0.7771459616750916,1.0,12.0,1.0
1637951026.0,3.0,0.074563,20.0,768.0,565.071872,301.795,302.531,305.113,305.113,307.843,310.422,310.422,310.422,311.529,0.5304630381803412,-0.9946278012578544,0.1035158778399035,0.6073758399897201,-0.7944146203317144,0.0,0.0,0.0
1637951042.0,3.0,0.079587,30.0,768.0,609.120256,489.705,488.633,502.135,503.263,504.885,505.809,507.376,507.376,508.673,0.5308692120227457,-0.99450668179941,0.1046731095187644,0.5849576750570005,-0.811063818938996,0.0,0.0,0.0
1637951058.0,3.0,0.008742,50.0,768.0,731.295744,730.56,725.904,746.233,746.646,755.972,757.937,758.916,758.916,759.068,0.5312753858651503,-0.9943842159261204,0.1058301994564637,0.5620833781022073,-0.8270805741046099,0.0,0.0,0.0
1637951074.0,3.0,0.008742,60.0,768.0,781.520896,1363.686,1376.093,1388.27,1389.334,1392.016,1395.738,1396.392,1401.942,1402.121,0.5316815597075548,-0.9942604037992172,0.1069871461298852,0.5387707850515289,-0.8424523969785825,0.0,0.0,0.0
1637951090.0,3.0,0.251215,70.0,768.0,836.677632,3492.436,3495.39,3520.173,3523.831,3534.844,3536.473,3539.792,3541.673,3541.949,0.5320877335499594,-0.9941352455894212,0.1081439479437523,0.5150380751409221,-0.8571673005633929,0.0,0.0,0.0
1637951106.0,3.0,0.320308,90.0,768.0,846.27456,1236.337,1242.703,1266.35,1267.664,1272.253,1281.037,1283.425,1283.505,1290.289,0.5324939073923639,-0.9940087414614572,0.1093006033753227,0.4909037536325619,-0.8712138111103732,0.0,0.0,0.0
1637951122.0,3.0,0.42153,100.0,768.0,846.27456,1429.712,1428.857,1468.202,1471.29,1485.013,1487.737,1493.475,1493.834,1494.156,0.5329000812347685,-0.9938808915929224,0.11045711080079,0.4663866405489315,-0.8845809751048694,0.0,0.0,0.0
1637951138.0,3.0,0.259898,110.0,768.0,438.571008,1512.461,1513.776,1554.043,1559.814,1562.748,1566.008,1572.636,1574.054,1574.418,0.533306255077173,-0.9937516961505102,0.1116134687122661,0.4415058527800573,-0.8972583696800795,0.0,0.0,0.0
1637951154.0,3.0,0.377109,130.0,768.0,450.514944,1842.4,1837.04,1899.925,1902.971,1920.786,1924.452,1927.039,1927.427,1933.071,0.5337124289195776,-0.9936211553155964,0.1127696754863621,0.4162807924452426,-0.9092361089624416,0.0,0.0,0.0
1637951170.0,3.0,0.333397,140.0,768.0,455.118848,3661.07,3662.557,3714.23,3722.929,3728.087,3732.883,3734.523,3737.31,3749.108,0.5341186027619821,-0.9934892692583838,0.1139257296155819,0.3907311284468856,-0.920504853470433,0.0,0.0,0.0
1637951186.0,3.0,0.49235,150.0,768.0,463.638528,2295.847,2294.983,2371.457,2375.928,2398.488,2408.758,2415.413,2415.953,2418.354,0.5345247766043867,-0.9933560381640244,0.1150816294769632,0.3648767844961511,-0.9310558158004004,0.0,0.0,0.0
1637951202.0,3.0,0.49235,160.0,768.0,472.539136,3060.006,3040.225,3163.111,3164.797,3198.169,3210.502,3217.84,3219.306,3234.345,0.5349309504467912,-0.9932214622062292,0.11623737356341,0.3387379201708946,-0.94088076898101,0.0,0.0,0.0
1637951218.0,3.0,0.640461,170.0,768.0,481.734656,6814.439,6820.439,6874.447,6878.657,6906.047,6925.584,6930.495,6932.058,6932.111,0.5353371242891958,-0.9930855415739268,0.1173929602523953,0.3123349186426143,-0.9499720514817852,0.0,0.0,0.0
1637951234.0,3.0,0.727679,190.0,768.0,558.96064,2692.336,2718.215,2759.337,2778.124,2781.088,2784.283,2804.43,2807.344,2808.564,0.5357432981316004,-0.9929482764460592,0.118548388022782,0.2856883672975514,-0.9583225744971572,0.0,0.0,0.0
1637951250.0,3.0,0.564964,200.0,768.0,567.97184,7546.219,7554.301,7619.432,7645.424,7657.277,7677.294,7685.332,7686.47,7688.914,0.5361494719740049,-0.9928096670084136,0.1197036553102825,0.2588190447534005,-0.9659258263826148,0.0,0.0,0.0
1637951266.0,2.9876003253140513,0.6631110582193467,232.24010680487316,872.9687400327462,611.892480947007,13611.137304303727,12767.927804482004,11290.901075782487,14507.066303088102,13344.432832028797,10654.624292102468,11854.387299810136,13574.204110401934,7442.801665990799,0.5365556458164095,-0.9926697134538724,0.1208587605074904,0.2317479038059756,-0.972775878135111,1.0,1.0,1.0
1637951282.0,3.0,0.561936,210.0,768.0,579.1744,11681.931,11677.224,11747.93,11757.423,11793.658,11799.275,11810.769,11819.924,11822.502,0.536961819658814,-0.9925284159649111,0.1220137021083459,0.2044960519114885,-0.9788673887471244,0.0,0.0,0.0
1637951298.0,3.0,0.781126,220.0,768.0,588.079104,11961.899,11959.743,12026.105,12054.464,12076.672,12085.245,12095.262,12097.378,12107.116,0.5373679935012186,-0.992385774739895,0.1231684784914484,0.1770847406025614,-0.9841956079183262,0.0,0.0,0.0
1637951314.0,3.0,0.556064,230.0,768.0,600.956928,9953.142,9963.5,10046.005,10060.24,10079.125,10092.513,10101.605,10102.744,10114.93,0.537774167343623,-0.9922417899648036,0.1243230881511668,0.1495353434814606,-0.9887563810412966,0.0,0.0,0.0
1637951330.0,2.9969746108272317,0.8680429686210803,267.87650909381455,1070.3248551780205,629.4817242957463,18616.806192625256,18112.55047432685,19059.93589820664,17779.690125586087,19524.699130831614,18872.97077923177,19421.912111011858,18577.799592869527,11478.701907213264,0.5381803411860276,-0.992096461841774,0.1254775294665668,0.1218693436577502,-0.9925461516103063,1.0,1.0,1.0
1637951346.0,3.0,0.713861,240.0,768.0,610.562048,12736.669,12734.633,12843.235,12865.745,12892.747,12893.97,12902.185,12902.646,12915.191,0.5385865150284321,-0.9919497905621328,0.126631800918019,0.0941083133236492,-0.9955619646025946,0.0,0.0,0.0
1637951362.0,3.0,0.768443,250.0,768.0,623.501312,11755.022,11751.939,11864.86,11868.324,11913.633,11930.129,11949.653,11951.215,11952.469,0.5389926888708367,-0.9918017763262604,0.1277859009283684,0.0662739006209904,-0.9978014682773718,0.0,0.0,0.0
1637951378.0,2.9701818962716398,0.8752622217570696,295.34304558153974,919.0725410272278,632.5178836075181,17354.861814922326,17980.350324412313,19229.340141145807,17982.48197602567,20039.624514152154,17080.682196355152,19119.914118901088,17446.257031360306,12161.976145809305,0.5393988627132412,-0.9916524193345464,0.1289398279351307,0.0383878090596757,-0.9992629164116908,1.0,1.0,1.0
1637951394.0,3.0,0.921459,260.0,768.0,635.793408,11056.092,11051.741,11149.016,11175.229,11235.387,11253.413,11258.318,11262.23,11270.569,0.5398050365556458,-0.9915017197910918,0.1300935803616279,0.01047178430469,-0.9999451693635388,0.0,0.0,0.0
1637951410.0,3.0,0.976015,270.0,768.0,650.665984,11380.7,11383.367,11484.678,11514.074,11591.211,11598.124,11616.817,11618.765,11625.43,0.5402112103980503,-0.9913496778942428,0.1312471566891311,-0.0174524064981615,-0.9998476951553286,0.0,0.0,0.0
1637951426.0,3.0,0.861267,280.0,768.0,664.281088,12991.385,12988.658,13093.666,13130.607,13192.895,13195.991,13213.161,13219.275,13222.979,0.5406173842404549,-0.9911962938574476,0.1324005552981566,-0.0453629879739817,-0.9989705697977656,0.0,0.0,0.0
1637951442.0,2.9860549900407856,0.8444828961017868,261.4133607722432,892.7794764226121,630.3745316421014,14733.928947100341,16168.343819853237,16848.29496113794,16150.160531606676,18321.711431629003,14606.622279943313,17347.02089795574,14490.2476286598,11302.420739837478,0.5410235580828595,-0.9910415678806934,0.1335537746848696,-0.0732381972212893,-0.9973144772175804,1.0,1.0,1.0
1637951458.0,3.0,0.746527,290.0,768.0,680.169472,13227.746,13211.321,13317.914,13369.025,13435.926,13441.55,13462.917,13468.07,13479.482,0.541429731925264,-0.9908855001811968,0.1347068132302875,-0.101056296597886,-0.9948807088882164,0.0,0.0,0.0
1637951474.0,2.975614409838062,0.85430265022297,251.31254562617883,907.987867596331,610.5794540482725,15320.679991969597,16108.460862229145,15990.93879529062,16266.208295904416,17934.63281330037,13462.111405386073,16059.951765875505,14642.878318380457,11142.685700669437,0.5418359057676686,-0.9907280909624432,0.1358596694310448,-0.1287955962416551,-0.9916711624267172,1.0,1.0,2.0
1637951490.0,2.9793110346894363,0.8500953691470593,240.42812932260088,1005.2239459924949,604.4487629764014,15573.27163970303,15537.93958413143,14823.077269054056,16319.111653307598,17601.242851839612,12464.434241867666,14993.268414710592,14780.280541186501,10263.801591624444,0.5422420796100731,-0.9905693404434228,0.1370123416830836,-0.1564344649519444,-0.9876883406091208,1.0,2.0,1.0
1637951506.0,3.0,1.315543,310.0,768.0,710.017024,16959.117,16959.432,17083.728,17108.206,17145.392,17163.411,17174.09,17179.892,17185.139,0.5426482534524777,-0.9904092488391112,0.1381648284258596,-0.1839513503122306,-0.9829353492057892,0.0,0.0,0.0
1637951522.0,2.992982056648208,0.7949602358722455,215.85934427158855,1231.8668257123047,588.5298663943573,15088.341159107169,13319.374396048655,12180.509331568148,14847.713989081496,15673.74785865496,10769.016600375555,13413.802945729072,13729.400028955672,8333.900355507143,0.5430544272948822,-0.9902478163602176,0.1393171281423099,-0.2113247964002971,-0.9774158942980072,1.0,1.0,1.0
1637951538.0,3.0,0.838714,320.0,768.0,727.404544,18295.951,18286.944,18426.103,18444.305,18498.317,18508.454,18515.223,18525.354,18529.48,0.5434606011372868,-0.9900850432333737,0.140469239214743,-0.2385334573137683,-0.9711342799746804,0.0,0.0,0.0
1637951554.0,2.979326884033424,0.7431042038028024,209.86467646040606,1194.5521088860714,567.2784850470529,12730.622364237071,11458.59023911055,11128.666434939212,12207.705201952747,13509.416209954828,9615.511133116812,12439.94891119971,11551.758992075018,8186.954255951014,0.5438667749796913,-0.9899209296708078,0.1416211601410028,-0.265556117464305,-0.9640954042403088,1.0,1.0,1.0
1637951570.0,3.0,0.682664,330.0,768.0,744.521728,20955.327,20954.685,21112.499,21124.955,21183.746,21201.875,21207.227,21207.845,21214.682,0.5442729488220959,-0.989755475902916,0.1427728893039295,-0.2923717044935475,-0.9563047560331056,0.0,0.0,0.0
1637951586.0,2.962037344923082,0.7679616117736716,227.52717532172016,1017.1121077535108,579.6533370655966,12423.471955278766,12647.838894108023,11785.64377412429,13138.772951085919,15276.833403871058,10618.246526270896,12899.10127107273,11687.664166814673,9267.6651929599,0.5446791226645004,-0.9895886821454218,0.143924425201865,-0.318959309307245,-0.947768410006498,1.0,1.0,1.0
1637951602.0,3.0,1.210286,340.0,768.0,761.950208,24156.309,24150.112,24298.489,24323.335,24383.901,24410.637,24414.651,24415.495,24418.607,0.545085296506905,-0.9894205486324836,0.1450757662181901,-0.3452981988046056,-0.938493022830908,0.0,0.0,0.0
1637951618.0,2.9547175631205214,0.7759347229571786,231.91731354043733,982.5639064971476,609.1947833708246,14504.175942780921,13721.354608268819,11629.113433277005,15901.386651763081,16208.704116288169,12669.241534104414,14035.350402637368,12438.319296518295,8557.23807952483,0.5454914703493096,-0.989251075583319,0.1462269108517528,-0.3713678355898842,-0.928485826865055,1.0,1.0,1.0
1637951634.0,3.0,1.007339,350.0,768.0,781.541376,23712.023,23723.864,23856.914,23869.868,23907.201,23935.758,23957.432,23960.318,23967.679,0.545897644191714,-0.9890802632358476,0.147377857486483,-0.3971478904754436,-0.9177546257529324,0.0,0.0,0.0
1637951650.0,2.961008756867171,0.748410242048037,221.00758811966926,908.3264621993428,596.1056126969333,14613.685475559823,12188.075808396741,10623.767315086247,15451.068309032828,13652.065817135492,12410.56390274238,13191.874489586333,11691.95887910568,7832.342939885714,0.5463038180341186,-0.9889081118149414,0.1485286046073525,-0.4226182618093303,-0.9063077870046468,1.0,1.0,2.0
1637951666.0,2.9670066386090315,0.7391718964134686,215.5744190208794,858.7228662691812,587.3194568470278,13693.59004088971,11804.359446397446,10500.588658501849,14896.058582719586,13113.016458364622,11714.935729080193,12390.343610933109,11537.710355438952,8293.638213466487,0.5467099918765231,-0.9887346215579742,0.1496791506276328,-0.4477590877130573,-0.8941542369023202,1.0,2.0,1.0
1637951682.0,3.0,1.277329,360.0,768.0,799.563776,27617.796,27623.758,27776.042,27823.965,27862.207,27879.817,27883.898,27900.23,27901.84,0.5471161657189277,-0.9885597926932922,0.1508294940328155,-0.4725507649648943,-0.8813034520136032,0.0,0.0,0.0
1637951698.0,2.9763257268099705,0.7441315661666262,210.28501294452076,885.1259291963067,593.5278708231442,12612.821566642728,13073.69241813318,10743.230825452769,14654.930756629905,13856.88070819844,11114.169446941403,11108.829998724848,11949.308371421097,9752.659131877426,0.5475223395613322,-0.9883836254663344,0.1519796332079554,-0.4969739605301241,-0.86776545365381,1.0,1.0,1.0
1637951714.0,3.0,1.402776,370.0,768.0,805.289984,28364.485,28374.428,28533.818,28565.37,28608.025,28628.529,28634.676,28643.663,28654.573,0.5479285134037368,-0.988206120106793,0.1531295666534675,-0.5210096315641194,-0.8535507974440775,0.0,0.0,0.0
1637951730.0,2.9527117464619983,0.7065267549084269,201.96049772081037,1002.4522963118891,596.3399587051065,12197.485853042184,12744.08497553445,9374.482991240693,13738.838921616309,12048.629749548369,10628.677238217393,9868.74301514692,10847.021388799381,9598.831255650133,0.5483346872461413,-0.988027276859374,0.1542792927837375,-0.5446390349525054,-0.838670567986026,1.0,1.0,2.0
1637951746.0,2.9374339658618247,0.6697476171697342,197.68018994962273,1002.5587007568843,594.421994599852,11503.888705353333,11501.205889625915,8446.844215566238,12970.262892889432,10352.162452913039,9723.578757992957,9238.641553394358,9909.820830032717,8480.404688000473,0.5487408610885459,-0.9878470959707286,0.1554288100134529,-0.5678437448136774,-0.8231363686996094,1.0,2.0,1.0
1637951762.0,3.0,0.759516,380.0,768.0,805.081088,31624.459,31598.065,31822.295,31843.524,31907.929,31931.758,31942.448,31945.813,31947.385,0.5491470349309504,-0.987665577678061,0.156578116829467,-0.5906056675864155,-0.8069603121683274,0.0,0.0,0.0
1637951778.0,2.9344732559703517,0.6263902420381593,188.8643145100072,963.3745258590559,622.372443850871,10916.905125684541,9886.18068751601,8101.774219534199,12305.306342886834,9642.990730143021,8615.371498020297,9843.546760634606,10022.137451593442,7618.332510907887,0.549553208773355,-0.9874827222293652,0.1577272116614071,-0.6129070534492387,-0.7901550125337256,1.0,1.0,1.0
1637951794.0,3.0,0.839644,390.0,768.0,805.228544,34181.333,34177.005,34332.909,34382.832,34421.49,34454.435,34458.672,34458.939,34475.235,0.5499593826157595,-0.9872985298722012,0.1588760929535657,-0.6347305131956967,-0.7727335735027484,0.0,0.0,0.0
1637951810.0,2.9597024219462083,0.669081702117904,196.40018189685014,1071.8122070581196,663.6291784598238,11688.383917008825,11628.563575914726,7869.8802782309085,13052.114326793395,11228.411799130408,8658.228132305192,10946.760376278355,11230.381524357152,8383.038112098482,0.5503655564581641,-0.9871130008582676,0.1600247591361593,-0.6560590288208314,-0.754709580370269,1.0,1.0,2.0
1637951826.0,2.957400803741792,0.6950609031920209,208.34779152113992,1099.3886709938633,663.436112710763,12449.553421766239,12409.91434154936,7901.811138366571,13759.3105117279,11640.974917539512,9271.386806143908,11492.896516785177,11861.996594905368,9170.30481294939,0.5507717303005687,-0.9869261354317574,0.1611732086971538,-0.6768759697007092,-0.7360970871031379,1.0,2.0,1.0
1637951842.0,3.0,1.214957,400.0,768.0,805.289984,35987.01,36002.94,36146.639,36161.95,36234.681,36298.846,36321.975,36326.113,36336.681,0.5511779041429732,-0.9867379338550076,0.1623214400242628,-0.6971651027170609,-0.7169106077841991,0.0,0.0,0.0
1637951858.0,2.9345039632481527,0.73050615489365,230.3806352253319,1089.6407916457445,619.4630364469724,12935.333052780526,11869.503468098666,7935.865203948001,13898.767713796411,11428.8463362437,10054.178764418311,10999.985226491368,11424.920500995797,9946.139474423362,0.5515840779853778,-0.9865483963734012,0.1634694516203886,-0.7169106076905989,-0.6971651028133122,1.0,1.0,2.0
1637951874.0,2.9354366621119987,0.7450558830153252,230.29044815784596,1099.3232110819845,600.8011806305177,12777.732582773004,11029.46026977215,8151.484531498384,13485.644516026092,11519.439049635017,10186.298019655147,10321.883540393856,10997.748539512424,9697.259187763313,0.5519902518277823,-0.9863575232530256,0.1646172418738599,-0.7360970870122615,-0.6768759697995366,1.0,2.0,1.0
1637951890.0,3.0,1.202535,410.0,768.0,805.289984,37540.574,37534.875,37712.835,37755.951,37790.537,37818.069,37832.269,37835.287,37842.898,0.5523964256701869,-0.9861653147427474,0.1657648092881541,-0.7547095802821875,-0.6560590289221576,0.0,0.0,0.0
1637951906.0,2.9724259157480586,0.7336546480415567,215.11362644529132,1207.08806706915,616.9482798790883,13307.929170470252,11749.645488462862,9110.073798660718,13868.73799627687,12961.335214292561,11349.66482874256,10818.57138883247,11520.951469487347,9457.745230259472,0.5528025995125914,-0.985971771112404,0.1669121522522232,-0.7727335734175305,-0.6347305132994427,1.0,1.0,3.0
1637951922.0,2.9852123266427086,0.6910208459327434,207.13862541334564,1235.4482530086807,633.6135175523793,13241.283565236417,12325.641557035888,8761.378230105776,14045.628570142067,13032.212157250351,11353.628746969065,11189.379230352273,11627.468820286616,9322.070076901698,0.553208773354996,-0.9857768926167888,0.1680592692557831,-0.7901550124514376,-0.6129070535553237,1.0,2.0,2.0
1637951938.0,2.988974494722278,0.6460038674417019,201.89645558523745,1199.9985019071487,640.5620650619813,12658.566985666612,12077.688760195015,7999.269789500134,13862.11246209252,12359.974044080582,10884.058776988675,11094.685944592196,11692.706512730147,9233.335617015073,0.5536149471974005,-0.9855806795221516,0.169206158731453,-0.8069603118140114,-0.5906056680705271,1.0,3.0,1.0
1637951954.0,3.0,0.819164,420.0,768.0,803.92192,41078.094,41113.096,41253.436,41314.925,41382.465,41396.29,41397.002,41413.613,41414.884,0.554021121039805,-0.9853831320941364,0.1703528191265107,-0.8231363683589487,-0.5678437453074932,0.0,0.0,0.0
1637951970.0,2.9738856769013395,0.5453028570064747,170.79200256903562,1028.1397925552426,627.0296747639367,9798.003869764161,8224.001584024103,5924.953048701578,11409.80370461653,9896.596358459701,9221.9187909476,8951.729045244876,11049.906669723765,9571.140577430302,0.5544272948822095,-0.985184250597698,0.1714992489028806,-0.8386705679129036,-0.5446390350651041,1.0,1.0,2.0
1637951986.0,2.9777244215027774,0.5052079312046807,149.73155241848013,991.2622452581445,627.0601453103958,8354.406278306617,6066.0031009927025,4959.321435865182,9448.774165178505,8863.915304483859,8300.426538162548,7383.891628210895,10021.597941330881,9068.003829069627,0.5548334687246141,-0.98498403530958,0.1726454464654541,-0.8535507971315135,-0.5210096320761815,1.0,2.0,1.0
1637952002.0,3.0,0.765939,430.0,768.0,805.105664,43323.67,43304.903,43491.82,43551.033,43610.748,43628.273,43633.776,43636.364,43652.913,0.5552396425670186,-0.9847824864908292,0.1737914103197851,-0.8677654533556655,-0.4969739610507138,0.0,0.0,0.0
1637952018.0,2.989720912020627,0.4710134098475681,130.9873934130278,1049.7268029068528,635.9560143923886,8104.946671466033,4729.424637838347,4272.251659415144,7741.553645751558,7950.049997521134,8318.215406835687,6276.321112481928,8104.927960057988,8442.178515901425,0.5556458164094232,-0.9845796044243956,0.1749371388570771,-0.8813034519501591,-0.4725507650832167,1.0,1.0,2.0
1637952034.0,2.9747981752320998,0.4694399631324316,138.95234010251323,1112.9206466596452,619.9941679322482,8535.627141313278,4953.841281751964,4359.8658525959145,8139.32183732929,7483.257447357048,8106.065438299646,6381.003154532344,7507.672755789508,8337.515658187998,0.5560519902518278,-0.9843753893748036,0.1760826305834957,-0.8941542368422047,-0.4477590878331051,1.0,2.0,1.0
1637952050.0,3.0,1.204064,440.0,768.0,805.249024,45686.864,45691.513,45869.771,45905.885,46026.447,46063.759,46083.155,46084.814,46096.425,0.5564581640942323,-0.984169841628746,0.1772278838909068,-0.9063077869479068,-0.4226182619310098,0.0,0.0,0.0
1637952066.0,2.9266718520621318,0.5015913606771801,168.63773231610938,1203.79787220425,551.6678044105408,8587.226540193671,4708.208569060633,4590.6669948204835,9750.093791721265,6970.634418920679,6853.825186203801,5939.31896319348,7308.584797097767,8142.373577546081,0.5568643379366369,-0.9839629614568184,0.1783728972717773,-0.917754625699612,-0.3971478905986599,1.0,1.0,3.0
1637952082.0,2.915598052122418,0.5369506779174839,176.67631393587124,1244.0579000067203,525.3804669106196,8347.311291673584,4266.822951493403,4505.867268910857,10142.103121901218,6991.750479119108,6565.863230429199,5403.743249853202,7452.57643162816,7907.130448042089,0.5572705117790414,-0.9837547491442804,0.1795176691472849,-0.9284858268151956,-0.3713678357145412,1.0,2.0,2.0
1637952098.0,2.913344198958636,0.5672114713952527,174.19576381103442,1303.300724666559,520.314222157202,8079.230424342571,4075.056834881376,4231.625973370497,10054.171687860087,6963.310207173559,6841.783271379014,5065.620055834603,7686.670615909607,7649.7041682583,0.557676685621446,-0.9835452049651848,0.1806621980105209,-0.9384930227845488,-0.3452981989306063,1.0,3.0,1.0
1637952114.0,3.0,1.0518,450.0,768.0,804.265984,50019.265,50036.286,50234.195,50292.114,50359.088,50384.316,50401.872,50402.436,50425.009,0.5580828594638505,-0.9833343292137066,0.1818064822547033,-0.947768409963675,-0.3189593094344909,0.0,0.0,0.0
1637952130.0,2.9187489849856147,0.5741223211897828,159.69954585393188,1371.6772606777722,546.1332957482091,7357.929571035049,4665.016515422782,3644.6995879048536,8445.254858312974,5966.51556267323,7552.430865261937,5691.721679538923,7567.233821595564,6499.367520288277,0.5584890333062551,-0.9831221221647916,0.1829505203878807,-0.9563047559938522,-0.2923717046219395,1.0,1.0,3.0
1637952146.0,2.9036232018855417,0.5417644119482956,153.4633229636834,1346.1030999289069,560.9534546065113,6584.850096528538,4888.048806537945,2887.685728419734,7204.863122739109,5202.02852598579,6906.827692572006,5607.424070725379,6904.357197435042,5690.413960065433,0.5588952071486596,-0.9829085841163536,0.18409431080396,-0.9640954042046556,-0.265556117593743,1.0,2.0,2.0
1637952162.0,2.882680941972614,0.5035004103772074,149.17378770547197,1311.6122723600138,573.202164770272,5935.0552530348195,4876.861905765394,2197.1466701007903,6381.808333187813,4989.003759240441,5996.299916868382,5193.844037218198,6362.257781145599,5063.706351949924,0.5593013809910642,-0.9826937153468094,0.1852378520116336,-0.9711342799426552,-0.2385334574441513,1.0,3.0,1.0
1637952178.0,3.0,1.130596,460.0,768.0,805.265408,49972.014,49977.565,50157.901,50214.2,50310.212,50340.902,50349.187,50351.192,50354.044,0.5597075548334687,-0.9824775161578092,0.1863811424055062,-0.9774158941712292,-0.2113247969866683,0.0,0.0,0.0
1637952194.0,2.865834406787722,0.4930104397412236,147.42361710853206,1334.4582308403733,583.2798993365784,6303.993326184016,5610.93960975713,2568.511796480383,7158.162935624825,6951.542821847552,5948.3848981435385,4445.048093650057,6411.824589676773,4970.691150637074,0.5601137286758733,-0.98225998683124,0.1875241804949221,-0.9829353490954332,-0.1839513509019129,1.0,1.0,3.0
1637952210.0,2.8715254096273415,0.554731403142799,159.7818279406776,1394.757142078522,581.8630349802582,7812.6646322821525,7492.580507244345,4388.844487295055,8728.803983717695,8574.914683298664,7741.560819115695,5790.8833504955055,7157.250619912498,5826.603992005519,0.5605199025182778,-0.9820411276697416,0.1886669646894827,-0.9876883405881184,-0.1564344650845499,1.0,2.0,2.0
1637952226.0,2.879772977305551,0.6334144895946117,178.6116816539849,1417.207196444784,570.8821221650612,9371.01069895962,9436.800555700775,6664.037343200385,10217.496854475006,9615.20464881913,9794.71317930431,7987.1722496350185,7980.217468412782,6582.741294863035,0.5609260763606824,-0.981820938969667,0.1898094934420334,-0.9916711623494502,-0.1287955968365782,1.0,3.0,1.0
1637952242.0,3.0,0.9073,470.0,768.0,805.265408,54409.605,54396.338,54589.455,54626.556,54756.905,54772.496,54788.135,54791.419,54800.964,0.561332250203087,-0.981599421020834,0.1909517652486179,-0.9948807088275908,-0.1010562971947346,0.0,0.0,0.0
1637952258.0,2.8875212443823424,0.7529182581893058,206.78117531685197,1335.775066067667,535.0704217651919,10607.01495561191,11446.603086353305,9737.85937952757,11889.183171483686,10117.860089779806,11567.364220873998,11245.521583991462,9635.602815351831,7352.891845489679,0.5617384240454915,-0.9813765741342274,0.192093778505623,-0.9973144772077476,-0.0732381973551872,1.0,1.0,3.0
1637952274.0,2.8890331669295977,0.7869788535560847,213.2391700256506,1349.2654554364906,527.4970300534908,10648.33278271697,11894.437213853365,9986.020521588322,12417.91816994067,10326.609408261753,11253.779061754421,11268.279721056126,10294.821795309803,7357.137270334446,0.5621445978878961,-0.9811523986004012,0.1932355317240581,-0.9989705697916752,-0.045362988108102,1.0,2.0,2.0
1637952290.0,2.8939161616645683,0.7936069695522947,213.87545739320686,1422.2261747471237,528.6364593886261,10537.392011911867,11791.533861106798,9211.777007436955,12662.578290350295,10365.152809543113,10268.289174273592,10360.060997391936,10511.978702186581,7144.716707111385,0.5625507717303005,-0.9809268947340712,0.1943770233010379,-0.9998476951529854,-0.0174524066323995,1.0,3.0,1.0
1637952306.0,3.0,1.107612,480.0,768.0,805.216256,56118.57,56111.218,56297.456,56344.745,56436.986,56465.653,56496.446,56499.373,56522.04,0.5629569455727051,-0.9807000628292564,0.1955182517482522,-0.9999451693649446,0.0104717841704389,0.0,0.0,0.0
1637952322.0,2.902807681094905,0.7223346905733358,195.62454583399872,1642.0006411248678,532.7901717457678,8805.30006944693,9455.83171178769,6431.988346742341,11349.805468297756,9045.478267954488,7407.0851328997105,7738.3814559279745,9557.337901223971,5569.528399679721,0.5633631194151096,-0.9804719032044008,0.1966592154635523,-0.9992629164168448,0.0383878089255162,1.0,1.0,8.0
1637952338.0,2.9008733274848844,0.6997118629911729,192.54731647996803,1691.715390552455,527.1700201917023,8027.461041407428,8635.501684994837,6060.0456244675515,10727.809183612902,8639.472219120747,6723.348713917045,7633.4268947166365,9247.603263184898,5203.260133376618,0.5637692932575142,-0.980242416159865,0.1977999129450519,-0.9978014682862696,0.066273900487027,1.0,2.0,7.0
1637952354.0,2.8940124848739766,0.7032966998607267,193.3719523254541,1691.430832464935,519.528837668174,7371.849171112581,8320.416706750875,6555.312174487564,10265.993440389415,8691.652121789994,6586.589664995727,7984.767887401622,9139.407608072872,5357.946760163581,0.5641754670999187,-0.9800116020091856,0.1989403426341409,-0.9955619646152296,0.0941083131899865,1.0,3.0,6.0
1637952370.0,2.8857038617509616,0.7236972945043627,194.9822401380228,1659.099796929734,512.5565087907349,6996.4233732071025,8466.267018645176,7591.723067846,10151.672994518118,9233.778714024333,6932.299806946072,8463.751900168056,9264.497181555835,5892.492341223573,0.5645816409423233,-0.979779461064852,0.2000805029868427,-0.9925461516266684,0.1218693435244924,1.0,4.0,5.0
1637952386.0,2.879570645910898,0.7577008925243441,197.51146866721908,1654.4235205189948,510.1563672850324,7257.675315903822,9320.478587527923,8881.300110690732,10904.461453370235,10239.873758214027,8006.037108953417,8895.1218606278,9623.23991600573,6605.724334733401,0.5649878147847278,-0.9795459936440774,0.2012203924452914,-0.988756381061373,0.1495353433487116,1.0,5.0,4.0
1637952402.0,2.8708885233250574,0.777351373644701,197.3360527747735,1683.2717678603271,514.7104029016601,8005.458576349693,10442.742856794737,9642.051355380068,12001.28191835717,11037.172446563927,9293.842714053659,9257.68073295505,10014.632002854692,7215.181341779446,0.5653939886271324,-0.9793112000541584,0.2023600095090045,-0.9841956079421011,0.1770847404704248,1.0,6.0,3.0
1637952418.0,2.8619122735749514,0.764608259970581,193.907921117597,1722.0904582501662,517.4552993221997,8575.275922083656,10807.904087935407,9452.950165790251,12732.668133830808,10919.298375076687,10079.772245342778,9413.344916396447,10071.214303043464,6968.46156247983,0.565800162469537,-0.9790750806247168,0.2034993525780956,-0.9788673888698056,0.2044960513242466,1.0,7.0,2.0
1637952434.0,2.8529248539368806,0.7114779402332463,184.05811165275594,1739.6926285543516,513.411888844864,8203.530648494067,9685.74820216171,8040.8474277100195,12184.308745728707,9386.700877865951,9570.01849166325,8597.099241776961,8926.74145826104,6023.227510301236,0.5662063363119415,-0.9788376356636128,0.2046384201670557,-0.9727758782741412,0.2317479032223881,1.0,8.0,1.0
1637952450.0,3.0,0.986417,500.0,768.0,804.036608,61289.993,61302.466,61484.973,61511.763,61597.256,61643.019,61678.833,61682.33,61684.787,0.5666125101543461,-0.9785988655011958,0.2057772106910103,-0.9659258262968414,0.258819045073511,0.0,0.0,0.0
1637952466.0,2.8313165448406057,0.6026713649568896,164.8672114119689,1711.050836640974,501.41809525137484,5748.570427289222,5876.09674659212,5266.561680635103,9611.409455309964,6942.598915817671,6780.259718581852,6436.856575924783,6700.780339922658,3972.966744985206,0.5670186839967506,-0.978358770457765,0.2069157226224494,-0.9583225745355132,0.2856883671688885,1.0,1.0,4.0
1637952482.0,2.826807056177862,0.6060266616018809,164.5853094869223,1739.6520690795405,509.100996844133,4961.1882726977365,5526.740415172222,5293.044606867297,8939.961204688132,7505.7982443682085,6433.249220734349,6117.975092752378,6850.074164863523,3910.1949291835517,0.5674248578391552,-0.978117350858374,0.208053954419993,-0.9499720515237188,0.3123349185150725,1.0,2.0,3.0
1637952498.0,2.8291335213243816,0.6401895989042699,169.59615631910754,1793.37732910823,525.7766803387601,4885.185691928398,6665.039283267381,6045.378395227268,8887.252415943705,8730.755020064711,7040.288791251291,6424.8217581614845,7843.497763253762,4214.416918577765,0.5678310316815597,-0.9778746070329144,0.2091919045284102,-0.9408807690264884,0.3387379200445734,1.0,3.0,2.0
1637952514.0,2.835678071042659,0.6942465758179527,181.7107994118377,1849.9300722717746,538.6242485835091,6009.930765615058,8624.029045922249,7101.829704025371,9743.603636524262,9991.14144773551,8249.160316525598,7394.57314059553,9201.284665694904,4610.106375592151,0.5682372055239643,-0.9776305393008932,0.2103295714497713,-0.9310558158493883,0.3648767843711489,1.0,4.0,1.0
1637952530.0,3.0,1.272966,510.0,768.0,805.122048,66246.775,66259.342,66462.94,66508.106,66588.735,66624.808,66636.799,66639.994,66661.001,0.5686433793663688,-0.9773851480049532,0.2114669535869277,-0.920504853522892,0.3907311283233,0.0,0.0,0.0
1637952546.0,2.8305710837022917,0.7390706520619015,197.85562549469665,1939.6148685098478,525.2059703214136,8336.523463039539,9536.46595159046,7902.291747571345,11785.267744402368,9874.476422018764,9889.776006774673,8491.422504789185,10480.123439519548,4773.95176917061,0.5690495532087734,-0.977138433465042,0.2126040494569271,-0.9092361090183309,0.4162807923231699,1.0,1.0,24.0
1637952562.0,2.8394506467259255,0.7400753695338896,196.9988564458389,1920.0209841221763,513.1936182707555,8650.623817888507,8849.663772502834,7837.044414901166,12122.006593949485,9188.746633010272,9530.341537155455,8351.885881418732,10555.515507955377,4738.484007960191,0.5694557270511779,-0.976890396027518,0.2137408574634224,-0.8972583697393555,0.4415058526595927,1.0,2.0,23.0
1637952578.0,2.861622477771581,0.7392755344166059,191.87793871043627,1899.937401834906,512.0398473366545,8628.083069990731,8682.331359620439,8159.574580528867,12331.623956209974,9261.14022130238,9117.476682156157,8407.420950882277,10519.414157056595,5086.747633200239,0.5698619008935825,-0.9766410360157792,0.2148773761242102,-0.8845809751674858,0.466386640430169,1.0,3.0,22.0
1637952594.0,2.8902083493001594,0.7431063130601268,186.4568721625925,1921.2390198060016,523.429474317001,8782.534523795592,9352.65308960122,8900.513977138131,13006.39362828847,10256.983597131479,9146.37987844744,8856.855834902419,10488.726491226447,6190.496133924547,0.570268074735987,-0.9763903537798976,0.2160136038437537,-0.8712138111762812,0.490903753515594,1.0,4.0,21.0
1637952610.0,2.911036253354174,0.7380756513933175,183.16833774865782,1949.4640502804182,542.4569873936508,9004.798529528984,10365.693277863762,9581.870805097493,13608.225861885498,11179.673359991653,9225.328819483628,9539.00288213528,10308.598818570288,7421.150123200323,0.5706742485783916,-0.9761383496467202,0.2171495391406059,-0.8571673006325411,0.5150380750258401,1.0,5.0,20.0
1637952626.0,2.910789029805258,0.7222311829175612,184.85097960255,1954.4289599790736,547.6345186739675,8790.993694056417,10944.349360632925,9906.294991061743,13865.261259886096,11293.986517815967,8791.32822741874,9812.088759038412,9606.736848353134,8226.199032610015,0.5710804224207962,-0.9758850239700304,0.218285180420049,-0.8424523973018018,0.538770784546125,1.0,6.0,19.0
1637952642.0,2.8944781193890075,0.6917187375626054,186.31257794117764,1903.3879093075243,535.1647766431629,7822.491065592052,10282.375930791037,9457.772937077742,13464.725526178923,10510.539093527292,7518.183206233329,9251.223267564688,8616.445630442538,8363.325263753319,0.5714865962632006,-0.9756303770833148,0.2194205261872034,-0.8270805744418148,0.5620833776060253,1.0,7.0,18.0
1637952658.0,2.877015275170784,0.6544010222957176,182.13899781431584,1808.4426711215788,516.8673793860944,6598.650215060341,8473.422792452126,8381.949617929386,12455.341187408412,9408.398096998853,5832.508945713502,8276.809949393708,7868.993494502065,7750.458038034537,0.5718927701056052,-0.9753744093376976,0.2205555748765772,-0.8110638192899238,0.5849576745704272,1.0,8.0,17.0
1637952674.0,2.869192987207241,0.6081269471764658,166.54392742039832,1733.5319523771861,505.7991326548079,5869.135313426017,6252.752786156243,7274.922529948732,11152.238072248827,8493.826610755794,4704.943720951802,7136.713652447119,7101.029438533225,7379.5093953045,0.5722989439480097,-0.975117121070094,0.2216903249940597,-0.7944146206960911,0.607375839513135,1.0,9.0,16.0
1637952690.0,2.878122997586814,0.5891184416297962,151.29887033720348,1741.1835743119655,508.9863496738942,5694.984801682134,4980.396469196308,6745.2176740833165,10206.38650497927,8506.441287435682,4240.842985953153,6610.82971144795,6976.94083931467,6734.445839078799,0.5727051177904143,-0.9748585126352204,0.2228247749749692,-0.7771459614665331,0.6293203910380291,1.0,10.0,15.0
1637952706.0,2.895210529163159,0.594648253710012,143.8939634414657,1826.5061412753566,518.6708461587109,5916.1137327310935,5008.0946098408,6625.830764669739,9840.977600390543,9005.676617350677,4529.699091211327,6739.555375832329,7493.378521198098,6261.299683856776,0.5731112916328188,-0.9745985843897138,0.2239589232550602,-0.7592713074855442,0.6507742170900691,1.0,11.0,14.0
1637952722.0,2.9085886555094156,0.6065605214442767,145.68626464941718,1898.3344682868722,522.2445157564925,6131.367127974572,5607.631449955843,6526.921637427169,9692.331472284819,9235.898489690539,4848.454713064844,6968.030485454461,7946.034445049189,5944.452326385826,0.5735174654752234,-0.974337336672476,0.225092768355597,-0.7408045962747747,0.6717205893361973,1.0,12.0,13.0
1637952738.0,2.9113847175069627,0.6219446622836421,158.96122666418592,1919.8625647177912,512.3485770111046,6027.269139199532,6247.660609425635,6376.837513870132,9632.668283505503,9166.714582158998,5057.611386169043,6833.543518263525,8194.315085752489,6043.517815732701,0.5739236393176279,-0.9740747698502674,0.2262263086847961,-0.7217602282357466,0.6921431737271436,1.0,13.0,12.0
1637952754.0,2.8997296278951934,0.6334150998572645,173.47739319508977,1897.2256928971383,487.9825856651489,5288.131661944157,6233.34351947402,5919.481640312528,9075.532442559372,8691.655835265614,5015.372111326751,5961.043695212698,8058.012866146816,6385.239199154901,0.5743298131600325,-0.9738108842687392,0.2273595427505437,-0.7021530529589555,0.7120260460267014,1.0,14.0,11.0
1637952770.0,2.8793563426876054,0.637055615787788,179.40442012763933,1881.007839288227,465.6261734148551,4283.959480889625,5614.523654813622,5087.451355658144,8266.145367209978,8045.386057103926,4874.120023172203,4702.875994350272,7822.5565887914645,7044.965332577243,0.574735987002437,-0.9735456802884296,0.2284924690044267,-0.6819983601835148,0.731353701506321,1.0,15.0,10.0
1637952786.0,2.8744674215229256,0.6455977406086896,179.75189246912143,1873.8068318350715,458.8847014700199,3658.430477095688,5119.128572017071,4710.36833879091,7739.998332819311,7890.310077402921,5302.577383812626,3856.2679690338373,7682.582478443586,7525.922028603865,0.5751421608448416,-0.9732791582683864,0.2296250859126271,-0.6613118652607377,0.7501110696859259,1.0,16.0,9.0
1637952802.0,2.8939210856684343,0.6401189684083061,174.29868809375813,1873.4504282854455,476.5623490034279,3551.510506658098,4906.756043776115,4747.7286003414265,7482.161324308026,8031.75203136645,6232.551053132624,3677.6093620280208,7447.12000694056,7688.911769568398,0.5755483346872461,-0.9730113185727997,0.2307573919275866,-0.6401096995867118,0.7682835235087433,1.0,17.0,8.0
1637952818.0,2.9090825496206834,0.6112791848486111,163.75978811712406,1875.6764182594347,507.92061903314504,3778.282785147898,4733.772293869075,4478.0660649884485,7186.3081652771325,7614.366036496349,6788.970864658631,4029.0203425884247,6855.357772830968,7511.461437469599,0.5759545085296507,-0.9727421615542116,0.2318893855588046,-0.6184083952656909,0.7858568932476911,1.0,18.0,7.0
1637952834.0,2.9044032786608773,0.568696467056231,154.83344872172427,1877.05906636872,538.0848974355425,4071.9006772837784,4600.119435657585,3968.879762768993,6902.312721932394,6681.6554596766,6800.880886242421,4410.725544055547,6066.002847278569,7273.66993779828,0.5763606823720553,-0.9724716875904869,0.2330210652170969,-0.5962248750454349,0.8028174751318357,1.0,19.0,6.0
1637952850.0,2.8840132298088075,0.5326438944047627,151.6690703653415,1864.6689490187243,558.1805599599313,4440.669998146737,4748.453330664057,3717.024477977462,7207.3951425207,5965.38790391007,6540.280276195328,4747.312720985319,5695.852970468948,7253.554976095811,0.5767668562144598,-0.972199897034277,0.2341524294269464,-0.5735764362282403,0.8191520443749813,1.0,20.0,5.0
1637952866.0,2.8658472907137216,0.5240788699221801,155.42116866446935,1852.7938150636999,569.8640826922158,5288.3767838781805,5447.579821386666,3869.2033904977234,8388.66705977131,6298.434678332313,6510.741143948624,5081.049595236553,6100.834397903816,7724.817580306728,0.5771730300568644,-0.9719267902671438,0.2352834766000526,-0.5504807405291867,0.8348478629705164,1.0,21.0,4.0
1637952882.0,2.8566286654104527,0.5391719273259101,158.30929118032373,1846.7056582006746,576.6975763295187,6149.041158478753,6089.793893547254,4342.096902510941,9526.526212075236,7022.219546578182,6600.214298712484,5097.867743635739,6887.206221935558,8149.705175938976,0.5775792038992689,-0.9716523676451716,0.2364142052617231,-0.5269557957369597,0.8498926928378827,1.0,22.0,3.0
1637952898.0,2.859208455684728,0.5698064444672906,156.84349180337938,1869.426312290894,584.6086805888035,6961.29148757272,6630.3288537812605,4929.071472446987,10108.794327494117,7710.930637596635,7107.578493626712,5028.904292517824,7588.742999399732,8396.551351424861,0.5779853777416735,-0.9713766295536174,0.2375446138245496,-0.5030199470615426,0.8642748017026777,1.0,23.0,2.0
1637952914.0,2.8635758422224784,0.5972832878590114,151.42544251200417,1927.1525527276328,592.2727240491905,7739.942866946335,7229.27635865248,5488.074339565359,9941.08448892831,7881.907719900902,7882.53487879509,5511.715341410007,7969.234005754078,8312.850433779753,0.578391551584078,-0.9710995763554694,0.238674700800541,-0.4786918581598374,0.8779829753084522,1.0,24.0,1.0
1637952930.0,3.0,1.159849,550.0,768.0,805.179392,99161.909,99160.978,99443.599,99467.323,99553.664,99598.402,99647.167,99656.579,99657.74,0.5787977254264826,-0.9708212084257684,0.2398044646597112,-0.453990499739864,0.8910065241882063,0.0,0.0,0.0
1637952946.0,2.865798059487596,0.6311387253641602,154.12452061567816,1886.0068908232743,604.5104532573253,8631.331859442924,8791.266007432863,7661.308238351551,9081.524971798324,7988.689949168603,9323.123013555118,7369.453686937659,8101.393579394184,8210.397650558632,0.579203899268887,-0.970541526151853,0.2409339038301418,-0.4289351335988765,0.9033352927703612,1.0,1.0,5.0
1637952962.0,2.846950448787949,0.6550855177716182,164.85382912810678,1859.5979236688027,607.9312349885216,9135.327191164843,9929.667716683423,9045.838957618591,9412.679283575202,8654.55697600029,9631.0163291477,8544.516050315571,8665.786971998315,8498.246377117503,0.5796100731112916,-0.9702605298983812,0.242063016839237,-0.4035452963225015,0.9149596678630072,1.0,2.0,4.0
1637952978.0,2.8242834458134674,0.6940814375591233,179.5223197131576,1861.9944302955976,610.1071873348708,9777.837971558833,11330.716499598828,10684.101685024336,10729.109501877203,10394.606241420217,10069.570643721017,9708.319656177078,9891.086010972534,8908.156024676578,0.5800162469536961,-0.969978220059838,0.2431918021018566,-0.3778407869885059,0.9258705847406032,1.0,3.0,3.0
1637952994.0,2.8080565552063614,0.7288381470917269,190.1743471547344,1873.506261739695,612.2599148530443,10133.610902844512,12166.614029313607,11655.504314815738,11957.791264130099,12125.50178943775,10391.288600151684,10502.708055367262,11105.239300618945,9078.485418692933,0.5804224207961007,-0.9696945970043074,0.2443202581462574,-0.3518416483432129,0.9360595357620854,1.0,4.0,2.0
1637953010.0,2.810237578277167,0.7448404188247185,193.07785421046754,1835.8280177851902,617.9682565380627,9935.046123295067,12058.656988292794,11842.447704981041,12205.886239988067,12674.801578744009,10401.016500696622,10755.284387964188,11540.781413856606,8857.684292648757,0.5808285946385053,-0.9694096611299624,0.2454483833882216,-0.3255681545995804,0.9455185755502764,1.0,5.0,1.0
1637953026.0,3.0,1.213852,560.0,768.0,805.23264,82004.0,82033.309,82224.912,82263.564,82377.687,82453.113,82472.241,82474.729,82479.827,0.5812347684809098,-0.9691234128118988,0.2465761763427639,-0.2990407921618921,0.9542403285457955,0.0,0.0,0.0
1637953042.0,2.8360305724379913,0.7740061033781003,201.7913487047311,1624.5279787639874,619.1140218631889,9485.99197842844,11606.149746375006,11735.459030451537,11948.511312723544,11661.232545957204,11040.703982880117,11461.265093904758,11334.087661233767,8818.305684733703,0.5816409423233144,-0.9688358524412108,0.2477036354689051,-0.2722802471537386,0.9622179934972632,1.0,1.0,38.0
1637953058.0,2.8420485908220603,0.7845080600465758,206.9205754557919,1520.0793090773209,613.7785724539632,9312.20114309026,11457.709007413669,11972.340682191,11628.269536396965,11457.353450750401,11110.37333654734,11252.92512442343,11150.872825375995,9110.932063215805,0.5820471161657189,-0.9685469804072134,0.2488307592402291,-0.2453073857510935,0.9694453499274542,1.0,2.0,37.0
1637953074.0,2.843990732509784,0.793676764640161,211.6805262857605,1475.5097087234003,607.3454020761462,9489.644787952791,11799.81442156249,12632.349627638836,11782.90510289718,12012.128759857807,11325.772646783542,10853.787058040725,11376.173797616895,9357.72061691089,0.5824532900081235,-0.9682567971046347,0.2499575461166836,-0.2181432414790907,0.9759167619202956,1.0,3.0,36.0
1637953090.0,2.840686957244705,0.7818739649910761,210.92635277161565,1549.304400146645,600.3136304818003,9681.170626336529,11799.944974406473,12883.997039683058,12158.65690030224,12560.064775242758,11155.204344536087,9800.733381092226,11457.449686929955,9468.087412324392,0.582859463850528,-0.967965302915429,0.2510839946150325,-0.1908089952148151,0.981627183479101,1.0,4.0,35.0
1637953106.0,2.8352684908588874,0.7485033219147924,205.47812397933308,1704.8579439189425,589.7379427561835,9713.24403075393,11195.725474736519,12263.517583578234,12450.063261408603,12366.896891004479,10550.172275837522,8282.55638751876,11061.718909341489,9406.875102409234,0.5832656376929326,-0.9676724982488192,0.2522101031538764,-0.163325962751901,0.9865721615224932,1.0,5.0,34.0
1637953122.0,2.835422727844415,0.697187378217976,196.0495477942793,1905.6678395324295,572.2407853160267,9616.29337877371,10101.361333533187,10908.892123441132,12329.42327495449,11224.27715348425,9553.897793841039,6958.479927587647,10178.32969880083,9087.050619080273,0.5836718115353371,-0.9673783834865728,0.2533358702649619,-0.1357155726997079,0.9907478404350878,1.0,6.0,33.0
1637953138.0,2.8360347672045956,0.6433127157906035,185.61286113763785,2048.6516362553702,550.7060610649785,9113.506411962728,8777.931758702925,9832.868035666103,11981.805580161685,9697.108448173112,8607.03807437079,6262.863001464548,9297.846472642268,8804.707561693995,0.5840779853777417,-0.9670829590415914,0.2544612943678462,-0.1079993561873921,0.994150963920022,1.0,7.0,32.0
1637953154.0,2.8307050166074483,0.5965571715814565,173.6994355262888,2083.9025368304747,530.0024003659324,7956.7914024137335,7007.487398631654,9040.0172851947,10849.644399619676,7995.073413758749,7650.763778205108,5768.5813733445175,8267.520620058765,8539.990576401105,0.5844841592201462,-0.9667862252990584,0.2555863739951685,-0.0801989245629619,0.9967788784374116,1.0,8.0,31.0
1637953170.0,2.821808815517955,0.5646092047957818,160.74259176248506,2053.9248493036976,523.6505704001595,6656.054938940992,5644.274923674324,8669.885804807309,9480.09925561121,6789.62352549217,6940.888348038261,5653.9146008550015,7821.836828831539,8492.236362378122,0.5848903330625508,-0.9664881826718172,0.2567111075815153,-0.0523359562284812,0.9986295347553318,1.0,9.0,30.0
1637953186.0,2.808618539368405,0.5330343854791265,144.42988368005626,2027.8131471608162,538.5901712319369,5629.1436952581425,5009.2880598956945,7991.9062140233955,8225.840755452224,6127.075108039226,6442.707142626354,5778.290487814049,8037.447676448439,8658.67907366663,0.5852965069049553,-0.9661888315596708,0.2578354936182331,-0.0244321783544298,0.9997014897762518,1.0,10.0,29.0
1637953202.0,2.7988474562533012,0.5054511356840301,131.2716767742143,2041.4608007591094,570.8183555630931,5644.26550140405,5443.382424289577,7091.968566832824,7838.844156817419,6076.746372966363,6464.156203541446,6308.0064198328,8884.154215330942,8915.79308051963,0.5857026807473599,-0.9658881723678978,0.2589595305830665,0.0034906514627284,0.9999939076576244,1.0,11.0,28.0
1637953218.0,2.787965138927016,0.45110962825212964,114.81718307057626,2072.2442709217403,607.4692749615406,6060.316256626205,5702.239770587126,5156.20565292408,7421.3019787227095,5220.349576867844,5953.375787920253,6588.359887268303,9102.347403113876,9064.946156622324,0.5861088545897645,-0.9655862055073317,0.260083216940181,0.0314107589093971,0.999506560371034,1.0,12.0,27.0
1637953234.0,2.7807699861959088,0.3742822764665442,100.56989686438874,2040.364315146949,627.8099433691546,6042.621901941566,4975.014243458552,2937.766690156239,6883.954342178073,3842.5882307243446,4867.242998127513,6201.30773599157,8315.76250040209,8781.455620133227,0.586515028432169,-0.9652829313754374,0.2612065512104216,0.0593063736563474,0.9982398279189896,1.0,13.0,26.0
1637953250.0,2.7814361257077382,0.307690794983044,92.04843398181316,1953.1197938296916,629.6667844358321,5396.211958320691,3596.5523341826756,1747.9339720410353,6090.526533113187,2584.5146794519715,3697.618690697842,5230.8236486316855,6855.2215015821,8489.948219653119,0.5869212022745736,-0.964978350397976,0.2623295318167609,0.087155742612383,0.9961946981035804,1.0,14.0,25.0
1637953266.0,2.781576465325755,0.278938347118824,90.6504431088611,1851.8267411302681,616.9738700008248,4245.8300865796355,2458.1992743409573,1957.289318439227,5279.271969541091,2027.1232267705363,3001.538178948571,4153.264305499117,5459.50287760398,8562.337917805224,0.587327376116978,-0.9646724629720692,0.2634521572950239,0.1149371506056641,0.9933727655873452,1.0,15.0,24.0
1637953282.0,2.7848505952234865,0.30129844181674714,95.3200185818237,1761.6951168172388,602.3597057360239,3221.551748092639,2576.9925093199436,3339.3607764669287,5161.8198800629725,2612.964853999172,3316.9871815207425,3647.684280712003,4907.319388898359,9076.930249930476,0.5877335499593827,-0.964365269527146,0.2645744260691782,0.142628933603793,0.9897762309224468,1.0,16.0,23.0
1637953298.0,2.790668824629216,0.36794955129382,103.04950366306528,1738.9691039989393,592.1801886278047,3096.066562631948,4262.629249288126,5470.732872217792,6193.091261165508,4003.4869401969318,4542.72370356411,4434.479305100167,5525.54240246414,10139.748691512164,0.5881397238017871,-0.9640567704637346,0.265696336675977,0.1702094993104663,0.985407898458542,1.0,17.0,22.0
1637953314.0,2.8009606668681797,0.43228588120482164,112.57619154897357,1732.2233959034538,593.1513503368669,3905.5281678132087,7002.139042735496,7292.721132015489,7864.596454688835,5357.582306216522,6320.405574413069,5854.336959668986,6828.93973299374,11460.834505146579,0.5885458976441917,-0.9637469662149308,0.2668178875403914,0.1976573403107554,0.9802711746355078,1.0,18.0,21.0
1637953330.0,2.801148153547822,0.44984414495610314,112.3140578559624,1738.6489280181913,593.623916725471,4452.036757981743,8770.800617508048,7451.8571407621785,8664.651652444747,5270.986530417134,7110.644237458537,6625.651037631664,7660.69979353457,11960.520141950723,0.5889520714865962,-0.9634358571885656,0.2679390771860907,0.2249510545188571,0.9743700647448352,1.0,19.0,20.0
1637953346.0,2.785771690182025,0.41184928698954937,101.56872204710461,1704.433738019415,589.4110827319962,3961.382711020653,8338.1189334165,6075.631447393565,8157.669090043556,3669.7816427648067,6209.883372976765,5992.608846388075,7596.717964532307,11222.75582590498,0.5893582453290008,-0.9631234438097016,0.2690599040811178,0.2520693577569506,0.9677091706086072,1.0,20.0,19.0
1637953362.0,2.781567220976662,0.35907187681194896,86.62408660107371,1661.090420014689,585.310819587716,2993.811299551873,6350.946999289923,5013.908263333846,7131.329460361318,2300.0389283092973,4689.923991122521,4767.95356997815,7337.2463572231645,10009.73720255982,0.5897644191714053,-0.9628097265013016,0.2701803667080357,0.2789911057962331,0.96029368574754,1.0,21.0,18.0
1637953378.0,2.7944951832128755,0.3134061713463184,74.16776059996278,1618.1112388138845,593.4654955703295,2044.9787824664854,4456.490369556886,4473.657803696335,6271.420677807357,2314.845793429975,3678.5690960215543,3443.9241815384685,7302.794507850442,8952.487008654709,0.5901705930138099,-0.9624947056920412,0.2713004635358941,0.3056953045162114,0.9521293928856208,1.0,22.0,17.0
1637953394.0,2.8119818609316907,0.2859878168899663,65.12474933029745,1617.5785106486833,613.0689201696224,1247.3815715993496,3342.5063528381124,4321.911315910447,5376.657060447427,3003.2461903215844,3110.7098679031114,2508.5145489125443,7265.183023748303,8160.57276960173,0.5905767668562144,-0.962178381796569,0.2724201930902626,0.3321611316761745,0.9432226580206834,1.0,23.0,16.0
1637953410.0,2.8193700963020913,0.29446935388671486,68.90073597719018,1677.9107294302291,631.0888610001346,1156.5115448819724,3688.2189051172445,4948.697377891278,5052.350823656014,4177.78634535556,3515.9242957074566,2692.800676591374,7467.750854604301,7921.7589478355685,0.590982940698619,-0.9618607552510048,0.2735395538271684,0.3583679495726737,0.933580426486694,1.0,24.0,15.0
1637953426.0,2.804431466106902,0.34622505403613013,87.65976624211054,1758.3361248684823,635.4402519639149,2039.591026992026,5033.478516581115,6349.359392999262,5510.920871112108,5388.706183209857,4617.842167657522,3982.5236188415074,8102.368538238353,8329.047733296957,0.5913891145410236,-0.9615418264933632,0.2746585442031746,0.3842953224871648,0.9232102171848436,1.0,25.0,14.0
1637953442.0,2.770298315370116,0.42276218149369826,118.42538713707779,1805.2691489231452,621.3446435285803,3504.0295257998496,6553.511437219066,7940.607667784823,6747.896605388836,6419.196905482719,6178.250667735636,5627.191619679803,8925.344058545383,8883.486463144294,0.5917952883834281,-0.9612215959434852,0.2757771627453212,0.4099230338984375,0.912120116146717,1.0,26.0,13.0
1637953458.0,2.733947807481201,0.4994123141898806,149.04442716952101,1845.2570688566293,594.7549979656859,4928.472501000975,7325.135400161722,9276.629598099611,8168.121707838217,7139.3184300298235,7683.207657839228,6803.1793094813875,9583.283327593537,9256.061527388856,0.5922014622258327,-0.9609000640388974,0.276895407925164,0.4352310992337,0.9003187714692086,1.0,27.0,12.0
1637953474.0,2.7169659117605023,0.5928635968681981,180.13537998609073,1840.0530058622717,564.9637937847397,6687.429930611703,8102.560343247364,11007.751212964442,10235.600548645829,8360.55739771847,9458.430617608368,7946.871620628673,10573.376332778507,9507.024872765793,0.5926076360682372,-0.9605772312149072,0.278013278228761,0.460199784868519,0.8878153850925139,1.0,28.0,11.0
1637953490.0,2.72356817476973,0.6993330735550549,207.82750437037478,1867.9688666058296,548.9127190331242,8725.743836518512,9637.893195058605,13276.628351186859,12587.409262168745,10323.69371098774,11598.653260628022,9554.330226851886,12012.069643623847,9651.125199363369,0.5930138099106418,-0.9602530979126458,0.2791307721287043,0.4848096201405488,0.8746197071980352,1.0,29.0,10.0
1637953506.0,2.7499570989769686,0.7637057940797811,220.28153332604396,1909.9275470333603,550.23330202803,10009.014438365717,10832.764551669192,14446.234402351804,13810.607093638575,11754.538262744962,12768.030190828686,10688.933404620733,13129.43534964011,9226.950750840917,0.5934199837530463,-0.9599276645587568,0.2802478881539898,0.5090414158608807,0.8607420269385886,1.0,30.0,9.0
1637953522.0,2.772708526035632,0.778914179275134,222.7548166025431,1935.2045711234036,562.4574602305765,10648.17296075245,11587.850794681932,14387.637298784055,13546.935652582464,11914.387915355002,12707.172915624546,11538.33227388969,13488.804002712644,8721.817686244129,0.5938261575954509,-0.9596009316101096,0.2813646247363197,0.5328762759963235,0.8461931661744203,1.0,31.0,8.0
1637953538.0,2.7734129648240646,0.764371549159848,224.72271751281698,1921.3976638277313,574.6401562283521,10589.166937805316,12044.335587634067,13688.334226598628,12522.201098428279,11402.299008495258,11987.302083128201,11908.049109723217,13314.831454601912,8505.839442131017,0.5942323314378554,-0.9592728994927082,0.2824809804196601,0.5562956156344349,0.830984469184536,1.0,32.0,7.0
1637953554.0,2.756296959947511,0.7371684100491374,228.54817098127666,1870.1822780085167,575.6742497298904,9539.148948593116,11731.070651514581,12561.334675636564,11504.489251971545,10855.94864719989,10876.484823104816,11053.880845457283,12603.452486188296,8703.881199987398,0.59463850528026,-0.9589435686670712,0.2835969536367808,0.5792811722979215,0.8151277957603615,1.0,33.0,6.0
1637953570.0,2.7444975221159202,0.7094039596451941,229.21719037935048,1812.0550314351365,573.1370068191505,7972.6399519821225,11033.510487012107,11676.5102729123,10814.715384546667,10824.766592421849,9921.172790303033,9492.798497124626,12106.531944216504,8888.086292981941,0.5950446791226645,-0.958612939562589,0.2847125429326431,0.6018150233073298,0.7986355099302798,1.0,34.0,5.0
1637953586.0,2.75125749424942,0.6896130588658872,221.5525543474807,1754.2735672197978,577.9485918667555,7155.0394363533305,10482.772698857832,11324.13415211823,10505.514104631033,11477.862357685022,9690.911960205038,8278.170067751395,12233.870303013162,8880.40648548765,0.595450852965069,-0.958281012643426,0.2858277467410927,0.6238795963283582,0.7815204727229894,1.0,35.0,4.0
1637953602.0,2.7670625111865923,0.672763600373657,205.80354202568915,1728.2012693768122,594.7543343991666,7635.441473983391,10518.918593812454,11580.573756843727,10596.902339116172,12661.860116209595,10666.857545009267,8246.81735764919,12650.484030075773,9511.930779642742,0.5958570268074735,-0.9579477883465334,0.2869425635941541,0.6454576875420105,0.7637960287883935,1.0,36.0,3.0
1637953618.0,2.7920208525435486,0.6472205238006226,188.83121023558814,1706.2936338097647,618.4301523489289,8504.401193632602,10907.084221367273,11972.791021664367,10555.977703959752,13114.115647148032,11757.362007484837,8895.301475529315,12631.878668702015,9939.489424093696,0.5962632006498781,-0.957613267127192,0.2880569919685775,0.6665324699106154,0.7454759999858175,1.0,37.0,2.0
1637953634.0,2.8109195010389723,0.6248749628336447,181.04897749988393,1665.3599465024017,636.3112686419908,9443.251458691237,11791.638857615755,12611.048385223661,10486.417631219674,12995.399545064043,12785.87386021463,9913.038527307672,12469.117527884455,10216.147131454352,0.5966693744922827,-0.9572774494382952,0.2891710303555881,0.6870875106553426,0.7265746711119543,1.0,38.0,1.0
1637953650.0,3.0,0.041018,10.0,512.0,878.1824,285.083,288.065,296.08,296.08,296.592,296.592,296.592,296.592,296.594,0.5970755483346872,-0.9569403357302668,0.2902846772608649,0.7071067812177729,0.7071067811553221,0.0,0.0,0.0
1637953666.0,3.0,0.054755,20.0,512.0,942.743552,359.764,360.887,365.498,365.498,366.984,368.54,368.54,368.54,369.531,0.5974817221770918,-0.9566019264721828,0.2913979311349154,0.7265746708526869,0.68708751092951,0.0,0.0,0.0
1637953682.0,3.0,0.063924,40.0,512.0,1010.868224,1268.862,1270.835,1284.179,1284.709,1291.525,1293.162,1301.014,1301.014,1305.347,0.5978878960194963,-0.9562622221052708,0.2925107905262467,0.7454759997343064,0.6665324701919152,0.0,0.0,0.0
1637953698.0,2.792315050208093,0.5850435194134261,191.08673545386623,1622.2008788966991,590.6111534848475,9016.224414252598,11852.594103634112,10661.207266337813,11993.463318211281,12460.257381557627,11367.323352217432,8876.829631312723,11690.344993928753,10835.950038100205,0.5982940698619009,-0.9559212231064356,0.2936232538725368,0.7637960285448349,0.6454576878302232,1.0,1.0,15.0
1637953714.0,2.793080216174406,0.6010495475204167,194.46890423750497,1711.5136767237868,587.5940235484195,9280.850170905545,11987.691664543632,10349.656364715822,12167.277574585489,12813.10935928457,11640.121919796973,9150.25987333738,11991.537592615536,10701.11009091446,0.5987002437043054,-0.9555789299202816,0.2947353197233234,0.7815204724875731,0.6238795966232591,1.0,2.0,14.0
1637953730.0,2.8053312611686274,0.6178327806650556,202.1912727552138,1737.240577267036,591.3952536515801,9662.091147959381,12359.079404200831,10616.393237865961,12254.976886207676,13274.75719843396,12632.004604555075,9769.494014186497,12285.594533179812,10418.96840000141,0.59910641754671,-0.9552353430273476,0.2958469865173986,0.7986355099834314,0.6018150232367954,1.0,3.0,13.0
1637953746.0,2.8029815485550857,0.6410920470204294,213.0556491580705,1722.416923516565,598.9698654694618,10753.074370539885,12838.541805601488,11516.122085684794,12347.633294174735,13810.281540472895,13793.097958082288,10992.457813713525,12863.80675954124,10248.068983968535,0.5995125913891145,-0.9548904628799332,0.2969582527914431,0.815127795811523,0.5792811722259305,1.0,4.0,12.0
1637953762.0,2.7881417509386126,0.6528713722944612,219.91141075238235,1702.0305249604717,602.3194208266906,11394.513204385716,12901.386680873427,12050.33805815414,12380.133523671113,13877.272485922891,14046.323692541207,11584.590853051666,12967.932859630273,10159.012957313895,0.5999187652315191,-0.9545442899492458,0.2980691170270582,0.8309844692336673,0.5562956155610433,1.0,5.0,11.0
1637953778.0,2.7678484482976256,0.6733186194441974,227.76417330308539,1721.229660408961,604.9146722944408,12446.822898915756,13663.6485577366,12822.134974933393,13188.91077540856,14801.637026287519,14825.880705912881,12302.38650334161,13463.565483446579,10863.247277210809,0.6003249390739236,-0.954196824703953,0.2991795777202945,0.8461931662214832,0.5328762759215888,1.0,6.0,10.0
1637953794.0,2.7504734606459214,0.707502961857256,236.30530615455467,1769.669160906213,612.1578219332432,13863.057676690514,15358.316690967198,13993.653578923504,14793.7756624109,16396.712512973343,16379.609711199253,13195.303585800964,14522.027477578878,12062.810283020392,0.6007311129163282,-0.953848067618842,0.300289633353869,0.8607420267465056,0.5090414161856753,1.0,7.0,9.0
1637953810.0,2.740588598892939,0.7324905631439804,240.77615424975042,1833.779571778076,618.1186399761721,15021.902490983464,16943.70293353207,15304.52908431012,16585.49500129287,18190.047058971963,18377.92265751065,14484.808203041497,15932.14602379313,13113.457825165686,0.6011372867587328,-0.9534980191529702,0.3013992824665681,0.8746197070150958,0.48480962047058,1.0,8.0,8.0
1637953826.0,2.7375349145553134,0.740845485452469,243.4087301711982,1859.1337037937294,618.20070817085,15088.935410429005,17817.30968232201,16185.920304908928,17130.949227415953,18655.652998947426,19678.35796926205,15468.662993994705,16291.267336806282,13447.048030398995,0.6015434606011373,-0.9531466797977638,0.3025085235005769,0.887815384918861,0.4601997852035295,1.0,9.0,7.0
1637953842.0,2.725248302170303,0.7502306140672411,249.52460730171867,1813.3866272307946,612.9427355040963,15123.960055217252,18399.030985755897,17436.262563588993,17347.095225886973,18714.463931248127,20904.13381159088,17053.880939878138,16530.89463706624,13919.146770165666,0.6019496344435419,-0.9527940500113096,0.3036173550096342,0.9003187713049774,0.4352310995734286,1.0,10.0,6.0
1637953858.0,2.7111261621445877,0.7602474771004053,255.41720051734387,1711.0068758178004,600.3296631051215,14877.335671550729,18438.003472945795,18572.319250612483,17043.3019192518,18402.95995726427,21515.68902276498,18106.829093071996,16255.996117836323,14428.525879196366,0.6023558082859464,-0.9524401302886574,0.3047257754370729,0.9121201159920356,0.4099230342426191,1.0,11.0,5.0
1637953874.0,2.702539386779917,0.7673127426019595,257.76252668676284,1634.095650825287,595.5512563834819,14542.895123251887,18087.232613777654,19461.94264126385,16655.074623624158,18132.07274178273,21587.562170069337,18228.09392606444,15597.872263187432,14696.862814088721,0.602761982128351,-0.9520849210912584,0.3058337833377019,0.9232102170398324,0.3842953228355313,1.0,12.0,4.0
1637953890.0,2.694894389393156,0.774689419802856,259.18296779750017,1643.6133294832994,602.1212713018771,14846.109184971327,17972.096705876073,20295.50000298019,16940.349676575315,18577.55829721028,21776.108202203566,18454.40684388936,15548.748181361383,14834.503923814336,0.6031681559707555,-0.9517284229133172,0.3069413771698597,0.9335804265183448,0.358367949490221,1.0,13.0,3.0
1637953906.0,2.6848140832415313,0.7786201985731178,259.9999483662296,1762.2782234440328,614.357480728629,15065.987409066725,17826.372328210993,20369.307801016883,17536.899502448065,18754.450017807714,21458.55819603184,18274.137586706325,15647.492418815464,14397.783724420717,0.6035743298131601,-0.9513706362375292,0.3080485554340403,0.9432226578953448,0.3321611320320925,1.0,14.0,2.0
1637953922.0,2.684142427082865,0.7725613095099866,259.38332749945613,1899.9843789481365,621.2804381164945,14649.974376755272,17073.97750597478,19194.558057636583,17759.32887862172,18037.428626490397,20292.883564835516,17199.12846549442,15393.79344743277,13019.10678964891,0.6039805036555645,-0.9510115615348372,0.3091553166728177,0.9521293927702688,0.3056953048754903,1.0,15.0,1.0
1637953938.0,3.0,0.056708,10.0,256.0,487.284736,870.912,872.223,877.609,877.609,877.948,877.948,877.948,877.948,878.263,0.6043866774979691,-0.95065119930934,0.310261659332431,0.9602936856422648,0.2789911061585927,0.0,0.0,0.0
1637953954.0,2.70787853153925,0.7705172140172822,260.31947698228714,2003.1035385716314,588.4755823720038,12124.958707131369,13516.405887444922,15710.709343803637,16587.01901942496,14233.212063899406,16046.516233640026,14353.728809245096,14382.507398255637,10198.105315042392,0.6047928513403736,-0.950289550030888,0.3113675819703981,0.9677091705134908,0.2520693581221084,1.0,1.0,7.0
1637953970.0,2.713831398852927,0.790455668011209,261.8090306067089,1996.9424452479686,567.8193987871455,10896.616358570074,12399.585271492218,15385.950260326355,15397.632167315864,13234.894584938727,14902.32375277225,13654.351738063018,14277.76559988763,9906.806096516142,0.6051990251827782,-0.9499266142071936,0.3124730830341357,0.9743700647647026,0.224951054432802,1.0,2.0,6.0
1637953986.0,2.7215503510324286,0.8136122324945052,259.9848643959607,2009.1029715835073,557.857724145603,9783.602648198172,12255.498962529933,15640.682173444595,14428.158898532243,13258.474536210782,14400.969446764864,13394.987665433546,14520.227767971679,10190.763803223123,0.6056051990251827,-0.9495623923114632,0.3135781610822589,0.9802711746529646,0.197657340224179,1.0,3.0,5.0
1637954002.0,2.72986897858567,0.8422725366230295,258.5386991507642,2074.211742376097,563.5564334134058,10000.642107785035,13460.896911955711,16294.38320029848,14462.347347272647,14364.136990723688,15210.656170686534,13963.260258669183,15375.61807604798,11241.367664333458,0.6060113728675873,-0.9491968848550209,0.3146828145633699,0.9854078984735748,0.1702094992234363,1.0,4.0,4.0
1637954018.0,2.7262127636130025,0.8479499463544662,258.06751235784935,2178.6528232053324,575.6413496737557,11144.09004662609,15018.194509997833,16694.956532579945,14887.193963537336,15368.447245693696,16591.325608552477,14724.707362341556,16062.045701367148,12217.21375756654,0.6064175467099919,-0.9488300923190216,0.3157870420233818,0.9897762309350436,0.1426289335163772,1.0,5.0,3.0
1637954034.0,2.7071825704093753,0.8140533753690532,256.74579680359295,2251.948286535926,581.4936424827206,12150.941324195699,15790.239690606924,16009.868188037763,14846.608934915954,15086.79327183749,16983.858470274055,15059.502261266978,15882.48177357633,12145.178464407312,0.6068237205523964,-0.948462015204612,0.3168908419535129,0.9933727655439746,0.1149371509805059,1.0,6.0,2.0
1637954050.0,2.6867149117657223,0.757010418844398,256.69910215865883,2236.2468442465342,578.2765863756372,11981.413331737773,15377.167336193774,14853.830621194284,14597.2144135048,14033.828440386469,16480.24108059279,14531.766660957655,14813.969194138721,11032.117538782708,0.607229894394801,-0.9480926540101156,0.317994212859378,0.996194698070693,0.0871557429882896,1.0,7.0,1.0
1637954066.0,3.0,0.367536,90.0,256.0,268.423168,43929.717,43896.208,44087.949,44092.121,44123.414,44130.146,44132.399,44132.952,44133.458,0.6076360682372055,-0.947722009240237,0.3190971532333816,0.9982398278966108,0.0593063740330257,0.0,0.0,0.0
1637954082.0,2.688095219104495,0.6686130618746983,244.21042561922746,2102.5987861324134,564.4914200444799,9584.745939511224,13010.446339192116,12915.633233249726,13721.227908052402,12571.842372626717,13947.855635467295,12375.862933700548,12791.157459696247,9148.52873274009,0.6080422420796101,-0.9473500813828452,0.3201996616236758,0.9995065603591816,0.0314107592865535,1.0,1.0,3.0
1637954098.0,2.694869608545064,0.6726303557445377,239.253900963846,2080.865742418568,571.1335924705068,9328.33361530082,13519.952675675657,13454.282331433415,13823.66869324188,13499.30781986189,14505.899653430562,12907.868336351898,13658.735798587077,9589.520689517281,0.6084484159220146,-0.9469768709600828,0.3213017364824703,0.9999939076563074,0.0034906518400686,1.0,2.0,2.0
1637954114.0,2.7039416902057587,0.7096141625422503,242.93180943495608,2084.182377953756,591.1546786802742,10362.464254236482,15441.23853066234,14749.29263662813,14440.683154826185,15248.435217982531,16280.006087377293,14741.35170235544,15970.586526813184,10167.214458871129,0.6088545897644192,-0.946602378458552,0.3224033763728476,0.9997014897854712,-0.0244321779771999,1.0,3.0,1.0
1637954130.0,3.0,0.426473,100.0,256.0,268.402688,48421.677,48467.352,48765.195,48849.002,48942.834,48952.628,48963.836,48968.834,48969.26,0.6092607636068237,-0.946226604394581,0.3235045797757755,0.9986295347507096,-0.052335956316679,0.0,0.0,0.0
1637954146.0,2.7020599320070553,0.7316549180512244,253.85739683886788,2114.9156140516584,607.3354271729851,12700.225396765427,17484.299860180818,14886.527876952918,15088.45615505369,15725.543339233502,18377.530847894493,16409.95029201209,18226.312373299665,10190.71857321529,0.6096669374492283,-0.9458495492863602,0.3246053451728562,0.996778878467674,-0.0801989241868348,1.0,1.0,4.0
1637954162.0,2.695321638709369,0.7168725435865815,256.90942689921974,2125.9041512590316,589.1968577731182,12524.787686925794,16365.013211852045,13618.380259569618,14904.463129703972,14638.133468395912,17151.343845415326,15013.52254972365,17805.162052479307,9394.974034046967,0.6100731112916328,-0.9454712136302452,0.3257056711151211,0.9941509639607748,-0.1079993558122567,1.0,2.0,3.0
1637954178.0,2.698746436516,0.7097559686231495,258.93125230958276,2132.4850223117123,567.1191648663046,12024.508600806628,14911.820653141043,12959.790593874954,14500.353916174428,14199.022403325764,15943.276954053454,13182.645070776196,17230.80893497359,8826.665801112926,0.6104792851340374,-0.9450915979479104,0.3268055560853662,0.990747840486299,-0.1357155723258566,1.0,3.0,2.0
1637954194.0,2.7088793887510176,0.706932869891679,256.27940525199284,2177.443339024701,555.7514355810952,11287.570446230642,13883.267846495346,12826.798366818788,13895.654306171904,14009.241827765192,14914.632317958092,11742.055830721194,16566.92576181575,8600.599406485731,0.6108854589764419,-0.9447107027390336,0.3279049986357653,0.9865721615841232,-0.1633259623796254,1.0,4.0,1.0
1637954210.0,3.0,0.292511,110.0,256.0,268.378112,66081.755,66139.193,66229.066,66241.966,66260.912,66281.794,66293.599,66293.678,66294.704,0.6112916328188465,-0.9443285285383464,0.329003997222832,0.981627183462249,-0.1908089953015112,0.0,0.0,0.0
1637954226.0,2.6943889552674585,0.7257128913236683,256.0710550225615,2296.714037997114,568.5250054562556,12645.063415404238,15449.603611768205,15090.960067750282,13480.231211038934,14715.689097255608,15679.458775883328,14253.202839239153,17039.683243411688,10169.044105626324,0.6116978066612511,-0.9439450758441388,0.3301025504136599,0.9759167619010296,-0.2181432415652824,1.0,1.0,4.0
1637954242.0,2.6702586308756033,0.7346931136307339,263.90232684615705,2297.1158824377735,581.2824998973516,13582.102364864977,16909.87211922766,16273.204967276495,14125.50588168946,14974.418857742927,16643.776547294307,16442.189153908585,17575.955050714056,11286.843958852387,0.6121039805036556,-0.9435603451947326,0.3312006566660112,0.969445349905789,-0.2453073858367137,1.0,2.0,3.0
1637954258.0,2.649822291980925,0.7328331634122982,270.56374475485865,2272.01341811274,584.8012219062604,13139.557500703604,17072.756344231304,16174.524561830925,14822.522602208452,14228.77693618436,16288.703068863048,16653.98701992496,17147.83801714905,11453.342123369675,0.6125101543460602,-0.9431743370917508,0.3322983145481427,0.9622179934732156,-0.2722802472387206,1.0,3.0,2.0
1637954274.0,2.6320995793277957,0.7135022821756157,269.9494544585989,2230.7779413587004,584.3780377099156,11959.159585903453,16075.244015780634,15123.422964746627,15440.912644119657,12915.952209832445,15288.883646406208,15131.728587395406,15974.742480517896,11083.909305491174,0.6129163281884646,-0.9427870520771028,0.3333955225190738,0.9542403286586364,-0.2990407918018166,1.0,4.0,1.0
1637954290.0,3.0,0.405033,120.0,256.0,268.435456,78274.194,78247.163,78487.043,78491.618,78533.298,78557.42,78559.492,78559.919,78561.009,0.6133225020308692,-0.942398490655742,0.3344922791482324,0.945518575673127,-0.3255681542427961,0.0,0.0,0.0
1637954306.0,2.6146573167847924,0.5900723962100978,218.58980502163723,2272.3399074452827,601.3865747327754,10339.664219066788,11930.44701362629,10826.911189049992,13809.831755305797,10643.465428982403,11866.442052309483,11112.241133449328,13014.409098178614,10212.420302726787,0.6137286758732737,-0.9420086533731628,0.3355885828959031,0.9360595358948502,-0.3518416479899979,1.0,1.0,37.0
1637954322.0,2.6204491262109415,0.5190571844487596,189.701539598,2359.554937708491,618.3673061779391,9691.851906994227,10629.420799475618,8831.57991473262,11809.737032738458,9820.468870432054,10126.526232016588,9948.838873988449,11501.35256682639,9566.139253824502,0.6141348497156783,-0.9416175407425454,0.3366844323189904,0.9258705848831786,-0.3778407866391355,1.0,2.0,36.0
1637954338.0,2.617382469821968,0.4675781525016368,175.5576747704295,2417.5018506477954,624.3195192614885,9184.774074569328,10208.520585830513,7757.713626382107,9904.575434167375,9180.656826372906,8766.814041888916,9484.681761661292,10031.081181422509,8826.685627965673,0.6145410235580828,-0.9412251533031826,0.3377798259064629,0.914959668015282,-0.4035452959772483,1.0,3.0,35.0
1637954354.0,2.6018269004972026,0.4605968544012068,179.71156296369531,2461.2777575922346,614.3799135580558,8713.524076988477,10596.692679446001,7759.279003920535,8972.844080728653,8962.55388171771,8056.069230922255,9358.170934821123,9163.123141279153,8416.97053139919,0.6149471974004874,-0.940831491571564,0.3388747622164063,0.9033352929322166,-0.4289351332580096,1.0,4.0,34.0
1637954370.0,2.57640647387364,0.49264825774409454,193.3744771101772,2519.3491065349813,596.5971656501383,8617.56191923968,11501.94517589573,8529.798105609716,9025.0960426619,9500.176028025435,8159.456193785718,9597.791458763182,9257.355329285656,8545.669110946099,0.6153533712428919,-0.9404365560904496,0.3399692397390307,0.8910065241481103,-0.4539904998185566,1.0,5.0,33.0
1637954386.0,2.5456471668667904,0.5536983173447749,209.30757155549347,2598.40066207268,581.2088012029654,9481.666623296167,13134.304962936083,10074.308679605092,10374.477753751431,11021.461040673568,9603.811645344944,10630.655801419558,10631.286658228964,9096.438633856673,0.6157595450852965,-0.9400403474044507,0.3410632569652134,0.877982975489083,-0.478691857828537,1.0,6.0,32.0
1637954402.0,2.5305721274441426,0.6138116770972962,215.485917744292,2715.3872473221427,580.1243408620746,10888.498388187261,14798.44428351054,11525.971794509362,12247.331064267097,12675.29361426361,11580.229694433652,12237.303043777303,12498.54313612566,9623.062148065355,0.6161657189277011,-0.9396428660301565,0.3421568124685429,0.8642748018924885,-0.5030199467354151,1.0,7.0,31.0
1637954418.0,2.532794014239202,0.6261225470668152,205.68208820453387,2794.9794407643944,595.3268638730984,11807.480843020634,15198.196322014957,11485.010361545956,12996.320566193492,12849.027023846547,12552.035503356712,13664.81012538465,13657.773382891952,9436.31859832986,0.6165718927701056,-0.9392441125255824,0.3432499047137974,0.8498926930367255,-0.526955795416259,1.0,8.0,30.0
1637954434.0,2.5493536485384323,0.5701761510621777,182.97519402941325,2769.0338271038095,612.1521602124576,11016.103139316147,13388.682252913015,9509.881353068831,11291.58384937456,10654.898601502646,11228.693648455488,13258.75285944234,12900.640878110067,8217.815991432304,0.6169780666125102,-0.9388440874156464,0.3443425322621093,0.8348478631782362,-0.5504807402141632,1.0,9.0,29.0
1637954450.0,2.5722089930084397,0.4956940312452832,159.92786315375594,2688.33356421205,628.9500041627518,9740.374964014203,11056.226681865013,7681.591429392089,9146.535321493355,8321.860506111501,9215.962541721517,12261.103876313355,11412.963628029844,6994.400042588015,0.6173842404549147,-0.9384427912469036,0.3454346936205457,0.8191520443243238,-0.5735764363005869,1.0,10.0,28.0
1637954466.0,2.5821524933685356,0.44121075328176423,148.0447233987147,2612.730638987732,640.6464343341054,8556.332554127162,9425.75282918643,6747.279104567031,7811.900029322247,7311.45721129043,7490.141340919639,10971.007149259549,10164.8611440946,6686.603643396742,0.6177904142973193,-0.9380402245626508,0.3465263873104784,0.8028174750791778,-0.5962248751163387,1.0,11.0,27.0
1637954482.0,2.57910110028998,0.4147982657241444,144.73157233372962,2576.084640084809,645.9757618070562,7927.848537671308,8822.267997171526,6627.515985634551,7904.530165111396,7734.4313680554715,6636.66575137823,9812.92861354343,9909.591646568713,7499.461234843589,0.6181965881397238,-0.9376363879129632,0.3476176118402681,0.7858568931930741,-0.6184083953350968,1.0,12.0,26.0
1637954498.0,2.573306365102249,0.41696126171118675,148.09896465293113,2588.324472387116,646.7586097595507,8254.90586550515,9269.314804808231,7322.214969898156,9684.057281665533,9287.730563476747,7138.39816682357,9404.92902921783,10449.674867789687,8633.630323575533,0.6186027619821284,-0.9372312818294016,0.348708365773488,0.7682835234522095,-0.6401096996545657,1.0,13.0,25.0
1637954514.0,2.57143031742615,0.4377152162054465,153.58674609380193,2623.261534399412,641.0214136336282,9231.475961843309,10137.711063352706,8190.403993091122,11822.619981531978,10660.076424341618,8356.803777692428,9689.751810892434,10999.882733094117,9506.466622943091,0.6190089358245329,-0.9368249068806868,0.3497986475788496,0.7501110699354668,-0.6613118649776889,1.0,14.0,24.0
1637954530.0,2.572167644594767,0.4598526894575726,158.0866338374614,2628.230294681119,628.0073008952193,10041.21348317141,10791.564968440322,8806.97309409798,13153.88007155282,10877.06470739832,9458.081379167417,10121.620976906046,11054.123955168823,9645.22237354666,0.6194151096669375,-0.9364172635966626,0.3508884558348117,0.731353701763668,-0.6819983599075439,1.0,15.0,23.0
1637954546.0,2.573351837782247,0.47254785900172536,162.4860157277198,2585.444894072391,613.7842020666915,10471.05203924024,11008.39261248217,9500.932014316188,13779.668049678916,10508.535673430502,10348.013375111323,10417.910002276392,10809.621744547754,9320.464721418219,0.619821283509342,-0.9360083525496112,0.3519777890114132,0.7120260462916536,-0.7021530526902778,1.0,16.0,22.0
1637954562.0,2.5707728670737158,0.46677097053299876,164.25591756351236,2534.089667912016,604.6775649933326,10410.433015425753,10805.87959513073,10199.110782192249,13701.729161234582,10067.819149067465,10685.351082735244,10528.368211814868,10614.490607391304,8914.720571703767,0.6202274573517466,-0.9355981742726828,0.3530666456883498,0.6921431739994944,-0.7217602279745716,1.0,17.0,21.0
1637954578.0,2.5577302449461357,0.4474777004353465,161.35726586301595,2543.3136112595685,600.9915600054438,10173.64645892787,10487.138213532311,10531.907328763564,13143.623104212473,9972.870528774321,10416.333454730968,10443.892226823267,10678.764800163866,8664.097380769297,0.620633631194151,-0.935186729341719,0.3541550243369963,0.6717205896157343,-0.7408045960213059,1.0,18.0,20.0
1637954594.0,2.5322826052148537,0.43019494360985316,155.76193599157688,2669.9391685331716,607.7405559383932,10071.865426725179,10628.252905755748,10366.342399716003,12746.260431427887,10384.441839736683,9838.273244207858,10508.662599033381,11503.842304484675,8760.136796715437,0.6210398050365556,-0.9347740182983432,0.3552429235246902,0.6507742173765745,-0.7592713072399793,1.0,19.0,19.0
1637954610.0,2.5134189160453118,0.412660971867082,146.2103008280473,2827.59525900446,626.3005328887627,9827.01879296458,10426.81972053602,9339.706158603241,12191.053895593657,10410.732009298465,8995.49524918041,10279.216330219606,12281.539844111243,8894.678101931659,0.6214459788789602,-0.9343600417012586,0.3563303417785556,0.6293203909693925,-0.7771459615221139,1.0,20.0,18.0
1637954626.0,2.5072060789525774,0.39357337805807086,137.6218571639436,2909.8678753971844,641.5310220177697,9043.745818131392,9609.496104046568,7959.174132629903,11167.425554671687,9613.595476050625,8257.535846937491,9985.674793480724,12310.849002376144,8685.279894574443,0.6218521527213647,-0.9339448001264856,0.3574172775855955,0.6073758398129014,-0.7944146204669025,1.0,21.0,17.0
1637954642.0,2.4969413088207753,0.3889705282855296,140.34379243041315,2863.6506747318303,646.2637496764352,8073.927660895486,8943.327432461148,7168.936463053349,10181.135542079257,8607.260912683461,8027.829835355616,10076.504191092155,12070.623231310437,8464.071078870624,0.6222583265637693,-0.9335282941154284,0.3585037295286314,0.5849576748764761,-0.8110638190691943,1.0,22.0,16.0
1637954658.0,2.482217396038018,0.40661784298508197,152.51463741604584,2732.762971254697,644.854312984057,7293.518547854277,8562.958026627155,7388.782433507409,9572.470996803508,8438.295915252434,8563.379553949313,10310.19742328419,11849.151481162706,8391.440360539797,0.6226645004061738,-0.9331105242528116,0.3595896960824141,0.562083377918118,-0.8270805742297168,1.0,23.0,15.0
1637954674.0,2.4675430097013047,0.4501359216027131,171.73080168858155,2600.501732714834,646.3048908006322,7125.037250690002,9054.380484911775,8836.329173815266,9600.080892195354,9716.88641932327,10091.609199309489,10796.270340724077,12046.47906308499,8709.282778183058,0.6230706742485784,-0.932691491083336,0.3606751758310286,0.5387707848640182,-0.8424523970985007,1.0,24.0,14.0
1637954690.0,2.4453250935044766,0.5282836566235585,201.7563242529196,2524.1564311222464,657.6588136211657,8722.886133569096,11738.706453349287,11795.389083262988,11288.436442460992,12888.341280775281,13221.89526726541,12728.88889997027,13655.524907285642,9801.270857281783,0.6234768480909829,-0.932271195195274,0.3617601672505909,0.5150380749501362,-0.8571673006780286,1.0,25.0,13.0
1637954706.0,2.426965410829981,0.626776870090682,231.20189428685447,2530.3731814151024,677.3809845193571,12099.345620620845,15749.20630053263,14817.20100300745,14435.296122016938,16522.302722613724,16996.61527123373,15872.231741928641,16298.831746088223,11466.484848385317,0.6238830219333875,-0.9318496371366196,0.3628446689264572,0.4909037534386495,-0.8712138112196371,1.0,26.0,12.0
1637954722.0,2.426313917751128,0.7022966511942766,247.82791959874868,2615.2926244211735,689.356915330254,15399.580654599908,18966.875507178956,16265.843824188887,17124.03346293681,18295.27071157647,19059.219206339138,18496.665739843524,18304.691104891066,12877.071553682916,0.624289195775792,-0.9314268174991904,0.3639286793361165,0.4663866403520439,-0.8845809752086765,1.0,27.0,11.0
1637954738.0,2.4385408869000478,0.7255020129902781,253.2669625213381,2697.272307708241,677.6303249903294,16397.555808267152,19734.89541106781,15617.758797744607,18205.148574511626,17496.918633975805,18535.079491525918,18676.64095504554,18348.090865142538,12926.109556421363,0.6246953696181966,-0.9310027368395823,0.3650121970526564,0.4415058529981664,-0.8972583695727566,1.0,28.0,10.0
1637954754.0,2.460742306031574,0.7112456019840452,247.8833446348133,2722.1194783769474,647.7959033641419,14690.100621795378,17965.221128031444,13989.87866542984,17262.402224128753,14912.135671009717,15974.319738909453,16630.695689831526,16588.632532930773,11795.568471947816,0.6251015434606011,-0.9305773957425468,0.3660952205820491,0.4162807926662634,-0.9092361088612504,1.0,29.0,9.0
1637954770.0,2.4761631493230434,0.6952682739963776,238.81456067713646,2742.4010448094587,616.3566247056403,12433.722424899155,15471.904477688502,13041.976621140111,15847.562145439722,13059.858673782204,13603.151721294515,14413.545061822448,14814.128616014526,11073.699715504008,0.6255077173030057,-0.930150794767952,0.3671777484986627,0.3907311286706456,-0.9205048533754524,1.0,30.0,8.0
1637954786.0,2.478743565287296,0.6768178062466718,225.18998996458146,2795.5845919791595,606.6784106973854,10454.08011678829,13833.084441736126,12662.300909115505,14608.19394300877,12465.360006515302,12266.734942651628,12926.027712576026,13967.84823449212,11110.415019464708,0.6259138911454102,-0.9297229345146946,0.3682597792827571,0.3648767847224758,-0.9310558157117048,1.0,31.0,7.0
1637954802.0,2.471943178868821,0.6511589338164846,207.686865537831,2904.8425436328093,626.7532672005882,9824.409291370468,13513.622556234599,12464.715546237305,13969.713721192331,12942.979813761027,12238.807942108855,12915.089784435433,14082.011331474996,11658.231890288633,0.6263200649878148,-0.9292938155406312,0.3693413115235489,0.3387379203996077,-0.940880768898668,1.0,32.0,6.0
1637954818.0,2.4588407725045927,0.6252174001677591,190.76155844121655,3046.1760767243723,660.2842038521154,10778.607084154959,13985.908861923346,12456.982865362299,13638.249088631674,13565.020556057978,12774.94715537593,13956.171508836165,14539.566671283943,12345.845731279995,0.6267262388302194,-0.928863438448194,0.3704223437026957,0.3123349188735373,-0.9499720514058616,1.0,33.0,5.0
1637954834.0,2.4418668433154282,0.6021271647174564,185.23409025146998,3147.941660140622,686.10674511332,12702.293536098216,14838.609143078555,12497.472028740807,13852.814583788098,14243.286723255465,13421.494014916942,15672.865704544089,15201.504649791048,12818.435495446764,0.6271324126726239,-0.9284318037985212,0.371502874410716,0.2856883675305043,-0.9583225744277108,1.0,34.0,4.0
1637954850.0,2.4242313395075037,0.5923868113960413,189.14774009176853,3200.431268068025,689.0064344785164,14333.857770822111,15089.29662172091,12708.586108308653,14560.245518359336,14641.338197855654,13610.238815738305,16910.071107676144,15581.284064717715,12712.394361672743,0.6275385865150285,-0.9279989121921544,0.3725829021441778,0.2588190449882017,-0.9659258263197,1.0,35.0,3.0
1637954866.0,2.4173300671896847,0.5870423162351389,189.570990656053,3211.5615067317,664.6779988570164,14149.852957005729,13893.35551695418,12630.296227900188,14739.971787474313,14247.986745564713,12684.971505940382,16348.299412572143,15004.666018400922,12101.946011989276,0.627944760357433,-0.927564764209776,0.3736624254543968,0.2317479035894578,-0.9727758781866928,1.0,36.0,2.0
1637954882.0,2.417780845974036,0.5938434431746438,185.24721358305277,3210.1805592965957,633.4893449917827,13008.062824611678,12338.263307461639,12682.843246121854,14348.950136641539,13834.063566709918,11782.884278443507,15182.136193362185,14074.200820963215,11999.766467582594,0.6283509341998376,-0.9271293604391592,0.3747414428798548,0.2044960516936149,-0.9788673887926403,1.0,37.0,1.0
1637954898.0,2.5,0.030506,10.0,4096.0,344.322048,191.493,192.624,195.84,195.84,196.818,196.818,196.818,196.818,199.281,0.628757108042242,-0.9266927014752468,0.3758199529462336,0.1770847403835019,-0.9841956079577412,0.0,0.0,0.0
1637954914.0,2.5,0.008203,30.0,4096.0,453.169152,478.458,484.307,486.431,487.158,488.264,488.878,488.883,488.883,490.098,0.6291632818846467,-0.9262547878928048,0.3768979542338422,0.1495353432613859,-0.9887563810745796,0.0,0.0,0.0
1637954930.0,2.5,0.008203,40.0,4096.0,486.334464,750.819,751.087,758.212,771.998,773.817,782.625,783.309,783.309,785.842,0.6295694557270511,-0.9258156203066116,0.3779754452292955,0.1218693434368319,-0.9925461516374317,0.0,0.0,0.0
1637954946.0,2.5,0.07894,60.0,4096.0,625.156096,906.955,917.231,937.257,937.89,945.692,949.254,949.579,949.657,949.794,0.6299756295694557,-0.9253751992892668,0.379052424527729,0.0941083131020597,-0.995561964623541,0.0,0.0,0.0
1637954962.0,2.5,0.236517,70.0,4096.0,674.942976,2833.984,2836.812,2863.522,2864.738,2884.892,2887.076,2888.286,2889.02,2893.011,0.6303818034118602,-0.9249335254590692,0.3801288906171922,0.0662739008635399,-0.9978014682612616,0.0,0.0,0.0
1637954978.0,2.5,0.245807,80.0,4096.0,674.942976,1092.674,1090.482,1129.158,1132.349,1143.65,1151.211,1154.955,1155.562,1155.996,0.6307879772542648,-0.924490599391886,0.381204842094157,0.0383878093025805,-0.9992629164023594,0.0,0.0,0.0
1637954994.0,2.5,0.412045,100.0,4096.0,428.224512,1392.604,1391.952,1436.532,1437.208,1439.703,1440.608,1441.147,1451.479,1452.353,0.6311941510966693,-0.9240464217095328,0.3822802774481159,0.0104717845477607,-0.9999451693609932,0.0,0.0,0.0
1637955010.0,2.5,0.337936,110.0,4096.0,432.115712,1486.544,1489.077,1527.704,1534.465,1543.751,1545.88,1546.878,1549.888,1550.575,0.6316003249390739,-0.9236009929967196,0.3833551952634446,-0.0174524062551145,-0.9998476951595712,0.0,0.0,0.0
1637955026.0,2.5,0.482239,130.0,4096.0,444.39552,1912.826,1912.166,1963.264,1966.702,1992.843,1999.039,2005.824,2006.108,2006.551,0.6320064987814785,-0.9231543138620396,0.384429594071407,-0.0453629877311479,-0.9989705698087926,0.0,0.0,0.0
1637955042.0,2.5,0.459007,140.0,4096.0,450.781184,4193.296,4188.935,4239.357,4245.698,4265.806,4279.323,4288.664,4288.916,4291.175,0.632412672623883,-0.922706384910232,0.3855034724174229,-0.0732381969788581,-0.9973144772353834,0.0,0.0,0.0
1637955058.0,2.5,0.492494,150.0,4096.0,459.063296,2215.619,2221.754,2280.661,2284.068,2300.895,2307.323,2318.186,2318.743,2319.99,0.6328188464662876,-0.9222572067533528,0.3865768288341961,-0.1010562968193238,-0.9948807088657236,0.0,0.0,0.0
1637955074.0,2.5,0.492494,160.0,4096.0,466.931712,3066.119,3090.029,3139.552,3149.15,3167.421,3189.327,3195.32,3198.398,3202.733,0.6332250203086921,-0.921806779982648,0.3876496619088193,-0.1287955964623785,-0.9916711623980502,0.0,0.0,0.0
1637955090.0,2.5,0.644328,170.0,4096.0,476.381184,7023.099,7017.266,7096.556,7100.206,7120.444,7125.532,7127.863,7128.597,7132.461,0.6336311941510967,-0.9213551052191497,0.3887219701619779,-0.1564344651717813,-0.9876883405743022,0.0,0.0,0.0
1637955106.0,2.5,0.85553,180.0,4096.0,547.08224,2767.352,2770.359,2833.754,2840.677,2873.904,2889.834,2890.282,2894.965,2896.023,0.6340373679935012,-0.9209021830857044,0.3897937521151199,-0.1839513505310096,-0.982935349164846,0.0,0.0,0.0
1637955122.0,2.5,0.355677,190.0,4096.0,556.662784,2609.302,2601.3,2678.512,2686.202,2730.803,2747.953,2777.386,2778.405,2779.594,0.6344435418359058,-0.9204480141728456,0.3908650063708248,-0.2113247966178477,-0.977415894250971,0.0,0.0,0.0
1637955138.0,2.5,0.638108,200.0,4096.0,566.439936,7735.865,7739.261,7794.799,7818.235,7836.2,7856.722,7858.935,7861.466,7862.416,0.6348497156783103,-0.919992599118172,0.3919357314251792,-0.2385334575299207,-0.9711342799215882,0.0,0.0,0.0
1637955154.0,2.5,0.520722,210.0,4096.0,575.553536,11255.287,11246.383,11335.62,11341.613,11367.938,11388.539,11402.126,11403.084,11404.132,0.6352558895207149,-0.9195359385211864,0.3930059258687595,-0.2655561176788907,-0.964095404181202,0.0,0.0,0.0
1637955170.0,2.5,0.719339,220.0,4096.0,586.571776,12162.414,12158.708,12234.77,12258.921,12296.289,12299.275,12306.316,12318.359,12322.125,0.6356620633631194,-0.9190780330115632,0.3940755882259087,-0.2923717047063992,-0.9563047559680304,0.0,0.0,0.0
1637955186.0,2.388641388629158,0.675513426112628,196.4304007030142,3362.418943590542,630.2087898498759,12256.786268663847,11136.124406566827,11965.508680262728,14244.451467210625,11108.342444639366,11570.40117111096,14872.156254384436,12029.801320467937,9711.447779261438,0.636068237205524,-0.9186188831920364,0.3951447170885824,-0.3189593095181967,-0.9477684099355048,1.0,1.0,1.0
1637955202.0,2.5,0.772804,230.0,4096.0,598.339584,10484.455,10480.338,10565.887,10584.245,10609.809,10624.584,10627.464,10628.152,10629.425,0.6364744110479286,-0.9181584897071976,0.3962133109558508,-0.345298198576473,-0.9384930229148444,0.0,0.0,0.0
1637955218.0,2.5,0.638308,240.0,4096.0,608.31744,12035.727,12042.11,12172.405,12177.113,12202.448,12215.873,12218.817,12219.38,12225.24,0.6368805848903331,-0.9176968531573216,0.39728136843445,-0.3713678353641841,-0.9284858269553286,0.0,0.0,0.0
1637955234.0,2.5,0.799204,250.0,4096.0,622.379008,11227.814,11239.635,11338.875,11347.131,11378.791,11386.315,11393.507,11398.275,11410.876,0.6372867587327377,-0.9172339741904908,0.3983488880249546,-0.3971478902523521,-0.9177546258494728,0.0,0.0,0.0
1637955250.0,2.4295187899372115,0.6572361366840805,163.68656936015364,3218.412592450033,606.0703911173565,9945.848733151266,8319.132731846616,9011.96898142408,11830.161023845365,8778.935509491615,9352.572359323209,11725.291876473326,11772.575091691266,8026.8171034256675,0.6376929325751421,-0.9167698534102208,0.3994158683355014,-0.4226182615890214,-0.9063077871073786,1.0,1.0,18.0
1637955266.0,2.4415715176464188,0.5687358941710193,143.2744293615502,3187.0327792813678,589.0509587603572,7472.88190394382,5830.657582917989,7568.966407324853,9183.7305437244,6866.2201492730965,7125.202650552874,9613.126235820539,9374.671247435508,7177.84985641067,0.6380991064175467,-0.916304491468081,0.4004823078681771,-0.4477590874957027,-0.8941542370111633,1.0,2.0,17.0
1637955282.0,2.43938206097973,0.5221599019728246,136.65030982936264,3174.097643988598,573.994035086892,5850.198720196342,4651.806045568506,7015.807451616711,7931.165826329465,6663.415486345575,6048.42808870002,8261.489417656127,8161.104543573993,7089.260999973918,0.6385052802599512,-0.9158378889708246,0.4015482052325267,-0.4725507647506635,-0.8813034521284726,1.0,3.0,16.0
1637955298.0,2.4323214580312205,0.5095471475112032,135.68140288320095,3193.924488650897,564.0486713385014,5062.040551441869,4343.930417062749,6973.9042593568065,8056.23622923247,7259.782960218055,5624.432806438135,7590.000347062183,7994.061388468163,7461.976091366014,0.6389114541023558,-0.9153700465735058,0.4026135589321573,-0.496973960723269,-0.8677654535431949,1.0,4.0,15.0
1637955314.0,2.43174681025655,0.5162582296037963,136.2520920894346,3199.1743094071853,560.2351117413049,5153.870125830625,4363.876674688145,6865.838847238714,9028.541716065854,7632.38196346499,5778.67978452496,7578.266539099357,8395.574093204592,7773.483209966994,0.6393176279447603,-0.9149009648919856,0.4036783675647159,-0.5210096317541004,-0.8535507973281126,1.0,5.0,14.0
1637955330.0,2.4319257399648206,0.5177358473077996,132.77612477884333,3209.719066917851,556.6378320186589,5781.001660459557,3996.9739178739765,6216.239291771646,9611.057099041529,6896.309204393761,5892.732761830597,7950.1728186461905,8644.866238223349,7496.011362465355,0.6397238017871649,-0.9144306445612858,0.4047426296885856,-0.5446390351391744,-0.8386705678648018,1.0,6.0,13.0
1637955346.0,2.4363792425934507,0.48985425609891536,119.76850787170656,3209.272463460239,549.9630592116997,6048.750566176403,2598.5386550994244,4909.608652902514,8944.72914135205,4921.626457597851,5308.147860789219,7704.297360599268,8068.838997454555,6497.569472579651,0.6401299756295694,-0.9139590862358212,0.4058063438229896,-0.5678437449968888,-0.8231363685732203,1.0,7.0,12.0
1637955362.0,2.441805085070966,0.4548370769862796,108.73501366576855,3183.559232486824,544.2859479638319,5812.35940737109,915.8775346695529,3731.9295408216512,7809.952797312479,3311.03266575389,4492.133666993681,7038.200453221181,7310.197753152541,5138.488283803963,0.640536149471974,-0.913486290530424,0.4068695085810261,-0.5906056677660265,-0.806960312036872,1.0,8.0,11.0
1637955378.0,2.446117234640068,0.42494317726655884,103.1348284390927,3192.810065739354,544.5840177632299,5250.810307778485,-278.99751683284194,3005.5955984906195,6447.561721891016,2765.124517513561,3664.5896509100003,6114.090455985799,6655.052044706166,3864.3032001406264,0.6409423233143785,-0.9130122581088426,0.4079321224701388,-0.6129070536251092,-0.7901550123973065,1.0,9.0,10.0
1637955394.0,2.4428702032871024,0.4114929172998224,101.6698891536474,3269.9803707948613,552.4251050520421,4936.700714665672,-355.6209515749706,2587.1814255120917,5595.718807039742,3296.050029453885,3225.7108665794876,5350.201905796484,6485.71086081262,3336.223651433229,0.6413484971567831,-0.9125369895891342,0.4089941841048604,-0.6347305133676897,-0.7727335733614719,1.0,10.0,9.0
1637955410.0,2.436583799153162,0.41987984581074334,102.74501277579816,3395.0793323294306,564.4702715373485,5179.619014819673,561.3920776009381,2519.5946750289604,5560.234676301727,4246.9844878769745,3412.3082225192557,5113.540072835602,6824.910439930642,3529.525552304429,0.6417546709991877,-0.9120604856385194,0.4100556919941829,-0.6560590289888126,-0.7547095802242452,1.0,11.0,8.0
1637955426.0,2.4251432606172285,0.44155793940729826,108.31030418283912,3490.986702867225,571.4994102709888,5874.635775719387,1889.0824785043733,2920.850234547599,6109.12414422871,4957.3612334855625,4204.393390938691,5511.067489041092,7253.985862994783,4053.2729336862867,0.6421608448415922,-0.9115827468842604,0.4111166447408161,-0.6768759698645477,-0.7360970869524807,1.0,12.0,7.0
1637955442.0,2.4065790918833008,0.4684823840067138,117.29737251188122,3502.94109465673,568.4349316526027,6475.874304443287,2969.9171575270957,3780.034939271696,6917.195756175948,5098.1675642055325,5206.05753852035,6344.236603553758,7491.156061012025,4524.708403269604,0.6425670186839968,-0.911103773979098,0.4121770408951045,-0.6971651025427914,-0.7169106079536689,1.0,13.0,6.0
1637955458.0,2.384925107418726,0.48538029616860195,122.56590460685112,3428.364285639303,554.7827140843942,6388.013488202385,3135.7488285189957,4921.590524542347,7373.0891323297255,4675.556709138611,5774.2932506318775,6995.8299173152955,7093.639200941245,4667.102381352515,0.6429731925264013,-0.910623567571492,0.4132368790214255,-0.7169106075211291,-0.6971651029875818,1.0,14.0,5.0
1637955474.0,2.3685547663687894,0.4803213728235991,116.4218548555878,3313.385811539488,542.7789241823723,5637.648440953937,2366.186615206774,5966.505359177021,7062.265159072616,4135.53318193019,5923.150563133526,7061.655681912247,6083.2442573341195,4597.875685802939,0.6433793663688059,-0.9101421283176012,0.4142961576716675,-0.7360970868477238,-0.6768759699784699,1.0,15.0,4.0
1637955490.0,2.3579488453865842,0.4724828038179586,106.10012798247243,3224.6783253681256,549.4572716863871,5088.603639417797,2516.263267517348,7275.295650719532,7035.457646902574,4540.633761625344,6554.262817392351,7425.059363638353,5781.352649082124,4865.229642511375,0.6437855402112104,-0.909659456851138,0.4153548754514537,-0.75470958012271,-0.6560590291056154,1.0,16.0,3.0
1637955506.0,2.357220225002432,0.45570184878972764,91.84208600839851,3208.4744301227765,575.6330015788354,5074.73023065949,3513.648814992761,8055.750637305347,7277.852796491947,5377.705630599303,7064.851894931533,8076.508366116949,6032.091746997943,5160.476263502014,0.644191714053615,-0.9091755538497156,0.4164130308744705,-0.7727335732632375,-0.6347305134872819,1.0,17.0,2.0
1637955522.0,2.371728653682223,0.428696197783326,77.2145838698417,3229.8291861399857,606.7689875272707,5519.6314679856205,4542.615834405833,7748.22499221074,7437.442986661463,5871.112660529287,6930.0792944474,8700.936474428523,6235.553393363558,5323.98088304886,0.6445978878960195,-0.9086904199442613,0.417470622561064,-0.7901550123024497,-0.6129070537473978,1.0,18.0,1.0
1637955538.0,2.5,0.00647,10.0,3840.0,700.239872,318.776,319.094,323.973,323.973,324.179,324.179,324.179,324.179,325.935,0.6450040617384241,-0.9082040558158444,0.4185276490265014,-0.8069603119454668,-0.590605667890916,0.0,0.0,0.0
1637955554.0,2.5,0.025398,30.0,3840.0,764.956672,450.231,449.838,460.953,461.354,464.739,464.985,466.352,466.352,466.635,0.6454102355808286,-0.9077164620986016,0.4195841088926007,-0.8231363684853378,-0.5678437451242817,0.0,0.0,0.0
1637955570.0,2.5,0.025398,40.0,3840.0,217.76384,581.113,581.135,591.247,592.202,596.039,599.128,599.316,599.316,600.142,0.6458164094232332,-0.907227639470935,0.42064000068942,-0.8386705680341279,-0.5446390348784351,0.0,0.0,0.0
1637955586.0,2.5,0.135027,60.0,3840.0,356.6592,1414.712,1427.67,1437.141,1438.949,1448.89,1450.98,1452.693,1453.045,1453.076,0.6462225832656376,-0.9067375885946852,0.4216953229874563,-0.8535507972474784,-0.5210096318862004,0.0,0.0,0.0
1637955602.0,2.5,0.246288,70.0,3840.0,412.377088,1024.925,1022.094,1048.416,1051.192,1063.189,1065.315,1068.176,1070.471,1073.87,0.6466287571080422,-0.9062463101149014,0.4227500743975404,-0.8677654534662805,-0.4969739608575689,0.0,0.0,0.0
1637955618.0,2.5,0.246288,80.0,3840.0,415.399936,1132.617,1131.646,1164.135,1169.195,1176.038,1187.965,1189.096,1190.148,1190.48,0.6470349309504468,-0.9057538047212796,0.423804253438927,-0.8813034520553382,-0.4725507648870586,0.0,0.0,0.0
1637955634.0,2.5,0.43766,100.0,3840.0,433.02912,1400.835,1399.905,1430.917,1435.553,1441.289,1451.142,1459.204,1462.351,1470.25,0.6474411047928513,-0.9052600730559626,0.4248578587371467,-0.8941542369418658,-0.4477590876340867,0.0,0.0,0.0
1637955650.0,2.5,0.371857,110.0,3840.0,436.498432,1564.526,1574.654,1598.455,1599.884,1604.125,1607.26,1616.571,1616.867,1620.275,0.6478472786352559,-0.9047651158120912,0.4259108888130632,-0.906307787041972,-0.4226182617292863,0.0,0.0,0.0
1637955666.0,2.5,0.477054,120.0,3840.0,442.527744,1760.894,1763.5,1807.616,1811.209,1838.077,1852.513,1853.551,1859.932,1861.095,0.6482534524776604,-0.9042689336350048,0.426963342293705,-0.917754625788008,-0.3971478903943886,0.0,0.0,0.0
1637955682.0,2.5,0.577481,140.0,3840.0,455.299072,5937.612,5924.339,5999.089,6013.148,6023.361,6026.26,6027.876,6036.0,6038.173,0.648659626320065,-0.903771527221284,0.4280152177015529,-0.928485826724922,-0.3713678359402413,0.0,0.0,0.0
1637955698.0,2.5,0.365005,150.0,3840.0,456.318976,2190.903,2172.781,2287.878,2292.88,2300.938,2311.574,2312.688,2312.826,2315.194,0.6490658001624695,-0.903272897225706,0.4290665136519965,-0.9384930227006122,-0.345298199158739,0.0,0.0,0.0
1637955714.0,2.4233051773414074,0.4522881106084084,103.03825773550737,3572.6248394376075,600.9756558143521,6157.800880256671,2927.823718387661,7639.67341114129,7932.675394763704,5135.872957822061,7255.078482258563,8676.34657504926,7233.932929309194,7925.635717137043,0.6494719740048741,-0.9027730443295564,0.4301172287085748,-0.9477684098861412,-0.3189593096648783,1.0,1.0,12.0
1637955730.0,2.4261954420321565,0.4411459350932025,100.10405096223431,3564.865786235686,629.4305868630165,6191.777367026161,3607.2367296689554,7872.085644376207,7709.593695866778,5653.8953798093735,8371.295934557722,9253.287600208661,7045.757200577884,8385.239512342712,0.6498781478472786,-0.902271969209564,0.4311673614487718,-0.9563047559227814,-0.292371704854402,1.0,2.0,11.0
1637955746.0,2.4139375585108658,0.4390721204017937,102.5502621651776,3560.001216313719,654.5375037412066,7322.352401083332,4596.58588745584,8135.369914897195,7651.912974724075,6016.772503884113,9560.899900738694,10208.04671262169,6957.473252584441,8991.959794120317,0.6502843216896832,-0.9017696725504006,0.4322169104377375,-0.9640954041401032,-0.2655561178280992,1.0,3.0,10.0
1637955762.0,2.395478435192747,0.43942646378251815,109.65654159311512,3540.453474746283,667.300991686348,8519.69791090731,5412.505445057181,8520.652940227366,8285.665904481242,6372.39659116111,10513.540630997457,10804.385527783084,6847.268215966391,9393.316633075025,0.6506904955320877,-0.901266155013235,0.4332658742939022,-0.9711342798846716,-0.2385334576802185,1.0,4.0,9.0
1637955778.0,2.376728744974456,0.44741835683601977,120.2655945166987,3519.901372766199,666.6082710509354,9689.092745525824,6339.686816496458,9321.32254764584,9576.45694981906,7156.950012271831,11469.610895130703,11270.16474847945,7191.977489442024,9854.38327826004,0.6510966693744923,-0.9007614173049456,0.4343142515446456,-0.9774158942182652,-0.2113247967691177,1.0,5.0,8.0
1637955794.0,2.3675549666612077,0.4632516983869024,127.76488951823919,3523.3753687954327,660.7791388540315,10393.76903510197,7057.3813701990275,10110.358076460838,10795.659092113288,8118.569377877807,12240.525340718745,11405.62535230895,8026.262284575505,10264.356743501401,0.6515028432168968,-0.9002554600836242,0.4353620408230627,-0.9829353491363768,-0.1839513506831339,1.0,6.0,7.0
1637955810.0,2.3751770338322022,0.4734191718728308,125.83510314657389,3554.0747839388646,659.5430000500502,10430.614310737492,7513.1727551213335,10364.928988584226,11328.095994979954,8522.276785302995,12567.404471626945,11341.548355554862,8862.33347189868,10450.362982150313,0.6519090170593014,-0.8997482840468732,0.4364092406843685,-0.987688340622937,-0.156434464864713,1.0,7.0,6.0
1637955826.0,2.389991962475235,0.46949941337960055,114.9501550659938,3591.8871244481443,663.195024010539,9777.087208650355,7494.065853752294,9954.772274783347,10835.012651030716,7845.544128808267,12193.649368277442,11281.055605128611,9313.88250156011,10320.106135895207,0.652315190901706,-0.8992398898940673,0.4374558496846347,-0.9916711623781173,-0.1287955966158548,1.0,8.0,5.0
1637955842.0,2.400610432507113,0.45387593108272695,104.89897783496664,3605.152768119518,673.3482446197593,8812.136384692301,7413.791865901079,9429.43552648471,9796.999210907692,6750.48039789824,11627.632311013305,11397.35470545587,9302.645698261467,10161.459095271737,0.6527213647441105,-0.8987302782944465,0.4385018664461836,-0.9948807088500836,-0.1010562969732968,1.0,9.0,4.0
1637955858.0,2.3990669698975102,0.43466166333665446,98.60184104516205,3598.7931451513487,681.2837081919141,7806.1091602576735,7085.980448630056,8830.636611062067,8553.668082252412,5877.708412142354,10893.819186431043,11268.120235410815,8768.43390962237,10095.11039131643,0.6531275385865151,-0.8982194499443018,0.4395472895397672,-0.9973144772240486,-0.0732381971332077,1.0,10.0,3.0
1637955874.0,2.3863538660742876,0.41000528654840873,93.70866952732466,3575.148511569684,685.0385314494663,6793.668117177525,6248.5024289432,8233.977580324947,7383.321681998837,5256.06083407663,9754.82631020169,10698.245508221742,8033.142743813768,10168.448060865572,0.6535337124289196,-0.8977074055352205,0.440592117550034,-0.998970569801772,-0.0453629878857538,1.0,11.0,2.0
1637955890.0,2.3727673695438494,0.3850983110304182,89.54800926954051,3556.0674606681137,686.7834224227255,6018.1897734925715,5088.91297841881,7682.985690285629,6739.489508457771,5145.695100835985,8639.023114138341,9791.716713036127,7514.417563193672,10158.36796501042,0.6539398862713242,-0.8971941457668635,0.4416363490493825,-0.999847695148743,-0.0174524068754465,1.0,12.0,1.0
1637955906.0,2.5,0.006987,20.0,3584.0,596.893696,340.667,342.133,346.134,346.134,348.386,348.493,348.493,348.493,349.197,0.6543460601137286,-0.89667967131483,0.4426799826632422,-0.99994516936749,0.0104717839273682,0.0,0.0,0.0
1637955922.0,2.5,0.0,30.0,3584.0,640.806912,487.735,488.969,494.569,494.676,496.089,497.662,504.58,504.58,506.532,0.6547522339561332,-0.8961639829013808,0.4437230169264761,-0.9992629164261764,0.0383878086826113,0.0,0.0,0.0
1637955938.0,2.5,0.006324,40.0,3584.0,674.267136,612.572,612.494,620.596,620.883,623.261,625.116,627.243,627.243,629.851,0.6551584077985377,-0.8956470811988855,0.4447654504791453,-0.9978014683023798,0.0662739002444774,0.0,0.0,0.0
1637955954.0,2.5,0.007683,60.0,3584.0,813.170688,923.408,916.704,954.745,955.334,967.505,972.603,972.941,973.119,976.413,0.6555645816409423,-0.8951289669330125,0.4458072818577976,-0.9955619646381056,0.0941083129479813,0.0,0.0,0.0
1637955970.0,2.5,0.297702,70.0,3584.0,863.62112,2804.024,2811.681,2832.353,2835.563,2854.764,2855.166,2855.725,2855.82,2867.005,0.6559707554833468,-0.8946096407792945,0.4468485097040626,-0.9925461516562928,0.1218693432832203,0.0,0.0,0.0
1637955986.0,2.5,0.312197,90.0,3584.0,875.925504,1270.708,1275.275,1303.679,1308.239,1323.647,1326.759,1332.869,1334.797,1335.284,0.6563769293257514,-0.8940891034668034,0.4478891325561805,-0.9887563810977226,0.1495353431083607,0.0,0.0,0.0
1637956002.0,2.5,0.319871,100.0,3584.0,875.925504,1390.951,1385.312,1428.45,1435.404,1448.33,1450.45,1462.186,1462.426,1462.883,0.656783103168156,-0.8935673556807637,0.4489291490443537,-0.9841956079851476,0.1770847402311826,0.0,0.0,0.0
1637956018.0,2.4008860180979843,0.4784102316408879,112.76619778390564,3486.95565582318,619.7274570022302,8405.205643538024,6068.087635789307,9373.542776318245,9846.70802601929,8613.717408960794,9807.142724029869,9164.837170999723,7512.546930595585,10661.21474564965,0.6571892770105605,-0.8930443981340489,0.4499685577475323,-0.9788673888242894,0.2044960515421202,1.0,1.0,12.0
1637956034.0,2.4025204965678615,0.4450344102193754,99.33771868484611,3530.6338462006347,615.8670410466218,8070.002014645577,5194.005554563286,7714.67068607232,8784.460819908023,7543.73882477398,8993.70075804233,8754.171853790936,7249.7589766208275,9572.523500409508,0.6575954508529651,-0.8925202315346678,0.4510073572585076,-0.9727758782225592,0.2317479034389059,1.0,2.0,11.0
1637956050.0,2.4079171166797035,0.384478900362685,81.838777955858,3554.954513813407,612.9514688957051,7116.009619260574,3434.6680392753315,5929.622000333557,6855.338067830067,5918.7020884200665,7527.607071185168,8020.821553029709,6387.08888034829,8135.1795279441285,0.6580016246953696,-0.8919948565856876,0.4520455461838759,-0.9659258262392342,0.2588190452885042,1.0,3.0,10.0
1637956066.0,2.4153716751876364,0.3312814161842593,70.29590611995707,3529.858852185098,613.1076103787723,5950.9222791308985,1773.155247939976,4901.527252366719,4900.267676510826,4664.774013764409,6203.9073088036785,7153.630898723004,5397.487071074011,7144.686966832263,0.6584077985377742,-0.8914682740181243,0.4530831230791391,-0.9583225744719256,0.2856883673821893,1.0,4.0,9.0
1637956082.0,2.4203921410605194,0.3080460507953076,67.520714542762,3465.5811976560235,616.6621542770378,5046.094076276722,1029.5188588336569,4741.699364045036,3647.746230938332,4283.117843481194,5347.142438059551,6607.478345130354,4979.691810342241,7064.828121496319,0.6588139723801787,-0.8909404845185519,0.4541200865914741,-0.9499720514542002,0.3123349187265146,1.0,5.0,8.0
1637956098.0,2.4174040924827045,0.3206143331067146,69.47126333824926,3421.764899699782,622.9846481810458,4989.617489970375,1426.4672442227893,5168.24312202976,3668.3362003927377,4817.360726975054,5322.622679575881,6855.518472421407,5493.47406111706,7836.21165452826,0.6592201462225833,-0.8904114888279236,0.4551564352651078,-0.9408807689510932,0.3387379202539921,1.0,6.0,7.0
1637956114.0,2.409242486676014,0.3616931622766195,73.95862888954571,3409.564904887963,630.3386455366299,5943.981879446206,2738.1390574957277,5696.322678643557,5067.822354684742,5771.070389511215,6152.181628083064,7917.75232892256,6691.211001178335,9118.207278996197,0.6596263200649878,-0.8898812876425983,0.4561921677358689,-0.9310558157681752,0.3648767845783807,1.0,7.0,6.0
1637956130.0,2.400247497070479,0.40653220476776275,78.31127451753937,3413.703704081071,633.4639903291337,7379.582213835181,4275.76705293679,5997.406430695259,7021.203908591066,6226.906948772183,7125.215654111846,9320.801125518134,7894.471882136876,10128.793116190338,0.6600324939073924,-0.8893498816869996,0.4572272825885609,-0.9205048536178724,0.3907311280995399,1.0,8.0,5.0
1637956146.0,2.3964772831465613,0.423051090498328,75.866820490777,3419.345450015637,624.2583213041112,8144.642259439893,4585.63176486737,5282.971581554906,7819.60117737866,5180.396292676232,6917.53024082272,9648.403841201733,7995.961752975095,10359.976078004933,0.6604386677497969,-0.8888172716805742,0.4582617784217884,-0.909236109119522,0.4162807921021492,1.0,9.0,4.0
1637956162.0,2.408356051417172,0.39383800690395043,64.68873843003598,3391.0695918449383,607.4928957890908,7637.138850993862,3360.316962996856,3915.717465925278,7023.484333633618,3207.8958317194592,5486.118284176977,8617.622412041212,6692.755202193908,9847.725792860594,0.6608448415922015,-0.8882834583510826,0.4592956538220676,-0.8972583698466785,0.4415058524414835,1.0,10.0,3.0
1637956178.0,2.4286793431143665,0.3296425232432678,50.53964137917936,3335.087890147959,598.6673647581445,6226.033465248029,1775.2305455070527,2819.2452479610274,5630.937125154202,1992.6448434674676,4002.2338709953965,6834.508483837875,4945.251110435336,8917.186536514357,0.661251015434606,-0.8877484424011796,0.4603289074284599,-0.884580975280857,0.4663866402151415,1.0,11.0,2.0
1637956194.0,2.4479295500638907,0.2662443625506961,37.2729797097916,3327.602934282934,603.9348200045129,4917.598448571041,849.8104058309309,2268.8315715665285,4495.216219047668,1841.0917143042861,3030.955944644873,5365.588089877378,3653.4789562636524,8179.727987713345,0.6616571892770106,-0.8872122245819639,0.4613615377904002,-0.871213811295612,0.4909037533038158,1.0,12.0,1.0
1637956210.0,2.5,0.009617,20.0,3328.0,561.668096,304.378,307.116,311.252,311.252,313.384,313.877,313.877,313.877,315.66,0.6620633631194152,-0.886674805592572,0.462393543561515,-0.8571673007577386,0.5150380748174764,0.0,0.0,0.0
1637956226.0,2.5,0.00667,30.0,3328.0,605.75744,470.718,472.923,478.375,479.914,482.101,482.21,483.317,483.317,483.422,0.6624695369618196,-0.8861361861874761,0.4634249232929911,-0.8424523971818837,0.5387707847336358,0.0,0.0,0.0
1637956242.0,2.5,0.02543,50.0,3328.0,727.867392,722.688,730.939,735.736,738.641,742.133,742.532,744.027,744.027,745.13,0.6628757108042242,-0.885596367068944,0.4644556756400854,-0.8270805743167078,0.5620833777901146,0.0,0.0,0.0
1637956258.0,2.5,0.094993,60.0,3328.0,777.998336,930.35,930.645,958.472,958.704,968.823,975.838,976.368,977.012,978.625,0.6632818846466287,-0.8850553489948173,0.4654857991557445,-0.8110638191597255,0.5849576747509516,0.0,0.0,0.0
1637956274.0,2.5,0.260923,80.0,3328.0,836.800512,1124.078,1121.676,1159.325,1165.184,1174.939,1178.432,1179.231,1179.576,1180.105,0.6636880584890333,-0.88451313267728,0.4665152924839917,-0.7944146205609031,0.6073758396899537,0.0,0.0,0.0
1637956290.0,2.5,0.260923,90.0,3328.0,841.576448,1241.18,1245.553,1283.295,1284.546,1294.223,1295.637,1296.528,1296.764,1303.888,0.6640942323314378,-0.8839697188503695,0.4675441542310188,-0.7771459613264607,0.6293203912110041,0.0,0.0,0.0
1637956306.0,2.5,0.363996,100.0,3328.0,841.576448,1485.728,1480.679,1526.705,1530.711,1549.607,1553.867,1563.721,1567.188,1567.32,0.6645004061738424,-0.8834251082702002,0.4685723829653057,-0.7592713073406965,0.6507742172590656,0.0,0.0,0.0
1637956322.0,2.5,0.251235,120.0,3328.0,436.781056,1715.439,1729.286,1770.792,1776.646,1782.487,1784.824,1787.768,1790.444,1792.546,0.6649065800162469,-0.8828793016468514,0.4695999773462176,-0.7408045961252648,0.6717205895010835,0.0,0.0,0.0
1637956338.0,2.4139808809323524,0.38667101121065905,65.96126692367002,3383.3518682344384,692.9321047094186,7540.392056702491,6940.826008026792,6810.896195988626,6467.732572836652,8067.043046917614,9051.976517182065,8480.567571120326,8813.93240196009,7162.765339003976,0.6653127538586515,-0.8823322997465703,0.4706269359311346,-0.7217602280816913,0.692143173887791,1.0,1.0,12.0
1637956354.0,2.406054957558581,0.42953033795653045,91.15715722966556,3360.5374845351025,683.2868977841562,8742.322208930662,7965.598093603984,7896.608451062453,7480.350089454494,8569.901491212164,9590.512100602476,9138.208952169118,9107.476776804197,7390.587029688559,0.665718927701056,-0.8817841032825545,0.4716532573810778,-0.7021530528004747,0.7120260461829846,1.0,2.0,11.0
1637956370.0,2.399162709276483,0.47488747566527834,118.03287097144204,3288.867480663396,656.2831331997857,9208.91550564933,8254.648248333626,9413.975106731665,8713.027077256324,8983.033080847372,10050.872764354059,9360.424172792555,9235.130727424934,7722.572808822111,0.6661251015434606,-0.8812347130244061,0.4726789402552144,-0.6819983603612951,0.7313537013405381,1.0,3.0,10.0
1637956386.0,2.3984096252954945,0.5230164559675399,138.9548787596799,3193.5397512276486,627.293281915074,9120.420944508653,7957.405286828798,11127.402828090413,9847.449828689678,9543.083382072462,10546.825407445072,9277.42474616376,9413.172830558658,8190.057777995297,0.6665312753858651,-0.8806841296884363,0.4737039832162291,-0.6613118654430777,0.7501110695251715,1.0,4.0,9.0
1637956402.0,2.399500405613211,0.5670035688329049,149.21106758539463,3132.628404755129,616.0153267583153,9082.730675673436,7734.3415891332415,12564.958394910602,10742.482658602072,10307.395885405782,11319.505240967781,9336.392937693177,10020.278587875939,8593.310559744075,0.6669374492282697,-0.8801323540475986,0.4747283848250835,-0.6401096997734692,0.7682835233531428,1.0,5.0,8.0
1637956418.0,2.4041006193225787,0.5870088017804098,146.27646313540694,3153.3347225864336,630.7150268879918,9587.954696486751,7968.975224719071,13361.501125989114,11436.555581586294,11073.126008056894,12347.995730707837,9958.445174410906,10987.294057065232,8731.387240641008,0.6673436230706743,-0.8795793868282371,0.4757521437333334,-0.6184083954567201,0.785856893097366,1.0,6.0,7.0
1637956434.0,2.4144499192889817,0.5734123672445973,135.73911224830078,3221.21883320172,657.2087228727316,10113.218975117106,8294.957054728437,13162.825126155863,11655.468658560085,11101.8416961109,12537.750784217873,10496.051155500043,11454.253506729248,8582.976432338084,0.6677497969130788,-0.8790252287858829,0.476775258542142,-0.596224875240587,0.8028174749869029,1.0,7.0,6.0
1637956450.0,2.4256879457732965,0.5335054726978236,122.69044215660021,3288.3809594948148,669.4003342077747,10013.108221017606,7794.817730846796,11989.939442255516,11163.937845783079,9955.449995730029,11017.44185431413,10087.619876049077,10841.539258398927,8106.30667362917,0.6681559707554834,-0.8784698806707852,0.4777977278663601,-0.5735764364273631,0.8191520442355541,1.0,8.0,5.0
1637956466.0,2.432801882182919,0.48320463278785347,114.32271369326415,3319.682349121994,670.6012718781753,9381.99807409272,6766.2608444247235,10524.255881963658,10488.424825611966,8720.786813676414,8990.410238405424,9016.482694688297,9848.494432139061,7430.515213178232,0.6685621445978879,-0.8779133432417731,0.4788195503089371,-0.5504807403433686,0.8348478630930409,1.0,9.0,4.0
1637956482.0,2.4310668350649536,0.43961427063270375,110.16898965724681,3315.0738429729645,658.723698749737,8700.31151203722,5558.313265695657,9441.0640453416,9661.054599025689,8049.761769209058,7422.455958821225,7773.878315361362,9066.114736284366,7169.849721326664,0.6689683184402925,-0.877355617231414,0.4798407245247995,-0.5269557955477929,0.8498926929551711,1.0,10.0,3.0
1637956498.0,2.4263296745634992,0.41321033860198364,107.60059921995514,3315.717788811975,644.837584686159,7761.193953211335,4616.880696542055,8999.465729104519,9068.186123446962,8205.314930527185,6812.186551942579,6817.832169274712,8565.602208075385,7232.853263469815,0.669374492282697,-0.876796703422689,0.4808612490803404,-0.5030199468691747,0.8642748018146384,1.0,11.0,2.0
1637956514.0,2.4250833353800223,0.4010567623500092,103.34971258942836,3322.7451028813075,637.1052901984556,6903.93726620109,4201.1536393397455,8756.976764059487,8466.210783751438,8551.913415310668,7023.776129008651,6442.954192150386,8211.767096829015,7555.902088726996,0.6697806661251016,-0.8762366025443261,0.48188112264497,-0.4786918579644183,0.8779829754149981,1.0,12.0,1.0
1637956530.0,2.5,0.009684,20.0,3072.0,577.425408,337.126,338.156,341.995,341.995,344.871,345.34,345.34,345.34,345.906,0.670186839967506,-0.8756753153756132,0.4829003437996502,-0.4539904995415462,0.8910065242892542,0.0,0.0,0.0
1637956546.0,2.5,0.023134,30.0,3072.0,621.273088,476.166,475.182,481.439,481.779,484.548,485.172,488.556,488.556,488.989,0.6705930138099107,-0.8751128426694542,0.4839189111772623,-0.4289351333978146,0.9033352928658324,0.0,0.0,0.0
1637956562.0,2.5,0.080481,50.0,3072.0,743.337984,742.578,750.077,762.234,765.403,771.777,775.744,776.729,776.729,777.099,0.6709991876523151,-0.8745491851873557,0.4849368233988137,-0.4035452961188523,0.9149596679528272,0.0,0.0,0.0
1637956578.0,2.5,0.132456,60.0,3072.0,793.587712,947.634,948.031,974.725,975.988,983.478,984.238,985.024,985.154,985.259,0.6714053614947197,-0.8739843436994997,0.4859540790734807,-0.3778407867824281,0.925870584824702,0.0,0.0,0.0
1637956594.0,2.5,0.249673,80.0,3072.0,853.643264,1128.545,1133.864,1151.66,1155.357,1161.379,1163.469,1171.129,1171.55,1172.437,0.6718115353371243,-0.8734183189493852,0.4869706768622009,-0.3518416481348674,0.9360595358403974,0.0,0.0,0.0
1637956610.0,2.5,0.249673,90.0,3072.0,853.643264,1628.95,1629.91,1659.039,1660.298,1669.15,1671.622,1681.083,1681.991,1682.307,0.6722177091795288,-0.8728511117316432,0.4879866153377923,-0.3255681548294209,0.945518575471136,0.0,0.0,0.0
1637956626.0,2.451825924237198,0.3876369799666331,94.13138137838524,3168.6736485256047,632.8839154617162,7778.358647435521,4713.547687727265,5454.051161464955,8786.781425928555,7694.408765652293,7162.782316763678,6579.690061780648,7881.459216699584,7787.5305351392835,0.6726238830219334,-0.8722827227858153,0.4890018931756446,-0.2990407923938527,0.9542403284731036,1.0,1.0,12.0
1637956642.0,2.4775476690534908,0.37950714385407336,86.76893340815602,3145.6331714247503,632.1429150106811,7055.7527353888145,4332.780465208305,4841.175585439256,8004.665489418196,6819.654402828128,6962.1225406217745,5698.163660886052,7392.473377900473,7428.56908366314,0.6730300568643379,-0.8717131529098517,0.4900165089504285,-0.2722802473876385,0.962217993431076,1.0,2.0,11.0
1637956658.0,2.4849435360791006,0.37836015816053636,89.06626554709656,3075.1852142608814,628.2697521562907,6585.929125745646,4543.309242435664,4832.3380593679285,7446.872534939879,6433.871942218899,7193.008779984595,5400.686080357054,6992.694415098496,7433.275482834308,0.6734362307067425,-0.8711424028463745,0.4910304613392584,-0.2453073859867502,0.969445349867824,1.0,3.0,10.0
1637956674.0,2.4824249488595895,0.37331723199186956,92.06828082436192,2975.4168640971584,621.351557463604,6305.977705257941,4533.787506239187,4970.135760722211,6810.314354750861,6139.84822634555,7211.352467173852,4876.277458997234,6458.387236585193,7520.348824214101,0.673842404549147,-0.8705704733966485,0.492043748918666,-0.2181432417163204,0.9759167618672686,1.0,4.0,9.0
1637956690.0,2.4698325062639888,0.3752095439055452,95.12639626327721,2902.8534607810752,615.7452230769002,6670.237521595982,4689.623263252222,5557.478509432094,7066.949642936117,6332.640121177339,7636.018361548417,4645.733681199023,6420.0473207163795,7913.958320457343,0.6742485783915516,-0.8699973653135472,0.4930563703548371,-0.190808995453433,0.9816271834327184,1.0,5.0,8.0
1637956706.0,2.452779440511572,0.39157651570971874,98.888787915507,2897.5284894788947,617.2763814148279,7945.821272039811,5571.11668163544,6728.576734805434,8810.169845957,7404.6140795971005,8856.436427972403,5451.494800463814,7271.298505748606,8594.846521242933,0.6746547522339561,-0.8694230793801211,0.4940683242641523,-0.1633259625323125,0.986572161558846,1.0,6.0,7.0
1637956722.0,2.450354830164057,0.3968264453401745,96.22139447286378,2921.429443539033,624.0035759768123,9127.173499495162,6286.320262442217,7378.653810729173,10408.00599811519,7985.183809271068,9521.03346580017,6480.517242312935,7951.684127144274,8897.721523828548,0.6750609260763607,-0.8688476163738703,0.4950796092765727,-0.13571557247919,0.9907478404652952,1.0,7.0,6.0
1637956738.0,2.462476013644238,0.38026586030329323,86.77795974474854,2922.816616083404,629.3827565601975,9568.073952692108,6144.999272092678,7110.89270870819,10698.473051590174,7288.904036027203,8994.567042756677,7165.79516308774,7850.144703124648,8610.846791410948,0.6754670999187652,-0.8682709770811072,0.49609022401033,-0.1079993559661167,0.99415096394406,1.0,8.0,5.0
1637956754.0,2.4734820942104236,0.3551825485030381,79.24992104020643,2871.397213538834,633.1933836214862,9268.57806121372,5308.906836834878,6490.939575280059,9898.47287086565,6043.832600724365,7950.155243098645,7326.909729747553,7101.768400350948,8159.873253453198,0.6758732737611698,-0.8676931622608608,0.4971001671351032,-0.0801989243411016,0.996778878455262,1.0,9.0,4.0
1637956770.0,2.471041409799281,0.34277163100773717,77.30579056192735,2790.6764783805165,635.5422699649152,8671.453639322172,4348.351970929694,6123.031993526583,8861.186088275157,5124.260919559474,6869.942787940541,7259.04502633753,6334.509238387613,7881.449717019634,0.6762794476035743,-0.8671141727098172,0.498109437258289,-0.052335956006209,0.9986295347669806,1.0,10.0,3.0
1637956786.0,2.4564689316159587,0.35943490606693584,83.22496800351081,2729.5091323114434,636.5513833978075,8262.510804302434,3990.549732645568,6287.2397266578355,8075.879782113238,4986.118388683986,6143.641385924198,7205.141975030863,6023.424276155216,8054.650287149628,0.6766856214459789,-0.8665340092263706,0.4991180329882625,-0.024432178131919,0.9997014897816898,1.0,11.0,2.0
1637956802.0,2.431469391658423,0.4113623566413994,98.12604397684616,2692.732534466684,639.0764038413693,8625.157003888862,4651.528928682694,6967.108395781337,8381.665060731735,5852.177648344787,6270.836626830458,7504.721049907595,6597.552391246612,8597.932075201914,0.6770917952883835,-0.8659526725669552,0.500125953009987,0.0034906516853043,0.9999939076568476,1.0,12.0,1.0
1637956818.0,2.5,0.009632,20.0,2816.0,557.555712,353.471,350.761,360.681,360.681,362.833,363.209,363.209,363.209,364.321,0.677497969130788,-0.8653701635476984,0.5011331959084627,0.0314107591318646,0.9995065603640428,0.0,0.0,0.0
1637956834.0,2.5,0.007301,30.0,2816.0,601.464832,434.148,435.288,441.946,442.026,443.907,444.475,445.392,445.392,450.264,0.6779041429731926,-0.8647864829353996,0.5021397603578329,0.0593063738785328,0.9982398279057892,0.0,0.0,0.0
1637956850.0,2.5,0.028908,50.0,2816.0,723.546112,750.139,751.339,763.89,764.962,767.409,767.613,771.658,771.658,773.846,0.6783103168155971,-0.8642016315348772,0.5031456449701779,0.087155742370224,0.9961946981247668,0.0,0.0,0.0
1637956866.0,2.5,0.10845,60.0,2816.0,773.885952,1005.099,952.085,1045.234,1100.345,1187.487,1206.89,1208.559,1209.637,1256.538,0.6787164906580017,-0.8636156101159701,0.5041508484214032,0.1149371503641911,0.9933727656152846,0.0,0.0,0.0
1637956882.0,2.5,0.252688,70.0,2816.0,824.336384,2531.23,2532.455,2573.652,2574.756,2581.423,2592.568,2597.053,2598.452,2621.746,0.6791226645004061,-0.8630284195013825,0.505155369300323,0.1426289333631942,0.9897762309571176,0.0,0.0,0.0
1637956898.0,2.5,0.251542,90.0,2816.0,833.880064,1249.838,1248.027,1294.104,1295.088,1298.664,1299.637,1312.239,1313.387,1317.12,0.6795288383428107,-0.8624400604567107,0.5061592062972136,0.1702094990709294,0.9854078984999172,0.0,0.0,0.0
1637956914.0,2.5,0.435725,100.0,2816.0,433.348608,1443.905,1439.325,1494.448,1494.813,1498.305,1507.955,1508.299,1508.758,1509.655,0.6799350121852152,-0.8618505338079407,0.5071623580028073,0.1976573400724671,0.9802711746835552,0.0,0.0,0.0
1637956930.0,2.5,0.405008,120.0,2816.0,444.522496,1701.522,1701.208,1747.815,1748.793,1769.119,1773.256,1787.625,1787.891,1788.722,0.6803411860276198,-0.8612598403237146,0.5081648231091656,0.2249510542820033,0.9743700647995172,0.0,0.0,0.0
1637956946.0,2.5,0.458007,130.0,2816.0,450.383872,1875.711,1874.698,1931.283,1934.961,1952.373,1961.717,1963.559,1967.875,1972.996,0.6807473598700243,-0.8606679808332958,0.5091666002089471,0.2520693579723406,0.9677091705525024,0.0,0.0,0.0
1637956962.0,2.5,0.529855,140.0,2816.0,452.083712,3744.502,3742.127,3812.626,3813.272,3827.95,3834.961,3849.123,3849.671,3850.967,0.6811535337124289,-0.8600749561083677,0.5101676879960053,0.2789911060099727,0.9602936856854428,0.0,0.0,0.0
1637956978.0,2.4146081219152067,0.41140416259555773,103.71556591859252,2577.0665708511815,642.8509628515279,8751.968188153454,5908.629653171067,4997.107944653866,8554.946455521047,4227.001037742533,6102.727235662822,8026.369795401364,6812.5871831296645,6268.516658257218,0.6815597075548334,-0.8594807669814666,0.5111680850649325,0.3056953047281338,0.95212939281758,1.0,1.0,12.0
1637956994.0,2.4262595620359675,0.3729425425727977,101.00081195372553,2525.884733236805,639.9378630210299,8427.621366931762,4915.540033241032,4875.048032632249,8171.604471375689,4649.527720695409,5693.975220601111,7229.5479239765045,6310.549036348137,5901.622606914243,0.681965881397238,-0.8588854142347665,0.512167790098883,0.3321611318861144,0.943222657946752,1.0,2.0,11.0
1637957010.0,2.436586654414464,0.3703780411592401,103.27085237208762,2562.6945263162897,642.2801672126949,8542.520117910233,5164.191472541799,5222.879369468066,8443.961648990931,5922.34995930375,6068.043028583026,6921.769738526433,6692.117204983302,5777.355328956619,0.6823720552396426,-0.8582888986742453,0.5131668017443753,0.3583679497804675,0.9335804264069296,1.0,3.0,10.0
1637957026.0,2.4377418014869687,0.40423095762789585,111.95997760721046,2644.130603541035,644.6366738684102,9480.619004176133,6582.171481364972,5748.99324678933,9559.020259882695,7281.51669519455,6898.878183520706,7524.211744168995,7948.299025439456,6194.354935140718,0.6827782290820471,-0.8576912211299011,0.5141651186114232,0.3842953226926504,0.9232102170993082,1.0,4.0,9.0
1637957042.0,2.427285623097501,0.46079859656944516,127.85500491143354,2725.1709691808346,639.15561441894,11061.770033097346,8405.1344178199,6399.100592444474,11325.001132422207,8109.017699671513,7914.359541335324,8960.522743078407,9667.266678855682,6861.547117801156,0.6831844029244517,-0.8570923823810036,0.515162739398392,0.4099230341014547,0.9121201160554774,1.0,5.0,8.0
1637957058.0,2.4105456843345583,0.5054566754469465,142.3703899613517,2744.744798448445,618.7536624324623,12052.670832254144,9290.627556588328,6543.850448028221,12504.499832206142,7703.785291591863,8240.88262241454,10090.215621056846,10699.491037701813,7235.453059536458,0.6835905767668562,-0.8564923832682508,0.5161596627047407,0.4352310990148469,0.9003187715750064,1.0,6.0,7.0
1637957074.0,2.3998759605997986,0.5092280216179388,144.61045665338548,2687.4294473115137,589.882407609048,11500.950321566335,8425.437232505039,5938.411959684101,12185.94318427913,6063.856899090624,7348.992042802674,9985.612857307788,10450.845561700411,7256.982543264701,0.6839967506092608,-0.8558912245739393,0.5171558872306518,0.4601997846527053,0.8878153852043811,1.0,7.0,6.0
1637957090.0,2.397165894622343,0.4716423477225415,133.2306692636657,2597.658911424156,570.5993786117219,9779.469448953876,6455.827119155278,4983.948642237299,10767.59020631914,4532.282154956794,6164.974653242734,8838.16597535709,9408.957713065285,7143.328207829845,0.6844029244516653,-0.8552889071420241,0.5181514115775447,0.4848096199279427,0.8746197073158847,1.0,8.0,5.0
1637957106.0,2.4066566069401345,0.41993606107336434,117.49314043502757,2561.338784156078,574.5083633554692,8005.823179829446,4734.925100114051,4230.601744499656,9143.87224990666,4111.552794203819,5690.29211732668,7402.764199466388,8265.098088902765,7006.049557756038,0.6848090982940699,-0.8546854317653789,0.5191462344349883,0.5090414156516481,0.8607420270623284,1.0,9.0,4.0
1637957122.0,2.4257835441517104,0.3719686581769774,103.73365558496035,2546.342495932123,599.3316590600848,6837.68721263089,3901.7467028643823,3832.5004145434523,7914.637844664326,4525.928398171605,5896.80659109127,6597.35178085523,7442.664556517366,6835.557831382803,0.6852152721364744,-0.8540807992685475,0.5201403544436819,0.5328762757906275,0.8461931663039539,1.0,10.0,3.0
1637957138.0,2.442651229420322,0.33059903589056316,94.15205131925033,2532.583865321461,628.5644934204064,6371.642052900363,3812.5027493271064,3694.0899055656027,7229.316647768452,4920.573068347083,6140.5292008103315,6404.584733016201,6842.325286121115,6781.825821256156,0.685621445978879,-0.8534750104701148,0.521133770257731,0.5562956154324359,0.8309844693197626,1.0,11.0,2.0
1637957154.0,2.4472390703307134,0.2948005783851935,90.00325662483526,2501.9220896273596,646.217910073174,6251.992370768488,3837.729007350159,3672.7775436572592,6906.607759393943,4778.889119555675,6049.9346438894445,6353.986595897426,6142.9769010307955,7181.801595999101,0.6860276198212835,-0.8528680661978287,0.5221264805197836,0.579281172099777,0.8151277959011756,1.0,12.0,1.0
1637957170.0,2.5,0.052239,10.0,2560.0,524.550144,185.499,184.64,192.643,192.643,193.078,193.078,193.078,193.078,193.338,0.6864337936636881,-0.8522599672506103,0.5231184839230868,0.6018150231131943,0.7986355100765713,0.0,0.0,0.0
1637957186.0,2.5,0.080892,30.0,2560.0,624.070656,481.614,481.873,489.195,489.915,501.735,501.869,502.787,502.787,503.129,0.6868399675060926,-0.8516507144821577,0.5241097790749858,0.623879596502307,0.7815204725841279,0.0,0.0,0.0
1637957202.0,2.5,0.031329,40.0,2560.0,688.836608,579.89,575.549,593.453,594.444,604.681,605.542,606.738,606.738,607.352,0.6872461413484972,-0.8510403086868327,0.5251003646830009,0.6454576877120141,0.7637960286447293,0.0,0.0,0.0
1637957218.0,2.5,0.031329,50.0,2560.0,730.58304,808.727,808.413,826.093,827.724,830.789,832.15,842.673,842.673,843.196,0.6876523151909018,-0.8504287507215722,0.5260902393564683,0.6665324700765415,0.7454759998374625,0.0,0.0,0.0
1637957234.0,2.5,0.236785,70.0,2560.0,858.554368,1097.897,1099.262,1116.879,1120.979,1125.857,1126.903,1127.773,1128.079,1128.711,0.6880584890333062,-0.8498160413837434,0.5270794018047601,0.6870875108170615,0.7265746709590242,0.0,0.0,0.0
1637957250.0,2.5,0.380918,80.0,2560.0,869.208064,1307.162,1322.79,1346.159,1353.246,1369.37,1376.968,1378.47,1379.586,1388.334,0.6884646628757108,-0.8492021815258328,0.5280678506515677,0.7071067813751588,0.7071067809979362,0.0,0.0,0.0
1637957266.0,2.5,0.338755,100.0,2560.0,433.164288,1395.052,1404.237,1434.053,1436.528,1444.342,1446.764,1447.21,1447.981,1448.076,0.6888708367181153,-0.8485871719789609,0.5290555845587015,0.726574671005617,0.6870875107677911,0.0,0.0,0.0
1637957282.0,2.5,0.338755,110.0,2560.0,435.99872,1493.25,1485.499,1538.677,1540.838,1554.22,1554.934,1562.247,1564.31,1568.533,0.6892770105605199,-0.847971013552665,0.5300426022259588,0.7454759998826614,0.6665324700259891,0.0,0.0,0.0
1637957298.0,2.5,0.255086,120.0,2560.0,442.109952,3447.744,3457.904,3492.669,3493.695,3509.544,3515.719,3521.119,3521.978,3523.409,0.6896831844029244,-0.8473537071119583,0.5310289022676841,0.7637960283879344,0.6454576880158898,0.0,0.0,0.0
1637957314.0,2.5,0.430928,140.0,2560.0,455.409664,1917.518,1922.895,1974.015,1980.459,1996.499,2001.637,2010.129,2010.295,2011.781,0.690089358245329,-0.8467352534617029,0.5320144833979108,0.7815204723359179,0.6238795968132342,0.0,0.0,0.0
1637957330.0,2.5,0.487912,150.0,2560.0,462.782464,2128.725,2122.895,2190.399,2197.282,2220.104,2230.314,2231.358,2231.482,2238.195,0.6904955320877335,-0.8461156534701338,0.5329993442330003,0.7986355098371397,0.601815023430931,0.0,0.0,0.0
1637957346.0,2.5,0.292309,160.0,2560.0,470.073344,2248.143,2234.716,2312.838,2319.863,2348.079,2362.821,2364.292,2365.663,2368.481,0.6909017059301381,-0.8454949079451041,0.5339834834888624,0.8151277956707089,0.5792811724240751,0.0,0.0,0.0
1637957362.0,2.5,0.703796,170.0,2560.0,479.367168,5822.026,5820.036,5892.917,5896.827,5917.775,5921.194,5922.878,5923.041,5926.641,0.6913078797725426,-0.844873017758066,0.5349668997838826,0.8309844690984408,0.5562956157630424,0.0,0.0,0.0
1637957378.0,2.5,0.761468,180.0,2560.0,547.332096,2626.47,2622.831,2685.288,2696.837,2735.245,2751.822,2764.969,2778.545,2783.522,0.6917140536149472,-0.8442499837198585,0.5359495918358541,0.8461931660919495,0.5328762761272848,0.0,0.0,0.0
1637957394.0,2.390958063049422,0.7329600743445643,213.84504307229173,2410.4094777689857,639.007928057651,12473.418628757272,12378.290994171177,13737.344937117561,14590.87663693967,12604.095146208421,14314.655228005458,14597.602025661412,11800.209971839402,9228.509637138264,0.6921202274573518,-0.843625806705147,0.5369315582651945,0.8607420268598066,0.5090414159940937,1.0,1.0,2.0
1637957410.0,2.395393764357588,0.7417847448488419,218.48389238336898,2397.307776682062,626.5046117015069,13265.05792929964,12925.456437759694,14164.198033224766,15565.634129318689,13940.294035391802,14514.7516713962,14126.95229916575,12197.792180168162,9632.608777663743,0.6925264012997563,-0.8430004875355795,0.5379127977793197,0.8746197071230035,0.4848096202759095,1.0,2.0,1.0
1637957426.0,2.5,0.593993,210.0,2560.0,577.8432,11536.588,11532.244,11609.428,11622.56,11656.976,11664.488,11679.557,11682.257,11685.384,0.6929325751421609,-0.8423740270733885,0.5388933090252301,0.887815385021291,0.460199785005922,0.0,0.0,0.0
1637957442.0,2.5,0.765059,220.0,2560.0,587.472896,11857.915,11851.127,11921.354,11956.605,12009.789,12015.784,12031.039,12033.593,12036.914,0.6933387489845654,-0.8417464261431847,0.5398730907122302,0.90031877140185,0.4352310993730381,0.0,0.0,0.0
1637957458.0,2.4435423529477225,0.6744609126326758,194.46966028567755,2401.749692970794,572.5953652964238,10227.60900569984,9800.292311558256,11570.622119331772,11665.093239123926,11449.885341823021,11627.008449791218,10464.199859205699,9873.93008015491,8061.200583626403,0.69374492282697,-0.8411176856260454,0.5408521414648232,0.9121201160832751,0.4099230340396019,1.0,1.0,1.0
1637957474.0,2.5,0.720178,230.0,2560.0,599.98208,10317.464,10313.978,10409.765,10415.147,10441.899,10446.523,10448.406,10449.829,10500.036,0.6941510966693745,-0.8404878063417405,0.5418304600064939,0.923210217125368,0.3842953226300457,0.0,0.0,0.0
1637957490.0,2.5,0.738783,240.0,2560.0,610.18112,12687.211,12702.886,12792.811,12808.205,12853.33,12863.526,12867.731,12869.551,12874.698,0.6945572705117791,-0.839856789158748,0.542808044988243,0.9335804265981092,0.3583679492824272,0.0,0.0,0.0
1637957506.0,2.5,0.752746,250.0,2560.0,623.804416,10994.383,10983.379,11103.608,11123.011,11137.458,11164.791,11175.947,11179.183,11185.7,0.6949634443541836,-0.8392246349471996,0.5437848950621372,0.9432226579692764,0.3321611318221525,0.0,0.0,0.0
1637957522.0,2.440399098005543,0.6899632666802846,203.9364585207773,2443.1660588857344,576.7213362919842,9871.048974334557,9320.138041666025,11690.656121472854,11865.144437780868,12039.506358863538,12096.397608380194,9742.102122343584,12252.039906097929,7293.542640143731,0.6953696181965882,-0.838591344539244,0.5447610089423278,0.9521293928383098,0.305695304663568,1.0,1.0,1.0
1637957538.0,2.5,0.787097,260.0,2560.0,636.858368,12073.143,12086.116,12159.25,12187.008,12227.527,12246.281,12249.483,12251.127,12252.904,0.6957757920389926,-0.8379569188001634,0.5457363852950766,0.9602936855744464,0.2789911063920248,0.0,0.0,0.0
1637957554.0,2.5,0.847062,270.0,2560.0,650.678272,11143.2,11149.761,11256.993,11261.308,11282.779,11307.298,11311.29,11317.433,11329.264,0.6961819658813972,-0.8373213585888785,0.5467110227998653,0.9677091704522168,0.252069358357343,0.0,0.0,0.0
1637957570.0,2.5,0.86402,280.0,2560.0,664.12544,12453.035,12442.008,12569.258,12578.248,12622.848,12633.217,12649.197,12657.402,12657.938,0.6965881397238017,-0.8366846647738152,0.5476849201250007,0.9743700647100204,0.2249510546696558,0.0,0.0,0.0
1637957586.0,2.4726234360615336,0.6597389186213815,217.4265838688078,2440.0993582787933,573.5395990480251,9934.137694016967,8263.774631106346,10385.19426488577,11418.060586506843,10717.968890339065,11389.329089299928,8764.661983401196,10001.689331286138,7569.606781100227,0.6969943135662063,-0.8360468381930555,0.548658075988493,0.9802711746049172,0.1976573404624673,1.0,1.0,1.0
1637957602.0,2.5,0.759714,290.0,2560.0,679.636992,14106.542,14132.09,14250.078,14276.836,14297.247,14315.458,14329.04,14331.582,14331.967,0.6974004874086109,-0.8354078797420315,0.5496304890241475,0.9854078984321996,0.1702094994629732,0.0,0.0,0.0
1637957618.0,2.432889972281613,0.7474549025270062,248.02656836600218,2373.3000210855516,580.0015810560029,13152.365121756317,11758.353732645657,13805.41785655205,14179.991751456135,14103.412165459722,14227.838514574365,11604.527797439074,11511.52149906573,10231.994363102713,0.6978066612510154,-0.8347677902538362,0.5506021579641033,0.9897762309003728,0.142628933756976,1.0,1.0,1.0
1637957634.0,2.5,1.001064,300.0,2560.0,694.161408,15861.529,15880.925,15978.548,15993.479,16035.571,16053.159,16059.863,16060.238,16063.632,0.69821283509342,-0.8341265706270788,0.5515730814442533,0.993372765569557,0.1149371507594037,0.0,0.0,0.0
1637957650.0,2.5,1.209535,310.0,2560.0,708.972544,17145.478,17143.635,17272.469,17302.053,17348.829,17363.349,17382.767,17384.983,17392.234,0.6986190089358245,-0.8334842216978002,0.552543258198679,0.996194698090092,0.0871557427665593,0.0,0.0,0.0
1637957666.0,2.407019894878164,0.7246546366348755,238.6865388319865,2544.7327596873647,607.7562567784548,16356.239674843797,13206.95038478239,14908.937053312515,16084.954531457332,14023.810256805458,15428.587459619634,14636.280778559198,11884.868794905593,9604.01845600045,0.6990251827782291,-0.832840744367782,0.5535126868653678,0.9982398279098108,0.0593063738108402,1.0,1.0,1.0
1637957682.0,2.5,0.764558,320.0,2560.0,726.970368,18466.607,18477.513,18592.159,18615.331,18665.785,18693.31,18700.587,18703.286,18707.171,0.6994313566206336,-0.8321961394840773,0.5544813661682403,0.9995065603661728,0.031410759064086,0.0,0.0,0.0
1637957698.0,2.436626346071579,0.631153140597503,201.66067259871838,2539.859445733051,606.0818215857859,12574.166823062082,9604.446418571784,13410.987040403641,12957.286909677669,11944.22569195874,12018.728589077067,12194.484089979358,9646.45991739795,8338.244914615652,0.6998375304630382,-0.8315504079274283,0.5554492947837162,0.9999939076570844,0.0034906516174927,1.0,1.0,1.0
1637957714.0,2.5,0.740233,330.0,2560.0,743.948288,20894.536,20896.425,21027.245,21062.069,21095.095,21115.841,21123.599,21124.38,21136.129,0.7002437043054427,-0.8309035505720619,0.5564164714013604,0.999701489780033,-0.0244321781997108,0.0,0.0,0.0
1637957730.0,2.435234600062527,0.6454106625187592,184.4714457319878,2608.943815173741,620.9422653534216,10938.446601376407,10502.617962773733,13525.81248661921,11536.133317552518,12637.259578054745,11247.407008249796,11884.072378456025,10412.809778482479,9673.181953456893,0.7006498781478473,-0.8302555682856183,0.557382894723838,0.9986295347390608,-0.0523359565389512,1.0,1.0,1.0
1637957746.0,2.5,1.048952,340.0,2560.0,760.75008,23851.036,23852.152,23984.748,24013.625,24061.701,24098.987,24122.466,24123.204,24131.149,0.7010560519902518,-0.8296064619697044,0.5583485634065062,0.9967788784498236,-0.0801989244086951,0.0,0.0,0.0
1637957762.0,2.413227867451643,0.6683607567794776,190.851165178148,2599.8009586876187,602.8545551164538,11857.465393380904,11421.510768158394,13450.928877618358,12269.81819405102,11965.169384997158,10939.86138305543,12892.008959909768,10748.919097325052,10810.626810016372,0.7014622258326564,-0.8289562324706442,0.5593134761902981,0.9941509639367364,-0.1079993560335321,1.0,1.0,1.0
1637957778.0,2.5,1.066825,350.0,2560.0,781.320192,23958.783,23949.955,24080.272,24112.86,24178.817,24193.779,24199.168,24200.787,24205.374,0.7018683996750609,-0.8283048807012824,0.5602776317205912,0.9907478405192894,-0.1357155720850217,0.0,0.0,0.0
1637957794.0,2.437679620240832,0.6280373439005632,187.70719549827712,2489.437103537428,543.5439307576462,10425.470445428542,7573.790534354302,12823.771702552993,11906.517863552872,9834.646301435203,9256.906414403402,10767.293811896583,8359.941639284865,10325.917882107102,0.7022745735174655,-0.8276524075108703,0.5612410287402911,0.9865721616238252,-0.1633259621398055,1.0,1.0,2.0
1637957810.0,2.45995869542975,0.6039421362084272,177.84033217618537,2512.93682684358,530.0006665308335,9642.127259790133,5989.069295338466,12624.89524296788,11439.616135770537,9702.465755667034,8801.090184903842,9785.52495382766,7664.391505549338,10444.270562054198,0.7026807473598701,-0.8269988138154026,0.5622036658969034,0.9816271835086317,-0.1908089950628934,1.0,2.0,1.0
1637957826.0,2.5,1.347599,360.0,2560.0,799.592448,27232.809,27241.157,27400.004,27438.419,27463.727,27495.608,27502.93,27519.42,27524.865,0.7030869212022746,-0.8263441004752492,0.5631655419232885,0.9759167619540569,-0.2181432413280527,0.0,0.0,0.0
1637957842.0,2.5009619397359373,0.5437644026333533,145.27289820115044,2692.944862033792,548.7375160666556,8299.69481627894,4202.386501573956,10115.60091749029,10231.715357159672,8410.626189497958,6817.102516450934,8239.559057542758,7181.925007178992,10752.609101750313,0.7034930950446792,-0.8256882683931731,0.5641266554931466,0.9694453499654192,-0.245307385601057,1.0,1.0,1.0
1637957858.0,2.5,0.736687,370.0,2560.0,817.532928,29325.281,29327.819,29459.456,29528.521,29579.99,29587.206,29605.262,29610.565,29612.356,0.7038992688870837,-0.8250313184324487,0.5650870053413151,0.9622179935394026,-0.2722802470048207,0.0,0.0,0.0
1637957874.0,2.510987467170727,0.4873702738062494,138.25407528139664,2805.008188057942,543.803278239837,6927.91240853188,2207.832173609366,7384.481660649268,9013.594392257532,5720.570215647247,4812.275096703315,6016.7032563838475,5990.162322551012,9889.153382089373,0.7043054427294883,-0.8243732515153552,0.5660465901195774,0.9542403285920767,-0.2990407920142088,1.0,1.0,2.0
1637957890.0,2.5066011865581865,0.45321354133457076,133.98296262819787,2802.3044369918143,530.9857203260581,6246.743189251707,816.3568553757905,6368.891400501234,7617.824669344172,4849.488480210897,4375.75305263213,4453.227384648057,5140.873443502476,9045.14408743979,0.7047116165718927,-0.8237140684998998,0.5670054085767987,0.945518575600663,-0.325568154453247,1.0,2.0,1.0
1637957906.0,2.5,1.120743,380.0,2560.0,837.87776,31159.807,31149.988,31308.864,31328.133,31431.337,31448.404,31467.782,31468.961,31471.065,0.7051177904142973,-0.8230537703114966,0.5679634593669122,0.9360595358165384,-0.3518416481983434,0.0,0.0,0.0
1637957922.0,2.4931452565445795,0.40272200915779444,120.64248106261991,2858.1765896009733,535.8770831935809,5191.1434410243,-46.75632369451705,6012.588245369445,5605.966810931153,5464.561349692063,5534.062406105233,2846.401146750526,4864.70117522988,7279.896189150448,0.7055239642567018,-0.822392357811062,0.5689207412407832,0.9258705847990798,-0.3778407868452133,1.0,1.0,1.0
1637957938.0,2.5,0.855255,390.0,2560.0,858.33728,32491.008,32468.998,32642.353,32697.659,32726.112,32754.703,32760.216,32765.18,32769.456,0.7059301380991064,-0.8217298319271401,0.569877252854502,0.914959667925462,-0.4035452961808976,0.0,0.0,0.0
1637957954.0,2.46793530850417,0.4196552217554642,134.37808681321795,2923.355633534256,569.7665598192493,7051.325759354246,3369.5936047032155,7689.514068275408,6340.784172839782,6847.048712474147,8739.476226410974,5496.003373059468,6212.675308923042,7744.896605838591,0.7063363119415109,-0.8210661935235517,0.5708329929609409,0.9033352928367452,-0.4289351334590715,1.0,1.0,2.0
1637957970.0,2.449596211911162,0.4632152722238971,158.41036580390966,2900.7163230110036,575.1295258336547,8750.592302724792,5645.7356375702,9185.859322107546,7966.287710096774,7606.324505042037,10463.226146033809,7570.98284516202,7341.493064869683,8646.21294000103,0.7067424857839155,-0.8204014435236452,0.571787960230293,0.8910065240470624,-0.4539905000168744,1.0,2.0,1.0
1637957986.0,2.5,1.150945,400.0,2560.0,882.11456,35367.355,35326.725,35590.025,35639.506,35710.947,35730.993,35741.279,35745.308,35766.425,0.7071486596263201,-0.8197355828274377,0.5727421533697,0.877982975382537,-0.4786918580239561,0.0,0.0,0.0
1637958002.0,2.436838410911011,0.5635345204144037,196.5178398706435,2746.2912246901956,561.0727253370137,9930.524916969278,7508.889759697295,11283.123916934803,10757.242986320565,8421.17803047114,12258.714842851627,9343.062844156713,9072.989620789722,10133.668663199016,0.7075548334687246,-0.8190686123114044,0.5736955711231091,0.8642748017805276,-0.503019946927783,1.0,1.0,2.0
1637958018.0,2.4480434432647225,0.5980045220353438,200.3079209201664,2664.2634732913666,565.7530526460256,9672.584583918899,7727.519587219869,11417.933254499763,10951.874080132538,8673.34778154823,12634.060095698227,9214.19348785112,9607.380420296648,10092.532280869982,0.7079610073111292,-0.8184005329118925,0.5746482121520351,0.8498926931648201,-0.5269557952096637,1.0,2.0,1.0
1637958034.0,2.5,1.200273,410.0,2560.0,902.868992,37697.34,37680.614,37873.748,37901.295,37977.174,37995.77,38023.412,38024.469,38031.839,0.7083671811535337,-0.8177313454999634,0.5756000752143969,0.8348478633120493,-0.550480740011225,0.0,0.0,0.0
1637958050.0,2.466969842432494,0.5845128623390426,191.6618915869177,2602.651208394767,605.4198818747204,9371.232417291903,7836.244857829681,10227.11213699171,8988.487462709356,8578.722852546596,12482.365220863849,8523.122676821562,9449.894835054554,9207.216836464706,0.7087733549959383,-0.8170610510150765,0.5765511589738923,0.819152044463751,-0.573576436101464,1.0,1.0,3.0
1637958066.0,2.4680364059043516,0.5688966746805172,195.5927201364587,2594.9662949606864,616.7570014785554,9582.865644876618,8313.12976428464,9919.994206646654,8234.597735976156,8510.001891642305,12041.289144675684,8368.5770606634,9140.482292694622,8882.786946995764,0.7091795288383428,-0.8163896503311815,0.5775014621904703,0.8028174752241105,-0.5962248749211867,1.0,2.0,2.0
1637958082.0,2.461776192624084,0.5728837998013727,206.8937039546488,2608.188234514423,615.5415081554731,9980.53779800534,8941.310637347746,10133.867773769412,8408.17152465138,8858.184173777561,11507.379112946595,8357.125062287432,9274.356406411385,9104.75104187147,0.7095857026807474,-0.8157171443908448,0.5784509835300184,0.7858568933433993,-0.6184083951440675,1.0,3.0,1.0
1637958098.0,2.5,1.024621,420.0,2560.0,926.142464,41438.891,41447.755,41627.04,41663.04,41739.365,41759.708,41779.933,41783.023,41790.448,0.7099918765231519,-0.8150435340793307,0.5793997217426626,0.7682835236078099,-0.6401096994678082,0.0,0.0,0.0
1637958114.0,2.45339508419852,0.6600891619850597,234.60410297121447,2648.529798413013,589.5687118883889,11196.315491853053,11104.017952084381,12702.987752372585,11147.11654297869,11778.763430405928,12701.370232237747,9366.81041158404,11375.19821935796,10281.519982500944,0.7103980503655565,-0.8143688203170137,0.5803476755320688,0.7501110697882739,-0.6613118651446466,1.0,1.0,2.0
1637958130.0,2.4562702618295496,0.7046699685759777,238.5178545427656,2664.8591264012707,582.0664502264831,11817.428297586905,12192.104164193484,13770.912061560606,12046.593079971153,12936.415007778123,14144.82255566554,10127.426873757118,12390.270054167688,10669.154160997115,0.710804224207961,-0.8136930040173586,0.5812948436148448,0.7313537016118706,-0.6819983600703265,1.0,2.0,1.0
1637958146.0,2.5,1.143118,430.0,2560.0,949.317632,42526.768,42512.318,42703.823,42755.691,42860.286,42875.188,42914.458,42915.153,42918.775,0.7112103980503656,-0.813016086103795,0.5822412246968316,0.7120260461353702,-0.7021530528487586,0.0,0.0,0.0
1637958162.0,2.4580980520646274,0.7118835930758487,231.0970267059991,2641.760184614415,584.5212610512278,11781.698696281743,12966.71667879579,13914.437382959053,10621.73603801409,12430.246928337578,15089.622449472981,11748.417914405234,12323.285612079588,10603.368043988547,0.7116165718927701,-0.812338067467354,0.5831868175322591,0.692143173838847,-0.721760228128627,1.0,1.0,2.0
1637958178.0,2.44805271405142,0.6728850604162087,221.7745406108871,2652.3979978821635,587.2926787271681,11015.14513135541,12020.916439614153,13071.19803144012,8972.611649225266,11257.487694319516,13926.081485577914,11803.871228120504,11202.877650432361,10449.620714350542,0.7120227457351747,-0.8116589490598927,0.5841316207936277,0.671720589450848,-0.7408045961708156,1.0,2.0,1.0
1637958194.0,2.5,1.113727,440.0,2560.0,973.709312,45752.216,45744.485,45903.452,45950.619,46006.138,46061.769,46073.162,46077.087,46084.37,0.7124289195775793,-0.8109787317668655,0.5850756332490752,0.6507742172075779,-0.7592713073848268,0.0,0.0,0.0
1637958210.0,2.426619324960044,0.6208596300991267,216.87462130530758,2763.5044861061606,589.248508934766,10674.159273122317,10042.63964961447,11626.547919102937,7638.59205327058,11625.153654662074,11821.26025783705,11191.779566734429,10174.919201090543,10431.108629774957,0.7128350934199837,-0.8102974165346889,0.586018853585112,0.6293203907964174,-0.7771459616621863,1.0,1.0,3.0
1637958226.0,2.4265029642494444,0.6311351556238851,223.96081516906386,2808.5450127673025,593.7410683241859,11339.11657112286,10210.023175166913,11683.467369138727,8073.122130686071,13025.357081256512,12363.741492579698,11083.370825158421,10623.27638645464,10780.941984122448,0.7132412672623883,-0.8096150042772645,0.5869612805365657,0.607375840006011,-0.7944146203192591,1.0,2.0,2.0
1637958242.0,2.4325455431682337,0.6509840432049704,229.81146042751735,2845.3024860495725,592.2686142178451,11560.558679316171,10457.030387611867,11826.974621360772,8294.323977982454,13613.228432367578,13230.530868856735,11014.193694243873,10978.861963834184,10787.67072227396,0.7136474411047928,-0.8089314959184797,0.5879029128275268,0.5849576750736328,-0.8110638189270005,1.0,3.0,1.0
1637958258.0,2.5,1.162028,450.0,2560.0,999.333888,47242.697,47238.919,47412.2,47457.95,47531.197,47557.095,47580.864,47586.856,47590.247,0.7140536149471974,-0.8082468923922745,0.5888437491714003,0.5620833781191681,-0.8270805740930833,0.0,0.0,0.0
1637958274.0,2.453578984176465,0.7352938135270339,254.2895604481227,2766.500721043256,568.7892547685407,11575.131732589678,11309.430843692011,13669.22568646153,9454.74567667513,14034.783113077017,15841.833442740219,11677.926807581838,11674.23370611665,10246.568958640284,0.7144597887896019,-0.8075611945997966,0.5897837883297145,0.5387707850688048,-0.8424523969675342,1.0,1.0,3.0
1637958290.0,2.456111389450673,0.7736931038108844,262.68534824057946,2715.465895480974,559.8601110364104,11677.406703965955,11832.332856481844,14610.051022754558,10047.170306989407,14078.19627344907,16535.330658175935,12094.671469845212,11876.010854021833,10375.52528727292,0.7148659626320065,-0.8068744035036838,0.5907230289827665,0.5150380751584999,-0.8571673005528311,1.0,2.0,2.0
1637958306.0,2.4527840230297113,0.7945235011085101,263.22263260278413,2738.792310461608,561.1682575104223,12043.15295695667,12470.30704028952,15257.480732679507,10757.956353221922,14242.80923218204,16770.98448215099,12227.498857282315,12215.805690731499,10960.335657585172,0.715272136474411,-0.8061865199993945,0.591661469905947,0.4909037536504276,-0.8712138111003064,1.0,3.0,1.0
1637958322.0,2.5,1.169124,460.0,2560.0,1024.26624,51154.876,51161.522,51328.057,51392.627,51489.944,51502.531,51523.257,51532.888,51540.575,0.7156783103168156,-0.8054975450526352,0.5925991097817968,0.4663866405670714,-0.8845809750953054,0.0,0.0,0.0
1637958338.0,2.4362504033334567,0.7123802165278823,227.44600187442018,2980.886488969314,588.3225553705031,11948.147883342228,12072.059592521233,13174.888540745607,10933.806548841898,12887.76043129711,15361.969607791078,11278.016397122616,11720.758259016862,11246.693033063866,0.7160844841592201,-0.8048074795617115,0.5935359473877934,0.4415058527984571,-0.8972583696710258,1.0,1.0,3.0
1637958354.0,2.4429772227107254,0.6126902572614964,195.10500895122135,3068.3102549276273,596.4940131644435,10170.586745942375,9829.186981334151,11080.283049159929,9465.084551393664,10393.236587829175,12837.547836307906,9876.087406533734,9627.351591232917,10105.817511389752,0.7164906580016247,-0.8041163244953932,0.5944719814087285,0.4162807924638881,-0.9092361089539048,1.0,2.0,2.0
1637958370.0,2.4456932107116223,0.510693831035854,166.23542739694997,3063.987141159112,598.9995333144863,7916.747223950785,7101.051296511079,9463.179481756633,7416.000562305002,7993.315701965457,10450.2040105494,8551.540231688305,7283.157820888666,9074.237515491575,0.7168968318440292,-0.8034240807548284,0.5954072106241736,0.3907311284657622,-0.9205048534624204,1.0,3.0,1.0
1637958386.0,2.5,0.839676,470.0,2560.0,1051.226112,52687.836,52652.595,52896.999,52927.713,53010.665,53022.618,53049.586,53054.052,53056.876,0.7173030056864338,-0.8027307493118448,0.5963416337211783,0.3648767845152439,-0.931055815792918,0.0,0.0,0.0
1637958402.0,2.435942563864913,0.4274256664894334,141.13322695043263,2932.0063534181804,614.4851209594233,5370.996425097632,4918.475008969424,9369.085095056489,5500.711193691999,7410.834770172587,9016.158523603364,8157.188902430999,5569.2960034015905,9154.66886120063,0.7177091795288384,-0.80203633107912,0.5972752494697434,0.338737920190189,-0.9408807689740636,1.0,1.0,3.0
1637958418.0,2.4214077328306116,0.46427250783330853,145.14732021813631,2900.647910985452,630.8000383212636,6194.53344907328,6314.961832129071,10662.098061290619,6619.867027999875,8953.168691001694,10289.742569708342,9521.661373074781,6693.588315056302,9817.676338752844,0.7181153533712429,-0.8013408270141648,0.5982080565825358,0.3123349186620952,-0.9499720514753802,1.0,2.0,2.0
1637958434.0,2.406885627096682,0.523234367133638,157.17339700720007,2914.7756360257144,647.6208395325888,7925.556216469212,8821.536408592987,12310.25590211804,8840.398304775315,10952.14685203904,12513.176225021394,11502.522946463838,8511.629502302421,10545.816266762076,0.7185215272136475,-0.8006442380324756,0.5991400538316534,0.2856883673172035,-0.9583225744912988,1.0,3.0,1.0
1637958450.0,2.5,0.993664,480.0,2560.0,1077.211136,55894.836,55908.912,56082.702,56147.892,56187.404,56251.635,56263.133,56266.558,56273.92,0.718927701056052,-0.7999465650945162,0.6000712399319642,0.2588190447732085,-0.9659258263773072,0.0,0.0,0.0
1637958466.0,2.403548919388744,0.615005386395495,181.4713980296303,3006.6830208894144,640.0949784485044,10878.779426680092,11054.763196800279,12344.746098931566,11033.411793323816,11386.076999707202,13804.792182508858,13300.297166801252,10206.863659484106,10202.125209437145,0.7193338748984566,-0.7992478091623259,0.6010016135995163,0.231747903825924,-0.9727758781303586,1.0,1.0,3.0
1637958482.0,2.422638350451857,0.6307590857077443,191.66785673763715,2986.659283080406,612.3303385255771,10323.459072513979,10083.172612779135,11963.584699069583,10323.259988374484,10464.758747175876,12959.941977476725,12342.748139478299,9749.142781078524,9292.363875182156,0.7197400487408611,-0.7985479711469632,0.6019311736212613,0.2044960519315619,-0.9788673887429308,1.0,2.0,2.0
1637958498.0,2.439373671446521,0.6382520742303645,199.12821063414182,2945.3212203762314,588.8378040700587,8933.580137662892,9127.413716444393,12027.291981935776,9270.08688342874,10253.048550799875,12203.158065971144,11263.74382543112,9347.241703282823,8889.899830419277,0.7201462225832657,-0.7978470520309171,0.6028599186922075,0.1770847406227441,-0.9841956079146948,1.0,3.0,1.0
1637958514.0,2.5,1.182307,490.0,2560.0,1105.645568,58555.257,58550.991,58754.917,58787.193,58874.478,58923.53,58953.396,58960.267,58966.126,0.7205523964256701,-0.7971450527368531,0.60378784758983,0.1495353435017367,-0.98875638103823,0.0,0.0,0.0
1637958530.0,2.438758909013061,0.7166837058072543,223.09847402205347,2879.3990460021646,586.6337785788685,8741.080586269882,11398.13565093256,14070.24989874728,8902.584858971735,12959.032240495788,14056.685361781736,12650.34175513302,11434.127482101085,10508.188617780372,0.7209585702680747,-0.7964419742239355,0.6047149590462271,0.1218693436781041,-0.9925461516078072,1.0,1.0,4.0
1637958546.0,2.4281497097678795,0.7599935367382703,240.69069537343552,2818.6921975778814,607.5906006077157,10273.393841316129,13788.696782689825,15506.624173855607,9866.893713018335,14722.911343151338,16446.866440264424,14560.92373372926,13073.39813444681,11584.974457534208,0.7213647441104792,-0.7957378174440306,0.6056412518062244,0.0941083133440649,-0.9955619646006648,1.0,2.0,3.0
1637958562.0,2.4211286927260662,0.7848853327133819,252.08317142484069,2757.057551167294,620.4004097769789,11532.32161793151,14946.511838398983,16142.776787239049,10994.213085713833,15285.048849766888,17791.575774228622,15880.181094884614,13792.25591676417,11867.152084617865,0.7217709179528838,-0.7950325833592916,0.6065667246041865,0.066273900641452,-0.9978014682760128,1.0,3.0,2.0
1637958578.0,2.4313307176094994,0.77295558658275,247.91570442142938,2693.053191770313,616.6938342269917,11442.118285921619,13573.003008572421,15589.334631939244,11527.86376319992,14368.038770502864,17093.415002652444,15435.42177255945,13267.262568403561,11333.323677997134,0.7221770917952883,-0.7943262728980229,0.6074913762218651,0.0383878090801673,-0.9992629164109036,1.0,4.0,1.0
1637958594.0,2.5,1.12271,500.0,2560.0,1133.428736,62493.92,62447.304,62740.055,62797.134,62867.672,62901.36,62914.431,62920.86,62968.548,0.7225832656376929,-0.7936188870518003,0.6084152053611595,0.0104717843251957,-0.999945169363324,0.0,0.0,0.0
1637958610.0,2.476303409628246,0.7147964774407255,227.84757905775732,2564.4050836606184,610.6625282954154,10396.98641445709,10373.68224977405,14534.467117340131,12017.198530988131,13619.591318113666,15308.404774899489,13492.812753778158,12199.773068594877,11199.062117281412,0.7229894394800975,-0.7929104267429341,0.6093382108175542,-0.0174524064776579,-0.9998476951556864,1.0,1.0,3.0
1637958626.0,2.4932652832696904,0.6948213602885883,218.3163375422591,2581.2442288449192,618.1034100542853,10245.78251833591,10095.471060171441,14069.1643582266,11840.91808981933,13932.640871596044,14908.847437062741,13173.446620052526,12148.536937265078,11678.094679207708,0.723395613322502,-0.7922008929660181,0.6102603912952597,-0.045362987953496,-0.9989705697986958,1.0,2.0,2.0
1637958642.0,2.499301693414061,0.6927378998923369,215.28706695957956,2640.510124914876,625.4767471631013,10729.578386160529,10707.891680123153,13807.997578967392,11765.34539735131,14186.490196750263,14685.762481659372,13475.673776003161,12237.871412704335,12397.69728834128,0.7238017871649066,-0.7914902866461635,0.6111817455919099,-0.0732381972008376,-0.9973144772190822,1.0,3.0,1.0
1637958658.0,2.5,1.170644,510.0,2560.0,1163.231232,64140.779,64122.0,64335.049,64382.65,64447.402,64515.792,64531.216,64538.951,64552.802,0.7242079610073111,-0.7907786087809765,0.6121022724140331,-0.1010562970407617,-0.9948807088432308,0.0,0.0,0.0
1637958674.0,2.4774832670485636,0.7120723123575735,231.95200967775187,2714.2262323556743,608.032054288713,11885.7738973393,11995.06882395158,13426.999882754848,11779.580899680504,13273.67905267906,13695.517393908187,14586.703891511932,12004.177989777512,13477.174313561147,0.7246141348497157,-0.7900658603072844,0.6130219705499228,-0.128795596683102,-0.9916711623693832,1.0,1.0,25.0
1637958690.0,2.4613134287922915,0.7129693747577,239.74864316588094,2711.1998345180073,582.3677308316197,11609.576599336116,11532.052693908523,13175.46119464384,11617.117151416573,12593.239419147034,13244.628274824674,14331.281127247275,11650.072813692479,13658.419009604684,0.7250203086921202,-0.7893520421900052,0.6139408387544099,-0.1564344653916183,-0.9876883405394834,1.0,2.0,24.0
1637958706.0,2.4463351157525226,0.7121229937821583,241.03040608276055,2719.080116909673,567.9450483183819,11459.231553810401,10880.649117906782,13268.880689883556,11410.883027501945,12639.449290845121,13399.451744025906,14126.286640147115,11742.19713324491,13723.11279094464,0.7254264825345248,-0.788637155422347,0.61485887574902,-0.1839513502920737,-0.9829353492095616,1.0,3.0,23.0
1637958722.0,2.437017904621514,0.7004461215352389,232.4399555384923,2754.9825682253154,572.2541422678992,11441.052498216024,10123.001699053842,13180.704035673292,10789.357478428341,12873.554530314212,13637.879583179429,14341.930742502847,12129.400427728122,13539.312599458572,0.7258326563769293,-0.7879212009364004,0.6157760803367898,-0.2113247963802535,-0.9774158943023408,1.0,4.0,22.0
1637958738.0,2.429503914378328,0.6694295636797722,215.33491128327157,2824.110673871834,594.9330264412043,11488.237546689103,9574.587997848568,12412.306595055827,9658.176404664584,12791.378099958489,13783.8307550552,14709.064375403625,12388.613739079183,13278.275354117968,0.7262388302193339,-0.7872041797372799,0.6166924512300733,-0.2385334572938535,-0.9711342799795718,1.0,5.0,21.0
1637958754.0,2.4289866538308176,0.6302152172615981,201.11115274131703,2851.1350283743495,622.8196448741403,11267.846444979237,9618.700079547314,11415.339632717962,8405.754484283698,12502.812883789697,13805.421307076245,14935.362428547036,12258.351123164786,13191.18683280404,0.7266450040617384,-0.7864860927598587,0.6176079872340794,-0.2655561174445345,-0.9640954042457544,1.0,6.0,20.0
1637958770.0,2.437740320981108,0.6016029831667439,195.13883112459328,2806.785617194602,641.3986511998539,10564.424403691126,9870.027852149718,10829.480100846973,7418.92635567079,12083.54725134346,13308.165212002603,14773.689197607335,11515.900142057742,13171.782230060198,0.727051177904143,-0.7857669410122456,0.6185226870635047,-0.2923717044739368,-0.9563047560391011,1.0,7.0,19.0
1637958786.0,2.434384084695869,0.5909421597250507,198.0133355250455,2728.767670456649,648.8205356914372,9812.078056790036,10264.030792950329,10753.940132874308,7260.589812014232,12153.141188474667,13012.24260126901,14325.74743987626,10811.456451089321,13636.614428294553,0.7274573517465476,-0.7850467254411055,0.6194365495143126,-0.3189593092878093,-0.9477684100130388,1.0,8.0,18.0
1637958802.0,2.4279994384230497,0.5999638843361681,205.48712025896464,2631.5963460321373,646.5349985452303,9506.503387701578,10817.673381883209,11415.519397857535,8288.916236515326,13273.956016069023,13765.250217327532,13864.006767336221,10652.160935896365,14445.605163866301,0.7278635255889521,-0.7843254470304933,0.6203495733378211,-0.3452981987853602,-0.9384930228379889,1.0,9.0,17.0
1637958818.0,2.423788245253571,0.6196025127338359,209.43059729790664,2556.124629425306,641.6815766988516,9981.823764332577,11884.330761027826,12165.400102474374,9598.961388331958,14838.146061841924,15254.915641297626,14029.5181829128,11031.900282430255,15083.733658754078,0.7282696994313567,-0.7836031067569156,0.6212617572979283,-0.3713678355708439,-0.9284858268726704,1.0,10.0,16.0
1637958834.0,2.429419807545402,0.6354448956517884,206.50112767509108,2530.536959547567,641.4534489511257,11359.006245239223,13015.680769257442,13203.78810349332,10622.905613557736,16208.114060485024,17091.024360257226,14682.648055704678,11312.927833358515,15425.859633890175,0.7286758732737612,-0.7828797056073699,0.622173100148277,-0.3971478904566234,-0.9177546257610768,1.0,11.0,15.0
1637958850.0,2.4400902362829524,0.633597331395253,198.565259939326,2509.389974574189,643.9943521804075,12960.806949449121,13735.384112474492,13809.206978286988,10870.325858070097,16407.189233429304,18109.788497495076,15478.90375308868,10963.969993992061,15059.370793850247,0.7290820471161658,-0.7821552445340753,0.6230836006892181,-0.4226182617907448,-0.9063077870133134,1.0,12.0,14.0
1637958866.0,2.4451848684494135,0.6163453454346861,194.44549333300503,2480.0197807002005,643.9342887077245,14117.327801486304,14146.671757166107,13977.591625477466,10980.852910535696,15800.017556969657,18212.577296645846,15928.159486728604,10261.54187867734,14437.235134060706,0.7294882209585702,-0.7814297245540887,0.6239932576425173,-0.4477590876947211,-0.8941542369115023,1.0,13.0,13.0
1637958882.0,2.4441458353365313,0.6106129824400949,200.75240672738994,2469.8341783016326,639.4567986999044,14970.030178391982,14642.403152094354,14429.673616087184,11782.095301648675,15604.14154327169,17944.66651919689,16380.985685897887,10240.527613272468,14120.004560701476,0.7298943948009748,-0.7807031466133644,0.6249020698221376,-0.4725507649468216,-0.8813034520232936,1.0,14.0,12.0
1637958898.0,2.447230716047644,0.6046776093529187,207.72885569035182,2481.09430194487,628.2602053605613,14566.118270905685,14489.786800502232,14391.73390539261,12369.846884223953,15395.042461804816,16782.172032190487,15951.718535929556,10456.42463051199,13821.465133181719,0.7303005686433793,-0.7799755117319311,0.6258100359522146,-0.4969739609164139,-0.8677654534325797,1.0,15.0,11.0
1637958914.0,2.4536341153946952,0.6166557706414878,213.08446193428057,2504.0421885674273,620.2984345867217,14078.70893316359,14209.150838148773,14163.027552131263,13148.914320843462,15701.265796093483,16017.013054685836,15288.014068071574,11086.671104131241,13581.573845886507,0.7307067424857839,-0.7792468208585006,0.6267171548489158,-0.5210096319440815,-0.8535507972121477,1.0,16.0,10.0
1637958930.0,2.461193155316204,0.6393503692590385,214.65474537681848,2555.0730993702737,621.0736301188726,13704.758793936302,13826.643167633094,13937.640985330654,13692.310739996221,16081.104529517192,16043.149898610187,14804.60881902028,11699.538657616538,13030.434738048916,0.7311129163281884,-0.7785170750069348,0.6276234252500831,-0.5446390353258435,-0.8386705677435775,1.0,17.0,9.0
1637958946.0,2.468239058956528,0.6576453563045178,211.31915043225143,2596.909716315066,624.1456648334303,13076.989819102058,12958.03060396386,13506.638001710122,13473.970551043081,15652.843621295002,16143.075128310285,14340.661515478945,11859.713741779458,12189.156592365436,0.731519090170593,-0.7777862751560972,0.6285288459401079,-0.5678437447967976,-0.8231363687112541,1.0,18.0,8.0
1637958962.0,2.4722117849320644,0.6697432979321234,210.24278118027507,2590.7197275744193,628.0305471287666,12724.184218163424,12474.912415024051,13496.79323488252,12835.287260745625,15103.212017469314,16231.370996574396,14648.483211090506,11805.231877067545,11662.184249466212,0.7319252640129975,-0.7770544222953847,0.6294334156931819,-0.5906056675698674,-0.8069603121804388,1.0,19.0,7.0
1637958978.0,2.4643303824845235,0.6826937468613193,215.7972899415703,2542.476430327747,633.2333581529315,13182.262607096069,13083.111005266604,14233.807759277734,12448.858759322558,15134.820889851388,16544.229659238572,15777.804084930247,11772.329803443306,11901.551674136459,0.7323314378554021,-0.7763215174247927,0.6303371332733517,-0.6129070534330352,-0.7901550125462943,1.0,20.0,6.0
1637958994.0,2.4407772615024554,0.6973033992205735,227.40061239521515,2487.2357252067773,637.4747683174796,14448.31739632581,14362.883893813803,15578.162591442577,12948.300897579255,15993.447473331344,17283.53121453249,17357.049293396758,12121.870202398668,12951.772629153089,0.7327376116978067,-0.7755875615090504,0.6312399974910058,-0.6347305131798505,-0.7727335735157647,1.0,21.0,5.0
1637959010.0,2.413022218137606,0.7317571222333716,245.57561741151824,2469.599677793785,641.8385208833533,16735.41466815974,16654.835137108672,17433.09273584864,14863.20182431475,18179.625653829917,18842.7703231288,19510.401250328883,13191.451465877464,14577.144559658575,0.7331437855402112,-0.7748525555785443,0.6321420070786302,-0.6560590288053547,-0.7547095803837227,1.0,22.0,4.0
1637959026.0,2.3887193619378055,0.7713613790876572,264.1447616693505,2475.4853822308196,645.0114926276461,19218.396391259528,19142.562070445605,19096.023595538863,17328.687547163514,20688.33590253375,21030.001760656396,21694.87489543816,14512.592551839121,16342.095674745839,0.7335499593826158,-0.7741165005915966,0.6330431608601585,-0.6768759696856143,-0.7360970871170184,1.0,23.0,3.0
1637959042.0,2.3767580730905475,0.8045462179232374,277.21847614577706,2485.5966443103457,645.6697613174838,20782.481267437568,20816.31911742671,20146.341268354707,19277.199630165407,22130.583609549954,22997.107713478712,23258.704422721414,15245.48038834952,17357.000667893404,0.7339561332250203,-0.7733793975815411,0.6339434575704782,-0.6971651027023594,-0.7169106077984958,1.0,24.0,2.0
1637959058.0,2.3803185134341027,0.8063755365114296,279.52640220742944,2454.4126332898586,635.3450408710802,20206.61593830635,20569.31375242766,19872.794014513016,19241.66480957825,21288.01517774634,23250.342736194038,23016.135117585847,14664.766500595535,17031.396656988265,0.7343623070674249,-0.7726412475094339,0.634842896035756,-0.7169106076763022,-0.6971651028280138,1.0,25.0,1.0
1637959074.0,2.5,1.182902,550.0,2560.0,1294.303232,98521.521,98517.339,98727.106,98780.238,98855.355,98897.029,98931.655,98959.368,98977.808,0.7347684809098294,-0.7719020514115499,0.6357414749932877,-0.7360970869983811,-0.6768759698146315,0.0,0.0,0.0
1637959090.0,2.414013769312537,0.7266192794851107,252.1221298704309,2283.117881936113,605.6900390695645,14499.305376110722,16308.451961965877,16423.59476106764,15313.226111830196,16250.599857685149,19585.57819521684,18858.57041134413,11506.220237777408,14830.915263466863,0.735174654752234,-0.7711618102609389,0.6366391932602576,-0.7547095802687338,-0.6560590289376342,1.0,1.0,5.0
1637959106.0,2.4239380935967265,0.68048424649018,236.1377062280033,2245.249467311143,607.443117597457,12053.884432181261,14938.68344032864,14711.870908990371,13549.227977376186,14848.838086519747,17841.540865947045,17037.159334488515,10797.711637396751,13739.671310935355,0.7355808285946385,-0.7704205250690184,0.6375360496100421,-0.7727335734045142,-0.6347305133152891,1.0,2.0,4.0
1637959122.0,2.429199282672482,0.6315097443199948,218.16886537523806,2314.040446389438,624.4964560630558,10362.687204337279,14035.64272151225,12645.417811986374,12027.359991234665,14180.47250950865,16430.847526252022,15207.1160583703,10644.36993694976,12544.590722819798,0.7359870024370431,-0.769678196839381,0.6384320428284276,-0.7901550124388689,-0.6129070535715273,1.0,3.0,3.0
1637959138.0,2.433154348328112,0.5887054893348805,203.99690480338262,2424.8600661760843,642.9477044284313,9603.68561216218,13589.347516451397,10695.610051580032,11242.848032098953,13768.535575925906,15402.36934345171,13565.232553026799,10628.260817089344,11526.168631871396,0.7363931762794476,-0.7689348265863349,0.6393271716911796,-0.8069603120769222,-0.590605667711305,1.0,4.0,2.0
1637959154.0,2.441881295872637,0.5507209613968237,192.10015444717945,2522.2721322618063,645.7627355489873,9194.72614826752,12711.2943502517,8902.467301438252,10654.686294463838,12698.045460472487,14204.667256116905,12140.325551959328,10378.102110810747,10344.205055821822,0.7367993501218522,-0.7681904152883856,0.640221435019992,-0.8231363683473041,-0.567843745324373,1.0,5.0,1.0
1637959170.0,2.5,0.998384,560.0,2560.0,1326.129152,81110.428,81100.31,81339.102,81375.046,81455.006,81495.648,81511.147,81528.971,81550.38,0.7372055239642566,-0.7674449639719386,0.641114831581761,-0.8386705679017349,-0.5446390350823025,0.0,0.0,0.0
1637959186.0,2.4626420065512997,0.5443824565035381,198.06375029692057,2518.8587829156368,604.5085481792537,7915.086184111437,11111.596483096018,8854.752938498004,10172.727208810407,10865.442457077781,13296.68585590761,11327.95119782924,9679.949196221854,9304.271759025056,0.7376116978066612,-0.7666984736649122,0.6420073601446434,-0.8535507971208293,-0.521009632093685,1.0,1.0,37.0
1637959202.0,2.4683669464627545,0.6008660006590406,209.51479464888772,2462.279599081804,590.7301459455192,8390.823514383981,11831.624360977119,10772.026606264233,11215.40844223685,11697.34857200853,14567.601695555037,12782.821370959084,10671.949379476198,10216.557299470585,0.7380178716490658,-0.7659509453499574,0.6428990195337884,-0.8677654533454742,-0.4969739610685088,1.0,2.0,36.0
1637959218.0,2.4657188502305987,0.6853276167713743,224.7442140201093,2429.2786022058494,593.6273201795539,10133.346688498543,14163.608679365416,13237.542869383604,13078.27492521797,13764.073216056317,16975.915540404378,15284.311446233212,12579.101123723096,11675.643894331253,0.7384240454914703,-0.765202380048449,0.6437898085308504,-0.8813034519404687,-0.4725507651012894,1.0,3.0,35.0
1637959234.0,2.4585735764469305,0.7656966604494472,241.24865661272705,2420.1731204414727,614.8354626762455,12810.642358010513,17397.56319864483,15378.51664748639,15626.40781987691,16177.798019167109,19825.024491685534,18054.75346854782,14704.167164253828,13084.37833786974,0.7388302193338749,-0.7644527787738356,0.6446797259298305,-0.8941542368330226,-0.4477590878514413,1.0,4.0,34.0
1637959250.0,2.445630994215346,0.7981998181271859,251.4022379098454,2448.711042877031,633.99425489686,14693.483520044387,19241.766220674243,15941.59573547584,17456.005148531127,17270.866685300487,21097.841947028282,19527.471169271055,15601.07316642574,13718.726099774041,0.7392363931762794,-0.763702142550363,0.6455687705147959,-0.9063077869392404,-0.4226182619495952,1.0,5.0,33.0
1637959266.0,2.4282070617449003,0.7713460810471758,252.2585977216189,2452.4076828271327,631.5948411737915,14421.200628403432,18320.014030889484,14625.41229369351,17232.368952138084,16247.695765022447,19671.792410415586,18719.022329781685,14680.213311215719,12941.221025956012,0.739642567018684,-0.762950472366101,0.6464569411154492,-0.9177546256914676,-0.3971478906174801,1.0,6.0,32.0
1637959282.0,2.4184446766017262,0.7057096665402207,244.8759884667875,2424.821921337729,610.9030497532924,12700.120388499721,15612.950006155854,12651.679631014893,15729.426950359288,14536.58151481031,16784.110491302898,16459.93533843901,12857.586596445213,11481.776928156723,0.7400487408610885,-0.7621977692763051,0.6473442364849047,-0.92848582680758,-0.3713678357335815,1.0,7.0,31.0
1637959298.0,2.4218521665898467,0.6548140753135955,232.89267117284217,2382.075596124927,588.374206532151,10756.219075552755,12747.476578309128,11415.459785019153,14081.761469132227,13568.256231147883,14219.515308006907,14136.246286436175,11405.64493284352,10212.998998991383,0.7404549147034931,-0.7614440342623717,0.6482306554662809,-0.9384930227774676,-0.3452981989498517,1.0,8.0,30.0
1637959314.0,2.429677204064274,0.6512516581904326,224.41203720365996,2367.1325662778054,581.3417285605426,9947.366271958887,11857.649331446612,11875.26874231989,13245.124581770571,14263.21756581863,13635.316798432112,13324.999635174827,11158.419774904174,10056.650634108439,0.7408610885458976,-0.7606892683824547,0.649116196815151,-0.9477684099571342,-0.3189593094539266,1.0,9.0,29.0
1637959330.0,2.432438770495587,0.6944837961683764,224.97044004907065,2387.7152964372467,589.946238427131,10618.784195808434,13373.158934738993,13906.53142331549,13464.036422406578,16058.433528767117,15034.139669035218,14320.949863920596,12163.426429448133,10719.73617989335,0.7412672623883022,-0.75993347262064,0.6500008593769203,-0.9563047559878568,-0.2923717046415502,1.0,10.0,28.0
1637959346.0,2.429717953225574,0.7597320599286169,234.1617685487756,2400.855611652336,605.3673744982088,12509.207970835298,16402.053501555623,16457.576820208928,14524.961056173432,18107.8348864134,17717.116157123102,16340.181206124702,13712.971600782568,11648.824048659484,0.7416734362307067,-0.7591766480379749,0.650884641909628,-0.9640954041992098,-0.2655561176135135,1.0,11.0,27.0
1637959362.0,2.4221416407356937,0.810923901086346,249.39866863517267,2439.570584983268,613.1655868277253,14385.691359690976,19105.804670896294,18442.842945521574,15917.95118266396,19503.980412524485,20427.982802336675,18308.538795240467,15119.15082392871,12012.562532469712,0.7420796100731113,-0.7584187956307139,0.6517675432499362,-0.9711342799377636,-0.2385334574640661,1.0,12.0,26.0
1637959378.0,2.411797628290221,0.8166142033569337,254.26033120959738,2484.72115007716,599.6474096964167,13943.820118934975,19312.783888724058,18362.091178437884,16112.332227159122,18573.387135720528,20670.740052606372,18035.732250477282,14900.971185843815,11296.693257749765,0.7424857839155159,-0.7576599164343379,0.6526495621914659,-0.9774158941668956,-0.2113247970067119,1.0,13.0,25.0
1637959394.0,2.4085762590388358,0.7889405339662576,248.06585050194153,2492.1310195726774,572.8566392620578,11855.366459835299,17227.11291288941,16697.24853810952,15245.631159362198,16455.34357379872,18924.71255959683,16015.596949829165,13784.254316796589,9947.20640693689,0.7428919577579204,-0.7569000114762595,0.6535306975400913,-0.982935349091661,-0.1839513509220697,1.0,14.0,24.0
1637959410.0,2.4181020452454627,0.7459863261900729,234.35149502276306,2480.5046493268883,553.104532951697,9638.952376448702,14506.455689091434,14576.76906698009,13987.763943753997,14710.90838421571,16513.420357928037,13828.515946679696,12511.263128085271,8609.907494261988,0.743298131600325,-0.7561390817757568,0.6544109481138861,-0.9876883405849104,-0.1564344651048042,1.0,15.0,23.0
1637959426.0,2.4354324590957273,0.6911866596279069,213.6703197904905,2484.749098892477,551.3714042301268,7783.374408819151,12015.817796822876,12363.729235895695,12159.387885017019,13337.697515623691,14102.098279034464,11881.945490277383,11062.000433353354,7701.426231187574,0.7437043054427295,-0.7553771283915872,0.6552903126881089,-0.991671162346809,-0.1287955968569142,1.0,16.0,22.0
1637959442.0,2.4512040765256917,0.6490442433770971,198.90111988953353,2505.5592862016006,561.2245322323338,6709.887534134872,10703.420861032066,10884.355108513613,10503.546473047827,12408.143393080627,12480.634199477892,11044.683014095343,9922.691030073465,7246.066002059224,0.7441104792851341,-0.7546141523172079,0.6561687901162183,-0.9948807088255184,-0.1010562972151364,1.0,17.0,21.0
1637959458.0,2.4521824088982975,0.6344669408633226,198.56807835743726,2531.5914417162726,575.3627801678766,6759.569069441024,10909.940372737035,10378.510213991616,10016.120919882527,12097.901381894842,11979.639581199917,11366.267701535562,9428.09577113916,7337.436813772247,0.7445166531275386,-0.7538501546237462,0.6570463791649369,-0.9973144772062456,-0.0732381973756389,1.0,18.0,20.0
1637959474.0,2.439636989988834,0.6499508803835046,210.92702731918249,2549.315290444891,580.5614813606962,7461.796603213963,11541.706214579586,10396.792514011251,10810.8771738963,12257.066207709362,12137.374918785146,12037.205849871236,9453.12941897085,7542.029487694552,0.7449228269699432,-0.7530851363073247,0.6579230786900382,-0.9989705697907448,-0.0453629881285876,1.0,19.0,19.0
1637959490.0,2.4321699529315066,0.6840456978578825,227.22253877379592,2534.8852625468794,577.0139905323699,8297.982658046316,12047.668380047424,10771.749236684615,12534.148139519324,12698.741118238566,12862.783409752106,12518.840730839354,9943.47982850294,7676.660013748142,0.7453290008123477,-0.752319098441938,0.6587988874607407,-0.9998476951526276,-0.0174524066529032,1.0,20.0,18.0
1637959506.0,2.432141541319043,0.7124628212065777,233.545450563686,2525.6918029818194,568.2568389609695,9074.979156423145,12030.330716040466,11017.589184546217,14036.787827733271,13098.207117593533,13584.409722709614,12436.601570733355,10486.508986358516,7705.674753978081,0.7457351746547523,-0.7515520420359681,0.6596738043242025,-0.9999451693651592,0.0104717841499333,1.0,21.0,17.0
1637959522.0,2.443986152204446,0.726378966347262,226.8766999125399,2548.0159914145793,565.9403710528143,10079.163039278548,11954.190696310252,10932.883356578914,14624.917420586002,13549.340559982236,14056.933358227838,12137.064922135083,10843.380468795556,7765.523348177631,0.7461413484971567,-0.7507839681374725,0.6605478280849546,-0.999262916417632,0.0383878089050245,1.0,22.0,16.0
1637959538.0,2.4609334322881233,0.7191354449022829,211.6437893096957,2614.660936271544,573.953471907728,10873.466809084906,11977.307171109329,10416.244214062554,14593.975440324106,13665.416845085121,14157.63028723119,12016.276378312521,10875.505176886483,7689.771139717215,0.7465475223395613,-0.7500148777863117,0.6614209575596951,-0.9978014682876288,0.0662739004665654,1.0,23.0,15.0
1637959554.0,2.475218762834808,0.6728302019511362,189.3283315616891,2650.939525374952,586.9670174037899,10674.174978170853,11612.371944184422,8998.69230657961,13217.192002217107,12552.713640797396,13141.166696301398,11536.652255198787,10039.595656817644,7177.909336968916,0.7469536961819658,-0.7492447720333602,0.6622931915554305,-0.9955619646171592,0.0941083131695708,1.0,24.0,14.0
1637959570.0,2.4698539735989646,0.6254969567491122,177.12053732270462,2644.1135326228386,602.6946998014157,10657.28250478797,11924.333507217641,8243.088151728547,11822.726306581399,11517.89610051506,12464.105747199359,11738.473442478544,9237.245409441448,7061.667597250384,0.7473598700243704,-0.7484736518923166,0.6631645289239911,-0.9925461516291676,0.1218693435041385,1.0,25.0,13.0
1637959586.0,2.444930115691007,0.6005820626288354,178.50779786058342,2606.7475067774417,616.0169856746136,10690.306834497158,12702.941431498046,8368.534567169918,11435.0308680142,11426.84322560321,12687.534135883427,12349.164107632794,9020.652170003166,7827.977314746161,0.747766043866775,-0.747701518445742,0.6640349684421234,-0.9887563810644394,0.1495353433284355,1.0,26.0,12.0
1637959602.0,2.4243081495615466,0.5874319807887254,182.9932050852677,2542.0099963674193,623.3103630178531,10215.843152866726,12886.868219318121,8711.567842703065,11552.332124282673,11922.368483917891,13011.756825458857,12355.670812280641,9169.663541810016,8742.433895567647,0.7481722177091795,-0.7469283727003663,0.6649045089749225,-0.9841956079457328,0.1770847404502421,1.0,27.0,11.0
1637959618.0,2.4207699520560366,0.5680499782051089,177.76595044603206,2464.252276845328,624.9686157495996,9188.955312785618,11967.909213788516,8484.888943696304,11390.243295451734,12056.927201364133,12891.840791099767,11643.225208608956,9140.50768870009,8971.59761634764,0.7485783915515841,-0.7461542157415939,0.6657731493016573,-0.978867388873999,0.2044960513041732,1.0,28.0,10.0
1637959634.0,2.423217686495086,0.5499439044811785,166.819073465444,2372.716096209859,634.6543644486544,8850.805909495099,11150.468592391722,8177.688234902097,11277.249130938202,12014.317544279278,13121.971585608047,11515.807326516131,9217.918429863461,8883.021151693854,0.7489845653939886,-0.7453790485787937,0.6666408882897691,-0.9727758782788936,0.2317479032024396,1.0,29.0,9.0
1637959650.0,2.428451944464238,0.5384032570780811,158.47604719989346,2284.4568459828815,649.1186161935211,8927.252542813258,10519.089790466356,7879.499257572207,11130.23373236955,11792.683703222418,13452.7618464855,11756.249433792194,9399.458987604467,8621.916371136078,0.7493907392363932,-0.744602872290494,0.6675077247318912,-0.965925826302149,0.258819045053703,1.0,30.0,8.0
1637959666.0,2.4368632975095212,0.5361502088380269,157.95822587596643,2189.9810299701526,663.2699963245348,9086.00410049588,10281.942396818567,7947.358435637993,10827.127597728937,11314.704617210493,13765.688623030002,11924.067971810658,9413.77118522414,8209.831965666153,0.7497969130787977,-0.7438256879275632,0.6683736574544865,-0.9583225745413718,0.2856883671492364,1.0,31.0,7.0
1637959682.0,2.4462666952316887,0.5445448041438289,164.4212216006589,2127.8614668005894,668.9327231626938,9131.30977816074,10103.874475779845,8350.564230708651,10584.67186758815,10954.3901007696,13945.221485949907,11841.868760536203,9253.13835354798,7976.72084242177,0.7502030869212023,-0.7430474965130178,0.6692386853176799,-0.9499720515301238,0.3123349184955916,1.0,32.0,6.0
1637959698.0,2.4568162159906404,0.5764664333561302,180.78178961327868,2106.107742246937,665.0894957204728,9101.343313784277,10292.467911956983,9046.032313249818,10956.336641363814,11417.839903963415,13994.214406830932,11355.754965222179,9427.458393343324,8156.5826154861015,0.7506092607636068,-0.7422682991393459,0.6701028071070756,-0.9408807690334348,0.338737920025279,1.0,33.0,5.0
1637959714.0,2.4627437384539927,0.6198645435197809,199.1285354805279,2108.3460701307877,657.8058899293642,9188.63197355104,10851.99092120678,9669.39048258632,11999.74236873167,12385.515329392405,14032.259259883518,10756.680738983043,10209.015506386675,8736.519917146268,0.7510154346060114,-0.7414880968224876,0.6709660216960059,-0.9310558158568708,0.3648767843520559,1.0,34.0,4.0
1637959730.0,2.466354797997918,0.6633233348244465,210.39039756290703,2148.260508104369,647.2060034311644,9203.562239693227,11153.200349070521,9837.973118530179,13032.190434320108,12887.692660367053,14138.246624932752,10051.681411702652,10938.081863488496,9142.640777062941,0.7514216084484159,-0.7407068906577543,0.6718283278726208,-0.9205048535309046,0.3907311283044234,1.0,35.0,3.0
1637959746.0,2.4673700020164753,0.6852726575833397,212.39702079822183,2192.7747563269213,636.2260966684321,9120.015692667981,10873.690404996407,9434.914965618827,13034.851033231233,12377.74735730874,14035.087224351291,9480.571677225224,11029.165256524011,9075.075819609347,0.7518277822908205,-0.7399246816637052,0.67268972451262,-0.9092361090268674,0.4162807923045244,1.0,36.0,2.0
1637959762.0,2.4654112575130314,0.6767340047421911,209.22748478293695,2217.7911761648456,628.3302223310338,8660.474270684404,10157.900568022314,8896.444242638066,12120.254085140692,11381.954113400505,13822.78910812554,9209.071985710998,10460.542499886853,8585.41761358274,0.752233956133225,-0.7391414709384686,0.6735502104067054,-0.8972583697484093,0.4415058526411928,1.0,37.0,1.0
1637959778.0,2.5,0.066301,10.0,2304.0,1514.807296,232.178,231.611,234.984,234.984,236.046,236.046,236.046,236.046,236.18,0.7526401299756296,-0.7383572595130314,0.6744097844222057,-0.8845809751770499,0.4663866404120291,0.0,0.0,0.0
1637959794.0,2.5,0.008135,30.0,2304.0,1614.102528,464.355,470.261,473.137,473.58,474.642,475.435,475.603,475.603,476.572,0.7530463038180342,-0.7375720484588915,0.675268445384615,-0.871213811186348,0.4909037534977282,0.0,0.0,0.0
1637959810.0,2.5,0.02937,40.0,2304.0,1678.938112,601.872,604.764,614.949,615.495,617.422,619.602,619.703,619.703,623.526,0.7534524776604387,-0.7367858388391104,0.6761261921314308,-0.8571673006431029,0.5150380750082624,0.0,0.0,0.0
1637959826.0,2.5,0.074563,60.0,2304.0,1826.459648,948.88,955.052,966.699,967.851,976.167,980.974,981.273,981.878,988.147,0.7538586515028433,-0.7359986317279537,0.6769830234906782,-0.8424523970619655,0.5387707849211465,0.0,0.0,0.0
1637959842.0,2.5,0.237811,70.0,2304.0,1842.905088,999.722,1000.283,1026.367,1033.963,1045.154,1047.156,1050.808,1054.284,1055.868,0.7542648253452477,-0.7352104281616313,0.6778389383344622,-0.8270805741916009,0.5620833779742039,0.0,0.0,0.0
1637959858.0,2.5,0.251015,90.0,2304.0,1862.51264,1288.141,1275.348,1324.392,1325.095,1340.786,1341.911,1352.542,1352.6,1355.972,0.7546709991876523,-0.7344212292466871,0.6786939354611805,-0.8110638193019193,0.584957674553795,0.0,0.0,0.0
1637959874.0,2.5,0.251015,100.0,2304.0,1862.51264,1943.954,1941.639,1973.065,1981.112,2005.808,2017.328,2023.353,2024.534,2028.918,0.7550771730300568,-0.7336310360121019,0.6795480137560628,-0.7944146207085465,0.6073758394968441,0.0,0.0,0.0
1637959890.0,2.5,0.418931,110.0,2304.0,436.957184,1558.184,1557.649,1598.207,1602.733,1607.055,1616.614,1621.012,1621.417,1625.858,0.7554833468724614,-0.7328398495474104,0.6804011720414133,-0.7771459614794384,0.6293203910220924,0.0,0.0,0.0
1637959906.0,2.5,0.529616,130.0,2304.0,449.912832,1801.161,1797.866,1843.815,1859.327,1880.291,1883.566,1886.99,1887.217,1887.668,0.7558895207148659,-0.7320476709435916,0.681253409140874,-0.7592713074988894,0.6507742170744989,0.0,0.0,0.0
1637959922.0,2.5,0.529616,140.0,2304.0,455.589888,2003.126,2009.649,2058.043,2063.606,2076.943,2087.486,2091.081,2091.577,2095.587,0.7562956945572705,-0.731254501243437,0.682104723932632,-0.7408045962885494,0.6717205893210058,0.0,0.0,0.0
1637959938.0,2.5,0.544032,150.0,2304.0,462.512128,6074.825,6081.96,6151.624,6154.795,6170.399,6176.185,6181.589,6182.169,6186.18,0.756701868399675,-0.730460341540623,0.6829551152428368,-0.7217602282499402,0.6921431737123427,0.0,0.0,0.0
1637959954.0,2.5,0.593069,160.0,2304.0,471.625728,2250.722,2255.21,2307.679,2311.848,2337.679,2348.054,2353.54,2355.948,2365.398,0.7571080422420796,-0.7296651928805116,0.6838045819520704,-0.7021530529735568,0.7120260460123025,0.0,0.0,0.0
1637959970.0,2.5,0.53883,170.0,2304.0,479.8464,2544.713,2540.879,2624.698,2626.667,2634.457,2645.82,2651.253,2652.151,2656.415,0.7575142160844841,-0.7288690563793969,0.684653122867783,-0.6819983601985125,0.7313537014923355,0.0,0.0,0.0
1637959986.0,2.5,0.452234,180.0,2304.0,536.694784,8991.083,8991.742,9066.302,9083.875,9099.995,9112.702,9119.442,9119.767,9121.116,0.7579203899268887,-0.7280719330753049,0.685500736883622,-0.6613118652761201,0.7501110696723645,0.0,0.0,0.0
1637960002.0,2.513850941755431,0.4867319805455595,155.91181387151403,1817.049558535098,599.0994535890709,4795.889865370224,3173.2470538763773,5528.242890890811,5821.498813150205,5391.506143827059,6301.419139880358,6282.7085899968715,6561.568109738901,6313.708251562464,0.7583265637692933,-0.7272738240873018,0.6863474228096383,-0.6401096996024668,0.7682835234956167,1.0,1.0,17.0
1637960018.0,2.5302698222475053,0.44731753907582167,136.9779584490352,1714.2391194077723,599.5193413581906,3208.8694594860935,1896.7974126053596,5092.377291132263,4504.116614754541,4892.38159926805,5562.299944020591,5149.112494399971,5939.131836924049,6352.4573569027525,0.7587327376116978,-0.7264747304559854,0.6871931795418981,-0.6184083952818062,0.7858568932350096,1.0,2.0,16.0
1637960034.0,2.540987380421612,0.4227245466551476,123.68556802104045,1669.3683392828257,615.0613749680118,2841.5918102919895,1859.5861571786172,4763.30330377427,4092.565729560998,5030.9623202666535,5732.186488247677,4608.383691471374,5847.991148022533,6527.016686035166,0.7591389114541024,-0.7256746533031879,0.6880380058930597,-0.5962248750618981,0.802817475119609,1.0,3.0,15.0
1637960050.0,2.537440758132753,0.3941186329261661,113.14004164054514,1721.7252946240974,632.3251068309739,3403.982823663009,2362.644445590804,4021.544153418561,4144.737947707179,4897.72157720908,5867.125038912971,4442.337766722354,5703.560348421928,6751.477105589733,0.7595450852965069,-0.7248735936720734,0.6888819007616138,-0.5735764362450384,0.8191520443632191,1.0,4.0,14.0
1637960066.0,2.524802243604783,0.36716457577588846,110.87060236140285,1809.9787649654736,634.6809392174841,4327.557927395908,2778.6338401116827,3397.384762824231,4336.9946548050175,4375.699741979424,5810.862973762554,4518.194713888108,5249.6228554167155,6855.948510256307,0.7599512591389115,-0.724071552687234,0.6897248629628325,-0.5504807401575504,0.8348478632155654,1.0,5.0,13.0
1637960082.0,2.5123031786288053,0.34973021311777,117.12590910980576,1871.0354388600026,618.696542198373,5066.578386642579,2587.441663360936,3205.33134779789,4563.954127161398,3798.3570226189167,5603.249389656319,4498.617928346326,4661.806912791368,6667.675194913438,0.760357432981316,-0.7232685314044435,0.6905668913871121,-0.5269557953586261,0.8498926930724595,1.0,6.0,12.0
1637960098.0,2.5062031419825774,0.35772370588890523,130.83421389152966,1866.1075910232196,593.3679941027345,5538.077201462993,2278.3516470800223,3665.4942756311902,4972.288061441026,3895.5894304181347,5801.904140848223,4509.225117323438,4373.388814563743,6427.152546276016,0.7607636068237206,-0.7224645309209008,0.69140798488392,-0.5030199470792661,0.8642748016923624,1.0,7.0,11.0
1637960114.0,2.5015316524910736,0.4007615018738861,146.30966451693072,1838.0527563196877,570.2815088436026,5729.567934444118,2443.6758862632378,4929.666983081179,5602.495174433738,4668.126044423729,6669.378990448189,4840.314839543364,4696.212925471289,6368.427267202496,0.7611697806661251,-0.7216595523251058,0.6922481423145372,-0.4786918581778419,0.8779829752986358,1.0,8.0,10.0
1637960130.0,2.497289721199922,0.45840489760011593,156.26297628297607,1848.7692498344588,562.2184264460251,5624.757367584492,3142.6016211974584,6301.3281245036815,6005.341005290276,5313.970010714365,7702.0095656779595,5513.2934750964305,5463.5241182751,6400.7871692445915,0.7615759545085297,-0.7208535966967975,0.6930873625520024,-0.4539904997581357,0.8910065241788964,1.0,9.0,9.0
1637960146.0,2.493752651698877,0.5194958151741348,165.99362608201125,1884.2571858845868,575.3079396058617,5894.534380157465,4611.79283051856,7550.786653742225,6672.756940229656,5880.0268587542105,9100.521898908482,6691.637216916521,6640.755332455685,6526.08792190173,0.7619821283509342,-0.7200466651573798,0.6939256444286637,-0.4289351336174009,0.903335292761565,1.0,10.0,8.0
1637960162.0,2.4837598716437137,0.5684407403427385,175.28925223634974,1942.1941815670216,600.8470951525794,6667.238781151864,6528.707628493048,8092.414077283903,7299.3613649198505,6018.783969844746,10260.286412552217,8188.140266132575,7819.014155735683,6744.123821576644,0.7623883021933388,-0.7192387587589539,0.6947629868515444,-0.4035452963412644,0.9149596678547318,1.0,11.0,7.0
1637960178.0,2.472230361755598,0.5908555276090907,182.47523578860964,1975.1856883601633,624.4147196516374,7405.23009780619,7594.111207683194,7977.619518549359,7486.078042407675,5502.733403411459,10486.918630480046,9103.624412563086,8328.226983770073,6636.838242998085,0.7627944760357434,-0.7184298786357242,0.6955993886451156,-0.3778407870074925,0.9258705847328548,1.0,12.0,6.0
1637960194.0,2.4659601726858433,0.5846549568875429,184.54067616144232,1940.9516946808178,637.4046550228348,7680.287701993019,7425.675869595272,7478.057755417789,7145.334076609353,4845.394992252857,9832.820418479103,9102.526903578651,8159.267359373355,6162.705701851826,0.7632006498781478,-0.7176200258524664,0.6964348487084095,-0.3518416483624085,0.9360595357548704,1.0,13.0,5.0
1637960210.0,2.4697160045528315,0.56895535765571,184.18802708644824,1870.5854661422206,643.4879224939473,7480.339030519581,6621.490056754483,7299.248274506028,6875.360558241626,4997.777464304423,9254.683425036354,8435.03767103295,7831.024608079032,5639.682620184436,0.7636068237205524,-0.7168092015157143,0.6972693658998681,-0.32556815461897,0.9455185755436,1.0,14.0,4.0
1637960226.0,2.477763999159806,0.5591094096394966,180.82742764043036,1812.2256122643262,649.9089560260722,7096.790335157239,6214.598717502442,7794.055836557986,7056.372155025274,5896.048649315109,9191.357950495985,7847.799757122848,7656.192931685668,5547.0961745622735,0.7640129975629569,-0.7159974067232062,0.6981029390896758,-0.2990407921814604,0.9542403285396632,1.0,15.0,3.0
1637960242.0,2.481137966265231,0.5622724779925095,177.70620876795456,1789.8145129632708,658.7630525254062,6814.512103949084,6634.75225509411,8932.971777700106,7680.806188735692,6932.669700923379,9730.716473434171,7954.702210973039,7689.679732850504,5806.651982249075,0.7644191714053615,-0.7151846425841657,0.6989355671388882,-0.2722802471734706,0.9622179934916796,1.0,16.0,2.0
1637960258.0,2.481989539136075,0.5858922259044167,184.7823480002414,1763.7516490487617,667.5665895370432,7249.771673242216,8269.239376094545,10611.80335818541,8935.081997623654,8064.743786596459,10952.888162668041,9074.672348523902,8063.892351120672,6499.549679497904,0.764825345247766,-0.7143709101684449,0.6997672489514694,-0.2453073857709737,0.9694453499224238,1.0,17.0,1.0
1637960274.0,2.5,0.003975,10.0,2048.0,614.35904,764.894,770.085,773.343,773.343,773.428,773.428,773.428,773.428,773.642,0.7652315190901706,-0.7135562106184271,0.7005979833598373,-0.2181432414991035,0.9759167619158224,0.0,0.0,0.0
1637960290.0,2.5,0.003975,20.0,2048.0,614.35904,302.673,301.695,311.201,311.201,312.513,313.401,313.401,313.401,313.442,0.7656376929325751,-0.7127405449963417,0.7014277692808562,-0.1908089952349451,0.9816271834751882,0.0,0.0,0.0
1637960306.0,2.4698991642778463,0.6527877129871036,204.63531985696585,1707.8003027815066,642.5914227209928,9491.84903770623,10648.578505607056,13359.97497555159,12389.383184801962,8669.927051589944,11637.637311207758,11947.878404453515,8974.94617371831,8133.776158523026,0.7660438667749797,-0.7119239144472856,0.7022566055496053,-0.1633259627721324,0.986572161519144,1.0,1.0,11.0
1637960322.0,2.472414191233264,0.6515645570346864,199.46482894459584,1707.3983019109103,627.0924353134401,9610.67158728184,9721.859611459433,12770.052504426367,12676.006464106551,8373.191879601662,10380.187276092507,11550.702785710306,9370.543467424362,7683.986655427849,0.7664500406173842,-0.711106320036006,0.7030844910854238,-0.1357155727200249,0.9907478404323048,1.0,2.0,10.0
1637960338.0,2.487505339969679,0.6301361852856178,186.2038064235045,1735.6233323853266,620.9672668274393,9134.852344403203,7913.4317635729585,11145.468606868053,11796.558599214566,7779.5179133786205,8497.104748390771,10156.187555021927,9261.708576272198,6640.86433328432,0.7668562144597888,-0.7102877629103078,0.703911424726059,-0.1079993562077789,0.9941509639178072,1.0,3.0,9.0
1637960354.0,2.5016132213139537,0.5880345203603041,169.0004689696263,1795.0651680125536,620.5395446923173,7986.780654507681,5972.749574025387,8934.582250960833,9859.635173888588,6802.412735526179,6458.383242575153,8493.036561455909,8665.544161409423,5318.954775877122,0.7672623883021933,-0.7094682441477052,0.7047374053830067,-0.0801989245834026,0.9967788784357672,1.0,4.0,8.0
1637960370.0,2.508331756908432,0.5485676674009852,161.41886413645304,1846.7118833099414,619.1494798612285,6734.109646052455,4699.212739131897,7339.494044534047,8033.559939767597,6155.876206032481,5143.651601364403,7433.970740200461,8101.341548553707,4356.351161512572,0.7676685621445979,-0.7086477648576714,0.7055624319379726,-0.0523359562489599,0.9986295347542584,1.0,5.0,7.0
1637960386.0,2.505846868822315,0.5349566713613518,168.13705733238987,1847.7165004281271,612.2234186944825,5784.658781173701,4194.680188887194,6752.496617862042,6802.408592791198,6209.977213422284,4583.148672321317,6950.490780640563,7765.825629058476,3993.4887767581677,0.7680747359870025,-0.7078263261818188,0.7063865032430542,-0.0244321783749304,0.9997014897757508,1.0,6.0,6.0
1637960402.0,2.4998432765578498,0.5490871638527393,184.6462454567331,1792.2531513862896,600.7380347843257,5310.233284367161,4333.189366568702,7229.38882316896,6547.785444349371,7099.557627657829,4949.546857378369,6976.300203264947,7973.4441679293095,4224.253515897599,0.768480909829407,-0.7070039291911627,0.7072096182238031,0.0034906514422217,0.999993907657696,1.0,7.0,5.0
1637960418.0,2.493975820332262,0.5778003030997735,199.29283260948128,1716.8136192361317,587.2249735368273,5508.821467518346,4554.7313846535035,7851.142078991321,7335.241741917631,8244.640018426477,5909.275146493743,7197.812448325552,8743.465300341279,4651.2285073707735,0.7688870836718116,-0.7061805750402509,0.7080317757246638,0.0314107588889005,0.9995065603716784,1.0,8.0,4.0
1637960434.0,2.4908045415291538,0.6154823925694364,209.9401746332546,1665.7471226282491,577.7631571326667,6347.813491022582,5317.3324217941445,8645.354349626376,8933.88151363541,9615.521532072005,7875.496238088896,7746.320434574979,9891.142997131152,4995.070744447912,0.7692932575142161,-0.7053562648025963,0.7088529746736835,0.0593063736358767,0.9982398279202056,1.0,9.0,3.0
1637960450.0,2.496145466420533,0.6313270595286768,210.1809355149283,1653.5678567885254,573.2336734772533,7206.339515485142,5843.116758104066,8613.747808041491,10172.85269709548,10108.232285323309,9412.20110781308,8110.158288873369,10375.314744356643,5106.500135250901,0.7696994313566207,-0.7045309996354323,0.7096732139179966,0.0871557425919543,0.996194698105368,1.0,10.0,2.0
1637960466.0,2.5082833232167134,0.6190022246167045,203.92678364744958,1626.6986807829926,569.0075253426493,7480.36920884814,5872.27807590564,8051.666076814391,10611.476907082622,9676.189202182522,10037.770130647445,8162.523465006023,9964.58886436725,4922.212017310474,0.7701056051990252,-0.7037047806147638,0.7104924923881512,0.1149371505852933,0.9933727655897024,1.0,11.0,1.0
1637960482.0,2.5,0.011738,10.0,1792.0,151.79776,370.944,373.719,375.007,375.007,376.189,376.189,376.189,376.189,376.765,0.7705117790414298,-0.702877608900504,0.711310808933978,0.1426289335834959,0.9897762309253716,0.0,0.0,0.0
1637960498.0,2.5,0.011738,20.0,1792.0,216.383488,354.188,362.971,369.146,369.146,369.636,372.847,372.847,372.847,374.262,0.7709179528838342,-0.7020494855815063,0.7121281624783158,0.1702094992902588,0.9854078984620324,0.0,0.0,0.0
1637960514.0,2.5,0.038188,40.0,1792.0,293.568512,592.263,591.801,602.368,607.406,609.841,611.929,612.324,612.324,612.422,0.7713241267262388,-0.7012204117996432,0.712944551894142,0.1976573402906532,0.9802711746395611,0.0,0.0,0.0
1637960530.0,2.5,0.08504,50.0,1792.0,382.562304,729.368,730.063,744.422,750.634,753.401,753.759,755.204,755.204,755.236,0.7717303005686433,-0.7003903886462366,0.7137599761067958,0.2249510544988759,0.974370064749448,0.0,0.0,0.0
1637960546.0,2.5,0.100241,60.0,1792.0,432.566272,1503.851,1507.635,1531.005,1533.435,1550.083,1551.62,1551.671,1552.73,1552.745,0.7721364744110479,-0.6995594172865399,0.714574433971519,0.252069357737106,0.9677091706137764,0.0,0.0,0.0
1637960562.0,2.5,0.357892,80.0,1792.0,492.568576,1141.145,1146.121,1168.784,1170.042,1174.972,1175.206,1180.113,1180.456,1181.827,0.7725426482534524,-0.698727498803998,0.7153879244263974,0.2789911057765406,0.9602936857532612,0.0,0.0,0.0
1637960578.0,2.5,0.322333,90.0,1792.0,492.568576,1290.348,1297.608,1329.447,1336.95,1343.98,1346.374,1355.462,1360.068,1360.319,0.772948822095857,-0.6978946343665253,0.7162004463293876,0.3056953044966863,0.9521293928918896,0.0,0.0,0.0
1637960594.0,2.5,0.362431,100.0,1792.0,432.152576,1384.379,1381.808,1424.219,1425.856,1438.06,1441.702,1445.404,1446.007,1446.042,0.7733549959382616,-0.6970608250600347,0.7170119986210995,0.332161131656832,0.9432226580274948,0.0,0.0,0.0
1637960610.0,2.5,0.257195,120.0,1792.0,442.875904,1736.637,1745.013,1799.714,1803.047,1808.777,1813.632,1817.913,1818.933,1819.629,0.7737611697806661,-0.6962260720446496,0.717822580172342,0.3583679495535289,0.933580426494043,0.0,0.0,0.0
1637960626.0,2.5,0.257195,130.0,1792.0,448.147456,1864.348,1858.541,1911.638,1918.048,1935.425,1949.514,1963.603,1964.234,1967.471,0.7741673436230707,-0.6953903764400823,0.7186321898958609,0.3842953224682328,0.9232102171927242,0.0,0.0,0.0
1637960642.0,2.5,0.489523,140.0,1792.0,455.65952,3362.325,3361.519,3397.494,3412.401,3439.794,3449.001,3451.396,3455.347,3456.914,0.7745735174654752,-0.6945537393777436,0.7194408266955619,0.4099230338797328,0.9121201161551232,0.0,0.0,0.0
1637960658.0,2.5,0.363938,160.0,1792.0,469.901312,3046.9,3058.674,3113.754,3120.354,3138.668,3149.725,3151.826,3152.499,3153.926,0.7749796913078798,-0.6937161620007998,0.720248489466573,0.4352310992152375,0.9003187714781338,0.0,0.0,0.0
1637960674.0,2.5,0.608589,170.0,1792.0,480.382976,6666.477,6673.328,6730.923,6751.566,6774.626,6779.647,6784.255,6794.466,6795.309,0.7753858651502843,-0.6928776454117662,0.7210551771457208,0.4601997848503128,0.8878153851019511,0.0,0.0,0.0
1637960690.0,2.5,0.774454,180.0,1792.0,546.115584,2659.881,2655.042,2748.257,2753.899,2786.099,2796.791,2807.202,2809.192,2810.625,0.7757920389926889,-0.6920381907878204,0.7218608886005117,0.4848096201226132,0.874619707207977,0.0,0.0,0.0
1637960706.0,2.5,0.464316,190.0,1792.0,557.223936,2739.82,2731.705,2808.211,2827.477,2848.759,2852.84,2869.133,2871.164,2872.376,0.7761982128350934,-0.6911977992234676,0.7226656227804358,0.5090414158432297,0.8607420269490274,0.0,0.0,0.0
1637960722.0,2.5,0.699955,200.0,1792.0,564.563968,7405.822,7412.992,7470.028,7490.672,7513.195,7529.068,7533.336,7534.723,7539.465,0.776604386677498,-0.6903564718985176,0.7234693785557419,0.5328762759789709,0.8461931661853478,0.0,0.0,0.0
1637960738.0,2.4683819630221957,0.7739123125257298,232.0619268280535,1420.354919736771,585.7434221475605,10799.032885516464,11167.248327735248,13375.912606886497,14757.972479253507,14322.952225179715,12705.740976094934,13741.410616306506,11263.405622690607,7522.346999217658,0.7770105605199025,-0.6895142099099175,0.7242721548784699,0.5562956156173942,0.8309844691959438,1.0,1.0,1.0
1637960754.0,2.5,0.7244,210.0,1792.0,576.950272,12386.982,12377.436,12464.12,12490.65,12508.206,12526.25,12529.26,12530.37,12535.214,0.7774167343623071,-0.6886710144401028,0.7250739506216174,0.5792811722812059,0.8151277957722407,0.0,0.0,0.0
1637960770.0,2.5,0.77382,220.0,1792.0,586.866688,11083.598,11082.81,11168.205,11177.871,11203.522,11213.002,11217.857,11218.23,11220.472,0.7778229082047117,-0.6878268865990194,0.7258747647297705,0.6018150232909525,0.798635509942621,0.0,0.0,0.0
1637960786.0,2.5,0.580128,230.0,1792.0,598.646784,10316.722,10311.153,10401.275,10406.675,10434.839,10458.433,10463.318,10464.692,10466.08,0.7782290820471162,-0.6869818275400333,0.7266745961087093,0.6238795963123318,0.7815204727357832,0.0,0.0,0.0
1637960802.0,2.504928426436776,0.795204246135292,239.44750016165327,1723.987255461428,552.0410712803364,10862.464960671783,10339.059881876088,11648.479266131053,14728.725440822338,12006.519554934355,11641.575222316322,11221.81675252346,11861.72869801839,6465.700285143079,0.7786352558895208,-0.6861358384072324,0.727473443675578,0.6454576875263475,0.7637960288016297,1.0,1.0,1.0
1637960818.0,2.5,0.778447,240.0,1792.0,611.733504,11926.322,11897.178,12029.18,12050.736,12136.422,12170.4,12179.886,12180.734,12189.086,0.7790414297319253,-0.6852889203565607,0.7282713063388804,0.6665324698953281,0.7454759999994859,0.0,0.0,0.0
1637960834.0,2.5,1.06206,250.0,1792.0,623.210496,12245.674,12260.003,12364.823,12396.436,12430.831,12438.811,12442.109,12442.65,12445.49,0.7794476035743299,-0.6844410745028294,0.7290681830483431,0.6870875106404429,0.7265746711260442,0.0,0.0,0.0
1637960850.0,2.5,0.69206,260.0,1792.0,634.257408,11587.597,11574.789,11688.191,11692.867,11754.083,11775.822,11792.415,11799.388,11801.14,0.7798537774167343,-0.6835923020150714,0.7298640727051411,0.7071067812032724,0.7071067811698226,0.0,0.0,0.0
1637960866.0,2.495408033501498,0.8017426594464174,249.75961574347377,1779.04019652634,588.9917086917945,12374.071263193506,11905.048327318731,12808.646720843893,14344.396550040916,12827.30969005404,14781.420918571916,13068.35796702678,13250.84559940366,7926.76027144137,0.7802599512591389,-0.6827426040636663,0.7306589742118849,0.726574670838597,0.6870875109444098,1.0,1.0,1.0
1637960882.0,2.5,1.045288,270.0,1792.0,649.515008,11414.442,11406.658,11517.35,11539.378,11577.368,11599.758,11612.687,11613.213,11613.572,0.7806661251015434,-0.6818919817564753,0.7314528865321585,0.745475999720638,0.6665324702072025,0.0,0.0,0.0
1637960898.0,2.5,0.738697,280.0,1792.0,662.81472,12779.15,12777.1,12892.066,12921.047,12957.063,12981.92,12987.507,12992.039,13007.745,0.781072298943948,-0.6810404362876707,0.7322458085514038,0.7637960285315986,0.6454576878458862,0.0,0.0,0.0
1637960914.0,2.4678083022514317,0.7527275481478591,253.37321619050985,1755.0843074813308,589.8776770219265,12489.98406760004,9346.924775663847,12359.488693625555,16313.078247650663,11498.458531296703,13768.989978966052,13052.11303790812,12363.076816748837,7128.385576338131,0.7814784727863525,-0.6801879687781897,0.7330377392258877,0.7815204724747793,0.6238795966392856,1.0,1.0,1.0
1637960930.0,2.5,1.117958,290.0,1792.0,678.535168,13968.155,13955.198,14085.469,14123.935,14154.042,14178.249,14187.219,14189.872,14191.355,0.7818846466287571,-0.6793345804034722,0.7338286774636423,0.79863550997109,0.6018150232531728,0.0,0.0,0.0
1637960946.0,2.5,1.24454,300.0,1792.0,692.289536,15944.602,15933.441,16082.29,16102.426,16157.2,16160.819,16172.908,16181.85,16185.229,0.7822908204711616,-0.6784802722868465,0.7346186222235089,0.8151277957996438,0.5792811722426461,0.0,0.0,0.0
1637960962.0,2.4859479535549607,0.8090461169787357,252.6120167172291,1663.8010379539255,616.4130385624672,13154.816649038676,12339.147310327377,13574.991997221954,16810.139662962083,13987.472195857708,16251.5023635137,14122.997364842888,14508.45919709507,8858.088884362656,0.7826969943135662,-0.6776250456276596,0.7354075723964992,0.8309844692222595,0.5562956155780842,1.0,1.0,1.0
1637960978.0,2.5,1.049733,310.0,1792.0,708.100096,17219.098,17270.808,17386.816,17403.564,17446.005,17465.776,17473.123,17475.035,17486.979,0.7831031681559708,-0.6767689015409808,0.7361955269539568,0.8461931662105556,0.5328762759389415,0.0,0.0,0.0
1637960994.0,2.4648135913972453,0.7950947543505916,261.0503004283771,1697.6678143629083,622.0788263687638,14354.137761585927,14604.255626478134,14119.973801203118,16321.406450776889,14115.69046313973,17233.029261593667,15595.506805184625,14852.64429082364,9711.680125192084,0.7835093419983753,-0.6759118412287345,0.7369824847896875,0.8607420269731076,0.509041415802512,1.0,1.0,1.0
1637961010.0,2.5,0.910643,320.0,1792.0,726.388736,19180.987,19184.935,19325.364,19362.392,19403.914,19411.696,19412.736,19412.962,19413.418,0.7839155158407799,-0.675053865808381,0.7377684448776325,0.8746197072309111,0.4848096200812391,0.0,0.0,0.0
1637961026.0,2.4535505373138617,0.7150150462685174,245.6838409676718,1693.0545591614482,601.3085949640712,12470.069450171297,12612.056022273813,12474.044492131763,15327.226980429323,12876.401837745565,15353.483547127928,12823.479991045002,13183.508090898038,8357.527148502686,0.7843216896831844,-0.6741949764844156,0.7385534061143976,0.8878153849094238,0.4601997852217357,1.0,1.0,1.0
1637961042.0,2.5,0.874308,330.0,1792.0,742.95296,19932.426,19929.078,20061.61,20094.054,20150.08,20162.868,20174.004,20178.292,20187.989,0.784727863525589,-0.6733351743766833,0.7393373674765272,0.9003187712960522,0.4352310995918912,0.0,0.0,0.0
1637961058.0,2.474465537853262,0.6800435242821209,226.67060048707188,1701.2774150919454,613.8991703175042,11723.761848403616,12071.67255260405,12074.61005849445,14537.822369055732,12722.422261721254,15350.320354005951,12889.645475550511,12782.129489458788,8303.147048126822,0.7851340373679935,-0.6724744606922437,0.7401203278634333,0.9121201159836294,0.4099230342613238,1.0,1.0,1.0
1637961074.0,2.5,0.912204,340.0,1792.0,760.05376,24203.471,24212.878,24370.112,24429.423,24466.87,24496.077,24515.481,24516.876,24518.759,0.7855402112103981,-0.6716128365641022,0.7409022862444956,0.923210217031952,0.3842953228544633,0.0,0.0,0.0
1637961090.0,2.499407620083358,0.7049252361112606,233.82823107682302,1651.8783492982127,627.5042532574703,11089.745343673063,12388.182835364038,12552.368657644167,15351.947322606673,12502.946878368304,15588.362440260516,13712.645754350022,13294.724631831543,8856.819346197604,0.7859463850528026,-0.6707503031587387,0.7416832415610185,0.9335804265109956,0.3583679495093657,1.0,1.0,1.0
1637961106.0,2.5,0.794257,350.0,1792.0,780.169216,23645.278,23639.049,23786.389,23827.727,23897.485,23931.719,23942.839,23944.359,23947.719,0.7863525588952072,-0.6698868616762772,0.7424631927264194,0.9432226578885332,0.3321611320514349,0.0,0.0,0.0
1637961122.0,2.504449130289543,0.7263179874810208,241.9007978711683,1644.0773247410277,609.3558373866717,11110.892037556612,11178.293590988385,11772.726938433781,16765.73852322822,11999.332122872558,14142.57355918055,12543.233053826949,13231.57003125138,8918.210097787498,0.7867587327376117,-0.6690225132424981,0.7432421387237752,0.952129392764,0.3056953048950154,1.0,1.0,1.0
1637961138.0,2.5,0.890086,360.0,1792.0,798.478336,28237.127,28234.061,28376.692,28403.15,28471.221,28531.337,28536.229,28538.952,28541.321,0.7871649065800163,-0.6681572590708433,0.7440200784595387,0.9602936856365436,0.2789911061782852,0.0,0.0,0.0
1637961154.0,2.522784737118737,0.7199273288304395,236.40861886569732,1829.4850485887193,582.3811091888638,11439.768379541554,9605.411401149711,10314.067191327369,16858.725265196936,11875.097486561495,12563.045802503086,10871.106579759835,12630.472906886995,8312.546835097044,0.7875710804224207,-0.6672911002894568,0.744797010919409,0.9677091705083216,0.2520693581419529,1.0,1.0,2.0
1637961170.0,2.526903680673057,0.6965835499849702,231.10461493261198,1903.1519969192243,571.1275133449751,11366.10708277269,8978.026161456535,9976.126643665886,15972.185940636042,11346.140735612178,12158.554001047305,10423.82614551529,11757.196261841826,8273.085821825254,0.7879772542648253,-0.666424038114322,0.7455729350126656,0.9743700647600896,0.2249510544527831,1.0,2.0,1.0
1637961186.0,2.5,1.061493,370.0,1792.0,816.594944,28623.771,28612.571,28791.292,28807.76,28871.609,28891.955,28902.038,28913.648,28934.127,0.7883834281072299,-0.6655560736868011,0.7463478497179511,0.9802711746489112,0.1976573402442812,0.0,0.0,0.0
1637961202.0,2.5117645564967375,0.6620083669296203,227.2164961686001,1895.6491358430085,549.046138714248,9771.956276910789,8052.063488499525,10433.909999960899,14632.692517096119,10398.384702863192,11400.350534353993,10196.425009131877,10040.495047060169,8497.775489364725,0.7887896019496344,-0.6646872081928302,0.7471217539764327,0.9854078984700844,0.1702094992436438,1.0,1.0,4.0
1637961218.0,2.4996845451795315,0.6584174926072196,221.66232179099586,1851.1489422485947,545.8044878352069,8932.320038474421,7621.876472195581,10550.903747344535,14560.29172648401,10090.846411384799,10886.828844658172,10060.912378917112,9661.512935079645,8825.580280924947,0.789195775792039,-0.6638174428087271,0.7478946467403562,0.9897762309321188,0.1426289335366743,1.0,2.0,3.0
1637961234.0,2.4839653799571924,0.648146908432485,209.42558327659697,1841.7847735015766,553.4751027446722,8724.323607423392,7545.988936739108,10047.894941330396,14638.037591691822,9711.693123669214,10597.964070360682,10202.466882801837,9965.32287086683,8980.922433030904,0.7896019496344435,-0.6629467787229227,0.74866652695369,0.9933727655951394,0.1149371505383015,1.0,3.0,2.0
1637961250.0,2.475585716787349,0.5960732466287497,180.93704537715905,1859.3710601506739,570.1444930600517,8370.98095541323,6740.751927178142,8412.425059959074,13577.238600752265,8323.363844824848,9661.251461407932,9904.451696291751,9917.06488573955,8506.047004495727,0.7900081234768481,-0.6620752170814864,0.7494373936003611,0.9961946981094908,0.087155742544829,1.0,4.0,1.0
1637961266.0,2.5,0.938066,390.0,1792.0,857.41568,32857.098,32856.081,32986.395,33040.785,33102.643,33129.294,33140.946,33145.164,33149.47,0.7904142973192526,-0.661202759107987,0.750207245598165,0.9982398278953944,0.0593063740534963,0.0,0.0,0.0
1637961282.0,2.495372113609313,0.42794896375178737,120.98820085206894,1806.9028229592082,595.6067391066446,6237.009138580259,3301.8440684600682,4699.089466219242,9204.970208684288,4357.857729452304,6355.318272600509,7389.692570168132,7545.567931855199,6236.6530471229835,0.7908204711616572,-0.6603294059399604,0.7509760819433459,0.9995065603585374,0.0314107593070501,1.0,1.0,2.0
1637961298.0,2.5058302307564553,0.37381487452328455,112.12926765979898,1723.0420656750068,597.2658266478832,5060.622785883774,2411.5426438151626,4117.014886273253,7403.920923986623,3687.4231276084683,5407.040545985263,6165.805921664347,6332.997866354721,5303.764928315202,0.7912266450040617,-0.6594551588034906,0.7517439015565494,0.999993907656236,0.0034906518605752,1.0,2.0,1.0
1637961314.0,2.5,1.134152,400.0,1792.0,881.246208,34989.301,34975.032,35209.333,35255.123,35311.915,35348.38,35353.415,35356.111,35372.202,0.7916328188464663,-0.6585800188384465,0.7525107034366696,0.9997014897859722,-0.0244321779566993,0.0,0.0,0.0
1637961330.0,2.5076014797677217,0.4148497055333851,135.49802767627796,1633.3046127137018,575.449172247616,4383.405079992277,3693.16020709891,5445.3050623374675,7473.9742955025085,5466.64708516509,5911.740868961595,5153.63259630088,6338.2145775272675,4972.802710454787,0.7920389926888708,-0.6577039872624589,0.7532764865167791,0.9986295347517828,-0.0523359562962003,1.0,1.0,2.0
1637961346.0,2.497267901363551,0.4904520054049135,157.00991950845213,1649.2481443683723,562.3183039098665,5378.89822010647,5705.254802304753,6554.4195262858975,9342.944887207585,6981.440632973807,7504.539996003754,5800.127324306284,7761.432739526808,5355.403966298589,0.7924451665312754,-0.6568270652615809,0.7540412497601567,0.9967788784693188,-0.0801989241663941,1.0,2.0,1.0
1637961362.0,2.5,1.04417,410.0,1792.0,901.726208,37944.209,37939.978,38113.841,38128.833,38197.9,38221.022,38227.477,38229.317,38231.764,0.7928513403736799,-0.6559492539901194,0.7548049921600982,0.9941509639629894,-0.1079993557918699,0.0,0.0,0.0
1637961378.0,2.4907382360166914,0.5755973437962916,175.23064347449414,1758.7951143682435,539.1738314990959,7477.234357983372,7559.151372999842,7157.07567033914,12392.345759216823,7003.593371782716,9784.253983371495,7284.635814271449,9876.30181929997,4780.228207243797,0.7932575142160845,-0.6550705546804169,0.7555677126444003,0.9907478404890822,-0.1357155723055396,1.0,1.0,2.0
1637961394.0,2.4984148704036837,0.5621959863088825,168.7081673360774,1757.8169379203462,532.0892956637792,7384.817845898326,6704.981063742318,6867.192336657299,12203.282821699451,5880.908809213874,9299.077575365365,6903.060059405763,9583.329164286337,3778.078695894128,0.7936636880584891,-0.6541909684781473,0.7563294102186056,0.9865721615874724,-0.163325962359394,1.0,2.0,1.0
1637961410.0,2.5,0.945197,420.0,1792.0,925.212672,41679.183,41708.883,41848.537,41863.245,41932.248,41948.281,41955.925,41957.322,41961.899,0.7940698619008936,-0.6533104966181449,0.7570900838133815,0.9816271834661618,-0.1908089952813813,0.0,0.0,0.0
1637961426.0,2.5164230386867534,0.5084032309055707,157.1321172393919,1698.17179150799,556.9969927485763,5981.784239216078,5687.633247443662,6807.398497637174,10588.217066183712,6147.2355671782025,7534.017825758163,5624.69683063392,9162.994922422266,2152.2544653103178,0.7944760357432982,-0.6524291402483945,0.7578497324369395,0.9759167619055028,-0.2181432415452696,1.0,1.0,3.0
1637961442.0,2.514796174247015,0.49826584988579453,157.41536016731337,1757.328298931087,583.9417748315291,5841.048527799903,6564.981613030446,7194.757779441954,10593.309541515926,7439.048520105338,7412.150328727694,5721.062702744148,9633.420617125652,2320.7219939357637,0.7948822095857027,-0.6515469006062155,0.7586083550228236,0.9694453499108194,-0.2453073858168336,1.0,2.0,2.0
1637961458.0,2.504945064502636,0.5141382304718173,166.814939477271,1811.5064517030391,608.5915050806029,6763.580939486819,8328.205538688078,7949.115315558785,11664.476306569719,9205.547634538689,8422.728725592926,6627.896843262342,10516.282395991717,3027.1527573637177,0.7952883834281073,-0.6506637788418977,0.7593659505819194,0.9622179934787992,-0.2722802472189886,1.0,3.0,1.0
1637961474.0,2.5,1.103071,430.0,1792.0,948.862976,43370.422,43365.083,43561.899,43598.87,43679.681,43725.446,43735.49,43753.165,43757.676,0.7956945572705117,-0.6497797761952391,0.7601225180506529,0.9542403286647688,-0.2990407917822483,0.0,0.0,0.0
1637961490.0,2.4806183087082316,0.5643217325745823,196.28071819332345,1712.9336434004813,603.0339321303824,9125.479201905971,10528.565340515197,10702.926678085609,14421.30680544898,11449.211036541757,11335.95226619847,9378.18003485,11787.302297205217,4583.859340088067,0.7961007311129163,-0.6488948938299001,0.7608780564331467,0.9455185756798036,-0.3255681542234065,1.0,1.0,2.0
1637961506.0,2.4726607307091597,0.6111754757469123,216.95697217625246,1584.7316895137087,583.9259348565521,10010.543678974209,11733.066508907725,13034.036994142227,15815.490654705494,12883.322827931652,13250.558516932813,10877.882087398226,12427.189651974444,5150.332349964579,0.7965069049553208,-0.6480091329660167,0.7616325646876132,0.9360595359020654,-0.3518416479708023,1.0,2.0,1.0
1637961522.0,2.5,1.323544,440.0,1792.0,971.309056,45491.809,45498.362,45670.351,45707.291,45768.502,45799.495,45816.838,45819.621,45828.675,0.7969130787977254,-0.6471224947695311,0.7623860418208469,0.9258705848909268,-0.3778407866201489,0.0,0.0,0.0
1637961538.0,2.459354754789127,0.72595762442209,248.08959087697536,1489.5860284799228,578.3952363503633,13394.025478316742,15672.415748912976,17341.945478150647,18766.028973520984,17093.21942714261,17215.989955212677,15243.960339245923,15933.690147381858,6454.188938355148,0.7973192526401299,-0.6462349804851778,0.7631384867750557,0.9149596680235574,-0.4035452959584855,1.0,1.0,3.0
1637961554.0,2.45845432522489,0.7581768618442638,254.34254855827328,1568.9505882874355,586.2120499477919,14934.15507443126,17168.89250262636,18186.52318422246,19631.611928334525,18358.76619337134,18114.460800076988,16787.218076369176,17488.550207129498,7194.047155927874,0.7977254264825345,-0.6453465912701237,0.7638898985691799,0.9033352929410128,-0.4289351332394852,1.0,2.0,2.0
1637961570.0,2.460030535214119,0.7424188492192838,251.4898308303906,1683.0162174984634,583.1404433406661,14883.243002380943,16677.691891804214,16731.79958326067,19288.91640334419,17298.527901006666,16581.989982036517,16322.67432748246,17424.21655053925,7096.737582227535,0.7981316003249391,-0.6444573283493076,0.7646402761670829,0.8910065241574202,-0.453990499800285,1.0,3.0,1.0
1637961586.0,2.5,1.137627,450.0,1792.0,997.064704,47647.428,47646.892,47826.036,47853.848,47966.019,47997.273,48017.472,48020.254,48027.219,0.7985377741673436,-0.6435671929489382,0.765389618534132,0.8779829754988994,-0.4786918578105325,0.0,0.0,0.0
1637961602.0,2.4815349885867937,0.6658905794575017,236.9449136602633,1828.2749066001497,543.6139477281188,10448.830935271506,11554.9810371329,12630.243410307634,15998.393539214187,12790.166887993884,11434.510883772362,11719.108788329071,14005.76137358607,5883.771004370839,0.7989439480097482,-0.6426761862407491,0.7661379246839606,0.8642748019028038,-0.5030199467176916,1.0,1.0,3.0
1637961618.0,2.486777001586643,0.638128196836722,228.74214704713327,1834.4691791144412,529.6460865504365,8454.959237302166,9400.652813300247,11750.001165393664,13982.011264045137,11700.476556305466,10323.825516989975,9644.858614662844,12620.581162756149,5690.114698506761,0.7993501218521527,-0.6417843094421609,0.7668851935940925,0.8498926930475317,-0.5269557953988305,1.0,2.0,2.0
1637961634.0,2.497682196253485,0.6193068908400252,217.22643456557876,1844.044680694613,530.363380552435,6771.683512763224,8247.054014031793,11470.91022645732,12447.668475121032,11584.98622670973,10217.689230229662,8576.232325752913,12125.671241119915,5386.766329811777,0.7997562956945573,-0.6408915637606458,0.7676314242528337,0.8348478631895248,-0.5504807401970432,1.0,3.0,1.0
