time,cpu_limit,cpu_usage,n,ram_limit_mb,ram_usage_mb,mean_ms,lat50_ms,lat75_ms,lat80_ms,lat90_ms,lat95_ms,lat98_ms,lat99_ms,lat100_ms,t_norm,sin_day,cos_day,sin_hour,cos_hour,is_gap,time_since_last_obs,time_to_next_obs
1637930130.0,3.5,0.0,10.0,2048.0,1482.559488,844.192,841.769,843.833,843.833,875.462,875.462,875.462,875.462,875.759,0.0,-0.1542792927718925,-0.9880272768612236,-0.5446390350041007,-0.8386705679525197,0.0,0.0,0.0
1637930146.0,3.5,0.059012,30.0,2048.0,1582.055424,542.502,543.193,549.103,550.186,551.202,552.363,552.525,552.525,552.841,0.0004061738424045,-0.15542881000161,-0.987847095972592,-0.5678437448643169,-0.8231363686646755,0.0,0.0,0.0
1637930162.0,3.5,0.072997,40.0,2048.0,1646.845952,582.36,584.222,597.598,598.091,599.218,601.417,603.755,603.755,606.606,0.000812347684809,-0.1565781168319987,-0.9876655776776596,-0.5906056676360599,-0.8069603121319932,0.0,0.0,0.0
1637930178.0,3.5,0.040482,50.0,2048.0,1688.539136,708.245,710.131,719.573,721.993,725.67,734.043,734.185,734.185,737.539,0.0012185215272136,-0.1577272116495686,-0.987482722231256,-0.6129070534978492,-0.7901550124960194,0.0,0.0,0.0
1637930194.0,3.5,0.306398,70.0,2048.0,1815.228416,1412.604,1416.541,1430.599,1439.236,1443.194,1444.121,1445.117,1448.054,1449.671,0.0016246953696181,-0.1588760929560964,-0.987298529871794,-0.6347305132432355,-0.7727335734636996,0.0,0.0,0.0
1637930210.0,3.5,0.495368,80.0,2048.0,1826.44736,1166.394,1170.535,1198.775,1201.212,1212.313,1213.628,1215.344,1216.54,1217.178,0.0020308692120227,-0.1600247591386896,-0.9871130008578574,-0.6560590288672613,-0.7547095803299081,0.0,0.0,0.0
1637930226.0,3.5,0.383648,100.0,2048.0,1830.576128,3535.697,3529.806,3568.727,3574.962,3588.783,3593.429,3594.414,3596.494,3596.999,0.0024370430544272,-0.1611732086996836,-0.9869261354313444,-0.6768759697459941,-0.7360970870614963,0.0,0.0,0.0
1637930242.0,3.5,0.369011,110.0,2048.0,434.372608,1527.971,1527.266,1571.459,1583.505,1595.752,1599.02,1607.039,1607.603,1609.029,0.0028432168968318,-0.1623214400267921,-0.9867379338545916,-0.6971651027611655,-0.7169106077413094,0.0,0.0,0.0
1637930258.0,3.5,0.369011,120.0,2048.0,439.410688,1673.571,1664.22,1746.609,1749.666,1765.461,1767.82,1769.404,1769.815,1772.349,0.0032493907392363,-0.1634694516229175,-0.986548396372982,-0.7169106077334886,-0.6971651027692077,0.0,0.0,0.0
1637930274.0,3.5,0.259239,130.0,2048.0,440.823808,1917.784,1920.672,1956.775,1970.206,1990.829,1997.882,2000.871,2002.789,2010.631,0.0036555645816409,-0.1646172418763883,-0.9863575232526036,-0.7360970870539031,-0.6768759697542516,0.0,0.0,0.0
1637930290.0,2.968518014779124,0.48545395427830945,181.70777753122132,2234.9181123220205,669.0893676719933,8536.115537528556,8268.993665789125,9667.226505665596,9326.482431444996,10268.25213889925,8620.549391359367,9320.381198265623,11036.469705170683,9913.50943151257,0.0040617384240454,-0.1657648092763314,-0.9861653147447346,-0.7547095803225484,-0.6560590288757276,1.0,1.0,11.0
1637930306.0,2.961825859507819,0.5085659044142683,191.66062225833437,2299.915894069169,699.6175694994872,10245.372955305444,9977.955641943696,11474.439738914229,10113.34281420138,11952.702318973152,9928.993502198804,10809.385015662523,12347.280501346046,11425.181176986218,0.00446791226645,-0.1669121522547506,-0.985971771111976,-0.7727335731610098,-0.6347305136117362,1.0,2.0,10.0
1637930322.0,2.957702729999429,0.5177594224058149,192.2556460425999,2330.278947747208,714.8567224526454,10975.764260236538,10726.13336099316,12083.110293272968,10400.06005517755,12494.127064315378,10369.902699380167,11361.313117381505,12688.856465219884,11909.33495301853,0.0048740861088545,-0.16805926925831,-0.985776892616358,-0.7901550122037367,-0.6129070538746578,1.0,3.0,9.0
1637930338.0,2.954305440520436,0.5180846390758473,190.58346401113204,2348.7293929742546,723.5186308231537,11303.850730662725,11066.806080842336,12299.02027201981,10458.97587776645,12610.93320210567,10507.240716284268,11560.977996800477,12705.392052147778,11995.273207078473,0.0052802599512591,-0.1692061587483214,-0.9855806795192558,-0.8069603121253678,-0.5906056676451125,1.0,4.0,8.0
1637930354.0,2.951329350552458,0.5140945344808993,188.1568800037149,2357.377525246313,728.2267476558329,11407.91607757218,11175.752121237845,12286.845662498372,10400.061909684226,12482.72081449338,10511.554801777365,11558.701842445058,12534.37349306363,11858.48527161019,0.0056864337936636,-0.1703528191290365,-0.9853831320936998,-0.8231363683938826,-0.5678437452568535,1.0,5.0,7.0
1637930370.0,2.949436003870383,0.507487445884251,185.11597795515087,2358.6077865313277,729.6711767794188,11358.255482330744,11115.13311037427,12117.506901018984,10231.543506207698,12208.40358536451,10433.758842969994,11410.636608061246,12235.55480147359,11569.147672327743,0.0060926076360682,-0.171499248905406,-0.9851842505972584,-0.8386705679464099,-0.5446390350135089,1.0,6.0,6.0
1637930386.0,2.9494274358833428,0.4985019563587549,181.1630783479479,2353.823300714788,728.0802599953531,11168.230553879708,10900.73331815978,11806.062252331723,9925.232165862117,11822.869927621796,10268.407444738525,11124.94548124207,11824.921833699334,11131.078627358078,0.0064987814784727,-0.1726454464679789,-0.9849840353091376,-0.8535507971635661,-0.5210096320236708,1.0,7.0,5.0
1637930402.0,2.9519775345244628,0.48644223020795213,175.7546218512762,2343.0043215254814,723.5510439070846,10813.385760168332,10520.847327337702,11318.400817890077,9433.35023315446,11301.990914514081,9979.029339470206,10669.489162489037,11283.368431527513,10498.804320538862,0.0069049553208773,-0.173791410307979,-0.9847824864929128,-0.8677654533862394,-0.4969739609973286,1.0,8.0,4.0
1637930418.0,2.9578103795192963,0.46972750941463265,168.0255090139361,2325.163009958666,715.9815747297275,10233.24065133981,9934.040005326224,10553.17644819847,8676.62434754481,10570.35513989571,9489.25710219326,9963.063135465054,10558.19076033655,9583.456770521992,0.0073111291632818,-0.174937138859601,-0.9845796044239472,-0.8813034519792307,-0.4725507650289987,1.0,9.0,3.0
1637930434.0,2.9677224235361264,0.44522762056023457,156.50388051323296,2300.552892814591,704.8653103986207,9310.769828078526,9047.879322770641,9278.692264082567,7518.524491210452,9471.71595087658,8635.901640768065,8845.697413986174,9520.575015353414,8251.226097080918,0.0077173030056864,-0.1760826305716944,-0.9843753893769146,-0.894154236869751,-0.4477590877780965,1.0,10.0,2.0
1637930450.0,2.9951459481512006,0.4029797414432091,133.84454338661948,2253.3822436643745,685.0205509373303,7258.551103316338,6981.88857235101,6534.599029711137,5046.577126204827,7061.827477537168,6736.353511322823,6402.247261849576,7180.194362318376,5393.996935173485,0.0081234768480909,-0.177227883879108,-0.9841698416308708,-0.9063077869739063,-0.4226182618752535,1.0,11.0,1.0
1637930466.0,3.5,0.03518,10.0,1792.0,513.339392,833.759,827.527,850.561,850.561,858.18,858.18,858.18,858.18,858.649,0.0085296506904955,-0.1783728972742995,-0.983962961456361,-0.9177546257240444,-0.3971478905421994,0.0,0.0,0.0
1637930482.0,3.5,0.082812,30.0,1792.0,606.560256,467.243,470.307,475.915,475.979,477.776,478.27,478.588,478.588,479.207,0.0089358245329,-0.1795176691498066,-0.9837547491438202,-0.9284858268380424,-0.3713678356574206,0.0,0.0,0.0
1637930498.0,3.5,0.1153,40.0,1792.0,658.812928,594.712,596.975,604.655,607.494,611.698,618.266,618.951,618.951,619.844,0.0093419983753046,-0.1806621980130421,-0.9835452049647216,-0.9384930228057916,-0.34529819887287,0.0,0.0,0.0
1637930514.0,3.5,0.060211,60.0,1792.0,797.978624,1343.613,1338.057,1366.07,1371.358,1374.652,1375.875,1379.012,1379.919,1385.208,0.0097481722177091,-0.1818064822572239,-0.9833343292132404,-0.9477684098347704,-0.3189593098175231,0.0,0.0,0.0
1637930530.0,3.5,0.286556,70.0,1792.0,852.381696,1005.227,1018.823,1035.01,1035.667,1040.067,1043.504,1046.789,1050.006,1050.9,0.0101543460601137,-0.1829505203904008,-0.9831221221643228,-0.9563047558756927,-0.2923717050084216,0.0,0.0,0.0
1637930546.0,3.5,0.338384,80.0,1792.0,855.867392,1134.653,1127.454,1175.163,1176.194,1182.664,1190.706,1191.22,1194.475,1195.886,0.0105605199025182,-0.1840943108064795,-0.9829085841158816,-0.9640954040973334,-0.2655561179833735,0.0,0.0,0.0
1637930562.0,3.5,0.279012,100.0,1792.0,861.896704,1382.228,1378.475,1415.713,1420.078,1438.353,1445.452,1451.436,1460.434,1461.871,0.0109666937449228,-0.1852378519998525,-0.9826937153490302,-0.971134279846254,-0.2385334578366265,0.0,0.0,0.0
1637930578.0,3.5,0.362392,110.0,1792.0,433.242112,1535.836,1550.836,1616.327,1616.987,1621.935,1625.335,1634.762,1636.933,1638.119,0.0113728675873273,-0.1863811424223215,-0.9824775161546192,-0.9774158942826356,-0.2113247964713926,0.0,0.0,0.0
1637930594.0,3.5,0.390209,130.0,1792.0,444.817408,1988.808,1996.293,2056.615,2061.061,2066.786,2075.075,2083.597,2084.161,2087.486,0.0117790414297319,-0.1875241804831462,-0.982259986833488,-0.98293534910675,-0.1839513508414425,0.0,0.0,0.0
1637930610.0,3.5,0.48273,140.0,1792.0,450.748416,6219.064,6219.588,6272.574,6284.242,6306.779,6311.372,6315.558,6315.702,6319.392,0.0121852152721364,-0.188666964692,-0.982041127669258,-0.987688340597742,-0.1564344650237871,0.0,0.0,0.0
1637930626.0,3.5,0.485493,150.0,1792.0,459.608064,2131.055,2142.068,2185.699,2212.663,2239.101,2251.997,2253.482,2254.207,2254.421,0.012591389114541,-0.1898094934445501,-0.9818209389691804,-0.9916711623573736,-0.1287955967755704,0.0,0.0,0.0
1637930642.0,3.5,0.485493,160.0,1792.0,466.665472,2445.344,2449.07,2526.61,2534.896,2549.712,2557.41,2560.074,2570.765,2574.578,0.0129975629569455,-0.1909517652511341,-0.9815994210203446,-0.9948807088338076,-0.1010562971335293,0.0,0.0,0.0
1637930658.0,3.5,0.66797,170.0,1792.0,476.319744,8046.799,8041.751,8115.133,8125.363,8147.629,8158.325,8163.364,8166.912,8170.339,0.0134037367993501,-0.1920937785081386,-0.9813765741337348,-0.9973144772122532,-0.0732381972938322,0.0,0.0,0.0
1637930674.0,3.5,0.849362,180.0,1792.0,544.833536,2755.991,2769.448,2834.991,2850.402,2871.635,2877.15,2884.349,2885.014,2890.943,0.0138099106417546,-0.1932355317265731,-0.981152398599906,-0.998970569794466,-0.045362988046645,0.0,0.0,0.0
1637930690.0,3.5,0.304529,190.0,1792.0,556.220416,2609.018,2617.693,2670.061,2680.798,2703.093,2708.208,2721.273,2722.77,2727.093,0.0142160844841592,-0.1943770233035524,-0.980926894733573,-0.9998476951540592,-0.0174524065708886,0.0,0.0,0.0
1637930706.0,3.5,0.541126,200.0,1792.0,565.035008,6938.791,6937.672,6996.858,7008.453,7037.389,7052.237,7061.292,7061.513,7064.634,0.0146222583265637,-0.195518251736495,-0.9807000628316002,-0.9999451693643004,0.0104717842319558,0.0,0.0,0.0
1637930722.0,3.5,0.516373,210.0,1792.0,575.471616,12025.885,12029.862,12089.852,12115.42,12132.441,12143.752,12159.604,12163.079,12167.048,0.0150284321689683,-0.1966592154517978,-0.9804719032067586,-0.9992629164144832,0.0383878089869911,0.0,0.0,0.0
1637930738.0,2.999028076861869,0.5280258058405413,192.73635858007452,2143.8104855361084,658.22431143053,8570.237372982541,8448.187913014845,9189.806124433122,9188.381646467733,10451.188469436536,9442.026318357159,9951.642105175557,10638.630439713377,10378.167834990803,0.0154346060113728,-0.1977999129475646,-0.980242416159358,-0.9978014682821924,0.066273900548412,1.0,1.0,1.0
1637930754.0,3.5,0.811179,220.0,1792.0,578.166784,12845.028,12849.314,12948.927,12950.232,13005.253,13026.431,13028.953,13029.504,13032.07,0.0158407798537774,-0.1989403426223919,-0.9800116020115708,-0.9955619646532624,0.0941083127876391,0.0,0.0,0.0
1637930770.0,2.9707342307079863,0.5620160521431622,211.15176408352866,2242.9431044379976,705.5512883419823,11138.33737972975,11392.056938088463,12280.587241092766,11656.532836307646,12961.653644826945,11749.330452168599,12353.932883268042,13308.02129893977,13375.79775669078,0.0162469536961819,-0.2000805029893543,-0.9797794610643392,-0.9925461516759208,0.1218693431233638,1.0,1.0,11.0
1637930786.0,2.9641894276293312,0.5630293740223111,213.25333668059082,2313.2829043393785,727.7751264233302,12118.299458609697,12542.711216491345,13511.35930762244,11950.753411294792,13882.272526116572,12331.252410097724,13039.22226223484,14215.406327869037,13964.551192343382,0.0166531275385865,-0.2012203924478023,-0.9795459936435617,-0.9887563811218064,0.1495353429491146,1.0,2.0,10.0
1637930802.0,2.958817989335918,0.560189494549108,210.42606072513954,2340.47774039824,739.5978589897537,12509.69390351355,12933.2113998553,13794.46114040749,12086.268395796862,14035.734381748245,12366.700111854281,13206.34556671209,14294.839767955935,14009.173073426682,0.017059301380991,-0.2023600095115148,-0.9793112000536396,-0.9841956080136685,0.177084740072671,1.0,3.0,9.0
1637930818.0,2.953972597687294,0.5526435583352556,206.43573760042148,2353.941939785776,746.1330875036427,12621.887382896048,13007.527990476872,13782.073716141778,12033.675822804129,13912.760470410047,12221.637361703963,13140.774979147638,14103.598865247262,13797.93685486077,0.0174654752233956,-0.2034993525948527,-0.979075080621234,-0.978867388761999,0.2044960518402874,1.0,4.0,8.0
1637930834.0,2.9503328907955972,0.5429420648213569,201.9665195173409,2358.087693091765,748.6800270477131,12556.30987493377,12880.657414091787,13583.149072086264,11849.561636351582,13615.30766925827,12003.25992685472,12934.89511445535,13754.614700753185,13434.906871241727,0.0178716490658001,-0.2046384201695648,-0.9788376356630882,-0.972775878259884,0.2317479032822335,1.0,5.0,7.0
1637930850.0,2.9485637435739003,0.5319130663662888,197.02760939713625,2355.733306228122,747.8397377805554,12356.303002398108,12601.851346907637,13249.973227247941,11535.245627023622,13207.721227092075,11730.839081702448,12614.186823862181,13299.875685038727,12954.847959891122,0.0182778229082047,-0.2057772106935188,-0.9785988655006684,-0.9659258262809188,0.2588190451329351,1.0,6.0,6.0
1637930866.0,2.949022678359286,0.5194376802503534,191.35318578889027,2347.689203588239,744.1978519391863,12029.09139555805,12191.390742166346,12795.669345690574,11079.458575919267,12703.446710761242,11391.992961237822,12173.694284490615,12751.820286051632,12347.358767980362,0.0186839967506092,-0.2069157226107203,-0.9783587704602456,-0.9583225745179376,0.2856883672278447,1.0,7.0,5.0
1637930882.0,2.952068841198389,0.5046062240787594,184.39708018635196,2333.2762867186625,738.1410201019883,11544.870875538687,11640.594759466048,12183.712981100227,10445.33289032023,12067.4381941055,10945.395635832028,11571.936673559001,12090.316594723447,11560.136987342712,0.0190901705930138,-0.2080539544225002,-0.9781173508578408,-0.949972051504504,0.312334918573515,1.0,8.0,4.0
1637930898.0,2.95826858506742,0.48564382298677844,175.2394732848033,2311.0168743181875,729.7978912278918,10834.525063440806,10909.241114461838,11307.165496666656,9556.23231817982,11216.781502946025,10306.930178583316,10717.578265242153,11263.990040523817,10498.744220391469,0.0194963444354183,-0.2091919045309168,-0.977874607032378,-0.9408807690056492,0.3387379201024566,1.0,9.0,3.0
1637930914.0,2.968380473140933,0.4592980851286409,162.36188510298103,2280.759640478394,718.9671263917165,9772.096698521233,9909.454195217046,9929.57735650996,8279.808136060743,9991.147636861544,9308.431468785595,9443.097195789971,10147.95235976924,9025.047713411772,0.0199025182778229,-0.2103295714522773,-0.9776305393003542,-0.931055815826941,0.3648767844284277,1.0,10.0,2.0
1637930930.0,2.996291489560682,0.41629865866734617,138.45173448101144,2223.141473072639,701.117775670095,7610.228404297358,7731.846921345638,7100.440385128795,5726.269277170239,7463.646582609776,7304.150817731877,6868.657612148165,7738.712605852025,6041.64417814797,0.0203086921202274,-0.211466953589433,-0.9773851480044112,-0.920504853498854,0.3907311283799297,1.0,11.0,1.0
1637930946.0,3.5,0.052094,10.0,1536.0,653.971456,502.057,503.014,504.966,504.966,505.494,505.494,505.494,505.494,511.036,0.020714865962632,-0.2126040494594318,-0.9771384334644972,-0.9092361089927212,0.4162807923791063,0.0,0.0,0.0
1637930962.0,3.5,0.009995,30.0,1536.0,762.503168,441.104,444.162,447.504,450.078,452.106,452.254,455.001,455.001,456.945,0.0211210398050365,-0.2137408574659265,-0.97689039602697,-0.897258369712194,0.4415058527147923,0.0,0.0,0.0
1637930978.0,3.5,0.00843,40.0,1536.0,795.901952,616.555,617.498,635.278,635.488,636.736,637.072,637.169,637.169,637.783,0.0215272136474411,-0.2148773761125017,-0.9766410360183554,-0.8845809751387936,0.4663866404845886,0.0,0.0,0.0
1637930994.0,3.5,0.037488,60.0,1536.0,934.85056,1355.277,1360.589,1374.076,1374.699,1384.79,1394.083,1395.263,1396.855,1397.157,0.0219333874898456,-0.2160136038462565,-0.976390353779344,-0.8712138113746755,0.4909037531635007,0.0,0.0,0.0
1637931010.0,3.5,0.282292,70.0,1536.0,988.667904,3111.408,3115.948,3142.496,3146.532,3159.147,3160.869,3161.488,3161.816,3164.841,0.0223395613322502,-0.2171495391289034,-0.9761383496493234,-0.8571673008406892,0.5150380746794236,0.0,0.0,0.0
1637931026.0,3.5,0.325759,80.0,1536.0,993.820672,1116.123,1118.672,1144.415,1151.347,1159.381,1164.342,1171.374,1172.216,1172.254,0.0227457351746547,-0.2182851804083495,-0.9758850239726472,-0.8424523972686565,0.5387707845979529,0.0,0.0,0.0
1637931042.0,3.5,0.425662,100.0,1536.0,997.74464,1409.342,1401.528,1453.739,1454.72,1460.243,1473.742,1476.244,1477.653,1478.469,0.0231519090170593,-0.2194205261897042,-0.9756303770827522,-0.8270805744072353,0.5620833776569075,0.0,0.0,0.0
1637931058.0,3.5,0.273746,110.0,1536.0,436.342784,1552.557,1567.305,1595.389,1597.158,1603.708,1606.632,1614.371,1614.855,1623.783,0.0235580828594638,-0.2205555749074645,-0.9753744093307132,-0.8110638189815449,0.5849576749980051,0.0,0.0,0.0
1637931074.0,3.5,0.364559,120.0,1536.0,442.146816,1735.983,1728.886,1790.83,1794.995,1807.906,1810.096,1811.082,1815.043,1820.147,0.0239642567018684,-0.2216903249965593,-0.9751171210695256,-0.7944146206587253,0.6073758395620077,0.0,0.0,0.0
1637931090.0,3.5,0.263686,140.0,1536.0,454.332416,3573.2,3568.001,3617.282,3629.642,3648.822,3656.573,3662.842,3665.076,3669.259,0.0243704305442729,-0.2228247749774681,-0.9748585126346492,-0.7771459614278171,0.6293203910858393,0.0,0.0,0.0
1637931106.0,3.5,0.487369,150.0,1536.0,463.171584,2559.012,2556.514,2632.071,2644.891,2650.852,2653.482,2658.198,2661.027,2666.863,0.0247766043866774,-0.2239589232575584,-0.9745985843891396,-0.7592713074455083,0.6507742171367796,0.0,0.0,0.0
1637931122.0,3.5,0.487369,160.0,1536.0,471.179264,3115.212,3102.985,3182.098,3214.937,3228.188,3238.713,3244.543,3247.727,3250.043,0.025182778229082,-0.2250927683439161,-0.9743373366751744,-0.7408045962334502,0.6717205893817718,0.0,0.0,0.0
1637931138.0,2.9749047628415135,0.5357108523148364,202.14620465428396,2188.159479569359,689.2256254836035,9888.63308573731,9771.770210039953,11195.257990783666,11309.341368965866,12240.276965520407,10254.286818129563,11293.857812074593,12768.454050220189,12046.498359510737,0.0255889520714865,-0.2262263086731183,-0.9740747698529796,-0.7217602281931658,0.6921431737715465,1.0,1.0,18.0
1637931154.0,2.9675509492323666,0.55205211902659,210.51114938061764,2270.7312862651997,718.3599095131223,11458.126657454526,11485.192536425482,12909.922446882721,11976.744940527407,13759.917527381647,11508.94108806592,12607.762494324339,13977.060945184008,13373.662652485427,0.0259951259138911,-0.2273595427530399,-0.9738108842681564,-0.7021530529151515,0.7120260460698979,1.0,2.0,17.0
1637931170.0,2.9626103161129915,0.5584645190247881,210.51949885756943,2310.0051797481324,733.7315028516539,12145.664119945253,12248.438948002413,13489.820540478173,12272.026602417656,14254.32920719489,11911.94460123655,13091.633890497196,14312.975612935868,13821.541187749684,0.0264012997562956,-0.2284924689927553,-0.9735456802911688,-0.6819983601385217,0.7313537015482777,1.0,3.0,16.0
1637931186.0,2.95805044618832,0.5577722767681248,208.7688675799005,2335.9566384734594,743.30338032519,12479.05889677683,12631.348591956345,13721.397576226129,12366.586661487596,14391.810584681933,12023.732172804208,13265.97647529193,14381.563874710922,13933.869292612413,0.0268074735987002,-0.2296250859151219,-0.9732791582677978,-0.6613118652145907,0.7501110697266099,1.0,4.0,15.0
1637931202.0,2.953502193387758,0.5542566247237845,206.78566363035358,2352.1494281960745,749.5980311921018,12625.965152557274,12818.136457668597,13765.608681068343,12378.178564550195,14321.952062412827,12027.127030521435,13282.721229326187,14312.512910104488,13879.902922890386,0.0272136474411047,-0.2307573919300808,-0.973011318572208,-0.6401096995394467,0.7682835235481229,1.0,5.0,14.0
1637931218.0,2.9493814542794556,0.5497477198504969,204.83258600401382,2362.0091108275087,753.4321934594543,12669.718801896155,12885.16025557857,13704.628608339392,12334.221501894117,14150.377419990102,11986.9630617693,13213.754371718758,14173.182371700124,13747.29473581714,0.0276198212835093,-0.2318893855612981,-0.9727421615536171,-0.6184083952173448,0.7858568932857358,1.0,6.0,13.0
1637931234.0,2.9460786010258384,0.5449429620130738,202.87524895949076,2368.152609794342,755.2685174774624,12650.926325582463,12868.604677004902,13585.034598365533,12237.955605766729,13940.702672438112,11916.73857997741,13093.082267901316,13999.822734501911,13578.338661148191,0.0280259951259138,-0.2330210652195896,-0.9724716875898896,-0.5962248753698864,0.8028174748908767,1.0,7.0,12.0
1637931250.0,2.9436403532805913,0.5400702576503831,200.8669064082055,2372.041782908052,755.5754865600992,12591.345066739908,12792.473894504215,13434.65333724102,12096.533090248357,13718.704756042376,11820.89244288328,12940.346736397223,13808.061987949548,13389.177784350253,0.0284321689683184,-0.2341524294294384,-0.9721998970336768,-0.5735764365592932,0.8191520441431756,1.0,8.0,11.0
1637931266.0,2.941934649700653,0.535146314924376,198.7725315862726,2374.349690025442,754.7492071086475,12502.733487590527,12672.143584531928,13266.901883411587,11918.088130704251,13491.90020964148,11702.487607841816,12766.055868306892,13600.670000029957,13182.205268508984,0.0288383428107229,-0.2352834766025439,-0.9719267902665408,-0.5504807404778267,0.8348478630043822,1.0,9.0,10.0
1637931282.0,2.940836827065998,0.5300531813215345,196.53855489695007,2375.2919758304783,753.0343398447155,12389.144414483162,12514.638352235706,13084.597020709454,11706.627388807847,13257.6643796131,11562.766224343351,12572.936713324718,13373.236073036898,12952.661739581028,0.0292445166531275,-0.2364142052500743,-0.971652367648006,-0.5269557956846741,0.8498926928703011,1.0,10.0,9.0
1637931298.0,2.940302378770764,0.5245731352719242,194.082283860371,2374.7851267922038,750.5209532206133,12248.300615380002,12319.887070948189,12882.857600507987,11460.485208479677,13008.214439971089,11400.60286531975,12357.527658745279,13117.020419453533,12690.589160773467,0.029650690495532,-0.2375446138411749,-0.9713766295495516,-0.503019946605913,0.8642748019678606,1.0,11.0,8.0
1637931314.0,2.940396824910242,0.5183936748982599,191.27769657532818,2372.505300853923,747.1701964869039,12071.64407059707,12081.640446986683,12650.042903395293,11171.222657090737,12731.286637481617,11211.447213956595,12110.156751802806,12819.583022795196,12379.924683414298,0.0300568643379366,-0.2386747008030302,-0.9710995763548576,-0.4786918581058236,0.8779829753379014,1.0,12.0,7.0
1637931330.0,2.941321603508362,0.5110753518417093,187.9257789668884,2367.884827814753,742.833109662689,11842.646602289116,11786.72218824616,12365.74402628306,10820.799402781635,12407.699942200383,10984.716230902291,11812.360819344914,12463.546821172236,11995.09941232235,0.0304630381803411,-0.2398044646621997,-0.9708212084251536,-0.4539904996850491,0.8910065242161358,1.0,13.0,6.0
1637931346.0,2.9434432499222574,0.5019615590371176,183.69998989878786,2360.0256414038795,737.244456112919,11532.80447118848,11411.738703041734,11994.492874708456,10376.172772853268,12005.946751320025,10698.419659501695,11430.969634274581,12022.896084638971,11495.207452331792,0.0308692120227457,-0.2409339038326297,-0.9705415261512356,-0.428935133543303,0.9033352927967492,1.0,14.0,5.0
1637931362.0,2.9473227712241674,0.4899972471558395,178.0594774787598,2347.5359102725415,729.9926319472795,11094.836550878095,10916.935418750214,11472.982158684583,9781.217977264076,11473.705740641448,10309.664641269912,10908.114062451143,11456.03432418604,10816.342829704841,0.0312753858651502,-0.2420630168417241,-0.9702605298977606,-0.403545296266213,0.9149596678878334,1.0,15.0,4.0
1637931378.0,2.9537726478801933,0.473464734200988,170.12245370603358,2328.541256828193,720.497412460752,10455.85324756229,10239.472078714429,10686.313537540651,8945.681121445716,10724.725868685286,9739.901939804866,10147.53754910961,10697.909052385417,9862.52901679392,0.0316815597075548,-0.243191802104343,-0.9699782200592144,-0.3778407869315461,0.925870584763848,1.0,16.0,3.0
1637931394.0,2.9637847450118207,0.449139344916016,158.35814067815343,2302.289285164582,707.6739894751572,9493.00690010815,9269.106043420921,9400.71264012847,7715.809384075739,9601.635608904999,8825.335630214922,8978.40929046075,9613.343526264127,8492.010212338959,0.0320877335499593,-0.2443202581346322,-0.9696945970072364,-0.3518416482856263,0.9360595357837308,1.0,17.0,2.0
1637931410.0,2.9907992005701467,0.40720293674713415,135.18147701143226,2248.7868375197686,685.6624766259586,7421.763510667628,7058.528018290985,6614.818759934142,5128.577229727314,7130.9154536152,6841.442082760283,6450.246557151933,7200.187212771512,5572.766992158353,0.0324939073923639,-0.2454483833907066,-0.9694096611293332,-0.3255681545414119,0.9455185755703054,1.0,18.0,1.0
1637931426.0,3.5,0.002942,20.0,1280.0,548.72064,299.436,298.076,305.492,305.492,306.044,307.823,307.823,307.823,309.605,0.0329000812347684,-0.2465761763452481,-0.9691234128112668,-0.2990407921031869,0.9542403285641928,0.0,0.0,0.0
1637931442.0,3.5,0.066336,30.0,1280.0,184.250368,476.01,474.479,486.442,487.129,490.101,491.254,491.359,491.359,492.296,0.033306255077173,-0.2477036354572901,-0.9688358524441804,-0.2722802470945427,0.9622179935140138,0.0,0.0,0.0
1637931458.0,3.5,0.074923,50.0,1280.0,306.491392,760.825,761.035,783.778,785.583,794.017,795.55,798.221,798.221,798.86,0.0337124289195775,-0.2488307592427118,-0.9685469804065756,-0.245307385691453,0.9694453499425456,0.0,0.0,0.0
1637931474.0,3.5,0.139124,60.0,1280.0,356.737024,852.52,856.042,870.321,871.295,880.49,882.802,883.216,884.99,885.159,0.0341186027619821,-0.2499575461191656,-0.968256797103994,-0.2181432418734987,0.975916761832135,0.0,0.0,0.0
1637931490.0,3.5,0.254342,80.0,1280.0,415.301632,1092.496,1093.787,1117.797,1121.981,1130.736,1132.084,1134.012,1134.107,1134.983,0.0345247766043866,-0.2510839946175137,-0.9679653029147854,-0.190808995611531,0.9816271834019872,0.0,0.0,0.0
1637931506.0,3.5,0.419444,90.0,1280.0,421.978112,2514.654,2519.689,2548.848,2549.04,2557.047,2562.755,2563.868,2567.037,2568.024,0.0349309504467912,-0.2522101031563568,-0.9676724982481728,-0.1633259626912068,0.9865721615325412,0.0,0.0,0.0
1637931522.0,3.5,0.240957,100.0,1280.0,421.978112,1388.345,1386.643,1418.615,1420.92,1431.987,1444.185,1455.979,1456.189,1456.892,0.0353371242891957,-0.2533358702674416,-0.9673783834859232,-0.1357155726387569,0.9907478404434372,0.0,0.0,0.0
1637931538.0,2.967423995854838,0.48544838489099246,179.05361608763525,2197.3149146267833,671.2677067172749,8552.241850896553,8018.310651807708,9571.870056490705,9237.286223850853,10118.923381632227,8348.57995546854,9265.544149471072,11107.13749717419,9774.209681636716,0.0357432981316003,-0.2544612943843981,-0.9670829590372362,-0.1079993556632941,0.9941509639769572,1.0,1.0,11.0
1637931554.0,2.9613496323258586,0.5079596114311307,189.74672908281073,2281.730368454701,700.2180704427449,10232.837247151907,9795.092367149833,11414.762345697574,10022.761290120287,11879.487743112804,9722.293882523143,10769.862304988259,12295.784835228631,11311.149821554565,0.0361494719740048,-0.2555863739835781,-0.9667862253021224,-0.0801989245016398,0.9967788784423456,1.0,2.0,10.0
1637931570.0,2.9575459197537155,0.5172114539426226,190.89799623544357,2318.436143648478,715.3559331775367,10961.635259511851,10604.539398021574,12036.689189163304,10339.640845843329,12439.14565374742,10239.683202187372,11338.047413379623,12622.752211516512,11823.4301567726,0.0365556458164094,-0.2567111075839927,-0.9664881826711592,-0.0523359561670453,0.9986295347585517,1.0,3.0,9.0
1637931586.0,2.9543028364163777,0.5177525969439115,189.76113330334647,2339.6497682761724,724.1343563369552,11293.481395380863,10993.00739088958,12264.022285018207,10432.91449544904,12560.743412912245,10441.253227457288,11554.289199804196,12646.975664832207,11931.944070837842,0.0369618196588139,-0.2578354936066499,-0.966188831562762,-0.0244321782929279,0.9997014897777547,1.0,4.0,8.0
1637931602.0,2.9515182957066237,0.5140422711133212,187.67761251244167,2349.137394838151,728.9572273667312,11400.425693246578,11135.126169962605,12263.999428282248,10395.904105716701,12436.148569466077,10486.56381908525,11561.05108148454,12485.04825629181,11811.586710201133,0.0373679935012185,-0.2589595305855424,-0.965888172367234,0.0034906515242482,0.9999939076574098,1.0,5.0,7.0
1637931618.0,2.949863801766892,0.5077433118324265,184.8145575020525,2349.6701881824924,730.5484759340566,11348.573165936828,11094.315474096824,12104.936931740403,10238.164713209804,12162.148533046384,10428.912230776154,11413.561853509036,12192.274433418572,11531.306884678992,0.037774167343623,-0.2600832169426561,-0.9655862055066649,0.0314107589708871,0.9995065603691018,1.0,6.0,6.0
1637931634.0,2.9500765253433068,0.4991006358709325,180.92287236401552,2342.5426265900237,729.213289124383,11147.482645052136,10890.31187580737,11799.827923161318,9935.611839727522,11768.009205011476,10268.11517427021,11120.096188582003,11783.96550985227,11093.511698112918,0.0381803411860276,-0.261206551212896,-0.9652829313747678,0.0593063737177593,0.9982398279153408,1.0,7.0,5.0
1637931650.0,2.9527598629024614,0.48742901306780345,175.4708772033136,2327.476961689242,725.1536266186671,10767.24278785698,10515.761308760111,11311.468431648469,9441.31781200332,11223.64895719193,9969.622193379899,10644.370328192897,11242.149166111612,10450.737833585088,0.0385865150284321,-0.2623295318192345,-0.9649783503973036,0.0871557426736692,0.9961946980982188,1.0,8.0,4.0
1637931666.0,2.9585456225234132,0.47111695305262347,167.56846286512982,2303.31054001037,718.4344911790865,10140.819828064967,9934.664442042253,10533.886598547748,8674.06141931862,10447.13149732209,9456.642318641228,9896.915302768833,10516.219215685423,9511.122215804091,0.0389926888708367,-0.2634521572974967,-0.9646724629713938,0.1149371506667767,0.9933727655802744,1.0,9.0,3.0
1637931682.0,2.968222772829196,0.4469601029076723,155.6999122965381,2270.0973679862195,708.6885880345194,9147.836416295359,9060.276916426537,9227.992934975911,7495.404356481129,9277.59772633598,8569.01442950367,8711.536231064882,9477.880613668523,8135.392666611175,0.0393988627132412,-0.2645744260716502,-0.9643652695264678,0.1426289332037838,0.989776230980089,1.0,10.0,2.0
1637931698.0,2.996249757801742,0.4053982656602598,132.31988785590983,2204.0767470387977,689.5977364633331,6989.050006890206,6933.152949366329,6391.384899684033,4982.147855268267,6784.272407124281,6628.304462959497,6165.922361669469,7082.442040187727,5174.472782364137,0.0398050365556458,-0.2656963366644193,-0.96405677046692,0.1702094989122226,0.9854078985273308,1.0,11.0,1.0
1637931714.0,3.5,0.0,10.0,1024.0,448.217088,180.824,182.531,184.747,184.747,185.769,185.769,185.769,185.769,185.876,0.0402112103980503,-0.2668178875288374,-0.9637469662181296,0.1976573399145876,0.9802711747153892,0.0,0.0,0.0
1637931730.0,3.5,0.043524,20.0,1024.0,562.368512,343.816,344.519,347.292,347.292,350.954,350.981,350.981,350.981,351.272,0.0406173842404549,-0.2679390771885603,-0.9634358571878788,0.2249510541250742,0.9743700648357472,0.0,0.0,0.0
1637931746.0,3.5,0.113007,40.0,1024.0,639.619072,609.693,609.46,616.769,621.663,632.967,634.402,634.439,634.439,634.702,0.0410235580828594,-0.2690599040695713,-0.9631234438129274,0.2520693578164843,0.9677091705930998,0.0,0.0,0.0
1637931762.0,3.5,0.10201,50.0,1024.0,728.334336,735.548,738.596,748.718,749.223,757.412,759.402,761.446,761.446,763.872,0.041429731925264,-0.2701803667105037,-0.9628097265006093,0.2789911058553106,0.9602936857303764,0.0,0.0,0.0
1637931778.0,3.5,0.009862,60.0,1024.0,778.543104,921.889,923.968,949.795,952.159,954.608,955.633,956.058,956.484,956.699,0.0418359057676685,-0.2713004635663735,-0.96249470568345,0.3056953050181564,0.9521293927244638,0.0,0.0,0.0
1637931794.0,3.5,0.251456,80.0,1024.0,838.47168,1106.998,1129.869,1139.342,1141.33,1150.047,1152.274,1152.658,1153.385,1155.922,0.0422420796100731,-0.272420193092729,-0.9621783817958708,0.3321611317342018,0.9432226580002488,0.0,0.0,0.0
1637931810.0,3.5,0.415916,90.0,1024.0,838.47168,1440.195,1438.391,1474.568,1477.931,1495.82,1497.572,1500.182,1500.657,1502.876,0.0426482534524776,-0.2735395538156371,-0.9618607552542844,0.3583679496301078,0.9335804264646472,0.0,0.0,0.0
1637931826.0,3.5,0.322583,110.0,1024.0,436.576256,1545.466,1547.888,1573.602,1587.572,1595.418,1608.584,1610.203,1610.522,1612.985,0.0430544272948822,-0.2746585442056394,-0.9615418264926592,0.384295322543961,0.9232102171612016,0.0,0.0,0.0
1637931842.0,3.5,0.476131,120.0,1024.0,442.748928,1737.19,1743.514,1778.66,1784.445,1795.834,1800.627,1806.118,1807.48,1814.913,0.0434606011372867,-0.2757771627477852,-0.9612215959427782,0.4099230339545513,0.9121201161214983,0.0,0.0,0.0
1637931858.0,3.5,0.38228,130.0,1024.0,448.159744,2406.398,2406.913,2451.969,2467.214,2490.745,2503.658,2512.302,2512.435,2512.795,0.0438667749796913,-0.2768954079136442,-0.960900064042217,0.4352310992890879,0.9003187714424331,0.0,0.0,0.0
1637931874.0,3.5,0.569335,140.0,1024.0,453.136384,5803.573,5799.805,5887.637,5888.425,5890.974,5904.012,5907.837,5911.538,5918.921,0.0442729488220958,-0.2780132782312233,-0.9605772312141948,0.4601997849231377,0.8878153850642023,0.0,0.0,0.0
1637931890.0,3.5,0.268844,150.0,1024.0,453.718016,2161.558,2176.809,2209.616,2213.652,2223.646,2227.178,2231.38,2231.786,2235.02,0.0446791226645004,-0.2791307721311657,-0.9602530979119304,0.4848096201943556,0.8746197071682096,0.0,0.0,0.0
1637931906.0,2.9709032903771875,0.5064923148683043,186.94932078729659,2175.589684387714,677.5845281978114,9052.941585962799,8587.3276855654,10062.016697655752,9673.590445986356,10638.683091296924,9031.168345959144,9910.018519515286,11723.096549764472,10570.510611860294,0.0450852965069049,-0.2802478881564504,-0.9599276645580382,0.5090414159138338,0.8607420269072722,1.0,1.0,11.0
1637931922.0,2.9643044069750872,0.5225081308772604,195.8069811828723,2269.9942926911544,704.6637895277817,10571.776214059053,10279.368904672334,11778.955707857604,10353.317214409719,12213.502187390262,10271.228597818266,11244.512024372596,12771.754292101847,11848.646505728339,0.0454914703493095,-0.2813646247387795,-0.9596009316093882,0.5328762756543421,0.8461931663897774,1.0,2.0,10.0
1637931938.0,2.9599260818784128,0.5283161782905618,195.69580510832,2310.990642221148,719.0814578327245,11238.133416974259,11013.309281851765,12344.963546797993,10634.712639394747,12712.464886303516,10680.15647053464,11732.604061050213,13015.376004630803,12257.440273231165,0.045897644191714,-0.2824809804221191,-0.959272899491984,0.5562956152985999,0.8309844694093579,1.0,3.0,9.0
1637931954.0,2.9562008317106034,0.5264954685531904,193.5282832037083,2335.2480389383963,727.4419999766097,11530.27565043195,11340.553533229828,12537.254177678617,10693.195743759254,12814.207000786473,10786.783177233312,11880.50485489488,12975.370792159356,12297.984018539764,0.0463038180341186,-0.2835969536392389,-0.958943568666344,0.5792811719684949,0.8151277959944728,1.0,4.0,8.0
1637931970.0,2.952973959031184,0.5210513095024941,190.6749851452711,2346.5084102623664,732.0383058507858,11603.726622727274,11431.71944632403,12508.147977682836,10626.20848994764,12667.071979241748,10758.413126859865,11830.465382055994,12759.411833443075,12122.73322791775,0.0467099918765231,-0.2847125429211507,-0.9586129395660022,0.6018150229845686,0.7986355101734979,1.0,5.0,7.0
1637931986.0,2.950910114033588,0.5134793719522153,187.24327786577385,2347.6887222653572,733.5367407268947,11522.911522378896,11349.405262377943,12320.564907785474,10444.670213268015,12361.769509542673,10648.51385782001,11638.244920943129,12418.202253404263,11795.739788347344,0.0471161657189277,-0.2858277467435491,-0.9582810126426932,0.6238795963764375,0.7815204726846081,1.0,6.0,6.0
1637932002.0,2.950791437829448,0.5039269898964094,182.90561216472256,2340.35343174481,732.207044395034,11295.685337192173,11109.394943392072,11987.425510174762,10120.554990664226,11932.858743087048,10448.021270293455,11305.473941308841,11966.938773950686,11319.733609616356,0.0475223395613322,-0.2869425635966097,-0.957947788345798,0.6454576875889994,0.7637960287486848,1.0,7.0,5.0
1637932018.0,2.953207455955452,0.4916566935059828,177.08005753247355,2324.322979194284,728.2986375963197,10889.058226976273,10702.24373008267,11473.34045346449,9604.952063064236,11352.911948948275,10115.039754925016,10789.593930962383,11388.340342481675,10646.464806383086,0.0479285134037368,-0.2880569919849672,-0.957613267122262,0.6665324703036166,0.7454759996344339,1.0,8.0,4.0
1637932034.0,2.958745719940474,0.4750182259198653,168.83274187900923,2298.266051595313,722.0047252147278,10231.535883718261,10091.64499970134,10673.426353831928,8815.733984153801,10537.830044768565,9568.361466720013,9995.764196052087,10632.113576943684,9680.01602176363,0.0483346872461413,-0.2891710303580419,-0.9572774494375538,0.6870875107000416,0.7265746710696845,1.0,9.0,3.0
1637932050.0,2.9682566217756827,0.4507782497067677,156.6181940720978,2261.6852157884914,713.1312996648478,9198.677661656195,9190.895652646046,9350.783644798616,7615.951617601442,9326.804991771714,8648.253783356888,8756.261580265815,9572.994228889289,8275.501599914825,0.0487408610885458,-0.2902846772633178,-0.9569403357295226,0.7071067812612742,0.7071067811118207,1.0,10.0,2.0
1637932066.0,2.9964572974045116,0.41009195569486956,133.00096009534042,2187.826660840925,695.9225367961302,7024.920953632196,7026.681745773551,6513.261340068353,5107.046407219299,6810.66036487738,6700.272350479221,6182.100090040492,7176.821648908912,5305.678219605428,0.0491470349309504,-0.2913979311373675,-0.9566019264714356,0.7265746708949568,0.687087510884811,1.0,11.0,1.0
1637932082.0,3.5,0.002872,10.0,768.0,529.7152,208.632,209.848,212.519,212.519,212.688,212.688,212.688,212.688,213.496,0.0495532087733549,-0.2925107905147824,-0.9562622221087776,0.7454759997753116,0.6665324701460533,0.0,0.0,0.0
1637932098.0,3.5,0.0,30.0,768.0,619.393024,469.402,469.227,472.832,473.779,475.831,476.276,480.166,480.166,482.31,0.0499593826157595,-0.2936232538749871,-0.955921223105683,0.7637960285845435,0.6454576877832342,0.0,0.0,0.0
1637932114.0,3.5,0.08223,40.0,768.0,671.612928,693.784,687.855,708.56,711.383,720.761,726.243,728.056,728.056,728.144,0.050365556458164,-0.2947353197118673,-0.955578929923815,0.7815204725259544,0.6238795965751798,0.0,0.0,0.0
1637932130.0,3.5,0.049544,60.0,768.0,810.491904,916.454,920.563,940.137,940.888,948.085,949.763,950.278,950.981,951.07,0.0507717303005686,-0.2958469865059466,-0.9552353430308944,0.7986355100204552,0.6018150231876631,0.0,0.0,0.0
1637932146.0,3.5,0.252934,70.0,768.0,866.451456,987.901,998.653,1012.693,1014.399,1020.411,1022.054,1022.652,1023.298,1023.873,0.0511779041429731,-0.2969582527938909,-0.954890462879172,0.8151277958471604,0.5792811721757836,0.0,0.0,0.0
1637932162.0,3.5,0.309662,90.0,768.0,875.913216,1305.325,1305.361,1344.878,1353.597,1361.691,1376.55,1377.775,1378.762,1380.331,0.0515840779853777,-0.2980691170156146,-0.9545442899528191,0.8309844690088455,0.5562956158968783,0.0,0.0,0.0
1637932178.0,3.5,0.309662,100.0,768.0,875.913216,1412.759,1418.192,1451.667,1458.783,1468.338,1470.109,1470.845,1471.098,1472.88,0.0519902518277822,-0.2991795777227404,-0.954196824703186,0.846193166006126,0.5328762762635701,0.0,0.0,0.0
1637932194.0,3.5,0.284446,110.0,768.0,437.16608,2445.865,2448.06,2501.352,2513.538,2521.754,2533.677,2539.356,2539.495,2540.323,0.0523964256701868,-0.3002896333563141,-0.9538480676180722,0.860742026777822,0.5090414161327222,0.0,0.0,0.0
1637932210.0,2.968593956798481,0.4905166576968318,180.92932536233258,2164.9428543379863,675.9358757752233,8781.54048660586,8187.909880816039,9647.359060119677,9510.165136010934,10238.097479042637,8684.034623909956,9552.844378063139,11523.368425910438,10149.52332991716,0.0528025995125913,-0.3013992824690123,-0.9534980191521976,0.8746197070449215,0.4848096204167732,1.0,1.0,12.0
1637932226.0,2.962440287064953,0.5133197734563023,191.9191398677311,2263.7681325359663,703.5168629612467,10426.84201966741,9972.456411298595,11534.144313114186,10286.143891761614,12084.646749583171,9985.997389427695,11017.647255246815,12616.858789710384,11654.390127774044,0.0532087733549959,-0.3025085235030201,-0.9531466797969884,0.8878153849471726,0.4601997851489109,1.0,2.0,11.0
1637932242.0,2.9583874154909204,0.5231773697868405,193.45785049581423,2307.178266178687,718.7457466873844,11166.227082393834,10817.716488954335,12198.537427618936,10629.64118180486,12687.548702720997,10498.7512499271,11603.562212502991,12937.564811820195,12180.685259734078,0.0536149471974004,-0.3036173550120765,-0.9527940500105312,0.900318771331753,0.4352310995180408,1.0,3.0,10.0
1637932258.0,2.9547660629062515,0.5244544243737501,192.6906627510748,2333.8928743656425,727.9605290493615,11516.54882212665,11247.421321876967,12471.29952169293,10753.72807800071,12854.905765208725,10702.40184463247,11847.475532591285,12984.032688269175,12315.686919687554,0.054021121039805,-0.3047257754533741,-0.952440130283442,0.9121201162081396,0.4099230337617663,1.0,4.0,9.0
1637932274.0,2.951401234399501,0.5216680717488117,191.0417656160781,2348.361228099469,733.4727921792679,11651.981462153613,11437.516731575204,12519.618043762059,10755.312444870879,12775.426865434363,10756.764151738847,11885.83446257607,12860.34887660123,12237.454495866134,0.0544272948822095,-0.3058337833262878,-0.9520849210949248,0.9232102170634744,0.3842953227787352,1.0,5.0,8.0
1637932290.0,2.9488260795185743,0.5167140839556934,188.79734297677476,2353.924222089958,736.0529046979608,11649.23615808098,11456.688293550931,12422.018545715015,10655.722345526814,12554.872407957608,10722.252396619697,11783.55740212078,12622.503206779944,12028.318684513262,0.0548334687246141,-0.3069413771722993,-0.9517284229125303,0.9335804265403916,0.3583679494327869,1.0,6.0,7.0
1637932306.0,2.9476300158466064,0.5101592113275821,185.86674535089435,2352.458513695429,736.0718002897323,11532.329624426842,11333.512301069013,12210.339225244383,10447.455682295324,12240.481516135787,10610.320547469164,11567.092645473636,12292.31270574897,11710.584385176393,0.0552396425670186,-0.3080485554364791,-0.9513706362367396,0.9432226579157796,0.3321611319740652,1.0,7.0,6.0
1637932322.0,2.948224809076021,0.501852096876818,181.96925690731246,2344.2018047222687,733.8452188882286,11292.02667676739,11074.92283442775,11881.0218445359,10109.312971194497,11828.438593769733,10408.172173433559,11228.042576627042,11864.846212543613,11264.322203102998,0.0556458164094232,-0.3091553166752555,-0.9510115615340448,0.9521293927890754,0.3056953048169151,1.0,8.0,5.0
1637932338.0,2.951002881385171,0.4910469344679723,176.58911175581895,2328.0281626255314,729.5938338205193,10886.82256712576,10664.711019068385,11387.556034659738,9596.031267783927,11274.07609936871,10076.853875179297,10716.759469035933,11310.990923380297,10631.783021922845,0.0560519902518277,-0.3102616593348679,-0.9506511993085448,0.9602936856594284,0.2789911060995152,1.0,9.0,4.0
1637932354.0,2.9565477503650874,0.4761989123315503,168.82611547514801,2301.7586748200592,723.4219267056505,10238.30999465374,10059.558559216202,10619.986069658973,8823.80294270095,10484.076247349198,9538.559167208407,9932.663623064343,10576.063354040263,9712.237135836485,0.0564581640942323,-0.3113675819728341,-0.9502895500300896,0.967709170528998,0.2520693580625747,1.0,10.0,3.0
1637932370.0,2.965852319914806,0.454123401475766,157.12387700793292,2263.3748756977166,715.0032957346115,9215.50608307642,9163.112529489907,9342.37730796242,7648.700969161295,9294.96441398379,8636.753064272158,8705.912426562245,9539.781209051725,8351.03509340586,0.0568643379366368,-0.3124730830365707,-0.9499266142063924,0.9743700647785416,0.2249510543728584,1.0,11.0,2.0
1637932386.0,2.993209455298337,0.41681561630796693,134.24727891899164,2183.6511206678656,698.8690236549664,7064.711387781532,6989.077600184257,6554.743227087056,5185.83945053014,6818.577494898434,6700.559047993689,6165.856709326155,7215.029629432231,5462.41196893867,0.0572705117790414,-0.313578161070875,-0.9495623923152224,0.9802711746651246,0.1976573401638725,1.0,12.0,1.0
1637932402.0,3.5,0.003928,10.0,512.0,514.248704,195.018,196.921,198.694,198.694,200.248,200.248,200.248,200.248,201.229,0.0576766856214459,-0.314682814565803,-0.9491968848542144,0.9854078984047862,0.1702094996216801,0.0,0.0,0.0
1637932418.0,3.5,0.024822,30.0,512.0,622.747648,453.752,455.331,463.396,463.643,465.597,466.207,469.864,469.864,472.85,0.0580828594638505,-0.315787042025814,-0.948830092318212,0.9897762308774014,0.1426289339163864,0.0,0.0,0.0
1637932434.0,3.5,0.024822,40.0,512.0,656.154624,682.283,682.659,691.846,691.998,699.09,699.377,699.547,699.547,703.571,0.058489033306255,-0.3168908419421422,-0.9484620152084112,0.9933727655510456,0.1149371509193933,0.0,0.0,0.0
1637932450.0,3.5,0.093347,60.0,512.0,794.935296,857.468,863.931,883.087,884.153,887.456,899.357,899.518,899.582,899.588,0.0588952071486596,-0.3179942128618083,-0.9480926540093004,0.9961946980760548,0.0871557429270035,0.0,0.0,0.0
1637932466.0,3.5,0.247067,70.0,512.0,848.203776,1021.845,1023.912,1045.213,1049.518,1055.688,1060.114,1061.157,1061.384,1067.341,0.0593013809910641,-0.3190971532358109,-0.947722009239419,0.9982398279002592,0.0593063739716137,0.0,0.0,0.0
1637932482.0,2.9666061749925965,0.488986326334361,180.10351498329402,2163.1166671934348,683.67447414486,9000.7878912517,8323.21928218938,9651.776587656099,9893.897184727139,10438.899959698574,8928.884208739888,9815.126108959219,11633.800787748189,10280.401624088101,0.0597075548334687,-0.3201996616261042,-0.9473500813820244,0.999506560361114,0.0314107592250636,1.0,1.0,12.0
1637932498.0,2.961415398070559,0.5167280725976673,193.35698627095525,2258.282495655954,708.8005488306237,10673.180633038994,10147.638006017769,11720.603696451799,10850.484182059445,12509.915524824844,10225.457308672452,11371.98410061674,12826.201779294159,12015.656760676771,0.0601137286758732,-0.3213017364986781,-0.9469768709545836,0.9999939076581476,0.0034906513128902,1.0,2.0,11.0
1637932514.0,2.957845790487591,0.530311482395441,196.75935911256371,2301.02307708237,724.3415282258941,11467.392020206902,11107.40647578255,12495.098016949105,11282.031594571083,13216.454702836845,10843.683964816071,12047.734999270446,13266.51369594956,12674.101893534817,0.0605199025182778,-0.3224033763752741,-0.9466023784577255,0.999701489783968,-0.0244321780387018,1.0,3.0,10.0
1637932530.0,2.954490666784881,0.5348215248457125,197.5953564893038,2327.8381463794904,734.1922855831974,11868.714519322948,11645.626278389429,12853.070022680758,11488.89625075554,13448.771594338781,11150.822764379755,12379.940811326689,13423.792861220356,12917.498506437043,0.0609260763606823,-0.3235045797644316,-0.9462266043984594,0.9986295347474898,-0.0523359563781149,1.0,4.0,9.0
1637932546.0,2.9513393704046202,0.5350120452909952,197.29138581866917,2343.804082611537,740.3880703900753,12060.026645869737,11938.00953344008,12983.411794990034,11565.366833539176,13447.124977357777,11290.310703033825,12501.614423060515,13411.80223014957,12949.417880594634,0.0613322502030869,-0.3246053451615168,-0.945849549290252,0.9967788784627404,-0.0801989242481569,1.0,5.0,8.0
1637932562.0,2.9487890580595293,0.5331098862265528,196.35028156142275,2352.4235987341585,743.8190919159063,12125.77321406038,12062.62776535882,12979.253413419425,11548.339680493755,13326.677157809832,11329.7415187468,12487.021331674072,13298.01651161384,12867.326965351616,0.0617384240454914,-0.3257056711175447,-0.9454712136294102,0.9941509639541306,-0.1079993558734171,1.0,6.0,7.0
1637932578.0,2.947202008652394,0.5301265787365164,194.93383224631225,2355.633632281419,745.0224136095678,12103.359646261539,12062.8768626484,12885.999475078012,11452.801060067794,13140.70970279802,11299.116898934515,12381.213909361399,13113.806895639336,12711.342609093352,0.062144597887896,-0.3268055560877888,-0.9450915979470726,0.9907478404779498,-0.1357155723868077,1.0,7.0,6.0
1637932594.0,2.9467928426577616,0.5265031471978318,193.05228267288726,2353.9773481029993,744.4444632252807,12003.899573878862,11962.290514974866,12718.925074832681,11284.640885464174,12902.824454604446,11208.141523500888,12201.43147049765,12867.919054183192,12489.370149764143,0.0625507717303005,-0.3279049986381869,-0.9447107027381932,0.9865721615740752,-0.1633259624403195,1.0,8.0,5.0
1637932610.0,2.9477554314367986,0.5224234406407612,190.6125452769263,2346.955591307436,742.4546305849111,11816.983013269572,11766.914181156018,12465.445108539152,11038.666847074623,12602.917974437,11050.70898307457,11938.89920778204,12554.507570083771,12186.80618093102,0.0629569455727051,-0.3290039972252526,-0.9443285285375032,0.9816271834505104,-0.1908089953619012,1.0,9.0,4.0
1637932626.0,2.950396261733943,0.5179164435788738,187.3728973540041,2333.160111419174,739.419996405865,11509.532976620558,11465.92367563207,12078.557787444459,10693.322777466557,12204.47132413962,10803.285622393902,11559.349694813975,12157.41810620262,11766.497349105372,0.0633631194151096,-0.3301025504160795,-0.9439450758432928,0.9759167618876092,-0.2181432416253211,1.0,10.0,3.0
1637932642.0,2.95513150550906,0.5124135571163836,182.72119883660847,2309.895369943751,735.784513446273,11009.318866290436,11018.504299737775,11444.228693722125,10193.768441555967,11625.354182345534,10406.988230350053,10989.903565941622,11634.121954305177,11150.653617117727,0.0637692932575142,-0.3312006566684298,-0.9435603451938837,0.9694453500049278,-0.2453073854449211,1.0,11.0,2.0
1637932658.0,2.9679687603237195,0.5043375781641555,172.49270403233464,2258.8669820750083,731.7468610138951,9820.677648661305,9807.302137138679,9816.351264061948,9036.511149421389,10297.870201528825,9403.29057383207,9685.576693474783,10428.404164671038,9773.235687495448,0.0641754670999187,-0.3322983145368354,-0.9431743370957346,0.9622179935832552,-0.2722802468498488,1.0,12.0,1.0
1637932674.0,3.5,0.012709,10.0,256.0,487.309312,181.642,184.189,189.528,189.528,190.649,190.649,190.649,190.649,191.08,0.0645816409423233,-0.3333955225214905,-0.9427870520762482,0.9542403286402394,-0.2990407918605217,0.0,0.0,0.0
1637932690.0,2.9517658265926934,0.497100514838512,181.6025111176143,2265.2321322342664,720.3596367865096,10329.756489035051,9844.947542353191,10733.372159258703,10491.891516758247,11141.48459563197,9757.560153671191,10753.18351297818,12118.467137665592,11050.754780366267,0.0649878147847278,-0.3344922791369344,-0.9423984906597522,0.945518575653098,-0.3255681543009646,1.0,1.0,17.0
1637932706.0,2.949250336979194,0.5139997660233083,191.70641750651274,2319.603353641533,729.4769818970067,11298.859912591477,10899.900120056442,12095.49895303792,11271.964714165024,12658.512417938498,10653.118975347234,11832.268344050175,12883.093477159333,12253.089828025746,0.0653939886271324,-0.3355885828846097,-0.942008653377186,0.9360595358732048,-0.3518416480475845,1.0,2.0,16.0
1637932722.0,2.9470966195477244,0.5237608045824579,194.90705149407063,2339.761360479349,737.6846468769924,11780.089390719928,11521.791671442232,12590.872064867475,11565.74546198552,13116.284316909896,11080.3769124768,12249.187356640366,13224.573431744197,12693.038706471625,0.0658001624695369,-0.3366844323214041,-0.9416175407416824,0.9258705848599336,-0.3778407866960954,1.0,3.0,15.0
1637932738.0,2.9450732053586064,0.5279205325704897,196.1217053093194,2353.1333975654015,743.4650738265134,12042.344608870226,11889.83491819534,12827.270945278495,11683.250095819458,13272.87694194522,11291.172653228514,12441.76549915194,13375.179022309101,12877.124528555101,0.0662063363119415,-0.3377798259362689,-0.941225153292486,0.9149596678025405,-0.4035452964595982,1.0,4.0,14.0
1637932754.0,2.9432235941855907,0.5288746989652557,196.25055140882264,2362.73153435683,746.9658420800006,12167.809470150458,12088.562210978947,12916.745800316305,11693.727440369797,13287.841939236032,11370.225313127925,12494.741985311477,13409.82196113762,12920.556178884346,0.066612510154346,-0.3388747622188179,-0.9408314915706956,0.9033352929058284,-0.4289351333135831,1.0,5.0,13.0
1637932770.0,2.9415669290575774,0.5279282408395316,195.73010588099385,2370.019775565714,748.6943231602642,12207.978057233187,12171.651090574704,12918.014349162066,11634.993977604034,13226.941557986684,11368.273231239453,12462.10471898257,13372.953619902883,12880.235175874594,0.0670186839967506,-0.3399692397414413,-0.9404365560895782,0.8910065241201807,-0.4539904998733716,1.0,6.0,12.0
1637932786.0,2.9401042961194914,0.5257596695402921,194.76614446095186,2375.883353188786,749.038409157239,12192.067611297036,12173.09825653394,12862.79649045603,11525.494940005814,13120.467856651712,11313.139998851188,12375.516091132102,13287.44619860511,12784.639695553275,0.0674248578391551,-0.3410632569676231,-0.9400403474035768,0.8779829754596337,-0.4786918578825508,1.0,7.0,11.0
1637932802.0,2.9388213452598415,0.5226748333044428,193.445691299057,2380.8569467544276,748.2532226678982,12135.33512508218,12113.34354244645,12767.000821300939,11374.252193469289,12980.501699790686,11219.51561268992,12251.076719595796,13164.128151357421,12646.632408640962,0.0678310316815597,-0.3421568124572779,-0.9396428660342584,0.8642748018615426,-0.5030199467885854,1.0,8.0,10.0
1637932818.0,2.937700605628222,0.5187594355229842,191.80062527054952,2385.3387526769607,746.4642232508053,12044.559328656022,12003.37894354176,12636.225079883241,11184.241293956047,12813.38725104344,11094.585158304548,12095.38559391917,13006.701100810866,12469.287716491963,0.0682372055239642,-0.343249904716205,-0.9392441125247026,0.849892693004307,-0.5269557954685447,1.0,9.0,9.0
1637932834.0,2.9367514724883854,0.5139331466711887,189.8140451150576,2389.7327853610354,743.6844012908443,11920.817711525027,11848.148532970397,12468.72999214633,10953.421047784745,12619.419731721735,10941.290845716663,11908.88524805786,12813.783752033742,12248.807227832076,0.0686433793663688,-0.3443425322645159,-0.938844087414764,0.8348478631443705,-0.5504807402655232,1.0,10.0,8.0
1637932850.0,2.9360315225369917,0.5079639839926626,187.41891224920508,2394.598197598045,739.8303534332841,11761.149102184714,11647.99685939372,12256.046519667523,10673.694369723642,12393.336837416253,10759.4475290152,11686.961746808956,12579.64899608502,11974.506437591897,0.0690495532087733,-0.3454346936092952,-0.938442791251045,0.8191520445561296,-0.5735764359695339,1.0,11.0,7.0
1637932866.0,2.935663175102372,0.5004358194567434,184.47913568985328,2400.77200987885,734.7124254101614,11558.576147895012,11397.496126741637,11981.194887502079,10327.941381393524,12122.685737092863,10544.191257927683,11418.641858413292,12292.91353807352,11626.867358213425,0.0694557270511779,-0.346526387312883,-0.9380402245617624,0.8028174753201367,-0.5962248747918872,1.0,12.0,6.0
1637932882.0,2.93583613762296,0.49065378312243263,180.75184363183746,2409.354666696312,727.9445766961837,11298.4250983065,11080.001463221717,11613.135030467143,9885.075296469548,11784.38006228062,10279.76388624038,11081.854627644934,11931.887950497716,11174.114979810649,0.0698619008935824,-0.3476176118426716,-0.937636387912072,0.7858568934429982,-0.6184083950174998,1.0,13.0,5.0
1637932898.0,2.9368099260322666,0.47751295594507703,175.837019541718,2421.5741791509736,718.7748205333472,10950.196133276726,10658.615987118792,11096.390870515293,9293.35228784768,11339.42027310955,9927.033060879563,10635.225452258815,11456.942386235309,10568.46163054657,0.070268074735987,-0.3487083657758905,-0.9372312818285078,0.7682835237109041,-0.6401096993440707,1.0,14.0,4.0
1637932914.0,2.938999351855083,0.4594317267247286,169.09937949202097,2438.8836169007027,705.9607195870801,10460.987874607394,10068.47618060161,10334.669758921722,8469.577331537215,10720.649091367533,9403.867684163572,10007.497384653183,10802.764823070658,9741.364021702284,0.0706742485783915,-0.349798647581251,-0.9368249068797904,0.7501110698947828,-0.661311865023836,1.0,15.0,3.0
1637932930.0,2.942663771297727,0.4338384604921598,159.4308689917207,2464.5366022934554,687.3259308630016,9734.776576124077,9182.727478482931,9172.09647831172,7267.4619955864855,9803.821978141852,8534.558713531516,9068.09658504323,9838.111182390141,8600.909201059927,0.0710804224207961,-0.350888455837212,-0.936417263595763,0.7313537017217113,-0.681998359952537,1.0,16.0,2.0
1637932946.0,2.952184712813302,0.3882963480259257,140.5243191622639,2515.664082510419,656.1601807453698,8055.169058215893,7452.371462928428,7045.576805830135,4779.267297592685,7775.211519485055,6646.371979324882,6916.721940432104,7858.902608523442,6296.2352179887275,0.0714865962632006,-0.3519777890138125,-0.9360083525487088,0.7120260462484569,-0.7021530527340818,1.0,17.0,1.0
1637932962.0,3.0,0.037709,10.0,4096.0,344.158208,179.557,181.348,183.563,183.563,184.005,184.005,184.005,184.005,184.429,0.0718927701056052,-0.3530666456771333,-0.9355981742769156,0.6921431739550916,-0.7217602280171524,0.0,0.0,0.0
1637932978.0,3.0,0.096907,20.0,4096.0,408.911872,334.8,334.388,341.013,341.013,342.371,343.079,343.079,343.079,351.778,0.0722989439480097,-0.3541550243530023,-0.9351867293356576,0.6717205892251958,-0.7408045963754246,0.0,0.0,0.0
1637932994.0,3.0,0.055612,40.0,4096.0,486.240256,571.113,570.647,583.66,584.585,593.306,596.002,596.218,596.218,597.926,0.0727051177904143,-0.3552429235270863,-0.9347740182974325,0.6507742173298638,-0.7592713072800151,0.0,0.0,0.0
1637933010.0,3.0,0.028702,50.0,4096.0,575.102976,753.846,750.382,775.28,783.917,796.763,800.809,801.993,801.993,802.206,0.0731112916328188,-0.3563303417809507,-0.9343600417003451,0.6293203909215823,-0.7771459615608298,0.0,0.0,0.0
1637933026.0,3.0,0.319761,70.0,4096.0,679.821312,1001.531,1002.142,1024.348,1025.542,1037.409,1046.471,1047.537,1048.746,1049.168,0.0735174654752233,-0.3574172775879896,-0.9339448001255696,0.6073758397640289,-0.7944146205042684,0.0,0.0,0.0
1637933042.0,3.0,0.345044,80.0,4096.0,683.409408,1101.716,1102.096,1129.902,1139.061,1145.811,1149.611,1159.921,1160.129,1160.227,0.0739236393176279,-0.3585037295310244,-0.9335282941145094,0.5849576748265792,-0.8110638191051811,0.0,0.0,0.0
1637933058.0,3.0,0.241034,90.0,4096.0,688.951296,2256.286,2258.927,2295.557,2302.416,2308.251,2314.392,2316.424,2316.579,2317.873,0.0743298131600325,-0.359589696084806,-0.93311052425189,0.5620833778672357,-0.8270805742642964,0.0,0.0,0.0
1637933074.0,3.0,0.409339,110.0,4096.0,435.208192,1670.602,1666.063,1717.495,1719.186,1729.214,1739.475,1741.838,1742.8,1745.127,0.074735987002437,-0.360675175819847,-0.93269149108766,0.5387707848121903,-0.842452397131646,0.0,0.0,0.0
1637933090.0,3.0,0.400348,120.0,4096.0,441.745408,1832.987,1843.025,1896.348,1900.116,1906.125,1917.115,1919.843,1920.883,1925.158,0.0751421608448416,-0.3617601672529806,-0.9322711951943464,0.5150380752965527,-0.8571673004698807,0.0,0.0,0.0
1637933106.0,3.0,0.400348,130.0,4096.0,448.0,2599.968,2603.226,2644.629,2646.872,2678.992,2680.37,2683.591,2696.373,2697.459,0.0755483346872461,-0.3628446689152856,-0.9318496371409696,0.4909037537907427,-0.8712138110212428,0.0,0.0,0.0
1637933122.0,3.0,0.401643,140.0,4096.0,452.562944,5706.368,5708.238,5749.776,5767.237,5774.609,5789.186,5792.408,5792.688,5795.155,0.0759545085296506,-0.36392867932495,-0.9314268175035534,0.4663866407095394,-0.8845809750201906,0.0,0.0,0.0
1637933138.0,3.0,0.478247,160.0,4096.0,478.322688,3083.879,3077.802,3194.579,3196.055,3205.782,3218.972,3222.396,3225.151,3225.36,0.0763606823720552,-0.3650121970550429,-0.9310027368386468,0.4415058529429669,-0.8972583695999181,0.0,0.0,0.0
1637933154.0,3.0,0.658014,170.0,4096.0,494.194688,6832.236,6850.366,6897.297,6909.81,6928.714,6940.519,6947.022,6947.907,6951.591,0.0767668562144597,-0.3660952205844345,-0.9305773957416084,0.4162807926103269,-0.90923610888686,0.0,0.0,0.0
1637933170.0,3.0,0.844144,180.0,4096.0,502.358016,2729.013,2715.249,2814.221,2836.978,2846.109,2859.744,2869.965,2870.224,2877.646,0.0771730300568643,-0.367177748501047,-0.9301507947670108,0.3907311286140159,-0.9205048533994904,0.0,0.0,0.0
1637933186.0,3.0,0.531588,190.0,4096.0,510.619648,3240.166,3247.692,3296.422,3306.327,3336.058,3350.807,3355.375,3355.593,3357.92,0.0775792038992688,-0.3682597792851403,-0.9297229345137504,0.3648767846651971,-0.931055815734152,0.0,0.0,0.0
1637933202.0,3.0,0.666693,200.0,4096.0,520.904704,7314.949,7323.061,7388.901,7391.158,7428.131,7438.517,7459.165,7460.464,7463.51,0.0779853777416734,-0.369341311525931,-0.9292938155396844,0.3387379203417245,-0.9408807689195074,0.0,0.0,0.0
1637933218.0,3.0,0.538048,210.0,4096.0,530.8416,11860.317,11855.686,11931.503,11953.414,11991.197,11994.919,12000.888,12010.644,12015.607,0.0783915515840779,-0.3704223437185934,-0.9288634384418542,0.3123349183727296,-0.9499720515705188,0.0,0.0,0.0
1637933234.0,2.966205601219476,0.4714905048947114,188.62967137593182,2492.1016749210044,597.1461278099489,7021.438128162596,7896.285002309558,8128.7501099635765,6936.9239981949195,9400.61527101271,7537.259427244653,7990.474067014265,9278.787699658642,8337.297562807766,0.0787977254264825,-0.3715028743995855,-0.928431803802975,0.2856883674715481,-0.9583225744452863,1.0,1.0,1.0
1637933250.0,3.0,0.583045,220.0,4096.0,543.236096,10618.964,10615.689,10684.224,10703.146,10774.995,10791.862,10807.201,10809.752,10816.142,0.079203899268887,-0.3725829021465566,-0.9279989121911996,0.2588190449287776,-0.9659258263356226,0.0,0.0,0.0
1637933266.0,3.0,0.698776,230.0,4096.0,556.015616,11506.542,11493.838,11585.552,11597.337,11642.328,11655.449,11662.262,11662.327,11666.052,0.0796100731112916,-0.3736624254432766,-0.9275647642142556,0.2317479035296124,-0.97277587820095,0.0,0.0,0.0
1637933282.0,3.0,0.642774,240.0,4096.0,567.386112,11150.424,11156.01,11246.909,11251.491,11301.328,11309.267,11316.342,11320.734,11323.411,0.0800162469536961,-0.3747414428822314,-0.9271293604381988,0.2044960516333947,-0.9788673888052212,0.0,0.0,0.0
1637933298.0,2.9677575811440433,0.5186560285901717,205.09125621028943,2471.3681142146092,621.9761876119871,8594.926941050686,9794.366320909008,9857.522423021524,8695.52795226187,11148.537104746252,9270.70814420901,9755.948573165275,10716.558392207673,10496.710728806454,0.0804224207961007,-0.375819952948609,-0.9266927014742834,0.1770847403229539,-0.9841956079686356,1.0,1.0,1.0
1637933314.0,3.0,0.950626,250.0,4096.0,582.0416,11810.531,11808.147,11960.868,11967.18,12007.986,12024.896,12030.458,12033.164,12034.578,0.0808285946385052,-0.3768979542362166,-0.9262547878918386,0.1495353432005573,-0.9887563810837792,0.0,0.0,0.0
1637933330.0,3.0,1.11742,260.0,4096.0,593.702912,12467.143,12467.605,12568.669,12586.405,12634.566,12653.752,12657.726,12659.397,12676.001,0.0812347684809098,-0.3779754452316687,-0.9258156203056426,0.1218693438379606,-0.9925461515881792,0.0,0.0,0.0
1637933346.0,2.9678068564328433,0.5428052119402418,212.01001488276134,2465.2739087273735,651.5138023557005,9670.836704399406,11015.648148368013,10760.829276642477,9944.619796821602,12141.030925566445,10449.937127981935,10782.482109904944,11673.232422144858,12010.955008424215,0.0816409423233143,-0.3790524245301011,-0.9253751992882951,0.0941083135044072,-0.995561964585508,1.0,1.0,1.0
1637933362.0,3.0,0.790411,270.0,4096.0,607.924224,10844.805,10844.121,10947.171,10969.98,11011.498,11032.094,11046.595,11051.034,11058.645,0.0820471161657189,-0.3801288906195631,-0.9249335254580948,0.0662739008021549,-0.9978014682653388,0.0,0.0,0.0
1637933378.0,3.0,0.925102,280.0,4096.0,609.288192,12431.524,12433.459,12535.892,12562.02,12592.914,12618.652,12623.41,12633.857,12640.987,0.0824532900081234,-0.3812048420830737,-0.9244905993964562,0.0383878092411056,-0.999262916404721,0.0,0.0,0.0
1637933394.0,2.9596181697064563,0.5874527697118621,228.81043761853834,2420.5764048397527,717.8688756401784,12036.603027890498,13514.13152758154,13814.708965282252,12898.280216261646,14613.71411690567,13134.95068550443,13357.581778309823,13951.508537484471,14667.18650754559,0.082859463850528,-0.3822802774370379,-0.9240464217141156,0.0104717844862438,-0.9999451693616374,1.0,1.0,12.0
1637933410.0,2.9566505419751,0.5923490269542675,230.08326899385625,2411.7991612143883,740.9428548109586,13077.31439010515,14584.749599816614,14988.75153978445,13291.054066818766,15383.616832281929,13819.993342946647,14004.82546948646,15271.349781556364,15443.179745117226,0.0832656376929325,-0.3833551952658121,-0.9236009929957368,-0.0174524063166254,-0.9998476951584974,1.0,2.0,11.0
1637933426.0,2.9519880941443866,0.5881892989662358,227.01193080417949,2404.3277987097404,754.5364323636948,13533.273059398536,14908.907615832779,15254.278434474725,13518.777595925647,15460.661355377435,13920.73888049187,14252.498779793297,15501.21026590141,15615.428045450466,0.0836718115353371,-0.3844295940603397,-0.9231543138666484,-0.0453629877926048,-0.998970569806002,1.0,3.0,10.0
1637933442.0,2.947668092606704,0.5795175229560106,222.63563728410887,2396.967794264742,762.1032205182602,13706.218131681699,14944.365876026026,15211.370356628971,13536.224949275398,15310.09237461753,13816.73393896871,14290.26761289043,15409.149358935812,15516.135631577994,0.0840779853777416,-0.3855034724197881,-0.9227063849092438,-0.0732381970402131,-0.9973144772308776,1.0,4.0,9.0
1637933458.0,2.944303563726139,0.5690221991908343,217.75475328313135,2391.4501454020883,764.8571687353111,13686.610224612614,14782.511833045384,14989.828122935633,13389.194405568891,15034.137657468553,13594.755447109976,14162.880389203208,15146.6614339891,15252.787473611186,0.0844841592201462,-0.3865768288634014,-0.9222572067411112,-0.1010562973438066,-0.9948807088124486,1.0,5.0,8.0
1637933474.0,2.941962241747373,0.5575422195977715,212.58330286008362,2388.784619394797,763.8310861940905,13532.775732861543,14484.721257783427,14652.225329879175,13097.858515716216,14675.941292048283,13294.37400888759,13906.800327303263,14782.033175271366,14865.62263389492,0.0848903330625507,-0.3876496619111823,-0.9218067799816544,-0.1287955965233864,-0.9916711623901268,1.0,6.0,7.0
1637933490.0,2.940555426303671,0.5449909209552413,207.05939064002948,2389.3718052330114,759.8471371633618,13276.96081637979,14085.570408967396,14220.988373589866,12674.702745913342,14248.174276083504,12932.774756308148,13545.631302696707,14339.404027970453,14363.272299060838,0.0852965069049553,-0.3887219701509322,-0.92135510522381,-0.1564344652325442,-0.9876883405646782,1.0,7.0,6.0
1637933506.0,2.9400899702424717,0.5306620101533653,200.92215803872597,2393.592842451441,753.2904149807244,12926.806135251505,13592.727418735341,13686.005773841438,12112.854912588018,13740.267206955916,12505.97256295968,13079.774971465038,13813.709656946638,13730.587514430814,0.0857026807473598,-0.3897937521174806,-0.9209021830847052,-0.1839513505914801,-0.9829353491535292,1.0,8.0,5.0
1637933522.0,2.9407087974576465,0.5132945097674515,193.7099659725202,2401.973283493329,744.0100438845225,12464.691240902812,12984.077435876567,13001.327151735073,11377.735884260099,13120.241025182613,11979.05411143765,12479.098766112895,13173.012727076186,12930.161359657257,0.0861088545897644,-0.39086500635979,-0.9204480141775316,-0.2113247966779786,-0.9774158942379704,1.0,9.0,4.0
1637933538.0,2.9427799260153233,0.4910330761733612,184.68428832105013,2415.2710795331836,731.3172873141306,11843.659116006538,12203.396369382644,12072.779357494006,10397.672068747792,12322.36241572345,11268.653275566641,11673.384718339537,12355.063138193287,11899.42772253578,0.0865150284321689,-0.3919357314141498,-0.9199925991228708,-0.2385334575896651,-0.9711342799069136,1.0,10.0,3.0
1637933554.0,2.9465636947194587,0.46097302504030974,172.59708029748157,2435.871947543208,713.7707423303716,10965.523336822123,11130.389626568787,10734.136933288923,9035.76563773765,11215.754726937197,10186.365514318379,10519.09636672627,11228.209856182022,10550.371486181037,0.0869212022745735,-0.3930059258711165,-0.919535938520179,-0.2655561177382021,-0.9640954041648648,1.0,11.0,2.0
1637933570.0,2.957594496649126,0.410892726943213,150.6359802470976,2476.097512627366,687.1797963911531,9162.512322239676,9159.781584522454,8360.779956183384,6386.989206671582,8928.862755246002,8059.106490767762,8116.8913702333,9013.827458093987,8010.71398145902,0.087327376116978,-0.3940755882282647,-0.919078033010553,-0.2923717043199172,-0.9563047560861896,1.0,12.0,1.0
1637933586.0,3.0,0.004045,10.0,3840.0,681.848832,175.628,175.595,178.414,178.414,182.171,182.171,182.171,182.171,182.702,0.0877335499593826,-0.3951447170909371,-0.9186188831910236,-0.3189593091351646,-0.9477684100644094,0.0,0.0,0.0
1637933602.0,3.0,0.008768,20.0,3840.0,756.170752,337.707,340.598,341.767,341.767,348.213,350.682,350.682,350.682,351.905,0.0881397238017871,-0.3962133109582043,-0.918158489706182,-0.3452981986342093,-0.9384930228936016,0.0,0.0,0.0
1637933618.0,3.0,0.037936,40.0,3840.0,846.635008,628.706,631.746,652.422,653.184,662.333,663.419,663.633,663.633,665.114,0.0885458976441917,-0.3972813684368024,-0.9176968531563032,-0.3713678354213047,-0.928485826932482,0.0,0.0,0.0
1637933634.0,3.0,0.081657,50.0,3840.0,888.09472,774.419,775.493,790.938,792.468,794.184,800.52,801.532,801.532,801.557,0.0889520714865962,-0.3983488880273058,-0.9172339741894698,-0.3971478903088126,-0.91775462582504,0.0,0.0,0.0
1637933650.0,3.0,0.253921,70.0,3840.0,1020.264448,1009.396,1010.356,1024.552,1027.657,1034.597,1041.274,1043.794,1044.497,1048.3,0.0893582453290008,-0.3994158683245106,-0.916769853415009,-0.4226182616447776,-0.906307787081379,0.0,0.0,0.0
1637933666.0,3.0,0.314119,80.0,3840.0,1026.70336,1115.541,1112.132,1153.451,1157.988,1164.559,1171.451,1171.859,1171.925,1173.379,0.0897644191714053,-0.4004823078705259,-0.9163044914670544,-0.4477590875507113,-0.8941542369836171,0.0,0.0,0.0
1637933682.0,3.0,0.368187,100.0,3840.0,431.190016,1547.061,1554.537,1603.815,1617.752,1623.09,1624.452,1628.375,1630.393,1636.45,0.0901705930138099,-0.4015482052215471,-0.9158378889756388,-0.4725507648048815,-0.8813034520994012,0.0,0.0,0.0
1637933698.0,3.0,0.368187,110.0,3840.0,436.34688,2286.45,2295.57,2325.567,2330.921,2346.11,2349.026,2353.218,2353.42,2365.319,0.0905767668562144,-0.4026135589478241,-0.915370046566615,-0.4969739611807389,-0.8677654532811994,0.0,0.0,0.0
1637933714.0,3.0,0.255453,120.0,3840.0,441.724928,1790.687,1813.323,1819.92,1820.93,1838.304,1839.319,1840.158,1846.547,1853.58,0.090982940698619,-0.4036783675670611,-0.9149009648909509,-0.5210096318066111,-0.8535507972960599,0.0,0.0,0.0
1637933730.0,3.0,0.443594,140.0,3840.0,455.7824,1950.095,1929.177,2017.541,2021.11,2038.576,2045.275,2047.045,2047.645,2054.783,0.0913891145410235,-0.4047426296909296,-0.9144306445602484,-0.5446390351907697,-0.8386705678312955,0.0,0.0,0.0
1637933746.0,3.0,0.615796,150.0,3840.0,462.884864,2199.947,2196.649,2265.627,2271.391,2292.713,2301.627,2306.71,2307.846,2321.177,0.0917952883834281,-0.4058063438253323,-0.9139590862347812,-0.5678437450475283,-0.8231363685382864,0.0,0.0,0.0
1637933762.0,3.0,0.309148,160.0,3840.0,469.479424,2228.352,2227.284,2281.843,2287.258,2300.419,2305.189,2306.342,2307.766,2308.586,0.0922014622258326,-0.4068695085833677,-0.9134862905293812,-0.590605667815671,-0.8069603120005377,0.0,0.0,0.0
1637933778.0,3.0,0.720765,170.0,3840.0,479.322112,5584.588,5591.043,5651.18,5655.207,5676.89,5689.5,5692.748,5693.143,5695.883,0.0926076360682372,-0.4079321224724792,-0.9130122581077968,-0.6129070536737198,-0.7901550123596002,0.0,0.0,0.0
1637933794.0,3.0,0.321728,190.0,3840.0,555.773952,2614.624,2616.708,2672.966,2677.678,2707.891,2712.4,2724.682,2726.979,2728.773,0.0930138099106417,-0.4089941840939203,-0.9125369895940374,-0.6347305130553963,-0.7727335736179924,0.0,0.0,0.0
1637933810.0,2.9593985965873038,0.46584004151808084,184.09964343662168,2423.6889594732015,617.3965511709372,7297.202767475701,7429.016667607551,8661.628963379284,7658.387057529886,9574.53095035731,7628.802624753373,8200.55784944462,9267.632039694552,8192.290777286094,0.0934199837530463,-0.4100556919832486,-0.9120604856434352,-0.6560590286838035,-0.7547095804893855,1.0,1.0,2.0
1637933826.0,2.9635700165837204,0.4702471332513094,181.38408949417757,2440.966365185169,626.5472833097725,7813.361813260329,7953.654971640818,8706.830320863208,7024.0907573166605,9687.254740616421,7487.036586410899,8121.611525972794,9921.72845952465,8593.90102820249,0.0938261575954508,-0.4111166447431528,-0.9115827468832066,-0.6768759695670606,-0.7360970872260341,1.0,2.0,1.0
1637933842.0,3.0,0.521263,210.0,3840.0,575.2832,11464.198,11481.474,11540.453,11554.406,11581.794,11587.561,11595.108,11599.136,11607.653,0.0942323314378554,-0.4121770408841816,-0.9111037739840394,-0.6971651025868959,-0.7169106079107791,0.0,0.0,0.0
1637933858.0,3.0,0.646349,220.0,3840.0,586.088448,12431.836,12432.635,12508.686,12517.43,12560.62,12564.014,12576.388,12582.255,12585.212,0.0946385052802599,-0.4132368790237597,-0.9106235675704328,-0.7169106075640189,-0.6971651029434772,0.0,0.0,0.0
1637933874.0,2.9638419163318765,0.4962934039684354,192.81049754246598,2428.4192082230484,617.6411289467305,7858.342304037839,8447.501894768637,8860.11562295384,7838.272350592329,10017.281221534697,8099.910420386427,8688.255662381496,9866.425870245695,9331.174319848134,0.0950446791226645,-0.4142961576740005,-0.9101421283165392,-0.7360970868893654,-0.6768759699331851,1.0,1.0,1.0
1637933890.0,3.0,0.717563,230.0,3840.0,597.827584,10013.053,10020.619,10080.364,10098.575,10127.107,10133.077,10135.104,10136.025,10155.505,0.095450852965069,-0.4153548754537854,-0.9096594568500732,-0.754709580163071,-0.6560590290591855,0.0,0.0,0.0
1637933906.0,3.0,0.692021,240.0,3840.0,609.882112,11574.651,11576.419,11654.117,11663.644,11711.211,11713.02,11741.726,11742.006,11743.426,0.0958570268074736,-0.4164130308768011,-0.9091755538486482,-0.7727335733022863,-0.6347305134397432,0.0,0.0,0.0
1637933922.0,3.0,0.841792,250.0,3840.0,623.280128,12295.525,12298.796,12420.549,12430.511,12477.639,12484.722,12506.581,12510.931,12515.328,0.0962632006498781,-0.4174706225633933,-0.908690419943191,-0.790155012340156,-0.6129070536987873,0.0,0.0,0.0
1637933938.0,2.9701779746936166,0.5727259261861859,222.8251891965152,2378.3721574891247,645.1696569183285,9608.368796047387,10894.726347798343,10778.887951299479,10697.015409342861,12427.16010172876,10588.262796150782,11126.979465161307,12027.514441146035,12373.777739473124,0.0966693744922827,-0.4185276490420456,-0.9082040558086814,-0.8069603122568232,-0.5906056674655015,1.0,1.0,1.0
1637933954.0,3.0,0.878009,260.0,3840.0,633.147392,11158.361,11172.807,11273.389,11287.353,11322.996,11342.915,11350.784,11353.561,11355.669,0.0970755483346872,-0.4195841088817185,-0.907716462103632,-0.8231363685202717,-0.5678437450736421,0.0,0.0,0.0
1637933970.0,3.0,0.796701,270.0,3840.0,647.675904,12379.644,12388.781,12481.24,12528.131,12553.158,12565.474,12571.839,12573.007,12573.832,0.0974817221770917,-0.4206400006917455,-0.9072276394698569,-0.8386705680676342,-0.5446390348268398,0.0,0.0,0.0
1637933986.0,3.0,0.835355,280.0,3840.0,661.68832,11645.435,11630.265,11759.688,11784.066,11826.331,11847.945,11849.299,11850.997,11866.337,0.0978878960194963,-0.4216953229897806,-0.9067375885936044,-0.853550797279531,-0.5210096318336898,0.0,0.0,0.0
1637934002.0,2.976492693502137,0.6695302807170082,262.1622970054402,2312.4283556735845,706.0512054441361,12921.59082736882,14843.089892191387,14147.36559156452,15805.190995076046,16611.858138481955,14726.466794728058,15520.214483655405,15454.540924799277,17156.287396526455,0.0982940698619009,-0.4227500743998634,-0.9062463101138176,-0.8677654534968545,-0.4969739608041837,1.0,1.0,1.0
1637934018.0,3.0,0.768926,290.0,3840.0,677.80608,13548.625,13540.404,13700.429,13708.957,13751.407,13767.017,13792.762,13793.834,13794.334,0.0987002437043054,-0.4238042534412488,-0.9057538047201932,-0.8813034518643611,-0.4725507652432295,0.0,0.0,0.0
1637934034.0,2.9747162362827546,0.6938355194846768,274.37913838968257,2286.623516922755,727.0891217232542,14360.265348023315,16404.00756048516,15577.804682756181,17604.82158216659,18112.31302855437,16228.44705345707,17152.989965087723,16774.771780759977,18937.17542879131,0.0991064175467099,-0.4248578587394672,-0.9052600730548735,-0.894154236760908,-0.4477590879954511,1.0,1.0,1.0
1637934050.0,3.0,1.053658,300.0,3840.0,692.649984,15749.927,15734.269,15876.331,15893.464,15938.424,15960.095,15964.313,15968.214,15970.773,0.0995125913891145,-0.4259108888153824,-0.9047651158109992,-0.9063077868711746,-0.4226182620955624,0.0,0.0,0.0
1637934066.0,3.0,1.336654,310.0,3840.0,707.70688,17203.252,17192.14,17336.507,17364.577,17407.408,17424.932,17441.732,17442.8,17447.539,0.099918765231519,-0.4269633422828641,-0.9042689336401234,-0.9177546256275044,-0.3971478907652909,0.0,0.0,0.0
1637934082.0,2.973180176202454,0.7597593262269497,301.73273006630495,2257.1762071011076,775.7613218879845,17123.987901256365,19598.883980250415,18152.38819344074,21475.98434348953,21050.67952394447,19570.06216288681,20214.041388294183,18970.80091928466,22893.080515065187,0.1003249390739236,-0.4280152177038696,-0.9037715272201868,-0.9284858267477688,-0.3713678358831206,1.0,1.0,1.0
1637934098.0,3.0,0.803406,320.0,3840.0,725.307392,19243.44,19251.822,19355.66,19383.956,19447.457,19471.265,19493.46,19495.497,19498.507,0.1007311129163281,-0.429066513654312,-0.9032728972246062,-0.9384930227218552,-0.3452981991010027,0.0,0.0,0.0
1637934114.0,2.9710129535612757,0.7794715682977242,313.03173359318066,2237.4097363722403,797.2299236083539,18558.651013778257,21432.573495539797,19747.83129702452,23167.698714429796,22613.960541831315,21236.244398116767,21726.340948736834,20163.39423911596,24766.596660322437,0.1011372867587327,-0.4301172286977519,-0.9027730443347132,-0.9477684099057636,-0.3189593096065714,1.0,1.0,1.0
1637934130.0,3.0,0.841139,330.0,3840.0,742.776832,21706.854,21685.557,21867.568,21881.544,21947.4,21979.795,21986.519,22004.846,22007.664,0.1015434606011372,-0.4311673614510846,-0.9022719692084586,-0.956304755940768,-0.2923717047955698,0.0,0.0,0.0
1637934146.0,2.9695423089274136,0.800589417079469,324.43568677953596,2215.0098599163707,818.4362613646533,19897.442657508098,23173.416845684005,21152.245214452803,24899.93900159115,24000.192944775794,22811.202642249904,23107.915235451852,21184.372503441933,26635.271335974165,0.1019496344435418,-0.4322169104400491,-0.9017696725492927,-0.96409540415644,-0.2655561177687878,1.0,1.0,1.0
1637934162.0,3.0,0.779826,340.0,3840.0,759.451648,22130.841,22129.117,22257.523,22289.195,22345.733,22367.745,22380.504,22384.037,22386.429,0.1023558082859463,-0.4332658742962125,-0.9012661550121244,-0.971134279899346,-0.2385334576204741,0.0,0.0,0.0
1637934178.0,2.9681655750715357,0.81733848440287,335.1578001179185,2203.331530865528,835.6037974876875,21122.785033856766,24767.28109448571,22637.989884796618,26585.81044016433,25539.7454723658,24332.426465409866,24477.421258870185,22161.447887871473,28466.820229854387,0.1027619821283509,-0.4343142515731701,-0.900761417291192,-0.9774158943296718,-0.2113247962538421,1.0,1.0,1.0
1637934194.0,3.0,1.065287,350.0,3840.0,779.440128,25855.254,25839.997,25999.48,26073.176,26147.584,26171.203,26184.848,26190.735,26213.099,0.1031681559707554,-0.4353620408253704,-0.9002554600825082,-0.9829353491476934,-0.1839513506226634,0.0,0.0,0.0
1637934210.0,2.9716949115732207,0.8262093334228376,342.180289986913,2200.356746884849,850.8473331906789,22158.275545230423,25843.827235746678,24157.33642799963,27642.21038672626,26694.756459116135,25743.032108483967,25208.62856804781,22743.553445754515,29770.87942389648,0.10357432981316,-0.4364092406735818,-0.8997482840521052,-0.987688340632561,-0.1564344648039501,1.0,1.0,2.0
1637934226.0,2.9673346103135163,0.8235440853476435,342.9651466005664,2181.0905631589726,859.8592568460926,22394.778794970392,26576.263176143802,24237.867504031386,27948.98411740305,27004.93565067269,25698.319061351605,25373.8934776561,23368.83654884116,30046.556941224382,0.1039805036555645,-0.4374558496738541,-0.8992398898993118,-0.9916711623860408,-0.1287955965548469,1.0,2.0,1.0
1637934242.0,3.0,0.871062,360.0,3840.0,798.28992,26361.518,26376.696,26526.45,26531.838,26600.991,26617.432,26626.182,26628.411,26633.562,0.1043866774979691,-0.4385018664484874,-0.8987302782933225,-0.9948807088563006,-0.1010562969120915,0.0,0.0,0.0
1637934258.0,2.9662031028658364,0.8431420720300975,352.48989234438,2170.335066446707,865.1759658524909,23083.768512537565,27353.71028858031,24896.294701575855,29333.019758408656,27818.29078868927,26844.151809600015,26526.143509818023,23667.001757851398,31449.218791519503,0.1047928513403736,-0.4395472895289988,-0.8982194499495714,-0.99731447719445,-0.0732381975362634,1.0,1.0,1.0
1637934274.0,3.0,1.355481,370.0,3840.0,816.766976,28767.796,28769.321,28918.805,28929.401,29009.128,29071.803,29091.828,29094.614,29098.96,0.1051990251827782,-0.4405921175523351,-0.8977074055340912,-0.9989705697834388,-0.0453629882894788,0.0,0.0,0.0
1637934290.0,2.9704212843754774,0.8461373596277455,356.18654711085185,2181.07790436719,870.7362144741603,23536.402792586294,27802.04353438248,25890.818464164513,29706.136610911606,28427.719175228594,27606.44272833006,26654.098688211074,23848.458075184015,31985.88708500188,0.1056051990251827,-0.4416363490516823,-0.8971941457657315,-0.9998476951498168,-0.0174524068139356,1.0,1.0,2.0
1637934306.0,2.9648416631642487,0.837587141420594,354.2372375869869,2172.45295130152,876.8547419436251,23582.18516466556,28199.169274578533,25853.886920850648,29807.9317186934,28675.26688698445,27230.30054308363,26659.239390564806,24249.01997825221,31985.09153253534,0.1060113728675873,-0.4426799826655407,-0.8966796713136952,-0.999945169366846,0.0104717839888851,1.0,2.0,1.0
1637934322.0,3.0,1.151293,380.0,3840.0,836.5056,31068.062,31066.73,31197.159,31250.797,31308.625,31330.645,31336.25,31339.865,31343.858,0.1064175467099918,-0.4437230169287732,-0.8961639829002433,-0.9992629164238146,0.0383878087440862,0.0,0.0,0.0
1637934338.0,2.972242584178614,0.8470620438190122,359.17892566400917,2173.150484421333,875.6933078864947,23685.363022361627,28250.093505145822,26468.640455722765,30311.489625432965,29017.349785414466,28161.838354782783,27091.011316786906,24048.44108821491,32463.545707991623,0.1068237205523964,-0.4447654504814412,-0.8956470811977454,-0.9978014682983026,0.0662739003058624,1.0,1.0,4.0
1637934354.0,2.971306710599076,0.830879300237429,353.80307634586325,2181.324967402244,879.2218870690209,23653.679472678494,28251.088662673534,26626.275332891557,29916.37337840187,29056.515812774713,27667.27090033079,26778.606499218477,24157.524984103642,32001.91461709242,0.1072298943948009,-0.4458072818600921,-0.8951289669318697,-0.9955619646323162,0.0941083130092286,1.0,2.0,3.0
1637934370.0,2.970166298084896,0.8307980345816417,350.47460547906917,2172.611178176752,883.9145117640115,23904.838920066573,28212.467190205665,26573.698662688104,29920.544782085017,28948.457385719066,27430.97889573835,26851.231616880403,24251.548429333467,32019.027669370942,0.1076360682372055,-0.4468485096933375,-0.8946096407846515,-0.9925461516487952,0.121869343344282,1.0,3.0,2.0
1637934386.0,2.9638684420618753,0.8375269920375703,350.575088211731,2155.579969118652,889.2974275847392,24062.836019535178,28557.24862974847,26215.994451416955,30260.979045268454,28952.085451399445,27176.584698623272,27038.61083703568,24641.061211777596,32393.39582461094,0.10804224207961,-0.4478891325454616,-0.8940891034721729,-0.9887563810885232,0.1495353431691893,1.0,4.0,1.0
1637934402.0,3.0,1.132353,400.0,3840.0,881.061888,36069.795,36065.925,36241.825,36271.105,36336.564,36374.328,36392.57,36414.427,36431.757,0.1084484159220146,-0.4489291490466442,-0.893567355679613,-0.9841956079742534,0.1770847402917305,0.0,0.0,0.0
1637934418.0,2.9678432257643066,0.8487501369645574,360.57462295963035,2160.9114382797325,881.1103224641661,24136.843751198234,28632.768523469764,26603.99433957822,30678.351845086756,29025.343660598322,28349.07474276344,27217.399510004663,24170.367929894615,32890.49095918567,0.1088545897644191,-0.449968557762817,-0.8930443981263476,-0.9788673887164828,0.204496052058161,1.0,1.0,2.0
1637934434.0,2.962647381634711,0.8427040574922553,358.5102368925062,2161.779985419329,885.9992023085845,24119.75111543204,28963.45025586249,26495.2901743525,30696.099473975795,29271.01730499147,27803.539529313748,27225.817874630196,24684.928165617515,32869.73472271462,0.1092607636068237,-0.4510073572607954,-0.8925202315335117,-0.972775878208302,0.2317479034987513,1.0,2.0,1.0
1637934450.0,3.0,1.226291,410.0,3840.0,901.128192,36763.098,36771.271,36927.964,37013.999,37077.927,37087.61,37107.301,37110.984,37116.336,0.1096669374492282,-0.4520455461861624,-0.8919948565845288,-0.9659258262233116,0.2588190453479282,0.0,0.0,0.0
1637934466.0,2.969515783197415,0.8525419891456603,364.10114607860595,2160.8073762727604,882.0170754101124,24190.545163045514,28953.743775075476,26954.087875524427,31028.021551516526,29409.612879892553,28724.026792755423,27424.805172317243,24341.985463059013,33206.07249602646,0.1100731112916328,-0.4530831230814242,-0.8914682740169629,-0.95832257445435,0.2856883674411455,1.0,1.0,3.0
1637934482.0,2.9696655213838845,0.8369622798631462,357.86836817850167,2172.277140097018,884.3675136429817,24112.277975865614,28810.295758673506,26969.84790384343,30550.144853225796,29402.6228809512,28069.229484655487,27155.132597904645,24425.92731353173,32660.95052820346,0.1104792851340373,-0.454120086580793,-0.8909404845239961,-0.9499720514349852,0.3123349187849571,1.0,2.0,2.0
1637934498.0,2.9624731115542597,0.8457127590185051,357.30248346187847,2156.5318653372215,892.0231447923337,24366.33885398531,29199.249629814636,26639.879415034906,30944.22999454505,29481.013113456407,27749.410047834674,27402.311193030153,24957.747541753204,33129.82833378222,0.1108854589764419,-0.4551564352673902,-0.890411488826757,-0.9408807690879908,0.3387379198737436,1.0,3.0,1.0
1637934514.0,3.0,1.127404,420.0,3840.0,924.311552,40712.121,40709.629,40850.217,40884.783,40957.996,41053.184,41071.673,41077.78,41091.983,0.1112916328188464,-0.45619216773815,-0.8898812876414289,-0.9310558159156368,0.3648767842021029,0.0,0.0,0.0
1637934530.0,2.9678382554946325,0.8538151273868076,365.09925914255376,2155.088586588968,884.5179184864627,24443.096508852926,29205.852401480566,26972.9490069385,31230.49906307453,29435.405443721305,28834.621442591713,27433.27804077496,24389.126023945584,33487.08715427859,0.111697806661251,-0.4572272825778989,-0.8893498816924811,-0.9205048535938346,0.3907311281561696,1.0,1.0,2.0
1637934546.0,2.961600919554922,0.8500136532003826,362.62365685591055,2156.4570517173465,890.2586572013834,24395.46155693059,29542.62331557752,26760.76066078055,31226.033410998793,29639.29134696674,28080.107890560863,27429.143181869716,25028.62655419246,33476.28647624386,0.1121039805036555,-0.4582617784240667,-0.8888172716793996,-0.9092361090939124,0.4162807921580856,1.0,2.0,1.0
1637934562.0,3.0,0.807743,430.0,3840.0,947.75296,43098.082,43076.258,43287.037,43331.518,43405.623,43421.832,43432.171,43436.97,43444.757,0.1125101543460601,-0.4592956538243446,-0.8882834583499052,-0.897258369819517,0.4415058524966831,0.0,0.0,0.0
1637934578.0,2.968557917937076,0.8553865951919826,366.75511099590864,2151.8303194752057,884.2950136494047,24485.488438101038,29375.418376462596,27149.983693190472,31450.16661518099,29627.508488825653,28988.787922456333,27553.989164381353,24453.022373709922,33687.85758274448,0.1129163281884646,-0.4603289074307354,-0.8877484423999996,-0.8845809752521647,0.4663866402695611,1.0,1.0,2.0
1637934594.0,2.96149744717659,0.8499475552377138,363.5596398694192,2161.7093753526187,890.5197599240446,24449.59347187305,29628.892881207088,26949.3633264266,31385.649564261774,29833.74749778873,28236.65587936857,27563.898952051197,25085.553248992,33630.16144124643,0.1133225020308692,-0.4613615377926744,-0.8872122245807812,-0.8712138112654115,0.4909037533574131,1.0,2.0,1.0
1637934610.0,3.0,1.142337,440.0,3840.0,971.358208,45736.657,45718.27,45975.823,45992.121,46031.083,46073.609,46089.909,46091.367,46094.569,0.1137286758732737,-0.4623935435637878,-0.8866748055913867,-0.8571673007260533,0.5150380748702096,0.0,0.0,0.0
1637934626.0,2.9690547466224597,0.8539509493387811,367.80423765887735,2151.2455763506146,884.274924708167,24400.644838831944,29439.429913823802,27307.569150389623,31512.799487317432,29697.103973238365,29172.99262354533,27497.255629971485,24446.672752927472,33689.01497527367,0.1141348497156783,-0.4634249232952626,-0.8861361861862882,-0.8424523971487383,0.5387707847854637,1.0,1.0,3.0
1637934642.0,2.969373275695817,0.841338396323084,361.69612678466183,2168.215705535057,888.1422867068565,24360.317353611077,29275.898928799437,27363.2333331965,31101.059442442936,29785.493357762032,28452.971940512267,27495.07423796066,24682.036737482456,33169.692699589614,0.1145410235580828,-0.4644556756294684,-0.8855963670745122,-0.8270805742821283,0.5620833778409968,1.0,2.0,2.0
1637934658.0,2.9610367983531694,0.8480914798908796,359.61385451367505,2160.0227878877868,894.9937929643528,24552.38763367742,29564.504464881178,26959.2893273293,31350.9801801234,29849.722869904384,27984.700159169206,27578.02163820419,25187.25000436259,33591.13847750256,0.1149471974004874,-0.4654857991708924,-0.8850553489868505,-0.8110638188513466,0.5849576751785295,1.0,3.0,1.0
1637934674.0,3.0,1.152737,450.0,3840.0,997.158912,48572.414,48540.45,48787.146,48864.271,48903.607,48922.895,48940.969,48948.339,48959.906,0.1153533712428919,-0.4665152924862591,-0.8845131326760842,-0.7944146205235372,0.6073758397388263,0.0,0.0,0.0
1637934690.0,2.968264046336322,0.8517725368136548,367.1246636433484,2149.1840062729325,884.9942201124093,24409.525889808363,29460.94896373,27283.68447906139,31512.94784785151,29644.927165132132,29175.219328214942,27421.37638578348,24391.691020498125,33677.62197001308,0.1157595450852965,-0.4675441542332847,-0.883969718849171,-0.7771459612877447,0.6293203912588143,1.0,1.0,3.0
1637934706.0,2.968898623754467,0.8407933073516323,361.5695453615654,2167.3466449843872,889.058329584073,24403.157030713555,29331.112928759085,27368.89686171753,31145.599747448607,29781.6660022234,28466.577378499114,27515.44132906911,24701.53095904769,33217.74431640383,0.116165718927701,-0.4685723829675702,-0.883425108268999,-0.7592713073006607,0.6507742173057761,1.0,2.0,2.0
1637934722.0,2.96047091464444,0.8494245305198456,359.9070809767928,2155.839209622607,895.9762353042432,24588.099682281274,29665.5486712316,26955.51117065013,31421.10896824411,29853.747039650858,27957.253980699832,27558.526608410684,25250.959290867122,33685.77080649271,0.1165718927701056,-0.4695999773484807,-0.8828793016456475,-0.7408045960839404,0.671720589546658,1.0,3.0,1.0
1637934738.0,3.0,0.817114,460.0,3840.0,1021.935616,50691.938,50694.263,50902.018,50939.51,51036.474,51069.931,51079.633,51090.747,51112.188,0.1169780666125101,-0.4706269359333963,-0.882332299745364,-0.7217602283614147,0.6921431735960981,0.0,0.0,0.0
1637934754.0,2.9686315951349678,0.8505240460738254,366.68942959992484,2146.612763396071,884.4173025373013,24384.665105916953,29482.8769149966,27276.419743523933,31566.204334234237,29671.580017479435,29156.45952713859,27449.5573444696,24337.514527266634,33696.93332459009,0.1173842404549147,-0.4716532573705065,-0.881784103288209,-0.7021530530882336,0.7120260458992158,1.0,1.0,3.0
1637934770.0,2.9689510495244877,0.8418376030228519,362.06867587990484,2164.840605313868,889.9070632703232,24427.200536196797,29409.13919075872,27454.949383857595,31254.560669026352,29838.787922029776,28523.343486363956,27600.82034346213,24754.196080246293,33297.38258800294,0.1177904142973192,-0.4726789402574733,-0.8812347130231944,-0.6819983603163021,0.7313537013824948,1.0,2.0,2.0
1637934786.0,2.960135848849374,0.8476673532720491,359.4253187577575,2160.4950939872683,895.9215338771436,24566.14279265851,29664.54366065906,26990.37943023142,31420.853046322824,29889.09437624892,27980.719831689712,27559.357791851493,25245.478709003586,33700.86151979088,0.1181965881397238,-0.4737039832056709,-0.8806841296941154,-0.6613118653969308,0.7501110695658555,1.0,3.0,1.0
1637934802.0,3.0,1.117913,470.0,3840.0,1048.510464,53497.85,53491.993,53685.276,53711.362,53799.009,53843.841,53850.218,53855.647,53878.929,0.1186027619821283,-0.474728384814532,-0.8801323540532899,-0.6401096997262042,0.7682835233925225,0.0,0.0,0.0
1637934818.0,2.9677020842056154,0.8499194713059238,367.4176958922568,2145.4006479836876,885.1780173355713,24426.854409244734,29576.594150886172,27323.55898156747,31592.726252376182,29645.854296211837,29259.081137674013,27345.78080926752,24351.591347274625,33752.26387471958,0.1190089358245329,-0.4757521437355881,-0.8795793868270176,-0.618408395408374,0.7858568931354105,1.0,1.0,3.0
1637934834.0,2.968448823161488,0.8417049331071047,362.47520321350953,2164.9913877285335,890.4464037156039,24467.159722632372,29476.923212658767,27477.22790617245,31303.33666727994,29864.27474303251,28563.239643722984,27610.112008126067,24783.680223183037,33359.70334290457,0.1194151096669374,-0.4767752585316037,-0.8790252287915987,-0.5962248751911975,0.8028174750235828,1.0,2.0,2.0
1637934850.0,2.9597530191152406,0.8488412853203923,359.8426388524314,2157.2628824854887,896.3506152533615,24578.82015419101,29741.32474411845,26982.42775711594,31472.817559721294,29902.43441849984,27953.10151086824,27518.12688152764,25289.831903436054,33777.020178732644,0.119821283509342,-0.4777977278686119,-0.8784698806695606,-0.5735764363769686,0.8191520442708407,1.0,3.0,1.0
1637934866.0,3.0,0.80335,480.0,3840.0,1073.922048,55901.881,55911.701,56105.565,56165.504,56266.909,56309.289,56321.861,56324.277,56338.57,0.1202274573517465,-0.4788195503111875,-0.8779133432405457,-0.5504807402920086,0.8348478631269066,0.0,0.0,0.0
1637934882.0,2.9681232528727586,0.8482405498748113,366.7118844618579,2143.5733858847007,884.1600527815265,24371.098407518308,29552.281762770996,27279.35158322298,31587.788319266965,29631.55122595022,29211.862118962697,27314.08806957589,24266.395801312327,33721.31787511412,0.1206336311941511,-0.4798407245270484,-0.8773556172301841,-0.5269557954955073,0.8498926929875895,1.0,1.0,3.0
1637934898.0,2.96852604740467,0.8421237273338231,362.5869041288422,2163.1766560685605,890.7097968130254,24450.511755299252,29482.698328559076,27512.251838658114,31341.277401194722,29870.306665263997,28575.306946448618,27642.083460595906,24794.296372884564,33371.33179204154,0.1210398050365556,-0.480861249095347,-0.8767967034144589,-0.503019946413545,0.8642748020798213,1.0,2.0,2.0
1637934914.0,2.9594129213627567,0.8461740938845173,358.82983949492933,2162.811733103933,895.3515088316879,24509.378588404456,29625.886470903686,26960.317262697867,31384.837290337695,29878.54934331437,27923.41995868994,27457.20150693343,25208.022698008106,33703.04495194981,0.1214459788789601,-0.4818811226472161,-0.8762366025430909,-0.4786918579104046,0.8779829754444474,1.0,3.0,1.0
1637934930.0,3.0,1.085575,490.0,3840.0,1102.737408,58687.785,58674.631,58905.593,58967.54,58997.617,59035.303,59057.117,59064.466,59066.99,0.1218521527213647,-0.4829003438018949,-0.8756753153743754,-0.4539904994867313,0.8910065243171837,0.0,0.0,0.0
1637934946.0,2.9690218406172053,0.8446258753089507,365.8462809785432,2142.0025405287643,882.4373056651776,24174.612853218263,29346.40978085587,27203.663664216194,31380.33331179066,29468.621245313698,29185.310089976898,27058.27433321957,24083.986824067175,33487.623718481096,0.1222583265637693,-0.4839189111667709,-0.8751128426752557,-0.4289351337628894,0.903335292692482,1.0,1.0,4.0
1637934962.0,2.9694360870381975,0.8380899978465185,361.5908996763115,2163.3864968007815,888.0274254829017,24218.373893168224,29289.49859392445,27459.992691759617,31194.919734327144,29802.24237063178,28536.29379266547,27562.177126443563,24665.73497962932,33123.147923584285,0.1226645004061738,-0.4849368234010555,-0.8745491851861127,-0.403545296488625,0.914959667789738,1.0,2.0,3.0
1637934978.0,2.968740214033672,0.8382466753765301,357.12477746021284,2161.971054559173,893.8864609839175,24436.959838122755,29236.932599762556,27336.857895398272,31093.383021142203,29730.099441943996,28169.47825528714,27510.902646316325,24761.99451217011,33108.99526825677,0.1230706742485783,-0.485954079075721,-0.8739843436982541,-0.3778407871566104,0.925870584672001,1.0,3.0,2.0
1637934994.0,2.959731551780265,0.8425350088125437,354.244848934339,2159.416096439801,896.2687611123994,24408.504137827094,29399.27136636263,26767.73134749863,31091.333173096365,29670.06987072745,27529.0405915944,27234.710670340424,25146.20138771516,33439.7963929386,0.1234768480909829,-0.4869706768644398,-0.8734183189481368,-0.3518416485131674,0.9360595356982038,1.0,4.0,1.0
1637935010.0,3.0,0.808699,500.0,3840.0,1130.909696,61482.469,61479.409,61655.545,61681.259,61780.766,61798.94,61810.51,61815.673,61824.877,0.1238830219333874,-0.4879866153400298,-0.8728511117303923,-0.3255681547712523,0.945518575491165,0.0,0.0,0.0
1637935026.0,2.9688907982234904,0.8395005459075127,362.89213487976446,2140.87853929188,880.3859860949143,23984.22516894024,29093.386052912298,26965.927664751536,31103.82142105235,29228.996852704928,28930.789572574664,26838.413306529455,23862.51631274898,33191.452670481056,0.124289195775792,-0.4890018931778805,-0.8722827227845619,-0.2990407923351476,0.9542403284915006,1.0,1.0,4.0
1637935042.0,2.9692307726004863,0.8350195353698512,359.5556272440166,2162.244606396803,886.668248603018,24067.300564509387,29061.454797883216,27288.27806523966,30958.78292660028,29582.822998869422,28352.294671651645,27399.43363843552,24532.15446851239,32881.236775665326,0.1246953696181965,-0.490016508952663,-0.8717131529085956,-0.2722802473284426,0.9622179934478268,1.0,2.0,3.0
1637935058.0,2.9686524455925016,0.8346111689321518,354.8788381004165,2161.7884085697547,891.8821690150385,24244.11785508322,28951.312536263955,27148.74819394941,30802.140165707773,29495.702385182463,27969.774550338196,27299.157735727807,24594.3090239503,32820.11182782009,0.1251015434606011,-0.4910304613288146,-0.8711424028522613,-0.2453073859271096,0.9694453498829152,1.0,3.0,2.0
1637935074.0,2.959177186054628,0.8357220602559705,350.555694535671,2165.9034625007102,892.119575991349,24108.222993921874,28888.38606546453,26491.314337794756,30614.14140593796,29364.382746845444,27252.32237981057,26861.957723309548,24808.034373014692,32999.80135510117,0.1255077173030057,-0.4920437489208976,-0.8705704733953873,-0.2181432416562818,0.9759167618806888,1.0,4.0,1.0
1637935090.0,3.0,0.972411,510.0,3840.0,1160.052736,65137.934,65079.297,65510.729,65547.608,65607.962,65624.645,65634.764,65636.056,66429.66,0.1259138911454102,-0.4930563703570672,-0.8699973653122833,-0.1908089953930431,0.981627183444457,0.0,0.0,0.0
1637935106.0,2.975711484316069,0.8211139839148295,354.78756667026107,2135.7786185249747,873.4055766896997,22940.67765972515,27818.464865220354,26179.00113314103,29824.97339870778,28489.07074376573,28301.059410869388,25859.488557521778,23018.621916911285,31965.59306203552,0.1263200649878147,-0.4940683242537292,-0.8694230793860444,-0.1633259624716183,0.9865721615688938,1.0,1.0,24.0
1637935122.0,2.978102294186039,0.816548389788511,350.74442450579795,2157.739424226327,878.2477821213649,22882.12000051663,27592.19708050952,26478.669003062474,29606.12430221431,28845.821870893284,27652.513718549315,26484.403484152634,23605.68650942356,31504.814525804504,0.1267262388302193,-0.4950796092787999,-0.8688476163726012,-0.1357155724182389,0.9907478404736444,1.0,2.0,23.0
1637935138.0,2.9789696238692547,0.8137007028045239,345.4278012732449,2158.1525276113894,881.3070164237115,22878.40313902962,27348.498027865848,26329.095758441617,29381.225804943824,28757.38173553615,27255.037027550163,26379.11446760744,23577.11724209853,31255.339433562003,0.1271324126726238,-0.4960902240378256,-0.8682709770653975,-0.1079993554420187,0.9941509640009956,1.0,3.0,22.0
1637935154.0,2.9796624080803036,0.8110477547804682,341.416390011291,2158.2072700671074,882.7474159860953,22852.772499817787,27160.073325081405,26226.703758838492,29159.95225005597,28625.276078192976,26959.757164160023,26289.438940897817,23550.471257626836,31037.32459991813,0.1275385865150284,-0.4971001671373274,-0.8676931622595865,-0.0801989242797795,0.996778878460196,1.0,4.0,21.0
1637935170.0,2.980054698070634,0.8081571242653389,338.0149223466231,2158.54403564317,883.2827429242029,22809.576841615148,26979.643136544968,26124.478551632907,28915.708775479547,28470.940317965484,26702.17399901143,26172.590776397476,23516.430699659788,30819.941747205623,0.127944760357433,-0.4981094372478936,-0.8671141727157887,-0.052335955944773,0.9986295347702004,1.0,5.0,20.0
1637935186.0,2.9801716844712103,0.8052969713335699,335.11188232982227,2159.1540321749417,883.3313866311423,22763.003674150743,26811.06000278461,26018.828540531093,28671.84362026502,28308.27894539878,26471.49953189472,26049.446799918136,23477.25271561044,30610.21205965402,0.1283509341998375,-0.4991180329904837,-0.8665340092250912,-0.0244321785359394,0.9997014897718158,1.0,6.0,19.0
1637935202.0,2.98007180760711,0.8025533726436097,332.63520724087914,2160.072941732035,883.071439798547,22715.325610330467,26654.75745777281,25910.414099877402,28438.92499978986,28145.66213453951,26262.006004691448,25927.42262944549,23435.39762093562,30408.927372194965,0.128757108042242,-0.5001259529996054,-0.865952672572951,0.0034906512811657,0.9999939076582584,1.0,7.0,18.0
1637935218.0,2.979814693089355,0.799977969450623,330.5328661682471,2161.345575474714,882.6106998777467,22666.516783015548,26510.112296424137,25801.98853973054,28222.575778295595,27988.27389735268,26073.456257254657,25811.308408594447,23393.343074705637,30216.240103758966,0.1291632818846466,-0.5011331958980882,-0.8653701635537063,0.031410758727923,0.9995065603767372,1.0,8.0,17.0
1637935234.0,2.979436207934919,0.797577042127542,328.74115685121967,2162.931069090343,882.0184453538942,22617.535508108856,26375.894119765588,25693.39186293879,28024.706097658483,27837.553824553503,25901.14362045373,25703.001861703786,23352.07208815664,30032.100687214155,0.1295694557270511,-0.5021397603600497,-0.8647864829341124,0.0593063734751032,0.9982398279297574,1.0,9.0,16.0
1637935250.0,2.978960388332697,0.795345424178898,327.2051906548823,2164.7851248297316,881.3436945279318,22569.193521060242,26250.969827641853,25584.705612452064,27845.746203427352,27693.927728013026,25741.58252126718,25603.27781029694,23312.18177712458,29856.47690392481,0.1299756295694557,-0.5031456449723932,-0.8642016315335874,0.0871557424315102,0.9961946981194048,1.0,10.0,15.0
1637935266.0,2.978401012680979,0.7932743941811476,325.8783376723706,2166.8644717658353,880.6218090737271,22522.30933204639,26134.62753756404,25476.330707774086,27685.404319885176,27557.448834215134,25592.345009469886,25512.15483522579,23273.980610163704,29689.576935844787,0.1303818034118603,-0.504150848423617,-0.8636156101146778,0.1149371504253036,0.9933727656082136,1.0,11.0,14.0
1637935282.0,2.9777633729069617,0.7913559653958834,324.7222359731663,2169.1273310725446,879.8792246251944,22477.801224493487,26026.695437062954,25368.988062712015,27543.12409502917,27428.110954033793,25451.89047293226,25429.310868391065,23237.687860101738,29531.941064711493,0.1307879772542648,-0.5051553693025352,-0.8630284195000876,0.1426289334240855,0.9897762309483432,1.0,12.0,13.0
1637935298.0,2.977045829879158,0.7895842840415421,323.70662513377476,2171.535212963438,879.1370147706645,22436.69710922538,25927.549173472686,25263.614803440203,27418.340522492046,27305.989594806604,25319.3284774733,25354.365621690937,23203.62500320306,29384.404496696945,0.1311941510966693,-0.5061592062994242,-0.8624400604554132,0.170209499131552,0.985407898489446,1.0,13.0,12.0
1637935314.0,2.976240910567986,0.7879549894063523,322.8088745746448,2174.0534461469547,878.4136095350768,22400.13144504224,25838.066899413614,25161.243807324172,27310.622120387205,27191.249387286032,25194.22247504181,25287.059582560803,23172.32597499731,29248.020533353414,0.1316003249390739,-0.5071623580050164,-0.8618505338066407,0.1976573401327737,0.9802711746713952,1.0,14.0,11.0
1637935330.0,2.9753357090161097,0.7864640762713497,322.01289226127744,2176.650118916053,877.7274603487425,22369.324298655873,25759.568922892795,25062.883241744632,27219.696894402165,27084.110664358843,25076.383604424154,25227.307279082008,23144.617074784448,29124.002330233445,0.1320064987814784,-0.5081648230988404,-0.8612598403298068,0.2249510543419468,0.974370064785678,1.0,15.0,10.0
1637935346.0,2.9743117497441456,0.7851062596434634,321.307423017819,2179.2938650629585,877.099030746902,22345.548702824137,25693.738267130066,24969.401044918435,27145.44615610967,26984.76900240768,24965.69978732635,25175.15082785215,23121.62254036763,29013.679525649477,0.132412672623883,-0.5091666002111532,-0.8606679808319906,0.2520693580318743,0.9677091705369948,1.0,16.0,9.0
1637935362.0,2.9731444149358977,0.7838726166532257,320.6836994599564,2181.951762102579,876.5527656639117,22330.065372619756,25642.52398755563,24881.34948500633,27087.754926095797,26893.27391444079,24861.889279970666,25130.575364189724,23104.734196729598,28918.45363025517,0.1328188464662875,-0.5101676879856942,-0.8600749561144838,0.2789911060690502,0.9602936856682792,1.0,17.0,8.0
1637935378.0,2.9718019398093785,0.7827479914572786,320.13210336017283,2184.589218963833,876.1187075387991,22323.98721089394,25607.928715530943,24798.656903052335,27046.237466971957,26809.28499852639,24764.163818996596,25093.17582552373,23095.533409771986,28839.708806208037,0.1332250203086921,-0.5111680850796427,-0.8594807669727178,0.3056953052300788,0.952129392656423,1.0,18.0,7.0
1637935394.0,2.9702440378613693,0.7817061131371497,319.6370050987539,2187.1769551714324,875.8337592321859,22328.000928592508,25591.63855335235,24719.979075882176,27019.603042091672,26731.52853252693,24670.541909703705,25061.480608385187,23095.61888900991,28778.545443835603,0.1336311941510966,-0.5121677901010847,-0.8588854142334537,0.3321611319441417,0.9432226579263172,1.0,19.0,6.0
1637935410.0,2.968418212821571,0.7807018459560511,319.16781131356,2189.7140241237103,875.7427221868114,22341.811517156668,25594.38139470658,24641.327194196085,27004.337979472868,26656.55964889261,24576.467971932274,25031.542520472853,23106.261673546447,28735.130832207935,0.1340373679935012,-0.5131668017465755,-0.8582888986729299,0.3583679498379016,0.9335804263848826,1.0,20.0,5.0
1637935426.0,2.9662597498400665,0.7796728483253128,318.6591458023651,2192.18473469473,875.9090526267556,22362.515698202038,25614.326420701374,24553.401037456944,26991.91649375722,26575.936379714796,24472.059920080996,24993.60971135787,23127.772090180148,28706.77719359933,0.1344435418359057,-0.5141651186136218,-0.8576912211285832,0.3842953223195433,0.9232102172546176,1.0,21.0,4.0
1637935442.0,2.9636414399758158,0.7783931808662683,317.9759741998131,2195.249060775456,876.3604062921135,22383.72736787463,25646.116654026344,24425.25505617385,26960.674237956042,26466.2415477361,24334.035810636873,24926.335259675932,23155.214022628184,28686.365448694778,0.1348497156783103,-0.515162739400589,-0.8570923823796831,0.4099230337328295,0.9121201162211442,1.0,22.0,3.0
1637935458.0,2.961232423408777,0.7793623964565506,316.9368634410756,2195.710136007704,878.3857825520091,22389.088640326067,25606.913851913574,24274.20230121182,26846.714802717666,26264.85110010705,24137.491970518022,24748.61994058394,23133.062511710035,28645.33129857523,0.1352558895207148,-0.5161596627069361,-0.8564923832669278,0.4352310990702348,0.9003187715482308,1.0,23.0,2.0
1637935474.0,2.9489116624510934,0.7685109074100117,309.46272380380947,2224.4493637163855,868.6960578051813,21708.210118414885,25054.251025125857,23054.495829197323,26077.693537846335,25749.09327933511,23064.082853570435,23539.81970508404,22781.093697158383,28400.110305425573,0.1356620633631194,-0.5171558872203909,-0.8558912245801392,0.460199784707324,0.8878153851760695,1.0,24.0,1.0
1637935490.0,3.0,1.22266,550.0,3840.0,1291.169792,96885.757,96875.69,97133.153,97186.328,97275.692,97293.281,97303.403,97309.451,97320.039,0.1360682372055239,-0.5181514115797371,-0.8552889071406958,0.4848096199817496,0.874619707286059,0.0,0.0,0.0
1637935506.0,2.964478119662707,0.7756828800026077,335.7847790758637,2144.418348203106,858.8656569562606,21508.196163210276,25866.61486517459,24195.612194487778,27063.28161966191,26095.550033132444,26301.22226168139,23626.877189763632,21623.55615609819,29260.613063205285,0.1364744110479285,-0.5191462344371792,-0.8546854317640481,0.5090414157046012,0.860742027031012,1.0,1.0,43.0
1637935522.0,2.9700253680270423,0.7883167625867529,335.9569083552288,2167.2476368676707,868.4426182055495,21895.045998186597,26076.02716925978,25029.54700122226,27682.652231978034,27134.67458622095,26195.79745536195,25220.706121770432,22857.05934366899,29591.74380931406,0.136880584890333,-0.5201403544334428,-0.8540807992747833,0.5328762758426855,0.8461931662711712,1.0,2.0,42.0
1637935538.0,2.9727099525598826,0.7860253507478926,331.2959985353268,2171.608550526477,872.5394297336607,21911.252992392176,25951.727929667373,24967.14440555463,27541.952046809954,27200.452617696683,25870.376580709853,25083.87301234866,22839.38000737276,29450.64601172958,0.1372867587327376,-0.5211337702599187,-0.8534750104687789,0.5562956154835582,0.8309844692855392,1.0,3.0,41.0
1637935554.0,2.9743593198074456,0.783963539863616,327.5928052238028,2173.0141737813037,874.4324244729547,21881.848214457495,25801.390787484135,24897.887877847203,27343.75226398452,27097.51507352051,25594.01751484047,24999.71042439212,22839.676707046434,29269.001061096184,0.1376929325751421,-0.5221264805219699,-0.8528680661964904,0.5792811721499239,0.815127795865538,1.0,4.0,40.0
1637935570.0,2.975293682037251,0.7802967026531394,323.89381063852164,2174.3829918797946,874.932004440506,21788.8878765741,25593.73232537848,24762.59082695683,27044.67473601301,26896.309061847238,25289.970775835103,24823.888494106795,22785.920796442122,29006.37085205507,0.1380991064175467,-0.5231184839252714,-0.8522599672492693,0.6018150231623266,0.7986355100395476,1.0,5.0,39.0
1637935586.0,2.975670849717722,0.7758539905406026,320.2877614249157,2176.1255732398367,874.6772055997782,21666.629308732372,25356.27702407979,24582.47480559765,26695.99533614821,26636.157813838356,24972.146456490787,24606.653561149185,22700.54747844153,28700.068282300566,0.1385052802599512,-0.5241097790771688,-0.8516507144808142,0.6238795965503863,0.7815204725457467,1.0,6.0,38.0
1637935602.0,2.9756331364746886,0.7708197146969175,316.74780978059954,2178.4806219224415,873.8811719383839,21521.4302841105,25098.195605062516,24367.332998503938,26314.112848756842,26336.85167889608,24641.860393132032,24357.85657382485,22590.297843960216,28360.61025803743,0.1389114541023558,-0.5251003646851825,-0.8510403086854866,0.645457687759003,0.7637960286050205,1.0,7.0,37.0
1637935618.0,2.9752851250658794,0.7653172074267552,313.2532950130038,2181.5669605029466,872.6721323348362,21355.985912214237,24824.012463348998,24125.628575476985,25908.38944170809,26009.375117903284,24303.338123207508,24084.958982887445,22460.407806028517,27994.39217845535,0.1393176279447603,-0.5260902393710235,-0.850428750712568,0.6665324704695426,0.7454759994860789,1.0,8.0,36.0
1637935634.0,2.974692587845395,0.7593946024562472,309.76409801542934,2185.3753796702194,871.1244597527264,21172.61930845849,24535.578123921157,23861.039617757433,25483.255531450846,25658.947420843357,23954.931910030387,23791.44222061774,22313.136989718565,27605.189819824605,0.1397238017871649,-0.527079401794572,-0.8498160413900624,0.6870875108617607,0.7265746709167544,1.0,9.0,35.0
1637935650.0,2.973902707125002,0.7530795571258145,306.2471006410135,2189.870261531032,869.2864982237916,20973.049405802696,24233.892670829126,23576.460282317476,25041.509568559155,25288.86739189174,23595.460287385533,23479.60473839341,22149.710597440626,27195.71078672366,0.1401299756295694,-0.5280678506537445,-0.8492021815244792,0.7071067814186602,0.7071067809544348,1.0,10.0,34.0
1637935666.0,2.9729504862932554,0.7463969085329388,302.6791636539422,2195.0010992710236,867.1915331008552,20758.863030033328,23919.882290286805,23274.609285237075,24585.465359195732,24901.842154775142,23224.569682312344,23151.284182465475,21970.855822131838,26768.404934645245,0.140536149471974,-0.5290555845608768,-0.8485871719776048,0.7265746707279367,0.6870875110614297,1.0,11.0,33.0
1637935682.0,2.9718635923034222,0.7393787102790935,299.04815329027144,2200.70358815323,864.8653685593694,20531.772955267254,23594.765680776472,22958.321479524846,24117.569615835077,24500.61844362688,22842.86754677992,22808.400574194973,21777.211899832346,26325.874538012602,0.1409423233143785,-0.5300426022281324,-0.8479710135513064,0.7454759996132883,0.6665324703272666,1.0,12.0,32.0
1637935698.0,2.9706658101871524,0.7320685694819948,295.353033740884,2206.9001469512086,862.3312989949678,20293.690886236163,23260.14642534402,22630.588008843406,23640.660970029203,24088.21283847531,22451.84681320161,22453.231926022512,21569.595219205814,25871.020513218486,0.1413484971567831,-0.5310289022698562,-0.8473537071105971,0.7637960284276432,0.6454576879689009,1.0,13.0,31.0
1637935714.0,2.969379175687921,0.724521717874163,291.6023134378138,2213.5017229098403,859.6129612892291,20046.69420053668,22917.964958005425,22294.471058061732,23158.002735358932,23667.905576117766,22053.70508304362,22088.461312959695,21349.12196566342,25407.008960811174,0.1417546709991876,-0.5320144834000813,-0.8467352534603391,0.7815204723742991,0.6238795967651549,1.0,14.0,30.0
1637935730.0,2.9680249798900076,0.7168021560107027,287.81180234254134,2220.4123482686105,856.735683348088,19792.926483323,22570.355078781442,21952.948180350788,22673.120947184172,23243.084584144563,21651.06535991565,21717.090781308765,21117.2167931706,24937.118746563938,0.1421608448415922,-0.5329993442351693,-0.8461156534687676,0.7986355098741635,0.6018150233817987,1.0,15.0,29.0
1637935746.0,2.9666236634680727,0.708977854116402,284.0017403501822,2227.5353573488255,853.7262593454326,19534.469423381553,22219.456130030525,21608.74241603787,22189.562658607163,22817.029480440433,21246.672013977797,21342.22704950421,20875.552121599805,24464.550668017364,0.1425670186839967,-0.533983483478726,-0.8454949079515057,0.8151277957063465,0.5792811723739282,1.0,16.0,28.0
1637935762.0,2.965194089653034,0.7011150405012923,280.1937453519096,2234.7801090298576,850.6116439954385,19273.213477437166,21867.23441001134,21264.188858688594,21710.59674672875,22392.6949537734,20843.09541538678,20966.848628102554,20625.924253777022,23992.214935401436,0.1429731925264013,-0.5349668997860483,-0.8448730177566947,0.8309844691326642,0.5562956157119201,1.0,17.0,27.0
1637935778.0,2.9637526034939676,0.6932731772623025,276.40814047750024,2242.0679310867326,847.4172080147833,19010.74608716056,21515.32306090426,20921.126548923283,21238.974681287174,21972.529422402004,20442.504681622475,20593.571701048637,20370.107193596596,23522.559545441443,0.1433793663688058,-0.5359495918257328,-0.8442499837262838,0.8461931661247323,0.5328762760752268,1.0,18.0,26.0
1637935794.0,2.9623123466835173,0.6855010261628575,272.66195183931774,2249.3359707731797,844.1649507741192,18748.2857795529,21164.916764394788,20580.871911183283,20776.739201386023,21558.369200020155,20046.514730865736,20224.489091625983,20109.720091260973,23057.441406815105,0.1437855402112104,-0.5369315582550807,-0.843625806711584,0.860742026891123,0.5090414159411406,1.0,19.0,25.0
1637935810.0,2.9608828962439673,0.6778343734789088,268.9675675294376,2256.538831319429,840.8721945704059,18486.648293311715,20816.73571647838,20244.223695727953,20325.15198973385,21151.40012317573,19656.124360289006,19861.07302266529,19846.113890378245,22598.07491425327,0.1441917140536149,-0.5379127977814806,-0.8430004875342006,0.8746197071528291,0.4848096202221027,1.0,20.0,24.0
1637935826.0,2.959470383496463,0.6702953901118823,265.33233994293255,2263.648106653426,837.5507658714471,18226.25704886323,20471.0240879222,19911.50869210655,19884.700781586434,20752.175809192337,19271.733584134927,19504.158393777747,19580.301334093398,22145.037524842235,0.1445978878960195,-0.5388933090273895,-0.842374027072007,0.8878153850496026,0.4601997849513033,1.0,21.0,23.0
1637935842.0,2.9580779457034234,0.662893401823094,261.758581153725,2270.6501031391936,834.2069150457471,17967.18364275225,20127.602060658126,19582.64999049131,19455.168599662684,20360.69068785656,18893.208651511224,19153.984278590884,19312.922587568733,21698.319944744773,0.145004061738424,-0.5398730907143879,-0.841746426141801,0.9003187714286255,0.4352310993176503,1.0,22.0,22.0
1637935858.0,2.95670633633658,0.6556264178528219,258.24415480551073,2277.5429035072534,830.8416160377135,17709.202815312015,19785.933259558282,19257.24759800295,19035.75584250081,19976.470672114294,18519.98638447101,18810.271964326494,19044.24616710599,21257.422165518135,0.1454102355808286,-0.540852141491459,-0.8411176856089181,0.912120116299379,0.4099230335587491,1.0,23.0,21.0
1637935874.0,2.9553546543142417,0.6484831216800285,254.78314661319652,2284.332748910969,827.4511336100036,17451.857734395384,19445.197418640673,18934.655039663572,18625.19804563225,19598.674969193984,18151.18006413584,18472.325288400763,18774.190619663234,20821.4488808429,0.1458164094232331,-0.5418304600086484,-0.8404878063403517,0.92321021714901,0.3842953225732495,1.0,24.0,20.0
1637935890.0,2.9540210203633444,0.6414448914064823,251.36667358877307,2291.030765930949,824.0277591531734,17194.52296954005,19104.359968198263,18614.04854635421,18221.898478808987,19226.192630972768,17785.687948491413,18139.12416204543,18502.361378033514,20389.21295791075,0.1462225832656377,-0.5428080449781744,-0.8398567891652554,0.9335804266201562,0.3583679492249931,1.0,25.0,19.0
1637935906.0,2.9527031762718243,0.6344877194179191,247.98362390496996,2297.649476984161,820.5604180630963,16936.4654645099,18762.234540052134,18294.492072962345,17824.030143870754,18857.727963915688,17422.28569053885,17809.415926162852,18228.08637719401,19959.334261893648,0.1466287571080422,-0.5437848950520762,-0.8392246349537188,0.9432226578350364,0.3321611322033475,1.0,26.0,18.0
1637935922.0,2.95139904889085,0.6275836521299116,244.62122566544053,2304.199655681101,817.0352129022672,16676.89534774618,18417.524227176687,17974.98208522942,17429.62015479876,18491.86783582133,17059.706991321156,17481.787506967485,17950.45151580147,19530.30719116101,0.1470349309504467,-0.5447610089444774,-0.8385913445378476,0.9521293927147656,0.3056953050483625,1.0,27.0,17.0
1637935938.0,2.950107278886916,0.6207018446165318,241.26549544710295,2310.6871681443868,813.4357498317189,16415.004964032232,18068.848217711457,17654.47983716852,17036.6175817516,18127.138770509446,16696.706527860388,17154.72433277038,17668.320942025843,19100.566663523998,0.1474411047928513,-0.5457363852850308,-0.837956918806706,0.96029368559161,0.2789911063329472,1.0,28.0,16.0
1637935954.0,2.9488277561033356,0.6138090405256409,237.90145563508872,2317.1094352855785,809.7431091786372,16149.994549168436,17714.752725682705,17331.92527043081,16642.926214016545,17762.035263072587,16332.11343803415,16826.65036023095,17380.33860208721,18668.51104103403,0.1478472786352559,-0.5467110228020117,-0.837321358587477,0.967709170467724,0.2520693582978093,1.0,29.0,15.0
1637935970.0,2.947562309141098,0.6068691425250806,234.51303269149022,2323.451632359927,805.9354240181063,15881.077657452208,17353.695595620902,17006.227053092916,16246.42720044518,17395.04035872013,15964.865919330696,16495.947197150363,17084.90594132414,18232.507396490524,0.1482534524776604,-0.5476849201271454,-0.8366846647724113,0.9743700647238596,0.2249510546097123,1.0,30.0,14.0
1637935986.0,2.9463156328781617,0.5998417014582411,231.08266757090485,2329.6822778427168,801.9868687693026,15607.449212682215,16984.010970157753,16676.20582391054,15844.964522484468,17024.614589715507,15594.0297666607,16160.948450795766,16780.12305979078,17790.840242438873,0.148659626320065,-0.5486580759906361,-0.836046838191649,0.9802711746170772,0.1976573404021608,1.0,31.0,13.0
1637936002.0,2.9450966411935617,0.5926785199065299,227.5903192165743,2335.7488955067965,797.8657982660008,15328.1942803029,16603.845784073215,16340.47917506099,15436.298863323178,16649.15783488704,15218.791599670272,15819.883985344626,16463.681940636285,17341.59861104816,0.1490658001624695,-0.5496304890262889,-0.8354078797406226,0.9854078984426708,0.1702094994023507,1.0,32.0,12.0
1637936018.0,2.9439207670390117,0.5853174044032802,224.01166229876242,2341.5751064301708,793.5318908083849,15042.100954068848,16211.073858060912,15997.23794956183,15017.988378566835,16266.908282145438,14838.403520213207,15470.749701081153,16132.688910347068,16882.45114325028,0.149471974004874,-0.5506021579662431,-0.8347677902524248,0.9897762309091472,0.1426289336960847,1.0,33.0,11.0
1637936034.0,2.9428136438753536,0.5776715317551481,220.31483528278335,2347.062707709193,788.9325125944677,14747.323967762535,15803.183127550956,15643.860842726392,14587.141969578712,15875.738728873255,14452.053618576212,15111.029208719152,15783.411530387388,16410.24351069078,0.1498781478472786,-0.5515730814463915,-0.834126570625665,0.993372765576628,0.1149371506982911,1.0,34.0,10.0
1637936050.0,2.941817310798682,0.5696126297886587,216.45476197544858,2352.1063578202316,783.9993370092142,14440.850569573013,15377.141702881836,15276.290552265726,14139.903653352801,15472.729532228632,14058.593479256544,14737.160249272176,15410.936796387929,15920.288211667521,0.1502843216896832,-0.5525432581886868,-0.8334842217044245,0.9961946980954536,0.0871557427052732,1.0,35.0,9.0
1637936066.0,2.94100035686956,0.5609452900324265,212.36315989761172,2356.6320042352177,778.6481840842554,14117.740443938052,14929.181641152558,14888.064065821774,13670.417361433054,15053.327739009675,13655.990289937112,14343.57762534123,15008.748581134032,15405.158385956041,0.1506904955320877,-0.5535126868675028,-0.8328407443663631,0.9982398279134594,0.0593063737494282,1.0,36.0,8.0
1637936082.0,2.940472737187294,0.5513674724662463,207.9307829784271,2360.6664546331367,772.7848514548928,13770.034672584037,14454.244404543377,14468.767437510318,13168.847176765683,14609.715864124459,13240.104274736748,13920.982781863137,14568.122156630392,14852.689097665503,0.1510966693744923,-0.5544813661703735,-0.8321961394826559,0.9995065603681051,0.0314107590025961,1.0,37.0,7.0
1637936098.0,2.9404016299448874,0.5404035262325048,202.9758565441444,2364.414313354362,766.3112128842483,13384.666039244214,13944.241105111281,14001.140704324349,12617.869534321557,14127.810628649604,12801.60568970188,13453.015511017355,14076.839992434176,14242.855457865882,0.1515028432168968,-0.5554492947979484,-0.8315504079179217,0.9999939076589244,0.0034906510903143,1.0,38.0,6.0
1637936114.0,2.9410163428078384,0.5272821030375568,197.18994935551444,2368.258962096025,759.1078544933969,12938.397692840073,13383.535576528197,13454.76294063819,11986.978726534304,13581.97148916454,12318.284765717579,12909.4913737637,13516.0220167222,13543.247455242707,0.1519090170593013,-0.5564164714034903,-0.8309035505706357,0.9997014897899072,-0.0244321777956904,1.0,39.0,5.0
1637936130.0,2.9426021727804597,0.5107473860272991,190.0557793798526,2372.6286679194654,750.9980923317233,12387.890166195128,12740.869495936086,12773.266037952371,11224.29832907256,12925.830673893268,11739.033800722927,12234.254235664503,12854.118183454157,12703.45430985063,0.1523151909017059,-0.5573828947259661,-0.8302555682841896,0.998629534760212,-0.052335956135364,1.0,40.0,4.0
1637936146.0,2.9455524662557004,0.488894792861318,180.74132600756505,2377.8586140517737,741.8126246261394,11659.663694425066,11962.798870506504,11853.55422540858,10247.489172776583,12076.422948367197,10959.092098731679,11329.442930554414,12040.015160277924,11649.420093420234,0.1527213647441104,-0.5583485634086328,-0.8296064619682733,0.9967788784822352,-0.0801989240058559,1.0,41.0,3.0
1637936162.0,2.950075529526865,0.45919424567957934,168.07579662174544,2385.492435061987,731.5837681364039,10634.031334400506,10967.015058631081,10525.010154250329,8944.097990913331,10897.2632296624,9782.537513587244,10031.1687705878,10973.716175652526,10298.311468011452,0.153127538586515,-0.5593134761803602,-0.8289562324773496,0.9941509639803836,-0.1079993556317549,1.0,42.0,2.0
1637936178.0,2.96294255308436,0.41219224275067445,145.3866337415347,2400.423419804,721.0570987117295,8803.359418155203,9064.537742499713,8155.140373752691,6497.250755598072,8521.896772964588,7668.609614850882,7566.570512202021,8825.518555187648,7808.395819300454,0.1535337124289195,-0.5602776317227144,-0.8283048806998462,0.99074784051094,-0.1357155721459727,1.0,43.0,1.0
1637936194.0,3.0,0.003164,10.0,3584.0,1515.06944,304.536,300.748,304.471,304.471,304.885,304.885,304.885,304.885,336.86,0.1539398862713241,-0.5612410287303687,-0.8276524075175988,0.9865721616137773,-0.1633259622004996,0.0,0.0,0.0
1637936210.0,3.0,0.003164,20.0,3584.0,1579.716608,343.398,343.539,347.413,347.413,348.646,349.532,349.532,349.532,357.672,0.1543460601137286,-0.5622036658869889,-0.8269988138221427,0.981627183496893,-0.1908089951232833,0.0,0.0,0.0
1637936226.0,3.0,0.073894,40.0,3584.0,1657.167872,709.356,706.506,716.21,718.849,726.018,726.806,728.139,728.139,731.524,0.1547522339561332,-0.5631655419254067,-0.8263441004738056,0.9759167619406364,-0.2181432413880913,0.0,0.0,0.0
1637936242.0,3.0,0.11808,50.0,3584.0,1745.887232,761.5,764.925,777.431,777.675,779.816,781.356,784.27,784.27,784.839,0.1551584077985377,-0.5641266554952631,-0.825688268391727,0.969445349950328,-0.2453073856606976,0.0,0.0,0.0
1637936258.0,3.0,0.236615,70.0,3584.0,1850.322944,1113.16,1113.608,1135.629,1136.733,1147.138,1151.102,1153.462,1154.693,1155.977,0.1555645816409423,-0.5650870053434299,-0.8250313184310002,0.9622179935226518,-0.2722802470640166,0.0,0.0,0.0
1637936274.0,3.0,0.236615,80.0,3584.0,1855.97952,1146.451,1147.819,1178.076,1178.441,1185.461,1191.419,1199.116,1200.288,1200.859,0.1559707554833468,-0.5660465901216906,-0.8243732515139043,0.9542403285736796,-0.2990407920729139,0.0,0.0,0.0
1637936290.0,3.0,0.234511,90.0,3584.0,1860.595712,1935.865,1938.276,1973.854,1981.475,1995.267,2001.731,2003.165,2003.234,2004.202,0.1563769293257514,-0.5670054085789101,-0.8237140684984463,0.945518575580634,-0.3255681545114156,0.0,0.0,0.0
1637936306.0,3.0,0.416179,110.0,3584.0,436.137984,2168.664,2170.293,2206.852,2211.14,2227.289,2229.703,2239.963,2240.93,2243.656,0.1567831031681559,-0.5679634593690219,-0.8230537703100408,0.9360595357948928,-0.3518416482559301,0.0,0.0,0.0
1637936322.0,3.0,0.441226,120.0,3584.0,442.957824,1693.922,1689.788,1750.962,1757.145,1773.673,1778.49,1781.161,1782.787,1784.268,0.1571892770105605,-0.5689207412309238,-0.8223923578178826,0.925870584775835,-0.3778407869021731,0.0,0.0,0.0
1637936338.0,3.0,0.441226,130.0,3584.0,448.679936,1867.441,1865.195,1907.772,1921.522,1938.606,1954.993,1962.274,1965.643,1975.274,0.157595450852965,-0.5698772528685662,-0.8217298319173865,0.9149596677127204,-0.4035452966632474,0.0,0.0,0.0
1637936354.0,3.0,0.48456,140.0,3584.0,455.938048,5501.048,5517.509,5558.78,5562.021,5566.967,5580.359,5583.886,5583.96,5584.453,0.1580016246953696,-0.5708329929510975,-0.8210661935303951,0.9033352930100956,-0.4289351330939967,0.0,0.0,0.0
1637936370.0,3.0,0.482471,160.0,3584.0,470.208512,2258.141,2263.414,2326.48,2331.267,2346.733,2354.705,2360.734,2363.969,2366.343,0.1584077985377741,-0.571787960232396,-0.8204014435221796,0.8910065242305385,-0.4539904996567822,0.0,0.0,0.0
1637936386.0,3.0,0.585017,170.0,3584.0,480.272384,9470.417,9466.254,9562.665,9568.556,9580.13,9584.256,9586.128,9587.686,9589.303,0.1588139723801787,-0.5727421533718013,-0.8197355828259696,0.877982975575996,-0.4786918576691272,0.0,0.0,0.0
1637936402.0,2.967018487062182,0.43741372275543244,172.10656919072437,2428.1485282786107,588.0440714861104,5977.2193051080885,6259.07413022925,6823.7602140865765,5881.34188907709,7962.802072798948,6260.363188904483,6607.0441725580695,8017.810370071895,6794.412155216543,0.1592201462225832,-0.5736955711252086,-0.8190686123099339,0.8642748019838187,-0.503019946578494,1.0,1.0,1.0
1637936418.0,3.0,0.514444,180.0,3584.0,548.573184,9716.236,9726.161,9778.192,9782.669,9811.032,9824.78,9828.472,9829.627,9833.105,0.1596263200649878,-0.574648212154133,-0.8184005329104195,0.8498926931324016,-0.5269557952619494,0.0,0.0,0.0
1637936434.0,3.0,0.522024,190.0,3584.0,559.345664,11874.653,11873.727,11965.411,11971.13,11991.871,11999.097,12009.167,12013.416,12018.655,0.1600324939073923,-0.5756000752164931,-0.8177313454984879,0.8348478632781835,-0.5504807400625851,0.0,0.0,0.0
1637936450.0,3.0,0.507627,200.0,3584.0,567.25504,10634.689,10639.82,10706.041,10716.303,10762.847,10780.17,10788.238,10789.19,10790.596,0.1604386677497969,-0.5765511589759867,-0.8170610510135986,0.8191520444284645,-0.5735764361518585,0.0,0.0,0.0
1637936466.0,2.969446102484093,0.49233716006339867,190.32634058231042,2404.2909454211162,612.3706769483395,7482.152193770244,8143.355643730599,8437.008406108132,7373.82969866233,9603.770857386287,7920.6266375425375,8279.903041870159,9535.913583242964,8920.115954007944,0.1608448415922014,-0.577501462180683,-0.816389650338105,0.8028174751874306,-0.5962248749705762,1.0,1.0,1.0
1637936482.0,3.0,0.509827,210.0,3584.0,580.083712,11114.871,11126.904,11199.104,11206.421,11233.857,11238.809,11244.227,11245.448,11247.55,0.161251015434606,-0.5784509835202392,-0.8157171443977795,0.7858568933053547,-0.6184083951924136,0.0,0.0,0.0
1637936498.0,3.0,0.645616,220.0,3584.0,588.96384,11065.025,11067.955,11140.074,11153.738,11185.9,11201.967,11205.119,11205.363,11212.957,0.1616571892770105,-0.5793997217447518,-0.8150435340778455,0.7682835235684302,-0.6401096995150732,0.0,0.0,0.0
1637936514.0,3.0,0.645616,230.0,3584.0,601.493504,11854.147,11848.792,11944.228,11956.436,11988.323,12004.111,12007.119,12007.736,12009.129,0.1620633631194151,-0.5803476755223057,-0.8143688203239713,0.7501110697475898,-0.6613118651907937,0.0,0.0,0.0
1637936530.0,2.9714500817290923,0.5557993450105955,214.0781973752658,2366.504387774187,643.0346209397746,9118.571444086865,10267.832220808357,10356.244046669171,9866.269980606317,11701.153337237145,10007.094115816368,10467.753756808797,11422.18516538217,11520.243500845347,0.1624695369618196,-0.5812948436169306,-0.8136930040158685,0.731353701569914,-0.6819983601153197,1.0,1.0,1.0
1637936546.0,3.0,0.744355,240.0,3584.0,611.913728,11954.145,11941.72,12058.117,12078.04,12126.84,12147.511,12157.716,12157.892,12159.659,0.1628757108042242,-0.5822412246989157,-0.8130160861023027,0.7120260460921736,-0.7021530528925627,0.0,0.0,0.0
1637936562.0,3.0,0.813833,250.0,3584.0,625.537024,10711.492,10720.846,10801.985,10816.239,10861.087,10887.286,10902.959,10908.894,10921.214,0.1632818846466287,-0.5831868175343414,-0.8123380674658591,0.6921431737944441,-0.7217602281712078,0.0,0.0,0.0
1637936578.0,2.9735545591219017,0.619499707176356,239.45991368654194,2328.1959598040567,690.8415276876582,11791.486020941365,12873.240226689224,13356.811325307443,13376.473417025072,14760.16052081518,12966.065724926702,13523.929951582773,13825.996213422635,14924.09651467148,0.1636880584890333,-0.5841316208075195,-0.8116589490498951,0.6717205890603096,-0.7408045965249344,1.0,1.0,2.0
1637936594.0,2.97145783675979,0.618995876107651,237.83746205306815,2323.3711872623385,695.8654433187553,11839.221054055355,13389.63399546195,13210.979326825931,12920.480515679687,14656.82300436914,12702.074901290587,13355.513574655039,14637.057600382675,14881.005018784703,0.1640942323314378,-0.585075633251154,-0.8109787317653658,0.6507742175144305,-0.7592713071218223,1.0,2.0,1.0
1637936610.0,3.0,0.766222,270.0,3584.0,650.870784,10815.914,10841.781,10915.538,10933.711,10965.489,10983.526,10994.585,10994.804,11007.105,0.1645004061738424,-0.5860188535871891,-0.8102974165331867,0.6293203911104941,-0.7771459614078522,0.0,0.0,0.0
1637936626.0,3.0,0.873482,280.0,3584.0,663.957504,12250.6,12270.86,12358.438,12382.439,12433.48,12441.573,12450.183,12461.836,12470.851,0.1649065800162469,-0.5869612805268596,-0.8096150042843013,0.6073758399571384,-0.794414620356625,0.0,0.0,0.0
1637936642.0,2.9736238476774215,0.6636083867321151,259.7913576811103,2281.5689247382106,709.6382373451331,12950.68304404341,14750.656477252247,14090.79069137958,15999.412861081522,16440.152054495113,14575.774122760135,15594.939160159662,15390.092676477027,17055.567216910164,0.1653127538586515,-0.5879029128296004,-0.8089314959169727,0.584957675023736,-0.8110638189629873,1.0,1.0,1.0
1637936658.0,3.0,0.996261,290.0,3584.0,679.903232,14253.789,14260.902,14371.626,14386.968,14421.798,14434.301,14440.918,14452.024,14465.071,0.165718927701056,-0.588843749173472,-0.8082468923907652,0.5620833780682859,-0.8270805741276629,0.0,0.0,0.0
1637936674.0,3.0,1.029577,300.0,3584.0,694.59968,15985.707,16013.003,16108.856,16128.273,16175.726,16183.532,16205.57,16206.84,16208.465,0.1661251015434606,-0.5897837883317845,-0.8075611945982848,0.538770785016977,-0.8424523970006794,0.0,0.0,0.0
1637936690.0,2.9740190854606707,0.7320767221170461,290.3207678558829,2254.939844619023,754.2244330187342,15887.423035959742,18097.520116301923,17166.143820141253,20029.631096482404,19844.936580560243,18187.88338335452,19076.58109486777,17963.769397865486,21230.047477763983,0.1665312753858651,-0.5907230289848349,-0.8068744035021695,0.5150380751057667,-0.8571673005845164,1.0,1.0,1.0
1637936706.0,3.0,1.246566,310.0,3584.0,709.799936,18045.614,18066.688,18147.273,18174.695,18235.166,18255.571,18262.696,18266.106,18269.76,0.1669374492282697,-0.5916614699080136,-0.8061865199978779,0.4909037535968303,-0.8712138111305069,0.0,0.0,0.0
1637936722.0,2.971953462534162,0.7637175727414686,303.59276579188327,2234.4177691646937,783.4773482932791,17549.75053531674,20079.69163017786,18693.169917751908,21969.237374799617,21412.56762567918,20036.29331429697,20631.263578450897,19370.565325839598,23392.075309968877,0.1673436230706742,-0.5925991097838615,-0.8054975450511161,0.4663866405126518,-0.8845809751239976,1.0,1.0,1.0
1637936738.0,3.0,0.926079,320.0,3584.0,726.95808,18474.358,18481.754,18614.944,18645.445,18674.719,18692.151,18697.222,18697.651,18698.393,0.1677497969130787,-0.5935359473781449,-0.8048074795688271,0.4415058527432576,-0.8972583696981873,0.0,0.0,0.0
1637936754.0,2.9704347455225117,0.7835027737860958,314.80101579316204,2221.0718087485,802.9501359097551,18855.489980574792,21782.16075769787,20088.11218912339,23633.66824352301,22887.12504623659,21580.80836922633,22073.174226755502,20386.35444295018,25179.263479591842,0.1681559707554833,-0.5944719814107897,-0.8041163244938693,0.4162807924079517,-0.9092361089795148,1.0,1.0,1.0
1637936770.0,3.0,0.924713,330.0,3584.0,744.210432,21482.895,21478.474,21597.518,21638.297,21690.267,21714.185,21725.438,21728.201,21737.248,0.1685621445978879,-0.5954072106145417,-0.8034240807619665,0.3907311284091325,-0.9205048534864584,0.0,0.0,0.0
1637936786.0,2.969109948340969,0.8039945641846077,326.5171636970935,2204.1046637659224,822.1163718483402,20150.9624813086,23481.854713560308,21513.106126284874,25336.306276953634,24341.883452615333,23169.021574471175,23428.977491273356,21405.874604913275,27065.39631867775,0.1689683184402924,-0.5963416337115548,-0.8027307493189941,0.3648767844579652,-0.9310558158153652,1.0,1.0,1.0
1637936802.0,3.0,1.016421,340.0,3584.0,761.208832,23945.844,23959.623,24073.081,24093.966,24155.209,24176.318,24196.973,24207.712,24212.495,0.169374492282697,-0.5972752494717993,-0.802036331077589,0.3387379201323058,-0.9408807689949028,0.0,0.0,0.0
1637936818.0,2.967579246281877,0.8243453187366365,338.2180334165466,2186.355465365547,841.2784310637938,21413.6006526263,25174.721740986955,22951.02956300409,27038.208689402793,25787.466479650568,24756.257035924777,24704.857698872172,22420.615362529734,28963.983519235437,0.1697806661251015,-0.5982080566079121,-0.8013408269952212,0.3123349181612874,-0.9499720516400374,1.0,1.0,1.0
1637936834.0,3.0,0.953959,350.0,3584.0,781.549568,24785.517,24782.396,24956.39,24977.159,25031.416,25064.024,25077.813,25084.849,25093.724,0.170186839967506,-0.5991400538337057,-0.8006442380309399,0.285688367704501,-0.9583225743758402,0.0,0.0,0.0
1637936850.0,2.971818837845017,0.8293445903885462,344.2038170836828,2191.3480190416944,852.4715834896539,22336.799451078576,26113.925058748035,24449.17864572818,27966.661275038397,26988.168070424847,26031.42318170463,25498.07922056423,22933.745988969058,30106.726482602797,0.1705930138099106,-0.6000712399340148,-0.799946565092978,0.2588190451635788,-0.9659258262727078,1.0,1.0,2.0
1637936866.0,2.9676372988554207,0.8250057058753106,344.41503890892557,2174.9594562508246,861.4757423465231,22532.563189030185,26770.42727754105,24549.660563504625,28223.60317499408,27274.53893195874,25970.23586378945,25600.527844218555,23469.569494833395,30317.644542141014,0.1709991876523152,-0.6010016136015651,-0.7992478091607853,0.2317479037660786,-0.9727758781446156,1.0,2.0,1.0
1637936882.0,3.0,1.205836,360.0,3584.0,798.871552,26962.428,26961.391,27107.106,27142.796,27196.589,27198.452,27217.07,27219.603,27222.895,0.1714053614947197,-0.6019311736116878,-0.7985479711541794,0.2044960518713417,-0.9788673887555114,0.0,0.0,0.0
1637936898.0,2.9654232331850703,0.8477098702118224,354.5791563269077,2163.134283610896,867.7812029260881,23240.43838143376,27608.231679337863,25099.354561591204,29549.506213396937,27963.68078614907,27106.07568657674,26592.06217867438,23829.669367039052,31729.725386669954,0.1718115353371243,-0.6028599186826424,-0.7978470520381445,0.1770847405621961,-0.984195607925589,1.0,1.0,1.0
1637936914.0,3.0,1.26516,370.0,3584.0,817.58208,29345.81,29354.834,29488.001,29496.411,29551.94,29576.853,29588.292,29591.727,29597.452,0.1722177091795288,-0.6037878475918733,-0.7971450527353053,0.1495353434409082,-0.9887563810474296,0.0,0.0,0.0
1637936930.0,2.9705053912084036,0.8473812526605984,356.86996841738744,2172.2077654257037,870.4252372356931,23564.327600652992,27860.206058007163,25900.100769962624,29758.458425929646,28441.059217479517,27705.767627057638,26680.66559023047,23861.967511264906,32060.0977556611,0.1726238830219333,-0.6047149590366789,-0.7964419742311851,0.1218693436170424,-0.9925461516153046,1.0,1.0,2.0
1637936946.0,2.9658229389235053,0.8393661696262895,354.25080483676277,2160.054860035788,876.0789256556981,23492.493940414817,28190.758469186505,25621.711903470015,29742.482469085055,28493.738582619604,27157.25274095217,26515.066844650057,24191.21247565317,31932.675529759876,0.1730300568643379,-0.6056412518082642,-0.7957378174424782,0.0941083132828177,-0.9955619646064544,1.0,2.0,1.0
1637936962.0,3.0,0.984649,380.0,3584.0,837.783552,31662.926,31652.519,31817.301,31836.723,31906.224,31934.264,31940.925,31941.184,31946.031,0.1734362307067425,-0.6065667246062245,-0.7950325833577367,0.066273900580067,-0.99780146828009,0.0,0.0,0.0
1637936978.0,2.963888195358816,0.8602991502983905,362.99729725004494,2148.9788183285655,878.3664213934055,23974.31990244553,28757.840611265936,25933.792834266424,30724.363392055362,28893.220673702257,28014.52908501585,27243.721144779232,24434.698226640645,33026.16859090004,0.173842404549147,-0.6074913762239013,-0.7943262728964657,0.0383878090186924,-0.9992629164132651,1.0,1.0,1.0
1637936994.0,3.0,0.833612,390.0,3584.0,859.058176,33638.04,33617.365,33821.324,33864.7,33991.545,34056.55,34065.597,34076.927,34089.563,0.1742485783915515,-0.6084152053631938,-0.7936188870502408,0.0104717842636788,-0.9999451693639682,0.0,0.0,0.0
1637937010.0,2.9705572573824597,0.8526323080182778,362.3826185253662,2164.55011091081,876.0752546344703,23989.416457336927,28587.06763829237,26590.628708788397,30618.5143326799,29155.931744238274,28363.25233734504,27243.712473715022,24223.566367208106,32899.680705434585,0.1746547522339561,-0.6093382108195867,-0.7929104267413721,-0.0174524065391687,-0.9998476951546128,1.0,1.0,2.0
1637937026.0,2.9640597886317965,0.8441511502138572,359.1550650611314,2164.7614918762515,882.6637102804907,23982.745814956514,28845.660799825444,26429.838366557924,30592.97406673844,29292.429205414264,27778.03150034824,27108.31380605846,24600.92685132711,32787.159598552134,0.1750609260763606,-0.6102603912972904,-0.7922008929644538,-0.045362988014953,-0.998970569795905,1.0,2.0,1.0
1637937042.0,3.0,1.100273,400.0,3584.0,881.926144,36926.163,36917.655,37086.081,37115.988,37184.34,37218.773,37224.887,37228.583,37238.451,0.1754670999187652,-0.611181745582421,-0.7914902866534906,-0.0732381972621927,-0.9973144772145766,0.0,0.0,0.0
1637937058.0,2.9743748607127123,0.8472310924987236,361.81981349120747,2162.9421074284246,876.9144629303627,23681.497116884584,28473.299456176093,26778.95215160597,30611.10372400272,29275.928995411035,28546.731316,27149.96464363482,24044.044482194637,32733.208253866957,0.1758732737611698,-0.6121022724275675,-0.7907786087705002,-0.1010562975652444,-0.9948807087899556,1.0,1.0,6.0
1637937074.0,2.9742061227010343,0.8307864692156387,355.5131602051389,2174.7263997116215,880.11636403436,23570.40822591583,28354.018495478078,26875.57684075181,30199.241281687617,29307.575234641532,27935.97025074881,26929.94010544815,24143.796894609797,32164.518354017506,0.1762794476035743,-0.6130219705519481,-0.790065860305713,-0.128795596282327,-0.9916711624214348,1.0,2.0,5.0
1637937090.0,2.9727483399618344,0.8303483124806734,352.04799952806025,2169.586288484114,885.2410561549054,23794.845071305594,28361.326991479873,26903.07905385788,30233.952701310645,29279.526115461253,27717.312310556037,27051.185118865258,24290.188761364556,32172.050079705332,0.1766856214459788,-0.6139408387564332,-0.7893520421884315,-0.1564344649924529,-0.987688340602705,1.0,3.0,4.0
1637937106.0,2.971348922641167,0.8289072631367984,349.02219763428263,2166.1861273848963,888.4775697447647,23940.884777937365,28352.9334289163,26854.432506740253,30166.155646250525,29176.7445372611,27499.3392244691,27039.14844301677,24364.25961810114,32132.111363200132,0.1770917952883834,-0.6148588757510415,-0.788637155420771,-0.1839513503525442,-0.9829353491982448,1.0,4.0,3.0
1637937122.0,2.9704252588287097,0.8274757883992045,346.1133404394933,2162.3966081627686,890.2417576605127,24060.7931314569,28267.779720613602,26708.565759842586,29998.916234211523,28982.693155281653,27249.295646655657,26934.424284368753,24365.650823669122,32056.05307770041,0.1774979691307879,-0.6157760803388095,-0.7879212009348219,-0.2113247964403844,-0.97741589428934,1.0,5.0,2.0
1637937138.0,2.96318790507118,0.8347324867775805,346.8177461289474,2150.8727115584425,894.2114373354049,24177.44592079743,28617.44703876091,26320.499154722296,30250.22167021004,28966.866322190785,26972.913050536707,27025.147151762736,24784.645271390924,32443.555283707974,0.1779041429731925,-0.6166924512320913,-0.7872041797356991,-0.2385334573535979,-0.9711342799648972,1.0,6.0,1.0
1637937154.0,3.0,1.067016,420.0,3584.0,925.999104,39996.853,39972.812,40183.504,40200.646,40281.292,40314.562,40320.914,40324.444,40325.365,0.1783103168155971,-0.6176079872246506,-0.786486092767263,-0.2655561175038459,-0.9640954042294172,0.0,0.0,0.0
1637937170.0,2.966492510917672,0.8459994758174887,360.3505552516754,2158.571791929334,882.1444908845051,24167.11261474456,28736.96939905723,26666.493304186653,30756.740605942236,29035.009837636222,28406.01423141457,27177.968464866346,24153.08439963487,32965.829282094965,0.1787164906580016,-0.6185226870655188,-0.7857669410106601,-0.2923717045327689,-0.9563047560211144,1.0,1.0,2.0
1637937186.0,2.960516162604798,0.8430506392800166,358.8202027708213,2162.60461986804,887.4701473362281,24194.877908788865,29087.305492622298,26615.57590946395,30837.798620073332,29385.98279669963,27821.961237856834,27224.88511586577,24802.2013441484,33074.11983427221,0.1791226645004061,-0.619436549516325,-0.7850467254395177,-0.3189593093461163,-0.9477684099934164,1.0,2.0,1.0
1637937202.0,3.0,0.968626,430.0,3584.0,949.620736,43159.591,43181.492,43330.459,43362.209,43435.479,43494.071,43523.972,43525.729,43542.709,0.1795288383428107,-0.6203495733284182,-0.7843254470379305,-0.3452981988430965,-0.938493022816746,0.0,0.0,0.0
1637937218.0,2.9731003302301438,0.844922617005105,362.2660992479796,2155.7263073187123,878.1866804881598,23761.93960725788,28641.286480724302,26889.7628430377,30794.26469402382,29300.46269100473,28683.134934309426,27129.744960617958,23990.57412179818,32878.8996853976,0.1799350121852152,-0.621261757299937,-0.7836031067553231,-0.3713678356279646,-0.9284858268498238,1.0,1.0,6.0
1637937234.0,2.9734323997633494,0.8320169720194104,356.90846907234106,2170.2225973334052,882.1712475989932,23706.65906817734,28562.709679844855,27054.509253838056,30487.011264286848,29445.386028361667,28111.815521070355,27126.401646002843,24244.990685189114,32399.90398902563,0.1803411860276198,-0.6221731001502837,-0.782879705605775,-0.3971478905130839,-0.917754625736644,1.0,2.0,5.0
1637937250.0,2.972227642525719,0.8317242118426997,353.46876895329456,2167.051818675396,887.2798642854741,23930.71406532817,28590.25879318631,27080.476976886726,30520.88815590569,29459.91438281087,27894.361338908093,27234.823394175168,24400.81500002456,32422.3839225075,0.1807473598700243,-0.623083600691223,-0.7821552445324781,-0.4226182618465011,-0.9063077869873138,1.0,3.0,4.0
1637937266.0,2.9708927153353275,0.8307795015566123,350.7022892706385,2165.1939283970523,890.8322997546379,24100.69812007792,28633.532134444,27063.021843608985,30486.475930026383,29407.910870233554,27697.792110888397,27251.528818739615,24516.745906754106,32429.06681106203,0.1811535337124289,-0.6239932576445205,-0.7814297245524892,-0.4477590873333567,-0.8941542370924601,1.0,4.0,3.0
1637937282.0,2.9699060374921875,0.830229720080102,348.1833957118748,2163.072706370261,893.5826438422473,24265.577110226863,28621.90800480717,26977.373329720747,30373.056774399607,29279.52363981084,27479.664220527986,27180.078010916564,24575.807104842726,32429.375366457934,0.1815597075548334,-0.6249020698241388,-0.7807031466117625,-0.4725507645906507,-0.8813034522142708,1.0,5.0,2.0
1637937298.0,2.9610485630872385,0.8371736321869465,348.45935560694113,2157.2348053174037,897.2801114066227,24376.8538458938,28985.71936880629,26596.181042377735,30578.979959361568,29304.48809857641,27123.277537444872,27165.00770131765,25059.038580451033,32880.3594374312,0.181965881397238,-0.6258100359655642,-0.7799755117212203,-0.496973960969799,-0.8677654534020058,1.0,6.0,1.0
1637937314.0,3.0,0.99558,450.0,3584.0,998.559744,49241.296,49238.015,49431.528,49463.334,49548.837,49566.765,49581.794,49592.128,49600.926,0.1823720552396425,-0.6267171548395737,-0.779246820866014,-0.5210096315991265,-0.853550797422709,0.0,0.0,0.0
1637937330.0,2.966546637506925,0.8446742697298074,362.9178266451887,2151.5019930936646,883.1436401169219,24206.63267570536,29115.79680337551,27016.196422372683,31117.50768032101,29307.94905785391,28798.386096691735,27222.354403839585,24191.159825397925,33257.04361690788,0.1827782290820471,-0.6276234252520787,-0.778517075005326,-0.5446390349869022,-0.8386705679636886,1.0,1.0,3.0
1637937346.0,2.9677318132920445,0.8373812873855492,359.1383256459342,2166.260251108641,888.3393659630904,24299.195152359163,29131.075181013242,27252.997148911854,30922.378960550985,29571.870721441926,28278.678428228,27405.071068896206,24633.146949292244,32993.29814739967,0.1831844029244516,-0.6285288459307834,-0.7777862751636323,-0.567843744847437,-0.8231363686763201,1.0,2.0,2.0
1637937362.0,2.9594028133852452,0.8454739863494887,357.9041035930442,2160.3206625750267,895.1644258839867,24501.09432927243,29502.16917677148,26898.984609373,31224.81932729492,29721.662425336195,27844.08586462136,27479.648414729087,25186.092937576756,33494.55816022987,0.1835905767668562,-0.6294334156951737,-0.7770544222937713,-0.5906056676195118,-0.8069603121441046,1.0,3.0,1.0
1637937378.0,3.0,1.038667,460.0,3584.0,1022.816256,50240.158,50238.074,50465.72,50509.615,50540.14,50567.214,50579.842,50592.738,50603.417,0.1839967506092607,-0.6303371332753418,-0.776321517423177,-0.6129070534816458,-0.7901550125085881,0.0,0.0,0.0
1637937394.0,2.9674259786751866,0.8492000486616895,366.36923510657766,2149.750876274525,884.3938208446666,24370.35072403111,29460.44645844373,27292.644319557578,31468.54477633986,29621.38496752888,29129.448039069128,27389.641529494256,24358.238906560277,33634.48865185879,0.1844029244516653,-0.6312399974929939,-0.7755875615074322,-0.6347305132273893,-0.7727335734767159,1.0,1.0,3.0
1637937410.0,2.9682715546160425,0.8410656859407147,361.6366047536069,2164.9373351689455,890.0157062338309,24408.60760638216,29382.050707263013,27474.27876948403,31214.947170089843,29827.803461146905,28500.19343609196,27571.297847270198,24767.825682792092,33270.79725682384,0.1848090982940698,-0.6321420070806164,-0.7748525555769239,-0.6560590288517847,-0.7547095803433617,1.0,2.0,2.0
1637937426.0,2.9593361069024464,0.8458470405016462,358.7278677866616,2165.7929186789347,895.6104924225616,24529.879527645233,29618.74547666398,27015.77141063376,31351.38446257876,29890.840947615354,27948.370692270953,27513.582005157557,25238.328184926657,33656.82112312334,0.1852152721364744,-0.6330431608621429,-0.7741165005899739,-0.6768759697308991,-0.7360970870753768,1.0,3.0,1.0
1637937442.0,3.0,1.275433,470.0,3584.0,1050.738688,54827.397,54814.967,54997.9,55052.15,55121.637,55143.246,55173.644,55177.347,55200.164,0.1856214459788789,-0.6339434575724606,-0.773379397579916,-0.6971651027464639,-0.716910607755606,0.0,0.0,0.0
1637937458.0,2.9668125821846334,0.8489747136207955,367.6261339804972,2147.5952236176136,885.1019854556818,24431.604108629625,29602.709646205032,27390.322889556053,31557.83309109891,29649.923027665747,29297.20261884197,27277.33514455535,24373.32537263942,33757.3730068372,0.1860276198212835,-0.6348428960264931,-0.7726412475170448,-0.716910607719192,-0.6971651027839093,1.0,1.0,3.0
1637937474.0,2.968011677368601,0.8418866136312415,362.6507543622796,2164.446722755872,890.679229942394,24464.779945865874,29477.23851009329,27567.822123522667,31326.859229957947,29910.992741977883,28597.112057192695,27622.091702695452,24821.938995717297,33385.09658456217,0.186433793663688,-0.6357414749840337,-0.7719020514191715,-0.7360970870400225,-0.6768759697693466,1.0,2.0,2.0
1637937490.0,2.959017672563839,0.8459935509373642,359.0694073464591,2166.820896000967,895.6118623663434,24546.30824018309,29642.139068348864,27056.29949223836,31401.396798616326,29946.82901953253,27975.892415225782,27503.540912801087,25241.61975500157,33723.45174014117,0.1868399675060926,-0.6366391932622344,-0.771161810259307,-0.7547095803090947,-0.6560590288912043,1.0,3.0,1.0
1637937506.0,3.0,1.246691,480.0,3584.0,1076.555776,57176.161,57171.473,57347.079,57387.46,57455.315,57480.01,57494.398,57498.659,57514.568,0.1872461413484971,-0.6375360496008058,-0.7704205250766615,-0.7727335731479935,-0.6347305136275824,0.0,0.0,0.0
1637937522.0,2.9685905287224115,0.8463020712952058,366.90783735091804,2145.444063307595,883.193921334788,24260.371040608024,29447.280327291184,27341.028940836106,31456.92196483266,29589.904596876062,29284.60774315234,27146.196446873364,24199.196112592494,33602.73594718211,0.1876523151909017,-0.6384320428304004,-0.7696781968377444,-0.790155012191168,-0.6129070538908613,1.0,1.0,4.0
1637937538.0,2.9693092834737618,0.8392444725885329,362.3443583261005,2164.1046626281136,888.6588625394506,24292.262759169804,29377.59220447796,27569.726027853143,31294.07155192679,29916.564193232538,28619.06330317093,27630.619074985356,24735.733184269076,33240.93305987146,0.1880584890333062,-0.6393271717155296,-0.7689348265660892,-0.8069603121132564,-0.5906056676616606,1.0,2.0,3.0
1637937554.0,2.968780769319205,0.8401888747808538,358.1328509386178,2161.5054067595515,894.7676345108131,24513.784624374308,29348.589767024252,27487.271279503053,31231.886234068155,29871.909648906472,28277.07217908646,27616.017002853834,24852.610556763484,33244.75468573872,0.1884646628757108,-0.640221435021961,-0.7681904152867445,-0.8231363683822379,-0.5678437452737335,1.0,3.0,2.0
1637937570.0,2.959628947436619,0.8437540884474353,355.39877728405634,2164.304796682225,897.8661690753997,24524.988174881382,29566.954178151747,26958.404709872702,31256.368194866533,29837.970957393456,27697.333890238922,27415.180291042903,25260.510666583185,33587.674974163056,0.1888708367181153,-0.6411148315725604,-0.7674449639796247,-0.8386705679352412,-0.5446390350307073,1.0,4.0,1.0
1637937586.0,3.0,1.173009,490.0,3584.0,1104.789504,58887.712,58906.498,59070.588,59085.038,59166.872,59223.803,59251.298,59255.347,59259.851,0.1892770105605199,-0.6420073601466088,-0.7666984736632665,-0.8535507971528818,-0.5210096320411743,0.0,0.0,0.0
1637937602.0,2.9663950575006646,0.8462579190885183,366.8642686299268,2145.000829110154,884.9181026110333,24400.770479220235,29622.0659527713,27338.12057562264,31555.077294178416,29594.267930729126,29277.920198538377,27183.273917440092,24283.674995668698,33735.805108581764,0.1896831844029244,-0.6428990195357518,-0.7659509453483094,-0.867765453376048,-0.4969739610151237,1.0,1.0,3.0
1637937618.0,2.9676163514600034,0.8418985581895726,362.7824130997093,2162.659907823024,891.7350713014683,24497.095392796014,29559.20106350205,27590.839474383676,31399.68941613665,29915.35978930657,28620.80206477056,27660.980186958845,24856.54817644098,33452.13365206133,0.190089358245329,-0.6437898085216768,-0.765202380056167,-0.8813034519695401,-0.4725507650470714,1.0,2.0,2.0
1637937634.0,2.9583602993210847,0.845634503201821,358.670537601685,2165.6028603171417,895.5873746212438,24509.18581663222,29690.719505877496,26999.934781361808,31399.492838428996,29916.3302442685,27897.86982296205,27400.82844105005,25251.065210792378,33770.519449387735,0.1904955320877335,-0.64467972593179,-0.764452778772183,-0.8941542368605689,-0.4477590877964327,1.0,3.0,1.0
1637937650.0,3.0,0.992194,500.0,3584.0,1133.092864,63062.321,63038.608,63281.841,63307.331,63410.906,63475.126,63477.061,63481.109,63498.158,0.1909017059301381,-0.6455687705167535,-0.763702142548708,-0.9063077869652398,-0.4226182618938389,0.0,0.0,0.0
1637937666.0,2.9685118239733685,0.8429337295454005,366.04752389273744,2142.0761027091476,881.9413218000535,24193.203935380134,29444.182776323116,27263.85471624232,31423.22557853028,29510.137902741175,29257.812981065737,27008.024277392702,24058.784076003936,33553.62731128075,0.1913078797725426,-0.6464569411174049,-0.7629504723644439,-0.9177546257159004,-0.3971478905610196,1.0,1.0,4.0
1637937682.0,2.9690266346361818,0.839213829108529,362.54184643224505,2161.580188291234,889.0099534442784,24294.84824127792,29414.273858745153,27581.600411059004,31351.892597407976,29904.27877805759,28641.657296492616,27670.63727504311,24746.92662853399,33273.32518054927,0.1917140536149472,-0.6473442364868586,-0.7621977692746458,-0.9284858268304268,-0.3713678356764608,1.0,2.0,3.0
1637937698.0,2.9684901010748814,0.8399862438805967,358.16457259283135,2160.116196614982,895.3042136631586,24502.172742605282,29373.94041973827,27499.691753373467,31266.095700550886,29866.615470498084,28285.866300253816,27621.21468648667,24856.803994739992,33265.40187451966,0.1921202274573517,-0.6482306554682328,-0.7614440342607101,-0.9384930227987106,-0.3452981988921154,1.0,3.0,2.0
1637937714.0,2.9589166765078088,0.841339344303904,354.24615294403117,2168.2960864562615,896.7477598151663,24433.283009112405,29466.511007535886,26878.75578029907,31151.71714680374,29774.746559318824,27605.24887777305,27277.019270073375,25173.96975174571,33526.66774825602,0.1925264012997563,-0.6491161968171009,-0.7606892683807908,-0.9477684099767566,-0.3189593093956197,1.0,4.0,1.0
1637937730.0,3.0,1.218998,510.0,3584.0,1161.50272,64748.275,64746.041,64910.368,64968.884,65032.496,65079.559,65097.615,65098.593,65112.918,0.1929325751421608,-0.6500008593678098,-0.7599334726284327,-0.9563047560058434,-0.2923717045827181,0.0,0.0,0.0
1637937746.0,2.9675036964203225,0.8407023011929204,365.2839846006474,2141.6182202520135,882.0772887203966,24148.476573031978,29375.803876841528,27197.389799070075,31309.320542154404,29387.662525504915,29203.076666834655,26863.212550173244,24003.741640927365,33448.54994842705,0.1933387489845654,-0.650884641911574,-0.7591766480363065,-0.9640954040918878,-0.265556118003144,1.0,1.0,4.0
1637937762.0,2.9684657696660683,0.8375833020982733,361.77540317530855,2161.504299716924,888.7343378796788,24250.717670774156,29354.068059949088,27532.247158375485,31262.57708321768,29827.52247482502,28580.126932307423,27598.672396984686,24715.339572461322,33194.509723339215,0.1937449228269699,-0.6517675432518804,-0.7584187956290431,-0.9711342798413624,-0.2385334578565413,1.0,2.0,3.0
1637937778.0,2.968078599758505,0.8385338424664033,357.336406210466,2159.9798859749526,895.081340934158,24447.928736728165,29313.71491485255,27431.992572459396,31167.962625285243,29780.53834346024,28210.107565685328,27536.07350699773,24818.807854067185,33180.56648914385,0.1941510966693745,-0.6526495621823827,-0.7576599164421622,-0.9774158941798964,-0.211324796946581,1.0,3.0,2.0
1637937794.0,2.958436668748383,0.8391192680217424,352.8719024461129,2168.4436600517174,895.4463025197765,24312.09792752948,29351.200823903895,26742.0206082921,30984.2032677767,29643.961661471032,27453.757415754015,27091.923017252535,25091.60926717462,33399.76349888285,0.194557270511779,-0.6535306975420315,-0.7569000114745843,-0.9829353491029778,-0.1839513508615993,1.0,4.0,1.0
1637937810.0,3.0,1.072485,520.0,3584.0,1192.103936,68695.839,68665.529,68922.538,68943.671,69027.12,69048.221,69066.876,69071.816,69080.06,0.1949634443541835,-0.6544109481158243,-0.7561390817740794,-0.9876883405945344,-0.1564344650440413,0.0,0.0,0.0
1637937826.0,2.9672139843360337,0.8360299170272383,363.15868925811503,2140.051963507547,879.962780493198,23976.45209374098,29176.16887230306,26992.091832179536,31049.64262668277,29152.12914520377,29027.93482713176,26601.68582122526,23807.697486403507,33192.52332052947,0.1953696181965881,-0.6552903126900452,-0.7553771283899074,-0.9916711623547324,-0.1287955967959063,1.0,1.0,4.0
1637937842.0,2.9681528233335595,0.8345820896205008,360.0076839372986,2160.163558786518,887.1648318185466,24094.218401816965,29128.421017062472,27346.444134009686,31021.407144372228,29600.214443021363,28411.494302695453,27419.38204101492,24574.564558818965,32946.993771983914,0.1957757920389927,-0.6561687901071717,-0.7546141523250743,-0.9948807088317354,-0.1010562971539311,1.0,2.0,3.0
1637937858.0,2.9679428426586276,0.8343008474107523,354.98487905878744,2159.8461423902904,892.6642570768415,24239.39155930007,29004.580559869908,27184.063704255965,30843.415302625952,29505.851314050917,27988.47490657353,27287.257319459783,24614.882266040655,32858.05174973258,0.1961819658813972,-0.6570463791668693,-0.753850154622062,-0.9973144772107512,-0.0732381973142839,1.0,3.0,2.0
1637937874.0,2.9579711069367653,0.8333066762253857,349.5226876520883,2169.9643194752134,891.3612478920114,24008.721965236153,28855.74539120777,26426.61371353875,30526.87450345572,29304.052384103707,27165.5130969846,26706.39263774485,24745.331016092707,32957.10918442053,0.1965881397238018,-0.6579230786810099,-0.7530851363152122,-0.9989705697935356,-0.0453629880671307,1.0,4.0,1.0
1637937890.0,3.0,0.962514,530.0,3584.0,1222.733824,71847.269,71821.403,72076.537,72101.237,72189.961,72212.463,72229.837,72233.139,72254.361,0.1969943135662063,-0.6587988874517214,-0.752319098449836,-0.9998476951537012,-0.0174524065913923,0.0,0.0,0.0
1637937906.0,2.9755700166935872,0.8133916373577108,352.8644113266048,2133.469808927182,871.600188784983,22734.97108633919,27690.851923488946,26002.859095090727,29558.820782261442,28333.612276075903,28230.384448641697,25545.365630516088,22850.547436217435,31762.80401212418,0.1974004874086108,-0.6596738043261291,-0.7515520420342773,-0.9999451693645152,0.0104717842114502,1.0,1.0,56.0
1637937922.0,2.978179113052617,0.8118495569579531,349.30752605288194,2153.5346677543635,877.8491712916062,22721.289217584603,27448.001464331162,26339.3701701303,29432.19135741284,28738.332843432647,27579.68511926909,26365.0983116719,23545.587791599246,31358.660880769166,0.1978066612510154,-0.6605478280759537,-0.7507839681453915,-0.9992629164152704,0.0383878089664994,1.0,2.0,55.0
1637937938.0,2.9793546963935156,0.8083031844101675,343.55216367283913,2154.884425466749,880.7196744326391,22681.540047680443,27164.11307346123,26150.597005588985,29154.93519132858,28631.331519103387,27139.1938936261,26210.3198155035,23482.325103142142,31061.027602378927,0.1982128350934199,-0.6614209575616177,-0.7500148777846162,-0.9978014682835517,0.0662739005279504,1.0,3.0,54.0
1637937954.0,2.9801954210339185,0.8053080390096424,339.26586531811887,2155.2967747792964,882.0616306910781,22634.159455955974,26946.077507704897,26023.507376157,28894.881429170615,28476.068627796194,26817.570058193705,26099.2707348752,23442.054471442785,30809.67019830362,0.1986190089358245,-0.6622931915573511,-0.7492447720316625,-0.9955619646113696,0.094108313230818,1.0,4.0,53.0
1637937970.0,2.9806847194082446,0.8018795478768133,335.54455459533995,2155.914697094516,882.4501595908177,22564.98456805242,26732.60513333492,25892.632794800018,28603.86976890179,28293.96473471031,26530.95923411796,25951.835391370154,23390.50739389966,30553.28668705657,0.1990251827782291,-0.6631645289259098,-0.7484736518906168,-0.99254615162167,0.1218693435652002,1.0,5.0,52.0
1637937986.0,2.980865733281015,0.7983813564541998,332.28887706391464,2156.7297692619823,882.3406604124464,22489.923674311023,26527.560807185422,25755.1890639783,28308.568016522553,28098.77455354084,26269.027926536106,25794.327368060436,23331.565123446417,30300.525293971004,0.1994313566206336,-0.66403496844404,-0.7477015184440399,-0.9887563811248729,0.1495353429288384,1.0,6.0,51.0
1637938002.0,2.980812395413634,0.7948897060992437,329.4157737802593,2157.81075627736,881.9025138613599,22409.948640088292,26330.104557184735,25610.850629641827,28018.388411582346,27898.305047865462,26024.459466266795,25632.863481385262,23266.764428121416,30050.626402751004,0.1998375304630381,-0.6649045089768372,-0.7469283726986619,-0.9841956080173,0.1770847400524883,1.0,7.0,50.0
1637938018.0,2.9805936727040976,0.791451711458695,326.8650845809165,2159.22469037394,881.2388403151956,22324.229253406684,26138.55028103653,25461.60046807251,27737.805260521392,27696.964113244678,25795.94482837356,25471.548860886865,23198.04655380624,29802.576365549798,0.2002437043054427,-0.66577314930357,-0.7461542157398874,-0.9788673888614184,0.2044960513643934,1.0,8.0,49.0
1637938034.0,2.9802523588217995,0.7880618979433184,324.56338724641074,2160.949526963752,880.4118972972246,22232.790149636447,25950.454423623247,25306.35566418555,27467.290844373172,27495.204793704084,25577.67823338412,25311.30202000989,23125.731118520976,29554.945170612904,0.2006498781478472,-0.6666408882808331,-0.7453790485867857,-0.9727758782646364,0.231747903262285,1.0,9.0,48.0
1637938050.0,2.979818434010413,0.7846990781817889,322.4449078978012,2162.957975039417,879.462033932895,22135.395445107406,25763.295221284003,25144.151910823304,27205.648388162797,27292.296772371817,25365.01307622597,25151.755057887105,23049.628581346733,29306.157822325113,0.2010560519902518,-0.6675077247337999,-0.744602872288783,-0.9659258262862264,0.2588190451131271,1.0,10.0,47.0
1637938066.0,2.979311708848355,0.7813351800920768,320.4507071466615,2165.223449533782,878.4139413183365,22031.66329158063,25574.75844011463,24974.2170209601,26950.74891822625,27086.952711033067,25154.25634615117,24991.60545680164,22969.103422731983,29054.661630280563,0.2014622258326563,-0.6683736574563932,-0.74382568792585,-0.9583225745237962,0.2856883672081927,1.0,11.0,46.0
1637938082.0,2.978744445977916,0.7779397142410615,318.52856911553107,2167.722381669752,877.2810941349652,21921.13054409535,25382.821742664004,24795.959808209096,26699.981289163763,26877.664938586277,24942.464285095397,24829.023002843234,22883.25934950803,28799.000559980537,0.2018683996750609,-0.6692386853195846,-0.7430474965113024,-0.9499720515109088,0.3123349185540341,1.0,12.0,45.0
1637938098.0,2.9781236822082007,0.7744815276090484,316.6329551964369,2170.4376203086504,876.0686938880777,21803.24537035789,25185.72389716897,24608.87310013183,26450.49079703213,26662.827995738546,24727.20213144549,24661.942744006177,22791.092290336637,28537.75079556204,0.2022745735174654,-0.6701028071089783,-0.7422682991376282,-0.9408807690125957,0.3387379200831622,1.0,13.0,44.0
1637938114.0,2.9774529910221044,0.7709284243974412,314.7245508844048,2173.3614001079895,874.7757987413241,21677.3524695195,24981.892111348716,24412.411423813377,26199.30281312309,26440.76462933501,24506.336682313016,24488.25017934641,22691.60189036816,28269.415409642552,0.20268074735987,-0.6709660216979066,-0.7414880968207678,-0.9310558158344234,0.3648767844093348,1.0,14.0,43.0
1637938130.0,2.9767337251437307,0.7672467275876126,312.76963689335224,2176.4973149452853,873.397094811207,21542.67829095422,24769.855202447245,24205.915640408624,25943.390782541457,26209.714651931972,24277.87839317532,24305.881595581697,22583.835489690067,27992.354969335443,0.2030869212022745,-0.6718283278745195,-0.7407068906560321,-0.9205048535068668,0.3907311283610531,1.0,15.0,42.0
1637938146.0,2.975965602571964,0.7634006272040899,310.7391365816329,2179.8602216534778,871.9241162732624,21398.34766313379,24548.196179455103,23988.581439911646,25679.71949602757,25967.83370397168,24039.886018443074,24112.86122879536,22466.90422811088,27704.767709397194,0.2034930950446791,-0.6726897245037493,-0.7399246816717697,-0.9092361090012576,0.4162807923604609,1.0,16.0,41.0
1637938162.0,2.9751471824573508,0.75935189592031,308.6076726258759,2183.4755180366124,870.3462032524379,21243.40042250258,24315.53315283504,23759.474784896196,25405.277234739646,25713.216772461252,23790.422027829507,23907.309316138766,22339.958887984252,27404.715554971648,0.2038992688870836,-0.6735502104086,-0.739141470936742,-0.8972583697212478,0.4415058526963924,1.0,17.0,40.0
1637938178.0,2.9742759047585077,0.7550602919504678,306.35288264710516,2187.37702504916,868.6509513358972,21076.84437952362,24070.526724305644,23517.601098473217,25117.143150663032,25443.967509184273,23527.57365973161,23687.445192640003,22202.171311765927,27090.20218982268,0.2043054427294882,-0.6744097844240983,-0.7383572595113027,-0.8845809751483577,0.4663866404664488,1.0,18.0,39.0
1637938194.0,2.973348394274574,0.7504847914245811,303.955151010164,2191.604516005225,866.8248055720804,20897.719062699154,23811.92740461955,23261.989895988852,24812.57071941062,25158.289210853443,23249.51298528823,23451.629407801433,22052.727588451307,26759.27962566776,0.2047116165718927,-0.6752684453757725,-0.737572048466987,-0.8712138111561475,0.4909037535513255,1.0,19.0,38.0
1637938210.0,2.972360650114713,0.7455853421530085,301.3977013066725,2196.2005238034326,864.8534243620219,20705.164389665202,23538.643969061966,22991.809686453867,24489.110137663454,24854.619123145494,22954.594125463827,23198.421945602284,21890.834247723127,26410.18575096887,0.2051177904142973,-0.6761261921333194,-0.7367858388373772,-0.8571673008512508,0.5150380746618459,1.0,20.0,37.0
1637938226.0,2.971308384980704,0.7403258260665114,298.6673639635694,2201.2066186966454,862.7222841610975,20498.513665714272,23249.83213485412,22706.49214021738,24144.759156380365,24531.76398256133,22641.489478809108,22926.681941737064,21715.75108893413,26041.488695204083,0.2055239642567018,-0.6769830234925648,-0.7359986317262183,-0.8424523972797049,0.538770784580677,1.0,21.0,36.0
1637938242.0,2.970187655263186,0.7346770572055965,295.7553715965415,2206.6585950631475,860.4175945586599,20277.381655244033,22944.985086002634,22405.858109889425,23778.137404425557,24189.060314790237,22309.324710787503,22635.687220429336,21526.840114873703,25652.23553026317,0.2059301380991064,-0.6778389383363468,-0.7352104281598938,-0.8270805744187618,0.5620833776399468,1.0,22.0,35.0
1637938258.0,2.9689955175755087,0.7286207750897201,292.658505798689,2212.581152788806,857.9274113573617,20041.74618642125,22624.028308855977,22090.220176777995,23388.64587614268,23826.506263094405,21957.835415699927,22325.25506996893,21323.639861540007,25242.09539554089,0.2063363119415109,-0.6786939354630631,-0.7344212292449475,-0.8110638192659326,0.5849576746036919,1.0,23.0,34.0
1637938274.0,2.967730980507498,0.7221527612042336,289.3800219700944,2218.9830118398236,855.2430974897662,19792.012511086592,22287.390410864216,21760.443190351838,22976.622709915657,23444.869898014495,21587.471145156538,21995.852489099798,21105.934153179154,24811.459871379033,0.2067424857839155,-0.6795480137579433,-0.73363103601036,-0.7944146206711806,0.6073758395457168,1.0,24.0,33.0
1637938290.0,2.966395828597467,0.7152854696471587,285.93019959141617,2225.8523717835565,852.3608213943587,19529.03670835638,21936.032063898154,21417.941179492347,22543.403768720076,23045.709641485544,21199.460425871606,21648.656884469456,20873.8270514721,24361.496263733156,0.20714865962632,-0.6804011720326275,-0.7328398495555675,-0.7771459614407225,0.6293203910699026,1.0,25.0,32.0
1637938306.0,2.9649953669914155,0.7080488092133638,282.3263098548536,2233.1549303426523,849.2827503650125,19254.10720809487,21571.434919573934,21064.62484377583,22091.309040407577,22631.333418605154,20795.78722941394,21285.54801892653,20627.789621349584,23894.12034225009,0.2075548334687246,-0.6812534091320978,-0.7320476709517589,-0.7592713074588535,0.6507742171212094,1.0,26.0,31.0
1637938322.0,2.963538577865524,0.7004890413668606,278.5917648209436,2240.834605379373,846.0177248201946,18968.878891298846,21195.516626741373,20702.763795308118,21623.506022380723,22204.6494996961,20379.08075156418,20909.022229921226,20368.682849338547,23411.902782306493,0.2079610073111291,-0.6821047239345065,-0.7312545012416886,-0.740804596247225,0.6717205893665803,1.0,27.0,30.0
1637938338.0,2.9620378141905648,0.6926654623079351,274.7546145705112,2248.817136795157,842.5811191680501,18675.26223093148,20810.517521468424,20334.826870447665,21143.775435582917,21768.970923923698,19952.427170318242,20522.028608327913,20097.73131843449,22917.90373470627,0.2083671811535337,-0.6829551152447092,-0.7304603415388723,-0.7217602282073594,0.6921431737567456,1.0,28.0,29.0
1637938354.0,2.9605079206815486,0.6846456512192869,270.8455125796177,2257.0163517501264,838.9937501324506,18375.29703564976,20418.83589644796,19963.302673540788,20656.20275822132,21327.761745128457,19519.13248574039,20127.747576626894,19816.459098673033,22415.460306602643,0.2087733549959382,-0.6838045819539409,-0.7296651928787588,-0.7021530529297528,0.7120260460554991,1.0,29.0,28.0
1637938370.0,2.958964892089289,0.6764998297801514,266.89550075274366,2265.341360440166,835.2801589719246,18071.02111248686,20022.867273203996,19590.55131701272,20164.86234146305,20884.403082862053,19082.478548428204,19729.353363681155,19526.591260181893,21907.973422831124,0.2091795288383428,-0.6846531228696514,-0.7288690563776419,-0.6819983601535193,0.7313537015342921,1.0,30.0,27.0
1637938386.0,2.957424573351506,0.6682956719713102,262.93401179091944,2273.7033026393096,831.466594023385,17764.364026817882,19624.872925524753,19218.6889021886,19673.527488224805,20441.991356878654,18645.521504348562,19329.799395897182,19229.941759107915,21398.712035738616,0.2095857026807473,-0.6855007368854883,-0.7280719330735477,-0.6613118652299731,0.7501110697130485,1.0,31.0,26.0
1637938402.0,2.955901496338222,0.6600941151848438,258.98733859878917,2282.0204938435495,827.5790414079428,17457.073196249134,19226.885659721476,18849.53284845203,19185.47418454969,20003.20645875043,18210.949529710295,18931.660979345674,18928.304110910627,20890.67743515992,0.2099918765231519,-0.6863474228115026,-0.7272738240855424,-0.6401096995552018,0.7682835235349964,1.0,32.0,25.0
1637938418.0,2.954408205692844,0.6519467710515163,255.0776955825979,2290.2211808443317,823.6418122763819,17150.685405971242,18830.672557802696,18484.593553625207,18703.377865402235,19570.25388353914,17781.025553383006,18537.047350395984,18623.365601416914,20386.51526675866,0.2103980503655564,-0.6871931795331887,-0.7264747304642238,-0.6184083952334601,0.7858568932730542,1.0,33.0,24.0
1637938434.0,2.95295498564358,0.6438950070843568,251.22294582546914,2298.2444000876953,819.6767401077246,16846.52888736854,18437.740827719575,18125.099567265966,18229.30877840172,19144.86442033983,17357.59267504664,18147.59377885407,18316.650610369783,19888.5093361358,0.210804224207961,-0.6880380058949199,-0.7256746533014242,-0.5962248753863496,0.8028174748786501,1.0,34.0,23.0
1637938450.0,2.9515498842379126,0.635970266622186,247.4367305635443,2306.039151403325,815.7028917367152,16545.7537273042,18049.37475228402,17772.040060954187,17764.788546275777,18728.33747616307,16942.12401216755,17764.50291035792,18009.49397659337,19398.591522256018,0.2112103980503655,-0.6888819007529235,-0.7248735936803321,-0.5735764365760914,0.8191520441314134,1.0,35.0,22.0
1637938466.0,2.95019901076565,0.6281952004817196,243.72893622491497,2313.5629861241005,811.7367118400781,16249.362123434363,17666.677256701558,17426.2134760744,17310.885983038654,18321.60884686501,16535.7901172596,17388.620793029862,17703.038210626473,18918.38762704469,0.2116165718927701,-0.6897248629541519,-0.7240715526955028,-0.5504807404949468,0.8348478629930935,1.0,36.0,21.0
1637938482.0,2.948906740650361,0.6205851304029597,240.10619846173807,2320.7805631174506,807.792196855162,15958.241103059216,17290.602546782335,17088.25918348386,16868.31399196504,17925.307657106874,16139.520048170016,17020.51824612371,17398.240153431307,18449.250678304612,0.2120227457351746,-0.6905668913889661,-0.7232685314026733,-0.5269557957021026,0.849892692859495,1.0,37.0,20.0
1637938498.0,2.947675997450494,0.6131493673350218,236.57234606842889,2327.662687142346,803.8810448175414,15673.17253124218,16921.964653378425,16758.67447162709,16437.50308905265,17539.805254450624,15754.04221705709,16660.559996277847,17095.87407346735,17992.275799855557,0.2124289195775792,-0.6914079848752587,-0.7224645309291897,-0.5030199470260958,0.8642748017233083,1.0,38.0,19.0
1637938514.0,2.9465083564066585,0.6058920498066729,233.1286460614968,2334.185603410453,800.0125322801289,15394.826874981818,16561.416956525038,16437.808253211646,16018.642086262435,17165.23834121751,15379.895052534484,16308.947607025077,16796.521910908734,17548.288749135052,0.2128350934199837,-0.6922481423163871,-0.7216595523233313,-0.4786918581238282,0.877982975328085,1.0,39.0,18.0
1637938530.0,2.9454042350126954,0.5988125334871993,229.77385454517164,2340.3306852276373,796.193027340973,15123.734872536028,16209.399456255309,16125.833729787375,15611.677589256346,16801.505802560972,15017.414924937922,15965.73074343407,16500.541300356894,17117.800996985083,0.2132412672623883,-0.6930873625538503,-0.7208535966950208,-0.4539904997033207,0.8910065242068259,1.0,40.0,17.0
1637938546.0,2.944363085789875,0.5919050734647106,226.50401556097242,2346.0837531226375,792.4252324282369,14860.243882625387,15866.064817031405,15822.705072054308,15216.283591214968,16448.245110423646,14666.706307801462,15630.78930739449,16208.01007514872,16700.944980586122,0.2136474411047928,-0.6939256444305094,-0.7200466651556011,-0.4289351335618275,0.9033352927879532,1.0,41.0,16.0
1637938562.0,2.9433837785305976,0.5851579125552094,223.31207265928836,2351.4335687075495,788.7070498155047,14604.464148531777,15531.185244924343,15528.1004710695,14831.802630886117,16104.794705255685,14327.603367047148,15303.792927488887,15918.646788699194,16297.389335916747,0.2140536149471974,-0.6947629868429217,-0.7192387587672832,-0.4035452962849758,0.914959667879558,1.0,42.0,15.0
1637938578.0,2.9424652931839512,0.5785516801037391,220.1872573558265,2356.369108685632,785.0301799044012,14356.203437381691,15204.050801112284,15241.349861541428,14457.174046357806,15770.144038163082,13999.633330423796,14984.138248617584,15631.7060914758,15906.243171230217,0.2144597887896019,-0.6955993886469573,-0.7184298786339411,-0.3778407869505327,0.9258705847560996,1.0,43.0,14.0
1637938594.0,2.9416077751567613,0.5720568902037502,217.11424811472241,2360.875104091226,781.3783586260247,14114.888129975878,14883.361749668089,14961.343456276809,14090.849788182264,15442.876398855928,13681.984404321323,14670.868802074958,15345.848653897347,15525.943108207855,0.2148659626320065,-0.6964348487102491,-0.7176200258506813,-0.3518416483048219,0.9360595357765156,1.0,44.0,13.0
1637938610.0,2.9408143099378043,0.5656300705285491,214.071952752611,2364.9261761726516,777.7251449951181,13879.449436172996,14567.12057819499,14686.399856636608,13730.69609188657,15121.096270781607,13373.472181243402,14362.56570755925,15058.979789430281,15154.111938184578,0.215272136474411,-0.6972693658912745,-0.7168092015240736,-0.3255681545608014,0.9455185755636292,1.0,45.0,12.0
1637938626.0,2.9400935624520033,0.5592076026777996,211.03164432902653,2368.480358588425,774.0310895807577,13648.14409558547,14252.518707055291,14414.061075490083,13373.856399020833,14802.323632456775,13072.487470767297,14057.180580991013,14768.044002452987,14787.34962698428,0.2156783103168155,-0.6981029390915111,-0.7159974067214168,-0.2990407921227553,0.9542403285580604,1.0,46.0,11.0
1637938642.0,2.9394639024283236,0.5526958868765149,207.95389909350195,2371.4747103497466,770.2404029609412,13418.243894928786,13935.815520152015,14140.755670624829,13016.517689317037,14483.304434823613,12776.883756837056,13751.744047399237,14468.763846861104,14420.888978250601,0.2160844841592201,-0.6989355671407214,-0.715184642582374,-0.2722802471142747,0.9622179935084302,1.0,47.0,10.0
1637938658.0,2.938959751628018,0.5459558232327929,204.78332322297052,2373.828176683379,766.2776960858447,13185.521866580617,13612.193340425332,13861.246978507603,12653.4519539134,14159.640375466972,12483.725331210568,13441.83339951496,14155.30977799641,14047.997458848502,0.2164906580016247,-0.6997672489533006,-0.7143709101666511,-0.2453073857113331,0.9694453499375152,1.0,48.0,9.0
1637938674.0,2.938641261109501,0.5387784856612443,201.43915742037365,2375.4600297145407,762.0468013100905,12943.426387793086,13275.520956776667,13567.727261684502,12277.09836909199,13825.032239274824,12188.721638644301,13120.594625600592,13819.888938668002,13658.912047669513,0.2168968318440292,-0.7005979833616665,-0.7135562106166312,-0.2181432418935115,0.9759167618276616,1.0,49.0,8.0
1637938690.0,2.938607888039898,0.5308467953146875,197.79830224594184,2376.3309634134243,757.4343959208068,12681.751332612263,12917.813246141368,13248.290477281615,11875.756234065215,13469.771298967797,11884.941162989306,12776.929692508496,13452.180794872176,13239.010440811644,0.2173030056864338,-0.7014277692826831,-0.7127405449945436,-0.1908089956316609,0.9816271833980744,1.0,50.0,7.0
1637938706.0,2.9390135940130215,0.5216707260951075,193.6644412369907,2376.4954113869,752.317749544308,12384.195476541347,12527.75922096357,12884.037502283203,11430.264167688063,13077.80744873339,11559.730202932034,12392.046855688865,13038.266167659287,12765.76886886077,0.2177091795288383,-0.7022566055514302,-0.7119239144454855,-0.1633259627114382,0.986572161529192,1.0,51.0,6.0
1637938722.0,2.9400750693475506,0.5104714525101419,188.7135302970925,2376.1097514281287,746.5666292241658,12023.242342775593,12087.041762998797,12442.94852060825,10908.305536625076,12621.239025319053,11187.379174342914,11932.693822615529,12558.130217351954,12204.061738713674,0.2181153533712428,-0.7030844910768986,-0.711106320044435,-0.1357155726590739,0.990747840440654,1.0,52.0,5.0
1637938738.0,2.942071390499737,0.4959967807698836,182.4071012821943,2375.325102877795,740.0445730408193,11550.502213236528,11563.357048960372,11867.326335448714,10255.736782133514,12050.320618780508,10713.72856371382,11339.088250765823,11980.55072317561,11499.751828940654,0.2185215272136474,-0.7039114247278798,-0.7102877629085035,-0.1079993561466185,0.9941509639244512,1.0,53.0,4.0
1637938754.0,2.9453945434274575,0.4763478756676399,173.88214023177431,2374.1001802657406,732.6848658023636,10886.318773804074,10904.163409390823,11052.84014001743,9387.022801882045,11276.987464254502,10032.018842279438,10509.33646459493,11256.648117283708,10572.796895817854,0.218927701056052,-0.7047374053848252,-0.7094682441458987,-0.0801989245220805,0.9967788784407008,1.0,54.0,3.0
1637938770.0,2.950298931692424,0.44906795011051603,161.96722795689325,2373.3648933824124,724.6553470274399,9903.952590729503,10033.593322830984,9828.335606700262,8189.6414033061765,10162.646462490367,8952.29185332294,9279.793185416853,10293.998593083692,9331.621043624124,0.2193338748984565,-0.7055624319397892,-0.7086477648558629,-0.0523359561875239,0.9986295347574784,1.0,55.0,2.0
1637938786.0,2.963650278948304,0.4057487460191431,140.32675244560602,2374.883092042677,716.7794974151647,8126.069653805714,8263.381740943794,7568.642706523695,5877.08950526909,7866.568589941412,6980.606170874251,6921.17762871316,8282.311005879008,6946.136526285054,0.2197400487408611,-0.7063865032448686,-0.7078263261800081,-0.0244321783134285,0.999701489777254,1.0,56.0,1.0
1637938802.0,3.0,0.060971,20.0,3328.0,1576.865792,571.761,576.992,582.334,582.334,582.8,584.158,584.158,584.158,584.19,0.2201462225832656,-0.7072096182256153,-0.70700392918935,0.0034906515037416,0.9999939076574814,0.0,0.0,0.0
1637938818.0,3.0,0.081507,30.0,3328.0,1620.856832,454.172,457.831,464.068,464.323,465.314,465.985,466.996,466.996,469.334,0.2205523964256701,-0.708031775726474,-0.7061805750384359,0.0314107589503904,0.9995065603697458,0.0,0.0,0.0
1637938834.0,3.0,0.059426,50.0,3328.0,1743.069184,758.722,763.39,775.735,780.242,787.227,788.276,789.288,789.288,789.99,0.2209585702680747,-0.7088529746652272,-0.7053562648110944,0.0593063736972887,0.9982398279165572,0.0,0.0,0.0
1637938850.0,3.0,0.0,60.0,3328.0,1793.245184,842.932,847.125,868.22,868.81,871.671,873.445,877.267,878.473,881.584,0.2213647441104793,-0.7096732139198025,-0.7045309996336131,0.0871557426532404,0.996194698100006,0.0,0.0,0.0
1637938866.0,3.0,0.243803,80.0,3328.0,1853.444096,1108.806,1107.936,1138.69,1142.144,1158.778,1160.873,1162.351,1162.947,1163.733,0.2217709179528838,-0.7104924923797148,-0.7037047806232817,0.1149371506464058,0.9933727655826312,0.0,0.0,0.0
1637938882.0,3.0,0.369847,90.0,3328.0,1857.990656,1281.432,1279.607,1319.343,1324.328,1335.743,1341.079,1353.353,1355.963,1357.786,0.2221770917952883,-0.7113108089255515,-0.7028776089090316,0.1426289336443872,0.9897762309165972,0.0,0.0,0.0
1637938898.0,3.0,0.381515,100.0,3328.0,1857.990656,1359.214,1353.374,1398.704,1401.795,1417.875,1419.673,1421.547,1422.513,1423.173,0.2225832656376929,-0.7121281624801153,-0.7020494855796808,0.1702094993508814,0.9854078984515612,0.0,0.0,0.0
1637938914.0,3.0,0.258278,120.0,3328.0,438.349824,1740.584,1725.547,1817.559,1823.272,1841.586,1849.627,1852.391,1853.958,1856.166,0.2229894394800974,-0.7129445518959393,-0.7012204117978157,0.1976573398944854,0.9802711747194426,0.0,0.0,0.0
1637938930.0,2.95145662558751,0.44476392759193284,175.097659918707,2376.158493391925,659.5924464584243,7868.828965270535,7832.4686783990255,9054.977945504737,8672.097496748767,9817.060518725837,8138.7241862653445,8525.86582992092,9800.437137396477,8820.033099279413,0.223395613322502,-0.7137599761085911,-0.700390388644407,0.224951054105093,0.97437006484036,1.0,1.0,12.0
1637938946.0,2.950218539342951,0.48178775695488635,185.19473875331298,2374.852251279048,692.6487618056747,9788.659057942721,9552.093496504312,10899.356231423797,9785.595849357149,11523.70150073375,9579.231203586074,10128.02022229385,11477.731184664783,10722.91467222459,0.2238017871649066,-0.7145744339733121,-0.6995594172847083,0.2520693577966397,0.967709170598269,1.0,2.0,11.0
1637938962.0,2.9484322781785113,0.49906895553690694,187.92032940865363,2378.65647090418,709.6274115784513,10627.120497160118,10373.313992223573,11640.089299659801,10198.276129116359,12141.125000282143,10087.211519508717,10824.746425274243,12139.607453975666,11405.77688403695,0.2242079610073111,-0.7153879244281884,-0.6987274988021643,0.2789911058356181,0.9602936857360976,1.0,3.0,10.0
1637938978.0,2.9463994114441636,0.5056500102102883,187.93596134044208,2382.477404466371,719.7912706573521,11049.423401410506,10809.23332526435,11961.744422950018,10337.06246339484,12325.24933356141,10298.02521755615,11165.765135377624,12387.444593705379,11657.446870837623,0.2246141348497156,-0.7162004463311765,-0.6978946343646895,0.3056953045552616,0.9521293928730832,1.0,4.0,9.0
1637938994.0,2.9439937304215777,0.5062906437986274,186.79317487495615,2385.248211831934,725.7036590470573,11243.265272540208,11012.711941009016,12043.346985698583,10335.959031922637,12288.76567342374,10358.618706278296,11286.648441544781,12401.678435356951,11673.25599775336,0.2250203086921202,-0.7170119986127428,-0.6970608250686308,0.3321611317148593,0.9432226580070604,1.0,5.0,8.0
1637939010.0,2.94178432327748,0.5032390105909956,184.91815922243546,2387.564425780053,728.1468895657716,11287.583687742153,11051.43687044759,11971.727874567432,10225.874279299256,12134.037832062077,10325.084385341845,11253.657209987541,12274.676109071705,11540.598553342817,0.2254264825345247,-0.7178225801741267,-0.6962260720428095,0.3583679496109631,0.933580426471996,1.0,6.0,7.0
1637939026.0,2.940249718367002,0.4973626374600989,182.33048608863209,2390.134465349711,727.5467578651737,11215.3709507442,10960.64814422574,11780.98532423586,10007.251432620254,11897.530592779687,10216.926973987089,11101.334173395204,12044.420747812326,11286.107577149527,0.2258326563769293,-0.7186321898875242,-0.6953903764486977,0.3842953225250289,0.9232102171690822,1.0,7.0,6.0
1637939042.0,2.939680829583877,0.4886148541251968,178.82515312715407,2393.535853822276,724.1554245739432,11034.417073562661,10752.762754181373,11469.00446887798,9662.643911246996,11573.722017330181,10030.685048659208,10835.202489989388,11713.740289700196,10898.979602987589,0.2262388302193339,-0.7194408266973422,-0.6945537393758994,0.4099230339358467,0.9121201161299046,1.0,8.0,5.0
1637939058.0,2.940318721616705,0.4761731035537281,173.9795756510066,2398.2958964584855,717.8522543691384,10726.586728385359,10410.687822889991,10994.885341617628,9148.473899138637,11127.912151698518,9732.1920677689,10425.427814947427,11255.381723791394,10338.312143431489,0.2266450040617384,-0.7202484894683513,-0.6937161619989535,0.4352310992706253,0.9003187714513583,1.0,9.0,4.0
1637939074.0,2.942541030311872,0.45841206670506657,167.04692372633576,2404.848273196584,708.0086945680324,10242.283063991388,9879.680757005479,10264.12892975321,8382.03596206693,10485.51831371482,9237.07536775463,9796.933596882569,10608.119926506759,9531.813395414565,0.2270511779041429,-0.7210551771474968,-0.6928776454099179,0.4601997849049314,0.8878153850736396,1.0,10.0,3.0
1637939090.0,2.9466434173162805,0.43249071616048507,156.70024495145128,2414.578608325674,693.1970389935944,9473.200062424265,9039.2572927301,9098.68990865356,7209.490735064546,9498.300103924917,8353.619144178578,8792.782244637843,9638.272493000095,8370.325381951825,0.2274573517465475,-0.7218608886022857,-0.69203819078597,0.48480962017642,0.8746197071781514,1.0,11.0,2.0
1637939106.0,2.958903385002071,0.3872935739146185,136.27499549370856,2432.135229441177,668.1006749635985,7768.912830596039,7237.171110821593,6805.3698078833495,4717.963488574027,7284.5264671842615,6426.727007084455,6512.284924773814,7531.71595940784,5947.385461414304,0.227863525588952,-0.7226656227822075,-0.6911977992216152,0.5090414158961828,0.860742026917711,1.0,12.0,1.0
1637939122.0,3.0,0.075353,20.0,3072.0,578.859008,368.58,370.478,374.606,374.606,378.458,378.511,378.511,378.511,383.694,0.2282696994313566,-0.7234693785575115,-0.690356471896663,0.5328762760310289,0.8461931661525651,0.0,0.0,0.0
1637939138.0,3.0,0.065028,30.0,3072.0,622.77632,467.802,469.397,477.001,477.818,483.16,483.654,485.353,485.353,485.969,0.2286758732737611,-0.7242721548702036,-0.6895142099186005,0.5562956156685165,0.8309844691617204,0.0,0.0,0.0
1637939154.0,3.0,0.051578,50.0,3072.0,745.005056,782.025,781.397,796.986,798.102,813.199,814.258,815.581,815.581,817.002,0.2290820471161657,-0.7250739506233826,-0.6886710144382442,0.5792811719517794,0.815127796006352,0.0,0.0,0.0
1637939170.0,3.0,0.051578,60.0,3072.0,795.049984,926.685,930.879,938.193,939.333,946.626,947.773,950.037,951.239,953.904,0.2294882209585702,-0.7258747647315337,-0.6878268865971587,0.6018150229681911,0.7986355101858392,0.0,0.0,0.0
1637939186.0,3.0,0.327531,70.0,3072.0,843.472896,1124.465,1126.524,1153.746,1155.077,1165.079,1166.947,1176.911,1178.849,1180.806,0.2298943948009748,-0.7266745961004735,-0.6869818275487451,0.6238795963604111,0.7815204726974019,0.0,0.0,0.0
1637939202.0,3.0,0.246741,90.0,3072.0,859.164672,1934.019,1945.745,1953.434,1954.29,1969.975,1973.76,1974.781,1974.868,1975.714,0.2303005686433793,-0.7274734436773368,-0.6861358384053676,0.6454576875733364,0.763796028761921,0.0,0.0,0.0
1637939218.0,3.0,0.249094,100.0,3072.0,859.164672,1515.058,1509.032,1550.758,1555.861,1571.498,1572.919,1575.197,1575.57,1576.65,0.2307067424857839,-0.7282713063406371,-0.6852889203546939,0.66653246994119,0.7454759999584807,0.0,0.0,0.0
1637939234.0,3.0,0.446922,120.0,3072.0,440.745984,2472.394,2464.906,2543.208,2549.884,2557.182,2562.822,2567.212,2570.276,2574.916,0.2311129163281884,-0.7290681830500975,-0.6844410745009606,0.687087510685142,0.7265746710837744,0.0,0.0,0.0
1637939250.0,3.0,0.446922,130.0,3072.0,446.455808,2656.816,2657.443,2721.995,2730.309,2752.636,2757.009,2766.941,2767.083,2767.307,0.231519090170593,-0.7298640726969458,-0.6835923020238214,0.7071067812467738,0.7071067811263212,0.0,0.0,0.0
1637939266.0,3.0,0.438293,140.0,3072.0,451.506176,4699.816,4726.284,4772.883,4774.249,4788.225,4792.457,4797.212,4797.651,4807.337,0.2319252640129975,-0.730658974213635,-0.6827426040617934,0.7265746708808668,0.6870875108997108,0.0,0.0,0.0
1637939282.0,3.0,0.478655,150.0,3072.0,460.214272,2868.769,2875.953,2916.579,2927.99,2958.445,2966.102,2971.542,2973.223,2974.423,0.2323314378554021,-0.7314528865239835,-0.6818919817652443,0.7454759997616432,0.6665324701613407,0.0,0.0,0.0
1637939298.0,3.0,0.478655,160.0,3072.0,467.816448,3047.133,3087.589,3105.055,3109.834,3131.914,3136.23,3145.225,3153.069,3156.679,0.2327376116978066,-0.7322458085432391,-0.6810404362964494,0.7637960285713074,0.6454576877988972,0.0,0.0,0.0
1637939314.0,3.0,0.638276,170.0,3072.0,511.594496,6467.314,6477.556,6530.265,6543.477,6552.175,6559.187,6568.608,6572.831,6573.916,0.2331437855402112,-0.7330377392276313,-0.6801879687763106,0.7815204725131606,0.6238795965912063,0.0,0.0,0.0
1637939330.0,3.0,0.561697,190.0,3072.0,534.228992,3242.013,3248.463,3306.26,3313.601,3337.229,3354.979,3363.161,3372.897,3374.068,0.2335499593826157,-0.7338286774653837,-0.6793345804015911,0.7986355100081138,0.6018150232040406,0.0,0.0,0.0
1637939346.0,2.964995151084311,0.4862307653114295,187.2279996812955,2331.8132717267576,624.421794126948,7698.675542350296,7748.395110135686,8954.296494600861,8135.483008510032,9726.17444076057,8157.940969556981,8565.856158700855,9647.783606756264,8794.2978444119,0.2339561332250203,-0.7346186222252482,-0.6784802722849634,0.8151277958352813,0.5792811721924993,1.0,1.0,2.0
1637939362.0,2.9688155832382614,0.486922352868839,183.65825234034307,2350.6337675112536,634.8053686425399,8073.784159863759,8151.613726927775,8933.482038886665,7312.2613133579,9727.829413061718,7867.671810890562,8421.923305775366,10135.424076680196,8931.926562354547,0.2343623070674248,-0.7354075723982363,-0.6776250456257744,0.8309844689974376,0.5562956159139191,1.0,2.0,1.0
1637939378.0,3.0,0.513835,210.0,3072.0,551.174144,11919.783,11936.638,12011.888,12013.971,12067.461,12080.519,12086.864,12088.103,12094.411,0.2347684809098294,-0.7361955269556917,-0.6767689015390936,0.8461931659951984,0.5328762762809228,0.0,0.0,0.0
1637939394.0,3.0,0.621163,220.0,3072.0,563.503104,10320.792,10319.504,10404.195,10407.2,10429.767,10442.197,10447.299,10447.828,10455.744,0.2351746547522339,-0.7369824847914201,-0.6759118412268454,0.8607420267673832,0.5090414161503732,0.0,0.0,0.0
1637939410.0,2.9684179043828496,0.508434520197508,192.70634554848954,2319.5170183551827,624.1560678440233,7912.5191785310135,8388.410721668839,8783.470809784852,8092.29340253336,9801.259679964305,8287.939406247258,8724.002743953548,9913.02568204017,9455.732804705502,0.2355808285946385,-0.7377684448695395,-0.6750538658172258,0.8746197070349796,0.4848096204347088,1.0,1.0,1.0
1637939426.0,3.0,0.725903,230.0,3072.0,575.840256,11767.247,11772.758,11835.85,11856.099,11899.87,11916.528,11921.555,11923.423,11931.802,0.235987002437043,-0.7385534061161257,-0.6741949764825225,0.8878153849377354,0.4601997851671171,0.0,0.0,0.0
1637939442.0,3.0,0.632477,240.0,3072.0,587.329536,11226.455,11236.985,11306.542,11326.547,11356.459,11374.184,11376.345,11377.599,11379.17,0.2363931762794476,-0.7393373674684549,-0.6733351743855469,0.9003187713228278,0.4352310995365034,0.0,0.0,0.0
1637939458.0,3.0,0.632477,250.0,3072.0,600.932352,11652.014,11646.417,11751.781,11769.66,11806.727,11823.619,11833.86,11835.489,11840.465,0.2367993501218521,-0.7401203278553712,-0.6724744607011167,0.912120116008848,0.4099230342052099,0.0,0.0,0.0
1637939474.0,2.9736062842953994,0.5851545850869858,222.96957590088695,2264.938517254527,650.0952683803962,9605.891093684131,10827.33336861494,10725.195007531725,10969.363005340276,12217.28312448365,10727.601813093774,11170.76121676755,12056.574904381754,12484.535185844685,0.2372055239642567,-0.7409022862462172,-0.671612836562203,0.923210217055594,0.3842953227976672,1.0,1.0,1.0
1637939490.0,3.0,0.781189,260.0,3072.0,612.642816,12920.176,12924.8,13045.176,13074.813,13102.915,13116.017,13135.076,13137.001,13147.244,0.2376116978066612,-0.7416832415627378,-0.6707503031568376,0.9335804265330426,0.3583679494519316,0.0,0.0,0.0
1637939506.0,3.0,0.792771,270.0,3072.0,626.921472,11043.775,11036.225,11169.562,11207.825,11249.016,11265.146,11272.881,11276.116,11278.661,0.2380178716490658,-0.7424631927281365,-0.6698868616743741,0.943222657908968,0.3321611319934076,0.0,0.0,0.0
1637939522.0,3.0,1.013085,280.0,3072.0,640.507904,12229.363,12224.673,12343.091,12370.806,12394.461,12415.548,12430.017,12432.668,12434.514,0.2384240454914703,-0.7432421387254902,-0.6690225132405929,0.9521293927828064,0.3056953048364401,0.0,0.0,0.0
1637939538.0,2.979669414045536,0.6857645766805545,265.61773309960176,2223.054770777592,710.5602309156519,13193.216108595068,15050.420586602657,14457.136910967163,16419.61671988292,16775.908505658554,15245.224971180458,15938.012680220429,15694.684081420359,17715.906201448906,0.2388302193338749,-0.7440200784612513,-0.6681572590689361,0.9602936856537072,0.2789911061192077,1.0,1.0,1.0
1637939554.0,3.0,0.972468,290.0,3072.0,656.191488,14787.853,14785.229,14888.275,14901.696,14950.351,14971.3,14981.515,14983.051,14984.144,0.2392363931762794,-0.744797010911409,-0.6672911002983858,0.967709170523829,0.2520693580824192,0.0,0.0,0.0
1637939570.0,2.9777470080296835,0.7127834401696336,277.7364778114701,2204.7173717499263,735.0808225579201,14678.26979317322,16733.531406156668,15850.15134021037,18203.959681190106,18221.97351088359,16844.7864907028,17516.336123593213,17023.732616304922,19562.567339350215,0.239642567018684,-0.7455729350046763,-0.6664240381232605,0.9743700647739284,0.2249510543928396,1.0,1.0,1.0
1637939586.0,3.0,1.042416,300.0,3072.0,670.314496,15375.245,15391.475,15511.595,15531.462,15582.78,15584.792,15601.381,15606.178,15615.588,0.2400487408610885,-0.7463478497196572,-0.665556073684888,0.9802711746610712,0.1976573401839747,0.0,0.0,0.0
1637939602.0,3.0,1.100917,310.0,3072.0,685.944832,17819.157,17809.414,17969.219,17976.606,18022.364,18024.72,18027.94,18028.949,18051.195,0.2404549147034931,-0.747121753968464,-0.6646872082017871,0.9854078984012956,0.1702094996418876,0.0,0.0,0.0
1637939618.0,2.9748757960393517,0.7692210279924506,304.61212219102885,2194.8871059685976,778.4772434624049,17369.374203596584,19977.34097166466,18612.451663585136,21938.452563978513,21284.48180569426,20103.995105648373,20618.70044513245,19216.080805146423,23381.26657727522,0.2408610885458976,-0.7478946467420579,-0.66381744280681,0.9897762308744766,0.1426289339366835,1.0,1.0,1.0
1637939634.0,3.0,0.960708,320.0,3072.0,703.492096,18948.645,18951.807,19060.921,19095.395,19147.311,19165.916,19169.166,19170.272,19177.229,0.2412672623883022,-0.7486665269553893,-0.6629467787210037,0.9933727655486886,0.1149371509397642,0.0,0.0,0.0
1637939650.0,2.9726624618093966,0.7902066808488581,316.782805331487,2188.0938110842317,801.8546504646594,18894.250040363273,21905.714244959796,20320.352687963798,23785.12704008729,22977.76170242274,21902.882994703075,22210.347985128425,20491.903338760345,25406.958154501008,0.2416734362307067,-0.7494373936020582,-0.6620752170795654,0.9961946980742676,0.0871557429474322,1.0,1.0,1.0
1637939666.0,3.0,1.141209,330.0,3072.0,720.109568,20508.679,20506.976,20618.971,20643.101,20706.287,20729.607,20739.717,20742.46,20758.215,0.2420796100731113,-0.7502072455998599,-0.6612027591060639,0.998239827899043,0.0593063739920844,0.0,0.0,0.0
1637939682.0,2.970157564862827,0.8115692627290245,328.26198415497726,2178.307682611133,824.130159775191,20262.030740154765,23700.59600365251,21695.878471012347,25538.6632455777,24449.530921702408,23488.261424092114,23508.590867327708,21592.3841079198,27360.84368655247,0.2424857839155158,-0.7509760819450386,-0.6603294059380354,0.9995065603604698,0.0314107592455602,1.0,1.0,1.0
1637939698.0,3.0,0.892972,340.0,3072.0,737.120256,23805.64,23819.357,24014.331,24036.947,24057.631,24121.392,24130.398,24133.286,24136.145,0.2428919577579203,-0.7517439015582398,-0.6594551588015636,0.9999939076564506,0.0034906517990553,0.0,0.0,0.0
1637939714.0,2.9683135066883546,0.827866214299887,339.1015600969067,2165.92319673885,841.4771050202113,21439.067466625944,25312.143388845485,23124.278679581446,27138.178962615428,25866.085709818988,24974.513723440712,24770.39917643534,22523.604217105494,29118.85602276692,0.2432981316003249,-0.7525107034287742,-0.6585800188474681,0.999701489784469,-0.0244321780182012,1.0,1.0,1.0
1637939730.0,3.0,0.893604,350.0,3072.0,755.376128,24325.657,24333.896,24435.634,24470.612,24563.993,24600.132,24617.517,24619.465,24625.12,0.2437043054427295,-0.753276486518465,-0.657703987260528,0.9986295347485632,-0.0523359563576362,0.0,0.0,0.0
1637939746.0,2.972037022989926,0.8307964230142478,344.5315119448338,2179.0228481925037,852.279459576943,22336.13060077619,26211.57981767733,24548.7030515928,28013.85105191514,27037.990534988232,26166.102899624682,25541.04929862414,23022.52422994703,30193.622621486153,0.244110479285134,-0.7540412497618404,-0.656827065259648,0.996778878464385,-0.0801989242277162,1.0,1.0,2.0
1637939762.0,2.9678265436357725,0.8273066212218906,344.37643652271936,2161.6568790703473,862.4223413916852,22490.949737482086,26821.633551516567,24588.022814939643,28248.522799367987,27245.702555947097,26008.95427023591,25532.11067014594,23465.940963124922,30346.490134533444,0.2445166531275386,-0.7548049921617797,-0.6559492539881845,0.9941509639563452,-0.1079993558530303,1.0,2.0,1.0
1637939778.0,3.0,1.031571,360.0,3072.0,775.614464,27082.32,27067.189,27231.859,27259.421,27319.956,27360.857,27377.077,27384.718,27395.217,0.2449228269699431,-0.7555677126460795,-0.6550705546784801,0.9907478404807328,-0.1357155723664907,0.0,0.0,0.0
1637939794.0,2.965391953092502,0.8481015995861322,354.4598903057014,2156.0701964734203,867.0194874266963,23179.960395113972,27641.82686731242,25191.12064997157,29529.76066264899,27992.04307510661,27126.34513892798,26566.33636988346,23869.549148020065,31739.46532808264,0.2453290008123476,-0.7563294102202824,-0.6541909684762086,0.9865721615774246,-0.1633259624200881,1.0,1.0,1.0
1637939810.0,3.0,1.116355,370.0,3072.0,795.037696,29743.421,29734.056,29849.703,29862.803,29975.389,29993.662,29999.636,30000.746,30003.441,0.2457351746547522,-0.7570900838150562,-0.6533104966162042,0.9816271834544232,-0.1908089953417712,0.0,0.0,0.0
1637939826.0,2.9700891090918535,0.8458563781127224,356.5889589528749,2171.717794776472,869.7992050354708,23510.28006185365,27884.68964277624,26031.304611867352,29744.618860775772,28511.264949719058,27734.621905198503,26685.41981086508,23925.213475523284,32070.58120405185,0.2461413484971567,-0.7578497324291178,-0.65242914025748,0.9759167618920828,-0.2181432416053082,1.0,1.0,2.0
1637939842.0,2.964724738451417,0.8390321011853512,354.3148030429312,2161.0633758693134,877.3723666394272,23536.512419983923,28203.95169621233,25926.419374795754,29860.028520234755,28676.01948471003,27270.05675737944,26601.259700355455,24227.586988464456,32020.68321157544,0.2465475223395613,-0.7586083550244938,-0.6515469006042709,0.9694453500099582,-0.2453073854250409,1.0,2.0,1.0
1637939858.0,3.0,0.919632,380.0,3072.0,814.477312,31069.191,31064.042,31218.221,31246.154,31325.948,31345.568,31369.51,31375.42,31376.427,0.2469536961819659,-0.7593659505741188,-0.6506637788510015,0.9622179935888387,-0.2722802468301168,0.0,0.0,0.0
1637939874.0,2.975693167462314,0.8422659244568105,357.5988358489392,2171.2322522977506,871.9830827206513,23322.7605505574,27970.642679340683,26420.530115275753,30055.59490358031,28995.953976719356,28098.332688068094,26970.052448488772,23891.805340033934,32193.098762254423,0.2473598700243704,-0.7601225180428629,-0.6497797762043518,0.9542403286463718,-0.2990407918409534,1.0,1.0,7.0
1637939890.0,2.975387513502421,0.8261920327728742,351.9610378036959,2177.7932286713312,876.9565672962813,23265.705648934352,27938.306217843012,26565.72969258325,29716.000113752198,29001.57741663268,27602.63825850523,26614.80266392976,23950.038380578302,31711.575142157024,0.2477660438667749,-0.76087805643481,-0.6488948938279496,0.9455185756597744,-0.3255681542815751,1.0,2.0,6.0
1637939906.0,2.9740246990453914,0.8259268825375436,349.06941018377535,2172.707731546773,882.2948529172427,23503.993115364934,27982.940510917688,26656.70815019743,29807.414929499693,29014.94840451377,27443.092020528937,26779.25063541702,24105.26619899257,31756.57714118286,0.2481722177091795,-0.7616325646892743,-0.6480091329640644,0.93605953588042,-0.3518416480283889,1.0,3.0,5.0
1637939922.0,2.972668493989524,0.8241217374602594,346.2658910768846,2169.040676909786,885.5452585932642,23645.94642995589,27990.581547182457,26662.05044891579,29779.350061803343,28944.965480811406,27256.716344308777,26790.26660313551,24173.700381344188,31726.150357283746,0.248578391551584,-0.7623860418225057,-0.6471224947675769,0.925870584867682,-0.3778407866771088,1.0,4.0,4.0
1637939938.0,2.9711386070899093,0.8230581740788749,343.9968402261612,2165.635205214776,887.936292113355,23773.47142407358,27983.610517966048,26625.770013701964,29708.01708068104,28829.2919530851,27080.929280394055,26777.57712002427,24240.221810893527,31691.717309951135,0.2489845653939886,-0.7631384867767123,-0.6462349804832216,0.9149596679987312,-0.403545296014774,1.0,5.0,3.0
1637939954.0,2.9700932245456437,0.8217945630449678,341.61254636285634,2161.078280834543,888.9696471295734,23864.62598931739,27890.19626320496,26495.873329994283,29546.55012975544,28639.243697823615,26858.94614440712,26674.54010272705,24228.98748525395,31608.012055181993,0.2493907392363931,-0.7638898985708341,-0.6453465912681656,0.9033352929146244,-0.4289351332950586,1.0,6.0,2.0
1637939970.0,2.963015040590043,0.8286400984422256,342.9138000629007,2152.172427735252,892.4930783202321,23984.988249533846,28224.80320233138,26199.951493771743,29842.03980547784,28682.47598098736,26682.734297565996,26850.811689627888,24605.754570025616,31986.499239080484,0.2497969130787977,-0.7646402761593568,-0.6444573283584745,0.8910065241294906,-0.4539904998551,1.0,7.0,1.0
1637939986.0,3.0,1.26283,410.0,3072.0,882.147328,37015.939,37045.885,37177.513,37239.28,37302.521,37324.973,37339.278,37344.079,37346.602,0.2502030869212023,-0.7653896185264166,-0.6435671929581142,0.8779829754694501,-0.4786918578645462,0.0,0.0,0.0
1637940002.0,2.966491964540509,0.8418159653606374,358.0484324955679,2164.0270733796224,879.6831621241109,23893.54298692105,28477.51655936284,26594.298141534357,30439.193427815844,28872.50814452116,28235.71838468842,27062.109421047804,24104.53900605543,32587.62587002643,0.2506092607636068,-0.766137924685608,-0.6426761862387852,0.8642748018718579,-0.5030199467708619,1.0,1.0,3.0
1637940018.0,2.9678818026357585,0.830862355080273,353.68971073730654,2168.737716244098,883.4364227895371,23912.08110303687,28468.15370351423,26732.335529741402,30172.794780150496,29018.77328440199,27739.455513833374,26895.64976266357,24300.337252916564,32276.081576076547,0.2510154346060114,-0.7668851935863984,-0.6417843094513548,0.8498926930151133,-0.5269557954511161,1.0,2.0,2.0
1637940034.0,2.960625378552741,0.8412762798798591,354.3111314695426,2156.559782064346,890.943115363362,24179.80598926772,28946.33674862539,26513.33340526899,30634.838936779575,29219.05092717035,27472.26333782187,27166.608132026326,24870.66587782363,32829.981882953936,0.2514216084484159,-0.7676314242544765,-0.6408915637586782,0.8348478631556591,-0.5504807402484032,1.0,3.0,1.0
1637940050.0,3.0,0.975304,420.0,3072.0,902.295552,41367.25,41344.42,41537.05,41572.93,41650.477,41666.589,41678.379,41680.779,41692.97,0.2518277822908205,-0.7683766156422237,-0.6399979504140637,0.8191520443007994,-0.5735764363341831,0.0,0.0,0.0
1637940066.0,2.9667646464011357,0.8488514287151654,362.72559157099556,2157.7228185869167,881.506000758017,24233.918811798234,28984.966842507485,26936.711814198112,30925.6577283541,29290.881923906083,28650.790748627423,27270.38714467533,24310.297442379226,33202.25210933749,0.252233956133225,-0.7691207667780375,-0.6391034705826308,0.8028174750547246,-0.5962248751492651,1.0,1.0,2.0
1637940082.0,2.9604049440083036,0.8440391936790251,360.1556011785497,2164.6164692920674,887.8181665702326,24238.939500255918,29212.253185727503,26830.051164717108,30998.621439013477,29592.04232100776,28013.46774691693,27345.538019469604,24891.00312288754,33231.107615156296,0.2526401299756295,-0.7698638766172183,-0.6382081255201224,0.7858568934556799,-0.6184083950013844,1.0,2.0,1.0
1637940098.0,3.0,1.230138,430.0,3072.0,926.322688,43335.518,43345.12,43497.801,43535.034,43591.924,43620.247,43641.495,43647.263,43672.557,0.2530463038180341,-0.770605944190878,-0.6373119163939157,0.7682835237240306,-0.6401096993283157,0.0,0.0,0.0
1637940114.0,2.9722812007064725,0.8458413052176856,363.6032733284802,2159.2476013430974,878.5158844005364,23837.637941204586,28800.57572994985,27051.22529685531,30847.857464283792,29412.85350628328,28850.087008728595,27130.0979968037,24107.8008442215,33008.80274624897,0.2534524776604386,-0.7713469684572419,-0.6364148444621816,0.7501110699083442,-0.6613118650084536,1.0,1.0,6.0
1637940130.0,2.973066164032401,0.8324491801747306,357.5112914819464,2169.367703719546,882.6239176947039,23745.114881143192,28630.593463823796,27125.055025003538,30555.49448681708,29514.59902478556,28189.009600862468,27141.405064534993,24301.301062294915,32487.953802903285,0.2538586515028432,-0.772086948440893,-0.6355169109057838,0.7313537017356968,-0.6819983599375392,1.0,2.0,5.0
1637940146.0,2.9721306032978516,0.8322909147768456,353.89195246743526,2166.0257185126015,887.6402665269438,23953.737050598662,28635.354947737338,27133.03264360308,30576.142564147332,29513.103731936055,27941.610080039914,27249.378394815256,24433.067926972377,32484.42214475746,0.2542648253452477,-0.7728258831214966,-0.6346181169628542,0.7120260462628558,-0.7021530527194805,1.0,3.0,4.0
1637940162.0,2.97090063339792,0.8313698566122151,351.02367679412964,2163.8539254950647,891.0998883048911,24112.01314563539,28665.891996923143,27111.75611117273,30534.641177414684,29452.72261836085,27732.5462894998,27265.528871270188,24536.548596873596,32475.398448400316,0.2546709991876523,-0.7735637715263469,-0.6337184638164914,0.6921431739698926,-0.7217602280029588,1.0,4.0,3.0
1637940178.0,2.970032268241856,0.8308724036769641,348.42358319921584,2160.800365002787,893.7634015026435,24261.48086403795,28643.606872781496,27036.30540802023,30419.782924607356,29326.910064367745,27513.401644671234,27198.34918193284,24592.864548712307,32463.39081070452,0.2550771730300569,-0.7743006126195368,-0.632817952729701,0.6717205895853513,-0.7408045960488555,1.0,5.0,2.0
1637940194.0,2.9608876373877346,0.8370612964597866,348.71943617830937,2159.478379620662,897.4470947104004,24381.949672230752,29012.23883896313,26710.632750072888,30628.246783715393,29384.43303954104,27192.236029888314,27223.70585113306,25078.242915905037,32911.315350463046,0.2554833468724614,-0.775036405440351,-0.6319165848765959,0.6507742173454341,-0.7592713072666699,1.0,6.0,1.0
1637940210.0,3.0,1.142126,450.0,3072.0,974.802944,48103.862,48078.592,48353.544,48377.593,48438.704,48449.607,48470.225,48481.513,48493.615,0.255889520714866,-0.7757711489741891,-0.631014361500011,0.629320390937519,-0.7771459615479246,0.0,0.0,0.0
1637940226.0,2.9659892534880905,0.845103444346504,363.4110012611044,2155.5495655566397,882.9239995990315,24231.60616641568,29197.897299411874,27114.653356893024,31116.84623960658,29384.062929804284,28881.276973747594,27236.604678508826,24277.65056763923,33312.18333357968,0.2562956945572705,-0.7765048422079762,-0.6301112838440254,0.6073758397803197,-0.7944146204918131,1.0,1.0,3.0
1637940242.0,2.967486282851393,0.8375044300940563,359.19490671895994,2164.8990218675813,888.6386879767265,24303.555612894048,29163.88951518511,27292.659145548474,30949.371923388622,29607.684718142853,28314.285887994778,27396.80011236226,24671.17591894773,33035.409143459125,0.256701868399675,-0.7772374841759455,-0.6292073530974084,0.5849576748432116,-0.8110638190931855,1.0,2.0,2.0
1637940258.0,2.958578486669127,0.8455389230356529,358.0804131020608,2162.4864871888335,895.24831353525,24505.848339847114,29553.040447222815,26976.399756318788,31249.555973676797,29780.872556266007,27864.866790292148,27475.664680085807,25239.749122403482,33546.37068317481,0.2571080422420796,-0.7779690738770235,-0.6283025704952403,0.5620833778841965,-0.8270805742527698,1.0,3.0,1.0
1637940274.0,3.0,0.996075,460.0,3072.0,1000.087552,51451.221,51445.787,51603.468,51641.899,51732.127,51756.974,51780.708,51782.129,51791.215,0.2575142160844841,-0.7786996103207435,-0.6273969372624655,0.5387707848294662,-0.8424523971205975,0.0,0.0,0.0
1637940290.0,2.9668652282680266,0.8481567246708104,366.29441639445304,2152.3983286076177,883.4074613217751,24356.19647205191,29509.817602819872,27326.867648535037,31421.189330200068,29640.802731543932,29172.878687600052,27347.226399543855,24370.443855140646,33635.88024908607,0.2579203899268887,-0.7794290925089489,-0.6264904546365223,0.5150380749149808,-0.8571673006991521,1.0,1.0,3.0
1637940306.0,2.9679606131352196,0.8407564782967786,361.5383416119105,2162.846709233319,890.0125810495787,24413.82845722315,29399.57065259931,27456.760625744995,31226.28809658229,29816.84747024379,28518.960667773434,27560.26577614674,24780.095050508287,33291.68484619435,0.2583265637692932,-0.780157519481376,-0.6255831238106304,0.490903753402918,-0.8712138112397708,1.0,2.0,2.0
1637940322.0,2.958720685732004,0.8476406913114889,359.5540920269322,2161.982060809062,896.1728650476738,24571.17395114855,29724.20507872833,27078.517475090404,31446.6084350387,29936.68009066408,27982.094493638135,27554.046145660453,25316.25551800619,33748.71115054272,0.2587327376116978,-0.7808848902154004,-0.6246749460585739,0.4663866407276792,-0.8845809750106265,1.0,3.0,1.0
1637940338.0,3.0,0.955588,470.0,3072.0,1025.806336,53852.633,53849.986,54069.3,54109.06,54188.361,54212.465,54231.085,54238.275,54264.862,0.2591389114541023,-0.7816112037626547,-0.6237659225644616,0.4415058529613667,-0.8972583695908642,0.0,0.0,0.0
1637940354.0,2.967099157006504,0.8483416994282964,367.0384787758219,2150.857662196349,883.6681252343187,24389.987577660242,29610.611788157767,27394.402508050043,31533.173097659637,29712.12621994498,29268.941550677046,27347.989453194434,24368.995663414047,33741.74696851482,0.2595450852965069,-0.7823364591034814,-0.6228560546044543,0.4162807926289724,-0.9092361088783234,1.0,1.0,3.0
1637940370.0,2.9680950571673996,0.841950175745217,362.4371002352706,2161.8970912763884,890.7636741333187,24452.70491913608,29484.099924185983,27557.411806917466,31350.190160279435,29905.51907891455,28604.155032418545,27635.790745425555,24831.269859776097,33396.71512027277,0.2599512591389114,-0.7830606552922711,-0.6219453433648643,0.3907311286328925,-0.9205048533914778,1.0,2.0,2.0
1637940386.0,2.958590755920818,0.8465552295731644,359.4841194217487,2166.739071111119,895.9084123843586,24569.06393168633,29706.866183090766,27128.88136615311,31470.626769168084,30000.023319958542,28022.680458839754,27563.415849902296,25295.88792161867,33782.88892714619,0.260357432981316,-0.783783791312339,-0.6210337901242218,0.3648767846842899,-0.9310558157266696,1.0,3.0,1.0
1637940402.0,3.0,1.166145,480.0,3072.0,1053.175808,56208.264,56208.418,56466.85,56520.846,56640.025,56653.206,56668.445,56673.411,56682.122,0.2607636068237206,-0.784505866211815,-0.6201213960824524,0.3387379203610189,-0.940880768912561,0.0,0.0,0.0
1637940418.0,2.968391180370816,0.8459789046336965,366.83420242064165,2149.7262646311865,882.4488645658365,24252.450769071496,29491.325900937336,27384.229407299128,31440.934880948014,29655.45486851379,29305.580626122235,27187.058217606515,24231.585930203946,33617.93446899211,0.2611697806661251,-0.785226879004064,-0.6192081624862007,0.3123349188345756,-0.9499720514186716,1.0,1.0,4.0
1637940434.0,2.969108635273271,0.8392861126460477,362.3153834157066,2162.971949447075,888.906576202182,24295.875536217492,29400.913129957236,27584.039286560863,31320.58976105538,29928.99443395665,28642.125424615595,27640.48922350452,24760.455885887444,33271.072354405725,0.2615759545085296,-0.785946828712939,-0.6182940905718526,0.2856883674912002,-0.958322574439428,1.0,2.0,3.0
1637940450.0,2.9687324193465674,0.8403080359699173,358.1236211395201,2160.1651471520267,895.0298289074254,24512.915611688615,29370.549740686543,27509.824082649426,31262.609228000063,29896.257670719187,28298.814129686958,27625.987487973158,24870.569249119893,33274.90637205596,0.2619821283509342,-0.7866657143727166,-0.6173791815654813,0.2588190449485857,-0.9659258263303152,1.0,3.0,2.0
1637940466.0,2.9588747486699676,0.8436501897495725,355.5951370981268,2167.1079730115666,897.9462144624625,24534.391495707176,29616.27728893435,27031.837842764544,31292.298643544564,29894.331614697803,27721.08210422361,27435.66258343302,25305.84439459273,33635.80713756656,0.2623883021933387,-0.7873835349831777,-0.6164634367400835,0.2317479035495608,-0.9727758781961976,1.0,4.0,1.0
1637940482.0,3.0,1.142491,490.0,3072.0,1081.192448,59653.466,59639.549,59878.172,59887.907,59968.864,60016.255,60018.452,60030.068,60051.067,0.2627944760357433,-0.7881002896084067,-0.6155468572896343,0.2044960516534681,-0.9788673888010276,0.0,0.0,0.0
1637940498.0,2.9658774356392237,0.8454076276920945,366.86919797152905,2148.837357533704,884.0926579690737,24394.896791067527,29674.191023177103,27393.629085525135,31526.158117073337,29642.58767549177,29321.396669134254,27166.424800954435,24303.737839990572,33751.429907725855,0.2632006498781478,-0.7888159772421658,-0.6146294445009017,0.1770847403431365,-0.984195607965004,1.0,1.0,3.0
1637940514.0,2.9673295298871563,0.8420050875342107,362.87833642259636,2160.9035124962843,891.8904100831008,24503.96311813846,29583.065138077516,27631.131575633233,31437.518879650874,29944.815077921485,28662.439460597594,27679.12500818233,24890.5453753743,33490.17518659416,0.2636068237205524,-0.7895305969513201,-0.6137111995700356,0.1495353432208335,-0.9887563810807128,1.0,2.0,2.0
1637940530.0,2.95763536037338,0.8453908958306231,358.9979087724869,2168.901526464755,895.7768442678774,24538.55733681706,29741.15477909515,27097.493507933894,31451.402952964974,29988.95344913642,27964.274664110308,27461.62994329839,25301.434161447567,33821.02092169468,0.2640129975629569,-0.7902441477326291,-0.6127921237861423,0.1218693438583145,-0.9925461515856802,1.0,3.0,1.0
1637940546.0,3.0,1.082285,500.0,3072.0,1109.229568,61979.344,61996.277,62160.743,62228.407,62316.291,62397.76,62404.331,62409.986,62413.893,0.2644191714053615,-0.7909566286468401,-0.6118722183590498,0.0941083135248229,-0.9955619645835782,0.0,0.0,0.0
1637940562.0,2.9679356736615,0.8431196522837066,366.44973227225535,2147.0026028418624,881.7312280778925,24216.1370015492,29517.685259115708,27339.299241898618,31421.312963978464,29585.350637941185,29321.778106864087,27036.618969714043,24125.820858639898,33595.93409751109,0.264825345247766,-0.7916680387115362,-0.6109514845571861,0.0662739008226166,-0.99780146826398,1.0,1.0,4.0
1637940578.0,2.9687051886137783,0.8393026786108757,362.6576350942722,2161.2412728063014,889.3052084373123,24314.455532462747,29453.53947401871,27603.913527352608,31382.68853526914,29932.278384229612,28678.35705521301,27678.553956667856,24781.388388542993,33316.56878557197,0.2652315190901706,-0.7923783769902429,-0.6100299235925303,0.0383878092615973,-0.9992629164039338,1.0,2.0,3.0
1637940594.0,2.968415855468489,0.8400603759807141,358.2564821553894,2159.66293485751,895.6018125443817,24526.343736129587,29417.484719728753,27509.79566616688,31305.104630311027,29899.11457129589,28310.01452848116,27632.52423166488,24878.25866404461,33314.148670358365,0.2656376929325751,-0.7930876424857299,-0.6091075367588444,0.0104717845067495,-0.9999451693614226,1.0,3.0,2.0
1637940610.0,2.958330387374557,0.8429724782614145,355.15410437330615,2167.2951434360707,897.2845209131704,24492.21512594878,29598.26222809541,26969.775009388206,31265.52574883247,29865.995320069604,27645.02738388424,27333.41215553209,25271.94877968129,33649.96598878556,0.2660438667749797,-0.7937958342732361,-0.6081843252587633,-0.0174524062961217,-0.9998476951588552,1.0,4.0,1.0
1637940626.0,3.0,0.921537,510.0,3072.0,1138.458624,65240.249,65275.538,65450.21,65500.798,65636.782,65659.625,65674.075,65679.22,65681.326,0.2664500406173842,-0.7945029513585444,-0.6072602903883658,-0.0453629877721192,-0.998970569806932,0.0,0.0,0.0
1637940642.0,2.967782582305507,0.8402033788873985,365.05745684603914,2145.7851928777827,880.9012669025273,24147.454821050713,29440.330235795038,27241.366159056484,31329.964910471303,29490.0913235212,29224.419841626688,26928.639445816483,24004.157887651178,33492.274354628906,0.2668562144597888,-0.7952089928196951,-0.6063354333524357,-0.0732381970197614,-0.9973144772323796,1.0,1.0,4.0
1637940658.0,2.968444275893488,0.8386784332409609,362.25841391426195,2160.0825842337604,889.3426785402816,24301.233729247648,29430.24687604332,27593.708303621424,31367.57430585998,29893.799349858993,28653.709738008,27680.202697591427,24769.828870150443,33294.57460998244,0.2672623883021933,-0.7959139576654901,-0.605409755449362,-0.1010562968601274,-0.994880708861579,1.0,2.0,3.0
1637940674.0,2.9681528013022223,0.8396872981290362,357.9697479958453,2158.715964176428,895.7100916165724,24499.063142995023,29397.234249344267,27525.461796543565,31288.90365998975,29879.828016752734,28299.804877037175,27624.881307924516,24877.303526473006,33289.651354609334,0.2676685621445979,-0.7966178449767756,-0.6044832578860708,-0.1287955965030504,-0.991671162392768,1.0,3.0,2.0
1637940690.0,2.9579022590079895,0.8401718111260953,353.9490329484282,2173.145687236615,896.5212053622522,24417.26755491055,29489.794984097054,26918.84402417385,31144.334973895595,29800.447524082287,27598.952678362424,27258.38143691331,25195.31354580693,33546.2195034226,0.2680747359870024,-0.7973206537741604,-0.6035559419516516,-0.1564344652122899,-0.9876883405678862,1.0,4.0,1.0
1637940706.0,3.0,1.249475,520.0,3072.0,1168.0768,66939.793,66919.872,67123.814,67173.595,67255.294,67279.63,67290.41,67300.23,67309.046,0.268480909829407,-0.798022383106184,-0.6026278089015864,-0.1839513505713232,-0.9829353491573014,0.0,0.0,0.0
1637940722.0,2.9666974684477205,0.8390496388305195,365.25648016926806,2145.262572493092,881.2725965861939,24137.861807873964,29433.482369638987,27235.126887889113,31268.394052491305,29412.369516627525,29247.459671255972,26798.256369444323,24000.456884414896,33455.129985182946,0.2688870836718115,-0.7987230320491145,-0.6016988599575946,-0.2113247966579349,-0.9774158942423038,1.0,1.0,4.0
1637940738.0,2.9678920824576998,0.837524456188877,361.9573911378782,2160.317790681834,889.0886716983026,24268.63004848554,29395.351086151353,27569.93359172564,31307.91853510737,29851.00154334274,28621.156256948263,27619.201760866235,24752.76399330365,33246.49697042399,0.269293257514216,-0.7994225996193246,-0.6007690964238099,-0.2385334575697503,-0.971134279911805,1.0,2.0,3.0
1637940754.0,2.9677870458544255,0.8386750916085708,357.4491429349158,2158.587258437925,895.5377997806402,24448.988673533328,29350.48894141501,27475.39936729568,31213.17920705875,29816.29168672605,28240.077673029376,27548.133718591933,24846.948486373047,33223.325575452516,0.2696994313566206,-0.8001210849046975,-0.599838519512485,-0.2655561177184317,-0.9640954041703106,1.0,3.0,2.0
1637940770.0,2.9574477128649757,0.8379247647896071,352.64748330292184,2174.0546975864463,895.1272661589055,24290.153971476095,29370.01274974337,26782.853858209244,30976.970691740415,29675.261309643698,27452.080575863773,27068.424433240412,25104.288068052185,33418.05129218672,0.2701056051990251,-0.800818486924643,-0.5989071305300392,-0.2923717043003065,-0.9563047560921852,1.0,4.0,1.0
1637940786.0,3.0,1.149678,530.0,3072.0,1199.08352,71015.303,71018.167,71244.248,71297.239,71393.447,71431.403,71453.377,71461.093,71477.474,0.2705117790414297,-0.8015148047698679,-0.5979749306908446,-0.3189593091157289,-0.9477684100709504,0.0,0.0,0.0
1637940802.0,2.9663419707905274,0.834370997991426,363.1707305391022,2143.818218790404,879.2285548422714,23961.752168310664,29226.963781656974,27027.12688415837,30997.86232761411,29167.6836567492,29071.288692743045,26516.124714483813,23806.170009586658,33193.27178422073,0.2709179528838343,-0.8022100374628252,-0.5970419213035988,-0.3452981986149639,-0.9384930229006824,1.0,1.0,4.0
1637940818.0,2.967535077857042,0.8343203758156426,360.0967635213758,2159.115686785385,887.4337582045242,24098.753157596395,29152.43904546339,27375.05211893651,31046.5072740626,29610.248254145605,28437.620310320664,27420.382929569576,24604.62599631909,32982.79735051276,0.2713241267262388,-0.8029041840883754,-0.5961081035964703,-0.3713678354022645,-0.9284858269400974,1.0,2.0,3.0
1637940834.0,2.967607362674422,0.8342663883079483,354.93808268260074,2158.301930233795,893.009985936086,24216.589060593353,29016.067978509738,27216.15826804107,30860.217133110244,29519.8845384175,27997.06840140247,27274.245768249275,24632.49036963861,32874.65054301794,0.2717303005686434,-0.803597243698043,-0.5951734788453767,-0.3971478902899924,-0.9177546258331843,1.0,3.0,2.0
1637940850.0,2.956862252110003,0.8310453390780372,348.7159773157216,2176.9728298639766,890.5462490713879,23933.04333958565,28809.702112722567,26424.11429857408,30441.49301609405,29285.311710476635,27115.159601344036,26616.3622167643,24716.469384997385,32910.310376864356,0.2721364744110479,-0.8042892153535257,-0.5942380483156644,-0.4226182616261922,-0.9063077870900456,1.0,4.0,1.0
1637940866.0,3.0,1.135686,540.0,3072.0,1228.701696,75118.739,75126.001,75335.267,75402.245,75470.923,75513.477,75525.118,75528.622,75534.343,0.2725426482534525,-0.8049800981093606,-0.5933018132854847,-0.4477590875323751,-0.8941542369927992,0.0,0.0,0.0
1637940882.0,2.974117702132282,0.8105790019645401,352.39476437492215,2138.078892663669,870.6933983796363,22692.874781534116,27690.285373411287,25979.34445578519,29401.993807039125,28241.730986644576,28223.10493248598,25351.05637197094,22819.270706943324,31674.655063982784,0.272948822095857,-0.8056698910560935,-0.5923647749872222,-0.4725507647868088,-0.8813034521090917,1.0,1.0,50.0
1637940898.0,2.9771566298802457,0.810405545174016,348.7180951754344,2153.7663284572104,877.7114277254211,22693.992611459373,27403.086359478868,26293.659169209437,29342.705228608356,28639.17437961205,27531.772577412623,26278.444650839854,23536.5003575441,31290.65477584192,0.2733549959382615,-0.8063585932253374,-0.591426934736367,-0.4969739607588591,-0.8677654535228122,1.0,2.0,49.0
1637940914.0,2.978635346796061,0.8066349040637586,342.6767662443897,2155.58521553806,880.4260569505318,22630.09338809562,27093.587441837557,26076.11616934072,29035.90800751367,28512.690924356997,27053.473194451184,26097.947778221278,23444.182161169418,30956.26127327772,0.2737611697806661,-0.8070462037191423,-0.5904882937557024,-0.5210096317891075,-0.8535507973067441,1.0,3.0,48.0
1637940930.0,2.979577569806982,0.803459239415601,338.1948294426627,2156.2723841718257,881.6567373847575,22567.120454653403,26856.05393199554,25928.896550774087,28751.305522316994,28333.396894489964,26706.561771338704,25972.51835696058,23390.554469421997,30677.167341385597,0.2741673436230706,-0.8077327215807638,-0.5895488533512149,-0.5446390351735713,-0.8386705678424642,1.0,4.0,47.0
1637940946.0,2.980086899073098,0.7996928405195127,334.24592741127134,2157.210642908754,881.9139229244176,22481.086351116806,26621.481262124587,25776.17278308852,28429.176476363173,28123.2636874271,26394.54570833503,25803.528605911888,23325.68068315442,30390.473528999326,0.2745735174654752,-0.808418145889363,-0.5886086147830362,-0.5678437450306485,-0.823136368549931,1.0,5.0,46.0
1637940962.0,2.9802371043239164,0.7957645975979444,330.73258311365265,2158.37284513833,881.6638867788688,22387.736774383404,26393.04827081261,25614.673264293677,28098.20514257832,27895.880148285843,26105.318072820526,25620.351755090353,23252.926702213706,30104.372043838917,0.2749796913078797,-0.8091024757169745,-0.5876675793241131,-0.5906056677991228,-0.8069603120126492,1.0,6.0,45.0
1637940978.0,2.9801199813290498,0.7917491641404641,327.5628592423616,2159.8409601472667,881.0677471800726,22287.013831333104,26169.116889356817,25443.08218769783,27767.21773640228,27658.55687273604,25830.01415287913,25428.473491332963,23172.680280244364,29816.875243916336,0.2753858651502843,-0.809785710128577,-0.5867257482602551,-0.6129070536575163,-0.7901550123721689,1.0,7.0,44.0
1637940994.0,2.979812780769285,0.7876895073777348,324.67055649685574,2161.6981926176727,880.223690567515,22177.51946470401,25947.466487778896,25262.733892481323,27440.04443228982,27415.071703308062,25566.399813236094,25231.63847565546,23086.29793558739,29526.15905877872,0.2757920389926889,-0.810467848224784,-0.5857831228312134,-0.6347305133993822,-0.7727335733354392,1.0,8.0,43.0
1637941010.0,2.9793618609843757,0.783569902677906,321.97593607170387,2163.941044936609,879.1887515537987,22058.76343062809,25725.131299585373,25071.927713938836,27116.347710025908,27165.162221058123,25307.86181532873,25030.243718926373,22993.60747093739,29230.02642530588,0.2761982128350934,-0.8111488890479551,-0.5848397043603215,-0.6560590286683269,-0.7547095805028392,1.0,9.0,42.0
1637941026.0,2.9787981936281693,0.7793557842903317,319.4068705088269,2166.563227818425,877.9977887865592,21930.051011664174,25499.104914472846,24869.142134755002,26794.072776213576,26907.38264614498,25049.032785387244,24823.352126849168,22893.9721279133,28926.18114611389,0.276604386677498,-0.8118288317101292,-0.5838954940776361,-0.6768759695519657,-0.7360970872399146,1.0,10.0,41.0
1637941042.0,2.9781410517144558,0.775004137585308,316.8982980480522,2169.560617930436,876.6695961820528,21790.596339501186,25266.640180379967,24653.124976449,26470.27220157581,26639.806922547243,24785.573250017682,24609.100039980178,22786.33270726256,28612.448463291894,0.2770105605199025,-0.8125076752567478,-0.582950493308716,-0.6971651025721944,-0.7169106079250757,1.0,11.0,40.0
1637941058.0,2.977401323130083,0.7704693883849174,314.3926480487152,2172.9327660379527,875.211312431705,21639.60923463824,25025.38776193036,24422.937877347234,26141.63012817598,26360.417395178258,24514.00320915241,24385.16361311084,22669.38224382558,28286.88410609225,0.277416734362307,-0.8131854188027149,-0.5820047032856807,-0.7169106075497224,-0.6971651029581788,1.0,12.0,39.0
1637941074.0,2.9765842557395747,0.7657069578911035,311.84044212887943,2176.6852233982077,873.62161575382,21476.34447712516,24773.424467936493,24177.927258351196,25804.801025970628,26067.3375210249,24231.52875526382,24149.137245284284,22541.758025113686,27947.80155285304,0.2778229082047116,-0.8138620613965594,-0.5810581253363066,-0.7360970868754849,-0.67687596994828,1.0,13.0,38.0
1637941090.0,2.9756915635809653,0.760674897952585,309.20093229773875,2180.8306006706953,871.8933299975722,21300.14553434469,24509.239087647748,23917.686640210566,25456.671178250814,25758.957508406056,23935.941760195114,23898.822202361273,22402.178481972755,27593.762117571707,0.2782290820471161,-0.814537602147613,-0.5801107607066232,-0.7547095801496173,-0.6560590290746622,1.0,14.0,37.0
1637941106.0,2.9747230483722196,0.7553361543690633,306.4423136664185,2185.387348565872,870.0156936123944,21110.50122236407,24231.733622381005,23642.068998515664,25094.55340484304,25434.03829428998,23625.556715016734,23632.43472256123,22249.543533775573,27223.60964689735,0.2786352558895207,-0.8152120401328221,-0.5791626106910579,-0.7727335732892701,-0.6347305134555895,1.0,15.0,36.0
1637941122.0,2.9736777275156983,0.7496606998480677,303.5420666349157,2190.3759072621033,867.9766821307957,20907.129774136025,23940.239912533805,23351.24112566403,24716.39291235034,25091.829756601503,23299.24540618363,23348.75961817114,22083.006440534853,26836.552305898327,0.2790414297319252,-0.8158853744390957,-0.5782136765732687,-0.7901550123275871,-0.6129070537149908,1.0,16.0,35.0
1637941138.0,2.9725548651647387,0.7436285201445377,300.4868644091425,2195.8131230602407,865.7649346518042,20690.055209146547,23634.55781813307,23045.75281881794,24320.921218206357,24732.183356315843,22956.492645073682,23047.254328316078,21902.01468427792,26432.265429860887,0.2794476035743298,-0.8165576041464363,-0.5772639596498571,-0.8069603119696895,-0.5906056678578198,1.0,17.0,34.0
1637941154.0,2.9713548843210154,0.7372324935525636,297.2726284906999,2201.7058467892966,863.3717980539545,20459.682779236315,23314.990320307283,22726.60853886037,23907.818729093917,24355.651163475115,22597.48481603215,22728.12571981366,21706.349611591817,26011.02039883202,0.2798537774167343,-0.8172287283699431,-0.5763134611709548,-0.823136368508627,-0.567843745090522,1.0,18.0,33.0
1637941170.0,2.9700803097757724,0.730480831955998,293.90413100016355,2208.045358483069,860.7930180196432,20216.830994582,22982.365074822068,22395.277912138576,23477.781503185408,23963.53289454619,22223.148267831486,22392.3635327074,21496.159882020766,25573.739161464535,0.2802599512591389,-0.8178987461841831,-0.5753621824471445,-0.8386705680564654,-0.5446390348440383,1.0,19.0,32.0
1637941186.0,2.968736424643672,0.7233982776542407,290.39444902763773,2214.8036291057606,858.0300340601096,19962.722077490307,22638.00238968449,22053.653105740243,23032.518777467187,23557.84001548971,21835.133833243992,22041.695166860503,21271.982528168253,25122.00662680001,0.2806661251015435,-0.8185676566653317,-0.574410124790143,-0.8535507972688468,-0.5210096318511933,1.0,20.0,31.0
1637941202.0,2.9673316581143303,0.71602521463022,286.763586636698,2221.932847251146,855.0906377306128,19698.917910435317,22283.640095676237,21703.94381005801,22574.636133818985,23141.185575316675,21435.720231175164,21678.504545569303,21034.731186816458,24658.003748640775,0.281072298943948,-0.8192354589412437,-0.5734572894412711,-0.8677654534866632,-0.4969739608219788,1.0,21.0,30.0
1637941218.0,2.9658773254825377,0.7084151090021793,283.036745433097,2229.3683391680534,851.9888067388011,19427.209484834464,21921.293140464804,21348.51291739041,22107.398122159408,22716.575013628582,21027.625205450066,21305.6413521506,20785.662031114032,24184.343954014737,0.2814784727863526,-0.8199021520744044,-0.572503677738196,-0.8813034520747192,-0.4725507648509133,1.0,22.0,29.0
1637941234.0,2.9643868834890603,0.7006296980210157,279.2419801218076,2237.0342403483164,848.7435383519613,19149.476479438094,21553.09409244034,20989.692741429768,21634.419794168807,22287.170354915546,20613.75907640995,20926.199917804308,20526.296343730144,23703.866200399818,0.2818846466287571,-0.8205677351872427,-0.5715492909362053,-0.8941542369602299,-0.4477590875974143,1.0,23.0,28.0
1637941250.0,2.962874692159491,0.6927335865796063,275.40781707088274,2244.850956031437,845.377019237747,18867.540679876463,21181.102237972074,20629.615444991337,21159.32361955425,21856.025932874712,20196.97333877217,20543.256612240184,20258.30313775604,23219.40324938246,0.2822908204711616,-0.8212322073703106,-0.570594130339322,-0.906307786862508,-0.4226182621141479,1.0,24.0,27.0
1637941266.0,2.961354640048806,0.6847885356283687,271.5608636270199,2252.7424692903364,841.9122280625606,18583.03602708164,20807.142853614543,20270.087019090755,20685.41371104342,21425.868057523494,19779.820715006266,20159.628292603382,19983.37682228843,22733.557375385895,0.2826969943135662,-0.821895567724009,-0.5696381972406951,-0.91775462561936,-0.3971478907841111,1.0,25.0,26.0
1637941282.0,2.9598389986118296,0.6768488466936439,267.7241018050064,2260.642213170509,838.3708056570802,18297.312539343522,20432.69266446148,19912.51006424143,20215.439065699004,20998.936883029433,19364.388895544267,19777.681540061807,19703.1071253283,22248.540511669875,0.2831031681559707,-0.8225578153419687,-0.5686814929464892,-0.9284858267401532,-0.3713678359021609,1.0,26.0,25.0
1637941298.0,2.9583376907628414,0.6689582039165894,263.91566288854074,2268.4964078619996,834.7711927489308,18011.390120990603,20058.81487563144,19557.863713591905,19751.439022695668,20576.90068831465,18952.21849251576,19399.215600439267,19418.876270929508,21766.062104694807,0.2835093419983753,-0.8232189493524288,-0.5677240187160337,-0.938493022714774,-0.3452981991202481,1.0,27.0,24.0
1637941314.0,2.956858037515195,0.661148198758029,260.1484621225526,2276.264991256974,831.1276292615632,17725.955636939772,19686.161635529035,19206.732049408398,19294.714209382164,20160.849687929807,18544.29746679404,19025.423983788245,19131.787436793107,21287.309906858158,0.2839155158407798,-0.8238789688272358,-0.5667657758935085,-0.9477684098992228,-0.318959309626007,1.0,28.0,23.0
1637941330.0,2.9554050223573674,0.6534385610687773,256.4303050686037,2283.9201669590284,827.4497636662219,17441.39817206997,19315.020221992556,18859.363715913172,18845.870431272644,19751.34492614977,18141.12614579097,18656.929768008486,18842.629757332994,20812.981575541005,0.2843216896831844,-0.824537872905837,-0.5658067657282987,-0.9563047559347726,-0.2923717048151806,1.0,29.0,22.0
1637941346.0,2.9539817671298403,0.6458383144412637,252.7645766029161,2291.4436206325227,823.7430222246048,17157.87154347421,18945.390327114354,18515.752226735207,18404.93426962946,19348.508638213687,17742.822335558656,18293.86147065883,18551.88265957927,20343.36893723225,0.2847278635255889,-0.8251956606632097,-0.5648469895667401,-0.9640954041509944,-0.2655561177885582,1.0,30.0,21.0
1637941362.0,2.9525902546529634,0.6383477491946145,249.1510177732106,2298.822789750251,820.0092136906115,16875.37051613633,18577.074274182545,18175.71966998379,17971.49216946387,18952.130703292747,17349.245319012516,17935.964224387648,18259.742498013267,19878.46455686211,0.2851340373679935,-0.8258523312417109,-0.563886448660217,-0.9711342798944546,-0.2385334576403889,1.0,31.0,20.0
1637941378.0,2.9512319103542533,0.6309606856788597,245.58670611804945,2306.047301804118,816.2474711466926,16593.805478897015,18209.765387176838,17838.992537014437,17544.834472887873,18561.773859632736,16960.117067677398,17582.712191086706,17966.16777184555,19418.07512261628,0.2855402112103981,-0.8265078837194533,-0.5629251443572144,-0.9774158942269324,-0.2113247967290304,1.0,32.0,19.0
1637941394.0,2.9499082632085125,0.6236664176356145,242.0668741410049,2313.105183887447,812.4550600566275,16313.07176992546,17843.117885805266,17505.265813952006,17124.08585275041,18176.86437525042,16575.126115355073,17233.418188917276,17670.922793757058,18961.917482253953,0.2859463850528026,-0.8271623172335308,-0.5619630779231458,-0.9829353491439212,-0.1839513506428202,1.0,33.0,18.0
1637941410.0,2.9486214128021766,0.6164515192865168,238.58553125854434,2319.9797681899554,808.6280953454723,16033.10119928666,17476.793841420968,17174.241591041995,16708.304760557865,17796.76229451402,16194.00716622188,16887.319473909636,17373.616093614677,18509.69268401103,0.2863525588952071,-0.8278156308978935,-0.5610002506604812,-0.987688340629353,-0.1564344648242044,1.0,34.0,17.0
1637941426.0,2.947374386240979,0.6093008273821079,235.1358221714883,2326.646832137634,804.7618383990912,15753.8916306321,17110.47687891264,16845.649680044124,16296.54902964774,17420.797799258646,15816.590051680207,16543.642153582954,17073.71551670622,18061.115716879252,0.2867587327376117,-0.8284678238035581,-0.5600366639088878,-0.9916711623833996,-0.1287955965751828,1.0,35.0,16.0
1637941442.0,2.946171553440654,0.6021978722368619,231.7100661702669,2333.071778141488,800.8506221453556,15475.506480793802,16743.848544792334,16519.226842401345,15887.89673838874,17048.276237451195,15442.813624042032,16201.635019579722,16770.540558482648,17615.90156985036,0.2871649065800162,-0.8291188951001767,-0.5590723189247185,-0.9948807088542284,-0.1010562969324932,1.0,36.0,15.0
1637941458.0,2.94501900606594,0.595124101569889,228.299377954797,2339.206776871028,796.8871045418101,15198.040692179153,16376.522722865828,16194.669068081654,15481.425501522901,16678.447332288353,15072.710856617607,15860.565444394315,16463.208940034394,17173.694985996393,0.2875710804224208,-0.8297688438737227,-0.5581072170617986,-0.9973144772270524,-0.0732381970923043,1.0,37.0,14.0
1637941474.0,2.943925270244337,0.5880568616020335,224.89280754298264,2344.9869235651677,792.8608196995825,14921.533912337156,16007.936711901093,15871.529144969138,15076.140839845239,16310.437256538378,14706.353152878066,15519.673703445453,16150.535488630541,16733.932991127396,0.2879772542648253,-0.830417669276774,-0.5571413595784561,-0.9989705698036324,-0.0453629878447825,1.0,38.0,13.0
1637941490.0,2.942902464312876,0.5809653881338588,221.47591545516076,2350.3253919631493,788.7557724547519,14645.81908266328,15637.20000448327,15549.054847072744,14670.850382834215,15943.1359904473,14343.760134265076,15178.063812571392,15830.871206019528,16295.63252961081,0.2883834281072299,-0.8310653703984567,-0.5561747478306398,-0.9998476951494588,-0.0174524068344393,1.0,39.0,12.0
1637941506.0,2.9419684248421603,0.573804037370106,218.02847855875183,2355.107450107406,784.5469091577072,14370.261457445835,15262.903961597936,15225.927703655503,14263.963659201847,15575.026424496347,13984.757413764568,14834.5047129148,15501.86715526243,15857.069517192593,0.2887896019496344,-0.8317119463862003,-0.5552073830907496,-0.9999451693670608,0.0104717839683795,1.0,40.0,11.0
1637941522.0,2.941150328588204,0.5665013271132934,214.52086415833102,2359.184461481118,780.1956285653742,14093.338031904426,14882.895885392274,14899.859068201396,13853.172349034337,15203.91575133213,13628.750929977099,14487.078318620053,15160.162275690089,15415.299550066631,0.289195775792039,-0.8323573963565266,-0.5542392666805411,-0.9992629164246016,0.0383878087235946,1.0,41.0,10.0
1637941538.0,2.9404907070474877,0.5589429560572796,210.90809085574062,2362.3720864399784,775.6449181394395,13811.96515055309,14494.018837210047,14566.956886444968,13434.895322669272,14826.478244080967,13274.343264726042,14132.554890529156,14800.997255222399,14965.406691756638,0.2896019496344435,-0.8330017194355904,-0.5532703999107037,-0.9978014682996617,0.0662739002854008,1.0,42.0,9.0
1637941554.0,2.9400571898158394,0.5509460090810318,207.11972189695717,2364.45982844934,770.8165820507293,13520.466670114338,14091.77105324125,14220.736177307284,13003.253021232715,14437.413922028814,12918.638030054746,13765.303114378505,14417.774087755108,14499.28001689401,0.290008123476848,-0.8336449147430343,-0.5523007841050736,-0.995561964634246,0.0941083129888128,1.0,43.0,8.0
1637941570.0,2.9399567445432395,0.542219472366256,203.0419124961036,2365.2393148117703,765.6143262283898,13208.996910895261,13669.706794721911,13850.5086368539,12548.130192602803,14027.835200192687,12555.826660014025,13375.340427495052,14001.53913282287,14003.58484400007,0.2904142973192526,-0.8342869814321763,-0.5513304205399767,-0.9925461516512946,0.1218693433239281,1.0,44.0,7.0
1637941586.0,2.9403525815788605,0.5322991137805592,198.4848483203834,2364.5400850287997,759.9343158905072,12860.85971261968,13217.965011224262,13438.415895742273,12051.615393134127,13582.154687295108,12174.00160988846,12944.724075419514,13540.093248858764,13456.439143121137,0.2908204711616572,-0.8349279186016312,-0.5503593105776879,-0.9887563810915896,0.1495353431489131,1.0,45.0,6.0
1637941602.0,2.941473573469291,0.5204305301874522,193.12455347954955,2362.2086352059705,753.6738146182967,12447.143774613309,12719.592461443493,12953.100365484595,11481.86797953806,13072.158323947026,11747.636274199729,12440.505098032681,13015.730619585243,12822.236674872132,0.2912266450040617,-0.8355677254157264,-0.5493874554843687,-0.9841956079778847,0.1770847402715479,1.0,46.0,5.0
1637941618.0,2.9436085025763896,0.5053798356766122,186.40988388427024,2357.9351718981898,746.7372139817137,11916.63955273002,12143.410416649325,12336.452810275929,10783.769849813643,12446.13905670809,11221.715381415946,11802.023672081807,12400.103883017766,12044.502662863773,0.2916328188464663,-0.8362064009762495,-0.5484148566243878,-0.9788673888159024,0.204496051582267,1.0,47.0,4.0
1637941634.0,2.947139388982647,0.4852767648133069,177.45576029654654,2351.0033542940514,739.1122139191078,11185.432201159274,11437.880062603268,11481.838526119336,9869.545657564973,11611.904592563833,10487.962011283242,10925.065373622145,11647.349866374203,11038.825210903175,0.2920389926888708,-0.8368439444504765,-0.5474415152658482,-0.9727758782130546,0.2317479034788028,1.0,48.0,3.0
1637941650.0,2.9523162795528424,0.45779012018864007,165.09195424550913,2341.5927378889724,731.0212028629475,10120.754934877677,10531.556355436052,10211.594884273572,8627.008875935902,10426.8361152356,9359.976338114795,9644.848085513446,10668.543217669285,9706.769881191096,0.2924451665312754,-0.8374803549513244,-0.546467432763018,-0.9659258262286192,0.2588190453281202,1.0,49.0,2.0
1637941666.0,2.966558781179994,0.4147722436506377,142.97596373892452,2326.9878935204133,722.7097913982053,8252.141776962697,8718.48710761989,7856.166854404725,6279.91060936995,8049.225790894624,7372.313616209676,7242.908795202375,8627.016562866036,7190.384144882593,0.2928513403736799,-0.8381156316172284,-0.5454926104346918,-0.9583225744602084,0.2856883674214934,1.0,50.0,1.0
1637941682.0,3.0,0.077526,20.0,2816.0,1550.344192,333.954,330.771,337.023,337.023,338.6,356.36,356.36,356.36,358.195,0.2932575142160845,-0.8387497736119296,-0.5445170495640489,-0.9499720514413902,0.3123349187654763,0.0,0.0,0.0
1637941698.0,3.0,0.084987,30.0,2816.0,1594.220544,464.579,468.417,476.537,477.751,481.909,482.064,482.384,482.384,485.303,0.293663688058489,-0.8393827800451684,-0.5435407515206605,-0.9408807690949372,0.3387379198544492,0.0,0.0,0.0
1637941714.0,3.0,0.0,50.0,2816.0,1700.749312,1335.713,1338.987,1345.975,1349.646,1356.296,1357.686,1362.902,1362.902,1364.167,0.2940698619008935,-0.8400146500916124,-0.5425637175774528,-0.9310558159231191,0.3648767841830099,0.0,0.0,0.0
1637941730.0,3.0,0.0,60.0,2816.0,1750.966272,999.3,1001.276,1017.174,1020.387,1023.641,1033.811,1035.254,1035.372,1036.038,0.2944760357432981,-0.8406453828641914,-0.5415859491060648,-0.9205048536018472,0.3907311281372931,0.0,0.0,0.0
1637941746.0,3.0,0.364302,80.0,2816.0,1826.127872,1113.923,1121.44,1144.035,1144.751,1154.028,1155.557,1161.88,1162.388,1163.876,0.2948822095857026,-0.8412749775405375,-0.5406074473813398,-0.9092361091024488,0.4162807921394401,0.0,0.0,0.0
1637941762.0,3.0,0.341496,90.0,2816.0,1830.006784,1279.967,1277.698,1316.065,1317.977,1336.587,1336.984,1338.596,1338.808,1345.879,0.2952883834281072,-0.8419034332367749,-0.5396282137769776,-0.8972583698285708,0.4415058524782833,0.0,0.0,0.0
1637941778.0,3.0,0.378828,100.0,2816.0,1830.006784,2052.388,2055.587,2105.934,2108.329,2125.778,2134.052,2135.826,2137.101,2137.853,0.2956945572705118,-0.8425307491335046,-0.5386482495697315,-0.8845809752617289,0.4663866402514213,0.0,0.0,0.0
1637941794.0,3.0,0.390829,110.0,2816.0,432.463872,2277.743,2287.271,2320.176,2321.468,2324.739,2339.661,2354.018,2354.901,2355.779,0.2961007311129163,-0.8431569243500497,-0.5376675561353544,-0.8712138112754784,0.4909037533395474,0.0,0.0,0.0
1637941810.0,3.0,0.479693,130.0,2816.0,444.895232,2534.786,2528.797,2590.818,2603.84,2619.999,2623.691,2628.518,2633.953,2635.759,0.2965069049553209,-0.843781958062175,-0.5366861347647821,-0.8571673007366151,0.5150380748526319,0.0,0.0,0.0
1637941826.0,3.0,0.479693,140.0,2816.0,451.989504,1968.552,1978.738,2020.93,2025.019,2039.747,2048.175,2073.402,2073.586,2074.354,0.2969130787977254,-0.8444058494158372,-0.535703986798977,-0.8424523971597868,0.5387707847681877,0.0,0.0,0.0
1637941842.0,3.0,0.520976,150.0,2816.0,458.30144,6977.978,7003.961,7040.513,7043.146,7058.825,7065.388,7070.081,7070.438,7077.283,0.29731925264013,-0.8450285975663775,-0.5347211135676252,-0.8270805742936548,0.5620833778240362,0.0,0.0,0.0
1637941858.0,3.0,0.642297,160.0,2816.0,467.427328,3180.691,3186.601,3257.52,3264.008,3298.397,3299.806,3313.773,3314.583,3318.88,0.2977254264825345,-0.8456502016629186,-0.5337375164137005,-0.8110638191357343,0.5849576747842162,0.0,0.0,0.0
1637941874.0,3.0,0.38686,170.0,2816.0,475.734016,3188.111,3181.826,3264.993,3270.854,3306.374,3312.393,3324.789,3325.817,3328.565,0.2981316003249391,-0.846270660887199,-0.5327531966319332,-0.7944146205359925,0.6073758397225354,0.0,0.0,0.0
1637941890.0,3.0,0.534789,180.0,2816.0,535.445504,7629.111,7631.408,7698.288,7702.023,7721.535,7728.539,7731.787,7732.678,7735.405,0.2985377741673436,-0.8468899743836449,-0.5317681555795433,-0.7771459613006501,0.6293203912428775,0.0,0.0,0.0
1637941906.0,3.0,0.524313,190.0,2816.0,538.370048,8941.239,8953.743,9016.356,9042.759,9065.529,9073.265,9078.217,9079.271,9080.964,0.2989439480097481,-0.8475081412983473,-0.5307823946147994,-0.759271307314006,0.650774217290206,0.0,0.0,0.0
1637941922.0,2.95999870818152,0.5310526138004514,205.9024583282686,2322.3941920610127,677.5352102216668,9663.412219689231,10292.041151952833,11337.478161671335,10762.25819054128,12030.4002977316,10449.753839722145,10899.120620459893,12147.918761327035,11532.224186413183,0.2993501218521527,-0.8481251608176127,-0.5297959150353073,-0.7408045960977153,0.6717205895314665,1.0,1.0,12.0
1637941938.0,2.9578346536466325,0.5457830181790825,209.27424561098712,2353.0853755804155,709.3316268024705,11156.38309638263,11666.134775385372,12825.543717339488,11277.90129911925,13225.627606529937,11378.762149592776,12014.810658779978,13494.670479976381,12757.3024929426,0.2997562956945572,-0.8487410320983478,-0.5288087181889414,-0.7217602283756084,0.6921431735812972,1.0,2.0,11.0
1637941954.0,2.9545175934852166,0.5475603637188228,206.90715733478402,2370.083324224651,725.7985865187184,11778.31903142508,12181.603897482442,13239.531096537285,11490.181114797542,13536.628095111033,11580.086964893511,12402.857504994072,13784.36952794336,13112.453161361573,0.3001624695369618,-0.8493557543067524,-0.5278208054122229,-0.7021530531028349,0.7120260458848169,1.0,3.0,10.0
1637941970.0,2.950613393780933,0.5430292079582277,203.25314992784539,2380.0663217783153,735.3363705866536,12048.209674643347,12367.962539929338,13317.525229314919,11495.96408478211,13523.725159886173,11553.13801775053,12490.538996616004,13751.160844009166,13118.46813281414,0.3005686433793664,-0.8499693266029151,-0.5268321780550113,-0.6819983603312998,0.7313537013685093,1.0,4.0,9.0
1637941986.0,2.9466988393481617,0.5357821493598143,199.39873599945386,2384.831562701645,740.3578513567325,12116.413928958913,12362.86666830692,13202.383649731042,11391.765536348259,13324.108979962555,11435.654887353316,12416.734614221368,13542.805511272298,12935.163922441356,0.3009748172217709,-0.8505817481791472,-0.5258428374186587,-0.6613118654123131,0.7501110695522942,1.0,5.0,8.0
1637942002.0,2.943563028794825,0.5270684044612273,195.4044040275638,2386.7720720525917,741.6968724035921,12049.29116739748,12221.135544966379,12963.069917735545,11184.197403964718,13022.61746461813,11261.907834154401,12229.793282808749,13231.262182111894,12633.652635571347,0.3013809910641755,-0.8511930181756818,-0.5248527848920813,-0.6401096997419592,0.768283523379396,1.0,6.0,7.0
1637942018.0,2.941571873991214,0.5171423757652513,191.10442050729768,2387.4064716544535,740.0149640605666,11877.016639098407,11970.511033438634,12629.570680970874,10869.273116447037,12654.24532499524,11034.029751433674,11946.162153101444,12846.189364721768,12236.42040157747,0.30178716490658,-0.8518031357955272,-0.5238620217661388,-0.6184083954244894,0.785856893122729,1.0,7.0,6.0
1637942034.0,2.9408112696132696,0.5055950865715344,186.20190127459253,2387.439502437194,735.78770284664,11603.849183694285,11620.174324058264,12198.714412885218,10434.067998601493,12212.00937019117,10738.737503701657,11560.37845464645,12384.72722112001,11730.308076331654,0.3021933387489846,-0.8524121001821511,-0.5228705494317445,-0.5962248752076607,0.8028174750113561,1.0,8.0,5.0
1637942050.0,2.9413544059663312,0.4913868626153539,180.20112149599652,2387.1791749457316,729.1255592089192,11205.564225730504,11152.850565979097,11627.358406605075,9839.325234942253,11656.036155740134,10335.912015445523,11034.53941737266,11815.646097554845,11070.670234362959,0.3025995125913891,-0.8530199105415677,-0.521878369181609,-0.5735764363937668,0.8191520442590785,1.0,9.0,4.0
1637942066.0,2.943439576196778,0.4727246574246397,172.26015101308502,2386.6313372530763,719.6975044270998,10622.312596713004,10516.238565619009,10816.22937148657,9002.229975347187,10900.577197196619,9736.502437959436,10282.895958253765,11075.430584343992,10176.531840484613,0.3030056864337936,-0.8536265660204839,-0.5208854824086351,-0.5504807403091285,0.8348478631156181,1.0,10.0,3.0
1637942082.0,2.9472938308596106,0.4465124426649874,160.90145898583202,2386.3033116983365,706.4276617142988,9726.560064260248,9596.801687415204,9573.195747176365,7763.5264590173465,9778.605621946746,8742.937649965794,9131.75582231086,10029.284878596533,8919.229941525748,0.3034118602761982,-0.8542320658203589,-0.5198918904198083,-0.5269557955129358,0.8498926929767834,1.0,11.0,2.0
1637942098.0,2.9594699472759864,0.40314019904674014,139.65295861488272,2384.8452483155747,684.3851431843514,7903.516182471841,7704.243000442323,7186.401480325021,5231.6136206442225,7417.5023156476345,6723.946877629736,6719.964964332503,7860.390442795166,6399.246870621695,0.3038180341186027,-0.8548364091138395,-0.5188975945727214,-0.5030199468337277,0.8642748018352691,1.0,12.0,1.0
1637942114.0,3.0,0.116351,20.0,2560.0,678.801408,345.124,339.592,360.256,360.256,361.016,361.189,361.189,361.189,361.504,0.3042242079610073,-0.8554395950827326,-0.5179025962135066,-0.4786918579284092,0.877982975434631,0.0,0.0,0.0
1637942130.0,3.0,0.018223,30.0,2560.0,722.69824,447.802,448.48,456.8,457.924,459.665,460.658,460.974,460.974,464.236,0.3046303818034118,-0.8560416229179336,-0.5169068966767907,-0.453990499505003,0.891006524307874,0.0,0.0,0.0
1637942146.0,3.0,0.046967,50.0,2560.0,845.103104,780.508,787.733,798.267,799.066,801.661,803.377,815.72,815.72,816.303,0.3050365556458164,-0.8566424917818183,-0.5159104973479774,-0.4289351333607656,0.9033352928834244,0.0,0.0,0.0
1637942162.0,3.0,0.046967,60.0,2560.0,895.115264,916.302,925.165,933.895,935.06,947.508,948.309,948.423,949.071,950.263,0.3054427294882209,-0.857242200890956,-0.5149133995262015,-0.4035452960813266,0.914959667969378,0.0,0.0,0.0
1637942178.0,3.0,0.317442,80.0,2560.0,951.88992,1151.112,1163.129,1189.169,1190.308,1201.145,1203.498,1204.796,1204.804,1205.861,0.3058489033306255,-0.857840749403427,-0.5139156046112695,-0.377840787175597,0.9258705846642528,0.0,0.0,0.0
1637942194.0,2.949904240286338,0.4450289000808597,171.2915030192026,2342.797602372698,664.0863543862542,7898.588492536867,7535.093316604309,8875.375274080214,8476.714709564134,9630.504168372012,7797.3002650388735,8475.820163464741,9751.500273683929,8509.95475325462,0.3062550771730301,-0.8584381365388261,-0.5129171139041354,-0.351841648532363,0.9360595356909884,1.0,1.0,12.0
1637942210.0,2.949664578993919,0.4815162670978226,183.0726202003498,2355.4450259103187,693.9177578550475,9750.54321308637,9313.795144057454,10819.969536564078,9645.730192193254,11425.05518709236,9279.158599889262,10073.41667287127,11419.511151830533,10521.495533920337,0.3066612510154346,-0.8590343614584927,-0.5119179288065614,-0.3255681547906419,0.9455185754844886,1.0,2.0,11.0
1637942226.0,2.948282354928809,0.49901809044103834,186.7093737556435,2366.0813611157187,710.7672636696755,10604.470429806843,10241.184661068743,11600.194720291054,10127.697932211173,12088.011467950859,9920.08854117164,10812.228195681175,12093.234347986127,11286.788815418182,0.3070674248578391,-0.8596294233776167,-0.5109180506338235,-0.2990407923547159,0.9542403284853684,1.0,3.0,10.0
1637942242.0,2.946388393572426,0.5058333378510999,187.37415974636565,2373.434518742728,721.019114879842,11045.073410907979,10745.252886575887,11945.047268456667,10321.519842943533,12292.604478845535,10225.599728604046,11182.674329951027,12353.854350274358,11591.819678445616,0.3074735987002437,-0.8602233214756863,-0.5099174807646215,-0.2722802473481746,0.9622179934422432,1.0,4.0,9.0
1637942258.0,2.9442003766536238,0.5067792805122532,186.6228467011765,2377.7481223733103,726.9726497450872,11252.5614295054,10991.930329926725,12044.437313778822,10354.03552666221,12273.018989514996,10344.429965789008,11318.49354422183,12379.320969028584,11644.359599050764,0.3078797725426482,-0.8608160549709103,-0.5089162205160284,-0.2453073859469898,0.9694453498778848,1.0,5.0,8.0
1637942274.0,2.9422667126244577,0.5040990661898646,184.97631712987624,2380.106456084581,729.5154259443832,11305.596762529447,11057.871524536129,11987.862259156478,10265.327054323849,12130.03965664494,10344.677033409469,11292.87488501009,12260.744851534095,11536.720544863047,0.3082859463850528,-0.8614076230311615,-0.5079142712936942,-0.2181432416762947,0.9759167618762152,1.0,6.0,7.0
1637942290.0,2.941004863379586,0.4986483186724698,182.51938252808145,2381.2313317247,729.137803081469,11236.837596498919,10983.845598737005,11810.548658950835,10062.657910409327,11898.10618150073,10254.616860840604,11143.43745471487,12034.655364294065,11298.562248415881,0.3086921202274573,-0.8619980248851362,-0.5069116344039897,-0.1908089954131731,0.981627183440544,1.0,7.0,6.0
1637942306.0,2.9406826209243424,0.49038241176297137,179.07267220090256,2381.4521867288586,726.119993524493,11050.972658257328,10785.072427713414,11510.2281365553,9731.39232823189,11569.891876684833,10074.458124243054,10874.16963319241,11703.59520492941,10920.403136971458,0.3090982940698619,-0.8625872597039806,-0.5059083112544974,-0.1633259624918497,0.9865721615655444,1.0,8.0,5.0
1637942322.0,2.9415384172025294,0.4784898501800006,174.2044525848343,2380.845138299736,720.4163556698816,10724.837617097353,10447.277104861912,11045.023754068841,9227.694715322734,11106.861077323432,9770.591577412008,10450.949853729388,11241.28694075514,10359.86145401248,0.3095044679122664,-0.8631753267194331,-0.5049043031533796,-0.1357155724385559,0.9907478404708612,1.0,9.0,4.0
1637942338.0,2.9439269534384995,0.46132933548123545,167.11748359829556,2379.127064296408,711.5552168032943,10201.841024298843,9919.516001433203,10317.293079845786,8465.172878181787,10425.777774684004,9256.813531839318,9790.878716616295,10587.674903273291,9538.85254772942,0.309910641754671,-0.8637622251059176,-0.5038996115101441,-0.1079993559253431,0.9941509639484896,1.0,10.0,3.0
1637942354.0,2.9481211516344557,0.4359515808383143,156.38015218935666,2376.4917372889045,698.2965209377492,9361.128220182396,9088.614889169603,9134.493441160335,7281.895621045562,9360.994342889055,8336.372090462592,8723.426737545238,9608.007268041438,8333.982141274731,0.3103168155970755,-0.8643479540982189,-0.5028942376347371,-0.0801989243002202,0.9967788784585514,1.0,11.0,2.0
1637942370.0,2.961378336955107,0.39181955429242477,135.20790864051165,2369.436660916872,674.4848484458446,7556.364399006405,7250.617437936458,6733.593479473771,4759.155790860679,7019.813214376662,6366.31990270757,6349.834394863761,7436.924439866216,5791.367957136599,0.3107229894394801,-0.8649325128813465,-0.5018881829259972,-0.0523359559652517,0.9986295347691272,1.0,12.0,1.0
1637942386.0,3.0,0.057257,20.0,2304.0,554.012672,334.444,335.99,338.331,338.331,341.198,345.029,345.029,345.029,345.292,0.3111291632818846,-0.8655159006639369,-0.5008814487460024,-0.0244321780909177,0.999701489782692,0.0,0.0,0.0
1637942402.0,3.0,0.05228,30.0,2304.0,598.020096,461.139,463.566,469.283,469.654,476.739,477.072,478.84,478.84,478.936,0.3115353371242892,-0.8660981166780335,-0.4998740364199399,0.0034906517263175,0.9999939076567044,0.0,0.0,0.0
1637942418.0,3.0,0.063039,50.0,2304.0,720.330752,1182.895,1184.024,1192.918,1193.037,1202.827,1204.388,1206.612,1206.612,1216.076,0.3119415109666937,-0.8666791601062747,-0.4988659473620966,0.0314107587074263,0.9995065603773812,0.0,0.0,0.0
1637942434.0,3.0,0.053342,60.0,2304.0,770.41664,994.92,994.238,1006.11,1006.397,1011.641,1014.116,1024.014,1025.79,1026.254,0.3123476848090983,-0.867259030191079,-0.4978571828868487,0.0593063734546325,0.9982398279309735,0.0,0.0,0.0
1637942450.0,3.0,0.251371,70.0,2304.0,822.448128,1267.345,1264.335,1293.791,1300.007,1318.112,1321.86,1323.537,1324.174,1326.706,0.3127538586515028,-0.8678377261183778,-0.4968477444103811,0.0871557424110814,0.9961946981211922,0.0,0.0,0.0
1637942466.0,3.0,0.422716,90.0,2304.0,835.301376,1408.73,1408.431,1445.394,1447.712,1454.553,1458.848,1466.389,1467.337,1468.626,0.3131600324939074,-0.8684152471336506,-0.4958376332488293,0.1149371504049328,0.9933727656105708,0.0,0.0,0.0
1637942482.0,3.0,0.336332,100.0,2304.0,835.530752,1437.461,1447.774,1471.322,1472.923,1479.463,1487.923,1490.477,1490.605,1490.927,0.3135662063363119,-0.8689915924261266,-0.494826850820269,0.1426289334037884,0.989776230951268,0.0,0.0,0.0
1637942498.0,3.0,0.336332,110.0,2304.0,431.611904,1671.552,1677.373,1712.816,1715.665,1726.47,1729.257,1731.21,1731.245,1735.436,0.3139723801787165,-0.8695667612371639,-0.4938153984552417,0.1702094991113445,0.9854078984929364,0.0,0.0,0.0
1637942514.0,2.9538004404120812,0.4675137490546838,179.73014972595644,2310.288269800864,659.5245486197391,8082.4829091003,7985.402713709965,9379.053720683009,9041.946090319767,9952.904408192771,8302.672438562071,8734.137359931154,10349.44550600349,9149.220194229692,0.314378554021121,-0.8701407527808521,-0.4928032775357445,0.1976573401126715,0.9802711746754486,1.0,1.0,11.0
1637942530.0,2.952471496932876,0.49719178169194944,188.91739972726248,2339.8281159519834,693.6018145703713,9943.563802560246,9695.117216163339,11232.340265004943,9882.942613792182,11701.103824228881,9599.839986904764,10375.82808893639,11898.301733262684,10899.974043570754,0.3147847278635255,-0.8707135662800897,-0.4917904894320424,0.2249510543219657,0.9743700647902912,1.0,2.0,10.0
1637942546.0,2.9506906885243946,0.5089055185430033,190.0782388659335,2358.197063689017,710.5814436388981,10729.93652285559,10483.491355315036,11860.9894598413,10209.653527573435,12255.313756673198,10092.86187549042,11014.248817437787,12376.14275185614,11503.917636579852,0.3151909017059301,-0.8712852009522286,-0.4907770355279825,0.2520693580120298,0.967709170542164,1.0,3.0,9.0
1637942562.0,2.948456032366289,0.5110329178502577,188.9091363750643,2369.761900815435,720.2001614168172,11095.136794453061,10868.011972098484,12087.018795122072,10291.141169084462,12371.871401053277,10285.223523357166,11272.51522624239,12486.453708399446,11674.126520506848,0.3155970755483346,-0.8718556560447834,-0.489762917157598,0.2789911060493577,0.9602936856740004,1.0,4.0,8.0
1637942578.0,2.9459109822060907,0.5082633978097529,186.79270089980207,2375.62115254911,725.36811914469,11231.184086967849,11017.841066657733,12084.558916133115,10241.385373137073,12260.843121870828,10324.965495659817,11312.203925860125,12387.533170017143,11604.180481955991,0.3160032493907392,-0.8724249307569034,-0.4887481357445901,0.3056953047671839,0.9521293928050424,1.0,5.0,7.0
1637942594.0,2.943815250152586,0.5022992179554115,183.93891730584122,2377.731195851979,726.916669347035,11207.40202435142,10994.875158699946,11922.93831841265,10071.344419679572,12015.951783008217,10259.848626066841,11193.658090859593,12151.2685563901,11369.457187747497,0.3164094232331438,-0.8729930243463514,-0.4877326926120606,0.3321611319247993,0.9432226579331288,1.0,6.0,6.0
1637942610.0,2.9427692628481146,0.4934272195086997,180.15903250231554,2377.411765921697,725.2133957674907,11041.397197781887,10822.490289173911,11616.974035483936,9760.850548610786,11660.989313304119,10093.204921760433,10932.148084678302,11799.85009185944,10980.249252814416,0.3168155970755483,-0.8735599360297569,-0.4867165891601466,0.3583679498187568,0.9335804263922316,1.0,7.0,5.0
1637942626.0,2.94312049303529,0.4809730859377709,174.990698754915,2375.0843251173683,720.3896043067363,10716.484378928619,10495.549018924336,11135.846538778653,9266.782770701053,11165.54606090937,9793.635122343854,10502.30918641355,11316.32098745531,10401.769224831261,0.3172217709179529,-0.8741256650254682,-0.4856998267899455,0.3842953223006112,0.9232102172624984,1.0,8.0,4.0
1637942642.0,2.945194960442121,0.463357967036815,167.61415869412954,2370.411732832184,712.1818590566071,10179.786824963576,9971.187831776882,10387.163650676022,8505.225277031608,10448.256680434839,9275.939909435247,9825.805763258666,10644.563194357244,9557.607511251175,0.3176279447603574,-0.8746902105888179,-0.4846824068398701,0.4099230337141248,0.9121201162295504,1.0,9.0,3.0
1637942658.0,2.949197122487301,0.43763543176969033,156.57211906297482,2363.35555543406,699.5173281443288,9312.74620065712,9142.737664414457,9176.040809638816,7315.948690798621,9340.036724317062,8343.434880635446,8733.724245657668,9649.941647806509,8323.739093473554,0.318034118602762,-0.8752535719413725,-0.4836643307128081,0.4352310990517722,0.900318771557156,1.0,10.0,2.0
1637942674.0,2.962850158062376,0.3930664334648605,134.9045367970229,2347.7508008839936,675.7826775307499,7457.066612125274,7287.74309503625,6704.94163432389,4774.5865227425365,6942.655236864568,6351.503276085083,6319.927894399625,7438.98523279795,5717.108958523802,0.3184402924451665,-0.875815748341537,-0.4826455997488774,0.4601997846891177,0.8878153851855067,1.0,11.0,1.0
1637942690.0,3.0,0.004275,10.0,2048.0,507.662336,285.252,285.17,285.982,285.982,286.227,286.227,286.227,286.227,313.139,0.3188464662875711,-0.8763767390000827,-0.4816262153782546,0.484809619963814,0.8746197072960009,0.0,0.0,0.0
1637942706.0,3.0,0.041497,30.0,2048.0,616.153088,470.595,470.958,475.834,478.34,485.193,485.398,485.797,485.797,489.031,0.3192526401299756,-0.8769365431855736,-0.480606178930043,0.5090414156869502,0.8607420270414509,0.0,0.0,0.0
1637942722.0,3.0,0.041497,40.0,2048.0,649.576448,625.079,627.055,635.288,637.293,642.147,644.04,647.891,647.891,651.201,0.3196588139723801,-0.8774951601121114,-0.4795854918362522,0.5328762758253328,0.8461931662820988,0.0,0.0,0.0
1637942738.0,3.0,0.10729,60.0,2048.0,788.426752,912.505,914.202,935.962,937.473,943.296,952.769,953.156,961.336,962.412,0.3200649878147847,-0.8780525890513549,-0.478564155427684,0.5562956154665175,0.8309844692969469,0.0,0.0,0.0
1637942754.0,3.0,0.250322,70.0,2048.0,844.361728,1172.564,1180.578,1188.344,1192.274,1198.982,1202.516,1202.685,1203.231,1209.535,0.3204711616571892,-0.8786088292207404,-0.4775421711381729,0.5792811721332083,0.8151277958774172,0.0,0.0,0.0
1637942770.0,3.0,0.361771,90.0,2048.0,853.102592,2439.907,2442.543,2479.266,2487.136,2497.627,2503.653,2504.427,2507.739,2507.996,0.3208773354995938,-0.8791638798950254,-0.4765195403002119,0.6018150231459493,0.7986355100518888,0.0,0.0,0.0
1637942786.0,3.0,0.391688,100.0,2048.0,853.52448,1779.766,1785.025,1814.822,1817.172,1822.147,1825.581,1827.335,1827.577,1827.581,0.3212835093419984,-0.8797177402949853,-0.4754962643494528,0.6238795965343598,0.7815204725585405,0.0,0.0,0.0
1637942802.0,3.0,0.375684,110.0,2048.0,435.4048,1547.186,1550.734,1590.62,1593.874,1600.373,1604.549,1608.695,1609.084,1609.982,0.3216896831844029,-0.880270409691576,-0.4744723446328825,0.64545768774334,0.7637960286182568,0.0,0.0,0.0
1637942818.0,3.0,0.519861,120.0,2048.0,442.396672,1768.414,1771.731,1835.834,1837.078,1848.031,1852.312,1860.158,1860.277,1860.553,0.3220958570268075,-0.8808218873227395,-0.473447782562351,0.666532470107116,0.7454759998101257,0.0,0.0,0.0
1637942834.0,2.9565774794515165,0.4862523081755621,186.11074313605923,2286.2776383001365,664.7629888849166,8506.407744539756,8463.986038767296,9847.128167906458,9658.83413636566,10528.523455953167,8803.523088865717,9290.220759492448,10919.569414329875,9857.572303606803,0.322502030869212,-0.8813721724625236,-0.4724225794865138,0.6870875108468609,0.7265746709308444,1.0,1.0,12.0
1637942850.0,2.954681176163988,0.5118274146505494,194.53241690814968,2325.715597706507,698.9455157503452,10308.658757949881,10160.162457625836,11667.408041128576,10386.000421898127,12199.822052663843,10050.356956514852,10891.651737365477,12418.512270495434,11484.806719092348,0.3229082047116166,-0.8819212643521132,-0.4713967368189667,0.7071067814041597,0.7071067809689353,1.0,2.0,11.0
1637942866.0,2.9525745308875977,0.5215666259513204,195.17265907815,2348.9934682662783,716.1139508989862,11071.762755156458,10934.98188616955,12271.753730393972,10692.101893904877,12717.735855489282,10515.167933520188,11497.392463578639,12850.428639391075,12045.681741013159,0.3233143785540211,-0.8824691622344276,-0.4703702559742351,0.7265746707138468,0.6870875110763294,1.0,3.0,10.0
1637942882.0,2.9499620967809808,0.5226887330732147,193.75275552459962,2363.5686551232907,726.060454483414,11430.656064026882,11314.952859503277,12495.034697612999,10771.89729807408,12826.478799884148,10687.74745288858,11735.675166185272,12945.156049504256,12201.481149910629,0.3237205523964256,-0.8830158653951017,-0.4693431382906749,0.7454759995996199,0.6665324703425539,1.0,4.0,9.0
1637942898.0,2.946989745530927,0.5197364008564692,191.64643768482125,2371.2088075349075,731.7475780938433,11575.35529857473,11473.307301100685,12507.89593583766,10741.64998510456,12721.651096617577,10722.941275636644,11774.191723730179,12851.743037527878,12142.491925859895,0.3241267262388302,-0.8835613730666294,-0.4683153852102368,0.7637960284144069,0.6454576879845638,1.0,5.0,8.0
1637942914.0,2.944397047096181,0.5144063253725697,189.0749652529912,2374.1518422550175,734.04932980903,11578.725417225422,11474.491513926052,12384.283310144836,10615.832525095586,12501.269625213437,10671.703537986014,11679.262461151215,12641.596666990556,11948.681652092442,0.3245329000812347,-0.8841056845309619,-0.4672869980858009,0.7815204723615055,0.6238795967811813,1.0,6.0,7.0
1637942930.0,2.942727038688788,0.5071570271694692,185.9387733897948,2373.860220754212,733.4344498074064,11466.541791991025,11349.3227431275,12152.639557437862,10385.954677400121,12202.064063569196,10546.014233052083,11476.959100765147,12344.570871445274,11642.080750162986,0.3249390739236393,-0.8846487990443505,-0.4662579783225038,0.7986355098618222,0.601815023398176,1.0,7.0,6.0
1637942946.0,2.9422456275331825,0.4977087985813714,181.96542580082325,2370.8843176978344,730.2322276228351,11237.435620111824,11109.543046972156,11808.355956672758,10032.063495606953,11815.200981554653,10337.138065291416,11164.160678817703,11960.446068356927,11206.364594984332,0.3253452477660438,-0.8851907158714969,-0.4652283273134891,0.8151277956944674,0.5792811723906438,1.0,8.0,5.0
1637942962.0,2.943139167898275,0.4851043271021641,176.65946122905183,2365.084693847125,724.4870526446523,10862.06155648388,10741.043173172762,11306.714848318477,9508.259321316928,11296.538294479258,10006.038969888388,10701.60554560355,11461.705685797988,10592.037617231945,0.3257514216084484,-0.8857314342719692,-0.4641980464656441,0.8309844691212565,0.5562956157289609,1.0,9.0,4.0
1637942978.0,2.9456893403443742,0.4675994346710439,169.16461234566387,2355.642199828709,715.8461482950172,10277.97047722499,10194.858107544715,10544.691657160467,8725.822555151626,10554.60010066682,9461.46354293422,10000.675734565953,10788.284764048974,9714.504832119592,0.326157595450853,-0.8862709535339781,-0.4631671371351525,0.8461931661138047,0.5328762760925795,1.0,10.0,3.0
1637942994.0,2.950087433058359,0.4421613291991749,158.00984061420715,2342.176692847345,703.2141696015851,9363.160638228315,9362.40514072057,9317.050191270242,7522.215577664525,9415.475362617268,8505.303801930906,8887.828256902794,9806.05646816795,8446.644514483018,0.3265637692932575,-0.8868092729001028,-0.4621356007692882,0.8607420268806842,0.5090414159587916,1.0,11.0,2.0
1637943010.0,2.964411670946553,0.3983001170740149,136.28862748155427,2316.1637180494995,679.629982696259,7456.054714292108,7504.361669783137,6797.205011148781,4989.788422773265,6990.508940436945,6504.700681197772,6465.692199958847,7603.11218317802,5794.935551453027,0.3269699431356621,-0.8873463916684668,-0.4611034387129984,0.8746197071428872,0.4848096202400384,1.0,12.0,1.0
1637943026.0,3.0,0.023226,10.0,1792.0,518.443008,425.979,426.285,431.316,431.316,433.86,433.86,433.86,433.86,433.964,0.3273761169780666,-0.8878823090850193,-0.4600706524153157,0.8878153850401653,0.4601997849695096,0.0,0.0,0.0
1637943042.0,3.0,0.055005,30.0,1792.0,626.91328,461.391,460.297,466.856,466.908,472.735,476.639,477.05,477.05,478.239,0.3277822908204711,-0.8884170244510156,-0.459037243222817,0.9003187714197003,0.4352310993361129,0.0,0.0,0.0
1637943058.0,3.0,0.076968,40.0,1792.0,660.3776,635.119,631.939,646.877,647.076,651.393,654.333,654.418,654.418,658.243,0.3281884646628757,-0.8889505370157789,-0.4580032125862858,0.9121201161000876,0.4099230340021927,0.0,0.0,0.0
1637943074.0,3.0,0.012773,60.0,1792.0,798.961664,1259.537,1256.975,1293.791,1294.915,1298.972,1300.215,1300.379,1300.457,1300.895,0.3285946385052802,-0.8894828460770501,-0.456968561866865,0.9232102171411292,0.3842953225921816,0.0,0.0,0.0
1637943090.0,3.0,0.290628,70.0,1792.0,854.654976,3367.064,3379.776,3388.409,3394.704,3397.874,3398.764,3402.101,3404.508,3414.776,0.3290008123476848,-0.8900139509141148,-0.4559332924652987,0.9335804266128072,0.3583679492441378,0.0,0.0,0.0
1637943106.0,3.0,0.33542,80.0,1792.0,859.62752,1136.543,1141.574,1164.879,1168.552,1180.988,1189.65,1191.717,1194.075,1194.391,0.3294069861900893,-0.8905438507880301,-0.4548974058220456,0.9432226578282248,0.33216113222269,0.0,0.0,0.0
1637943122.0,3.0,0.477527,100.0,1792.0,428.58496,1373.566,1381.824,1405.816,1407.305,1421.132,1425.02,1429.132,1431.594,1434.31,0.3298131600324939,-0.8910725450078968,-0.4538609032877251,0.952129392708497,0.3056953050678876,0.0,0.0,0.0
1637943138.0,3.0,0.477527,110.0,1792.0,436.71552,1543.632,1537.264,1585.193,1585.998,1595.173,1608.447,1610.92,1616.01,1618.914,0.3302193338748984,-0.8916000328314913,-0.4528237863174633,0.9602936855858888,0.2789911063526398,0.0,0.0,0.0
1637943154.0,3.0,0.352226,120.0,1792.0,442.380288,1733.584,1746.816,1775.879,1780.75,1797.64,1802.993,1805.413,1808.007,1811.45,0.330625507717303,-0.8921263135710595,-0.4517860562634836,0.9677091704625548,0.2520693583176539,0.0,0.0,0.0
1637943170.0,3.0,0.346443,140.0,1792.0,453.996544,3242.394,3222.749,3319.016,3333.119,3345.785,3358.222,3360.796,3363.08,3365.858,0.3310316815597076,-0.8926513864877661,-0.4507477145826353,0.9743700647192464,0.2249510546296934,0.0,0.0,0.0
1637943186.0,3.0,0.591882,150.0,1792.0,464.297984,2909.17,2910.165,2987.69,2992.213,3000.4,3016.883,3024.633,3024.966,3026.002,0.3314378554021121,-0.8931752508970054,-0.4497087626287387,0.980271174613024,0.197657340422263,0.0,0.0,0.0
1637943202.0,3.0,0.47938,160.0,1792.0,471.47008,3107.491,3114.095,3227.177,3231.519,3254.467,3256.636,3257.039,3262.914,3266.526,0.3318440292445166,-0.8936979060633345,-0.4486692018603586,0.9854078984391804,0.1702094994225582,0.0,0.0,0.0
1637943218.0,3.0,0.622327,170.0,1792.0,480.088064,5983.258,5992.13,6046.504,6055.426,6079.975,6090.716,6100.286,6101.926,6104.748,0.3322502030869212,-0.8942193512987863,-0.4476290336459173,0.9897762309062226,0.1426289337163818,0.0,0.0,0.0
1637943234.0,3.0,0.507196,180.0,1792.0,546.455552,2717.775,2730.404,2800.706,2817.093,2851.415,2855.77,2867.218,2867.25,2868.383,0.3326563769293257,-0.8947395858843566,-0.4465882594196694,0.993372765574271,0.114937150718662,0.0,0.0,0.0
1637943250.0,3.0,0.600781,190.0,1792.0,557.330432,2871.74,2870.679,2929.786,2942.434,2976.733,2997.461,3015.666,3018.344,3022.63,0.3330625507717303,-0.8952586091352195,-0.4455468805516118,0.9961946980936665,0.0871557427257019,0.0,0.0,0.0
1637943266.0,3.0,0.629792,200.0,1792.0,565.194752,7592.76,7584.002,7673.675,7702.211,7726.265,7737.505,7746.227,7749.361,7760.575,0.3334687246141348,-0.8957764203227281,-0.4445048985037163,0.9982398279122432,0.0593063737698989,0.0,0.0,0.0
1637943282.0,3.0,0.628946,210.0,1792.0,576.483328,11836.517,11829.056,11925.881,11939.05,11966.875,11986.768,11988.634,11990.771,11995.218,0.3338748984565394,-0.896293018771745,-0.4434623146345496,0.9995065603674612,0.0314107590230928,0.0,0.0,0.0
1637943298.0,3.0,0.812504,220.0,1792.0,586.825728,11406.797,11402.069,11476.271,11483.68,11526.453,11546.176,11548.196,11549.102,11554.295,0.3342810722989439,-0.8968084037570276,-0.4424191304077753,0.9999939076572276,0.0034906515764794,0.0,0.0,0.0
1637943314.0,2.9816862023099886,0.5544214311893269,203.30742181704127,2122.785772618717,644.045189937935,8482.890204211428,8827.553539906901,9281.194767795341,9280.158709185935,10201.03946800913,9547.151423603158,9593.95822902014,10674.659319084356,10688.936403326901,0.3346872461413485,-0.8973225746066019,-0.4413753471835274,0.9997014897790312,-0.024432178240712,1.0,1.0,1.0
1637943330.0,3.0,0.521919,230.0,1792.0,598.540288,10238.277,10230.656,10320.053,10333.494,10381.972,10387.609,10410.34,10411.203,10412.989,0.335093419983753,-0.8978355306050408,-0.440330966414088,0.9986295347369144,-0.0523359565799085,0.0,0.0,0.0
1637943346.0,3.0,0.807389,240.0,1792.0,609.85344,11523.903,11519.885,11605.635,11614.27,11656.659,11662.864,11678.363,11681.964,11686.071,0.3354995938261575,-0.8983472710643146,-0.439285989500347,0.99677887848388,-0.0801989239854152,0.0,0.0,0.0
1637943362.0,2.9776436193704323,0.6153225244914776,231.90307116507617,2148.6415553855254,687.4545129301459,11290.065393353074,12015.145326513308,12666.55998387426,12924.948949515436,13527.843559076493,12667.638071439796,12978.736015106748,13392.030820475844,14309.4933550562,0.3359057676685621,-0.8988577952916005,-0.4382404178570516,0.9941509639825982,-0.1079993556113681,1.0,1.0,2.0
1637943378.0,2.979127500431689,0.618069130058101,229.41506691391396,2154.672338561081,696.566105347028,11221.69916147809,12352.041866931828,12614.275509241319,12307.965705460176,13449.643023284189,12238.060237467987,12715.639204174822,13742.542616640461,14086.946071894572,0.3363119415109667,-0.8993671025893609,-0.4371942529128418,0.9907478405137232,-0.1357155721256557,1.0,2.0,1.0
1637943394.0,3.0,0.903149,260.0,1792.0,635.35104,11467.677,11465.274,11605.758,11629.272,11645.986,11662.22,11662.907,11663.803,11667.895,0.3367181153533712,-0.8998751922871536,-0.4361474960448108,0.9865721616171264,-0.1633259621802682,0.0,0.0,0.0
1637943410.0,3.0,0.95988,270.0,1792.0,650.514432,11444.347,11436.092,11555.58,11587.844,11609.074,11621.947,11639.572,11640.087,11640.672,0.3371242891957758,-0.9003820636716813,-0.4351001487224804,0.981627183500806,-0.1908089951031533,0.0,0.0,0.0
1637943426.0,2.9806217626590383,0.6684237086308003,249.87909909962877,2089.8934022950607,711.2289668321973,12152.393579272148,13548.258010207725,13194.363097532869,15283.81097009596,14941.918828576216,14095.235031570111,14623.399370732073,14639.62484231375,16199.481432720673,0.3375304630381803,-0.90088771608207,-0.4340522123114128,0.97591676194511,-0.2181432413680784,1.0,1.0,1.0
1637943442.0,3.0,0.852387,280.0,1792.0,664.092672,12789.182,12770.146,12923.578,12952.43,12991.719,13000.408,13006.984,13009.78,13016.334,0.3379366368805849,-0.901392148808444,-0.4330036882827857,0.9694453499553584,-0.2453073856408174,0.0,0.0,0.0
1637943458.0,3.0,0.852387,290.0,1792.0,679.268352,13658.479,13686.94,13781.764,13817.16,13875.801,13911.857,13932.354,13932.714,13933.079,0.3383428107229894,-0.9018953611931094,-0.4319545780036956,0.9622179935282354,-0.2722802470442846,0.0,0.0,0.0
1637943474.0,2.9772288045409403,0.731486592206888,282.3846804730952,2106.8018900624843,751.8693979823157,15174.545323684051,17102.09024427121,16506.584287542355,19498.040157744425,18711.719982221523,17728.504023892474,18398.35120089228,17467.0913567752,20371.802812635575,0.338748984565394,-0.9023973525296158,-0.4309048829469681,0.954240328579812,-0.2990407920533456,1.0,1.0,1.0
1637943490.0,3.0,0.897994,300.0,1792.0,693.940224,16039.017,16053.732,16191.998,16210.189,16253.18,16292.029,16305.851,16308.814,16316.917,0.3391551584077985,-0.902898122157197,-0.4298546044943654,0.9455185755873105,-0.3255681544920261,0.0,0.0,0.0
1637943506.0,2.9744707587173127,0.7499149957030102,294.8103345015533,2153.745759926076,778.6769422009872,17088.76394092566,19099.4198978472,18759.72996836572,21304.774432657276,20739.639424956764,19694.130667077497,20098.459199168665,18979.23641929693,22516.450859433564,0.3395613322502031,-0.9033976693915978,-0.4288037440809366,0.936059535802108,-0.3518416482367346,1.0,1.0,2.0
1637943522.0,2.972325113567796,0.7604286836341323,297.1306301586898,2150.495370463473,795.7004308759031,17513.59243254023,20061.650705096243,19212.306313109268,21549.841926366724,21158.26510177122,19901.566845486333,20471.189539496416,19722.289161850676,22877.786576526334,0.3399675060926076,-0.9038959935565036,-0.4277523031293942,0.9258705847835832,-0.3778407868831865,1.0,2.0,1.0
1637943538.0,3.0,0.866189,320.0,1792.0,727.031808,18799.301,18789.126,18948.28,18982.208,19015.075,19040.153,19047.26,19058.643,19068.402,0.3403736799350121,-0.9043930939710464,-0.4267002830763977,0.9149596679089111,-0.4035452962184233,0.0,0.0,0.0
1637943554.0,2.968201622745476,0.7786448934734765,307.41813833775564,2127.4098575850103,805.0133862990087,18353.054375732056,21119.398160546723,19781.307148961132,23273.102074034134,21937.087392175643,21109.519762201864,21595.304445740192,20045.273081768257,24419.44395842545,0.3407798537774167,-0.9048889699808524,-0.4256476853067477,0.9033352928191531,-0.4289351334961205,1.0,1.0,1.0
1637943570.0,3.0,0.780801,330.0,1792.0,744.034304,20382.385,20397.395,20503.027,20540.571,20595.978,20619.812,20633.298,20634.747,20643.705,0.3411860276198213,-0.9053836209021278,-0.4245945112718158,0.8910065240284426,-0.4539905000534177,0.0,0.0,0.0
1637943586.0,2.9660295311787745,0.8001571141260667,321.9977805461215,2140.4840470582344,821.5627406418514,19775.54376607207,22991.623857884675,21489.312264150856,25218.52593979387,23848.88861847913,22862.270714416813,23229.84340485645,21249.821106613825,26604.226202104954,0.3415922014622258,-0.9058770460528603,-0.4235407624238117,0.8779829755858125,-0.4786918576511226,1.0,1.0,1.0
1637943602.0,3.0,0.97522,340.0,1792.0,761.126912,23313.785,23307.226,23457.721,23498.032,23589.612,23591.91,23603.136,23608.973,23618.323,0.3419983753046304,-0.9063692447835602,-0.4224864401498334,0.864274801994134,-0.5030199465607705,0.0,0.0,0.0
1637943618.0,2.970525104848938,0.808647822837248,332.9258996709782,2176.8216303028134,837.3009170228995,21079.559197325565,24623.6138478363,23425.460036073193,26651.14841937211,25740.38394118187,24721.593263009076,24469.704011722293,22276.531435198973,28428.08599465366,0.3424045491470349,-0.9068602164216828,-0.4214315458904553,0.8498926931432077,-0.5269557952445207,1.0,1.0,4.0
1637943634.0,2.9690674542977615,0.8054186683713267,333.14950496414866,2188.380503036526,853.7076152667772,21714.619625870615,25444.006687789937,24288.06583819579,26924.74626195358,26400.098357824434,25057.481383416212,24692.917024091737,22894.39704644386,28825.791594756905,0.3428107229894395,-0.9073499603025234,-0.4203760810738515,0.8348478632894721,-0.550480740045465,1.0,2.0,3.0
1637943650.0,2.96807673150111,0.8061571454300414,331.4340108518949,2172.7545963513317,861.8287490321082,22056.54686318952,25663.445080803776,24504.94228622396,27133.854253047066,26484.482139979726,25103.328836264576,24893.847878885532,23016.71288059761,29007.473720739206,0.343216896831844,-0.907838475756938,-0.4193200471421791,0.8191520444402266,-0.5735764361350604,1.0,3.0,2.0
1637943666.0,2.9648246241280516,0.8132074209848805,332.0242740759545,2141.5984378815856,866.9673278874731,22072.214342786545,25974.795139242306,24285.243957929204,27552.395392071237,26491.201055200843,25016.03842175666,25138.27155303882,23187.842314925154,29290.846535290108,0.3436230706742486,-0.9083257621418536,-0.4182634454855227,0.8028174751996573,-0.596224874954113,1.0,4.0,1.0
1637943682.0,3.0,1.2468,360.0,1792.0,799.727616,27731.394,27715.998,27878.116,27894.632,27963.599,27983.23,28015.204,28028.176,28035.431,0.3440292445166531,-0.9088118187731778,-0.4172062775872249,0.7858568933180362,-0.6184083951762983,0.0,0.0,0.0
1637943698.0,2.961308330177994,0.8375591759864065,346.80725856163605,2134.68145906078,864.6062672389519,22574.037450736356,26889.780904444677,24698.8853973395,28772.496351934416,27068.24669651178,26400.720541195253,25917.15856686645,23478.615428099114,30772.418020345838,0.3444354183590576,-0.909296645017176,-0.4161485448256524,0.7682835235815568,-0.6401096994993182,1.0,1.0,1.0
1637943714.0,3.0,1.013745,370.0,1792.0,817.3568,28082.081,28065.377,28206.832,28257.617,28319.993,28340.484,28350.107,28352.648,28361.5,0.3448415922014622,-0.9097802401932096,-0.4150902486857357,0.7501110697611512,-0.6613118651754113,0.0,0.0,0.0
1637943730.0,2.967574857639505,0.8391621167548027,351.867130609269,2153.79065130682,865.719935209378,23106.111561589056,27432.87950378009,25671.593949828708,29248.540797629284,27982.10705217368,27266.968102515144,26365.4885095614,23735.211712057157,31487.35202524629,0.3452477660438667,-0.9102626036707532,-0.4140313905473125,0.7313537015838996,-0.681998360100322,1.0,1.0,2.0
1637943746.0,2.9627611646788568,0.8386108659080214,350.7592217789005,2134.6543445384577,876.9767311563195,23161.098323879316,27903.249084341976,25632.309398210236,29497.796385581965,28145.46532033167,26882.0875256398,26222.89657477999,24103.813671362597,31594.766478367717,0.3456539398862713,-0.9107437347726262,-0.4129719718968932,0.7120260461065725,-0.7021530528779613,1.0,2.0,1.0
1637943762.0,3.0,0.802463,380.0,1792.0,837.943296,31464.196,31495.584,31613.463,31623.834,31692.063,31724.625,31728.24,31743.547,31748.928,0.3460601137286759,-0.9112236328715154,-0.4119119941157791,0.6921431738092452,-0.7217602281570141,0.0,0.0,0.0
1637943778.0,2.9680954581377366,0.8449811548207348,356.60986934942787,2147.9642859590217,871.2497507439886,23535.92917759317,28104.39653126167,26213.13427067389,29906.06355762126,28564.246344209543,27882.27669810383,26834.6599744495,24004.769869441545,32185.352658721255,0.3464662875710804,-0.9117022972937012,-0.4108514586920525,0.671720589765429,-0.740804595885571,1.0,1.0,2.0
1637943794.0,2.9633461539632133,0.8442196655276166,354.62842199804345,2127.9317559853785,881.7558977686506,23486.181126787335,28456.891673274855,26009.323844869592,30071.829255021752,28567.52410535647,27305.3422242574,26592.29629740808,24362.043971477513,32181.652472327074,0.346872461413485,-0.912179727409124,-0.4097903670217446,0.6507742175300008,-0.759271307108477,1.0,2.0,1.0
1637943810.0,3.0,0.777718,390.0,1792.0,858.509312,32711.492,32732.04,32883.992,32901.584,32962.493,32995.352,33013.092,33019.388,33024.521,0.3472786352558895,-0.912655922571366,-0.4087287205413988,0.6293203911264308,-0.7771459613949468,0.0,0.0,0.0
1637943826.0,2.9613953010847576,0.8608379825964307,364.22509173743094,2137.4258016899107,879.2060042833007,23957.31718578076,29096.462666160107,26504.541592669586,30937.116106936028,29199.31009077639,28297.534827170995,27453.781391463872,24680.94842573582,33265.82567349716,0.3476848090982941,-0.9131308821178844,-0.4076665207281732,0.6073758399734293,-0.7944146203441697,1.0,1.0,1.0
1637943842.0,3.0,0.988378,400.0,1792.0,882.3808,34517.564,34496.195,34662.198,34702.243,34796.575,34805.137,34826.737,34833.209,34844.731,0.3480909829406986,-0.9136046054294136,-0.4066037689669951,0.5849576750403682,-0.8110638189509917,0.0,0.0,0.0
1637943858.0,2.967953126886836,0.8536766747880589,364.53637087373386,2155.132226530221,877.3444540348731,24099.96398604436,29027.144032527965,27040.87551971292,30853.30724123558,29435.883244251032,28705.43170342605,27419.48113889162,24519.41558440237,33217.92647561345,0.3484971567831031,-0.914077091840902,-0.4055404667498413,0.5620833780852466,-0.8270805741161363,1.0,1.0,2.0
1637943874.0,2.9612410596929624,0.8486646764936419,361.28644578222713,2149.7737230672983,887.5976591347928,24092.94290552209,29280.05691371721,26877.915640815147,31015.314471772777,29563.99196400227,28048.34576894711,27292.782026085722,24935.015639197838,33209.75533392449,0.3489033306255077,-0.9145483407363084,-0.4044766154630763,0.5387707850342529,-0.842452396989631,1.0,2.0,1.0
1637943890.0,3.0,1.035527,410.0,1792.0,903.02464,38555.455,38592.784,38704.436,38744.432,38863.118,38880.686,38898.903,38901.0,38921.833,0.3493095044679122,-0.9150183514540552,-0.4034122166002205,0.5150380751233444,-0.8571673005739546,0.0,0.0,0.0
1637943906.0,2.9679342856872557,0.8515267727860916,365.6958482008647,2160.716662953701,879.4131333614964,24164.61705173787,29235.55071022531,27281.853469186135,31061.882370744173,29648.406691787728,28966.11466934663,27490.472380311476,24529.040051061005,33365.4233899225,0.3497156783103168,-0.9154871233754738,-0.4023472715623905,0.4909037536146961,-0.87121381112044,1.0,1.0,3.0
1637943922.0,2.9689581303962664,0.8389763599131401,358.69406526591797,2154.6052100632132,885.9773046134474,24087.863708060053,28964.418317516924,27171.53079995462,30762.53532113575,29514.170737264096,28231.09902516804,27210.34869607757,24566.846650814936,32843.24728662096,0.3501218521527213,-0.9159546558600292,-0.4012817818046758,0.4663866405307916,-0.8845809751144336,1.0,2.0,2.0
1637943938.0,2.961098895880225,0.8478641540902637,358.2945851336284,2148.4336078566384,893.7857273052124,24300.78043843498,29369.55211989762,27009.146663703177,31156.79478608255,29679.080000405884,27907.14569502845,27467.107578432897,25082.329814541525,33304.48803635668,0.3505280259951259,-0.91642094827475,-0.4002157487695952,0.4415058527616574,-0.8972583696891334,1.0,3.0,1.0
1637943954.0,3.0,1.118645,420.0,1792.0,925.782016,40576.795,40571.16,40805.64,40826.308,40884.515,40899.764,40912.76,40918.994,40931.37,0.3509341998375304,-0.9168859999825358,-0.3991491739137454,0.4162807924265971,-0.909236108970978,0.0,0.0,0.0
1637943970.0,2.966088059629202,0.8525920899319929,365.7758089653924,2155.1384676835837,882.6824506833182,24378.26052553528,29418.753299250468,27309.50641319961,31219.873976159004,29648.587414267884,29010.221502944078,27485.10127539442,24570.294313411276,33576.830924887945,0.351340373679935,-0.9173498103711988,-0.3980820586410867,0.390731128428009,-0.9205048534784456,1.0,1.0,2.0
1637943986.0,2.959266560580281,0.8505380524904396,363.08605314377303,2149.982488845084,892.030294186445,24347.05059084527,29690.75891805681,27129.294022899623,31400.09246225423,29813.048584684904,28236.03294697212,27487.239312084188,25185.727482863884,33639.80472675197,0.3517465475223396,-0.9178123787896046,-0.3970144044497218,0.3648767844770581,-0.931055815807883,1.0,2.0,1.0
1637944002.0,3.0,0.899057,430.0,1792.0,949.563392,42418.884,42428.01,42626.965,42670.92,42700.023,42711.048,42737.435,42738.955,42744.239,0.3521527213647441,-0.9182737046346432,-0.3959462127316895,0.3387379201516002,-0.9408807689879564,0.0,0.0,0.0
1637944018.0,2.9666125684866547,0.8537962388689708,367.2941756550335,2155.5203973900234,882.8036157892063,24441.81300606271,29589.398182641256,27454.227852300814,31412.403913907103,29829.24924098815,29154.066872287818,27597.412615227156,24638.449759117488,33770.4946658218,0.3525588952071486,-0.9187337872586676,-0.3948774849866036,0.3123349190654986,-0.949972051342748,1.0,1.0,2.0
1637944034.0,2.9588519330171548,0.8506893739288187,364.21890462761496,2157.5632921399047,892.253712752421,24436.162883895053,29810.346554775122,27285.466068967,31567.119224194386,30015.296845182085,28370.581390868265,27617.510903345064,25280.7618129944,33826.23042725434,0.3529650690495532,-0.919192626061809,-0.3938082226079027,0.285688367724153,-0.9583225743699816,1.0,2.0,1.0
1637944050.0,3.0,1.047228,440.0,1792.0,973.1072,45647.148,45659.833,45915.104,45952.987,45981.219,45995.173,46006.434,46019.003,46026.733,0.3533712428919577,-0.9196502204056272,-0.3927384270833212,0.2588190451833868,-0.9659258262674004,0.0,0.0,0.0
1637944066.0,2.9670534684194014,0.8513473200168815,368.0262152520066,2159.8935045618264,881.9888417249845,24360.960952658956,29626.928430394335,27550.799414979294,31441.57283124455,29883.324872961217,29300.813892933507,27544.199532887003,24582.34007239638,33742.23396558545,0.3537774167343623,-0.9201065696706529,-0.3916680998612268,0.2317479037860271,-0.9727758781398632,1.0,1.0,3.0
1637944082.0,2.968401235473118,0.8416585294459697,361.5851472363929,2156.0031321519364,889.4850884774734,24331.659027395082,29353.718276857668,27498.406834162757,31229.307233450774,29852.646613042238,28540.25430519796,27512.452289363195,24791.75243643412,33285.64509117585,0.3541835905767668,-0.9205616732561536,-0.3905972423505198,0.2044960518914151,-0.9788673887513178,1.0,2.0,2.0
1637944098.0,2.9591192172001657,0.848613082637518,360.3158279013629,2160.267235735185,896.249068170536,24533.924039556616,29717.01235600327,27296.489193195768,31525.719217160025,30052.252116723448,28116.74325070349,27665.899157813466,25328.650007505435,33753.28371845783,0.3545897644191714,-0.9210155305232182,-0.3895258560545565,0.1770847405823788,-0.9841956079219576,1.0,3.0,1.0
1637944114.0,3.0,1.143913,450.0,1792.0,998.68672,47736.166,47748.903,47912.773,47928.286,47995.571,48042.308,48063.518,48067.349,48072.548,0.3549959382615759,-0.9214681408800942,-0.3884539423702414,0.1495353434611844,-0.988756381044363,0.0,0.0,0.0
1637944130.0,2.9663429577944345,0.849741985596915,367.5558284366688,2160.0366660308687,882.8762870257561,24386.0003429847,29647.82797010692,27554.780193534,31451.448697462984,29859.204610986508,29308.41540197804,27487.22320867923,24543.55170023584,33743.77922092153,0.3554021121039805,-0.9219195036913708,-0.3873815028024139,0.1218693436373963,-0.9925461516128056,1.0,1.0,3.0
1637944146.0,2.967989716531672,0.84139532257132,361.63183263303137,2156.2333970184277,890.2855423481011,24375.37633956284,29405.66106593414,27557.305553982733,31284.838581356023,29889.549895924927,28571.244882312734,27553.580385639973,24826.092791148676,33340.44651217262,0.355808285946385,-0.9223696183685476,-0.386308538749352,0.0941083133032334,-0.9955619646045244,1.0,2.0,2.0
1637944162.0,2.958638447156473,0.8479668441125812,360.2406300091151,2162.984704503434,896.7513559175935,24567.28094676423,29766.903248494134,27339.01260607469,31563.516535891868,30097.271819485442,28136.379863184782,27689.95888355239,25365.668711675004,33808.64524804475,0.3562144597887896,-0.9228184842797178,-0.3852350517173694,0.0662739006005287,-0.997801468278731,1.0,3.0,1.0
1637944178.0,3.0,1.201195,460.0,1792.0,1023.053824,49030.868,49015.987,49194.589,49252.522,49317.261,49346.962,49361.604,49366.552,49367.751,0.3566206336311942,-0.923266100834046,-0.384161043119545,0.0383878090391841,-0.999262916412478,0.0,0.0,0.0
1637944194.0,2.965994488133811,0.8494858648788942,367.97218670859104,2160.445228936749,883.4373753285729,24424.303416654977,29730.376779682996,27601.563607796106,31519.4312031907,29903.607876795642,29368.208242997796,27488.60438533571,24562.144673314244,33816.11005810455,0.3570268074735987,-0.9237124674199032,-0.3830865144233533,0.0104717842841844,-0.9999451693637534,1.0,1.0,3.0
1637944210.0,2.9677503813030435,0.8420018406999024,362.2179803655093,2157.101671408391,891.265919069633,24431.44705814426,29507.307539649722,27627.18786205576,31384.28217467269,29968.484771521013,28632.780200234676,27614.453733848917,24887.193102652163,33445.748166298035,0.3574329813160032,-0.9241575834329736,-0.3820114670835501,-0.0174524065186651,-0.9998476951549709,1.0,2.0,2.0
1637944226.0,2.957646984106891,0.847522075211397,360.2991162310528,2167.8386692779127,896.8759993963652,24590.534272746587,29847.307789189334,27354.214188736732,31591.655583855256,30149.93756854826,28120.638126224032,27659.302955395724,25425.364190485627,33899.25148674866,0.3578391551584078,-0.9246014482650912,-0.3809359025690487,-0.0453629879944673,-0.9989705697968352,1.0,3.0,1.0
1637944242.0,3.0,1.162254,470.0,1792.0,1050.841088,53591.925,53603.469,53779.968,53801.901,53909.611,53941.002,53964.178,53970.893,53976.804,0.3582453290008123,-0.9250440613319576,-0.3798598222956432,-0.073238197241741,-0.9973144772160784,0.0,0.0,0.0
1637944258.0,2.9655440442257857,0.8478494840870755,368.067518140554,2158.9859542247355,883.2504101104154,24428.391040464303,29795.36869500467,27607.55330811678,31545.951884994858,29890.023982979033,29425.674066178726,27387.972968995346,24504.81473950101,33850.97557866273,0.3586515028432169,-0.9254854220121964,-0.3787832277740221,-0.1010562966182878,-0.994880708886144,1.0,1.0,3.0
1637944274.0,2.9674038592126295,0.8425155515062149,362.83663585733433,2156.332405135144,891.8551982468344,24477.193708936655,29587.005124378455,27679.38646949145,31473.938918091364,30013.72356934457,28698.07788121907,27673.03544365921,24929.800166854828,33528.970141531434,0.3590576766856214,-0.925925529730349,-0.3777061204078809,-0.128795596261991,-0.991671162424076,1.0,2.0,2.0
1637944290.0,2.9571842180719647,0.8474188401001082,360.4947176848767,2168.71135579429,897.0388835714833,24607.35284001871,29900.84677152808,27361.844632049542,31635.731025854147,30177.362823824442,28132.144418262607,27656.746230176905,25448.73842615497,33959.38880949136,0.359463850528026,-0.9263643838795178,-0.3766285016823891,-0.1564344649721986,-0.9876883406059128,1.0,3.0,1.0
1637944306.0,3.0,1.126686,480.0,1792.0,1076.482048,55474.782,55441.438,55695.028,55766.282,55831.547,55844.851,55855.59,55858.177,55868.181,0.3598700243704305,-0.926801983854628,-0.3755503730834598,-0.1839513503323874,-0.9829353492020172,0.0,0.0,0.0
1637944322.0,2.9654446828949763,0.8470112557465852,368.0642997336542,2158.562261736281,883.1318350544897,24426.0833221558,29822.224400316296,27597.39997535372,31565.544129857593,29884.708761542133,29443.350237340775,27350.466900111896,24470.480578934126,33865.31411073476,0.3602761982128351,-0.9272383290796744,-0.3744717360302819,-0.2113247964203408,-0.9774158942936736,1.0,1.0,3.0
1637944338.0,2.967272103003589,0.842650591374012,363.0861456267299,2156.5970043671796,892.2355716999981,24499.473321909743,29621.06217382936,27691.734048906634,31517.24041263749,30029.686563208154,28718.900913652244,27698.717897129078,24943.262527413382,33569.14554109132,0.3606823720552396,-0.9276734189584288,-0.3733925919966538,-0.2385334573336831,-0.9711342799697888,1.0,2.0,2.0
1637944354.0,2.9567096895061034,0.8470520189218416,360.38137057291146,2170.5669357228026,896.6300623794758,24606.388365273284,29891.543033948437,27339.66247867549,31630.424664085305,30180.77674574409,28101.407720156327,27616.652467988162,25437.83362917175,33984.12900418656,0.3610885458976441,-0.9281072529018418,-0.3723129424435802,-0.2655561174840755,-0.964095404234863,1.0,3.0,1.0
1637944370.0,3.0,1.031949,490.0,1792.0,1104.941056,58585.112,58578.1,58750.314,58815.893,58907.231,58941.439,58952.3,58953.545,58964.06,0.3614947197400487,-0.9285398303171634,-0.3712327888462621,-0.2923717045131582,-0.95630475602711,0.0,0.0,0.0
1637944386.0,2.9673435197862834,0.8434630583357211,366.88021269169474,2157.5383114823567,880.7284827430485,24234.49835888345,29623.418283174058,27494.73616591756,31416.511028025485,29786.583881769002,29389.505595724884,27190.854905007523,24250.185716844797,33663.2251965611,0.3619008935824533,-0.9289711506349528,-0.3701521326265348,-0.3189593093266806,-0.9477684099999572,1.0,1.0,4.0
1637944402.0,2.9683283469970982,0.8398528629792346,362.73953800089475,2158.4451719233175,889.8677951161403,24333.717928464026,29496.4026822854,27667.25139594572,31449.592954449225,29997.29886667894,28731.914380097336,27706.991331109937,24840.444631313476,33397.73124647613,0.3623070674248578,-0.9294012132496876,-0.3690709753015109,-0.3452981988238511,-0.938493022823827,1.0,2.0,3.0
1637944418.0,2.9684641657847197,0.8408173386654172,358.4643006078186,2155.435684562886,895.913934970229,24526.355437930455,29461.33692737014,27603.107981847435,31391.6284937851,29993.498743294847,28371.700935374007,27674.893528847308,24930.424536940547,33389.95540266384,0.3627132412672624,-0.92983001760064,-0.3679893182808349,-0.3713678356089244,-0.9284858268574394,1.0,3.0,2.0
1637944434.0,2.9574305680783604,0.8441785468595528,356.5211966903611,2171.161497834176,898.6735154756797,24575.96553066287,29782.192710807296,27245.917738260563,31459.832303976153,30068.612452478337,27814.73745123957,27538.958493933114,25429.83450686324,33808.95008590575,0.3631194151096669,-0.9302575630858192,-0.3669071630830244,-0.3971478904942637,-0.9177546257447882,1.0,4.0,1.0
1637944450.0,3.0,1.080722,500.0,1792.0,1132.855296,59819.831,59848.723,60014.242,60055.299,60113.911,60161.749,60169.331,60183.797,60190.829,0.3635255889520715,-0.9306838491477792,-0.365824511119025,-0.4226182618279157,-0.9063077869959804,0.0,0.0,0.0
1637944466.0,2.964899327986257,0.8439613644537101,367.14490816261184,2157.763378061728,882.8323739059382,24387.63797922231,29812.67926313835,27539.882543685257,31530.956344012964,29815.014251112894,29403.36862802279,27231.244722102896,24366.686485160513,33819.30218139705,0.363931762794476,-0.9311088751880652,-0.364741363908751,-0.4477590877313935,-0.8941542368931381,1.0,1.0,3.0
1637944482.0,2.966757754998857,0.8428529615795436,363.2455954927052,2156.1329288889706,893.1956026158332,24520.108523918403,29680.900946705548,27756.794203441794,31582.234689941324,30054.528477278283,28751.458110014544,27750.71207558584,24988.91463461346,33623.43889898641,0.3643379366368806,-0.931532640647224,-0.3636577228779971,-0.4725507649829669,-0.8813034520039126,1.0,2.0,2.0
1637944498.0,2.955742756147369,0.8435980034054362,359.0718303999297,2180.100786829632,895.5960009859948,24532.411427823045,29832.374268120613,27277.801031675444,31521.374726187118,30139.4284325447,28029.474508793865,27500.29793478613,25381.59696242329,33932.618840746036,0.3647441104792851,-0.9319551449462148,-0.3625735895073993,-0.4969739605479192,-0.8677654536436187,1.0,3.0,1.0
1637944514.0,3.0,1.276455,510.0,1792.0,1161.916416,64962.226,64954.314,65112.424,65161.081,65230.26,65306.349,65322.147,65324.593,65328.035,0.3651502843216896,-0.932376387513028,-0.3614889652647171,-0.521009631581623,-0.8535507974333932,0.0,0.0,0.0
1637944530.0,2.9660199034844146,0.8406805450331033,366.97127141104943,2156.1487483676747,880.7665200883649,24226.340971908234,29659.941057093383,27479.535818754757,31377.185595792645,29701.49330142077,29445.345354817273,26970.399291057212,24175.78780911093,33650.11469018117,0.3655564581640942,-0.9327963677826072,-0.3604038516048006,-0.5446390349697039,-0.8386705679748573,1.0,1.0,4.0
1637944546.0,2.967545692555309,0.83942949474506,363.1388979053404,2158.6599702812177,890.1691399373918,24357.748500377886,29534.75812254289,27712.48178766181,31493.057645582834,30017.069410877855,28771.026608615506,27727.956725648954,24865.923638363052,33441.692335732674,0.3659626320064987,-0.933215085170626,-0.3593182500374582,-0.5678437448305572,-0.8231363686879647,1.0,2.0,3.0
1637944562.0,2.967960384009313,0.8407365943990808,358.6606141804106,2156.0921768850067,896.4447239695593,24526.40470867096,29487.09155492214,27649.0537276241,31422.46399445535,30018.390170373237,28390.684893038342,27677.891239617435,24951.122900813953,33415.0190228945,0.3663688058489033,-0.9336325391311484,-0.3582321619781291,-0.5906056676029637,-0.806960312156216,1.0,3.0,2.0
1637944578.0,2.9565596428809124,0.8405315224482125,355.14303416336634,2181.2970667192153,896.9286673131637,24487.196901028125,29649.117487348896,27164.242589931586,31312.677199237907,30017.621480919974,27728.871855264686,27395.239320804256,25326.145094185347,33717.92500493753,0.3667749796913079,-0.9340487290781192,-0.3571455889515514,-0.6129070534654423,-0.7901550125211568,1.0,4.0,1.0
1637944594.0,3.0,1.328287,520.0,1792.0,1191.56736,66180.12,66114.347,66430.035,66485.271,66581.234,66599.581,66604.326,66613.896,66635.658,0.3671811535337124,-0.9344636544637156,-0.3560585323880292,-0.6347305132115431,-0.7727335734897322,0.0,0.0,0.0
1637944610.0,2.9655659301561683,0.8388523877214156,366.0646424880579,2156.070517355341,880.5503793487295,24182.69818173549,29595.42824607651,27406.32013372934,31295.070512856248,29617.719767092305,29375.53853495521,26878.787020219865,24111.780584103195,33563.374687763215,0.367587327376117,-0.9348773147209768,-0.3549709937728655,-0.6560590288363081,-0.7547095803568153,1.0,1.0,4.0
1637944626.0,2.9672172273488706,0.838401646541066,362.58830986978694,2158.784841480765,890.0470865085827,24334.992192990394,29505.314761333088,27674.67056888831,31442.554483445027,29965.629108769517,28728.843063311666,27693.417399449165,24847.672582236348,33396.15377250433,0.3679935012185215,-0.935289709289866,-0.3538829745784301,-0.6768759697158042,-0.7360970870892574,1.0,2.0,3.0
1637944642.0,2.9676495174350364,0.8398409184209036,358.1583022483542,2156.3052103923415,896.4955403217151,24506.896574851406,29472.091525800824,27603.07956536489,31373.308440502078,29967.034040378945,28345.617034511186,27635.177577313483,24935.50187979039,33378.988674737346,0.3683996750609261,-0.9357008376069272,-0.3527944762913594,-0.6971651027317625,-0.7169106077699026,1.0,3.0,2.0
1637944658.0,2.956030203410193,0.8392192562987231,354.26007162904324,2181.4267030152887,896.0334411598188,24417.47202848366,29607.2420468263,27053.03653874271,31208.863151854875,29925.636214171296,27612.309191077533,27260.18006337539,25285.267436013768,33659.629101143844,0.3688058489033306,-0.936110699130954,-0.3517055003444736,-0.7169106077048955,-0.6971651027986108,1.0,4.0,1.0
1637944674.0,3.0,1.143702,530.0,1792.0,1222.877184,70372.483,70364.556,70546.175,70616.486,70711.221,70767.896,70780.245,70781.77,70801.445,0.3692120227457351,-0.9365192932865491,-0.3506160482665652,-0.7360970870261421,-0.6768759697844415,0.0,0.0,0.0
1637944690.0,2.965448868849046,0.8355851955250951,364.7184975607388,2154.485296489345,879.0849890150137,24083.322177553804,29505.266727739552,27274.631976122117,31160.605179132777,29486.17979586852,29278.01431953665,26718.715458712304,23971.663388944005,33427.54091958345,0.3696181965881397,-0.936926619540976,-0.3495261214780937,-0.7547095802956412,-0.656059028906681,1.0,1.0,4.0
1637944706.0,2.966892908440095,0.837303979549685,361.95113004169673,2157.1856782953023,889.5573637146488,24280.016516616746,29435.180788241363,27591.46216600117,31363.494391172848,29864.025940165993,28668.043375297253,27643.5934644921,24799.58493617015,33308.11882876624,0.3700243704305442,-0.937332677322397,-0.3484357215091864,-0.7727335734305467,-0.6347305132835965,1.0,2.0,3.0
1637944722.0,2.9673784614870957,0.8380965863132169,357.2681907814634,2155.5139797516035,895.7657241773361,24435.274162913156,29377.715367538323,27488.17072295055,31259.925138671042,29849.220312870526,28256.114157326818,27543.09954645565,24860.664806986308,33268.06362950114,0.3704305442729488,-0.937737466101382,-0.3473448497815387,-0.7901550124640063,-0.6129070535391202,1.0,3.0,2.0
1637944738.0,2.9558164377515284,0.837553488101487,353.09042117665444,2178.5590454639278,894.5788926468136,24300.916548855632,29458.382245552086,26901.091135579012,31051.685056701906,29778.363484572343,27467.94739467749,27098.916849900528,25181.043468391457,33521.19058018425,0.3708367181153533,-0.9381409853096556,-0.3462535078266044,-0.8069603118261228,-0.5906056680539788,1.0,4.0,1.0
1637944754.0,3.0,0.927879,540.0,1792.0,1254.060032,72576.082,72552.185,72856.077,72882.945,73013.173,73025.878,73052.626,73080.457,73100.658,0.3712428919577579,-0.9385432344160752,-0.3451616970809649,-0.8231363683705933,-0.5678437452906133,0.0,0.0,0.0
1637944770.0,2.9671406552332695,0.8295496860389351,361.34313783480115,2153.8711605807925,875.4328259196096,23742.651344117832,29070.7733150301,26951.35989320016,30727.76950265023,29155.243513423433,28976.793687347774,26393.50719547443,23638.99058323196,32962.25673106535,0.3716490658001625,-0.9389442128760064,-0.344069419022756,-0.8386705679240724,-0.5446390350479057,1.0,1.0,5.0
1637944786.0,2.9686303878176887,0.8320308362389016,358.86174611505663,2156.0914549006848,886.0264513466192,23922.248736224785,28945.82192703308,27293.09527678057,30919.63181799498,29514.863919379757,28392.7146866721,27342.17736272607,24483.421392258377,32807.825375007524,0.372055239642567,-0.9393439201315612,-0.3429766751717542,-0.8535507971421977,-0.5210096320586779,1.0,2.0,4.0
1637944802.0,2.9684497969465924,0.8300875703561555,353.90262500066046,2158.0322771115043,890.2994558396349,24011.053703030655,28857.826846927863,27163.407392444627,30769.404413863547,29486.400128755286,27977.53953269552,27242.71777877766,24524.05623984107,32679.24203904222,0.3724614134849716,-0.93974235566159,-0.3418834669527109,-0.8677654533658568,-0.4969739610329187,1.0,3.0,3.0
1637944818.0,2.968268703761008,0.8304053809260324,350.05792351679787,2155.207377076113,894.3671614137259,24088.00597732327,28772.377547280295,27072.248551941244,30588.394671586575,29345.494772018792,27635.734173739213,27118.53822948682,24575.508546924753,32596.74374393413,0.3728675873273761,-0.940139518906737,-0.3407897959003602,-0.8813034519598496,-0.4725507650651441,1.0,4.0,2.0
1637944834.0,2.9558030823549126,0.8246464448440829,344.08197078797923,2185.4006491214964,889.4406830341088,23739.489394345783,28563.909288052768,26300.254264158233,30053.348477826818,29081.657280544823,26737.99942319526,26369.79183485703,24658.07405778391,32597.863961114424,0.3732737611697806,-0.9405354093491688,-0.3396956634406624,-0.8941542368513868,-0.447759087814769,1.0,5.0,1.0
1637944850.0,3.0,1.16027,550.0,1792.0,1285.087232,77888.028,77863.468,78099.599,78174.427,78253.836,78278.898,78290.763,78295.898,78302.753,0.3736799350121852,-0.9409300264331022,-0.338601071109649,-0.9063077869565732,-0.4226182619124244,0.0,0.0,0.0
1637944866.0,2.9715622829232267,0.8028607080254265,349.12957959552847,2150.9840415409244,867.612876435243,22484.199030148346,27492.834049933015,25767.140048137106,28913.56743843769,27967.73218805009,27958.165468262036,25006.475093200246,22661.73866559366,31293.446644544558,0.3740861088545897,-0.9413233696440244,-0.3375060203344816,-0.917754625707756,-0.3971478905798398,1.0,1.0,43.0
1637944882.0,2.975038567964914,0.8049813411195789,345.68636512412,2155.4836884982637,876.6306598111297,22529.579845692475,27163.136390392574,26040.76112305845,28974.73401396233,28274.67199104112,27272.008529659368,25996.393512904157,23429.913322583478,30969.499415022212,0.3744922826969943,-0.941715438429728,-0.336410512652481,-0.9284858268228112,-0.371367835695501,1.0,2.0,42.0
1637944898.0,2.9769418287487324,0.8005758372542237,339.29558934046355,2158.686090069585,878.9277665606812,22423.774009874607,26817.416448329823,25785.020193153774,28607.69994335656,28112.86348004172,26738.104690101216,25752.42692770714,23291.62216215911,30573.063972673168,0.3748984565393988,-0.9421062322741433,-0.3353145495057116,-0.9384930227916296,-0.3452981989113609,1.0,3.0,41.0
1637944914.0,2.9779804036098008,0.796734216080075,334.4131365973298,2160.333914998363,879.8814828918971,22324.49038833137,26537.161367740526,25595.476077086034,28260.284080706988,27875.866990346447,26333.72620537362,25578.207286215686,23208.600142616247,30229.39769891417,0.3753046303818034,-0.94249575064328,-0.3342181323916467,-0.9477684099702158,-0.3189593094150553,1.0,4.0,40.0
1637944930.0,2.978462471299255,0.791999099283635,329.94807793523546,2162.279389997037,879.8105240850746,22197.091650486233,26253.614138547797,25392.127727997893,27862.471380969037,27597.158266841056,25959.328973897755,25350.174400868324,23111.240529448245,29870.203281918235,0.3757108042242079,-0.9428839930097872,-0.3331212627946762,-0.956304755999848,-0.2923717046023288,1.0,5.0,39.0
1637944946.0,2.9785022951443927,0.7868751444543859,325.8239761903102,2164.5443671244248,879.1870498267573,22057.73490392,25970.17159795637,25173.09595154369,27445.426210663485,27291.534272044584,25601.427685803,25100.043308378932,23002.64721005543,29504.09177166967,0.3761169780666125,-0.9432709588432092,-0.3320239422135289,-0.964095404086442,-0.2655561180229144,1.0,6.0,38.0
1637944962.0,2.978215182757894,0.781441721286475,321.9484131437332,2167.2617877603857,878.1603197730461,21905.695252862966,25684.88900124316,24936.98092708331,27017.503740534477,26966.637338782224,25249.852319539372,24832.30685873233,22882.048393637415,29128.283691248813,0.3765231519090171,-0.9436566476341453,-0.3309261720926386,-0.9711342798364708,-0.2385334578764561,1.0,7.0,37.0
1637944978.0,2.977689594364919,0.7757487646695918,318.2581304529911,2170.549190952573,876.8213281585723,21739.553084104267,25395.72060997557,24685.48764356941,26582.569998832514,26626.58942499177,24902.04303164075,24550.740061669,22750.288961937164,28740.94010006324,0.3769293257514216,-0.9440410588411342,-0.3298279539731437,-0.9774158941755628,-0.2113247969666246,1.0,8.0,36.0
1637944994.0,2.976978026235766,0.7697874820816313,314.6790677662059,2174.424818838194,875.2210304704072,21559.133486515104,25100.23333789618,24417.671561832205,26140.811672562984,26271.886898581048,24551.678854012767,24256.188965311252,22606.960720622847,28340.39678166037,0.3773354995938262,-0.9444241919629696,-0.3287292892869332,-0.9829353490992055,-0.1839513508817561,1.0,9.0,35.0
1637945010.0,2.976115552259271,0.7635375393340063,311.14917826759944,2178.890195606373,873.3906999564443,21364.451241317627,24796.36728282046,24133.238633052315,25691.413396957345,25902.44125504778,24194.33424208541,23948.729131790074,22451.478322739105,27925.52980132503,0.3777416734362307,-0.9448060464665454,-0.3276301795626526,-0.9876883405913264,-0.1564344650642956,1.0,10.0,34.0
1637945026.0,2.975125543277945,0.7569816831757943,307.619140796262,2183.9318442164295,871.3490609654829,21155.859250190715,24482.786741358803,23832.686763423888,25233.527662464687,25518.38556060168,23827.307551678066,23628.146881308832,22283.14988199055,27496.00582009538,0.3781478472786352,-0.945186621839686,-0.3265306262745996,-0.9916711623520914,-0.1287955968162423,1.0,11.0,33.0
1637945042.0,2.9740244831382867,0.7501150552052933,304.05347888993026,2189.51912044491,869.1082503432143,20934.14276556121,24159.02615714304,23517.33793713487,24766.848475483464,25120.490361433818,23449.485430455923,23294.45893663422,22101.401200887634,27052.413447662395,0.3785540211210398,-0.9455659175671476,-0.3254306309114099,-0.9948807088296632,-0.1010562971743328,1.0,12.0,32.0
1637945058.0,2.972825815362261,0.7429500976707648,300.431078689546,2195.6037796949972,866.6781680739995,20700.53201623114,23825.47965196633,23189.230110183387,24291.927860834236,24710.31964969266,23061.13166490098,22948.259265664696,21905.99318533008,26596.22854537754,0.3789601949634443,-0.9459439331306988,-0.3243301949760832,-0.9973144772092494,-0.0732381973347355,1.0,13.0,31.0
1637945074.0,2.971542648595507,0.7355174066531713,296.74468953128905,2202.1211321714213,864.0698218701788,20456.639079241482,23483.277862722774,22850.907793256418,23810.25684188447,24290.175780262383,22663.630824435164,22590.88754782088,21697.154399367115,26129.65251348504,0.3793663688058489,-0.9463206680327204,-0.3232293199171541,-0.9989705697926056,-0.0453629880876163,1.0,14.0,30.0
1637945090.0,2.970189360488686,0.7278638598040581,292.99913902550907,2208.9931474130503,861.2975051686317,20204.355027201327,23134.111818231133,22505.184218125854,23324.165297188087,23862.91132133146,22259.179891307576,22224.414928725768,21475.626901890304,25655.414642183554,0.3797725426482534,-0.9466961217443212,-0.3221280072801202,-0.9998476951533434,-0.0174524066118959,1.0,15.0,29.0
1637945106.0,2.968781826823391,0.7200483267323415,289.2085909370538,2216.133275543749,858.3796051835545,19945.712586098718,22779.995234528298,22154.898562047663,22836.576547435303,23431.675919137946,21850.45759866637,21851.474315090898,21242.633417650843,25176.51064500555,0.380178716490658,-0.9470702937759742,-0.3210262585009051,-0.99994516936473,0.0104717841909445,1.0,16.0,28.0
1637945122.0,2.9673368663224466,0.7121357915232271,285.3930816985339,2223.4522552351505,855.3380731235135,19682.73770719489,22423.03666320764,21802.70467739165,22350.671689744297,22999.633454909763,21440.286338025475,21474.996526619616,20999.752834891297,24695.95730151453,0.3805848903330625,-0.947443183602386,-0.3199240751262328,-0.9992629164160576,0.0383878089460078,1.0,17.0,27.0
1637945138.0,2.9658709804574217,0.7041913093604816,281.5749783130731,2230.864980579765,852.1968455452894,19417.305758050392,22065.22272443278,21450.899974996573,21869.54280491281,22569.699007008327,21031.323479543295,21097.91176365356,20748.767519605364,24216.55019794803,0.3809910641754671,-0.9478147907373722,-0.3188214585931622,-0.9978014682849106,0.0662739005074887,1.0,18.0,26.0
1637945154.0,2.964399172568955,0.6962740816463086,277.7758894235491,2238.2962528994112,848.9796503032907,19151.02019332661,21708.23089908583,21101.31670023693,21395.88140029656,22144.33275303164,20625.82637913559,20722.875229926518,20491.486162914378,23740.66855663587,0.3813972380178717,-0.9481851146592404,-0.3177184104496355,-0.9955619646132996,0.0941083132104023,1.0,19.0,25.0
1637945170.0,2.962933808846622,0.6884334033833438,274.0142700040093,2245.684847923568,845.7079623365653,18885.12910246901,21353.318682013065,20755.27251305331,20931.75741443038,21725.40380904158,20225.48952437978,20352.060265746826,20229.58737883848,23270.137687209197,0.3818034118602762,-0.9485541548805444,-0.3166149321476425,-0.9925461516241691,0.1218693435448463,1.0,20.0,24.0
1637945186.0,2.9614841622802532,0.6807058310819553,270.3039508806568,2252.985745918723,842.399157455502,18620.4851772305,21001.257689787646,20413.564310456204,20478.494965080914,21314.13514634222,19831.381374371358,19987.041907992265,19964.48714953635,22806.148440011228,0.3822095857026807,-0.9489219108970176,-0.3155110251949254,-0.9887563811279392,0.1495353429085622,1.0,21.0,23.0
1637945202.0,2.9600563553784593,0.6731144480751079,266.6534266130821,2260.1695701450103,839.065554451451,18357.546943439924,20652.33612397082,20076.514557747527,20036.658440446547,20911.111637343645,19443.953338371775,19628.748579895153,19697.253036359914,22349.257825686356,0.3826157595450853,-0.9492883822107714,-0.3144066910860141,-0.9841956080209312,0.1770847400323057,1.0,22.0,22.0
1637945218.0,2.9586537214825595,0.6656693740580544,263.06591098403703,2267.2207899174555,835.7140351513788,18096.40940124382,20306.39725956828,19744.0275037361,19606.0994799932,20516.337304977784,19063.107580080192,19277.502659235626,19428.56020140583,21899.428049296534,0.3830219333874898,-0.949653568321098,-0.3133019313298364,-0.978867388865612,0.20449605134432,1.0,23.0,21.0
1637945234.0,2.9572774789255014,0.6583691218858834,259.5397762934804,2274.1344115111624,832.3461193366682,17836.856837181407,19962.902874006242,19415.67010593792,19186.06824485489,20129.319185356122,18688.297330802707,18933.083962918892,19158.67778039061,21456.102100197357,0.3834281072298944,-0.9500174687472658,-0.3121967473806188,-0.9727758782693888,0.2317479032423365,1.0,24.0,20.0
1637945250.0,2.955927440440919,0.6512026238825225,256.06923773245865,2280.9122840082014,828.9585854988949,17578.427184089363,19621.008684505938,19090.740600784076,18775.33056083876,19749.16387813584,18318.642992657456,18594.83039325626,18887.4865359715,21018.30288630182,0.3838342810722989,-0.9503800829874556,-0.3110911407622482,-0.965925826291534,0.2588190450933191,1.0,25.0,19.0
1637945266.0,2.954602861369614,0.644151145577018,252.6451163675003,2287.5588636562497,825.5440327308314,17320.47253173002,19279.630240320897,18768.34325132479,18372.28722502123,19374.66883612878,17953.035393025024,18261.73053254368,18614.49929843379,20584.71811779362,0.3842404549147035,-0.9507414105417188,-0.3099851129992261,-0.9583225745296547,0.2856883671885405,1.0,26.0,18.0
1637945282.0,2.953303173303087,0.637190128341254,249.255558195606,2294.07694212802,822.0916192117672,17062.218713593164,18937.50173309826,18447.445180194532,17975.076621784076,19004.39694427015,17590.240277433015,17932.512985991194,18338.889149062772,20153.788598580853,0.384646628757108,-0.9511014509389456,-0.3088786655336238,-0.9499720515173138,0.3123349185345533,1.0,27.0,17.0
1637945298.0,2.9520288080555477,0.630290558037261,245.8865474246589,2300.4627490609414,818.587565233741,16802.814885578657,18593.21725650401,18126.916523337357,17581.662966423744,18636.73748250993,17228.978188561196,17605.721169651766,18059.50428609813,19723.768636237917,0.3850528025995126,-0.9514602036736828,-0.3077717999187616,-0.940880769019542,0.3387379200638678,1.0,28.0,16.0
1637945314.0,2.95078204807353,0.6234198507867943,242.52222553962613,2306.7004409101646,815.0155599036005,16541.368708384594,18245.254361158262,17805.560081988668,17189.88591320496,18269.939392365308,16867.996372826492,17279.76394324266,17774.865237367503,19292.766315300214,0.3854589764419171,-0.9518176682737148,-0.3066645176116541,-0.931055815841906,0.3648767843902418,1.0,29.0,15.0
1637945330.0,2.949568050893075,0.6165419596191768,239.14496297685045,2312.7551759156086,811.3567477646461,16276.96128270052,17891.970359743467,17482.110704925613,16797.497722765325,17902.12179843495,16506.11928527724,16952.947816955355,17483.13605749979,18858.74535603155,0.3858651502843216,-0.9521738442461456,-0.3055568201390974,-0.9205048535148794,0.3907311283421765,1.0,30.0,14.0
1637945346.0,2.948396153394891,0.6096165079575799,235.73497531977898,2318.564175534946,807.5893943376991,16008.629365549516,17531.576000900226,17155.207026421955,16402.158934933115,17531.253274826766,16142.278660323274,16623.476564354474,17182.06486410745,18419.488868459,0.3862713241267262,-0.9525287311221038,-0.3044487089591854,-0.9092361090097942,0.4162807923418154,1.0,31.0,13.0
1637945362.0,2.947281643123867,0.6025962700637518,232.26948864027736,2324.024869862139,803.6878733794583,15735.283111247225,17162.070500712987,16823.30436355155,16001.400119527047,17155.084925232684,15775.50731956502,16289.405234769385,16868.878692129736,17972.491853655614,0.3866774979691308,-0.9528823284033704,-0.3033401856275743,-0.8972583697303017,0.4415058526779926,1.0,32.0,12.0
1637945378.0,2.946248337057092,0.5954222681997132,228.72098925867058,2328.9794942924714,799.6206654802568,15455.512106353863,16781.12877153288,16484.49811701559,15592.510065057964,16771.02056601014,15404.864285226178,15948.504125974365,16540.125426926657,17514.750078738143,0.3870836718115353,-0.9532346356289152,-0.3022312515895891,-0.8845809751579218,0.4663866404483089,1.0,33.0,11.0
1637945394.0,2.9453323137123792,0.5880149623310132,225.05407932320873,2333.195420463553,795.3473813795747,15167.188586242073,16385.92314344785,16136.194433376175,15172.29963821209,16375.869238504807,15029.232683174723,15597.96636803215,16191.45851893385,17042.372059162837,0.3874898456539399,-0.9535856523041404,-0.3011219084020409,-0.8712138111662143,0.4909037535334598,1.0,34.0,10.0
1637945410.0,2.944587473857774,0.580259421632997,221.2197665654974,2336.3421540353656,790.8148180263237,14866.718211899093,15972.844169020205,15774.526508883582,14736.603616995193,15965.383190792283,14646.866592113378,15233.79351645839,15817.360802103065,16549.87923278235,0.3878960194963444,-0.9539353779713804,-0.3000121575113242,-0.8571673006219793,0.5150380750434178,1.0,35.0,9.0
1637945426.0,2.944093685496925,0.5719815538717474,217.1450489854964,2337.9667947439752,785.953779881166,14547.70856665731,15537.045920663146,15393.321326017243,14279.260248434142,15533.363316874122,14254.458193027674,14849.595925972086,15410.827353541183,16028.955319149703,0.388302193338749,-0.9542838121396622,-0.2989020004753966,-0.8424523972907534,0.538770784563401,1.0,36.0,8.0
1637945442.0,2.943967862326995,0.5629100735985647,212.7135836014556,2337.4700903374946,780.6808033867629,14198.719985382872,15071.650973086136,14982.28385569489,13790.065186815522,15069.896106763339,13845.243932405376,14434.282221564194,14962.997909559062,15466.233611772117,0.3887083671811535,-0.9546309543546868,-0.2977914387417137,-0.8270805744302883,0.562083377622986,1.0,37.0,7.0
1637945458.0,2.944375803379278,0.5526125712122045,207.72936839274408,2334.075522861951,774.9115500412122,13799.497805552006,14566.1509770023,14523.561674414073,13250.802772127947,14557.794899015604,13405.070984348642,13967.655404341192,14462.527114420047,14839.473493476282,0.3891145410235581,-0.9549768041291082,-0.2966804738693716,-0.8110638192779281,0.5849576745870595,1.0,38.0,6.0
1637945474.0,2.945535436032038,0.5403787602335844,201.8496603650877,2326.7568063940003,768.5908327830462,13314.58149029404,14002.88627397875,13984.699915923518,12628.006885981304,13965.468614986188,12904.148040449283,13412.06021666307,13893.717604230464,14111.22900979826,0.3895207148659626,-0.9553213610076962,-0.2955691073207805,-0.7944146206836359,0.6073758395294259,1.0,39.0,5.0
1637945490.0,2.947704578704254,0.5250189765764108,194.47562312432308,2314.0946353238423,761.7398696868539,12683.303360938238,13349.801830110737,13304.602370565612,11861.490441460315,13233.93836496667,12281.551259665568,12698.173822768447,13231.13675062146,13219.552553401041,0.3899268887083671,-0.955664624523922,-0.2944573406005548,-0.7771459614536278,0.6293203910539658,1.0,40.0,4.0
1637945506.0,2.951243653056985,0.5046818492486682,184.65100370486513,2294.3305872534784,754.5178177174254,11812.57482170482,12551.557403301744,12374.193914467502,10855.259845834513,12262.887699655737,11428.757118535981,11711.92666971535,12430.569488653735,12069.697945788464,0.3903330625507717,-0.956006594200202,-0.2933451752555856,-0.7592713074721988,0.6507742171056392,1.0,41.0,3.0
1637945522.0,2.956731487311137,0.4770935099815449,171.23958771135196,2267.1518083264937,747.170948350581,10567.15646625225,11529.930286470859,11022.862295307077,9503.360951016799,10928.325524851709,10195.973286747103,10301.412396514872,11408.20001875978,10552.475610928968,0.3907392363931762,-0.956347269590666,-0.2922326127359467,-0.7408045962609998,0.6717205893513888,1.0,42.0,2.0
1637945538.0,2.9735729068195287,0.43550578100798853,148.12422174845798,2216.8518585175784,739.3360338358012,8492.477674429865,9535.310682084279,8561.27677302315,7091.078011128275,8454.707620753394,8215.402458218254,7815.467836126517,9318.543597686139,7784.063314264896,0.3911454102355808,-0.9566866502170468,-0.2911196546035431,-0.7217602282215531,0.6921431737419446,1.0,43.0,1.0
1637945554.0,3.0,0.040395,10.0,1536.0,1505.103872,204.381,205.029,208.835,208.835,211.428,211.428,211.428,211.428,213.613,0.3915515840779854,-0.9570247356368492,-0.2900063023094825,-0.7021530529443542,0.7120260460411002,0.0,0.0,0.0
1637945570.0,3.0,0.096775,20.0,1536.0,1569.886208,339.719,340.44,351.717,351.717,352.86,354.127,354.127,354.127,356.473,0.3919577579203899,-0.957361525375442,-0.2888925574167786,-0.681998360168517,0.7313537015203067,0.0,0.0,0.0
1637945586.0,3.0,0.01871,30.0,1536.0,1604.595712,443.575,442.934,452.433,452.51,453.383,453.403,454.075,454.075,456.505,0.3923639317627945,-0.9576970189895214,-0.287778421391501,-0.6613118652453555,0.7501110696994872,0.0,0.0,0.0
1637945602.0,3.0,0.041213,50.0,1536.0,1711.050752,762.868,763.015,775.415,775.857,783.688,784.945,787.771,787.771,788.799,0.392770105605199,-0.9580312160206572,-0.2866638957559549,-0.6401096995709568,0.7682835235218698,0.0,0.0,0.0
1637945618.0,3.0,0.075032,60.0,1536.0,1817.419776,863.87,866.484,880.725,880.828,884.71,889.946,890.367,891.296,895.309,0.3931762794476036,-0.958364116016395,-0.2855489820190465,-0.6184083952495755,0.7858568932603727,0.0,0.0,0.0
1637945634.0,3.0,0.464607,80.0,1536.0,1848.389632,1854.452,1867.087,1885.345,1887.546,1892.337,1894.829,1899.466,1899.743,1900.781,0.3935824532900081,-0.9586957185218976,-0.2844336817041582,-0.5962248750289717,0.8028174751440623,0.0,0.0,0.0
1637945650.0,3.0,0.248248,90.0,1536.0,1848.389632,1229.796,1238.246,1264.225,1265.229,1270.627,1271.971,1276.004,1278.19,1278.667,0.3939886271324126,-0.9590260231006404,-0.2833179962793924,-0.5735764362114422,0.8191520443867435,0.0,0.0,0.0
1637945666.0,3.0,0.399445,100.0,1536.0,426.47552,3158.632,3154.916,3190.743,3200.507,3208.704,3212.845,3220.944,3221.268,3222.422,0.3943948009748172,-0.9593550292889153,-0.2822019273110386,-0.5504807405120667,0.834847862981805,0.0,0.0,0.0
1637945682.0,3.0,0.361917,120.0,1536.0,437.551104,1660.875,1650.643,1698.636,1708.6,1726.431,1729.874,1732.099,1735.51,1737.541,0.3948009748172217,-0.959682736657754,-0.28108547625426,-0.5269557957195311,0.8498926928486888,0.0,0.0,0.0
1637945698.0,3.0,0.556481,130.0,1536.0,445.595648,1827.941,1851.349,1879.408,1880.654,1886.437,1895.399,1899.678,1899.758,1901.217,0.3952071486596263,-0.9600091447470944,-0.2799686446764209,-0.5030199470438192,0.864274801712993,0.0,0.0,0.0
1637945714.0,3.0,0.322495,140.0,1536.0,451.039232,1907.079,1897.56,1962.495,1969.673,1986.497,1988.65,1991.037,1991.402,1993.179,0.3956133225020308,-0.9603342531313568,-0.278851434033679,-0.4786918581418328,0.8779829753182686,0.0,0.0,0.0
1637945730.0,3.0,0.587568,150.0,1536.0,458.063872,6128.739,6139.823,6175.405,6181.228,6212.488,6219.08,6227.315,6234.597,6235.248,0.3960194963444354,-0.9606580613581686,-0.2777338458804856,-0.4539904997215924,0.8910065241975161,0.0,0.0,0.0
1637945746.0,3.0,0.530338,170.0,1536.0,475.488256,2580.933,2574.813,2634.639,2658.267,2682.391,2688.472,2693.012,2695.786,2704.976,0.3964256701868399,-0.9609805689891894,-0.276615881729907,-0.428935133580352,0.9033352927791573,0.0,0.0,0.0
1637945762.0,2.970078930614063,0.4794987980163976,176.4684723627028,2159.748401757162,629.9697453626387,7387.8714000412565,6954.885071366953,8327.9187651192,7719.604941072558,8721.806162734003,7700.00144464249,7894.433359811954,9338.342571317022,8263.458026048427,0.3968318440292445,-0.9613017755998664,-0.2754975430535524,-0.4035452963037387,0.9149596678712826,1.0,1.0,2.0
1637945778.0,2.976977612046626,0.47863854097160446,172.1861970166073,2177.9324914250337,641.7989744593399,7579.540123572466,7178.751176400758,8161.370996425373,6661.831423232623,8599.341307011997,7319.368697031203,7654.958385876294,9326.709961981895,8025.699364601973,0.3972380178716491,-0.961621680739264,-0.2743788314214361,-0.3778407869695193,0.9258705847483516,1.0,2.0,1.0
1637945794.0,3.0,0.494714,190.0,1536.0,545.734656,9396.611,9401.306,9461.739,9466.59,9500.292,9506.012,9509.402,9510.517,9520.764,0.3976441917140536,-0.9619402839902804,-0.2732597482921668,-0.3518416483240174,0.9360595357693006,0.0,0.0,0.0
1637945810.0,3.0,0.507959,200.0,1536.0,554.549248,11512.489,11509.654,11604.252,11606.1,11619.69,11626.417,11627.566,11634.953,11639.319,0.3980503655564582,-0.9622575849056348,-0.2721402952368042,-0.3255681545801909,0.9455185755569528,0.0,0.0,0.0
1637945826.0,3.0,0.739813,210.0,1536.0,566.030336,11921.439,11931.942,11981.534,12002.765,12032.655,12038.404,12042.009,12042.378,12055.224,0.3984565393988627,-0.9625735830716208,-0.2710204737149237,-0.2990407921423237,0.954240328551928,0.0,0.0,0.0
1637945842.0,2.9779985706504624,0.5283645904860588,191.56907569138212,2118.545446385813,644.0638768273335,8066.342430394407,8152.759143389128,8670.889647940674,8571.25189638507,9377.62638127678,8884.782948096285,8895.461890217222,10010.641732921951,9772.663806711484,0.3988627132412672,-0.9628882780446144,-0.2699002852986213,-0.2722802471340066,0.9622179935028466,1.0,1.0,1.0
1637945858.0,3.0,0.505571,220.0,1536.0,575.471616,10943.599,10952.392,11038.4,11058.369,11098.76,11113.475,11130.844,11131.618,11133.82,0.3992688870836718,-0.9632016694143076,-0.2687797314484316,-0.2453073857312133,0.9694453499324848,0.0,0.0,0.0
1637945874.0,3.0,0.609191,230.0,1536.0,587.300864,10975.541,10969.709,11053.885,11079.915,11105.395,11113.847,11115.489,11116.027,11117.756,0.3996750609260763,-0.9635137567407358,-0.2676588137374784,-0.2181432414590778,0.9759167619247692,0.0,0.0,0.0
1637945890.0,2.974286484206635,0.588099202646928,219.1980839256991,2137.3894778564563,680.3386182254492,10533.995410238153,11005.027489765469,11768.765927866933,11793.7854935651,12381.701280474743,11665.221265480519,11905.447171098152,12532.792746576768,13034.73902386278,0.4000812347684809,-0.963824539613112,-0.2665375336412728,-0.1908089951946852,0.981627183483014,1.0,1.0,2.0
1637945906.0,2.9776864526962328,0.5911818925949522,215.87065985037339,2144.7981761329625,690.0467676458735,10465.477054951854,11203.223641851271,11610.731984443275,11064.54556048445,12256.112772844022,11162.524419411453,11552.372275251808,12711.280828343148,12754.859143135925,0.4004874086108854,-0.9641340176029076,-0.2654158927059117,-0.1633259627316696,0.9865721615258426,1.0,2.0,1.0
1637945922.0,3.0,0.659376,250.0,1536.0,613.339136,10509.039,10529.589,10643.583,10649.658,10694.221,10696.332,10702.782,10705.102,10718.81,0.40089358245329,-0.9644421903027214,-0.2642938924078446,-0.1357155726793909,0.9907478404378708,0.0,0.0,0.0
1637945938.0,3.0,0.73428,260.0,1536.0,624.898048,11867.242,11870.338,11979.617,11999.483,12033.995,12053.713,12058.001,12060.081,12064.675,0.4012997562956945,-0.9647490572799152,-0.263171534322226,-0.1079993561670053,0.9941509639222368,0.0,0.0,0.0
1637945954.0,2.9789932767128815,0.6395127642983703,238.18704763011522,2083.322895728427,696.4602343791413,11256.20900401357,12382.569370980453,12438.83585250956,13991.24268919367,13819.771636875164,12936.245158510828,13495.197296436216,13733.737790573025,14860.690162133233,0.4017059301380991,-0.9650546181343874,-0.2620488199124194,-0.0801989245425212,0.9967788784390564,1.0,1.0,1.0
1637945970.0,3.0,1.17784,270.0,1536.0,639.373312,13361.587,13367.104,13463.031,13475.949,13529.575,13537.835,13554.198,13556.754,13566.316,0.4021121039805037,-0.9653588724447606,-0.2609257507264862,-0.0523359562080026,0.998629534756405,0.0,0.0,0.0
1637945986.0,3.0,0.830005,280.0,1536.0,652.734464,10793.491,10789.481,10897.585,10918.328,10988.284,11009.642,11018.695,11027.287,11030.24,0.4025182778229082,-0.9656618197915572,-0.259802328313004,-0.0244321783339292,0.9997014897767528,0.0,0.0,0.0
1637946002.0,2.9776424913659674,0.7015249711073445,270.57570280118466,2129.1302980925047,742.8816891535138,14576.891087360982,15967.527989473565,16084.168795834237,18205.186746440704,17882.931484801604,16782.728243945072,17333.408411027314,16843.373514806226,19199.809355367313,0.4029244516653127,-0.9659634597760216,-0.2586785541507802,0.003490651483235,0.999993907657553,1.0,1.0,2.0
1637946018.0,2.9772186216568826,0.7113332072615657,271.6254444758167,2134.549945605469,757.3083637685532,14944.28421485315,16780.208666495073,16573.99853144395,18132.55761969412,18237.685845142852,16873.01450815534,17606.18445222533,17467.112571730988,19402.520956635104,0.4033306255077173,-0.96626379198598,-0.2575544297752902,0.0314107589298938,0.99950656037039,1.0,2.0,1.0
1637946034.0,3.0,0.956757,300.0,1536.0,683.433984,15713.029,15693.546,15844.468,15859.746,15906.2,15924.014,15935.649,15936.86,15941.925,0.4037367993501218,-0.966562816014826,-0.2564299567084352,0.059306373676818,0.9982398279177732,0.0,0.0,0.0
1637946050.0,2.9732928224296,0.7300268557911005,280.87617709080655,2102.832291906306,764.6647036744906,15597.405757157489,17608.05471904643,16987.659584404704,19781.899913017372,18856.920282968418,17985.72293458559,18610.102305098088,17757.028260012925,20675.048329531925,0.4041429731925264,-0.966860531454009,-0.2553051364866586,0.0871557426328117,0.9961946981017932,1.0,1.0,1.0
1637946066.0,3.0,1.090965,310.0,1536.0,698.601472,16993.488,16975.043,17126.286,17144.316,17204.552,17222.445,17232.688,17238.568,17246.097,0.4045491470349309,-0.9671569379116112,-0.2541799705905949,0.114937150626035,0.9933727655849884,0.0,0.0,0.0
1637946082.0,2.9716303597552005,0.7573199464318608,294.13061251329333,2098.491385235273,781.6485562903994,16797.612049352163,19151.54619988361,18168.995774239113,21458.274422902905,20269.320310779236,19485.013004650213,19962.583313299627,18810.401606975876,22495.234887814404,0.4049553208773355,-0.9674520349715134,-0.2530544605998429,0.1426289336240901,0.989776230919522,1.0,1.0,1.0
1637946098.0,3.0,0.933867,320.0,1536.0,716.43136,19660.273,19650.176,19773.678,19808.531,19859.601,19872.519,19884.578,19889.379,19895.037,0.40536149471974,-0.9677458222489594,-0.2519286079818755,0.1702094993306739,0.9854078984550516,0.0,0.0,0.0
1637946114.0,2.9704411037664302,0.7817792261578858,307.7197437567678,2097.5152142993816,798.7596611647424,18095.65016992682,20924.239825344714,19646.711243890066,23141.876563473586,21826.253761006923,21153.57520078052,21420.73238742473,19923.06998110221,24406.10110611488,0.4057676685621446,-0.9680382993315066,-0.2508024143172555,0.1976573398743832,0.980271174723496,1.0,1.0,1.0
1637946130.0,3.0,1.039578,330.0,1536.0,733.073408,21101.896,21097.635,21262.229,21282.643,21346.76,21368.427,21379.665,21389.479,21402.689,0.4061738424045491,-0.9683294658378152,-0.2496758810743473,0.2249510540851119,0.9743700648449732,0.0,0.0,0.0
1637946146.0,2.968726457666719,0.8069260289735548,321.2013635628567,2098.715906315378,818.8225266463472,19479.936259846087,22827.50476924709,21117.244756452717,24874.118086972725,23408.60657076359,22818.035083663835,22784.875357628487,21084.30449920269,26433.935842204944,0.4065800162469537,-0.9686193213591218,-0.2485490098346692,0.2520693577767952,0.967709170603438,1.0,1.0,1.0
1637946162.0,3.0,0.774491,340.0,1536.0,750.61248,22512.141,22502.024,22645.509,22653.744,22727.608,22782.293,22790.928,22793.02,22799.301,0.4069861900893582,-0.9689078655139038,-0.2474218020815684,0.2789911058159256,0.9602936857418188,0.0,0.0,0.0
1637946178.0,2.968127566608584,0.8234408976353956,333.4630406845997,2107.3422231292125,833.8841969609625,20711.125533382314,24568.61723067819,22686.762452836836,26518.217380838563,25087.420004303192,24403.86368388013,24216.811804643392,22148.24134561193,28314.193117396673,0.4073923639317628,-0.9691950979078812,-0.246294259355212,0.3056953045357365,0.952129392879352,1.0,1.0,1.0
1637946194.0,3.0,0.981253,350.0,1536.0,770.338816,25739.446,25733.817,25876.692,25907.963,25962.754,26004.535,26019.993,26023.529,26027.504,0.4077985377741673,-0.969481018152183,-0.2451663831821292,0.3321611316955169,0.9432226580138718,0.0,0.0,0.0
1637946210.0,2.966385843995444,0.838576430504738,345.002213202225,2119.7851255552087,849.8203623265373,21897.133229931333,26195.975057929645,24209.89703671295,28067.71087113645,26624.943117467068,25952.380119670175,25446.491343401933,23108.57828477719,30089.817894743246,0.4082047116165719,-0.9697656258632656,-0.2440381750751891,0.3583679495918184,0.9335804264793452,1.0,1.0,1.0
1637946226.0,3.0,1.215419,360.0,1536.0,788.410368,25728.696,25759.888,25854.754,25881.562,25920.269,25937.046,25962.354,25981.928,25987.43,0.4086108854589764,-0.970048920645158,-0.2429096366041576,0.3842953225060969,0.9232102171769628,0.0,0.0,0.0
1637946242.0,2.969015301716322,0.8396735998061884,350.3011721900119,2148.64040021061,859.4644775778486,22778.47591843851,27059.771791984957,25402.61402780642,28780.51771147688,27674.331717168236,26986.4330365646,26038.176893890603,23603.671553184628,31072.10089963895,0.409017059301381,-0.970330902128492,-0.2417807692404563,0.4099230339171421,0.9121201161383108,1.0,1.0,2.0
1637946258.0,2.9654315698430698,0.8363204494490221,348.16091310505465,2127.42890192702,870.6966948068613,22747.606567742252,27434.864892313104,25316.34776429765,28974.580708077116,27772.769766718622,26607.397869055538,25868.842158358653,23816.653604527924,31057.88752457489,0.4094232331437855,-0.9706115699173994,-0.2406515745688804,0.4352310992521627,0.9003187714602835,1.0,2.0,1.0
1637946274.0,3.0,1.089599,370.0,1536.0,806.567936,29450.017,29443.658,29611.058,29642.888,29705.959,29728.675,29738.28,29742.49,29750.743,0.4098294069861901,-0.970890923645937,-0.2395220540617069,0.4601997848867252,0.8878153850830767,0.0,0.0,0.0
1637946290.0,2.9620210395304145,0.8569195512763486,359.0183937474382,2129.615888703515,872.6445087027986,23414.051226221858,28320.551397086296,25891.55791046029,30049.296998908714,28426.53952780676,27676.557918304883,26808.72110522368,24291.853748259808,32369.302480986662,0.4102355808285946,-0.9711689629219258,-0.2383922093046482,0.4848096201584844,0.8746197071880933,1.0,1.0,1.0
1637946306.0,3.0,0.804126,380.0,1536.0,826.63424,30306.712,30289.692,30462.95,30492.783,30561.094,30590.52,30594.2,30598.111,30611.083,0.4106417546709991,-0.9714456873793972,-0.2372620417849651,0.5090414158785318,0.8607420269281497,0.0,0.0,0.0
1637946322.0,2.968725307630917,0.8493806864069244,359.80374052076314,2150.923571342917,871.2798627504735,23672.45593600152,28403.222138092133,26554.55830844555,30188.06231544487,28939.131610612967,28167.057116450047,27080.056046517893,24271.595168871383,32548.737976716904,0.4110479285134037,-0.9717210966367849,-0.2361315530610095,0.5328762760136763,0.8461931661634927,1.0,1.0,2.0
1637946338.0,2.9629718767941844,0.8453593517688403,357.0716090082964,2138.677016564365,882.657995046276,23659.738541992363,28712.169285223026,26421.491333685302,30372.57954801499,28997.836708858507,27624.328194869842,26859.12600148289,24579.37741156305,32523.798274315923,0.4114541023558082,-0.9719951903315328,-0.2350007446208781,0.5562956156514757,0.8309844691731282,1.0,2.0,1.0
1637946354.0,3.0,1.043099,390.0,1536.0,847.228928,34398.035,34416.321,34546.405,34589.176,34691.157,34739.133,34747.702,34749.024,34751.78,0.4118602761982128,-0.9722679680788466,-0.233869618052091,0.5792811719350638,0.8151277960182312,0.0,0.0,0.0
1637946370.0,2.9673656921240497,0.8510577118763971,362.41247202385057,2152.933832401435,876.5293695927633,23977.518189388706,28842.406831770717,26929.325999735032,30600.1695526412,29242.93476453061,28558.256184551392,27242.706630266533,24412.329301139078,32969.798370179546,0.4122664500406174,-0.9725394295230704,-0.2327381748294443,0.6018150229518137,0.7986355101981805,1.0,1.0,2.0
1637946386.0,2.9621467150903853,0.8466309969401963,359.2114796648347,2141.2403657459704,886.1957464305287,23901.705916854575,29041.038057367245,26744.465661290167,30763.25116071268,29317.226557776954,27914.669182719153,27133.70515951552,24764.701354704426,32903.66590283703,0.4126726238830219,-0.9728095742831044,-0.2316064165413494,0.6238795963443846,0.7815204727101956,1.0,2.0,1.0
1637946402.0,3.0,1.157806,400.0,1536.0,871.653376,35464.661,35449.203,35634.138,35671.451,35794.487,35800.528,35811.094,35817.245,35818.496,0.4130787977254265,-0.9730784020067264,-0.2304743446634258,0.6454576875576734,0.7637960287751573,0.0,0.0,0.0
1637946418.0,2.966840769077458,0.852901724167298,364.4149037581535,2154.6827993117045,879.3162954604209,24169.47514675188,29123.637363798065,27157.535064551852,30894.70477559437,29477.444463385942,28795.042324384754,27396.72207278436,24540.524620266682,33274.865479172164,0.413484971567831,-0.9733459123165342,-0.2293419607849676,0.6665324699259028,0.7454759999721491,1.0,1.0,2.0
1637946434.0,2.960998560764311,0.8483614174293507,360.960776297832,2144.984849190489,888.58476784569,24080.415819748137,29309.786013227047,26939.209993663542,31035.328307819847,29553.756387369365,28073.53923562893,27283.81614569143,24941.255623566423,33214.75665753029,0.4138911454102356,-0.97361210486374,-0.22820926638241,0.6870875106702423,0.7265746710978643,1.0,2.0,1.0
1637946450.0,3.0,1.089941,410.0,1536.0,892.53888,38056.723,38048.922,38241.29,38265.713,38344.874,38364.97,38379.695,38400.228,38414.25,0.4142973192526401,-0.9738769792779456,-0.2270762630317491,0.7071067812322734,0.7071067811408217,0.0,0.0,0.0
1637946466.0,2.96663837599506,0.8535419904130693,365.75546271487644,2154.7371085768295,880.6075745016194,24276.508439892634,29321.06528629487,27313.99868844012,31098.12437654377,29638.523895338683,28963.116420178038,27478.27095424298,24598.713682362548,33478.87016299264,0.4147034930950447,-0.9741405352005986,-0.225942952266919,0.7265746708667769,0.6870875109146104,1.0,1.0,2.0
1637946482.0,2.9605199167446585,0.849115014782143,362.2384745887563,2148.6099806045017,890.0200622269496,24205.410761340783,29495.688336535306,27098.41642586697,31248.134185225223,29742.126151650773,28223.773686947377,27430.964105354054,25060.98106516216,33435.827304854014,0.4151096669374492,-0.9744027722847468,-0.2248093355797311,0.7454759997479748,0.666532470176628,1.0,2.0,1.0
1637946498.0,3.0,1.165255,420.0,1536.0,916.04992,39545.342,39557.898,39686.153,39714.84,39790.861,39825.98,39849.402,39850.862,39862.853,0.4155158407798537,-0.97466369016224,-0.2236754145616483,0.763796028558071,0.6454576878145603,0.0,0.0,0.0
1637946514.0,2.9662003886050923,0.8539673968060066,366.91575389202785,2157.598075740138,882.0992506316485,24390.188971812066,29489.132366832313,27415.0081643925,31255.777225405785,29760.645254565876,29097.41593880244,27530.436076537047,24657.384029732828,33655.59681496613,0.4159220146222583,-0.974923288492886,-0.22254119069111,0.7815204725003668,0.6238795966072327,1.0,1.0,2.0
1637946530.0,2.959044376747669,0.8505015315293524,363.5249125191067,2152.938308704233,891.4936615206705,24352.175979626525,29677.01145725936,27208.19300443393,31421.597321668778,29898.296368834366,28295.88647126707,27509.78160158617,25196.291601724937,33669.1509471763,0.4163281884646628,-0.97518156691224,-0.2214066655604312,0.7986355099957726,0.601815023220418,1.0,2.0,1.0
1637946546.0,3.0,0.948027,430.0,1536.0,939.646976,42538.886,42523.421,42734.463,42790.76,42884.97,42941.074,42945.849,42946.333,42950.817,0.4167343623070674,-0.9754385250835506,-0.2202718406488392,0.8151277958234021,0.5792811722092149,0.0,0.0,0.0
1637946562.0,2.967355548896399,0.8512789705997655,367.1536385537423,2161.5206807389895,880.8412034298442,24291.60253124701,29514.88822601492,27485.6750144836,31313.30773150774,29850.818345212174,29194.61196916124,27564.976641460293,24588.807381984665,33631.02390934099,0.417140536149472,-0.9756941626460792,-0.2191367175494928,0.8309844692450752,0.5562956155440026,1.0,1.0,3.0
1637946578.0,2.9685432538790297,0.8406577697939048,360.48424861415674,2154.6153178437235,888.5540618401434,24254.19495328545,29235.311773888214,27383.15205196092,31084.685384831904,29745.230617268786,28440.12566268252,27408.678231608028,24724.07579834325,33156.722220357224,0.4175467099918765,-0.9759484792633462,-0.2180012977566006,0.8461931662324108,0.5328762759042361,1.0,2.0,2.0
1637946594.0,2.959133048473665,0.8492091492775606,359.9454706521982,2155.1257768036094,895.9458931900136,24486.85138996032,29653.537809585236,27238.08220207374,31443.631333654874,29956.472915716713,28054.778196118394,27609.994329397487,25290.713950065085,33662.858399785255,0.4179528838342811,-0.9762014745878378,-0.216865582821551,0.8607420267569443,0.5090414161680242,1.0,3.0,1.0
1637946610.0,3.0,0.97655,440.0,1536.0,962.916352,45564.508,45544.224,45734.274,45766.86,45858.129,45868.502,45891.612,45896.987,45901.573,0.4183590576766856,-0.9764531482770352,-0.2157295742819374,0.8746197070250378,0.4848096204526444,0.0,0.0,0.0
1637946626.0,2.9666764197081514,0.8495026441394067,366.737788938083,2160.493698150912,881.7843990209234,24323.41295308695,29576.73702003619,27500.46270489989,31363.074036326292,29838.32745105294,29224.144909237006,27522.188655748818,24542.145628713435,33665.24753554144,0.4187652315190902,-0.9767034999870864,-0.2145932736899635,0.8878153849282981,0.4601997851853233,1.0,1.0,3.0
1637946642.0,2.968140961661607,0.8409776185225445,360.8214877164588,2153.4967555554003,889.8256586421644,24316.6074320544,29342.374958998458,27472.80976088641,31197.804110377172,29810.684338540406,28504.275315174847,27485.1409145451,24786.75128160069,33263.56169474894,0.4191714053614947,-0.976952529388419,-0.2134566825413771,0.9003187713139026,0.435231099554966,1.0,2.0,2.0
1637946658.0,2.9583363821014115,0.848228060227509,359.79761814901696,2158.727564057871,896.4796682386808,24501.318511141737,29754.032708686453,27270.624016584108,31482.993856021236,30002.231600127016,28055.25870858325,27601.059417089662,25363.37439937589,33746.493021391485,0.4195775792038992,-0.9772002361314258,-0.2123198024318165,0.9121201160004416,0.4099230342239146,1.0,3.0,1.0
1637946674.0,3.0,1.048919,450.0,1536.0,988.020736,48932.103,48936.731,49191.206,49211.653,49293.694,49312.785,49324.819,49326.726,49337.426,0.4199837530463038,-0.9774466198931394,-0.2111826348435793,0.9232102170477132,0.3842953228165993,0.0,0.0,0.0
1637946690.0,2.964977072168998,0.8507574389516888,367.3323618679337,2156.2004745333356,883.9224959676147,24488.901052765417,29752.293646274164,27553.722606183648,31474.042770465217,29852.228228122425,29288.10879660117,27443.877797411318,24595.76588748364,33863.143070358805,0.4203899268887083,-0.977691680330723,-0.2100451813588861,0.9335804265256936,0.3583679494710763,1.0,1.0,2.0
1637946706.0,2.9569350656794766,0.848696528649191,364.2115152393594,2163.4899651762,892.6838858025901,24483.85942424302,29904.313811677224,27396.70053663842,31644.246920510202,30111.80512523547,28434.40533516921,27637.900291475773,25363.770824827145,33958.08519392314,0.4207961007311129,-0.9779354171154898,-0.2089074435034638,0.9432226579021564,0.33216113201275,1.0,2.0,1.0
1637946722.0,3.0,1.147974,460.0,1536.0,1012.391936,50000.251,49974.008,50192.927,50247.392,50275.572,50300.755,50304.606,50310.208,50319.428,0.4212022745735174,-0.9781778299174556,-0.2077694228176446,0.9521293927765376,0.3056953048559652,0.0,0.0,0.0
1637946738.0,2.9658877595238393,0.8482245289989547,367.7705091244993,2161.604190258923,881.6353534185386,24335.63024907996,29663.520175627462,27544.993804045538,31392.231826623683,29835.364097508475,29348.543146530184,27368.60428899463,24509.623875756486,33727.02305199249,0.421608448415922,-0.9784189184054218,-0.2066311208563814,0.960293685647986,0.2789911061389002,1.0,1.0,3.0
1637946754.0,2.967765812051624,0.840362710763706,361.38592969895456,2156.768868724053,889.6764310941211,24326.11730085654,29335.491375554906,27478.82911318887,31227.907699079304,29836.36426027536,28539.991757150154,27481.024636491737,24781.346887753567,33296.25741410947,0.4220146222583266,-0.97865868226201,-0.2054925391180564,0.96770917051866,0.2520693581022638,1.0,2.0,2.0
1637946770.0,2.9575231173197047,0.8460869270481259,359.22900518516553,2166.102665997251,894.2734915076458,24467.851976536498,29565.731168962368,27204.41484775476,31389.477266040973,30011.922533669047,27979.195319204566,27477.619385703685,25253.273424438798,33707.44775243826,0.4224207961007311,-0.9788971211506206,-0.2043536792011028,0.9743700647693156,0.2249510544128208,1.0,3.0,1.0
1637946786.0,3.0,0.919832,470.0,1536.0,1040.224256,54174.044,54176.955,54409.994,54467.512,54498.509,54506.893,54517.047,54519.002,54522.903,0.4228269699431357,-0.9791342347603696,-0.2032145425903993,0.980271174657018,0.1976573402040769,0.0,0.0,0.0
1637946802.0,2.9723924104904325,0.8372987656551756,362.47577660784225,2161.9060117937915,875.2952321910257,23646.618975563815,28834.113031286033,27070.899386770005,30713.30682325323,29427.58115059074,28967.96984375991,26850.096946192203,23846.546561211268,32931.88199265469,0.4232331437855402,-0.979370022758378,-0.2020751308851581,0.9854078984770652,0.1702094992032288,1.0,1.0,8.0
1637946818.0,2.9742985485668902,0.8309521525634396,357.5141029638359,2160.44615949432,883.0062604420539,23633.231499483758,28566.28756674833,27153.749494877236,30640.236787544432,29515.549674544185,28290.849759425408,27161.036353908956,24250.221642901313,32515.44125588244,0.4236393176279447,-0.9796044848372188,-0.2009354455709775,0.9897762309379684,0.1426289334960801,1.0,2.0,7.0
1637946834.0,2.9744926666790326,0.8299177869913086,353.33465016921156,2160.588502714464,886.9301219190565,23753.410842076086,28479.903459472625,27109.44202109422,30565.796889570986,29508.534919098704,27975.508500627573,27184.324354933095,24289.657303493972,32405.95117911391,0.4240454914703493,-0.9798376206677346,-0.1997954882478398,0.9933727655463316,0.114937150960135,1.0,3.0,6.0
1637946850.0,2.9740520355285995,0.8286187214747365,350.2490857886911,2160.201823955594,889.6102670905348,23858.95492708501,28463.58189071364,27100.999854780035,30492.28671761109,29458.983538255547,27748.57286632374,27194.716006028386,24352.72797337313,32336.890533456106,0.4244516653127538,-0.9800694299459564,-0.1986552604020548,0.9961946980724804,0.0871557429678609,1.0,4.0,5.0
1637946866.0,2.9729637491582546,0.8274585114487616,347.89380382896275,2159.7163456532567,891.8337821725581,23976.87089503529,28494.633761491754,27108.599410611816,30418.294373915443,29404.501899614734,27576.75993771758,27196.496051638584,24448.428174378794,32311.352307937777,0.4248578391551584,-0.9802999123464514,-0.1975147636343665,0.9982398278978268,0.059306374012555,1.0,5.0,4.0
1637946882.0,2.9712212334169754,0.8268273932179024,346.1451545766637,2159.4225782546046,894.115659000223,24114.63434903037,28572.477742162053,27111.061760599252,30357.508590428275,29347.384931109184,27431.35290286306,27193.924461738257,24576.38687706518,32331.058960391456,0.4252640129975629,-0.9805290675658526,-0.1963739994460565,0.9995065603598255,0.0314107592660568,1.0,6.0,3.0
1637946898.0,2.970060983886773,0.8274122736842702,344.5241040599868,2156.2930810557286,896.9414677253748,24255.602864695444,28615.905037245197,27090.005147033808,30280.927355412972,29271.368847350128,27269.978736025612,27128.725491211422,24675.922494311686,32374.015076049312,0.4256701868399675,-0.9807568952881848,-0.1952329694100879,0.999993907656379,0.003490651819562,1.0,7.0,2.0
1637946914.0,2.9576306522766185,0.8302838734844397,344.56785774689183,2175.748809732325,897.7593348657914,24298.262703595065,28988.160460662635,26773.215728629708,30353.755068916107,29353.6297592762,26859.219838362616,26992.932909494986,25184.375919841026,32831.765060523,0.426076360682372,-0.9809833952135258,-0.1940916750284345,0.99970148978497,-0.0244321779977006,1.0,8.0,1.0
1637946930.0,3.0,1.159854,490.0,1536.0,1094.311936,59132.817,59118.538,59355.495,59407.606,59455.552,59467.803,59504.038,59510.13,59515.786,0.4264825345247766,-0.981208567029512,-0.1929501178747804,0.9986295347496364,-0.0523359563371576,0.0,0.0,0.0
1637946946.0,2.9626331163438686,0.8376344456635079,363.1565806466979,2161.640674533338,880.3015847147328,24174.04870323946,29403.958952439956,27226.10403693163,31015.15992954978,29398.619754233237,29024.727282585438,26966.477492586873,24187.13796531204,33325.43014957225,0.4268887083671812,-0.981432410425711,-0.1918082995231922,0.9967788784660296,-0.0801989242072755,1.0,1.0,3.0
1637946962.0,2.965309533860006,0.838146189409619,360.30609869429804,2157.940970160891,890.9236578805862,24383.868767573505,29389.356740003605,27526.295758531283,31210.956271723153,29764.496128783434,28504.560155038038,27545.294564424523,24859.144763146673,33289.23746905821,0.4272948822095857,-0.9816549251102694,-0.1906662214624061,0.99415096395856,-0.1079993558326435,1.0,2.0,2.0
1637946978.0,2.954683969737546,0.8416762566873022,357.77320321586103,2178.715186606674,894.7599499824121,24486.10432235738,29683.571121854166,27197.344085598153,31324.66102137803,29981.281408506264,27909.134620334007,27442.38885181393,25349.2957211236,33730.9413337669,0.4277010560519902,-0.9818761107708032,-0.1895238852957634,0.990747840483516,-0.1357155723461736,1.0,3.0,1.0
1637946994.0,3.0,1.156934,500.0,1536.0,1122.123776,60977.2,60960.162,61170.63,61208.014,61304.227,61358.066,61366.236,61366.765,61379.5,0.4281072298943948,-0.9820959671161822,-0.188381292526967,0.986572161580774,-0.1633259623998568,0.0,0.0,0.0
1637947010.0,2.9657654195083216,0.8401056894639061,365.9184916712835,2160.2790762780687,879.719069634954,24170.414986127053,29558.853743671832,27417.30866397936,31242.223254280012,29664.753411465346,29327.65323865087,27026.02788414189,24178.376962839407,33528.98501167099,0.4285134037367993,-0.9823144938459788,-0.1872384447172067,0.981627183458336,-0.1908089953216412,1.0,1.0,4.0
1637947026.0,2.9672408934113,0.8382402291069547,362.10186801313296,2159.5756549750054,889.5010568846799,24307.25338196911,29451.071286289083,27625.603952028716,31370.694822426747,29939.062904186678,28691.74329034862,27662.870478956866,24828.545673628287,33338.03259285049,0.4289195775792039,-0.9825316906643392,-0.186095343413733,0.9759167618965562,-0.2181432415852953,1.0,2.0,3.0
1637947042.0,2.9677305310682187,0.8396618922430624,357.86779478416895,2156.793897513889,895.8428263258053,24490.232594527624,29418.972529497907,27579.09976059509,31325.08137622458,29954.838986444076,28329.651140962447,27626.774077369453,24919.434260719398,33335.09821864372,0.4293257514216084,-0.9827475572745192,-0.18495199017844,0.9694453500149888,-0.2453073854051607,1.0,3.0,2.0
1637947058.0,2.955900051082501,0.8401446040765637,354.9085806193526,2181.7955246952565,896.5714758774326,24481.159387663225,29632.773749239048,27156.818474992033,31263.415320235217,29995.157429071616,27692.016053836633,27377.25057873657,25341.0098097777,33682.76703830131,0.429731925264013,-0.9829620933923404,-0.1838083865163597,0.9622179935944224,-0.2722802468103849,1.0,4.0,1.0
1637947074.0,3.0,1.205452,510.0,1536.0,1151.807488,65936.948,65914.893,66135.089,66160.157,66251.425,66263.245,66307.767,66317.956,66333.241,0.4301380991064175,-0.9831752987166203,-0.1826645340329755,0.954240328652504,-0.299040791821385,0.0,0.0,0.0
1637947090.0,2.9654162228135705,0.8380406317453213,365.5089031518057,2158.706883218064,879.7008001503016,24155.157069560497,29571.07644578202,27386.736235259246,31225.02332302928,29613.565625699142,29342.107004056343,26878.34355722164,24099.4920145292,33518.194247062645,0.4305442729488221,-0.9833871729693756,-0.1815204342196757,0.9455185756664508,-0.3255681542621856,1.0,1.0,4.0
1637947106.0,2.967016222240717,0.8381772120819508,362.2771417130323,2158.426175713596,889.8410598070238,24327.06268319002,29480.11313592211,27651.601327059172,31409.67284374229,29942.13889982494,28718.824130732602,27681.144127420062,24842.116431771166,33373.14099235484,0.4309504467912266,-0.9835977158531594,-0.18037608868264,0.9360595358876352,-0.3518416480091934,1.0,2.0,3.0
1637947122.0,2.9675893366343185,0.8394488335537862,357.89980313554884,2155.982499444418,896.1158411377567,24498.039543360985,29440.561782348515,27585.42675220858,31346.529364101072,29954.004692254864,28336.99257882755,27625.010135164222,24921.563189275566,33356.032896789504,0.4313566206336311,-0.98380692709346,-0.1792314989138997,0.9258705848754304,-0.3778407866581222,1.0,3.0,2.0
1637947138.0,2.9557845628128554,0.8399970982609848,354.7779576910401,2180.7055048538036,896.5113802966921,24465.8220220276,29640.66850140816,27131.933049278538,31262.112220210904,29974.984591680575,27668.044921698147,27343.46439639969,25333.792388905873,33692.645767683236,0.4317627944760357,-0.98401480639657,-0.1780866665203223,0.9149596680070066,-0.4035452959960112,1.0,4.0,1.0
1637947154.0,3.0,1.129426,520.0,1536.0,1181.315072,67205.029,67241.322,67444.988,67465.299,67591.996,67628.199,67650.015,67651.267,67667.071,0.4321689683184403,-0.9842213534888756,-0.1769415930088963,0.9033352929234204,-0.4289351332765341,0.0,0.0,0.0
1637947170.0,2.965518148592031,0.8368202723363228,364.9962331285775,2157.8271854317136,879.1730507137371,24111.189708384663,29535.366548061073,27338.771683722684,31186.699324401463,29569.517615724282,29300.281366232764,26823.806279504104,24040.56213237131,33470.96916217238,0.4325751421608448,-0.9844265680906914,-0.1757962799298761,0.8910065241388004,-0.4539904998368283,1.0,1.0,4.0
1637947186.0,2.9669555831881853,0.8376035414887786,361.97454672638145,2157.5902301771703,889.6739480710165,24291.717085718687,29446.750726131635,27620.08991891585,31379.915429619672,29899.92410898097,28685.874350732774,27655.290730112894,24818.137027873898,33334.88755833326,0.4329813160032494,-0.9846304499165124,-0.1746507288768254,0.8779829754792665,-0.4786918578465416,1.0,2.0,3.0
1637947202.0,2.9674819162403585,0.8387814550565653,357.4665112342199,2155.19922667532,895.9099535711131,24444.042507070662,29392.898909619573,27548.08625864592,31294.575977742654,29900.836386158193,28294.439980135754,27576.393955579417,24891.26203826039,33298.874558672265,0.4333874898456539,-0.9848329987005114,-0.1735049413433474,0.8642748018821732,-0.5030199467531385,1.0,3.0,2.0
1637947218.0,2.955491272839404,0.8372777678800143,353.3868660466721,2183.725469008955,895.0770170490968,24340.98905799437,29497.49267536959,27006.282776462387,31093.40898423567,29853.245720442206,27552.32067745611,27187.88196870657,25227.20845101909,33550.28400823604,0.4337936636880585,-0.9850342141583344,-0.1723589189379911,0.8498926930259194,-0.5269557954336875,1.0,4.0,1.0
1637947234.0,3.0,1.228878,530.0,1536.0,1211.465728,70152.714,70156.832,70477.787,70499.724,70556.239,70596.029,70603.04,70605.175,70622.148,0.434199837530463,-0.98523409602763,-0.171212663154974,0.8348478631669476,-0.5504807402312832,0.0,0.0,0.0
1637947250.0,2.9648273472013305,0.8330259791046085,363.3918387924366,2156.9388880098813,877.837890660778,23964.078979031117,29344.163286634892,27162.961377218602,30935.244291531082,29338.929347123285,29156.293576957432,26550.06821469995,23891.246008498812,33235.74833787773,0.4346060113728676,-0.9854326440277889,-0.1700661756035028,0.8191520443125616,-0.573576436317385,1.0,1.0,4.0
1637947266.0,2.9665211296247054,0.8342386361694453,360.1284296858152,2157.269925843654,888.0039223848953,24122.708591630984,29197.774136351516,27429.557403455263,31107.258440091813,29665.341378438454,28499.918503702273,27442.743126723122,24671.062566045264,33068.76410567353,0.4350121852152721,-0.9856298578974794,-0.1689194577927442,0.8028174750669511,-0.596224875132802,1.0,2.0,3.0
1637947282.0,2.9672660047294497,0.8344664359604711,354.96601253558174,2155.3224453329744,893.4077405509811,24211.56775625141,29052.389996640675,27288.8118009118,30932.55402051314,29603.784330917035,28044.59083648979,27294.653737231863,24678.63119509031,32947.605926062526,0.4354183590576767,-0.9858257373672116,-0.167772511289525,0.7858568934683614,-0.618408394985269,1.0,3.0,2.0
1637947298.0,2.9550351316275765,0.8304045277432945,349.28992654618565,2186.2216736485966,890.1840594813904,23966.150813669443,28913.799531339333,26617.456339308847,30527.022863989798,29444.275699151396,27187.579517342296,26701.03887495622,24827.722471402176,33022.28624529623,0.4358245329000812,-0.9860202821717928,-0.1666253376466444,0.7682835237371572,-0.6401096993125607,1.0,4.0,1.0
1637947314.0,3.0,1.210689,540.0,1536.0,1241.972736,75025.761,74978.553,75260.051,75330.781,75389.229,75415.295,75457.668,75462.143,75493.428,0.4362307067424857,-0.9862134920454296,-0.1654779384315607,0.7501110699219056,-0.6613118649930713,0.0,0.0,0.0
1637947330.0,2.9725726929228076,0.8089282355637791,352.46157406298005,2151.5667791535093,869.2026533832715,22691.061618283453,27793.62410757623,26082.21397584499,29313.156755571228,28384.958503468544,28295.73042855941,25351.489925181493,22885.92964657106,31695.680202144238,0.4366368805848903,-0.986405366733768,-0.1643303151546321,0.7313537017496824,-0.6819983599225415,1.0,1.0,49.0
1637947346.0,2.976170044568722,0.8101844286477705,348.68727060590277,2152.828021587994,878.1755603976186,22722.229672844034,27435.107523542014,26309.91463272411,29374.658378635322,28660.44021666047,27585.04258556539,26287.2197678215,23592.68189637825,31353.684340729298,0.4370430544272949,-0.9865959059674386,-0.163182469426985,0.7120260462772546,-0.7021530527048792,1.0,2.0,48.0
1637947362.0,2.978175125380582,0.8065472395374368,342.6483369834414,2155.1110162352443,880.6269463629088,22642.595838499317,27115.73954987401,26086.29668308708,29057.60820829809,28535.2020135632,27084.32135163436,26092.8925477862,23468.745673192516,30997.285509970898,0.4374492282696994,-0.986785109498011,-0.1620344027452143,0.6921431739846935,-0.7217602279887652,1.0,3.0,47.0
1637947378.0,2.979332312554912,0.8034734828274203,338.17031221079094,2155.9705305487655,881.7892473375887,22573.00830814401,26869.700399083493,25933.98680764727,28766.873487692876,28347.43507015738,26721.668191561126,25965.473117289053,23403.118678567564,30702.518450981108,0.437855402112104,-0.986972977059866,-0.1608861167210686,0.6717205896005428,-0.7408045960350808,1.0,4.0,46.0
1637947394.0,2.979952173039802,0.7997283424012187,334.2116624757433,2157.047249834594,882.000999976048,22483.230860097377,26629.54351605579,25777.64673368311,28437.822186486548,28129.945467892023,26400.832000272152,25794.71323041783,23331.514950850244,30405.152835102977,0.4382615759545085,-0.987159508408056,-0.159737612851717,0.6507742173610043,-0.7592713072533246,1.0,5.0,45.0
1637947410.0,2.980155738189339,0.7957854057769416,330.68424227208584,2158.3143162759443,881.7170684245854,22387.43437521354,26396.967319393283,25613.520543501763,28100.618473932653,27896.35794881557,26105.957104861416,25610.18307421763,23254.762647584812,30111.27426695198,0.4386677497969131,-0.9873447032830216,-0.1585888927351543,0.6293203909534557,-0.7771459615350192,1.0,6.0,44.0
1637947426.0,2.9800618935053667,0.7917330484665256,327.49561488440634,2159.864015513289,881.0924275735165,22284.717814825468,26169.58737224739,25439.63205606716,27763.938968599166,27653.71450052804,25826.454893023474,25416.701282942915,23171.787084149517,29817.58529308039,0.4390739236393176,-0.9875285614363764,-0.1574399579122186,0.6073758397966106,-0.7944146204793577,1.0,7.0,43.0
1637947442.0,2.9797616636606947,0.7876238597059556,324.58047809684416,2161.788633187099,880.223059109053,22173.34869652008,25944.8369564402,25257.029592485334,27431.466720744564,27405.468655355697,25559.277578222223,25217.896696966032,23083.27890801021,29521.566664010854,0.4394800974817222,-0.9877110826192032,-0.1562908099384011,0.5849576748598438,-0.81106381908119,1.0,8.0,42.0
1637947458.0,2.9793088491807853,0.7834459897349828,321.8595185255698,2164.0916669103144,879.1644885651009,22052.662481184787,25719.536617568494,25063.84384240456,27102.67752314844,27151.07329455724,25297.363608719003,25014.122971834448,22988.710377784915,29220.57769079294,0.4398862713241267,-0.9878922665821376,-0.1551414503838573,0.5620833779011573,-0.8270805742412434,1.0,9.0,41.0
1637947474.0,2.9787382727972305,0.7791663895722727,319.26080292671367,2166.77236261042,877.9504294019152,21921.874532277012,25490.538307809464,24858.453830820563,26775.348440475194,26888.86601888029,25035.090493301323,24804.4442519751,22887.249000026004,28912.040882569338,0.4402924451665312,-0.9880721130866552,-0.1539918807615264,0.5387707848467422,-0.8424523971095491,1.0,10.0,40.0
1637947490.0,2.978071225594308,0.7747420090388408,316.7192232986246,2169.830800507896,876.5986587806018,21780.147863092385,25255.003118621797,24639.560430281363,26446.394809953803,26616.768519803052,24767.978815512026,24587.003690923342,22777.717267260312,28593.59808304129,0.4406986190089358,-0.988250621880273,-0.1528421026852671,0.5150380749325585,-0.8571673006885904,1.0,11.0,39.0
1637947506.0,2.9773195560251686,0.7701271910084482,314.17725524211664,2173.269692054975,875.1154698804085,21626.67504937085,25010.535528481476,24406.212924120962,26112.403102962686,26332.6752566492,24492.48293827152,24359.49478559902,22658.738220459512,28263.2021696625,0.4411047928513403,-0.988427792730246,-0.1516921176541937,0.4909037534207837,-0.871213811229704,1.0,12.0,38.0
1637947522.0,2.9764889657998816,0.7652770604390318,311.58553135480145,2177.0965619327044,873.49887735312,21460.719493541823,24755.195103372524,24157.786149723383,25769.988226649315,26034.68059751326,24205.800285012883,24119.540425684834,22528.9076463455,27919.120771174086,0.4415109666937449,-0.9886036253878476,-0.150541927282748,0.4663866407458191,-0.8845809750010625,1.0,13.0,37.0
1637947538.0,2.9755813936761215,0.7601502379678025,308.9036735777005,2181.324935314052,871.7411592109352,21281.652993663836,24487.49649678699,23893.934785050744,25416.04450050033,25721.201982868664,23905.75616530239,23864.99142597988,22386.92663215067,27559.93255006963,0.4419171405361494,-0.988778119623822,-0.1493915330705821,0.4415058529797666,-0.8972583695818104,1.0,14.0,36.0
1637947554.0,2.974596799997481,0.7547107240231237,306.1005983890028,2185.9728938952653,869.831339849571,21089.025338345506,24206.401444126037,23614.611881131892,25047.95954277818,25391.080189409484,23590.750522169445,23594.149496622238,22231.702530225004,27184.547029447975,0.442323314378554,-0.9889512751932,-0.1482409366327121,0.4162807926476179,-0.9092361088697868,1.0,15.0,35.0
1637947570.0,2.9735344577298326,0.7489306124196093,303.15484049441415,2191.0591611364334,867.7574536663084,20882.6317460716,23911.33046319067,23320.10345604113,24663.800957526502,25043.69692344505,23259.777127836474,23305.91588990402,22062.418951904845,26792.283900424183,0.4427294882209586,-0.9891230918680756,-0.1470901394837132,0.390731128651769,-0.9205048533834652,1.0,16.0,34.0
1637947586.0,2.972394062840723,0.7427928039532201,300.0544973373825,2196.5974868278695,865.5086534890937,20662.60001282531,23602.196724023328,23011.106949100038,24262.488185522096,24679.070752353466,22912.48736307963,22999.906601553015,21878.578507131817,26382.970917215003,0.4431356620633631,-0.9892935694136606,-0.1459391431959865,0.3648767847033829,-0.9310558157191872,1.0,17.0,33.0
1637947602.0,2.9711766199591283,0.7362939332920454,296.79717360932455,2202.590341760366,863.0772173301258,20429.445941671318,23279.434376411788,22688.772610102045,23843.917374391116,24297.941895608237,22549.248423635578,22676.50687456489,21680.038730509383,25957.050466472392,0.4435418359057677,-0.9894627075991528,-0.1447879493278141,0.3387379203803133,-0.9408807689056146,1.0,18.0,32.0
1637947618.0,2.9698854558169674,0.7294464426843466,293.3893986069967,2209.023687349879,860.4602073021538,20184.105060795006,22944.002860596258,22354.70967680864,23409.02195916046,23901.798219107633,22171.181092444258,22336.893496225435,21467.041193796897,25515.617981810694,0.4439480097481722,-0.9896305061934731,-0.1436365594521466,0.3123349188540565,-0.9499720514122664,1.0,19.0,31.0
1637947634.0,2.9685267480011936,0.7222793166436924,289.84593723446653,2215.863935281331,857.6606683192864,19927.899673694734,22597.340721121745,22010.924599987306,22959.73557212427,23492.822008690793,21780.10648697878,21982.974100661104,21240.221416545894,25060.429378876448,0.4443541835905767,-0.9897969649757176,-0.142484975084596,0.2856883675108522,-0.9583225744335694,1.0,20.0,30.0
1637947650.0,2.967109811361178,0.7148366836772502,286.1881761755151,2223.0582603684825,854.6880562044239,19662.470496029393,22241.2732345428,21659.694404739323,22498.837500620943,23073.743906763346,21378.438315471118,21617.278161174618,21000.596168097352,24593.78952930167,0.4447603574329813,-0.9899620837163112,-0.1413331978130378,0.2588190449683937,-0.9659258263250076,1.0,21.0,29.0
1637947666.0,2.965646710257176,0.7071746287002781,282.44219099983775,2230.538306740117,851.5578470412262,19389.651631114357,21877.866461196965,21303.3992803526,22029.70047412517,22647.63062527451,20968.96305484375,21242.75012342738,20749.502145519713,24118.384971633765,0.4451665312753858,-0.9901258621876272,-0.140181229225628,0.2317479035695093,-0.9727758781914452,1.0,22.0,28.0
1637947682.0,2.9641513112128273,0.6993562042870609,278.63635085446066,2238.226316684735,848.2901511763024,19111.324605352747,21509.249890397878,20944.339108664382,21555.963034735207,22217.631191549728,20554.60031369434,20862.51002213107,20488.51699822599,23637.06705513363,0.4455727051177904,-0.9902883001741032,-0.1390290708387475,0.2044960516735415,-0.978867388796834,1.0,23.0,27.0
1637947698.0,2.9626380491602693,0.6914457072367093,274.79882604805283,2246.042791706415,844.90764224951,18829.27917839349,21137.43169584472,20584.575629033185,21081.17779907332,21786.72628868636,20138.13347285991,20479.597065291688,20219.333277068603,23152.615256720943,0.4459788789601949,-0.990449397453765,-0.1378767242266577,0.1770847403633192,-0.9841956079613726,1.0,24.0,26.0
1637947714.0,2.9611205703097703,0.6835033284064078,270.9553638358126,2253.913447640451,841.4331972517363,18545.080928016196,20764.153403210985,20225.809197289524,20608.511646373176,21357.513492880338,19722.000390039088,20096.730250901142,19943.62897665291,22667.525901074565,0.4463850528025995,-0.9906091538085104,-0.1367241909494688,0.1495353432411097,-0.9887563810776462,1.0,25.0,25.0
1637947730.0,2.959610659223602,0.675580679426921,267.1276792160179,2261.7745011830025,837.8877559877396,18259.993340772748,20390.77226942185,19869.321952770817,20140.522250425383,20932.07142210975,19308.13766669299,19716.137732780822,19662.941174724667,22183.860361291183,0.446791226645004,-0.9907675690200798,-0.1355714725819614,0.1218693434164781,-0.9925461516399308,1.0,26.0,24.0
1637947746.0,2.9581177012514157,0.6677182094548584,263.3323821277264,2269.5752289244106,834.2887263759661,17974.93931922127,20018.224949551353,19515.97225857479,19679.03475488354,20511.888561185464,18897.922132029882,19339.45648398145,19378.568474344098,21703.15707722625,0.4471974004874086,-0.99092464287992,-0.1344185706414963,0.094108313081644,-0.9955619646254708,1.0,27.0,23.0
1637947762.0,2.956648543732815,0.6599441031449722,259.58078323656576,2277.2781759224495,830.6489998014562,17690.508418566144,19647.035810328987,19166.225280165705,19225.133427984205,20097.8759494595,18492.185549411115,18967.716193378084,19091.507204164853,21226.422261656757,0.4476035743298132,-0.9910803751675183,-0.1332654867466106,0.0662739008430783,-0.9978014682626208,1.0,28.0,22.0
1637947778.0,2.9552078969676963,0.652274760565447,255.87912514212613,2284.857021837552,826.9769190077872,17406.99949664276,19277.37450887039,18820.224644330334,18779.225643027192,19690.424430240815,18091.292173292175,18601.382311310354,18802.421067110394,20754.174510699897,0.4480097481722177,-0.9912347656798264,-0.1321122224007286,0.0383878092820889,-0.9992629164031466,1.0,29.0,21.0
1637947794.0,2.9537989577030874,0.6447161954696091,252.22928987258024,2292.2932598049256,823.2766045289901,17124.487691330385,18909.13450912836,18477.871820004202,18341.16396673176,19289.49779714213,17695.25222075511,18240.44756027793,18511.648883058588,20286.535263828762,0.4484159220146222,-0.9913878142000984,-0.1309587792228962,0.0104717845272551,-0.999945169361208,1.0,30.0,20.0
1637947810.0,2.9524241780268197,0.6372661741776517,248.6296497278868,2299.571936727053,819.5487600666563,16842.90186799742,18542.025454188086,18138.907043471878,17910.387101743985,18894.738628135045,17303.84788218714,17884.539239360172,18219.231223676707,19823.33475361669,0.4488220958570268,-0.9915395205287848,-0.1298051587170064,-0.0174524062756181,-0.9998476951592132,1.0,31.0,19.0
1637947826.0,2.9510859659640505,0.6299163070593183,245.0759666765463,2306.6773293898063,815.7915741912147,16562.098217670005,18175.65891854796,17802.98437494586,17486.062992735253,18505.56514537249,16916.757164699447,17533.033496455177,17924.950054966568,19364.21609671421,0.4492282696994313,-0.9916898844529088,-0.1286513625026047,-0.0453629877516335,-0.9989705698078624,1.0,32.0,18.0
1637947842.0,2.9497874874179364,0.6226539978194645,241.56212759510828,2313.588391950194,812.0015845838108,16281.927388415983,17809.611221280345,17469.726987157628,17067.2101420473,18121.255387302746,16533.654437502788,17185.160310092906,17628.360017710278,18908.72637345385,0.4496344435418359,-0.9918389057745652,-0.1274973920984777,-0.0732381969993098,-0.9973144772338814,1.0,33.0,17.0
1637947858.0,2.948533300672146,0.6154639839668896,238.0806760451734,2320.274199413081,808.1743255487961,16002.281100084529,17443.465301472093,17138.762685960806,16652.78925323047,17740.99579330881,16154.29243947136,16840.079516087484,17328.811810377723,18456.37022231147,0.4500406173842404,-0.9919865842901128,-0.1263432490813628,-0.1010562968397256,-0.9948807088636512,1.0,34.0,16.0
1637947874.0,2.947329986487103,0.6083290951989927,234.62300648760294,2326.6890321212663,804.3046584591535,15723.11404669004,17076.813951254884,16809.729547296472,16241.756354932859,17363.903484562125,15778.544695513732,16496.94018884297,17025.445143283585,18006.62192189466,0.450446791226645,-0.9921329197996154,-0.1251889350138023,-0.1287955964827145,-0.9916711623954092,1.0,35.0,15.0
1637947890.0,2.9461869467359616,0.6012301763783315,231.17917238038336,2332.7666846137818,800.3865670676303,15444.428037392518,16709.223097817863,16482.24240427622,15833.06940758035,16988.99988287283,15406.419448957471,16154.896280237055,16717.1483992006,17558.879386448476,0.4508529650690495,-0.9922779121067612,-0.1240344514441307,-0.1564344651920356,-0.9876883405710942,1.0,36.0,14.0
1637947906.0,2.9451173264160664,0.5941446359369915,227.7371671236363,2338.412946710697,796.4123494539609,15166.208829868534,16340.147398222827,16155.818697923038,15425.645417909733,16615.141469842314,15038.029126406185,15813.082077412519,16402.469786053825,17112.35140063042,0.4512591389114541,-0.9924215610098372,-0.12287979997867,-0.1839513505511664,-0.9829353491610736,1.0,37.0,13.0
1637947922.0,2.944139442381173,0.5870432597722988,224.28161080163085,2343.4954014735413,792.3709089397294,14888.279857800353,15968.791026657564,15829.735390915444,15018.252877581495,16240.892909779508,14673.502679819674,15470.521698544531,16079.473748834855,16665.85400702657,0.4516653127538586,-0.9925638663215494,-0.1217249821228885,-0.2113247966378913,-0.9774158942466374,1.0,38.0,12.0
1637947938.0,2.943278949021893,0.5798842819230358,220.79145602743404,2347.829018359121,788.244937944169,14610.033204934196,15593.902915848004,15502.790883022803,14609.317619512185,15864.323117998132,14312.822190603285,15125.937400385408,15745.52773606805,16217.489442799722,0.4520714865962632,-0.992704827842118,-0.1205699994980129,-0.2385334575498355,-0.9711342799166964,1.0,39.0,11.0
1637947954.0,2.9425723258263767,0.5726035670430752,217.2362831334599,2351.1562826065638,784.0068663486712,14329.941362836047,15213.497138422747,15172.913589502012,14196.59066800163,15482.682420529998,13955.517982591306,14777.379045110029,15397.026947373222,15764.14524058727,0.4524776604386678,-0.9928444453877536,-0.1194148536099434,-0.2655561176986611,-0.9640954041757562,1.0,40.0,10.0
1637947970.0,2.942072169307507,0.5650988487390287,213.5700480345741,2353.121328394149,779.6137449440573,14044.706887197462,14824.464866296008,14836.513014425811,13776.557114729976,15091.87021192213,13600.113532623365,14421.526776428778,15029.05392633741,15300.693486975526,0.4528838342810723,-0.9929827187624494,-0.1182595460803671,-0.2923717047260099,-0.9563047559620348,1.0,41.0,9.0
1637947986.0,2.9418551220811655,0.5572052183411714,209.72017675342136,2353.23847636696,775.0028272280992,13747.806024033162,14422.023254460968,14487.387801009789,13343.326119241003,14685.483531837377,13243.073730310474,14052.381611471457,14635.010512002673,14818.662655711527,0.4532900081234768,-0.9931196477842166,-0.1171040784300595,-0.3189593095376323,-0.947768409928964,1.0,42.0,8.0
1637948002.0,2.9420325646741747,0.5486568309219784,205.56770643948835,2350.8561567320967,770.0921226005908,13427.067360727237,13998.830668354902,14114.8192983694,12886.495444504746,14252.99900928231,12876.764712514941,13658.797516556404,14206.216690377241,14303.973590230482,0.4536961819658814,-0.9932552322642484,-0.115948452252258,-0.3452981985957185,-0.9384930229077636,1.0,43.0,7.0
1637948018.0,2.942761569505161,0.5390231061869435,200.9100786085191,2345.111407700898,764.7937606733171,13060.708302901463,13543.331333839476,13700.006451241168,12387.035997519075,13776.11601749078,12485.330032309372,13219.813277836276,13731.261989747012,13733.058745749166,0.4541023558082859,-0.9933894720240444,-0.1147926690681517,-0.3713678353832243,-0.928485826947713,1.0,44.0,6.0
1637948034.0,2.944246476125165,0.5275910499867675,195.39189570764432,2334.854712909982,759.0472451837384,12610.869829434389,13036.162478287755,13208.855812505353,11809.696233591585,13221.354015004345,12036.268532478462,12695.853074368515,13194.061989415426,13066.397550988899,0.4545085296506905,-0.9935223668751484,-0.1136367305003222,-0.3971478902711722,-0.9177546258413284,1.0,45.0,5.0
1637948050.0,2.9467249927485613,0.5131554291314097,188.39129655454587,2318.556827338956,752.8711881024525,12014.095537742565,12442.406604318385,12578.041096374223,11090.788993540553,12526.70105353818,11465.326222449563,12014.029024277519,12568.007714943147,12238.847951860862,0.454914703493095,-0.993653916644288,-0.1124806380559163,-0.4226182616076068,-0.906307787098712,1.0,46.0,4.0
1637948066.0,2.950545891966861,0.493821585454665,178.92261397919947,2294.5243036691704,746.4150791933049,11175.933418273748,11701.150957168837,11697.686729904126,10129.217391347684,11589.34491871827,10663.235125010036,11056.38709269516,11806.145513849724,11151.387520463995,0.4553208773354996,-0.9937841211467832,-0.1113243933579498,-0.4477590875140389,-0.8941542370019813,1.0,47.0,3.0
1637948082.0,2.956382321460258,0.4673015553979058,165.86749782540363,2262.6377457488547,739.8794198963126,9962.84529097347,10728.300722947855,10403.325833997995,8819.82069869875,10292.417581493999,9491.777934982467,9675.71149984945,10824.068974586757,9692.145718521653,0.4557270511779041,-0.9939129802128694,-0.1101679979139686,-0.4725507647687361,-0.8813034521187821,1.0,48.0,2.0
1637948098.0,2.973945060167651,0.4274142907195944,143.2902115781436,2204.349994038603,732.8513674852804,7921.299840373648,8774.707965597987,8013.070933772432,6473.655867159701,7883.280468054959,7606.774595855497,7244.692556982947,8786.193150423616,6984.024402709083,0.4561332250203087,-0.9940404936616438,-0.1090114533474139,-0.496973960741064,-0.8677654535330036,1.0,49.0,1.0
1637948114.0,3.0,0.069663,10.0,1280.0,1497.00608,173.666,175.482,176.684,176.684,177.226,177.226,177.226,177.226,179.562,0.4565393988627132,-0.9941666613268508,-0.1078547611662224,-0.521009631771604,-0.8535507973174283,0.0,0.0,0.0
1637948130.0,3.0,0.0,20.0,1280.0,1497.00608,348.508,346.574,360.062,360.062,363.203,369.798,369.798,369.798,371.81,0.4569455727051177,-0.9942914830329184,-0.1066979229797833,-0.5446390351563729,-0.838670567853633,0.0,0.0,0.0
1637948146.0,3.0,0.065627,30.0,1280.0,1605.791744,434.724,436.171,441.864,442.05,443.779,447.391,447.457,447.457,451.597,0.4573517465475223,-0.9944149586109068,-0.1055409403542932,-0.5678437450137687,-0.8231363685615757,0.0,0.0,0.0
1637948162.0,3.0,0.059489,50.0,1280.0,1712.156672,1287.295,1289.403,1297.156,1299.686,1303.951,1310.168,1311.589,1311.589,1311.739,0.4577579203899269,-0.9945370878982556,-0.104383814812727,-0.5906056677825747,-0.8069603120247606,0.0,0.0,0.0
1637948178.0,3.0,0.070244,60.0,1280.0,1762.361344,926.179,926.562,944.326,946.119,950.198,951.164,951.708,959.853,960.039,0.4581640942323314,-0.9946578707235092,-0.103226547979551,-0.6129070536413128,-0.7901550123847376,0.0,0.0,0.0
1637948194.0,3.0,0.323317,80.0,1280.0,1837.453312,1917.668,1919.231,1955.746,1958.334,1963.384,1976.622,1979.234,1979.965,1980.15,0.458570268074736,-0.9947773069291884,-0.1020691413636436,-0.6347305133835359,-0.7727335733484555,0.0,0.0,0.0
1637948210.0,3.0,0.323317,90.0,1280.0,1841.721344,1251.244,1257.019,1285.15,1289.162,1298.227,1300.331,1307.624,1309.216,1313.548,0.4589764419171405,-0.994895396347618,-0.1009115965898658,-0.6560590286528503,-0.7547095805162929,0.0,0.0,0.0
1637948226.0,3.0,0.462534,100.0,1280.0,1841.721344,1388.762,1398.92,1418.467,1422.55,1436.277,1439.054,1440.373,1440.564,1440.586,0.4593826157595451,-0.9950121388248304,-0.0997539151674582,-0.6768759695368707,-0.7360970872537951,0.0,0.0,0.0
1637948242.0,3.0,0.380387,120.0,1280.0,441.880576,4156.964,4167.638,4197.677,4211.196,4217.353,4230.618,4234.854,4236.955,4242.506,0.4597887896019496,-0.9951275341969326,-0.0985960987216677,-0.697165102557493,-0.7169106079393722,0.0,0.0,0.0
1637948258.0,3.0,0.439693,130.0,1280.0,448.733184,1829.18,1837.78,1874.666,1888.881,1900.538,1907.066,1908.931,1910.447,1911.715,0.4601949634443542,-0.9952415823120508,-0.0974381487765719,-0.7169106075354257,-0.6971651029728803,0.0,0.0,0.0
1637948274.0,3.0,0.439693,140.0,1280.0,454.905856,1903.745,1907.843,1959.986,1962.232,1979.284,1990.109,1994.128,1994.379,1996.144,0.4606011372867587,-0.995354283014329,-0.0962800669143466,-0.7360970868616044,-0.676875969963375,0.0,0.0,0.0
1637948290.0,3.0,0.393346,160.0,1280.0,469.733376,2226.032,2222.991,2273.136,2287.75,2320.207,2327.865,2335.06,2338.229,2353.165,0.4610073111291632,-0.9954656361511868,-0.0951218547028666,-0.7547095801361636,-0.6560590290901388,0.0,0.0,0.0
1637948306.0,3.0,0.636088,170.0,1280.0,479.432704,5964.844,5972.222,6027.428,6032.311,6060.198,6072.089,6085.148,6085.918,6089.683,0.4614134849715678,-0.9955756415705004,-0.093963513724671,-0.7727335732762538,-0.6347305134714357,0.0,0.0,0.0
1637948322.0,3.0,0.765935,180.0,1280.0,536.195072,2558.024,2559.893,2618.175,2630.934,2656.72,2670.907,2673.848,2674.586,2678.406,0.4618196588139723,-0.995684299127441,-0.092805045504523,-0.7901550123150184,-0.6129070537311943,0.0,0.0,0.0
1637948338.0,3.0,0.58911,190.0,1280.0,546.603008,2911.039,2910.059,2977.23,2991.486,3028.946,3043.983,3048.689,3049.572,3052.434,0.4622258326563769,-0.995791608669466,-0.0916464516687738,-0.8069603119575781,-0.5906056678743679,0.0,0.0,0.0
1637948354.0,3.0,0.808869,200.0,1280.0,553.828352,7429.588,7447.3,7486.861,7490.847,7529.151,7546.207,7548.544,7550.544,7555.097,0.4626320064987815,-0.9958975700566624,-0.0904877337280322,-0.8231363684969825,-0.5678437451074019,0.0,0.0,0.0
1637948370.0,3.0,0.571904,210.0,1280.0,566.607872,11905.539,11896.563,11968.97,11992.988,12054.7,12074.638,12078.724,12080.903,12084.553,0.463038180341186,-0.9960021831428724,-0.0893288932800123,-0.8386705680452967,-0.5446390348612367,0.0,0.0,0.0
1637948386.0,2.98166987268285,0.5253255831979723,190.38742095118891,2075.5806246509724,635.5956121509189,7732.1155939325145,7662.44084194064,8399.526447882374,8197.264043913307,9046.036527122638,8571.470244498018,8578.702340329623,9843.756528581853,9395.383582474053,0.4634443541835906,-0.9961054477838994,-0.0881699319226069,-0.8535507972581625,-0.5210096318686969,1.0,1.0,1.0
1637948402.0,3.0,0.717855,220.0,1280.0,576.192512,10578.344,10575.861,10675.165,10687.755,10704.783,10714.782,10729.791,10731.759,10733.553,0.4638505280259951,-0.9962073638438376,-0.0870108511814003,-0.8677654534764718,-0.4969739608397738,0.0,0.0,0.0
1637948418.0,3.0,0.667996,230.0,1280.0,588.288,11406.537,11440.377,11488.955,11514.74,11526.133,11533.995,11546.364,11552.2,11555.52,0.4642567018683997,-0.996307931182158,-0.0858516526546118,-0.8813034520650287,-0.4725507648689859,0.0,0.0,0.0
1637948434.0,2.9755450816261346,0.5803136076241755,215.84969540909245,2111.084572708957,674.7858614838365,10304.255185517053,10636.422619457117,11464.300923267252,11328.782162450065,11950.339310653859,11450.135898310917,11604.329292004812,12261.644551484002,12691.6536149304,0.4646628757108042,-0.9964071496664552,-0.0846923378681336,-0.8941542369510479,-0.4477590876157505,1.0,1.0,2.0
1637948450.0,2.9795097881949273,0.5805045709542475,211.53231960175526,2122.7452612761945,684.1005801744268,10138.597717668094,10797.641525930863,11274.982594685815,10464.005918040573,11725.73778366431,10866.78819302312,11132.963738190436,12322.317466797862,12255.832749185667,0.4650690495532087,-0.9965050191574384,-0.0835329084495055,-0.9063077868538416,-0.4226182621327333,1.0,2.0,1.0
1637948466.0,3.0,0.746412,250.0,1280.0,613.838848,10268.11,10270.685,10371.958,10387.255,10441.823,10461.205,10466.952,10467.595,10471.324,0.4654752233956133,-0.996601539527502,-0.0823733659104256,-0.917754625611216,-0.3971478908029313,0.0,0.0,0.0
1637948482.0,3.0,0.709544,260.0,1280.0,624.984064,11758.902,11771.794,11868.169,11874.974,11900.806,11929.909,11940.798,11942.433,11943.311,0.4658813972380178,-0.9966967106411432,-0.0812137118787533,-0.9284858267325375,-0.3713678359212011,0.0,0.0,0.0
1637948498.0,2.980256024836311,0.6227689819680402,227.98751501982872,2032.603785888191,684.5178564882126,10345.042736277403,11353.538306775994,11308.329645826547,12585.496029448037,12394.611487922692,11873.666458143842,12192.726960753149,12776.849288272566,13617.717888652393,0.4662875710804224,-0.9967905323742752,-0.0800539478664795,-0.9384930227076932,-0.3452981991394935,1.0,1.0,1.0
1637948514.0,3.0,0.853591,270.0,1280.0,640.16384,11855.205,11907.575,11995.576,12011.118,12056.271,12062.723,12074.836,12089.486,12091.362,0.4666937449228269,-0.9968830045951832,-0.0788940755017747,-0.947768409892682,-0.3189593096454426,0.0,0.0,0.0
1637948530.0,3.0,0.885128,280.0,1280.0,652.935168,11767.339,11758.272,11887.747,11906.878,11966.585,11974.254,11984.805,11990.73,11998.038,0.4670999187652315,-0.9969741271832996,-0.0777340962969145,-0.956304755928777,-0.2923717048347913,0.0,0.0,0.0
1637948546.0,3.0,0.955805,290.0,1280.0,668.557312,13680.976,13684.804,13793.671,13826.745,13871.193,13874.849,13896.32,13901.646,13905.346,0.4675060926076361,-0.9970639000106988,-0.0765740118803713,-0.9640954041455488,-0.2655561178083287,0.0,0.0,0.0
1637948562.0,2.9811599089142224,0.7270552203149093,278.4125883402635,2045.7437080229267,739.7118506204876,14509.644841006153,16216.525670927773,15831.444182889212,18756.238414609645,17921.460032180483,17137.604501731927,17737.89667886871,16956.930591865876,19696.122258642197,0.4679122664500406,-0.9971523229592352,-0.0754138237792078,-0.971134279889563,-0.2385334576603037,1.0,1.0,1.0
1637948578.0,3.0,1.065611,300.0,1280.0,682.983424,16085.963,16088.885,16206.456,16237.766,16269.038,16294.207,16299.523,16303.954,16318.632,0.4683184402924452,-0.9972393959069848,-0.0742535335931699,-0.9774158942225988,-0.2113247967490741,0.0,0.0,0.0
1637948594.0,2.9768090106292386,0.7563194474745214,293.6182569321185,2078.0866482773954,769.4044884166024,16402.83270457547,18551.382767698982,17924.277968563205,20959.53452450751,19978.86493552005,19225.745569006256,19727.0205377275,18595.629446954277,22079.65599954756,0.4687246141348497,-0.9973251187393056,-0.0730931428495874,-0.9829353491401488,-0.183951350662977,1.0,1.0,1.0
1637948610.0,3.0,1.166372,310.0,1280.0,698.253312,17098.983,17106.965,17235.607,17254.813,17305.668,17335.202,17358.113,17362.834,17371.042,0.4691307879772542,-0.997409491337946,-0.0719326531484819,-0.987688340626145,-0.1564344648444587,0.0,0.0,0.0
1637948626.0,2.9717494126952064,0.7812153908657201,308.3095353177472,2106.583369474301,796.4481285325745,18113.28478383859,20752.26447299438,19795.98858644269,23116.252226562814,21943.30870166373,21166.03013340693,21544.49882244208,20057.99586109432,24391.70247389545,0.4695369618196588,-0.9974925135866184,-0.0707720660900193,-0.9916711623807584,-0.1287955965955188,1.0,1.0,1.0
1637948642.0,3.0,1.124897,320.0,1280.0,716.337152,18635.427,18636.585,18777.689,18791.613,18873.023,18884.006,18904.107,18905.16,18907.016,0.4699431356620633,-0.9975741853770757,-0.0696113831874069,-0.994880708852156,-0.101056296952895,0.0,0.0,0.0
1637948658.0,2.971125833320596,0.7901644720028513,319.4975407997626,2157.914930593004,817.4871846477297,19716.509720391274,22651.41854184957,21752.061563500465,24738.118458059333,23899.398076032146,22980.484211376264,22967.46071799848,21304.022376436023,26382.290608330073,0.4703493095044679,-0.9976545065946604,-0.0684506060701052,-0.9973144772255506,-0.073238197112756,1.0,1.0,3.0
1637948674.0,2.9702810108514726,0.7897885739082341,319.4659486216887,2170.278414743559,834.5620943765488,20279.990540953888,23461.653508399966,22582.985458584477,24852.90994862633,24441.838456956342,23267.53777567414,23116.289625394602,21827.126200048133,26647.585050709262,0.4707554833468724,-0.9977334771336684,-0.0672897362660883,-0.9989705698027022,-0.0453629878652682,1.0,2.0,2.0
1637948690.0,2.967484498313079,0.7988721024251499,319.86210861582595,2130.2792799869367,843.0697556393758,20362.126405089984,23871.840691147256,22471.50018456712,25306.3417762522,24436.475579248992,23237.654358723234,23379.264422065844,21962.792900102268,26903.772771785418,0.471161657189277,-0.9978110968861718,-0.0661287753615223,-0.999847695149101,-0.0174524068549429,1.0,3.0,1.0
1637948706.0,3.0,1.028505,340.0,1280.0,750.063616,23865.36,23896.15,23998.435,24031.947,24073.27,24082.44,24088.916,24093.423,24110.203,0.4715678310316815,-0.9978873657470848,-0.06496772492818,-0.9999451693672754,0.0104717839478738,0.0,0.0,0.0
1637948722.0,2.9656660713963148,0.8190448735782396,332.07877428245024,2107.5342067825313,842.8306843954241,20926.396789269224,24781.731816357817,22975.384959543175,26694.3831516779,25091.203417046992,24575.158327778707,24368.9834072929,22264.16358053473,28396.144934875876,0.4719740048740861,-0.997962283612222,-0.0638065865524776,-0.999262916425389,0.0383878087031029,1.0,1.0,1.0
1637948738.0,3.0,1.102662,350.0,1280.0,769.548288,23895.74,23893.997,24016.892,24037.049,24116.094,24129.823,24158.532,24160.273,24164.443,0.4723801787164907,-0.998035850382941,-0.0626453617628614,-0.9978014683010208,0.0662739002649391,0.0,0.0,0.0
1637948754.0,2.964908162552478,0.8367081025058063,343.8567008015847,2118.73487902786,853.0099285851556,21932.12530983953,26223.511854965065,24248.92398673966,28131.27594196201,26619.28625627316,25909.561257628004,25471.521608970772,23182.270679090783,30116.5370571784,0.4727863525588952,-0.9981080659559628,-0.0614840521895526,-0.995561964636176,0.0941083129683971,1.0,1.0,1.0
1637948770.0,3.0,1.148782,360.0,1280.0,788.639744,26836.92,26816.013,26977.971,27009.019,27066.031,27098.028,27111.268,27130.936,27137.39,0.4731925264012998,-0.9981789302371304,-0.0603226593467006,-0.9925461516537936,0.1218693433035742,0.0,0.0,0.0
1637948786.0,2.9683986886505367,0.8382389019338068,349.83987644933654,2144.3620815582626,859.8999752142007,22754.69909083826,27076.64636288496,25462.131114996544,28797.356632094692,27666.434392350486,26984.207570329178,26030.974336339816,23616.736249462396,31070.544491698194,0.4735987002437043,-0.9982484431269588,-0.0591611848647626,-0.988756381094656,0.1495353431286369,1.0,1.0,2.0
1637948802.0,2.965622308348084,0.8349920439260736,347.7552921044275,2124.272434602686,870.817356886517,22707.929456296082,27417.141727927214,25435.561703817475,29016.849860573617,27812.576987535864,26656.475777482694,25917.23103218878,23820.444422905508,31049.28762719524,0.4740048740861088,-0.9983166045348156,-0.057999630258103,-0.9841956079815164,0.1770847402513652,1.0,2.0,1.0
1637948818.0,3.0,1.295262,370.0,1280.0,806.977536,29319.896,29311.04,29512.481,29536.06,29589.6,29611.646,29628.864,29629.914,29634.811,0.4744110479285134,-0.9983834143650098,-0.056837997157406,-0.9788673888200958,0.2044960515621936,0.0,0.0,0.0
1637948834.0,2.9618248218318364,0.8552339939794966,358.7926058564851,2131.8877647922036,872.1659274047776,23377.059370133327,28300.6039078303,26033.44079005515,30032.200920031835,28485.977418574577,27765.990204740545,26809.63652185968,24304.512108450042,32348.040659770522,0.4748172217709179,-0.9984488725296226,-0.0556762870917722,-0.9727758782178068,0.2317479034588543,1.0,1.0,1.0
1637948850.0,3.0,1.105354,380.0,1280.0,826.69568,30371.533,30369.577,30559.153,30564.524,30632.566,30641.834,30660.344,30661.928,30663.158,0.4752233956133225,-0.9985129789399826,-0.0545145016339858,-0.9659258262339266,0.2588190453083122,0.0,0.0,0.0
1637948866.0,2.9674443439978835,0.848877829981,359.6195329672281,2151.6856979934223,871.9051885734334,23664.839295403366,28399.85732328308,26565.595023165974,30104.479699558888,28878.25041565432,28178.6265686322,26950.64165189046,24272.654368123942,32517.11910329628,0.475629569455727,-0.9985757335069192,-0.0533526424005267,-0.958322574466067,0.2856883674018414,1.0,1.0,2.0
1637948882.0,2.9622276494107536,0.8461554897609264,356.5220567818601,2129.994721899417,883.1486703792457,23588.36494729367,28638.882337786064,26323.071464142195,30274.132442952217,28847.874185085733,27532.639481344064,26705.88723857369,24513.728118006464,32426.80159313552,0.4760357432981316,-0.9986371361486108,-0.052190710906261,-0.9499720514477952,0.3123349187459955,1.0,2.0,1.0
1637948898.0,3.0,0.782806,390.0,1280.0,847.13472,32658.495,32646.617,32824.753,32860.993,32931.342,32945.941,32950.99,32951.92,32957.116,0.4764419171405361,-0.9986971867788558,-0.0510287087824021,-0.9408807689441466,0.3387379202732865,0.0,0.0,0.0
1637948914.0,2.96793209136607,0.8501330987836919,361.3888429120966,2150.294931571537,875.1868353892912,23885.637496606672,28738.29709684792,26841.098998930698,30516.473193679096,29209.82541590598,28447.07699377848,27270.01428891425,24385.402721777667,32870.59099491769,0.4768480909829407,-0.9987558853193582,-0.0498666375440022,-0.9310558157606926,0.3648767845974737,1.0,1.0,2.0
1637948930.0,2.9618663178554683,0.8467795455346772,358.54308683879384,2138.134726117919,885.9689672212129,23842.16715402571,28995.259579461817,26690.901827193105,30692.956703328917,29248.87013639599,27832.944910668175,27057.104978274532,24752.17059395631,32848.04662416439,0.4772542648253452,-0.9988132316877124,-0.0487044988224711,-0.92050485360986,0.3907311281184165,1.0,2.0,1.0
1637948946.0,3.0,1.06273,400.0,1280.0,871.276544,36358.101,36361.505,36595.225,36625.453,36688.517,36691.88,36717.915,36719.48,36726.195,0.4776604386677498,-0.9988692258091484,-0.047542294133039,-0.9092361091109854,0.4162807921207946,0.0,0.0,0.0
1637948962.0,2.9666817248541513,0.851623514228764,363.7038300475076,2152.245572769138,878.2874997883512,24097.865052498753,29072.062832272073,27107.59618522807,30804.963961206384,29406.51212775016,28747.58800317776,27332.497977619547,24489.601912809274,33189.61496906693,0.4780666125101543,-0.9989238676050572,-0.046380025107303,-0.8972583698376246,0.4415058524598834,1.0,1.0,2.0
1637948978.0,2.9609808651942653,0.8487496155751064,360.62453601146433,2139.215921706545,888.6339038761761,24034.18631569877,29271.08078987813,26915.908477977086,31005.216064753226,29479.974578108115,28055.820957704495,27257.4362909143,24907.81218143532,33157.22780510231,0.4784727863525589,-0.9989771570035372,-0.0452176932752004,-0.8845809752712929,0.4663866402332814,1.0,2.0,1.0
1637948994.0,3.0,1.0424,410.0,1280.0,892.29312,36463.969,36431.384,36621.363,36686.131,36810.858,36821.604,36843.826,36849.09,36856.319,0.4788789601949634,-0.9990290939311094,-0.0440553002394333,-0.8712138112855452,0.4909037533216816,0.0,0.0,0.0
1637949010.0,2.9666873120012673,0.8534561981488669,365.44127961372715,2154.6676215968423,880.3121803736701,24254.855181208244,29312.161828661403,27297.23296373889,31079.223244502282,29651.819375882173,28931.651522769353,27519.000181566043,24620.726444372758,33464.9194937275,0.479285134037368,-0.999079678319382,-0.0428928475301,-0.8571673007471768,0.5150380748350541,1.0,1.0,2.0
1637949026.0,2.959718293321533,0.8495606131665445,362.10934063604975,2147.7079173482593,890.3549385627975,24201.497432776003,29525.249934283056,27100.01021988794,31242.009367843384,29737.35309765434,28186.249131057928,27396.042013605515,25100.013486741125,33462.073101179805,0.4796913078797725,-0.9991289100973404,-0.0417303367791456,-0.8424523971708352,0.5387707847509118,1.0,2.0,1.0
1637949042.0,3.0,1.045368,420.0,1280.0,915.120128,40883.28,40884.409,41061.372,41083.946,41147.459,41207.091,41215.415,41217.075,41220.162,0.4800974817221771,-0.9991767892007948,-0.0405677695022856,-0.8270805743051813,0.5620833778070754,0.0,0.0,0.0
1637949058.0,2.9660264908542397,0.8530867226243046,366.64346557035014,2156.5051519173003,881.4846810079129,24359.429248513436,29503.776454709187,27423.898816931192,31234.487488765648,29759.871613811785,29099.635212866928,27507.551899360456,24638.366757538628,33645.224892622085,0.4805036555645816,-0.9992233155625287,-0.039405147331626,-0.8110638191477298,0.584957674767584,1.0,1.0,2.0
1637949074.0,2.9586399981626124,0.8508794677827325,363.62667151657365,2151.0868360643085,891.7939681813997,24351.98012843301,29706.91544831491,27254.7886228114,31454.8350266533,29911.71068059768,28323.208806317663,27531.917589793688,25223.5477097427,33698.03743245252,0.4809098294069862,-0.9992684891218798,-0.0382424717830275,-0.7944146205484478,0.6073758397062445,1.0,2.0,1.0
1637949090.0,3.0,0.950387,430.0,1280.0,938.602496,42575.66,42584.994,42789.815,42806.549,42874.779,42908.045,42909.503,42914.021,42928.779,0.4813160032493907,-0.9993123098159692,-0.0370797444742062,-0.7771459613135554,0.6293203912269408,0.0,0.0,0.0
1637949106.0,2.9670816244683538,0.8512109055768956,367.3317422321225,2161.3562447985864,880.7042090516649,24296.899135851527,29562.634849624905,27534.64279140391,31330.19981465026,29887.310670126288,29228.055884401983,27586.887181998325,24613.682459635857,33660.69107694419,0.4817221770917952,-0.9993547775860436,-0.0359169669647856,-0.7592713073273513,0.6507742172746358,1.0,1.0,3.0
1637949122.0,2.9684354192959304,0.8412745024158217,360.6695844597658,2151.4238423018114,888.9195799654233,24254.58049682992,29273.444289006453,27435.186337997548,31131.347245474884,29775.002789136575,28473.780111735185,27430.986402376308,24754.980259342046,33194.71666611477,0.4821283509341998,-0.9993958923746076,-0.034754140828998,-0.7408045961114901,0.671720589516275,1.0,2.0,2.0
1637949138.0,2.9591595609848613,0.8490095045168864,359.93212536151884,2154.7697101800004,896.13876629073,24457.434294340514,29686.029456538963,27296.525022673763,31465.315462048104,29983.390662658214,28088.765783967567,27623.82096064384,25312.22312786925,33671.66647911876,0.4825345247766044,-0.999435654125509,-0.0335912676556851,-0.7217602280674977,0.6921431739025921,1.0,3.0,1.0
1637949154.0,3.0,1.114624,440.0,1280.0,961.888256,45464.203,45460.524,45599.659,45664.14,45748.38,45761.065,45772.35,45778.363,45785.435,0.4829406986190089,-0.9994740627863828,-0.0324283489755776,-0.7021530527858734,0.7120260461973835,0.0,0.0,0.0
1637949170.0,2.965105144738457,0.8521417753430123,367.4865679502533,2157.511790591588,883.699163023125,24482.014850895284,29725.94167787941,27597.960892009163,31450.784784072985,29894.92700862215,29277.35794941713,27530.94271443167,24666.48199383902,33845.07213325687,0.4833468724614135,-0.9995111183033076,-0.0312653864212746,-0.6819983603462975,0.7313537013545237,1.0,1.0,2.0
1637949186.0,2.957413952043838,0.8490667625584093,364.2446796277004,2162.1901848230063,892.8640548152675,24478.63179867521,29883.244306941342,27458.318590287978,31647.11893318239,30136.561629366348,28477.68365629504,27681.462479348957,25356.703921743836,33926.5530629833,0.483753046303818,-0.9995468206279692,-0.0301023815090808,-0.6613118654276954,0.7501110695387329,1.0,2.0,1.0
1637949202.0,3.0,1.253992,450.0,1280.0,987.17696,47078.102,47065.373,47265.371,47355.421,47418.465,47438.269,47463.364,47464.591,47473.262,0.4841592201462226,-0.999581169710246,-0.0289393358717164,-0.6401096997577143,0.7682835233662694,0.0,0.0,0.0
1637949218.0,2.9656087414506316,0.8503624153440297,368.62859374341883,2163.1794316971773,882.3891221737274,24410.107284546346,29762.104815662486,27656.619924976374,31466.440529431526,29950.275124907548,29419.210678152747,27504.364663901142,24635.45736637531,33825.02718512817,0.4845653939886271,-0.999614165505353,-0.0277762510255945,-0.6184083954406048,0.7858568931100475,1.0,1.0,3.0
1637949234.0,2.9675539719318316,0.8415698695397871,361.9024192683023,2154.506153814208,890.4895462420446,24387.212403201178,29447.1830284735,27551.066282815365,31313.532744984423,29913.6441635703,28604.54390075351,27538.16323347261,24849.797174889143,33392.43995514888,0.4849715678310317,-0.9996458079669672,-0.0266131286035475,-0.5962248752241238,0.8028174749991296,1.0,2.0,2.0
1637949250.0,2.957356384159713,0.8499062469734859,360.981122548348,2159.338362794445,897.2951165721076,24594.90335566106,29865.966992833957,27371.480290630592,31619.898484192498,30123.773657157544,28124.041343372024,27661.071852494788,25439.83186121196,33905.08058145671,0.4853777416734362,-0.9996760970534628,-0.0254499701366357,-0.5735764364105649,0.8191520442473162,1.0,3.0,1.0
1637949266.0,3.0,0.842846,460.0,1280.0,1011.863552,49895.996,49945.328,50118.301,50134.896,50274.113,50294.881,50303.81,50307.022,50316.201,0.4857839155158407,-0.999705032723428,-0.0242867772141533,-0.5504807403262486,0.8348478631043295,0.0,0.0,0.0
1637949282.0,2.966318088820994,0.84804770687652,367.2525028346585,2161.7152474917725,881.6949566757323,24358.89404509468,29726.761943861413,27581.37555019713,31469.769987083782,29930.93905735613,29334.94266228009,27502.019760393763,24518.61530052266,33780.94589557684,0.4861900893582453,-0.999732614937688,-0.023123551410895,-0.5269557955303643,0.8498926929659772,1.0,1.0,3.0
1637949298.0,2.967771284635787,0.8422575585260748,362.031728938627,2153.1891581459545,891.3501706122133,24414.353190609552,29511.216735185568,27614.819279153475,31407.08889777377,29955.35392173,28640.564997539004,27625.87971903225,24894.115682094623,33457.9949654051,0.4865962632006498,-0.9997588436585814,-0.0219602943162483,-0.5030199468514512,0.8642748018249538,1.0,2.0,2.0
1637949314.0,2.957097520353783,0.847849033796186,360.50677746245526,2166.3783035673678,897.0517910105524,24592.5950214683,29881.78482467607,27411.993546244303,31634.010043658847,30177.30588386494,28152.992219379536,27691.222381480296,25454.44819148251,33935.27192147944,0.4870024370430544,-0.9997837188515566,-0.0207970074614496,-0.4786918579464137,0.8779829754248145,1.0,3.0,1.0
1637949330.0,3.0,1.097372,470.0,1280.0,1038.155776,52892.226,52898.136,53086.803,53126.255,53198.82,53230.996,53257.707,53258.495,53268.11,0.487408610885459,-0.9998072404822634,-0.0196336924505165,-0.4539904995232746,0.8910065242985641,0.0,0.0,0.0
1637949346.0,2.9652957202115764,0.8471672459905024,367.8456885201558,2162.2302469308397,882.4612582759875,24402.685879257453,29819.429830476714,27636.72591619677,31510.465281581273,29933.980393888607,29430.668671258005,27411.491372582805,24522.460627399785,33844.95688967527,0.4878147847278635,-0.9998294085183194,-0.0184703508875081,-0.42893513337929,0.9033352928746284,1.0,1.0,3.0
1637949362.0,2.9672150506527544,0.8424079082841134,362.5947651801779,2154.0535498646746,892.0360736367744,24457.229820767407,29585.30916903729,27690.42689070959,31481.216002287874,30017.005043967114,28704.33692760406,27666.79723232104,24943.671341159985,33537.570038911086,0.4882209585702681,-0.9998502229305692,-0.0173069843037727,-0.4035452961000894,0.9149596679611026,1.0,2.0,2.0
1637949378.0,2.956346727631864,0.8463922479707005,360.25629662201237,2171.8967987560877,896.6869043437345,24586.031542948487,29893.288254513747,27417.46433688373,31619.645034946785,30205.41689430555,28141.25805545041,27650.41635330279,25463.016555962422,33960.42724090406,0.4886271324126726,-0.9998696836905476,-0.0161435942888893,-0.3778407871945837,0.9258705846565044,1.0,3.0,1.0
1637949394.0,3.0,1.182359,480.0,1280.0,1064.546304,56203.621,56207.242,56416.768,56521.373,56597.669,56633.365,56640.246,56645.988,56664.143,0.4890333062550772,-0.9998877907719076,-0.0149801824179193,-0.3518416485515585,0.9360595356837734,0.0,0.0,0.0
1637949410.0,2.9646529471359897,0.845533401047377,367.8005938303759,2162.0589120291356,882.3073001408226,24392.061875835592,29831.664848892935,27621.825795349545,31483.347448627454,29888.48165277168,29457.50554010699,27284.08990357581,24468.678081960472,33831.48330405439,0.4894394800974817,-0.9999045441499336,-0.0138167502805042,-0.3255681548100314,0.9455185754778124,1.0,1.0,3.0
1637949426.0,2.966822540349052,0.8420103251282407,362.70733543530537,2154.4517964167953,892.0279181901984,24462.06820748521,29584.325096185006,27696.068180244285,31485.73110787497,30011.922533669047,28715.78129793325,27664.0311628377,24943.885658669566,33542.79937132349,0.4898456539398862,-0.999919943802547,-0.012653299408111,-0.2990407923742842,0.954240328479236,1.0,2.0,2.0
1637949442.0,2.9560007519186127,0.8453128533096235,359.8849590535046,2173.7012782386855,895.9468457290494,24561.930760229407,29829.366626186606,27381.953617697087,31574.387654026403,30185.5448484397,28107.845101064362,27598.23512760376,25418.88263435768,33930.182616214566,0.4902518277822908,-0.9999339897081287,-0.0114898314340859,-0.2722802473679065,0.9622179934366596,1.0,3.0,1.0
1637949458.0,3.0,1.173901,490.0,1280.0,1092.616192,57834.915,57831.485,58034.998,58083.737,58153.604,58176.878,58190.514,58196.994,58206.428,0.4906580016246953,-0.9999466818483655,-0.0103263478753927,-0.24530738596687,0.9694453498728544,0.0,0.0,0.0
1637949474.0,2.9663819929177,0.8418682702023762,366.3523569669451,2162.1989448994486,879.9116644658399,24176.918107989746,29577.471071875938,27475.0089495355,31268.847788458028,29743.56079106516,29358.458050637477,27099.719542701787,24251.628953253254,33569.04021093609,0.4910641754670999,-0.9999580202054388,-0.0091628503654236,-0.2181432416963075,0.975916761871742,1.0,1.0,4.0
1637949490.0,2.967724194855638,0.8380228334054274,361.6799145223189,2157.9190860138806,889.1610753677076,24253.623412695568,29384.159258856387,27578.612973894113,31308.641792710994,29894.457872868872,28651.39881981362,27585.840460675696,24791.59386625362,33279.63507643647,0.4914703493095044,-0.9999680047645656,-0.0079993404211806,-0.190808995433303,0.9816271834366312,1.0,2.0,3.0
1637949506.0,2.9681470951858855,0.8386806846954082,357.15316047968264,2154.446469776907,894.8181939985099,24422.764321898383,29310.177671758996,27481.182739243093,31221.567758923054,29866.933591576166,28256.903039904428,27533.640654124785,24845.35659042037,33238.47824766554,0.491876523151909,-0.9999766355117284,-0.0068358196760931,-0.1633259625120811,0.9865721615621952,1.0,3.0,2.0
1637949522.0,2.9563810612677695,0.841688959630289,355.14376477872577,2171.5673011555355,896.5517080167687,24454.236623281595,29586.746481951697,27139.395464694557,31247.936371179785,29938.925505588748,27658.88793931377,27359.94932818848,25330.55470791574,33638.49119775739,0.4922826969943135,-0.9999839124356744,-0.0056722896471935,-0.1357155724588729,0.9907478404680782,1.0,4.0,1.0
1637949538.0,3.0,0.898278,500.0,1280.0,1122.156544,61168.709,61157.647,61366.023,61445.15,61544.467,61566.413,61582.506,61586.617,61587.854,0.4926888708367181,-0.9999898355261876,-0.0045087519679393,-0.1079993559457299,0.9941509639462748,0.0,0.0,0.0
1637949554.0,2.9664757494763236,0.8366175466379837,363.27848243217557,2161.1710317538004,877.5403024822407,23976.261169621514,29310.983158173753,27211.993400099444,30973.85759320035,29476.05314785379,29099.522515355842,26855.73066048251,24008.490074535624,33256.90235058205,0.4930950446791227,-0.9999944047754966,-0.0033452081699368,-0.0801989243206608,0.9967788784569068,1.0,1.0,4.0
1637949570.0,2.967558616137715,0.8350084913932991,359.6257755668182,2156.9531672553644,887.6403200403728,24102.655400244563,29149.986868931606,27387.409582345623,31062.483230907186,29661.538779403953,28465.257207654948,27424.512833580982,24653.37269969799,33028.97161220735,0.4935012185215272,-0.9999976201773648,-0.0021816598284554,-0.0523359559857303,0.9986295347680538,1.0,2.0,3.0
1637949586.0,2.9680778771306446,0.8349054932772153,354.83997676193104,2154.611723966209,892.669822473455,24232.64393138761,29017.12102267582,27259.557649881903,30916.230652751252,29613.68074344335,28045.945683491213,27315.399877718686,24665.878064440632,32940.47693332115,0.4939073923639318,-0.9999994817273432,-0.0010181085624266,-0.0244321781114183,0.9997014897821908,1.0,3.0,2.0
1637949602.0,2.9561299084298627,0.8357801003816698,351.62859856685634,2174.862132764193,892.1433787645577,24161.032605365974,29084.863169135348,26821.31618508279,30776.682734397837,29616.070983917187,27359.682239548398,26980.23103914916,25003.513001855754,33206.16667357701,0.4943135662063363,-0.9999999894230052,0.0001454441110773,0.0034906517058109,0.999993907656776,1.0,4.0,1.0
1637949618.0,3.0,0.898794,510.0,1280.0,1151.73376,65327.74,65332.216,65543.779,65575.275,65638.489,65688.218,65713.245,65716.409,65725.187,0.4947197400487408,-0.9999991432636378,0.0013089965585672,0.0314107586869297,0.9995065603780254,0.0,0.0,0.0
1637949634.0,2.9737455840342997,0.8178588547744425,354.7261394902942,2157.6759537823586,870.092613815205,22918.318597682992,28007.9487703239,26357.33185809688,29669.884714409738,28720.397994015035,28426.670075232396,25883.519173259425,23122.11621393739,31997.583688945175,0.4951259138911454,-0.9999969432503444,0.0024725472629693,0.0593063734341619,0.9982398279321896,1.0,1.0,24.0
1637949650.0,2.9767313501655797,0.8165117029307802,350.78776201939695,2154.6975277918773,879.0719103329718,22930.93683432688,27666.702110613445,26515.61907886496,29684.909927498447,28887.99828915585,27757.551514185077,26516.810967279947,23713.885261609423,31630.07810311274,0.4955320877335499,-0.9999933893862132,0.0036360945907972,0.0871557423906527,0.9961946981229794,1.0,2.0,23.0
1637949666.0,2.9783605190831897,0.8137471064656587,345.5153086470549,2156.44103970949,881.740196928589,22904.862758450483,27403.96943862165,26356.910552855676,29441.79893833215,28806.606330524774,27327.874295869697,26389.922329784866,23629.631226093847,31345.295103660104,0.4959382615759545,-0.999988481675948,0.0047996370104318,0.1149371503845619,0.9933727656129276,1.0,3.0,22.0
1637949682.0,2.979358860316248,0.8112790621005277,341.5347127063371,2157.00633738967,883.0990955386419,22871.44672635426,27200.783643052993,26248.25951409732,29211.650950830888,28664.463148581737,27007.705620607936,26298.52311938242,23582.831962744214,31103.112575694147,0.496344435418359,-0.9999822201262292,0.0059631729320537,0.1426289333834913,0.9897762309541928,1.0,4.0,21.0
1637949698.0,2.979920091006559,0.8084633220701718,338.1397373452429,2157.689847969537,883.5681728516768,22824.219489809624,27011.635973104232,26142.585410760308,28957.803604348504,28502.65216193193,26736.65943740409,26180.52975504448,23537.744142397398,30870.15573014771,0.4967506092607636,-0.9999746047455338,0.0071267007804038,0.1702094990911369,0.9854078984964268,1.0,5.0,20.0
1637949714.0,2.980127965485654,0.8056354478853209,335.2403966467176,2158.527975503025,883.5657647473729,22775.7112140118,26837.8011664501,26035.540521015337,28706.531549470154,28334.801826099392,26498.621240606895,26057.53380601846,23492.600574721502,30650.565900888636,0.4971567831031681,-0.9999656355442926,0.0082902189656827,0.1976573400925693,0.980271174679502,1.0,6.0,19.0
1637949730.0,2.980077200878459,0.8028992197462356,332.76522902997186,2159.5944746996706,883.2662928961356,22727.098853774656,26678.269285995644,25926.731338354126,28468.13718894974,28168.80080112543,26285.095371688243,25935.93204024524,23447.429133381065,30442.956447402823,0.4975629569455727,-0.9999553125342868,0.0094537259563096,0.2249510543019845,0.974370064794904,1.0,7.0,18.0
1637949746.0,2.979846449058807,0.8003213044040762,330.6642474568061,2160.960709698698,882.7766343183165,22677.954985424287,26531.70031764414,25818.466393108603,28247.975101729684,28009.368914522598,26094.442763000618,25820.385774100025,23403.580761984176,30246.28150320779,0.4979691307879773,-0.9999436357300084,0.0106172201188593,0.2520693579921852,0.9677091705473332,1.0,8.0,17.0
1637949762.0,2.9794822005544748,0.7979154712802521,328.8748317171096,2162.603577001797,882.1645798257427,22629.00820003595,26396.44018149494,25710.334264031495,28047.6413998891,27857.57069596852,25921.159193796477,25712.771673622796,23361.424631732312,30059.726928162552,0.4983753046303818,-0.9999306051466822,0.0117806999363342,0.2789911060296651,0.9602936856797216,1.0,9.0,16.0
1637949778.0,2.9790144267966014,0.7956802036054513,327.3427405566659,2164.491421607464,881.4774995057443,22580.948287976742,26271.08605029055,25602.28058915619,27867.28691663764,27713.565824914844,25761.308920227086,25613.889334806154,23321.223993901694,29882.77226738247,0.4987814784727863,-0.9999162208026016,0.0129441637753472,0.3056953047476589,0.9521293928113111,1.0,10.0,15.0
1637949794.0,2.9784601536025805,0.7936082256268812,326.0216677589599,2166.5894117831767,880.7492352508056,22534.52416450237,26154.75238162696,25494.64636627323,27706.396099119374,27577.21937841405,25612.215686012663,25523.782732332893,23283.09096256525,29715.31590824719,0.4991876523151909,-0.9999004827165212,0.0141076101189402,0.3321611319054568,0.9432226579399404,1.0,11.0,14.0
1637949810.0,2.9778263957501796,0.7916922615917487,324.87331613154305,2168.8618173270347,880.0049490752314,22490.61900763643,26047.1706800326,25388.141389696604,27564.255580432957,27448.428616974,25472.213177953578,25442.142804700055,23247.132696477776,29557.709777393018,0.4995938261575954,-0.9998833909103132,0.0152710373483232,0.3583679497996122,0.9335804263995806,1.0,12.0,13.0
1637949826.0,2.9771124922992827,0.7899266947136958,323.86748998899054,2171.2739027710927,879.2646764068304,22450.253953475927,25948.674717401034,25283.737379579405,27440.211337890658,27327.229437525686,25340.365139803864,25368.608464019424,23213.598819790608,29410.696142619712,0.5,-0.9998649454071682,0.0164344438883853,0.3842953227115825,0.9232102170914276,1.0,13.0,12.0
1637949842.0,2.976311454909727,0.7883075908723202,322.98163273811673,2173.793563879158,878.5461944067085,22414.56961966361,25860.143877983246,25182.535165745416,27333.791090458995,27213.811227325707,25216.235023512338,25302.942494748648,23183.0059244199,29275.307239448495,0.5004061738424046,-0.9998451462313416,0.0175978282076925,0.4099230341201593,0.9121201160470712,1.0,14.0,11.0
1637949858.0,2.9754105626874083,0.7868314188390673,322.19998528306746,2176.3906537947532,877.8675049923735,22384.805165323225,25782.94342430333,25085.648550760467,27244.751279594522,27108.46982659842,25099.671120890995,25245.10897390743,23156.19517562003,29152.789681245922,0.5008123476848091,-0.9998239934106284,0.0187611886729918,0.4352310990333096,0.9003187715660812,1.0,15.0,10.0
1637949874.0,2.9743912167774558,0.785493509808399,321.51178260766056,2179.0352021464614,877.24906099638,22362.266880962477,25718.843825353964,24994.09929249691,27173.060996852648,27011.548112926044,24990.61522553301,25195.22619958607,23134.357088574277,29044.561087983515,0.5012185215272137,-0.999801486972609,0.0199245237674598,0.4601997846709115,0.887815385194944,1.0,16.0,9.0
1637949890.0,2.9732282089238353,0.7842860429385514,320.9091081707862,2181.6950565657994,876.7157354605163,22348.27583831121,25669.937005715383,24908.684287965236,27118.7870044737,26923.3332617565,24888.89086056663,25153.41990221564,23119.014804196122,28952.196455276473,0.5016246953696182,-0.9997776269488792,0.0210878318579127,0.4848096199458783,0.8746197073059427,1.0,17.0,8.0
1637949906.0,2.971888355526444,0.783195154010033,320.38362925802863,2184.3353692761507,876.2985447682169,22344.04040228036,25638.468843793256,24829.734650962044,27081.865012892915,26843.878499573664,24793.845990391987,25119.518518597095,23111.97515536259,28877.359999577377,0.5020308692120228,-0.9997524133705488,0.0222511114275953,0.5090414156692991,0.8607420270518896,1.0,18.0,7.0
1637949922.0,2.9703286293837143,0.7821968117090587,319.92186185427306,2186.923522630247,876.0364145877193,22350.425274365833,25626.54973862686,24756.606686382744,27061.58289154672,26772.58843245319,24703.743091843648,25092.45860464112,23115.21964991517,28821.644064997585,0.5024370430544273,-0.9997258462730144,0.0234143608434018,0.5328762758079801,0.8461931662930264,1.0,19.0,6.0
1637949938.0,2.9684915507368697,0.7812498262690035,319.4967731912204,2189.4460235433125,875.9776247346459,22367.431070451883,25635.671810692467,24686.561292409897,27055.482800920563,26707.184224189834,24614.436506478043,25069.015143822915,23130.651130019854,28786.085843771503,0.5028432168968319,-0.9996979256912728,0.0245775785741059,0.5562956154494767,0.8309844693083548,1.0,20.0,5.0
1637949954.0,2.966304561579948,0.7802979587277258,319.0493036526002,2191.8523010246013,876.1886816985285,22392.641060716636,25665.528383969777,24612.495583906628,27057.049240892866,26641.352966230217,24516.808881804805,25040.773487687315,23159.618061625668,28769.55024857928,0.5032493907392364,-0.999668651663448,0.0257407630303313,0.5792811721164927,0.8151277958892964,1.0,21.0,4.0
1637949970.0,2.9635972340977075,0.7791767581124905,318.4627859882947,2194.7609512413665,876.7152431369697,22419.469594807048,25714.62364309071,24508.494964291633,27048.232916155303,26554.664353540342,24389.530665807964,24988.473963897974,23200.013815108076,28767.382925738213,0.503655564581641,-0.999638024229173,0.0269039126372947,0.6018150231295718,0.7986355100642301,1.0,22.0,3.0
1637949986.0,2.9614786676647538,0.7802554891869935,317.44303191243444,2193.37981127711,878.7820387908929,22416.801584208584,25691.192486672415,24387.39935942767,26976.00853549075,26403.085230047822,24206.81332417848,24831.860918287188,23197.70463685454,28747.85099742438,0.5040617384240454,-0.9996060434303212,0.028067025805714,0.6238795965183334,0.7815204725713343,1.0,23.0,2.0
1637950002.0,2.946307763284511,0.7692383049428936,311.44727858254544,2240.3124502734677,868.2787172752809,21849.43114662506,25344.606708295323,23376.30199226976,26292.778603956478,26031.02344294053,23226.273148537624,23780.402717153534,23033.78271276254,28636.38071373759,0.50446791226645,-0.9995727093089648,0.029230101004541,0.6454576877276771,0.7637960286314931,1.0,24.0,1.0
1637950018.0,3.0,1.203652,550.0,1280.0,1282.031616,95587.503,95593.847,95773.663,95818.216,95895.118,95935.748,95947.283,95958.146,95965.894,0.5048740861088545,-0.9995380219119008,0.0303931366009569,0.6665324700918287,0.7454759998237941,0.0,0.0,0.0
1637950034.0,2.9633021706016107,0.7770618721520589,336.40723561721694,2160.049100205307,856.5514794228657,21560.928173238077,26070.188008568082,24347.03992346947,27094.25435382618,26405.41729273695,26491.673624813502,23750.519133073383,21732.527937913994,29420.738443536815,0.5052802599512591,-0.9995019812843556,0.0315561310785617,0.6870875108319613,0.7265746709449342,1.0,1.0,43.0
1637950050.0,2.9690582892614827,0.7902732528019367,336.9440529404893,2164.8661635588733,869.2512168200675,21994.81124121829,26208.219929390696,25123.199079194106,27858.439683455475,27278.07663639904,26378.533992721343,25342.090491576644,22979.545516883823,29796.34577707359,0.5056864337936637,-0.999464587475974,0.0327190828337382,0.7071067813896593,0.7071067809834357,1.0,2.0,42.0
1637950066.0,2.972459130192034,0.7882656190215184,332.4199624070116,2169.439837975381,873.2413332734857,22005.42169518651,26082.02952100645,25074.83422590344,27725.13032556003,27370.160929164245,26033.348946866616,25200.709408976145,22925.972953050717,29647.767060111455,0.5060926076360682,-0.9994258405383676,0.0338819902629309,0.726574671019707,0.6870875107528913,1.0,3.0,41.0
1637950082.0,2.974441373319744,0.786546384706039,328.8781703518533,2170.8427979102644,875.2011341775137,21979.20842946818,25933.31012562105,25018.92788524532,27537.94631238986,27276.472414931362,25749.29425095443,25130.16286927797,22920.448392738683,29463.34015420179,0.5064987814784728,-0.999385740522566,0.0350448518353642,0.7454759998963298,0.6665324700107019,1.0,4.0,40.0
1637950098.0,2.975575872623017,0.7831931514005509,325.33526850121234,2172.0889107621747,875.7834137982051,21893.942949483495,25732.89057238809,24897.234916498302,27252.326321196968,27086.582601296315,25450.783312768395,24970.217657563197,22868.79043995216,29207.052059683592,0.5069049553208773,-0.9993442874833344,0.0362076659621479,0.7637960284011707,0.6454576880002268,1.0,5.0,39.0
1637950114.0,2.9760836508829933,0.779086344441791,321.8978897043838,2173.616180353243,875.628000097772,21781.971496375405,25506.000814222432,24731.827513603974,26920.92721453886,26840.812406537058,25145.194723199253,24771.17213987359,22790.07768894734,28913.045856168028,0.5073111291632819,-0.9993014814767948,0.0373704310690004,0.7815204723487117,0.6238795967972078,1.0,6.0,38.0
1637950130.0,2.9761442414665837,0.7744200510528769,318.53901044136404,2175.679691766547,874.947116632849,21648.52662278578,25260.50665997401,24532.107825786836,26559.444300583164,26558.650150705413,24830.861549830264,24541.93893149472,22689.07467811644,28589.69962811962,0.5077173030056864,-0.9992573225614608,0.0385331455671649,0.798635509849481,0.6018150234145535,1.0,7.0,37.0
1637950146.0,2.9758805131413983,0.7693194876503592,315.2362035951072,2178.4117927503926,873.869195632979,21495.69371280658,25000.138102925834,24306.181963567506,26176.43921848394,26250.318413269626,24510.43032652069,24289.555220395625,22570.11854966204,28242.00602489609,0.508123476848091,-0.9992118107954352,0.039695807926118,0.8151277956825881,0.5792811724073594,1.0,8.0,36.0
1637950162.0,2.9753671653593754,0.7638252989118918,311.94490162868755,2181.8175692832274,872.4673524961725,21325.26498962376,24726.065807966643,24057.233808490193,25775.356405307357,25920.060459037726,24181.104668874552,24016.975981387117,22434.909597121143,27872.568560098975,0.5085296506904955,-0.9991649462426108,0.0408584165136203,0.8309844691098486,0.5562956157460016,1.0,9.0,35.0
1637950178.0,2.9746548217271527,0.7579519178454579,308.62576229224373,2185.8793568153014,870.7871003937738,21138.424182778,24438.616157206387,23787.560153644048,25357.879134946306,25570.128510973016,23840.696882899145,23725.83942624336,22284.23138017474,27483.021709901725,0.5089358245329001,-0.9991167289640912,0.0420209698138287,0.8461931661028771,0.5328762761099322,1.0,10.0,34.0
1637950194.0,2.9737786222275773,0.751706454307207,305.2479702645399,2190.568853561185,868.857138577743,20936.205977819947,24138.032397689276,23499.23540225481,24925.11207521077,25202.15959291116,23487.878747928095,23417.20156671293,22118.364493712543,27074.774420027778,0.5093419983753046,-0.9990671590275676,0.0431834661946569,0.8607420268702454,0.5090414159764427,1.0,11.0,33.0
1637950210.0,2.9727641628682173,0.7451008765549905,301.79119779165126,2195.8473932494007,866.6970904224855,20719.78394220006,23824.87307389405,23194.476039960944,24478.27610966243,24817.877995364866,23122.314648296502,23092.140711566644,21937.479896210403,26649.44877486762,0.5097481722177092,-0.9990162364976706,0.044345904140408,0.8746197071329453,0.4848096202579739,1.0,12.0,32.0
1637950226.0,2.971631884323735,0.7381584101188963,298.2464740267596,2201.6636508166885,864.3227905516356,20490.584771798156,23500.156128514587,22875.761713739266,24019.077384443186,24419.42206137844,22744.660954123898,22752.125986826566,21741.90401925083,26209.07888559541,0.5101543460601138,-0.9989639614458896,0.0455082820191578,0.8878153850307282,0.4601997849877158,1.0,13.0,31.0
1637950242.0,2.9704001651356298,0.7309164291427495,294.6157226153681,2207.9522947039386,861.7501163995705,20250.317237483443,23165.36813968944,22545.825347911014,23549.863705004806,24009.41350473934,22356.466327362083,22399.171556836583,21532.275479459204,25756.148685107044,0.5105605199025183,-0.9989103339410614,0.0466705983008278,0.9003187714107751,0.4352310993545755,1.0,14.0,30.0
1637950258.0,2.9690871326881556,0.7234255795018543,290.91028196799164,2214.635101920865,858.9973106942282,20000.910288746774,22822.383033381993,22207.530829716965,23073.580027948738,23590.87757025236,21959.97171467383,22035.830430645146,21309.604542321442,25293.512620609155,0.5109666937449229,-0.9988553540564352,0.0478328513972727,0.9121201160916812,0.4099230340208973,1.0,15.0,29.0
1637950274.0,2.967711266866964,0.7157469467102939,287.14863480356485,2221.6246241219546,856.0858590773427,19744.413896335383,22473.303203032607,21863.716100913844,22593.591664722968,23167.053027570422,21557.858326075664,21665.05572497786,21075.262592132964,24824.23827797542,0.5113728675873274,-0.9987990218664456,0.0489950397349704,0.9232102171332486,0.3842953226111136,1.0,16.0,28.0
1637950290.0,2.966291144495588,0.7079469486742638,283.3533885808996,2228.8298351282747,853.0399603214971,19482.859246526674,22120.275380783358,21517.019570130942,22113.393124073926,22741.157603317937,21152.941741693474,21289.96902295074,20830.889839198317,24351.39881938185,0.511779041429732,-0.9987413374466289,0.0501571617550197,0.9335804266054584,0.3583679492632825,1.0,17.0,27.0
1637950306.0,2.9648444787691437,0.7000915530090698,279.54838540628236,2236.163182307688,849.8850761161983,19218.12293864971,21765.294808212093,21169.72876421309,21636.305209289378,22316.148461913337,20747.89016798482,20913.600242143828,20578.265552437373,23877.854887926565,0.5121852152721365,-0.9986823008772704,0.0513192158404752,0.943222657976088,0.3321611318028101,1.0,18.0,26.0
1637950322.0,2.9633870793752113,0.6922410038958177,275.75595066550665,2243.546571022677,846.6458708008616,18951.812122671417,21410.050666691655,20823.67778178365,21165.19127867702,21894.526010273843,20344.989754460323,20538.650419058893,20319.160328963255,23406.065632939513,0.512591389114541,-0.998621912235344,0.0524812004762168,0.952129392702228,0.3056953050874126,1.0,19.0,25.0
1637950338.0,2.9619319624278138,0.6844455680174834,271.9948953920039,2250.9158970874796,843.3442046112237,18685.178583342804,21055.80784085195,20480.197873274854,20702.24892264788,21478.20887746959,19945.982978022177,20167.303423153677,20055.194867515333,22937.942486943488,0.5129975629569455,-0.9985601716056284,0.0536431140309565,0.9602936855801676,0.2789911063723323,1.0,20.0,24.0
1637950354.0,2.9604889186532066,0.6767429513111791,268.2792122571518,2258.22318865491,839.9976567087034,18419.085174507,20703.360732432306,20140.11744092785,20248.913529369158,21068.47821258936,19552.00331556074,19801.130265454714,19787.72599614198,22474.783489204357,0.5134037367993501,-0.99849707906942,0.0548049549752274,0.9677091704573858,0.2520693583374985,1.0,21.0,23.0
1637950370.0,2.959064601515226,0.6691575583581376,264.6175530415674,2265.4361088493815,836.6185779927083,18154.007974694156,20353.030797020256,19803.802192517986,19805.842830541933,20665.985111691793,19163.581745734016,19441.057820790003,19517.768625939887,22017.25655682409,0.5138099106417546,-0.9984326347129008,0.0559667217215333,0.9743700647146336,0.2249510546496746,1.0,22.0,22.0
1637950386.0,2.9576628488728147,0.6617008893506805,261.013362735395,2272.5361668501987,833.2138556415479,17890.07093061086,20004.71426973745,19471.215680817648,19372.98366364149,20270.810652327913,18780.716101282178,19087.406299173617,19245.957966753194,21565.450291050907,0.5142160844841592,-0.9983668386233188,0.0571284126970104,0.9802711746089706,0.1976573404423651,1.0,23.0,21.0
1637950402.0,2.9562854628893556,0.6543730153873693,257.4653835704207,2279.5151761573525,829.7852020849491,17627.102672462785,19657.947133753984,19142.001464295798,18949.678915135646,19882.55563586861,18402.974787890787,18739.970072511416,18972.54023595202,21118.95018674453,0.5146222583265637,-0.9982996908906012,0.0582900263143705,0.98540789843569,0.1702094994427657,1.0,24.0,20.0
1637950418.0,2.9549329436762033,0.6471645810824873,253.9683578905454,2286.3712716446767,826.3297650571478,17364.70364533863,19311.985484185272,18815.55909032127,18534.797335952062,19500.433733851434,18029.60870768052,18398.11321114777,18697.39495736407,20676.940864585682,0.5150284321689683,-0.9982311916031112,0.0594515610445386,0.9897762309032976,0.1426289337366789,1.0,25.0,19.0
1637950434.0,2.953605324280364,0.6400588131004022,250.51388824328342,2293.104714028733,822.8408741092219,17102.313548536196,18965.877886390033,18491.11513636916,18126.862429692213,19123.371442366006,17659.669994084903,18060.8753947213,18420.05942815796,20238.302107394073,0.5154346060113729,-0.998161340857014,0.0606130152568583,0.993372765571914,0.1149371507390328,1.0,26.0,18.0
1637950450.0,2.952302968218901,0.6330333953801253,247.0911263777914,2299.7131007061375,819.3088004997836,16839.272923988003,18618.529728669313,18167.784521670656,17724.160014018616,18750.082351566423,17292.11309904092,17727.057074402655,18139.75752162992,19801.69962993865,0.5158407798537774,-0.9980901387433824,0.0617743874369916,0.9961946980918792,0.0871557427461306,1.0,27.0,17.0
1637950466.0,2.9510273802321465,0.626061941468022,243.68731889431413,2306.186676866493,815.7214287885126,16574.878739815438,18268.748792598824,17844.6148307483,17324.832645953065,18379.134761873167,16925.885817901777,17395.30277704712,17855.417340524647,19365.657261073367,0.516246953696182,-0.9980175853621764,0.0629356759545104,0.9982398279110272,0.0593063737903695,1.0,28.0,16.0
1637950482.0,2.9497820500839134,0.6191149661981531,240.28817717601203,2312.5025395626894,812.0646528355308,16308.4195727169,17915.27173308691,17520.613494399306,16926.93695704136,18008.980308681006,16559.99848694718,17064.154679984204,17565.672146157485,18928.596597442705,0.5166531275385865,-0.9979436808079928,0.0640968792952928,0.999506560366817,0.0314107590435894,1.0,29.0,15.0
1637950498.0,2.948573446174807,0.6121600338142769,236.8778820131089,2318.6179533393897,808.322560422732,16039.193237654628,17556.762538836316,17194.74500982225,16528.481902553514,17637.96788789256,16193.574333473254,16732.083733944528,17268.83232989617,18488.843664065007,0.5170593013809911,-0.9978684251845846,0.0652579958291476,0.999993907657156,0.003490651596986,1.0,30.0,14.0
1637950514.0,2.9474122647190413,0.605160938855173,233.4386882382513,2324.4615771207564,804.4771054840297,15766.48557834063,17191.78081785612,16865.896578294454,16127.421073008154,17264.308068443617,15825.872696433573,16397.489585639636,16962.824478233077,18044.585852886652,0.5174654752233956,-0.9977918185910392,0.0664190240276573,0.999701489779532,-0.0244321782202114,1.0,31.0,13.0
1637950530.0,2.946315045743025,0.5980752754725703,229.94998833657007,2329.922141089669,800.5072130932574,15489.48039416419,16818.70235728782,16532.778647483057,15721.605365616715,16885.997507601463,15456.261200371007,16058.641660977464,16645.083130054587,17593.75389104931,0.5178716490658002,-0.9977138611310202,0.0675799623189547,0.9986295347379875,-0.0523359565594298,1.0,32.0,12.0
1637950546.0,2.9453065833136534,0.5908495879167659,226.38642463732276,2334.8334554854737,796.3869707102689,15207.05650632941,16435.58372101584,16193.736806685569,15308.645982602773,16500.65849787248,15084.112191358769,15713.530285986652,16312.385780032377,17133.792283110444,0.5182778229082047,-0.9976345529130208,0.0687408090877418,0.9967788784855246,-0.0801989239649745,1.0,33.0,11.0
1637950562.0,2.9444233139579676,0.5834107883477642,222.7145483670759,2338.954938085165,792.0828521718106,14917.372228446005,16039.939093597535,15846.404032402872,14885.64127782288,16105.252797287201,14708.550754344265,15359.534399248743,15960.621914341946,16661.2418628546,0.5186839967506093,-0.9975538940404453,0.0699015628204724,0.994150963984813,-0.1079993555909813,1.0,34.0,10.0
1637950578.0,2.943718319979838,0.5756518823178374,218.88681519372886,2341.94731216096,787.5501523593158,14617.09093056972,15628.391343917825,15487.095409539144,14448.62415241269,15695.557565153507,14327.928301217164,14992.754189634787,15584.487561755363,16171.007593817278,0.5190901705930138,-0.9974718846265288,0.0710622218875867,0.9907478405165064,-0.1357155721053387,1.0,35.0,9.0
1637950594.0,2.943268429058376,0.5674090942905846,214.8308531573853,2343.3430424757494,782.7301817573903,14299.998302061325,15196.115251179426,15109.752937831287,13991.474966154836,15265.186087590084,13938.784259846148,14606.711907657782,15177.11689670825,15655.070675791378,0.5194963444354184,-0.9973885247781984,0.0722227847757834,0.9865721616204758,-0.1633259621600368,1.0,36.0,8.0
1637950610.0,2.943183231674258,0.5584252163324823,210.4297250732971,2342.5095546942875,777.5518825593678,13954.626116154583,14735.900080059708,14704.087572646482,13503.811263423897,14803.700016722376,13533.81628044517,14189.871089485925,14729.601031452217,15100.231304110961,0.5199025182778229,-0.9973038146124809,0.0733832498557706,0.9816271835047188,-0.1908089950830233,1.0,37.0,7.0
1637950626.0,2.9436138055192553,0.5482875153691794,205.48519198931345,2338.5931778129707,771.9444003096124,13560.221229005743,14236.40990248308,14252.089595985155,12966.980416072965,14292.895972427023,13097.836670548228,13720.965485620156,14230.175808440874,14484.195189692742,0.5203086921202275,-0.9972177542398238,0.0745436156144998,0.9759167619495832,-0.2181432413480656,1.0,38.0,6.0
1637950642.0,2.9447543546277255,0.5363135637079388,199.65026536542052,2330.4095707551883,765.8680133276307,13080.002724884072,13678.70662745011,13721.020131207984,12346.845747006339,13699.526820661093,12599.724507842287,13160.401003946903,13662.204676139208,13769.008392419744,0.5207148659626321,-0.997130343781046,0.075703880422956,0.9694453499603888,-0.2453073856209372,1.0,39.0,5.0
1637950658.0,2.9468423338536667,0.5213525422577827,192.31967430572928,2316.2549528016802,759.3679056771788,12451.044785492964,13029.453786389913,13049.717023885372,11582.495984451776,12962.553234295801,11978.103922807082,12436.461285301655,12999.081060340113,12891.189821812695,0.5211210398050365,-0.9970415833512338,0.0768640427538429,0.962217993533819,-0.2722802470245527,1.0,40.0,4.0
1637950674.0,2.9502827518783787,0.5015909518604516,182.53013829596784,2293.8702099394086,752.6262785433995,11577.069304460125,12232.43883483097,12129.654638431928,10578.179857884468,11981.615130691298,11127.62503439153,11435.15775828855,12196.713469350423,11752.64333574738,0.5215272136474411,-0.9969514730716412,0.0780241010219575,0.9542403285859444,-0.2990407920337772,1.0,41.0,3.0
1637950690.0,2.9559479339907897,0.47468805605004877,169.14192165219072,2261.9869731469753,745.8034260514485,10318.198805080581,11205.960940867786,10790.3459712611,9231.994698135419,10642.928831755367,9909.903658411415,10016.02104077271,11175.97398941735,10238.677871246393,0.5219333874898456,-0.9968600130642642,0.0791840536567491,0.9455185755939868,-0.3255681544726365,1.0,42.0,2.0
1637950706.0,2.9739811739356026,0.4345289223223457,146.0577918079866,2199.242564634747,738.1774841524926,8192.24641714941,9190.10740905974,8316.465687154543,6842.471500512185,8190.740776545339,7961.961236210662,7532.108606218404,9104.467659863298,7452.734299628633,0.5223395613322502,-0.9967672034540956,0.0803438990733051,0.9360595358093232,-0.351841648217539,1.0,43.0,1.0
1637950722.0,3.0,0.018826,10.0,1024.0,1418.21952,211.788,214.623,215.648,215.648,216.335,216.335,216.335,216.335,223.266,0.5227457351746547,-0.9966730443632787,0.0815036357448774,0.9258705847913316,-0.3778407868641999,0.0,0.0,0.0
1637950738.0,3.0,0.019651,30.0,1024.0,1526.693888,450.553,446.659,459.968,460.006,464.293,465.127,465.576,465.576,465.905,0.5231519090170593,-0.9965775359240018,0.0826632620433341,0.9149596679171864,-0.4035452961996604,0.0,0.0,0.0
1637950754.0,3.0,0.019651,40.0,1024.0,1560.072192,650.806,650.973,658.727,661.172,669.963,670.723,673.391,673.391,673.473,0.5235580828594638,-0.9964806782607912,0.0838227764567205,0.9033352928279492,-0.428935133477596,0.0,0.0,0.0
1637950770.0,3.0,0.072216,60.0,1024.0,1699.00032,903.42,901.01,924.705,926.26,942.884,943.105,947.722,947.797,947.985,0.5239642567018684,-0.9963824715083872,0.0849821773717156,0.8910065240377525,-0.453990500035146,0.0,0.0,0.0
1637950786.0,3.0,0.274149,70.0,1024.0,1754.3168,1835.857,1839.941,1860.728,1861.464,1862.874,1863.548,1865.7,1865.955,1869.743,0.5243704305442729,-0.9962829157985448,0.086141463233161,0.8779829755956289,-0.478691857633118,0.0,0.0,0.0
1637950802.0,3.0,0.236952,80.0,1024.0,1759.432704,1130.871,1134.34,1156.576,1159.541,1173.854,1178.732,1181.133,1182.948,1184.074,0.5247766043866775,-0.9961820112660472,0.0873006324715515,0.8642748020044493,-0.5030199465430472,0.0,0.0,0.0
1637950818.0,3.0,0.36003,100.0,1024.0,1766.760448,1391.184,1396.082,1430.421,1440.033,1445.491,1447.912,1449.133,1449.506,1452.769,0.525182778229082,-0.9960797580487926,0.0884596835030452,0.849892693154014,-0.5269557952270922,0.0,0.0,0.0
1637950834.0,2.9525731120694814,0.4577094707203857,171.26004031726836,2243.5781458037013,673.481664300883,8413.10251147281,7855.200268634476,8553.12062478327,8841.166070539166,9552.851679689902,8794.348768402713,8826.510826333892,10351.085716308038,9252.901622732068,0.5255889520714866,-0.9959761562813548,0.0896186148019395,0.8348478633007607,-0.550480740028345,1.0,1.0,12.0
1637950850.0,2.9530394317590996,0.4907080550243728,184.04361957341118,2291.4452089980314,698.0075751779915,10084.901232894863,9503.891169570994,10779.862760200678,9929.940758312405,11553.488526504017,9795.033314541848,10383.173719046663,11884.601827140767,11101.502539359699,0.5259951259138912,-0.9958712061091785,0.0907774247412332,0.8191520444519889,-0.5735764361182621,1.0,2.0,11.0
1637950866.0,2.9513958940033618,0.5076134206854576,188.2963812958889,2319.5755793057606,715.198988993035,10951.62067356164,10464.933145379902,11696.938635113662,10452.408451457948,12317.859207622043,10340.288022648008,11175.525656870694,12466.438249307294,11830.353445916706,0.5264012997562957,-0.9957649076691006,0.0919361118100357,0.8028174752118838,-0.5962248749376499,1.0,3.0,10.0
1637950882.0,2.94926365712567,0.5140760784793115,189.3607214052662,2338.6481519053254,725.7270337128341,11370.876182511656,10993.321456693498,12115.57519795558,10660.416101923696,12557.738592223359,10595.604234015886,11558.384109877894,12671.816364963797,12073.759042861584,0.5268074735987003,-0.9956572611103518,0.0930946743816886,0.7858568933307177,-0.618408395160183,1.0,4.0,9.0
1637950898.0,2.9470359386356515,0.5147384919269882,188.8112177323823,2349.639673314564,731.8225504078391,11544.959870813727,11256.810349875905,12256.01995643384,10692.942603597985,12540.04449980842,10682.120007939351,11683.158865790652,12653.256530575454,12062.204015038693,0.5272136474411048,-0.9955482665732848,0.0942531109456241,0.7682835235946834,-0.6401096994835632,1.0,5.0,8.0
1637950914.0,2.94517488438609,0.5119198250058508,187.25745087891735,2354.2541248039356,734.5388599546196,11563.193124222664,11331.996779611276,12222.532367254438,10602.594438273616,12377.60160339067,10660.454840258491,11635.729073598446,12496.019020947777,11897.390823210448,0.5276198212835094,-0.9954379242109144,0.0954114198755354,0.7501110697747125,-0.6613118651600289,1.0,6.0,7.0
1637950930.0,2.94409902038523,0.5065489093232532,184.8220000680083,2353.4028651778312,734.4532331169146,11456.858859712851,11261.376928246424,12059.034737311986,10400.21892458279,12112.072623771957,10553.414496541107,11461.178692943511,12236.434370443552,11609.352812166748,0.5280259951259139,-0.9953262341685142,0.0965695996467013,0.731353701597885,-0.6819983600853243,1.0,7.0,6.0
1637950946.0,2.944077119032911,0.4986447874439156,181.32636625663423,2347.0354848892225,731.9538509571754,11221.658513117172,11062.35034922614,11766.6257343066,10070.3157866433,11736.300765064349,10353.53555315459,11162.380323526642,11879.127129717523,11183.430502656687,0.5284321689683185,-0.9952131965986674,0.0977276486766273,0.7120260461209714,-0.7021530528633599,1.0,8.0,5.0
1637950962.0,2.9453077135212524,0.4874321947284303,176.29021146329586,2334.356878648175,727.2070867260895,10820.51523631972,10723.846530869916,11300.991089209441,9563.344351282165,11202.871132731187,10017.254849109931,10694.957936162271,11401.243061797722,10567.0266620789,0.528838342810723,-0.9950988116544106,0.0988855653974828,0.6921431738240461,-0.7217602281428206,1.0,9.0,4.0
1637950978.0,2.9480573488819006,0.4712026742182644,168.80552414479627,2314.0504478778125,720.0976082815271,10182.16229054028,10197.161256773456,10556.361565241932,8781.559135129022,10412.459394374197,9449.029663689002,9957.098062649537,10745.0589044935,9667.262398733177,0.5292445166531276,-0.9949830794920604,0.1000433482271375,0.6717205894356566,-0.7408045961845904,1.0,10.0,3.0
1637950994.0,2.9527187678491664,0.44686899010111814,157.37980047038886,2285.6516618487003,709.8404003771199,9183.395109719384,9374.629074461356,9328.342036583941,7563.741691152851,9199.131367580569,8469.514911555618,8772.343926930516,9780.641260839431,8349.253155015092,0.529650690495532,-0.9948660002639336,0.101200995641558,0.6507742171920077,-0.7592713073981722,1.0,11.0,2.0
1637951010.0,2.9689255063921283,0.4055630721258023,135.45983221508206,2230.723969019593,689.1063868611584,7193.953467205896,7460.833996805803,6774.818382650334,5073.320348810103,6746.443849899702,6526.058717200063,6311.622872970565,7568.9886236321145,5620.482172064989,0.5300568643379366,-0.9947475741314168,0.1023585060444963,0.6293203907804807,-0.7771459616750916,1.0,12.0,1.0
1637951026.0,3.0,0.074563,20.0,768.0,565.071872,301.795,302.531,305.113,305.113,307.843,310.422,310.422,310.422,311.529,0.5304630381803412,-0.9946278012578544,0.1035158778399035,0.6073758399897201,-0.7944146203317144,0.0,0.0,0.0
1637951042.0,3.0,0.079587,30.0,768.0,609.120256,489.705,488.633,502.135,503.263,504.885,505.809,507.376,507.376,508.673,0.5308692120227457,-0.99450668179941,0.1046731095187644,0.5849576750570005,-0.811063818938996,0.0,0.0,0.0
1637951058.0,3.0,0.008742,50.0,768.0,731.295744,730.56,725.904,746.233,746.646,755.972,757.937,758.916,758.916,759.068,0.5312753858651503,-0.9943842159261204,0.1058301994564637,0.5620833781022073,-0.8270805741046099,0.0,0.0,0.0
1637951074.0,3.0,0.008742,60.0,768.0,781.520896,1363.686,1376.093,1388.27,1389.334,1392.016,1395.738,1396.392,1401.942,1402.121,0.5316815597075548,-0.9942604037992172,0.1069871461298852,0.5387707850515289,-0.8424523969785825,0.0,0.0,0.0
1637951090.0,3.0,0.251215,70.0,768.0,836.677632,3492.436,3495.39,3520.173,3523.831,3534.844,3536.473,3539.792,3541.673,3541.949,0.5320877335499594,-0.9941352455894212,0.1081439479437523,0.5150380751409221,-0.8571673005633929,0.0,0.0,0.0
1637951106.0,3.0,0.320308,90.0,768.0,846.27456,1236.337,1242.703,1266.35,1267.664,1272.253,1281.037,1283.425,1283.505,1290.289,0.5324939073923639,-0.9940087414614572,0.1093006033753227,0.4909037536325619,-0.8712138111103732,0.0,0.0,0.0
1637951122.0,3.0,0.42153,100.0,768.0,846.27456,1429.712,1428.857,1468.202,1471.29,1485.013,1487.737,1493.475,1493.834,1494.156,0.5329000812347685,-0.9938808915929224,0.11045711080079,0.4663866405489315,-0.8845809751048694,0.0,0.0,0.0
1637951138.0,3.0,0.259898,110.0,768.0,438.571008,1512.461,1513.776,1554.043,1559.814,1562.748,1566.008,1572.636,1574.054,1574.418,0.533306255077173,-0.9937516961505102,0.1116134687122661,0.4415058527800573,-0.8972583696800795,0.0,0.0,0.0
1637951154.0,3.0,0.377109,130.0,768.0,450.514944,1842.4,1837.04,1899.925,1902.971,1920.786,1924.452,1927.039,1927.427,1933.071,0.5337124289195776,-0.9936211553155964,0.1127696754863621,0.4162807924452426,-0.9092361089624416,0.0,0.0,0.0
1637951170.0,3.0,0.333397,140.0,768.0,455.118848,3661.07,3662.557,3714.23,3722.929,3728.087,3732.883,3734.523,3737.31,3749.108,0.5341186027619821,-0.9934892692583838,0.1139257296155819,0.3907311284468856,-0.920504853470433,0.0,0.0,0.0
1637951186.0,3.0,0.49235,150.0,768.0,463.638528,2295.847,2294.983,2371.457,2375.928,2398.488,2408.758,2415.413,2415.953,2418.354,0.5345247766043867,-0.9933560381640244,0.1150816294769632,0.3648767844961511,-0.9310558158004004,0.0,0.0,0.0
1637951202.0,3.0,0.49235,160.0,768.0,472.539136,3060.006,3040.225,3163.111,3164.797,3198.169,3210.502,3217.84,3219.306,3234.345,0.5349309504467912,-0.9932214622062292,0.11623737356341,0.3387379201708946,-0.94088076898101,0.0,0.0,0.0
1637951218.0,3.0,0.640461,170.0,768.0,481.734656,6814.439,6820.439,6874.447,6878.657,6906.047,6925.584,6930.495,6932.058,6932.111,0.5353371242891958,-0.9930855415739268,0.1173929602523953,0.3123349186426143,-0.9499720514817852,0.0,0.0,0.0
1637951234.0,3.0,0.727679,190.0,768.0,558.96064,2692.336,2718.215,2759.337,2778.124,2781.088,2784.283,2804.43,2807.344,2808.564,0.5357432981316004,-0.9929482764460592,0.118548388022782,0.2856883672975514,-0.9583225744971572,0.0,0.0,0.0
1637951250.0,3.0,0.564964,200.0,768.0,567.97184,7546.219,7554.301,7619.432,7645.424,7657.277,7677.294,7685.332,7686.47,7688.914,0.5361494719740049,-0.9928096670084136,0.1197036553102825,0.2588190447534005,-0.9659258263826148,0.0,0.0,0.0
1637951266.0,2.9840215857418104,0.49878164032503075,176.80035207765314,1996.7312407675834,628.3511888925068,6783.880484575775,6315.787024633488,7294.224734591864,7035.083654722919,7754.779357713241,7285.944596737463,7267.218123718236,8954.130740453831,7975.414748496964,0.5365556458164095,-0.9926697134538724,0.1208587605074904,0.2317479038059756,-0.972775878135111,1.0,1.0,1.0
1637951282.0,3.0,0.561936,210.0,768.0,579.1744,11681.931,11677.224,11747.93,11757.423,11793.658,11799.275,11810.769,11819.924,11822.502,0.536961819658814,-0.9925284159649111,0.1220137021083459,0.2044960519114885,-0.9788673887471244,0.0,0.0,0.0
1637951298.0,3.0,0.781126,220.0,768.0,588.079104,11961.899,11959.743,12026.105,12054.464,12076.672,12085.245,12095.262,12097.378,12107.116,0.5373679935012186,-0.992385774739895,0.1231684784914484,0.1770847406025614,-0.9841956079183262,0.0,0.0,0.0
1637951314.0,3.0,0.556064,230.0,768.0,600.956928,9953.142,9963.5,10046.005,10060.24,10079.125,10092.513,10101.605,10102.744,10114.93,0.537774167343623,-0.9922417899648036,0.1243230881511668,0.1495353434814606,-0.9887563810412966,0.0,0.0,0.0
1637951330.0,2.9841075872697367,0.5643991070653478,202.918847737443,1985.857162141422,654.957519942556,8611.966610770836,8753.769013706085,9355.398234463988,9571.944935076424,9927.769129548695,9746.920146346962,9695.543462423731,10816.528838621023,10910.208107329281,0.5381803411860276,-0.992096461841774,0.1254775294665668,0.1218693436577502,-0.9925461516103063,1.0,1.0,1.0
1637951346.0,3.0,0.713861,240.0,768.0,610.562048,12736.669,12734.633,12843.235,12865.745,12892.747,12893.97,12902.185,12902.646,12915.191,0.5385865150284321,-0.9919497905621328,0.126631800918019,0.0941083133236492,-0.9955619646025946,0.0,0.0,0.0
1637951362.0,3.0,0.768443,250.0,768.0,623.501312,11755.022,11751.939,11864.86,11868.324,11913.633,11930.129,11949.653,11951.215,11952.469,0.5389926888708367,-0.9918017763262604,0.1277859009283684,0.0662739006209904,-0.9978014682773718,0.0,0.0,0.0
1637951378.0,2.984772219838101,0.6171626263614963,223.9010515262841,1970.6888170314405,678.991128678454,10013.273277998305,10727.63902940607,10920.279102196393,11896.950154527096,11761.94912225654,11599.514281997068,11680.360899178244,12377.719781854394,13214.842746489558,0.5393988627132412,-0.9916524193345464,0.1289398279351307,0.0383878090596757,-0.9992629164116908,1.0,1.0,1.0
1637951394.0,3.0,0.921459,260.0,768.0,635.793408,11056.092,11051.741,11149.016,11175.229,11235.387,11253.413,11258.318,11262.23,11270.569,0.5398050365556458,-0.9915017197910918,0.1300935803616279,0.01047178430469,-0.9999451693635388,0.0,0.0,0.0
1637951410.0,3.0,0.976015,270.0,768.0,650.665984,11380.7,11383.367,11484.678,11514.074,11591.211,11598.124,11616.817,11618.765,11625.43,0.5402112103980503,-0.9913496778942428,0.1312471566891311,-0.0174524064981615,-0.9998476951553286,0.0,0.0,0.0
1637951426.0,3.0,0.861267,280.0,768.0,664.281088,12991.385,12988.658,13093.666,13130.607,13192.895,13195.991,13213.161,13219.275,13222.979,0.5406173842404549,-0.9911962938574476,0.1324005552981566,-0.0453629879739817,-0.9989705697977656,0.0,0.0,0.0
1637951442.0,2.982597444854528,0.7127308864829295,269.1299907224769,2009.2598186664795,735.9151611317757,13798.933963515326,15263.560112802008,15033.951352894324,17601.615912834954,16818.276632099984,16333.747010129955,16744.923876796434,16339.245462598888,18638.501860220924,0.5410235580828595,-0.9910415678806934,0.1335537746848696,-0.0732381972212893,-0.9973144772175804,1.0,1.0,1.0
1637951458.0,3.0,0.746527,290.0,768.0,680.169472,13227.746,13211.321,13317.914,13369.025,13435.926,13441.55,13462.917,13468.07,13479.482,0.541429731925264,-0.9908855001811968,0.1347068132302875,-0.101056296597886,-0.9948807088882164,0.0,0.0,0.0
1637951474.0,2.9776121938710385,0.7283686358911429,282.34869073042114,2086.6320868030484,761.2148253541242,15796.342222855632,17521.08835840287,17482.145607779174,19603.79432819497,19058.982250772013,18329.00156581252,18702.6829479993,18063.527230159863,20808.60015087817,0.5418359057676686,-0.9907280909624432,0.1358596694310448,-0.1287955962416551,-0.9916711624267172,1.0,1.0,2.0
1637951490.0,2.9778507359715274,0.7366534787175192,283.0862238150336,2097.4104944844717,775.0644780428693,16017.050735914108,18220.23455521514,18005.09815141737,19648.713261646983,19448.94268090963,18427.27348587194,18954.706500252767,18435.736815925375,20944.308452255384,0.5422420796100731,-0.9905693404434228,0.1370123416830836,-0.1564344649519444,-0.9876883406091208,1.0,2.0,1.0
1637951506.0,3.0,1.315543,310.0,768.0,710.017024,16959.117,16959.432,17083.728,17108.206,17145.392,17163.411,17174.09,17179.892,17185.139,0.5426482534524777,-0.9904092488391112,0.1381648284258596,-0.1839513503122306,-0.9829353492057892,0.0,0.0,0.0
1637951522.0,2.9719140793157686,0.7602635809245837,292.35406115290033,2056.1303028347447,787.6045888949419,16763.777215961632,19116.933069215174,18193.562132273608,21345.66074134239,19975.97244746866,19569.33829810406,19831.138031561604,18849.579900732606,22411.173988874085,0.5430544272948822,-0.9902478163602176,0.1393171281423099,-0.2113247964002971,-0.9774158942980072,1.0,1.0,1.0
1637951538.0,3.0,0.838714,320.0,768.0,727.404544,18295.951,18286.944,18426.103,18444.305,18498.317,18508.454,18515.223,18525.354,18529.48,0.5434606011372868,-0.9900850432333737,0.140469239214743,-0.2385334573137683,-0.9711342799746804,0.0,0.0,0.0
1637951554.0,2.9702554633128457,0.7823456446977857,305.28522239957545,2053.1440794135833,801.3883759174672,17914.511681439442,20752.146236456432,19478.26605723678,22950.712778976784,21434.472799446783,21002.1834327136,21184.217343193708,19867.096875337353,24174.545771222103,0.5438667749796913,-0.9899209296708078,0.1416211601410028,-0.265556117464305,-0.9640954042403088,1.0,1.0,1.0
1637951570.0,3.0,0.682664,330.0,768.0,744.521728,20955.327,20954.685,21112.499,21124.955,21183.746,21201.875,21207.227,21207.845,21214.682,0.5442729488220959,-0.989755475902916,0.1427728893039295,-0.2923717044935475,-0.9563047560331056,0.0,0.0,0.0
1637951586.0,2.969558114208727,0.8012191370386188,318.9498752256469,2069.3142178808457,815.0071582952512,19197.586278122068,22559.205126926998,21170.86480576525,24708.965613113083,23236.91402548994,22723.847829164224,22776.08165979496,20993.814505514518,26138.396155547118,0.5446791226645004,-0.9895886821454218,0.143924425201865,-0.318959309307245,-0.947768410006498,1.0,1.0,1.0
1637951602.0,3.0,1.210286,340.0,768.0,761.950208,24156.309,24150.112,24298.489,24323.335,24383.901,24410.637,24414.651,24415.495,24418.607,0.545085296506905,-0.9894205486324836,0.1450757662181901,-0.3452981988046056,-0.938493022830908,0.0,0.0,0.0
1637951618.0,2.9660768412722955,0.8254750274797307,333.48941682390495,2089.783885295432,836.7831638948679,20720.61015092994,24625.683603065656,22904.06576585279,26572.5383540533,25041.815429131108,24550.977281045394,24156.11931005942,22241.17152377698,28374.590667581695,0.5454914703493096,-0.989251075583319,0.1462269108517528,-0.3713678355898842,-0.928485826865055,1.0,1.0,1.0
1637951634.0,3.0,1.007339,350.0,768.0,781.541376,23712.023,23723.864,23856.914,23869.868,23907.201,23935.758,23957.432,23960.318,23967.679,0.545897644191714,-0.9890802632358476,0.147377857486483,-0.3971478904754436,-0.9177546257529324,0.0,0.0,0.0
1637951650.0,2.96900259404102,0.82782208579272,341.507855655656,2128.8834757188915,847.9604977511225,21891.51882905054,25910.345757201518,24475.394086374683,27666.77518215616,26586.87875454064,25929.63999111433,25230.25544091379,23040.607424671718,29798.65436624049,0.5463038180341186,-0.9889081118149414,0.1485286046073525,-0.4226182618093303,-0.9063077870046468,1.0,1.0,2.0
1637951666.0,2.96652094896774,0.828545300360234,340.8988831294174,2111.1822972979894,862.1752538360729,21986.87249315407,26477.32628975615,24727.05725103423,28020.462986383864,26901.215800965976,25853.039121298156,25205.150232575692,23320.03533696271,29961.747578592804,0.5467099918765231,-0.9887346215579742,0.1496791506276328,-0.4477590877130573,-0.8941542369023202,1.0,2.0,1.0
1637951682.0,3.0,1.277329,360.0,768.0,799.563776,27617.796,27623.758,27776.042,27823.965,27862.207,27879.817,27883.898,27900.23,27901.84,0.5471161657189277,-0.9885597926932922,0.1508294940328155,-0.4725507649648943,-0.8813034520136032,0.0,0.0,0.0
1637951698.0,2.9630500660099366,0.8472906967927759,352.73433404773795,2120.836832095297,864.1266370777229,22752.678990477467,27502.199369042835,25533.661579057152,29237.01442046924,27803.01602564052,27177.826848113604,26308.833014729433,23895.347773089714,31437.722934460282,0.5475223395613322,-0.9883836254663344,0.1519796332079554,-0.4969739605301241,-0.86776545365381,1.0,1.0,1.0
1637951714.0,3.0,1.402776,370.0,768.0,805.289984,28364.485,28374.428,28533.818,28565.37,28608.025,28628.529,28634.676,28643.663,28654.573,0.5479285134037368,-0.988206120106793,0.1531295666534675,-0.5210096315641194,-0.8535507974440775,0.0,0.0,0.0
1637951730.0,2.9665075098520433,0.8451722203549888,355.6924106721845,2144.2431627183496,867.835620732014,23295.970201290882,27923.777903242877,26179.251939486967,29519.78712574562,28363.72980117632,27765.64963533891,26504.390287159255,24059.21766634124,31947.49858054595,0.5483346872461413,-0.988027276859374,0.1542792927837375,-0.5446390349525054,-0.838670567986026,1.0,1.0,2.0
1637951746.0,2.9622319278964397,0.8433497746277412,352.1737208596576,2113.49367395115,878.6729570172677,23126.175838892086,28095.665501912707,25858.389080085082,29627.854175105545,28244.860208766717,27080.270433406164,26168.862218786697,24187.169555465185,31779.43378486696,0.5487408610885459,-0.9878470959707286,0.1554288100134529,-0.5678437448136774,-0.8231363686996094,1.0,2.0,1.0
1637951762.0,3.0,0.759516,380.0,768.0,805.081088,31624.459,31598.065,31822.295,31843.524,31907.929,31931.758,31942.448,31945.813,31947.385,0.5491470349309504,-0.987665577678061,0.156578116829467,-0.5906056675864155,-0.8069603121683274,0.0,0.0,0.0
1637951778.0,2.960014539900438,0.8592794547294478,362.01585886322454,2129.0284983030756,875.0281466670049,23648.71482968814,28841.21215008522,26432.34025252108,30487.712267810362,28947.69736104225,28094.31396912878,27134.587130618136,24607.177985161514,32911.890329192756,0.549553208773355,-0.9874827222293652,0.1577272116614071,-0.6129070534492387,-0.7901550125337256,1.0,1.0,1.0
1637951794.0,3.0,0.839644,390.0,768.0,805.228544,34181.333,34177.005,34332.909,34382.832,34421.49,34454.435,34458.672,34458.939,34475.235,0.5499593826157595,-0.9872985298722012,0.1588760929535657,-0.6347305131956967,-0.7727335735027484,0.0,0.0,0.0
1637951810.0,2.9673320855222722,0.8507929882324355,362.1746151070232,2147.9842448145064,873.2368649021662,23837.455639464708,28827.11244293514,26947.119659804826,30482.633392193773,29235.64397406407,28552.760013626066,27202.46050509237,24447.06608130489,32920.08997198254,0.5503655564581641,-0.9871130008582676,0.1600247591361593,-0.6560590288208314,-0.754709580370269,1.0,1.0,2.0
1637951826.0,2.9613944418626064,0.8466654323434797,358.8236153919306,2136.656968607257,884.8744570583602,23795.280501474823,28982.736359484355,26791.258959546198,30694.26598504215,29287.839349548398,27939.361083554926,27072.66210619273,24768.006551904225,32840.89160867878,0.5507717303005687,-0.9869261354317574,0.1611732086971538,-0.6768759697007092,-0.7360970871031379,1.0,2.0,1.0
1637951842.0,3.0,1.214957,400.0,768.0,805.289984,35987.01,36002.94,36146.639,36161.95,36234.681,36298.846,36321.975,36326.113,36336.681,0.5511779041429732,-0.9867379338550076,0.1623214400242628,-0.6971651027170609,-0.7169106077841991,0.0,0.0,0.0
1637951858.0,2.965786362497472,0.8514926928756157,364.0384241372426,2156.5178748854673,877.6264698055784,24099.337015871406,29138.09054893138,27218.285797734177,30764.80770998271,29475.522120840178,28839.33368467618,27295.358570879882,24563.63684348934,33226.53380806288,0.5515840779853778,-0.9865483963734012,0.1634694516203886,-0.7169106076905989,-0.6971651028133122,1.0,1.0,2.0
1637951874.0,2.9597568878180547,0.8469871770337594,360.4103917247837,2145.0959064233384,887.6238057961907,24034.973415778375,29222.197371221017,27036.406718958,30967.07504411744,29560.701824603282,28137.778055382776,27264.622125698395,24925.137212484493,33147.83111607783,0.5519902518277823,-0.9863575232530256,0.1646172418738599,-0.7360970870122615,-0.6768759697995366,1.0,2.0,1.0
1637951890.0,3.0,1.202535,410.0,768.0,805.289984,37540.574,37534.875,37712.835,37755.951,37790.537,37818.069,37832.269,37835.287,37842.898,0.5523964256701869,-0.9861653147427474,0.1657648092881541,-0.7547095802821875,-0.6560590289221576,0.0,0.0,0.0
1637951906.0,2.9661819880322557,0.8500711008380695,365.2516155657356,2165.3765743864706,878.3771989980013,24145.15326158477,29302.319868507988,27373.132153115897,30928.325745291928,29674.377502446223,29032.086058529167,27403.372779034282,24605.27018767737,33358.60047422043,0.5528025995125914,-0.985971771112404,0.1669121522522232,-0.7727335734175305,-0.6347305132994427,1.0,1.0,3.0
1637951922.0,2.9678459356187834,0.8378509170837356,357.6061420025336,2149.0463158406424,886.0135332048643,24036.08816628235,28910.118187465152,27116.23973791855,30669.775369879288,29426.4386379251,28211.599878881592,27094.567691836924,24546.7850453226,32794.24274169652,0.553208773354996,-0.9857768926167888,0.1680592692557831,-0.7901550124514376,-0.6129070535553237,1.0,2.0,2.0
1637951938.0,2.958643877881095,0.8487070038372511,357.75643605577676,2142.831891941714,893.6763458563848,24253.891938231332,29336.51855547831,27020.4243007756,31053.786830934674,29583.81573468507,27850.240882534577,27344.158081536578,25090.20505389652,33251.634603642444,0.5536149471974005,-0.9855806795221516,0.169206158731453,-0.8069603118140114,-0.5906056680705271,1.0,3.0,1.0
1637951954.0,3.0,0.819164,420.0,768.0,803.92192,41078.094,41113.096,41253.436,41314.925,41382.465,41396.29,41397.002,41413.613,41414.884,0.554021121039805,-0.9853831320941364,0.1703528191265107,-0.8231363683589487,-0.5678437453074932,0.0,0.0,0.0
1637951970.0,2.9655943549874344,0.8502181800622794,364.2754024659795,2156.6892739635555,879.6819634233019,24259.785950564503,29392.864423962674,27299.53346332575,31025.677455078097,29631.434870380806,28981.65701840315,27391.512001916937,24542.36923744453,33484.29404639765,0.5544272948822095,-0.985184250597698,0.1714992489028806,-0.8386705679129036,-0.5446390350651041,1.0,1.0,2.0
1637951986.0,2.9569029131459548,0.8506145545426069,362.49569743675653,2147.0378838090733,891.4773934382616,24314.200556380623,29670.4333182055,27183.008587904096,31323.024110152037,29761.16390332742,28243.049915080024,27429.765021046,25230.700711478697,33610.506834281216,0.5548334687246141,-0.98498403530958,0.1726454464654541,-0.8535507971315135,-0.5210096320761815,1.0,2.0,1.0
1637952002.0,3.0,0.765939,430.0,768.0,805.105664,43323.67,43304.903,43491.82,43551.033,43610.748,43628.273,43633.776,43636.364,43652.913,0.5552396425670186,-0.9847824864908292,0.1737914103197851,-0.8677654533556655,-0.4969739610507138,0.0,0.0,0.0
1637952018.0,2.965804172630471,0.8517404239633802,366.2599110032371,2159.0248772017494,880.1579439686747,24354.031638890876,29619.821921811526,27514.556044742698,31247.82633711701,29849.59908738373,29203.38875224997,27496.53964781234,24645.914326481576,33719.30544956015,0.5556458164094232,-0.9845796044243956,0.1749371388570771,-0.8813034519501591,-0.4725507650832167,1.0,1.0,2.0
1637952034.0,2.9568241290840978,0.8491331212158034,363.68674844536986,2160.314373289376,891.3293217802841,24418.388464257092,29780.92289965498,27419.40283519296,31515.897749804084,30048.35049167242,28477.445876930986,27633.81498150888,25326.779994322118,33800.01932792087,0.5560519902518278,-0.9843753893748036,0.1760826305834957,-0.8941542368422047,-0.4477590878331051,1.0,2.0,1.0
1637952050.0,3.0,1.204064,440.0,768.0,805.249024,45686.864,45691.513,45869.771,45905.885,46026.447,46063.759,46083.155,46084.814,46096.425,0.5564581640942323,-0.984169841628746,0.1772278838909068,-0.9063077869479068,-0.4226182619310098,0.0,0.0,0.0
1637952066.0,2.9652890006537276,0.8498210708968166,367.86864279005613,2168.6223912817,880.5392164474451,24357.171416829697,29746.857228789846,27654.28112491304,31307.699703319602,29946.052903128028,29422.101183547005,27432.83210032982,24663.342180382166,33769.020043648634,0.5568643379366369,-0.9839629614568184,0.1783728972717773,-0.917754625699612,-0.3971478905986599,1.0,1.0,3.0
1637952082.0,2.9673380736397252,0.8408606850884078,361.0148325861347,2153.9371980801293,889.4432623813855,24321.084910597987,29351.915169653985,27493.873787447297,31184.45289864797,29836.32960116958,28588.258491184322,27448.139006109355,24818.749629079033,33299.869618844576,0.5572705117790414,-0.9837547491442804,0.1795176691472849,-0.9284858268151956,-0.3713678357145412,1.0,2.0,2.0
1637952098.0,2.9562168661178236,0.8474564986381793,360.0571438226438,2165.659977299075,895.398547135758,24542.534101460245,29719.15662488415,27397.5604441102,31458.054450242787,30087.62792330126,28150.38036167753,27628.06606593691,25392.403891873233,33759.632028872235,0.557676685621446,-0.9835452049651848,0.1806621980105209,-0.9384930227845488,-0.3452981989306063,1.0,3.0,1.0
1637952114.0,3.0,1.0518,450.0,768.0,804.265984,50019.265,50036.286,50234.195,50292.114,50359.088,50384.316,50401.872,50402.436,50425.009,0.5580828594638505,-0.9833343292137066,0.1818064822547033,-0.947768409963675,-0.3189593094344909,0.0,0.0,0.0
1637952130.0,2.964972542526068,0.8468728742463979,366.6801165661659,2168.4491150443737,880.2436617792089,24327.009717143974,29718.01982983702,27597.296193417475,31255.691918098695,29875.74938269717,29383.720869633806,27304.390103617487,24539.072092636707,33709.65348980653,0.5584890333062551,-0.9831221221647916,0.1829505203878807,-0.9563047559938522,-0.2923717046219395,1.0,1.0,3.0
1637952146.0,2.96703581691203,0.8405110934615433,360.8777081059527,2153.270132698712,889.743397799142,24343.371298297894,29367.515002879256,27519.352252796507,31210.359120573492,29829.63296680218,28605.996584055763,27479.088511725742,24828.59646563923,33316.31723237773,0.5588952071486596,-0.9829085841163536,0.18409431080396,-0.9640954042046556,-0.265556117593743,1.0,2.0,2.0
1637952162.0,2.956030328988815,0.8465107218736694,359.8054607037613,2166.7714962292334,895.4888242904411,24554.74400684218,29719.52734569583,27414.11366294197,31469.46832066449,30095.9770543194,28173.775621918703,27651.915208687853,25389.424506841176,33763.54287557687,0.5593013809910642,-0.9826937153468094,0.1852378520116336,-0.9711342799426552,-0.2385334574441513,1.0,3.0,1.0
1637952178.0,3.0,1.130596,460.0,768.0,805.265408,49972.014,49977.565,50157.901,50214.2,50310.212,50340.902,50349.187,50351.192,50354.044,0.5597075548334687,-0.9824775161578092,0.1863811424055062,-0.9774158941712292,-0.2113247969866683,0.0,0.0,0.0
1637952194.0,2.96469750331236,0.8466086482923667,366.78361424322236,2169.6997362872744,880.5526162100607,24343.394701899633,29751.087879913233,27603.666427504395,31272.797887677843,29888.67227785349,29406.026307789743,27297.248862877903,24552.50719894549,33735.952570799076,0.5601137286758733,-0.98225998683124,0.1875241804949221,-0.9829353490954332,-0.1839513509019129,1.0,1.0,3.0
1637952210.0,2.966843214555888,0.8401483486008023,360.88666045617975,2154.9602498646746,890.1541561772784,24365.54189975761,29399.771408387693,27510.3528763246,31225.835596953355,29844.132851271628,28608.83631364832,27476.66061374663,24841.677266700957,33350.46279034548,0.5605199025182778,-0.9820411276697416,0.1886669646894827,-0.9876883405881184,-0.1564344650845499,1.0,2.0,2.0
1637952226.0,2.9548452743760505,0.8460254978909953,359.5837605595028,2169.7261609134666,895.1886353592556,24557.69963538835,29748.797046990527,27355.69925882449,31431.23086568155,30080.1638373058,28090.067378298914,27561.59864258834,25425.08917032882,33802.865720468566,0.5609260763606824,-0.981820938969667,0.1898094934420334,-0.9916711623494502,-0.1287955968365782,1.0,3.0,1.0
1637952242.0,3.0,0.9073,470.0,768.0,805.265408,54409.605,54396.338,54589.455,54626.556,54756.905,54772.496,54788.135,54791.419,54800.964,0.561332250203087,-0.981599421020834,0.1909517652486179,-0.9948807088275908,-0.1010562971947346,0.0,0.0,0.0
1637952258.0,2.964976274634591,0.8436056820500775,365.60012834048274,2169.714143885526,879.0095457828429,24249.244475632993,29662.973331639463,27496.43250637554,31155.910804567004,29783.499221354294,29337.144598265942,27123.882082487784,24401.566350137633,33622.36948811629,0.5617384240454915,-0.9813765741342274,0.192093778505623,-0.9973144772077476,-0.0732381973551872,1.0,1.0,3.0
1637952274.0,2.966950784762941,0.8394109617200306,360.4830093425344,2155.5477686178824,889.3908620317318,24314.231966477695,29302.422093848087,27469.591285363436,31163.49450053394,29782.273774399815,28575.522433997292,27445.034765121774,24795.64917473696,33275.82955988706,0.5621445978878961,-0.9811523986004012,0.1932355317240581,-0.9989705697916752,-0.045362988108102,1.0,2.0,2.0
1637952290.0,2.9551220584716655,0.842842225696758,358.2806202071379,2175.8259978784154,892.808935983422,24464.73621808367,29485.512604488315,27289.607462423046,31270.375901959025,30030.772135914296,28037.183761612734,27467.313206527047,25266.20804361537,33640.26694025667,0.5625507717303005,-0.9809268947340712,0.1943770233010379,-0.9998476951529854,-0.0174524066323995,1.0,3.0,1.0
1637952306.0,3.0,1.107612,480.0,768.0,805.216256,56118.57,56111.218,56297.456,56344.745,56436.986,56465.653,56496.446,56499.373,56522.04,0.5629569455727051,-0.9807000628292564,0.1955182517482522,-0.9999451693649446,0.0104717841704389,0.0,0.0,0.0
1637952322.0,2.970713375844185,0.8347860002948648,362.0142404114789,2172.083664342767,873.7277703428804,23631.586472635077,28928.263801148078,27119.531107896742,30520.312022498354,29426.28143412387,29071.98593119076,26614.288593694386,23878.31510581084,32916.13699321581,0.5633631194151096,-0.9804719032044008,0.1966592154635523,-0.9992629164168448,0.0383878089255162,1.0,1.0,8.0
1637952338.0,2.973096470339865,0.8295348975381445,356.9870795856982,2161.7597698583077,882.6837564109852,23630.165011771445,28561.209553769666,27127.22209067236,30553.13184531189,29468.704179602537,28320.308393449908,27067.277375317626,24281.376966880984,32499.05436208583,0.5637692932575142,-0.980242416159865,0.1977999129450519,-0.9978014682862696,0.066273900487027,1.0,2.0,7.0
1637952354.0,2.9737494395183113,0.8285157233586526,352.6329819752814,2161.50362586489,886.5268019075478,23723.246062969083,28435.652203515674,27054.658749246228,30467.695959087723,29444.800537038973,27956.67315506577,27091.459734678967,24277.18600656355,32349.10883146235,0.5641754670999187,-0.9800116020091856,0.1989403426341409,-0.9955619646152296,0.0941083131899865,1.0,3.0,6.0
1637952370.0,2.9735334971635305,0.8272349538719049,349.44392916600015,2160.823805427114,889.0885325633873,23810.107299061943,28391.467455611317,27027.396222992924,30381.874335474953,29376.62236248775,27701.358801349175,27101.778301090195,24317.555125210947,32251.485126063773,0.5645816409423233,-0.979779461064852,0.2000805029868427,-0.9925461516266684,0.1218693435244924,1.0,4.0,5.0
1637952386.0,2.972569872911645,0.8259285415039785,346.9409149309346,2160.1783033107868,891.117826006284,23909.774000612622,28392.577154785165,27015.05482107394,30286.024776096325,29301.118738364203,27506.776021766662,27094.430193533004,24391.439538102488,32196.97615114505,0.5649878147847278,-0.9795459936440774,0.2012203924452914,-0.988756381061373,0.1495353433487116,1.0,5.0,4.0
1637952402.0,2.9708796419398285,0.8250788188960467,344.9995866862493,2159.8428373065044,893.1300379626514,24027.673955572238,28433.80598924087,26994.22430386961,30194.863409594545,29218.815740381106,27340.123648420937,27077.573644706597,24494.93011863999,32184.1816352308,0.5653939886271324,-0.9793112000541584,0.2023600095090045,-0.9841956079421011,0.1770847404704248,1.0,6.0,3.0
1637952418.0,2.9699377273676277,0.8250098532913978,342.97485731103995,2156.7671038734875,895.3305315675292,24142.72667761479,28411.469136613872,26929.810315437528,30068.559141583126,29107.67017726034,27146.978690930424,26985.789191308482,24546.751596925147,32180.55332117783,0.565800162469537,-0.9790750806247168,0.2034993525780956,-0.9788673888698056,0.2044960513242466,1.0,7.0,2.0
1637952434.0,2.9552039886084756,0.8272340769896465,343.253471466969,2181.4611336454095,895.0509346038136,24219.525596727577,28751.61595019531,26719.417149676847,30102.546067264742,29243.926262521054,26753.230925270647,26866.814757991233,25100.89367512585,32626.350191800782,0.5662063363119415,-0.9788376356636128,0.2046384201670557,-0.9727758782741412,0.2317479032223881,1.0,8.0,1.0
1637952450.0,3.0,0.986417,500.0,768.0,804.036608,61289.993,61302.466,61484.973,61511.763,61597.256,61643.019,61678.833,61682.33,61684.787,0.5666125101543461,-0.9785988655011958,0.2057772106910103,-0.9659258262968414,0.258819045073511,0.0,0.0,0.0
1637952466.0,2.9640399868659135,0.8303891704540118,359.3041105944565,2171.8105296516337,874.0023263415862,23787.92499580136,29009.09694929333,26959.97132291037,30393.249879425355,29116.13937732351,28834.610296684023,26479.88957586902,23879.210779564757,32829.61508617809,0.5670186839967506,-0.978358770457765,0.2069157226224494,-0.9583225745355132,0.2856883671688885,1.0,1.0,4.0
1637952482.0,2.9657278560783817,0.8306750814692986,356.8915816844128,2162.1683167200918,885.4423950800859,23997.2628227627,28906.016857555143,27201.47435956103,30681.913734242407,29402.442158471044,28292.646727431864,27206.558202293854,24577.672782122674,32743.12291941949,0.5674248578391552,-0.978117350858374,0.208053954419993,-0.9499720515237188,0.3123349185150725,1.0,2.0,3.0
1637952498.0,2.966890432117793,0.8314446048998655,352.60864046102773,2159.342935361819,890.6830829092803,24128.00273269848,28774.635126176705,27124.062919112963,30599.017285826532,29414.704054967067,27911.36008656943,27157.33133204389,24578.229635998723,32678.613775645747,0.5678310316815597,-0.9778746070329144,0.2091919045284102,-0.9408807690264884,0.3387379200445734,1.0,3.0,2.0
1637952514.0,2.953374255209456,0.8302748202676095,349.6277112979335,2190.602064840006,889.6321005695571,24107.407563166482,28823.330105351466,26823.9972184359,30460.485637131555,29529.419505983507,27317.8689860667,26913.762377077128,24944.389242875608,32930.774167257376,0.5682372055239643,-0.9776305393008932,0.2103295714497713,-0.9310558158493883,0.3648767843711489,1.0,4.0,1.0
1637952530.0,3.0,1.272966,510.0,768.0,805.122048,66246.775,66259.342,66462.94,66508.106,66588.735,66624.808,66636.799,66639.994,66661.001,0.5686433793663688,-0.9773851480049532,0.2114669535869277,-0.920504853522892,0.3907311283233,0.0,0.0,0.0
1637952546.0,2.9717045480801154,0.8164553691705567,354.66531344954717,2168.246782949104,869.0786467143047,22929.97913430827,28085.898671226114,26406.685110780396,29448.77806512272,28701.508781363176,28546.177735918067,25627.687475412953,23204.8774598631,31974.606844966293,0.5690495532087734,-0.977138433465042,0.2126040494569271,-0.9092361090183309,0.4162807923231699,1.0,1.0,24.0
1637952562.0,2.9754861169552305,0.8151531990167994,350.37831222435454,2158.7715248810446,878.3532463871916,22944.530631632806,27662.93332096641,26503.90036856347,29565.818454118773,28866.097447776472,27793.866119873073,26411.831631599438,23754.4668395221,31607.461860018222,0.5694557270511779,-0.976890396027518,0.2137408574634224,-0.8972583697393555,0.4415058526595927,1.0,2.0,23.0
1637952578.0,2.9776201163398985,0.8129137602263911,345.1434531739885,2159.132051763355,881.2784723606956,22909.436314938062,27387.692208564396,26337.178394476654,29359.573821332982,28787.999342020008,27333.885655417136,26324.70725585307,23643.820779589536,31316.19671889513,0.5698619008935825,-0.9766410360157792,0.2148773761242102,-0.8845809751674858,0.466386640430169,1.0,3.0,22.0
1637952594.0,2.978903930827967,0.8107384760379706,341.2513171815367,2158.917750772432,882.7364671385269,22870.80990203321,27183.805615182286,26228.79545905361,29154.784358118934,28650.6094088701,27003.41939988406,26256.967663512376,23587.699323987847,31075.88287180072,0.570268074735987,-0.9763903537798976,0.2160136038437537,-0.8712138111762812,0.490903753515594,1.0,4.0,21.0
1637952610.0,2.979632621712398,0.8080848407278203,337.9350355684609,2159.104471962247,883.2743520185394,22821.34146267975,26996.14944989449,26125.396527569013,28918.287776096928,28492.25071672134,26728.64305290665,26153.835264508834,23538.745736076573,30846.527078384723,0.5706742485783916,-0.9761383496467202,0.2171495391406059,-0.8571673006325411,0.5150380750258401,1.0,5.0,20.0
1637952626.0,2.979941355653233,0.8053692074720475,335.106268614339,2159.6293385203844,883.3279296636305,22772.248096838404,26824.42565809494,26021.076531400206,28680.17406425348,28327.414485266738,26489.662407692562,26041.47065956737,23492.334845786212,30630.879075287703,0.5710804224207962,-0.9758850239700304,0.218285180420049,-0.8424523973018018,0.538770784546125,1.0,6.0,19.0
1637952642.0,2.9799533186693368,0.8027206912583249,332.69428535374095,2160.4940350769293,883.0754854137776,22724.08471622413,26667.284372642083,25915.029307292392,28452.47278922671,28164.473364203353,26276.779905334457,25928.091540113204,23447.10827653146,30427.363866894448,0.5714865962632006,-0.9756303770833148,0.2194205261872034,-0.8270805744418148,0.5620833776060253,1.0,7.0,18.0
1637952658.0,2.9797631001038805,0.8002209132352471,330.6512628496586,2161.7248579053057,882.6265291500379,22676.202178830747,26523.43730792455,25809.65604802058,28241.604253128833,28008.460350821,26087.955225507983,25819.461686399813,23403.854543311445,30235.13757278485,0.5718927701056052,-0.9753744093376976,0.2205555748765772,-0.8110638192899238,0.5849576745704272,1.0,8.0,17.0
1637952674.0,2.9794267036160473,0.797892814538656,328.9169854488604,2163.270722603694,882.0512597885426,22629.265639655103,26391.379411344726,25704.771428698605,28049.88906198038,27860.698680265457,25917.555350310067,25718.127294496615,23362.700006738756,30053.662389578116,0.5722989439480097,-0.975117121070094,0.2216903249940597,-0.7944146206960911,0.607375839513135,1.0,9.0,16.0
1637952690.0,2.9789798772535914,0.7957411350726514,327.43977367503567,2165.0825823704745,881.3993806021247,22583.98090205496,26269.914769586518,25600.561391962252,27878.0480007094,27721.56836487515,25761.647012760346,25625.36982382167,23323.84164070948,29882.702873397844,0.5727051177904143,-0.9748585126352204,0.2228247749749692,-0.7771459614665331,0.6293203910380291,1.0,10.0,15.0
1637952706.0,2.978443299629616,0.7937631256928555,326.17601256571487,2167.1164603383763,880.7069275338569,22541.154774406124,26158.37583886277,25497.57202847607,27726.05016087131,27591.14491198767,25617.60287472947,25541.62592439418,23287.422530034928,29722.40400810477,0.5731112916328188,-0.9745985843897138,0.2239589232550602,-0.7592713074855442,0.6507742170900691,1.0,11.0,14.0
1637952722.0,2.977826356093773,0.7919548759783859,325.09037363136565,2169.332390664143,880.001256648632,22501.75789029659,26056.713353949337,25396.6891911959,27593.616130126917,27469.50506676582,25483.82783298358,25466.942048343844,23253.64770100317,29573.346968320075,0.5735174654752234,-0.974337336672476,0.225092768355597,-0.7408045962747747,0.6717205893361973,1.0,12.0,13.0
1637952738.0,2.97712989264941,0.7903134708882217,324.15557439970524,2171.695252821524,879.3047258570762,22466.921013220992,25965.50618122991,25299.03903767997,27480.494931906083,27356.870399921583,25359.48346757757,25401.29465992495,23222.91234023592,29436.497073936953,0.5739236393176279,-0.9740747698502674,0.2262263086847961,-0.7217602282357466,0.6921431737271436,1.0,13.0,12.0
1637952754.0,2.976347890335202,0.7888372751554482,323.3520824702383,2174.1744828075457,878.6376809648864,22437.936268349134,25885.915748363695,25205.884865902277,27386.61114960398,27253.63082639501,25244.268839003806,25344.785334461114,23195.915147591004,29313.133156957683,0.5743298131600325,-0.9738108842687392,0.2273595427505437,-0.7021530529589555,0.7120260460267014,1.0,14.0,11.0
1637952770.0,2.9754681702279404,0.7875254118978073,322.6670982017313,2176.743351158192,878.0213882087378,22416.242977188085,25819.661411673325,25118.540011556055,27312.144052199284,27160.33222710219,25138.21862341954,25297.720036646642,23173.73204651971,29204.815342857906,0.574735987002437,-0.9735456802884296,0.2284924690044267,-0.6819983601835148,0.731353701506321,1.0,15.0,10.0
1637952786.0,2.974472230410638,0.786376174749823,322.0930009985362,2179.377069745067,877.4803460364157,22403.41349224427,25768.97365418193,25038.28136310696,27257.525121578605,27077.625698101765,25041.542735419607,25260.59425586502,23157.86264017435,29113.362745377293,0.5751421608448416,-0.9732791582683864,0.2296250859126271,-0.6613118652607377,0.7501110696859259,1.0,16.0,9.0
1637952802.0,2.97333434709397,0.7853856769901336,321.6252869406526,2182.051428027233,877.045132021237,22401.129793421765,25736.542972943083,24966.244344357518,27223.355217904962,27006.211848460636,24954.41641344157,25233.972850013437,23150.26799570907,29040.859662411036,0.5755483346872461,-0.9730113185727997,0.2307573919275866,-0.6401096995867118,0.7682835235087433,1.0,17.0,8.0
1637952818.0,2.9720198121092984,0.784545291993278,321.2596093291065,2184.74507131285,876.7550999388712,22411.12682667067,25725.4127271783,24903.22091032125,27210.214183599037,26946.68854775357,24876.694760685466,25218.242920172746,23153.38303257522,28989.63946669196,0.5759545085296507,-0.9727421615542116,0.2318893855588046,-0.6184083952656909,0.7858568932476911,1.0,18.0,7.0
1637952834.0,2.970482170178986,0.783838501193469,320.9874782284555,2187.44763511587,876.6622755449689,22435.09211485336,25738.758676398968,24849.231446735645,27218.20710737247,26899.19319457848,24807.348019124158,25213.127611649918,23170.119619595196,28962.187949883406,0.5763606823720553,-0.9724716875904869,0.2330210652170969,-0.5962248750454349,0.8028174751318357,1.0,19.0,6.0
1637952850.0,2.9686568210160713,0.7832354431948794,320.7888433336455,2190.184870210451,876.8368042422322,22474.463747708385,25779.57676204837,24802.59999888019,27246.022234836455,26862.494152854873,24743.309206491635,25216.596037334362,23203.72101249203,28960.814940330572,0.5767668562144598,-0.972199897034277,0.2341524294269464,-0.5735764362282403,0.8191520443749813,1.0,20.0,5.0
1637952866.0,2.9664582565945805,0.7826938736022215,320.6145314564978,2192.9603544300126,877.3814532196674,22529.480688327207,25849.69472394225,24757.9984762778,27288.90831988716,26831.848076391267,24677.126045062985,25222.236564603692,23257.40259332423,28986.31846885659,0.5771730300568644,-0.9719267902671438,0.2352834766000526,-0.5504807405291867,0.8348478629705164,1.0,21.0,4.0
1637952882.0,2.9636598846113267,0.7821140055844391,320.3812709426279,2196.6000378391414,878.4326603157924,22598.882837521352,25952.70030202892,24692.866045037044,27332.74020334261,26788.796515707676,24590.71677647967,25215.452695581957,23332.49548442732,29038.549834065838,0.5775792038992689,-0.9716523676451716,0.2364142052617231,-0.5269557957369597,0.8498926928378827,1.0,22.0,3.0
1637952898.0,2.9616712832396983,0.7839177879392948,319.6862430250025,2195.6650520978073,881.2883723450561,22654.0870069541,25978.401353649664,24620.274287128363,27319.861272646885,26687.192109278945,24457.862510552397,25107.729587440357,23358.09465794181,29079.54433047989,0.5779853777416735,-0.9713766295536174,0.2375446138245496,-0.5030199470615426,0.8642748017026777,1.0,23.0,2.0
1637952914.0,2.9438596091484883,0.7723811931542025,314.6385694793834,2249.9077903784037,871.5214972876732,22241.538785497753,25798.063537408496,23779.572033300952,26728.94621076685,26450.86899649603,23565.623930933765,24192.037954830506,23360.915472793364,29093.61148250493,0.578391551584078,-0.9710995763554694,0.238674700800541,-0.4786918581598374,0.8779829753084522,1.0,24.0,1.0
1637952930.0,3.0,1.159849,550.0,768.0,805.179392,99161.909,99160.978,99443.599,99467.323,99553.664,99598.402,99647.167,99656.579,99657.74,0.5787977254264826,-0.9708212084257684,0.2398044646597112,-0.453990499739864,0.8910065241882063,0.0,0.0,0.0
1637952946.0,2.9577817696247974,0.7994241353561076,347.0210884062632,2170.065686074049,862.6000808946872,22743.424713641707,27663.593474969945,25399.329453074053,28554.58316314342,27427.261805942107,27543.252862333255,24673.21141131025,22632.268149781805,30937.367521786728,0.579203899268887,-0.970541526151853,0.2409339038301418,-0.4289351335988765,0.9033352927703612,1.0,1.0,5.0
1637952962.0,2.9614216020951165,0.8151200907866638,349.080545131785,2168.357230506303,877.8226393335198,23369.885550315485,27943.258604500108,26293.038948590423,29613.408804437524,28401.54907471185,27496.86607139612,26552.211206283555,24031.587431803862,31545.69253945866,0.5796100731112916,-0.9702605298983812,0.242063016839237,-0.4035452963225015,0.9149596678630072,1.0,2.0,4.0
1637952978.0,2.962988457578567,0.8155496682952088,345.89530262032764,2171.411753644343,883.8609341189203,23547.977721299943,28034.178807288896,26359.39143533173,29716.971875250405,28635.14154508913,27231.366834919303,26573.66589658877,24112.367789302858,31645.255558891695,0.5800162469536961,-0.969978220059838,0.2431918021018566,-0.3778407869885059,0.9258705847406032,1.0,3.0,3.0
1637952994.0,2.964167283932303,0.817795956247041,343.16421616527373,2167.9536412701977,888.6274608593274,23663.352550808562,28025.678092862807,26392.96736270687,29688.387745684784,28632.44061048845,26985.333307005858,26560.594886652245,24204.372561805147,31691.78918229235,0.5804224207961007,-0.9696945970043074,0.2443202581462574,-0.3518416483432129,0.9360595357620854,1.0,4.0,2.0
1637953010.0,2.9492084620165624,0.8111891461197587,338.1755097529682,2208.7602834029994,883.3204163782023,23389.919649289957,27891.370007170197,25844.969087328653,29215.296910955843,28540.711573557528,26194.970800541614,25911.999283660833,24403.52122314411,31774.147450252898,0.5808285946385053,-0.9694096611299624,0.2454483833882216,-0.3255681545995804,0.9455185755502764,1.0,5.0,1.0
1637953026.0,3.0,1.213852,560.0,768.0,805.23264,82004.0,82033.309,82224.912,82263.564,82377.687,82453.113,82472.241,82474.729,82479.827,0.5812347684809098,-0.9691234128118988,0.2465761763427639,-0.2990407921618921,0.9542403285457955,0.0,0.0,0.0
1637953042.0,2.9685411168393205,0.7948557920854112,345.53569189075364,2168.7402512112735,862.9125244011083,22259.639007907317,27323.547655098002,25478.990119890477,28226.56914933785,27631.365566423894,27753.23928634326,24439.715755509882,22509.31307958792,30853.217402009035,0.5816409423233144,-0.9688358524412108,0.2477036354689051,-0.2722802471537386,0.9622179934972632,1.0,1.0,38.0
1637953058.0,2.972353207929004,0.7997796755626171,342.8084712232978,2161.9102474351484,874.3463427711034,22406.099979370425,26959.22270113718,25771.432172500557,28539.669220455267,27951.982100122026,27090.141992316883,25685.89632946217,23362.96201918544,30653.99222887923,0.5820471161657189,-0.9685469804072134,0.2488307592402291,-0.2453073857510935,0.9694453499274542,1.0,2.0,37.0
1637953074.0,2.974902524457653,0.7955994593391149,336.5550973686939,2164.6507394812274,876.9575947541176,22287.983233152583,26602.836838047202,25526.363485040187,28218.71345905844,27811.12378074338,26525.557184190904,25464.560602494435,23188.120432155796,30256.74636392409,0.5824532900081235,-0.9682567971046347,0.2499575461166836,-0.2181432414790907,0.9759167619202956,1.0,3.0,36.0
1637953090.0,2.976299712206995,0.7919266735489934,331.75094069686384,2166.020295608137,878.0473422217913,22176.421958959218,26313.911078008525,25341.718123463266,27890.666064132703,27571.859595269718,26095.208734545755,25303.748903720283,23093.804003740905,29906.23982596687,0.582859463850528,-0.967965302915429,0.2510839946150325,-0.1908089952148151,0.981627183479101,1.0,4.0,35.0
1637953106.0,2.976982441315742,0.7870508289998368,327.25084949069924,2167.8998293720506,877.983682646681,22033.173439777176,26017.228508428336,25133.089250618817,27492.111561724363,27279.177063007657,25694.51582996096,25072.520111849393,22984.124230845762,29531.286778570793,0.5832656376929326,-0.9676724982488192,0.2522101031538764,-0.163325962751901,0.9865721615224932,1.0,5.0,34.0
1637953122.0,2.9771192471072707,0.7816232833130096,323.0211599538918,2170.298790745541,877.3004874016262,21876.441982455348,25717.505042887846,24902.202241196996,27063.3520909156,26952.461764516887,25309.592527106142,24810.77474821094,22862.15774662093,29144.055952610222,0.5836718115353371,-0.9673783834865728,0.2533358702649619,-0.1357155726997079,0.9907478404350878,1.0,6.0,33.0
1637953138.0,2.976861044241457,0.7757660653195553,318.98512972881366,2173.312080556736,876.1618179571824,21705.78168679214,25413.494271216205,24649.6408685892,26615.93257393322,26601.93566035304,24930.01554463993,24525.335082253892,22726.54555506634,28743.223905664203,0.5840779853777417,-0.9670829590415914,0.2544612943678462,-0.1079993561873921,0.994150963920022,1.0,7.0,32.0
1637953154.0,2.9763175840277385,0.769564374795664,315.0930584744317,2177.015442983082,874.6690501532022,21520.34386428232,25104.06863559581,24378.98869834413,26156.081680532923,26233.590443428395,24553.63186472688,24221.928351889677,22578.174658129166,28328.50190918958,0.5844841592201462,-0.9667862252990584,0.2555863739951685,-0.0801989245629619,0.9967788784374116,1.0,8.0,31.0
1637953170.0,2.975556097294739,0.7630400153001937,311.28414789488585,2181.387651685506,872.8812093018466,21320.57071982194,24787.772964468502,24091.017299737832,25686.035945765925,25849.62696696018,24174.906924981857,23902.985551906066,22416.878433236932,27899.705325620147,0.5848903330625508,-0.9664881826718172,0.2567111075815153,-0.0523359562284812,0.9986295347553318,1.0,9.0,30.0
1637953186.0,2.974622898319538,0.7562030354298357,307.5103438457757,2186.3916127139446,870.8377348002712,21107.171752074297,24463.587467694495,23786.951052518205,25207.02676206507,25451.572088340672,23790.425123914974,23570.11082918211,22242.500168453436,27457.172450630907,0.5852965069049553,-0.9661888315596708,0.2578354936182331,-0.0244321783544298,0.9997014897762518,1.0,10.0,29.0
1637953202.0,2.9735510869831576,0.749067109807917,303.73718717736386,2191.975487594063,868.566694441974,20881.21552022415,24131.200542731076,23468.588843580234,24720.25028623636,25041.091301385277,23398.601884982992,23224.6221854779,22054.924033217143,27001.95286823924,0.5857026807473599,-0.9658881723678978,0.2589595305830665,0.0034906514627284,0.9999939076576244,1.0,11.0,28.0
1637953218.0,2.972366118292608,0.7416582486581843,299.9439062175326,2198.071008697175,866.0909705691853,20644.171216164985,23791.077130131107,23138.29418297207,24227.361974572545,24620.322330225692,22999.417393238902,22868.037676392105,21854.26090277145,26535.880562324386,0.5861088545897645,-0.9655862055073317,0.260083216940181,0.0314107589093971,0.999506560371034,1.0,12.0,27.0
1637953234.0,2.9710897195526442,0.7340173929022976,296.12278788767713,2204.5948429884024,863.4321397964683,20397.847691957686,23444.37126777017,22798.82779374787,23730.624325218305,24191.920928842563,22594.077264364496,22502.30209775494,21640.996398294134,26061.445042084568,0.586515028432169,-0.9652829313754374,0.2612065512104216,0.0593063736563474,0.9982398279189896,1.0,13.0,26.0
1637953250.0,2.9697422124687067,0.7261986366957934,292.2772170640198,2211.452795579845,860.6127526827936,20144.26381619452,23092.730261580582,22453.12089785706,23232.839497761037,23758.909247477655,22184.631726157633,22129.814856905963,21416.037343004937,25581.570768300182,0.5869212022745736,-0.964978350397976,0.2623295318167609,0.087155742612383,0.9961946981035804,1.0,14.0,25.0
1637953266.0,2.968343372369074,0.7182649378148743,288.418809605946,2218.5462434130895,857.6570187034303,19885.503741198954,22738.063138997935,22104.02996954498,22737.102045674037,23324.43693236903,21773.577461940855,21753.311674603778,21180.67459727949,25099.338957806172,0.587327376116978,-0.9646724629720692,0.2634521572950239,0.1149371506056641,0.9933727655873452,1.0,15.0,24.0
1637953282.0,2.966912163828815,0.7102820268796414,284.5641477076263,2225.7793069701506,854.5902550616267,19623.55215398703,22382.29124376385,21754.121758484936,22246.501577079478,22891.50261507953,21363.481126568317,21375.62303395159,20936.476829016687,24617.716823034178,0.5877335499593827,-0.964365269527146,0.2645744260691782,0.142628933603793,0.9897762309224468,1.0,16.0,23.0
1637953298.0,2.965465978385522,0.7023123639763668,280.73138577349835,2233.065251867788,851.4373615558859,19360.16062938379,22027.135779646876,21405.52626536852,21763.813670302392,22462.72615265882,20956.66602257628,20999.4276744289,20685.132872580325,24139.314693066368,0.5881397238017871,-0.9640567704637346,0.265696336675977,0.1702094993104663,0.985407898458542,1.0,17.0,22.0
1637953314.0,2.964019678379275,0.6944101499084292,276.9374389363774,2240.331398350901,848.2210706908369,19096.75186002137,21673.95769846399,21059.855816705327,21291.24889730053,22040.173475376603,20554.99351654896,20627.02404741339,20428.28448681188,23666.21252867388,0.5885458976441917,-0.9637469662149308,0.2668178875403914,0.1976573403107554,0.9802711746355078,1.0,18.0,21.0
1637953330.0,2.9625851673415684,0.6866177120194379,273.19586519774373,2247.5211749368227,844.9602459501937,18834.354372607857,21323.664096154745,20718.17541284114,20830.305081299197,21625.26684439521,20159.73795726557,20260.17052085472,20167.36778484998,23199.852113805024,0.5889520714865962,-0.9634358571885656,0.2679390771860907,0.2249510545188571,0.9743700647448352,1.0,19.0,20.0
1637953346.0,2.961171215947745,0.678964088146883,269.51570014248557,2254.5944392972383,841.6687419607184,18573.596369084724,20976.67187967847,20381.032997689385,20381.709188915363,21218.76195200323,19771.561287799475,19900.0104365053,19903.506075375622,22740.99988023635,0.5893582453290008,-0.9631234438097016,0.2690599040811178,0.2520693577569506,0.9677091706086072,1.0,20.0,19.0
1637953362.0,2.9597838938312044,0.6714648785001321,265.900952906784,2261.5247828500524,838.3547997904734,18314.72235550173,20632.929936365108,20048.51567394655,19945.446075011176,20820.78753202215,19390.548340892543,19547.06994215423,19637.423763959498,22289.773549906058,0.5897644191714053,-0.9628097265013016,0.2701803667080357,0.2789911057962331,0.96029368574754,1.0,21.0,18.0
1637953378.0,2.9584272745861977,0.6641234424862159,262.3507633991401,2268.296017102351,835.0209345706204,18057.63948730724,20291.96070144811,19720.321670923004,19520.839153734356,20430.911583454883,19016.301579170497,19201.3087792891,19369.406091102075,21845.69789793733,0.5901705930138099,-0.9624947056920412,0.2713004635358941,0.3056953045162114,0.9521293928856208,1.0,22.0,17.0
1637953394.0,2.9571044095529277,0.6569328361456285,258.8598647151588,2274.89724009087,831.6642833327094,17801.97515452616,19952.920815871665,19395.831385749356,19106.662596172086,20048.225542599823,18648.041717920678,18862.19367746092,19099.282408034884,21407.789636351674,0.5905767668562144,-0.962178381796569,0.2724201930902626,0.3321611316761745,0.9432226580206834,1.0,23.0,16.0
1637953410.0,2.9558184646345516,0.649877980658453,255.41922126995192,2281.316615283749,828.2768939811942,17547.134874880066,19614.654702221935,19074.183366579775,18701.24734631599,19671.421337669955,18284.717636126217,18528.79373599046,18826.42029228023,20974.63765086363,0.590982940698619,-0.9618607552510048,0.2735395538271684,0.3583679495726737,0.933580426486694,1.0,24.0,15.0
1637953426.0,2.954573929817592,0.6429378249256074,252.01663918565347,2287.534179814479,824.8461319954939,17292.350332759168,19275.729358291625,18754.323423686823,18302.58466435155,19298.852970596883,17925.105141592507,18199.854128014027,18549.7156370149,20544.469916508806,0.5913891145410236,-0.9615418264933632,0.2746585442031746,0.3842953224871648,0.9232102171848436,1.0,25.0,14.0
1637953442.0,2.9533781966156822,0.636087407427127,248.63729344427384,2293.5119853848814,821.3547553487921,17036.70817181132,18934.443902217157,18435.040613376852,17908.388870800627,18928.57334233071,17567.8746204147,17873.85060431565,18267.571126407,20115.1974884734,0.5917952883834281,-0.9612215959434852,0.2757771627453212,0.4099230338984375,0.912120116146717,1.0,26.0,13.0
1637953458.0,2.9522433932799563,0.6292995359256807,245.2640053365705,2299.180581114185,817.7804730222487,16779.140140793897,18588.79539472941,18114.9700178633,17516.132582148326,18558.330539364433,17211.63623982557,17549.006835455508,17977.846992141935,19684.421007780285,0.5922014622258327,-0.9609000640388974,0.276895407925164,0.4352310992337,0.9003187714692086,1.0,27.0,12.0
1637953474.0,2.951189066012784,0.6225462775739214,241.87720315679155,2304.419034628423,814.094807844634,16518.33348241451,18236.38061661311,17792.530661429817,17123.040683696276,18185.51832072567,16854.908832536545,17223.24068213991,17677.77212740325,19249.37462847104,0.5926076360682372,-0.9605772312149072,0.278013278228761,0.460199784868519,0.8878153850925139,1.0,28.0,11.0
1637953490.0,2.9502458670136247,0.6158003394115561,238.4543326238252,2309.0246067133876,810.2609104687549,16252.50540421489,17874.213787377455,17465.764741091538,16726.00486771333,17807.040266660257,16496.002013283454,16893.993019123332,17363.811686966063,18806.77638682665,0.5930138099106418,-0.9602530979126458,0.2791307721287043,0.4848096201405488,0.8746197071980352,1.0,29.0,10.0
1637953506.0,2.9494610226569167,0.6090364814492542,234.96839565048109,2312.666676681804,806.2300368499926,15978.911756905381,17498.41573248257,17131.96296145021,16321.386283016787,17419.013938407865,16132.70788611591,16557.824685563042,17031.480256217797,18352.50539542117,0.5934199837530463,-0.9599276645587568,0.2802478881539898,0.5090414158608807,0.8607420269385886,1.0,30.0,9.0
1637953522.0,2.9489060488663728,0.602234052517342,231.38472846847966,2314.8175080878527,801.9371909153482,15692.879518691005,17103.731392050515,16786.891652700226,15904.58366673023,17016.174865365065,15761.676331751725,16209.593353280768,16675.087349115558,17880.958864483,0.5938261575954509,-0.9596009316101096,0.2813646247363197,0.5328762759963235,0.8461931661744203,1.0,31.0,8.0
1637953538.0,2.9486866475916504,0.5953818279304236,227.6545012326195,2314.650222314889,797.2977866633103,15385.998905529745,16682.813781623132,16423.2596318985,15469.156858065797,16590.662238557703,15377.26341858654,15840.841715282242,16287.424061740572,17383.799137739556,0.5942323314378554,-0.9592728994927082,0.2824809804196601,0.5562956156344349,0.830984469184536,1.0,32.0,7.0
1637953554.0,2.9489531871154635,0.5884865739016013,223.70153226319886,2310.8920472399045,792.2114783875338,15042.902989341666,16225.187575009108,16027.787251280524,15005.096079968824,16129.613352080132,14969.52885461222,15436.808136370419,15859.375241226846,16847.575476919792,0.59463850528026,-0.9589435686670712,0.2835969536367808,0.5792811722979215,0.8151277957603615,1.0,33.0,6.0
1637953570.0,2.949905211868309,0.5815815704825341,219.39531885974915,2301.6181285386724,786.5867260164121,14635.823974052677,15715.58193830815,15575.793830522649,14495.527098923547,15610.54496779329,14520.90312881113,14971.18081413818,15379.426044471938,16249.306313677576,0.5950446791226645,-0.958612939562589,0.2847125429326431,0.6018150233073298,0.7986355099302798,1.0,34.0,5.0
1637953586.0,2.9517781134694543,0.5747113224102771,214.4957660178863,2283.9732247846614,780.410446854396,14116.100498134483,15130.318619212121,15021.789407240107,13910.631920255932,14993.045651450997,14000.502401615064,14397.663388358062,14832.927699356846,15548.613255558284,0.595450852965069,-0.958281012643426,0.2858277467410927,0.6238795963283582,0.7815204727229894,1.0,35.0,4.0
1637953602.0,2.9548088301380404,0.5678186931033499,208.54581834050833,2253.917723392048,773.8836681109423,13404.744943798334,14428.22897921106,14286.174394610205,13197.074622880627,14206.680827878648,13352.746830306787,13638.92885679966,14202.879903024295,14675.622678492775,0.5958570268074735,-0.9579477883465334,0.2869425635941541,0.6454576875420105,0.7637960287883935,1.0,36.0,3.0
1637953618.0,2.9591211207077004,0.5599004463097955,200.56949393525142,2204.8155295295524,767.4471718735145,12359.39689695983,13507.00654453968,13235.325148245895,12262.709869962027,13142.440801349372,12467.210811316647,12570.63392641494,13453.153430910967,13509.339974405222,0.5962632006498781,-0.957613267127192,0.2880569919685775,0.6665324699106154,0.7454759999858175,1.0,37.0,2.0
1637953634.0,2.9701955689195114,0.5500230875416021,185.9315365984181,2110.853313108511,761.1566856892128,10332.806347872447,11632.054940768296,11050.586280526919,10545.740827108395,11164.969543819421,10676.833751608852,10514.501322056109,12015.876257078002,11437.864476648328,0.5966693744922827,-0.9572774494382952,0.2891710303555881,0.6870875106553426,0.7265746711119543,1.0,38.0,1.0
1637953650.0,3.0,0.041018,10.0,512.0,878.1824,285.083,288.065,296.08,296.08,296.592,296.592,296.592,296.592,296.594,0.5970755483346872,-0.9569403357302668,0.2902846772608649,0.7071067812177729,0.7071067811553221,0.0,0.0,0.0
1637953666.0,3.0,0.054755,20.0,512.0,942.743552,359.764,360.887,365.498,365.498,366.984,368.54,368.54,368.54,369.531,0.5974817221770918,-0.9566019264721828,0.2913979311349154,0.7265746708526869,0.68708751092951,0.0,0.0,0.0
1637953682.0,3.0,0.063924,40.0,512.0,1010.868224,1268.862,1270.835,1284.179,1284.709,1291.525,1293.162,1301.014,1301.014,1305.347,0.5978878960194963,-0.9562622221052708,0.2925107905262467,0.7454759997343064,0.6665324701919152,0.0,0.0,0.0
1637953698.0,2.968261525951345,0.5895673579470675,231.7836340503996,2153.479684637204,728.4932766401923,12703.50251689341,12878.496210290112,13899.97895309051,16553.653198937573,16131.978062409084,14220.1134717196,15256.972664658591,14616.463762751297,15936.096873891396,0.5982940698619009,-0.9559212231064356,0.2936232538725368,0.7637960285448349,0.6454576878302232,1.0,1.0,15.0
1637953714.0,2.9687345960426836,0.6246856688385479,245.79132234809632,2208.0663120725085,752.0863655044287,14391.769983329985,14610.005032089592,16028.13102894435,17822.3787056758,18372.70348628442,15476.584524609416,16892.908284474564,16090.81864001044,17964.410862187742,0.5987002437043054,-0.9555789299202816,0.2947353197233234,0.7815204724875731,0.6238795966232591,1.0,2.0,14.0
1637953730.0,2.9673745002526655,0.6440162597561042,251.71017841140457,2233.7001809248195,769.1912159967601,15277.305611854323,15678.68567240828,16931.463828049367,18491.898887523515,19230.711311889256,16220.158058634048,17723.598713346313,16824.704973126176,18858.71344719041,0.59910641754671,-0.9552353430273476,0.2958469865173986,0.7986355099834314,0.6018150232367954,1.0,3.0,13.0
1637953746.0,2.9654142003368147,0.6538686066428521,254.68003274041118,2250.4028470060825,780.8939634284044,15782.052322368976,16341.193629932133,17403.909162712887,18870.134796621038,19596.653291175397,16648.23212389336,18190.36148046891,17231.61014797545,19308.928917825106,0.5995125913891145,-0.9548904628799332,0.2969582527914431,0.815127795811523,0.5792811722259305,1.0,4.0,12.0
1637953762.0,2.9632743714603214,0.6586306283199375,256.0780652306938,2261.374048567675,788.7787310536185,16070.8727840901,16752.74576729587,17639.83762678787,19071.629110556332,19733.545618592274,16879.88681166969,18427.61588776436,17449.847778767962,19523.799956130046,0.5999187652315191,-0.9545442899492458,0.2980691170270582,0.8309844692336673,0.5562956155610433,1.0,5.0,11.0
1637953778.0,2.961228656050114,0.6606239238904545,256.5795263195469,2268.8363180808874,793.9827488056069,16229.743207434194,16998.49117418743,17738.865670832394,19158.207372892895,19748.907029405484,16988.595945455098,18521.528622905003,17563.150973199747,19606.1845566294,0.6003249390739236,-0.954196824703953,0.2991795777202945,0.8461931662214832,0.5328762759215888,1.0,6.0,10.0
1637953794.0,2.9594164199391053,0.6610574177447618,256.49790086179513,2274.1298991091485,797.2789780308608,16305.197035331135,17131.638755943794,17754.381070301668,19161.610392643302,19691.593246692097,17015.187604334908,18525.26399349481,17613.823746798433,19606.276565617936,0.6007311129163282,-0.953848067618842,0.300289633353869,0.8607420267465056,0.5090414161856753,1.0,7.0,9.0
1637953810.0,2.9578675816832236,0.6605682892660857,255.9763432264097,2277.88444220189,799.2247423624684,16322.734493501472,17185.134939119063,17714.995516620238,19100.04540726778,19581.552133111865,16981.150788726765,18467.285232328053,17621.677616343946,19548.286738863553,0.6011372867587328,-0.9534980191529702,0.3013992824665681,0.8746197070150958,0.48480962047058,1.0,8.0,8.0
1637953826.0,2.9565695481701213,0.659533745947551,255.08962588403682,2280.2386967017405,800.1942879659755,16295.599095080339,17177.136729979247,17634.421352552454,18984.013560819007,19427.81888430366,16896.992374279722,18360.761208494503,17593.79342175186,19442.64183234993,0.6015434606011373,-0.9531466797977638,0.3025085235005769,0.887815384918861,0.4601997852035295,1.0,9.0,7.0
1637953842.0,2.955530946871449,0.6582345145343355,253.8713293963235,2280.8555119743332,800.4143218075689,16228.582265610994,17114.901819763745,17516.58700237268,18819.266296668065,19230.64601660961,16767.128617307364,18209.746418715018,17528.413728472864,19292.009796950028,0.6019496344435419,-0.9527940500113096,0.3036173550096342,0.9003187713049774,0.4352310995734286,1.0,10.0,6.0
1637953858.0,2.9548185966298246,0.6569656777561584,252.3245057008471,2278.794916575486,800.002934646642,16118.789811001836,16995.893049429127,17356.467227355293,18607.668939446532,18982.59017760647,16591.61246087122,18011.41301217375,17415.623099761247,19092.609899680378,0.6023558082859464,-0.9524401302886574,0.3047257754370729,0.9121201159920356,0.4099230342426191,1.0,11.0,5.0
1637953874.0,2.9545853927223416,0.6561100421178624,250.4060554276227,2272.281595178194,799.0146325862787,15952.897075366956,16805.723433987023,17136.617395966106,18345.502585100192,18665.627394461753,16364.608403078515,17753.916315158312,17235.203218188482,18831.981583177712,0.602761982128351,-0.9520849210912584,0.3058337833377019,0.9232102170398324,0.3842953228355313,1.0,12.0,4.0
1637953890.0,2.955079683397679,0.6562212402680386,247.98644925930296,2258.4938445332036,797.5033143521439,15699.97342752659,16511.119087096595,16819.13038380302,18016.174344230254,18244.32553955075,16068.261009418517,17409.021019990832,16954.578906273917,18482.678597141243,0.6031681559707555,-0.9517284229133172,0.3069413771698597,0.9335804265183448,0.358367949490221,1.0,13.0,3.0
1637953906.0,2.956426379728407,0.6570223077603882,244.56072793919043,2233.6599984862655,795.1777772556129,15286.144166817052,16043.922186969598,16331.162699986993,17566.626162668308,17649.01950079288,15651.232229071387,16916.215485712313,16513.73274438148,17984.68552299321,0.6035743298131601,-0.9513706362375292,0.3080485554340403,0.9432226578953448,0.3321611320320925,1.0,14.0,2.0
1637953922.0,2.957024609846426,0.6679200878953396,243.0456351462233,2164.990778052884,796.0798116549593,14767.48324521211,15733.060624019223,15538.717038829254,17308.80399021043,16843.25269547687,15121.092455422691,16410.190759203517,15973.909212801811,17483.38105464161,0.6039805036555645,-0.9510115615348372,0.3091553166728177,0.9521293927702688,0.3056953048754903,1.0,15.0,1.0
1637953938.0,3.0,0.056708,10.0,256.0,487.284736,870.912,872.223,877.609,877.609,877.948,877.948,877.948,877.948,878.263,0.6043866774979691,-0.95065119930934,0.310261659332431,0.9602936856422648,0.2789911061585927,0.0,0.0,0.0
1637953954.0,2.9596773084249244,0.6269630209368728,245.5467997221511,2197.9196647391473,763.2357038103144,14783.57768656984,15359.910420968265,16074.880158102518,18686.020919252936,18057.132637584462,15813.521289165048,17130.470669389946,16140.792094336532,18248.996522496618,0.6047928513403736,-0.950289550030888,0.3113675819703981,0.9677091705134908,0.2520693581221084,1.0,1.0,7.0
1637953970.0,2.959779754142943,0.6503680215686684,256.97119164197926,2234.220795797504,776.0599348486867,15911.185082337839,16514.474202814643,17460.606222885286,19630.142231793816,19625.821713798694,16834.228220034962,18414.641962778915,17126.298023460196,19670.668297248056,0.6051990251827782,-0.9499266142071936,0.3124730830341357,0.9743700647647026,0.224951054432802,1.0,2.0,6.0
1637953986.0,2.958274236105414,0.6656115353782792,262.26799115272286,2245.356272858539,787.5258345193532,16596.206657641418,17368.240537234185,18105.627635914592,20218.75306912896,20265.42487485424,17457.188171644244,19060.182873721093,17694.978850231815,20410.34342622743,0.6056051990251827,-0.9495623923114632,0.3135781610822589,0.9802711746529646,0.197657340224179,1.0,3.0,5.0
1637954002.0,2.9562429027521366,0.6755185037348947,265.5476263941307,2250.1999694115466,796.5930268442137,17066.779490482426,17978.757979995677,18493.74396987933,20621.992364485253,20601.283369233148,17852.8774925019,19465.650507297047,18061.583661472894,20894.59819529093,0.6060113728675873,-0.9491968848550209,0.3146828145633699,0.9854078984735748,0.1702094992234363,1.0,4.0,4.0
1637954018.0,2.9541048055387473,0.6827649224462546,267.5934835008417,2250.097664233092,803.6474158893164,17382.19260262378,18403.420517227147,18689.039334914225,20894.625554510767,20753.62963489742,18088.47349708081,19698.440400406802,18283.641068283367,21221.35712036867,0.6064175467099919,-0.9488300923190216,0.3157870420233818,0.9897762309350436,0.1426289335163772,1.0,5.0,3.0
1637954034.0,2.9532401636786716,0.6874313402576514,267.8483064161107,2244.11863931139,808.4629368496227,17545.0314761736,18562.66111704385,18647.59420399794,20993.730391274617,20726.473916059964,18132.518099360324,19712.771501781725,18294.8743099471,21388.620167689645,0.6068237205523964,-0.948462015204612,0.3168908419535129,0.9933727655439746,0.1149371509805059,1.0,6.0,2.0
1637954050.0,2.941700717657475,0.6989957582798082,272.6995461612938,2242.105602624255,812.1831850807133,17831.75854730743,19284.626965679723,18621.709877148045,21375.52942586557,20900.3208961056,17988.910199772086,19815.973888660686,18880.089794524458,22006.422420975352,0.607229894394801,-0.9480926540101156,0.317994212859378,0.996194698070693,0.0871557429882896,1.0,7.0,1.0
1637954066.0,3.0,0.367536,90.0,256.0,268.423168,43929.717,43896.208,44087.949,44092.121,44123.414,44130.146,44132.399,44132.952,44133.458,0.6076360682372055,-0.947722009240237,0.3190971532333816,0.9982398278966108,0.0593063740330257,0.0,0.0,0.0
1637954082.0,2.950521179415914,0.7412993431197641,297.3264998130888,2143.163844288961,813.0763509670426,18999.428290123935,21127.56079237212,20410.68806822301,23875.94099567177,22129.73136689525,21378.254407994234,21722.035765356017,20220.79788328654,24819.911067363068,0.6080422420796101,-0.9473500813828452,0.3201996616236758,0.9995065603591816,0.0314107592865535,1.0,1.0,3.0
1637954098.0,2.954277178721065,0.75315930601229,300.83249171563466,2190.6708298356707,830.883934457348,19770.288425712726,21954.46464751172,21222.258485445385,24332.861150355144,23359.774985278043,21697.719652637345,22362.82307502532,20825.30116945784,25445.95261714406,0.6084484159220146,-0.9469768709600828,0.3213017364824703,0.9999939076563074,0.0034906518400686,1.0,2.0,2.0
1637954114.0,2.941861526590892,0.7616397409813354,305.86005021812997,2217.1310338108738,841.2111593322277,20351.406939608394,22999.798190200807,21584.66809557613,24858.019114518625,23975.764464324653,21596.72658305884,22776.337456189187,21656.187545469,26217.76614504498,0.6088545897644192,-0.946602378458552,0.3224033763728476,0.9997014897854712,-0.0244321779771999,1.0,3.0,1.0
1637954130.0,3.0,0.426473,100.0,256.0,268.402688,48421.677,48467.352,48765.195,48849.002,48942.834,48952.628,48963.836,48968.834,48969.26,0.6092607636068237,-0.946226604394581,0.3235045797757755,0.9986295347507096,-0.052335956316679,0.0,0.0,0.0
1637954146.0,2.9548130821861216,0.7901319562607282,324.91315778937155,2162.840099065747,844.1523590642812,21241.191861559346,24671.563074680576,23234.44938240631,26546.69518535476,25024.95253634236,24669.299140996278,24047.96698423937,22132.42768659565,28302.857114337734,0.6096669374492283,-0.9458495492863602,0.3246053451728562,0.996778878467674,-0.0801989241868348,1.0,1.0,4.0
1637954162.0,2.9576594648594194,0.795332958231116,328.44099416633503,2185.19379259114,861.3501784367731,21946.411361049584,25559.023127522963,24095.863545510903,27327.878923176002,26292.84451715304,25024.994777802618,24897.992028216715,22882.353145703062,29003.007722157614,0.6100731112916328,-0.9454712136302452,0.3257056711151211,0.9941509639607748,-0.1079993558122567,1.0,2.0,3.0
1637954178.0,2.9588963327710305,0.7959066525238088,327.9658352304217,2187.6084611346623,871.5989900841738,22330.183006512718,25908.921992223753,24370.072718070995,27647.22126376473,26655.734019479845,25068.647106053155,25124.65922095083,23029.08569057999,29376.4960608069,0.6104792851340374,-0.9450915979479104,0.3268055560853662,0.990747840486299,-0.1357155723258566,1.0,3.0,2.0
1637954194.0,2.9433174873385046,0.7965612806790019,329.8356926460218,2210.86416978401,873.5431115535118,22620.404296974884,26630.388414649864,24440.1137877965,27866.01967040906,27014.305987486223,24680.324920569998,25113.06353065365,23806.773938985047,30062.273439562436,0.6108854589764419,-0.9447107027390336,0.3279049986357653,0.9865721615841232,-0.1633259623796254,1.0,4.0,1.0
1637954210.0,3.0,0.292511,110.0,256.0,268.378112,66081.755,66139.193,66229.066,66241.966,66260.912,66281.794,66293.599,66293.678,66294.704,0.6112916328188465,-0.9443285285383464,0.329003997222832,0.981627183462249,-0.1908089953015112,0.0,0.0,0.0
1637954226.0,2.957946489120569,0.8102666659838982,343.79357193521105,2174.4050685559578,866.8520813668297,22825.48020488235,27512.74828516272,25424.455801139557,28526.74701793711,27299.47987204539,27314.41499311701,25313.379978611913,23194.58650291455,31008.488920952077,0.6116978066612511,-0.9439450758441388,0.3301025504136599,0.9759167619010296,-0.2181432415652824,1.0,1.0,4.0
1637954242.0,2.9603263141658074,0.8115910188888416,343.2387574285277,2167.8836248350412,878.1962807973182,23085.993086471462,27607.514870326566,25760.364570299113,29053.82996003025,27919.33941160026,27045.479101769124,26082.648924144225,23810.2538111493,31171.634178792854,0.6121039805036556,-0.9435603451947326,0.3312006566660112,0.969445349905789,-0.2453073858367137,1.0,2.0,3.0
1637954258.0,2.9620558886996107,0.8089508212068137,338.783048793375,2165.6748983084003,883.7545922328586,23094.0402301648,27424.330755760464,25642.07416646198,28967.094682795116,27906.176378353874,26632.44891580576,25945.61204471349,23674.434735062343,31099.818839781306,0.6125101543460602,-0.9431743370917508,0.3322983145481427,0.9622179934732156,-0.2722802472387206,1.0,3.0,2.0
1637954274.0,2.946387435209257,0.8016749025173139,334.82847755672617,2196.595946594649,878.4106877018547,22884.249112390797,27424.27902727511,25197.02448309499,28505.46469932367,27799.36939258204,25722.851823394245,25374.229791075144,24037.00049745773,31166.030614534822,0.6129163281884646,-0.9427870520771028,0.3333955225190738,0.9542403286586364,-0.2990407918018166,1.0,4.0,1.0
1637954290.0,3.0,0.405033,120.0,256.0,268.435456,78274.194,78247.163,78487.043,78491.618,78533.298,78557.42,78559.492,78559.919,78561.009,0.6133225020308692,-0.942398490655742,0.3344922791482324,0.945518575673127,-0.3255681542427961,0.0,0.0,0.0
1637954306.0,2.9657843091768443,0.7846651878674769,336.33396137047237,2182.4242928194053,863.2802793877192,21901.41239374438,26745.985568212494,24835.642808332806,27205.035164621942,26697.423972436234,26982.669435067965,24000.081032133487,22414.688802033543,30020.566415627734,0.6137286758732737,-0.9420086533731628,0.3355885828959031,0.9360595358948502,-0.3518416479899979,1.0,1.0,37.0
1637954322.0,2.969195570929895,0.783856299533363,332.8952878122473,2173.6152497956723,870.5382308409766,21872.836596018733,26269.54035388302,24888.60124780175,27345.45841012641,26897.057946097197,26267.910239681645,24766.59877286396,22933.135865422995,29655.39915924132,0.6141348497156783,-0.9416175407425454,0.3366844323189904,0.9258705848831786,-0.3778407866391355,1.0,2.0,36.0
1637954338.0,2.9713729984864683,0.7772214054742905,326.4110117591743,2178.4957033727273,871.8885673023933,21680.24958906132,25834.615254647004,24633.081472261227,26946.180650114442,26679.29107098558,25621.52809188761,24484.71795940384,22691.0376035149,29162.77497996137,0.6145410235580828,-0.9412251533031826,0.3377798259064629,0.914959668015282,-0.4035452959772483,1.0,3.0,35.0
1637954354.0,2.9725723316088777,0.7710730270217593,320.8647255997744,2182.026639898838,872.0906661182653,21485.03460398211,25454.29942474427,24388.59841144112,26492.387811855646,26334.955330679655,25071.21871464406,24213.54219407407,22526.301149003528,28687.713674681676,0.6149471974004874,-0.940831491571564,0.3388747622164063,0.9033352929322166,-0.4289351332580096,1.0,4.0,34.0
1637954370.0,2.9730182811241126,0.7638671167158103,315.5037382928008,2186.13391244321,871.1694538438096,21265.392417527954,25072.187261606174,24114.04947658974,25964.755317617528,25932.48017824758,24556.1923274101,23876.269383709892,22349.225952322,28192.200970791935,0.6153533712428919,-0.9404365560904496,0.3399692397390307,0.8910065241481103,-0.4539904998185566,1.0,5.0,33.0
1637954386.0,2.9728843526252233,0.7561208217932285,310.35982698224115,2190.8302760622028,869.6006113491967,21037.167883961705,24692.634426862365,23816.307749985113,25408.67839998338,25498.832873639116,24063.73764168244,23509.762080357938,22158.98013943744,27690.455200069395,0.6157595450852965,-0.9400403474044507,0.3410632569652134,0.877982975489083,-0.478691857828537,1.0,6.0,32.0
1637954402.0,2.972333912883877,0.7480238806151198,305.4271837384028,2196.1108693947126,867.571526608673,20801.90440922975,24316.421774315542,23501.354283453235,24842.2156267949,25049.528317993078,23586.88227298394,23126.05881795188,21955.855454705386,27185.072441045806,0.6161657189277011,-0.9396428660301565,0.3421568124685429,0.8642748018924885,-0.5030199467354151,1.0,7.0,31.0
1637954418.0,2.9714975636670435,0.7397435880966792,300.7083888357829,2201.939609268726,865.2114184991876,20560.442675341994,23944.446546860425,23176.59095294731,24276.897702394388,24594.928346113447,23126.384762254613,22734.882956281035,21742.501135086775,26678.917673943324,0.6165718927701056,-0.9392441125255824,0.3432499047137974,0.8498926930367255,-0.526955795416259,1.0,8.0,30.0
1637954434.0,2.970464866766743,0.7313877296571311,296.1851398972129,2208.1844527737635,862.6107835804823,20314.833576872046,23577.22849261173,22845.671129723167,23719.5652837406,24140.76594544433,22679.44005605915,22342.243542843695,21520.79276849783,26174.722047728053,0.6169780666125102,-0.9388440874156464,0.3443425322621093,0.8348478631782362,-0.5504807402141632,1.0,9.0,29.0
1637954450.0,2.9693024141028204,0.7230404030449621,291.8415760955859,2214.7122499567154,859.8397833092881,20066.979888229867,23215.24425261306,22511.644025907754,23174.964671586247,23691.0646668196,22244.708787823478,21952.496548682495,21292.540904304187,25675.072966683663,0.6173842404549147,-0.9384427912469036,0.3454346936205457,0.8191520443243238,-0.5735764363005869,1.0,10.0,28.0
1637954466.0,2.9680589830558546,0.7147684409079764,287.66368626293297,2221.402301083008,856.9530120858465,19818.556814592703,22858.951993448958,22177.045503693345,22646.392560632303,23248.75382359053,21821.6949646554,21568.642162014472,21059.294698839556,25182.344696426786,0.6177904142973193,-0.9380402245626508,0.3465263873104784,0.8028174750791778,-0.5962248751163387,1.0,11.0,27.0
1637954482.0,2.9667693963574377,0.7066243139845565,283.638804858308,2228.1523892167143,853.9923923304176,19570.951327305833,22508.730441530024,21843.919696574285,22135.975451867216,22815.923483618386,21410.280316089982,21192.648095053828,20822.34656101649,24698.552140867985,0.6181965881397238,-0.9376363879129632,0.3476176118402681,0.7858568931930741,-0.6184083953350968,1.0,12.0,26.0
1637954498.0,2.9654577342591386,0.6986466169438331,279.7549877078285,2234.8826308036087,850.9886621566053,19325.197496035642,22164.776657752842,21513.80603660494,21644.82295845211,22393.94206266899,21010.385582339204,20825.674412319662,20582.743611499583,24225.21143465337,0.6186027619821284,-0.9372312818294016,0.348708365773488,0.7682835234522095,-0.6401096996545657,1.0,13.0,25.0
1637954514.0,2.9641398747456824,0.6908604949770545,276.0005172208564,2241.5364142507833,847.9626436396245,19081.952469283657,21827.03521874025,21187.730605905006,21173.144639641363,21983.51697784789,20621.751001832185,20468.237042132532,20341.291399194073,23763.23337383107,0.6190089358245329,-0.9368249068806868,0.3497986475788496,0.7501110699354668,-0.6613118649776889,1.0,14.0,24.0
1637954530.0,2.962825566683784,0.6832782007363182,272.3635185857269,2248.079605743894,844.9266234627679,18841.498629981397,21495.166810260947,20866.222198149666,20720.381361672178,21584.75034973462,20243.833211569035,20120.339081301092,20098.559785686124,23312.892436393828,0.6194151096669375,-0.9364172635966626,0.3508884558348117,0.731353701763668,-0.6819983599075439,1.0,15.0,23.0
1637954546.0,2.9615200116721585,0.6759002022871539,268.83169156917364,2254.497324383856,841.8856211856736,18603.777777066647,21168.543916522405,20549.360503039963,20285.357058227542,21197.217604283338,19875.77738235165,19781.57175108395,19854.875512265644,22873.861479271287,0.619821283509342,-0.9360083525496112,0.3519777890114132,0.7120260462916536,-0.7021530526902778,1.0,16.0,22.0
1637954562.0,2.9602250735619338,0.6687167235773561,265.39206081234477,2260.7904766620954,838.8386896206488,18368.446247124368,20846.274221152307,20236.84189663741,19866.398964285727,20820.06247590742,19516.43827216489,19451.190269001556,19610.319412559795,22445.289186973565,0.6202274573517466,-0.9355981742726828,0.3530666456883498,0.6921431739994944,-0.7217602279745716,1.0,17.0,21.0
1637954578.0,2.95894007158479,0.6617094745019809,262.03086947540277,2266.971954009788,835.7798941284199,18134.926186751047,20527.234169132513,19928.047084947422,19461.47639503655,20452.082726875004,19164.43100197828,19128.17888181774,19364.73198726593,22025.89239037435,0.620633631194151,-0.935186729341719,0.3541550243369963,0.6717205896157343,-0.7408045960213059,1.0,18.0,20.0
1637954594.0,2.9576624699338145,0.6548531439731362,258.73344513723697,2273.0632474935906,832.6990243467383,17902.456209034783,20210.098218025894,19622.109365252392,19068.29594389072,20091.818651811278,18818.180283504975,18811.29824671205,19117.71588181064,21614.056440152926,0.6210398050365556,-0.9347740182983432,0.3552429235246902,0.6507742173765745,-0.7592713072399793,1.0,19.0,19.0
1637954610.0,2.956388274327572,0.6481169285390551,255.48420441961122,2279.092081311476,829.5819259736397,17670.12526718939,19893.35977569659,19317.960030708804,18684.377517253582,19737.622395910028,18475.964074006875,18499.123367185646,18868.649203767283,21207.907698724575,0.6214459788789602,-0.9343600417012586,0.3563303417785556,0.6293203909693925,-0.7771459615221139,1.0,20.0,18.0
1637954626.0,2.955112283167346,0.641465391491713,252.26663911472056,2285.0903190381964,826.4104847134157,17436.90452656465,19575.346287784905,19014.37840806648,18307.097760889745,19387.711490873833,18135.957850316856,18190.073786945617,18616.690168466717,20805.373020798783,0.6218521527213647,-0.9339448001264856,0.3574172775855955,0.6073758398129014,-0.7944146204669025,1.0,21.0,17.0
1637954642.0,2.953828277006644,0.6348591175660818,249.06322832638205,2291.0927683401296,823.1622356285819,17201.65290760463,19254.216158630792,18710.001741662534,17933.721586536605,19040.209393689573,17796.250398874636,17882.426906182172,18360.783602852374,20404.21290139869,0.6222583265637693,-0.9335282941154284,0.3585037295286314,0.5849576748764761,-0.8110638190691943,1.0,22.0,16.0
1637954658.0,2.9525291419266813,0.6282547810762513,245.85538991648238,2297.1359977231946,819.8095015736719,16963.12124306641,18927.94581915253,18403.340019412244,17561.39645384207,18693.165601288034,17454.86997764901,17574.331917207528,18099.659396943334,20002.028910930883,0.6226645004061738,-0.9331105242528116,0.3595896960824141,0.562083377918118,-0.8270805742297168,1.0,23.0,15.0
1637954674.0,2.9512069356303936,0.6216043460566124,242.62332097187735,2303.257827132802,816.3178627111681,16719.92825853408,18594.31463937182,18092.75218944866,17187.139388817846,18344.573134824957,17109.791978949386,17263.80345599821,17831.81516022083,19596.23891161945,0.6230706742485784,-0.932691491083336,0.3606751758310286,0.5387707848640182,-0.8424523970985007,1.0,24.0,14.0
1637954690.0,2.949853070302538,0.6148533332344204,239.34562556049025,2309.4971996010863,812.643927677185,16470.512225504634,18250.88029580171,17776.40168214995,16807.80298455036,17992.363743108363,16758.94814028005,16948.70906012001,17555.47983101067,19184.02625119581,0.6234768480909829,-0.932271195195274,0.3617601672505909,0.5150380749501362,-0.8571673006780286,1.0,25.0,13.0
1637954706.0,2.9484586408766145,0.6079374576603248,235.9987991388273,2315.8957254911497,808.7318150735142,16213.042428026096,17894.963683971706,17452.14181758476,16420.01899328938,17634.38747848263,16400.23296871751,16626.72643276867,17268.550031615843,18762.227927057433,0.6238830219333875,-0.9318496371366196,0.3628446689264572,0.4909037534386495,-0.8712138112196371,1.0,26.0,12.0
1637954722.0,2.947015094787519,0.6007766801287241,232.5561233806428,2322.50391763389,804.5084068264737,15945.262343168773,17523.65122773515,17117.31117595044,16020.081028900764,17268.3438428014,16031.500567422923,16295.254409521294,16968.47021155902,18327.1513427772,0.624289195775792,-0.9314268174991904,0.3639286793361165,0.4663866403520439,-0.8845809752086765,1.0,27.0,11.0
1637954738.0,2.9455156419771233,0.5932656473836848,228.98575871595312,2329.3985610674836,799.8772476560052,15664.264766286144,17133.832905864117,16768.358932428167,15603.715535291956,16891.60632570454,15650.53669347068,15951.22978210487,16652.05595952007,17874.23539283925,0.6246953696181966,-0.9310027368395823,0.3650121970526564,0.4415058529981664,-0.8972583695727566,1.0,28.0,10.0
1637954754.0,2.9439578799281056,0.5852591554255565,225.24706119727875,2336.723412898039,794.7123562476129,15366.225441074,16722.27337871676,16400.24193355333,15165.570869822777,16500.80371024202,15254.994746281369,15590.790055934644,16315.236249365928,17397.4592196941,0.6251015434606011,-0.9305773957425468,0.3660952205820491,0.4162807926662634,-0.9092361088612504,1.0,29.0,9.0
1637954770.0,2.9423485105732445,0.5765511428484899,221.28375263327771,2344.770874770532,788.8542170965325,15046.218525250139,16285.64139341797,16005.475370486161,14698.148102935604,16090.937039317221,14842.200017617954,15208.6768499283,15952.678152228287,16888.30951354559,0.6255077173030057,-0.930150794767952,0.3671777484986627,0.3907311286706456,-0.9205048533754524,1.0,30.0,8.0
1637954786.0,2.9407090122631843,0.5668435348583027,217.01122730291243,2354.111206001846,782.106794458395,14698.131444555918,15820.048230290695,15572.644079644962,14189.714775416025,15653.659348106114,14408.463831252158,14797.165020075903,15557.070018763801,16334.074473630786,0.6259138911454102,-0.9297229345146946,0.3682597792827571,0.3648767847224758,-0.9310558157117048,1.0,31.0,7.0
1637954802.0,2.9390742760266613,0.5556928067786372,212.29396530530303,2365.719181691515,774.2132158471,14313.811046220384,15318.779501145546,15083.640738590115,13620.724155085976,15174.382557093279,13946.622774233369,14343.78201471192,15117.231489844522,15715.283665858826,0.6263200649878148,-0.9292938155406312,0.3693413115235489,0.3387379203996077,-0.940880768898668,1.0,32.0,6.0
1637954818.0,2.9374680020746777,0.542415482212974,206.91058325031833,2380.968746026719,764.7554196392913,13878.962425697295,14766.236604387861,14508.15577106504,12958.500375212645,14628.175009881117,13439.110431629431,13826.374348659981,14613.724710649065,15002.584364119324,0.6267262388302194,-0.928863438448194,0.3704223437026957,0.3123349188735373,-0.9499720514058616,1.0,33.0,5.0
1637954834.0,2.9358623020390286,0.5259814970521525,200.51381457105532,2401.498290007759,752.9708916476498,13365.042889039782,14128.625905562074,13794.993949455198,12150.392600385225,13974.504429537654,12844.340647827827,13205.366355817963,14012.639355165264,14154.579493949064,0.6271324126726239,-0.9284318037985212,0.371502874410716,0.2856883675305043,-0.9583225744277108,1.0,34.0,4.0
1637954850.0,2.93421866293914,0.504977328945356,192.56540614633587,2429.3563518953015,737.6099207247698,12723.718917607759,13347.443565412483,12861.361458087536,11113.541626863585,13147.053247525255,12075.099326827461,12414.102946233294,13260.867730343081,13116.859369590346,0.6275385865150285,-0.9279989121921544,0.3725829021441778,0.2588190449882017,-0.9659258263197,1.0,35.0,3.0
1637954866.0,2.9321121575617406,0.47709373512698966,182.07640303701825,2468.6306705467796,716.4966896457106,11865.103589928029,12309.696251426303,11580.626574436283,9701.78389281224,12024.544765592043,10947.235329817962,11326.016621467566,12254.46987023114,11817.66673851428,0.627944760357433,-0.927564764209776,0.3736624254543968,0.2317479035894578,-0.9727758781866928,1.0,36.0,2.0
1637954882.0,2.92856523784983,0.42999840348636403,163.10369552434963,2541.921994500592,682.1091314285022,10191.72758892549,10552.44542628851,9538.737673343108,7039.573415385445,9866.139050340089,8792.355508577497,9056.549824322672,10340.27197329565,9558.976803269117,0.6283509341998376,-0.9271293604391592,0.3747414428798548,0.2044960516936149,-0.9788673887926403,1.0,37.0,1.0
1637954898.0,2.5,0.030506,10.0,4096.0,344.322048,191.493,192.624,195.84,195.84,196.818,196.818,196.818,196.818,199.281,0.628757108042242,-0.9266927014752468,0.3758199529462336,0.1770847403835019,-0.9841956079577412,0.0,0.0,0.0
1637954914.0,2.5,0.008203,30.0,4096.0,453.169152,478.458,484.307,486.431,487.158,488.264,488.878,488.883,488.883,490.098,0.6291632818846467,-0.9262547878928048,0.3768979542338422,0.1495353432613859,-0.9887563810745796,0.0,0.0,0.0
1637954930.0,2.5,0.008203,40.0,4096.0,486.334464,750.819,751.087,758.212,771.998,773.817,782.625,783.309,783.309,785.842,0.6295694557270511,-0.9258156203066116,0.3779754452292955,0.1218693434368319,-0.9925461516374317,0.0,0.0,0.0
1637954946.0,2.5,0.07894,60.0,4096.0,625.156096,906.955,917.231,937.257,937.89,945.692,949.254,949.579,949.657,949.794,0.6299756295694557,-0.9253751992892668,0.379052424527729,0.0941083131020597,-0.995561964623541,0.0,0.0,0.0
1637954962.0,2.5,0.236517,70.0,4096.0,674.942976,2833.984,2836.812,2863.522,2864.738,2884.892,2887.076,2888.286,2889.02,2893.011,0.6303818034118602,-0.9249335254590692,0.3801288906171922,0.0662739008635399,-0.9978014682612616,0.0,0.0,0.0
1637954978.0,2.5,0.245807,80.0,4096.0,674.942976,1092.674,1090.482,1129.158,1132.349,1143.65,1151.211,1154.955,1155.562,1155.996,0.6307879772542648,-0.924490599391886,0.381204842094157,0.0383878093025805,-0.9992629164023594,0.0,0.0,0.0
1637954994.0,2.5,0.412045,100.0,4096.0,428.224512,1392.604,1391.952,1436.532,1437.208,1439.703,1440.608,1441.147,1451.479,1452.353,0.6311941510966693,-0.9240464217095328,0.3822802774481159,0.0104717845477607,-0.9999451693609932,0.0,0.0,0.0
1637955010.0,2.5,0.337936,110.0,4096.0,432.115712,1486.544,1489.077,1527.704,1534.465,1543.751,1545.88,1546.878,1549.888,1550.575,0.6316003249390739,-0.9236009929967196,0.3833551952634446,-0.0174524062551145,-0.9998476951595712,0.0,0.0,0.0
1637955026.0,2.5,0.482239,130.0,4096.0,444.39552,1912.826,1912.166,1963.264,1966.702,1992.843,1999.039,2005.824,2006.108,2006.551,0.6320064987814785,-0.9231543138620396,0.384429594071407,-0.0453629877311479,-0.9989705698087926,0.0,0.0,0.0
1637955042.0,2.5,0.459007,140.0,4096.0,450.781184,4193.296,4188.935,4239.357,4245.698,4265.806,4279.323,4288.664,4288.916,4291.175,0.632412672623883,-0.922706384910232,0.3855034724174229,-0.0732381969788581,-0.9973144772353834,0.0,0.0,0.0
1637955058.0,2.5,0.492494,150.0,4096.0,459.063296,2215.619,2221.754,2280.661,2284.068,2300.895,2307.323,2318.186,2318.743,2319.99,0.6328188464662876,-0.9222572067533528,0.3865768288341961,-0.1010562968193238,-0.9948807088657236,0.0,0.0,0.0
1637955074.0,2.5,0.492494,160.0,4096.0,466.931712,3066.119,3090.029,3139.552,3149.15,3167.421,3189.327,3195.32,3198.398,3202.733,0.6332250203086921,-0.921806779982648,0.3876496619088193,-0.1287955964623785,-0.9916711623980502,0.0,0.0,0.0
1637955090.0,2.5,0.644328,170.0,4096.0,476.381184,7023.099,7017.266,7096.556,7100.206,7120.444,7125.532,7127.863,7128.597,7132.461,0.6336311941510967,-0.9213551052191497,0.3887219701619779,-0.1564344651717813,-0.9876883405743022,0.0,0.0,0.0
1637955106.0,2.5,0.85553,180.0,4096.0,547.08224,2767.352,2770.359,2833.754,2840.677,2873.904,2889.834,2890.282,2894.965,2896.023,0.6340373679935012,-0.9209021830857044,0.3897937521151199,-0.1839513505310096,-0.982935349164846,0.0,0.0,0.0
1637955122.0,2.5,0.355677,190.0,4096.0,556.662784,2609.302,2601.3,2678.512,2686.202,2730.803,2747.953,2777.386,2778.405,2779.594,0.6344435418359058,-0.9204480141728456,0.3908650063708248,-0.2113247966178477,-0.977415894250971,0.0,0.0,0.0
1637955138.0,2.5,0.638108,200.0,4096.0,566.439936,7735.865,7739.261,7794.799,7818.235,7836.2,7856.722,7858.935,7861.466,7862.416,0.6348497156783103,-0.919992599118172,0.3919357314251792,-0.2385334575299207,-0.9711342799215882,0.0,0.0,0.0
1637955154.0,2.5,0.520722,210.0,4096.0,575.553536,11255.287,11246.383,11335.62,11341.613,11367.938,11388.539,11402.126,11403.084,11404.132,0.6352558895207149,-0.9195359385211864,0.3930059258687595,-0.2655561176788907,-0.964095404181202,0.0,0.0,0.0
1637955170.0,2.5,0.719339,220.0,4096.0,586.571776,12162.414,12158.708,12234.77,12258.921,12296.289,12299.275,12306.316,12318.359,12322.125,0.6356620633631194,-0.9190780330115632,0.3940755882259087,-0.2923717047063992,-0.9563047559680304,0.0,0.0,0.0
1637955186.0,2.9255241025618783,0.4774115338471063,197.94393284608378,2570.1196377030533,608.4492449810123,7617.024687066066,8887.565972698198,9031.30330904748,7807.624155096352,9848.591640212126,7904.461975306662,8400.614165476552,10066.003786018591,9249.197718802996,0.636068237205524,-0.9186188831920364,0.3951447170885824,-0.3189593095181967,-0.9477684099355048,1.0,1.0,1.0
1637955202.0,2.5,0.772804,230.0,4096.0,598.339584,10484.455,10480.338,10565.887,10584.245,10609.809,10624.584,10627.464,10628.152,10629.425,0.6364744110479286,-0.9181584897071976,0.3962133109558508,-0.345298198576473,-0.9384930229148444,0.0,0.0,0.0
1637955218.0,2.5,0.638308,240.0,4096.0,608.31744,12035.727,12042.11,12172.405,12177.113,12202.448,12215.873,12218.817,12219.38,12225.24,0.6368805848903331,-0.9176968531573216,0.39728136843445,-0.3713678353641841,-0.9284858269553286,0.0,0.0,0.0
1637955234.0,2.5,0.799204,250.0,4096.0,622.379008,11227.814,11239.635,11338.875,11347.131,11378.791,11386.315,11393.507,11398.275,11410.876,0.6372867587327377,-0.9172339741904908,0.3983488880249546,-0.3971478902523521,-0.9177546258494728,0.0,0.0,0.0
1637955250.0,2.949058545376261,0.5766064841912926,232.36111612981688,2451.96753711818,708.4209352681515,11557.313585169515,13169.508660478949,13686.19866616045,13249.960517012609,14754.630923525323,12950.704496870143,13173.726261873333,13891.8006703785,14131.317329167348,0.6376929325751421,-0.9167698534102208,0.3994158683355014,-0.4226182615890214,-0.9063077871073786,1.0,1.0,18.0
1637955266.0,2.9517233677996257,0.5933884494115848,233.50714643501576,2423.1707752810685,735.2831514815367,12836.272689280217,14361.476293987707,14966.195802327382,13737.682482161617,15647.243584014484,13781.529125117228,13996.023255429152,15329.172033969558,15243.257727817092,0.6380991064175467,-0.916304491468081,0.4004823078681771,-0.4477590874957027,-0.8941542370111633,1.0,2.0,17.0
1637955282.0,2.9500150513030947,0.5941047770465641,230.66750117308956,2409.4817439590656,752.3241443990706,13410.094822391027,14754.17332146393,15283.779723962189,13982.419564598296,15776.6400191304,13924.87819196022,14349.711474228001,15671.242832815844,15569.400394038114,0.6385052802599512,-0.9158378889708246,0.4015482052325267,-0.4725507647506635,-0.8813034521284726,1.0,3.0,16.0
1637955298.0,2.9473260649090802,0.5886956725491242,226.65845169464734,2398.5832983620303,762.8980260464594,13680.824453937494,14870.769096515347,15299.426704100635,14026.35638222316,15674.114525690362,13870.063391962485,14490.02694497313,15682.363747482817,15589.861899696143,0.6389114541023558,-0.9153700465735058,0.4026135589321573,-0.496973960723269,-0.8677654535431949,1.0,4.0,15.0
1637955314.0,2.9447713859529547,0.5811731107279727,222.48055434775418,2390.7393678809867,768.6527719014148,13756.755438162034,14810.205201121285,15156.547162711751,13938.136572393916,15459.157320387409,13706.227063155478,14467.766000536712,15531.775442461269,15449.060381897558,0.6393176279447603,-0.9149009648919856,0.4036783675647159,-0.5210096317541004,-0.8535507973281126,1.0,5.0,14.0
1637955330.0,2.9426879121354728,0.5731200047754651,218.4121834106698,2386.1021588441263,770.8501189166687,13710.068794023398,14639.245097272884,14932.864503801975,13749.60448741254,15189.54491014046,13480.86485948721,14330.528447905665,15302.412967589356,15216.925886048322,0.6397238017871649,-0.9144306445612858,0.4047426296885856,-0.5446390351391744,-0.8386705678648018,1.0,6.0,13.0
1637955346.0,2.9410056190544522,0.5651421773873789,214.52647758480504,2384.1453687467138,770.6357240526537,13589.280187930488,14402.757318790238,14671.122445208644,13490.937432621533,14893.169867923205,13221.60268718855,14120.101384236807,15035.597346515264,14930.894956602186,0.6401299756295694,-0.9139590862358212,0.4058063438229896,-0.5678437449968888,-0.8231363685732203,1.0,7.0,12.0
1637955362.0,2.9395885898828205,0.5573721311015981,210.8038955103781,2384.1825268731627,768.8195224217765,13423.126163399855,14126.860055184154,14392.09220017252,13184.871968952742,14582.312812337917,12942.653745823995,13864.564502573516,14749.895459470317,14610.788250416133,0.640536149471974,-0.913486290530424,0.4068695085810261,-0.5906056677660265,-0.806960312036872,1.0,8.0,11.0
1637955378.0,2.93832327731174,0.5497277915161982,207.1908285743996,2385.6757067711515,765.8840900995309,13227.345180689066,13824.86931165625,14102.76854764688,12845.214125897648,14263.245416885777,12649.890999920499,13579.819760476812,14451.871012466008,14265.97604652719,0.6409423233143785,-0.9130122581088426,0.4079321224701388,-0.6129070536251092,-0.7901550123973065,1.0,9.0,10.0
1637955394.0,2.9371368137949605,0.5420201149622677,203.6164316527895,2388.3097783281396,762.0646172684324,13008.856083533843,13502.672898307068,13802.600918282425,12478.406305106348,13936.835242308418,12345.616079416035,13273.222388163775,14141.674910425087,13898.713649435496,0.6413484971567831,-0.9125369895891342,0.4089941841048604,-0.6347305133676897,-0.7727335733614719,1.0,10.0,9.0
1637955410.0,2.935990782188226,0.5339833972281843,199.99410890688165,2392.036757663869,757.4206857803031,12768.748679125776,13161.797113362121,13485.770419528562,12084.350835893907,13599.815667885772,12029.928368654171,12945.950721324522,13815.519277190118,13505.352298646185,0.6417546709991877,-0.9120604856385194,0.4100556919941829,-0.6560590289888126,-0.7547095802242452,1.0,11.0,8.0
1637955426.0,2.9348759634784813,0.5252600125496347,196.21054559374562,2397.1510298746903,751.885537632495,12503.843926904708,12800.562320585746,13141.193387693706,11655.821014828518,13244.308864547094,11700.485678977286,12593.670776257819,13466.252659562026,13075.879743315854,0.6421608448415922,-0.9115827468842604,0.4111166447408161,-0.6768759698645477,-0.7360970869524807,1.0,12.0,7.0
1637955442.0,2.933804876973095,0.515347889547311,192.10230467592717,2404.380828458205,745.2793503117833,12206.721345408125,12412.877644781634,12750.471694704373,11175.946703763326,12855.603279712614,11350.248440853546,12205.181705768957,13082.117636130015,12592.07231761749,0.6425670186839968,-0.911103773979098,0.4121770408951045,-0.6971651025427914,-0.7169106079536689,1.0,13.0,6.0
1637955458.0,2.932788746536808,0.5035033313431088,187.41798741963618,2414.8984634245007,737.2507171841092,11862.656065893336,11983.206989608252,12282.95075114092,10613.50759189281,12408.264699950869,10961.013529374004,11758.0539441907,12642.87854585206,12024.731263344085,0.6429731925264013,-0.910623567571492,0.4132368790214255,-0.7169106075211291,-0.6971651029875818,1.0,14.0,5.0
1637955474.0,2.931802318749345,0.48861959402929633,181.7689920003873,2430.2151442245004,727.1348007862283,11442.59775181518,11477.326111760252,11687.215256086492,9915.952832624454,11860.540043219937,10489.882822708474,11210.751855228347,12113.428508238723,11331.429903765082,0.6433793663688059,-0.9101421283176012,0.4142961576716675,-0.7360970868477238,-0.6768759699784699,1.0,15.0,4.0
1637955490.0,2.930822002454824,0.46913525839739006,174.544382941182,2452.2418189621812,713.8147838824191,10896.644073361607,10833.09893937807,10878.618685537356,8998.258858385041,11143.309768899018,9845.611585987492,10491.3489612507,11437.375693142269,10454.701345367339,0.6437855402112104,-0.909659456851138,0.4153548754514537,-0.75470958012271,-0.6560590291056154,1.0,16.0,3.0
1637955506.0,2.9293880179660765,0.4425335301685944,164.661376718965,2484.7994131776854,695.3038466383634,10128.680133488255,9930.127730713872,9725.188099311225,7710.056086197987,10129.935693582243,8832.70307519797,9462.874035170338,10506.527232817121,9318.610910686239,0.644191714053615,-0.9091755538497156,0.4164130308744705,-0.7727335732632375,-0.6347305134872819,1.0,17.0,2.0
1637955522.0,2.926741214973415,0.39681916958738167,145.80687167349845,2547.708073123212,665.974029890708,8551.442433131826,8270.12245523733,7774.049397347448,5154.662720631512,8014.804347551056,6753.594992084965,7228.693204789981,8648.973577547162,7190.0892204479605,0.6445978878960195,-0.9086904199442613,0.417470622561064,-0.7901550123024497,-0.6129070537473978,1.0,18.0,1.0
1637955538.0,2.5,0.00647,10.0,3840.0,700.239872,318.776,319.094,323.973,323.973,324.179,324.179,324.179,324.179,325.935,0.6450040617384241,-0.9082040558158444,0.4185276490265014,-0.8069603119454668,-0.590605667890916,0.0,0.0,0.0
1637955554.0,2.5,0.025398,30.0,3840.0,764.956672,450.231,449.838,460.953,461.354,464.739,464.985,466.352,466.352,466.635,0.6454102355808286,-0.9077164620986016,0.4195841088926007,-0.8231363684853378,-0.5678437451242817,0.0,0.0,0.0
1637955570.0,2.5,0.025398,40.0,3840.0,217.76384,581.113,581.135,591.247,592.202,596.039,599.128,599.316,599.316,600.142,0.6458164094232332,-0.907227639470935,0.42064000068942,-0.8386705680341279,-0.5446390348784351,0.0,0.0,0.0
1637955586.0,2.5,0.135027,60.0,3840.0,356.6592,1414.712,1427.67,1437.141,1438.949,1448.89,1450.98,1452.693,1453.045,1453.076,0.6462225832656376,-0.9067375885946852,0.4216953229874563,-0.8535507972474784,-0.5210096318862004,0.0,0.0,0.0
1637955602.0,2.5,0.246288,70.0,3840.0,412.377088,1024.925,1022.094,1048.416,1051.192,1063.189,1065.315,1068.176,1070.471,1073.87,0.6466287571080422,-0.9062463101149014,0.4227500743975404,-0.8677654534662805,-0.4969739608575689,0.0,0.0,0.0
1637955618.0,2.5,0.246288,80.0,3840.0,415.399936,1132.617,1131.646,1164.135,1169.195,1176.038,1187.965,1189.096,1190.148,1190.48,0.6470349309504468,-0.9057538047212796,0.423804253438927,-0.8813034520553382,-0.4725507648870586,0.0,0.0,0.0
1637955634.0,2.5,0.43766,100.0,3840.0,433.02912,1400.835,1399.905,1430.917,1435.553,1441.289,1451.142,1459.204,1462.351,1470.25,0.6474411047928513,-0.9052600730559626,0.4248578587371467,-0.8941542369418658,-0.4477590876340867,0.0,0.0,0.0
1637955650.0,2.5,0.371857,110.0,3840.0,436.498432,1564.526,1574.654,1598.455,1599.884,1604.125,1607.26,1616.571,1616.867,1620.275,0.6478472786352559,-0.9047651158120912,0.4259108888130632,-0.906307787041972,-0.4226182617292863,0.0,0.0,0.0
1637955666.0,2.5,0.477054,120.0,3840.0,442.527744,1760.894,1763.5,1807.616,1811.209,1838.077,1852.513,1853.551,1859.932,1861.095,0.6482534524776604,-0.9042689336350048,0.426963342293705,-0.917754625788008,-0.3971478903943886,0.0,0.0,0.0
1637955682.0,2.5,0.577481,140.0,3840.0,455.299072,5937.612,5924.339,5999.089,6013.148,6023.361,6026.26,6027.876,6036.0,6038.173,0.648659626320065,-0.903771527221284,0.4280152177015529,-0.928485826724922,-0.3713678359402413,0.0,0.0,0.0
1637955698.0,2.5,0.365005,150.0,3840.0,456.318976,2190.903,2172.781,2287.878,2292.88,2300.938,2311.574,2312.688,2312.826,2315.194,0.6490658001624695,-0.903272897225706,0.4290665136519965,-0.9384930227006122,-0.345298199158739,0.0,0.0,0.0
1637955714.0,2.937012896886482,0.46731980402868917,188.62669804886778,2465.6062701990704,662.0901750532081,8236.50016450444,8628.248612370204,10064.731707237988,9415.614349474374,10783.49192982225,8473.94602907946,9184.298755259842,10348.160220360765,9104.244217948086,0.6494719740048741,-0.9027730443295564,0.4301172287085748,-0.9477684098861412,-0.3189593096648783,1.0,1.0,12.0
1637955730.0,2.9422884542495815,0.4981194638725591,194.29436346503897,2431.5603775018,694.514143615617,9969.805398954366,10178.162738897536,11522.695250522062,10185.74584567572,11975.197625907971,9902.46500346257,10491.795521057575,11913.488234826793,10837.471749048651,0.6498781478472786,-0.902271969209564,0.4311673614487718,-0.9563047559227814,-0.292371704854402,1.0,2.0,11.0
1637955746.0,2.9431119812281596,0.5099647804614172,194.3550947107552,2419.8998814637152,711.3721527141093,10727.817881013782,10832.244187739168,12051.91733505903,10479.539884127393,12375.639650438297,10339.383346473844,11028.196224221367,12463.966784384655,11486.729304219802,0.6502843216896832,-0.9017696725504006,0.4322169104377375,-0.9640954041401032,-0.2655561178280992,1.0,3.0,10.0
1637955762.0,2.942159778021483,0.5131526681372716,192.6534013677435,2412.9097174987837,721.562838074956,11131.45856847069,11166.019776208152,12254.875884136616,10561.346500786687,12468.486752987032,10504.519876373735,11297.913392678478,12647.416068731956,11744.832485148205,0.6506904955320877,-0.901266155013235,0.4332658742939022,-0.9711342798846716,-0.2385334576802185,1.0,4.0,9.0
1637955778.0,2.9401831220408887,0.511620203817956,190.35525537878232,2408.8290380436124,727.3912531919115,11323.922398576833,11303.352130847914,12261.63221173637,10521.825109015084,12393.07132390945,10531.444674050057,11389.075387538578,12625.699696688034,11772.899563775682,0.6510966693744923,-0.9007614173049456,0.4343142515446456,-0.9774158942182652,-0.2113247967691177,1.0,5.0,8.0
1637955794.0,2.9380585432560107,0.5070408995190295,187.6517311569558,2407.6812835225282,729.5338238612653,11366.688785452803,11294.64019177331,12135.774992797345,10373.987545820084,12220.644129375718,10463.964872026812,11340.344626033839,12478.714430585935,11648.212514170023,0.6515028432168968,-0.9002554600836242,0.4353620408230627,-0.9829353491363768,-0.1839513506831339,1.0,6.0,7.0
1637955810.0,2.936187631084615,0.5000295741261286,184.48548464484384,2409.7684198672637,728.4888029175299,11291.565995343646,11170.081078123541,11902.759835932791,10116.724198040565,11972.88970081037,10319.056926149966,11175.077858340363,12240.786688307944,11398.58655196989,0.6519090170593014,-0.8997482840468732,0.4364092406843685,-0.987688340622937,-0.156434464864713,1.0,7.0,6.0
1637955826.0,2.9346399555325546,0.4904413643202099,180.64069067802438,2415.6427891504404,724.5711168902312,11110.294321885835,10942.64724713874,11557.893079525906,9735.181703539789,11638.665445160403,10094.351711818308,10896.933654193504,11914.602871701052,11019.67154176443,0.652315190901706,-0.8992398898940673,0.4374558496846347,-0.9916711623781173,-0.1287955966158548,1.0,8.0,5.0
1637955842.0,2.9333363541497564,0.47745081580233156,175.7298826603079,2426.330820438821,717.6847198770423,10811.152563854845,10598.575534731262,11062.952701305532,9188.570187979789,11183.068405076901,9756.473427671423,10479.78547776345,11476.233439756776,10481.750748818586,0.6527213647441105,-0.8987302782944465,0.4385018664461836,-0.9948807088500836,-0.1010562969732968,1.0,9.0,4.0
1637955858.0,2.9321748350637478,0.45952238924039335,169.09430217768767,2443.454948879187,707.1623475807146,10353.351630779682,10088.985909228155,10336.109733287181,8396.633402282383,10535.200904029865,9218.483374510724,9856.550260142634,10872.588352745955,9730.741785342292,0.6531275385865151,-0.8982194499443018,0.4395472895397672,-0.9973144772240486,-0.0732381971332077,1.0,10.0,3.0
1637955874.0,2.9306371567817293,0.4339458193200153,159.5301124527602,2470.420365394868,691.3386995509055,9636.772146181258,9301.948705096673,9233.212301519783,7204.359315092137,9553.114717546294,8279.11803952777,8881.131717884895,9989.226706162455,8681.388874722557,0.6535337124289196,-0.8977074055352205,0.440592117550034,-0.998970569801772,-0.0453629878857538,1.0,11.0,2.0
1637955890.0,2.928708927332669,0.38877789858292267,140.7065938219999,2524.171737189877,664.1446733211526,8096.23806808139,7725.632729135145,7269.056379552161,4710.838473924949,7427.9588440799125,6261.571281454653,6664.260809116842,8117.71268086081,6585.020143750811,0.6539398862713242,-0.8971941457668635,0.4416363490493825,-0.999847695148743,-0.0174524068754465,1.0,12.0,1.0
1637955906.0,2.5,0.006987,20.0,3584.0,596.893696,340.667,342.133,346.134,346.134,348.386,348.493,348.493,348.493,349.197,0.6543460601137286,-0.89667967131483,0.4426799826632422,-0.99994516936749,0.0104717839273682,0.0,0.0,0.0
1637955922.0,2.5,0.0,30.0,3584.0,640.806912,487.735,488.969,494.569,494.676,496.089,497.662,504.58,504.58,506.532,0.6547522339561332,-0.8961639829013808,0.4437230169264761,-0.9992629164261764,0.0383878086826113,0.0,0.0,0.0
1637955938.0,2.5,0.006324,40.0,3584.0,674.267136,612.572,612.494,620.596,620.883,623.261,625.116,627.243,627.243,629.851,0.6551584077985377,-0.8956470811988855,0.4447654504791453,-0.9978014683023798,0.0662739002444774,0.0,0.0,0.0
1637955954.0,2.5,0.007683,60.0,3584.0,813.170688,923.408,916.704,954.745,955.334,967.505,972.603,972.941,973.119,976.413,0.6555645816409423,-0.8951289669330125,0.4458072818577976,-0.9955619646381056,0.0941083129479813,0.0,0.0,0.0
1637955970.0,2.5,0.297702,70.0,3584.0,863.62112,2804.024,2811.681,2832.353,2835.563,2854.764,2855.166,2855.725,2855.82,2867.005,0.6559707554833468,-0.8946096407792945,0.4468485097040626,-0.9925461516562928,0.1218693432832203,0.0,0.0,0.0
1637955986.0,2.5,0.312197,90.0,3584.0,875.925504,1270.708,1275.275,1303.679,1308.239,1323.647,1326.759,1332.869,1334.797,1335.284,0.6563769293257514,-0.8940891034668034,0.4478891325561805,-0.9887563810977226,0.1495353431083607,0.0,0.0,0.0
1637956002.0,2.5,0.319871,100.0,3584.0,875.925504,1390.951,1385.312,1428.45,1435.404,1448.33,1450.45,1462.186,1462.426,1462.883,0.656783103168156,-0.8935673556807637,0.4489291490443537,-0.9841956079851476,0.1770847402311826,0.0,0.0,0.0
1637956018.0,2.9362837125000976,0.44067941003220124,175.8003893545675,2448.1969739955343,661.3208767009304,7839.407558460933,7670.367000690146,9197.997484401374,8580.026803806872,10121.205312400489,7616.505592485904,8516.27377481824,9540.14542493506,8291.381669788052,0.6571892770105605,-0.8930443981340489,0.4499685577475323,-0.9788673888242894,0.2044960515421202,1.0,1.0,12.0
1637956034.0,2.9413751903298535,0.47729494405601686,184.99509348219897,2418.8290102508963,691.0909537801167,9612.75635548955,9393.634366305598,10823.05056279648,9629.470495827238,11418.152764284368,9280.601375718015,9959.242912318328,11219.3187766082,10238.015530446764,0.6575954508529651,-0.8925202315346678,0.4510073572585076,-0.9727758782225592,0.2317479034389059,1.0,2.0,11.0
1637956050.0,2.942226081330811,0.4944561934399174,187.72635796694487,2409.900302336784,707.6529479948837,10430.874213893667,10239.945640681515,11517.568855296078,10068.039688782992,11940.521190571855,9899.635181343514,10616.469940370174,11923.863741891118,11012.528608267221,0.6580016246953696,-0.8919948565856876,0.4520455461838759,-0.9659258262392342,0.2588190452885042,1.0,3.0,10.0
1637956066.0,2.9415257513867683,0.5017725079621058,187.79737562954128,2404.49243119032,718.0662599229577,10887.890510426252,10707.055095035656,11842.326317180607,10241.95347034881,12120.91997943573,10176.92245363663,10979.58716729645,12229.64868166473,11365.994923586295,0.6584077985377742,-0.8914682740181243,0.4530831230791391,-0.9583225744719256,0.2856883673821893,1.0,4.0,9.0
1637956082.0,2.9398817487698157,0.5031926010049806,186.6654050458637,2401.839920955948,724.1967744005132,11120.589751056938,10937.037785554618,11936.084339212373,10258.768282379833,12112.896396446913,10272.202626306946,11131.309732692163,12297.942256864108,11465.178134871363,0.6588139723801787,-0.8909404845185519,0.4541200865914741,-0.9499720514542002,0.3123349187265146,1.0,5.0,8.0
1637956098.0,2.9380087414182516,0.5007125883819981,184.7777909025406,2401.905838124564,726.702813630817,11194.896802468575,10996.759245615813,11875.47692394201,10151.336710640873,11992.609184719517,10250.290391005627,11123.959767049786,12218.018549988674,11394.264917659872,0.6592201462225833,-0.8904114888279236,0.4551564352651078,-0.9408807689510932,0.3387379202539921,1.0,6.0,7.0
1637956114.0,2.936275981153088,0.495204138457071,182.2111090878775,2404.8226106649545,726.0523900096672,11145.452998485369,10926.099058348693,11693.413446904098,9927.79262141274,11785.065507988744,10139.714317682156,10990.937900029663,12030.317292969328,11185.899565413021,0.6596263200649878,-0.8898812876425983,0.4561921677358689,-0.9310558157681752,0.3648767845783807,1.0,7.0,6.0
1637956130.0,2.9347886538399086,0.48669122922006336,178.81254770012987,2411.0516988676713,722.5242603399445,10985.00991469271,10742.541759709698,11388.818097134485,9575.535878169994,11481.286491662624,9942.868299621492,10739.66718195824,11741.905079181997,10838.74717331061,0.6600324939073924,-0.8893498816869996,0.4572272825885609,-0.9205048536178724,0.3907311280995399,1.0,8.0,5.0
1637956146.0,2.9335034761628505,0.4744561325424563,174.2257467856584,2421.5243782768384,716.0001064301821,10702.1047133116,10434.383164072762,10925.663407888947,9053.634427729516,11047.474556301688,9628.075047951745,10344.737988207438,11331.781580054074,10324.518849810038,0.6604386677497969,-0.8888172716805742,0.4582617784217884,-0.909236109119522,0.4162807921021492,1.0,9.0,4.0
1637956162.0,2.932340021623868,0.45703042020931955,167.80431752594046,2437.6683728895896,705.802491080283,10255.785710427379,9953.305171227828,10223.33768681026,8280.850986981532,10412.6871542122,9108.761820776814,9738.420636224237,10748.416751948545,9589.261701253254,0.6608448415922015,-0.8882834583510826,0.4592956538220676,-0.8972583698466785,0.4415058524414835,1.0,10.0,3.0
1637956178.0,2.9308017727302156,0.4317589223665508,158.3409850896502,2462.4790753279776,690.2563369364306,9543.373298707349,9188.109088405388,9137.201037747127,7100.313454374607,9432.785110305575,8182.814301001259,8772.093085430122,9878.016359376626,8545.246551146896,0.661251015434606,-0.8877484424011796,0.4603289074284599,-0.884580975280857,0.4663866402151415,1.0,11.0,2.0
1637956194.0,2.9292437127073625,0.38678370243062654,139.45768085140787,2510.60449660098,662.9248561130091,8005.441947474772,7612.287612131208,7155.850672841627,4603.320358541112,7290.968109559115,6179.111379496137,6552.827724216342,7996.28013216563,6425.486471055998,0.6616571892770106,-0.8872122245819639,0.4613615377904002,-0.871213811295612,0.4909037533038158,1.0,12.0,1.0
1637956210.0,2.5,0.009617,20.0,3328.0,561.668096,304.378,307.116,311.252,311.252,313.384,313.877,313.877,313.877,315.66,0.6620633631194152,-0.886674805592572,0.462393543561515,-0.8571673007577386,0.5150380748174764,0.0,0.0,0.0
1637956226.0,2.5,0.00667,30.0,3328.0,605.75744,470.718,472.923,478.375,479.914,482.101,482.21,483.317,483.317,483.422,0.6624695369618196,-0.8861361861874761,0.4634249232929911,-0.8424523971818837,0.5387707847336358,0.0,0.0,0.0
1637956242.0,2.5,0.02543,50.0,3328.0,727.867392,722.688,730.939,735.736,738.641,742.133,742.532,744.027,744.027,745.13,0.6628757108042242,-0.885596367068944,0.4644556756400854,-0.8270805743167078,0.5620833777901146,0.0,0.0,0.0
1637956258.0,2.5,0.094993,60.0,3328.0,777.998336,930.35,930.645,958.472,958.704,968.823,975.838,976.368,977.012,978.625,0.6632818846466287,-0.8850553489948173,0.4654857991557445,-0.8110638191597255,0.5849576747509516,0.0,0.0,0.0
1637956274.0,2.5,0.260923,80.0,3328.0,836.800512,1124.078,1121.676,1159.325,1165.184,1174.939,1178.432,1179.231,1179.576,1180.105,0.6636880584890333,-0.88451313267728,0.4665152924839917,-0.7944146205609031,0.6073758396899537,0.0,0.0,0.0
1637956290.0,2.5,0.260923,90.0,3328.0,841.576448,1241.18,1245.553,1283.295,1284.546,1294.223,1295.637,1296.528,1296.764,1303.888,0.6640942323314378,-0.8839697188503695,0.4675441542310188,-0.7771459613264607,0.6293203912110041,0.0,0.0,0.0
1637956306.0,2.5,0.363996,100.0,3328.0,841.576448,1485.728,1480.679,1526.705,1530.711,1549.607,1553.867,1563.721,1567.188,1567.32,0.6645004061738424,-0.8834251082702002,0.4685723829653057,-0.7592713073406965,0.6507742172590656,0.0,0.0,0.0
1637956322.0,2.5,0.251235,120.0,3328.0,436.781056,1715.439,1729.286,1770.792,1776.646,1782.487,1784.824,1787.768,1790.444,1792.546,0.6649065800162469,-0.8828793016468514,0.4695999773462176,-0.7408045961252648,0.6717205895010835,0.0,0.0,0.0
1637956338.0,2.936377013010041,0.44854972454554864,179.18566787763172,2430.7951864289494,658.7243302081989,7896.020871072187,7871.9375127221765,9427.594632615526,8909.073777830956,10211.18963470279,7882.015974870414,8637.105673961858,9845.441336749667,8552.261539484964,0.6653127538586515,-0.8823322997465703,0.4706269359311346,-0.7217602280816913,0.692143173887791,1.0,1.0,12.0
1637956354.0,2.941780510754576,0.4843565598314143,187.69791945770095,2410.851901739577,691.4631503813329,9712.396574017206,9582.283225859897,11024.916930544965,9834.450973228912,11577.651802904657,9452.456411086563,10114.617853832111,11452.45782331804,10430.52249844058,0.665718927701056,-0.8817841032825545,0.4716532573810778,-0.7021530528004747,0.7120260461829846,1.0,2.0,11.0
1637956370.0,2.9428493941262417,0.5000281521548987,189.71071621939748,2404.820801693125,708.6892141416384,10528.601495921132,10394.232006395214,11679.560102788864,10216.851486151769,12087.552853711835,10022.862479112157,10760.718977458504,12105.028934282975,11173.673212747848,0.6661251015434606,-0.8812347130244061,0.4726789402552144,-0.6819983603612951,0.7313537013405381,1.0,3.0,10.0
1637956386.0,2.942187428451246,0.5060627018104785,189.32587151503583,2401.2329126370655,719.322466262805,10974.182053582002,10837.405335783576,11973.593478421437,10361.733583874164,12248.544709531214,10276.904341700818,11104.338697144356,12371.993602035514,11501.576518982663,0.6665312753858651,-0.8806841296884363,0.4737039832162291,-0.6613118654430777,0.7501110695251715,1.0,4.0,9.0
1637956402.0,2.940492648008296,0.5065968119790597,187.90565005132115,2399.447906676047,725.5687623952938,11197.282430135505,11052.02743732202,12047.110625261674,10364.35400180731,12221.497609855629,10361.202079993986,11240.2294476949,12412.536776232604,11581.596767291761,0.6669374492282697,-0.8801323540475986,0.4747283848250835,-0.6401096997734692,0.7682835233531428,1.0,5.0,8.0
1637956418.0,2.9385664669228126,0.5035571114799986,185.82407833873282,2399.6139991693667,728.170547852722,11264.284478382695,11100.732885356912,11972.790095039936,10249.68181783647,12084.56133964392,10333.155260943546,11220.898239078811,12312.022793360706,11496.897691528598,0.6673436230706743,-0.8795793868282371,0.4757521437333334,-0.6184083954567201,0.785856893097366,1.0,6.0,7.0
1637956434.0,2.936811707816663,0.49773582788449927,183.1176362796164,2401.961555259117,727.6314910286148,11208.279659416705,11020.476140334147,11781.025169086384,10022.285300073454,11862.663222905461,10217.240297836594,11077.780156508303,12108.375322564818,11279.065946478077,0.6677497969130788,-0.8790252287858829,0.476775258542142,-0.596224875240587,0.8028174749869029,1.0,7.0,6.0
1637956450.0,2.935330532203616,0.48910886470509546,179.613623512348,2406.915318322043,724.2653946704895,11040.188216986691,10827.656979556037,11469.732795680586,9668.820654815761,11546.028772896781,10013.735838365381,10816.533379061993,11807.048930288238,10925.932350531688,0.6681559707554834,-0.8784698806707852,0.4777977278663601,-0.5735764364273631,0.8191520442355541,1.0,8.0,5.0
1637956466.0,2.9340654966766,0.47693055207860136,174.9381013852573,2415.30264629216,718.0112802260273,10746.513355557101,10510.914842334922,11002.130309167223,9148.169141874885,11098.813047286789,9689.770123883913,10409.617987443648,11385.985327535342,10407.831285059106,0.6685621445978879,-0.8779133432417731,0.4788195503089371,-0.5504807403433686,0.8348478630930409,1.0,9.0,4.0
1637956482.0,2.932909888598365,0.4596880014896327,168.411001098996,2428.404086662523,708.2754322547648,10282.932040794061,10022.700781772695,10295.249920136353,8377.31129722545,10445.163974156289,9157.513401795497,9785.318087010051,10792.196678013617,9666.859665786724,0.6689683184402925,-0.877355617231414,0.4798407245247995,-0.5269557955477929,0.8498926929551711,1.0,10.0,3.0
1637956498.0,2.93133366483955,0.43463766757215033,158.76209236140872,2448.872847585682,693.4691333745675,9538.358769092232,9253.020331922526,9196.375891647478,7194.242981174719,9430.62943770838,8211.388073798596,8787.331242057699,9909.06576343104,8605.649677634256,0.669374492282697,-0.876796703422689,0.4808612490803404,-0.5030199468691747,0.8642748018146384,1.0,11.0,2.0
1637956514.0,2.9299791055245725,0.3903781968547833,139.64834371533385,2488.605377598263,667.1172907873581,7960.841457283424,7659.36299706223,7169.860616485665,4691.116413594897,7232.782278987717,6186.817536229539,6529.975134487948,8003.129620665514,6447.463917738527,0.6697806661251016,-0.8762366025443261,0.48188112264497,-0.4786918579644183,0.8779829754149981,1.0,12.0,1.0
1637956530.0,2.5,0.009684,20.0,3072.0,577.425408,337.126,338.156,341.995,341.995,344.871,345.34,345.34,345.34,345.906,0.670186839967506,-0.8756753153756132,0.4829003437996502,-0.4539904995415462,0.8910065242892542,0.0,0.0,0.0
1637956546.0,2.5,0.023134,30.0,3072.0,621.273088,476.166,475.182,481.439,481.779,484.548,485.172,488.556,488.556,488.989,0.6705930138099107,-0.8751128426694542,0.4839189111772623,-0.4289351333978146,0.9033352928658324,0.0,0.0,0.0
1637956562.0,2.5,0.080481,50.0,3072.0,743.337984,742.578,750.077,762.234,765.403,771.777,775.744,776.729,776.729,777.099,0.6709991876523151,-0.8745491851873557,0.4849368233988137,-0.4035452961188523,0.9149596679528272,0.0,0.0,0.0
1637956578.0,2.5,0.132456,60.0,3072.0,793.587712,947.634,948.031,974.725,975.988,983.478,984.238,985.024,985.154,985.259,0.6714053614947197,-0.8739843436994997,0.4859540790734807,-0.3778407867824281,0.925870584824702,0.0,0.0,0.0
1637956594.0,2.5,0.249673,80.0,3072.0,853.643264,1128.545,1133.864,1151.66,1155.357,1161.379,1163.469,1171.129,1171.55,1172.437,0.6718115353371243,-0.8734183189493852,0.4869706768622009,-0.3518416481348674,0.9360595358403974,0.0,0.0,0.0
1637956610.0,2.5,0.249673,90.0,3072.0,853.643264,1628.95,1629.91,1659.039,1660.298,1669.15,1671.622,1681.083,1681.991,1682.307,0.6722177091795288,-0.8728511117316432,0.4879866153377923,-0.3255681548294209,0.945518575471136,0.0,0.0,0.0
1637956626.0,2.9361750616559545,0.4395120664505565,173.58990333629524,2416.547916829028,661.0414937909309,7837.99471997689,7553.139784023644,9067.25077721584,8548.353684287973,9948.799779807872,7616.332211699617,8436.208884063179,9558.725390303349,8280.620645458821,0.6726238830219334,-0.8722827227858153,0.4890018931756446,-0.2990407923938527,0.9542403284731036,1.0,1.0,12.0
1637956642.0,2.9415495661607234,0.47710919906411453,183.72142744819516,2400.529206551297,691.1155913628174,9623.119223986721,9296.763540255492,10762.000221048194,9609.923995462512,11370.297203974182,9227.567908495115,9935.198051260906,11208.442472704286,10244.75418202465,0.6730300568643379,-0.8717131529098517,0.4900165089504285,-0.2722802473876385,0.962217993431076,1.0,2.0,11.0
1637956658.0,2.9424593810746114,0.49475691665551536,187.00273663112276,2397.122054237226,708.1104396505451,10458.321095777443,10192.26429349352,11494.42671901172,10071.17936858541,11938.147041825705,9873.589671940512,10634.550347973807,11922.331619463514,11037.78058359899,0.6734362307067425,-0.8711424028463745,0.4910304613392584,-0.2453073859867502,0.969445349867824,1.0,3.0,10.0
1637956674.0,2.941764152486699,0.5022496385585299,187.43963305569645,2395.320350383245,718.7270223385856,10918.487948223335,10688.684708767574,11837.232044934892,10259.623209957455,12132.378527372704,10173.256069223735,11014.236739884065,12233.499892982149,11395.697407770947,0.673842404549147,-0.8705704733966485,0.492043748918666,-0.2181432417163204,0.9759167618672686,1.0,4.0,9.0
1637956690.0,2.940160653381637,0.5037475312023192,186.52258361553731,2394.8533548795554,724.8893398469818,11148.315320566708,10935.825553133018,11941.659220662861,10283.221189240285,12129.251780900975,10281.681601580141,11168.191484952415,12303.999823583643,11494.511034129002,0.6742485783915516,-0.8699973653135472,0.4930563703548371,-0.190808995453433,0.9816271834327184,1.0,5.0,8.0
1637956706.0,2.938332793747847,0.5013384749437073,184.76525252566015,2395.9206883691954,727.4022823096235,11218.00939889836,11006.562409405213,11888.589277387415,10180.646570485693,12009.676937579945,10267.411743651555,11158.385750053101,12224.73176723969,11421.71395611183,0.6746547522339561,-0.8694230793801211,0.4940683242641523,-0.1633259625323125,0.986572161558846,1.0,6.0,7.0
1637956722.0,2.9366372361494766,0.4959133703074913,182.27685522193113,2398.794426632959,726.8026910946584,11163.10146979291,10944.25298553819,11712.615884983516,9962.394625141886,11800.079399375214,10161.633364371508,11022.138866508172,12036.739385279583,11210.795276984467,0.6750609260763607,-0.8688476163738703,0.4950796092765727,-0.13571557247919,0.9907478404652952,1.0,7.0,6.0
1637956738.0,2.9351827481967563,0.48748896692978305,178.91469975016355,2403.952860218154,723.4022765745304,10995.365392578806,10768.169837217178,11413.339668321489,9616.183573662804,11491.445942045331,9967.506328570093,10767.226301468081,11747.632497830411,10860.00372801899,0.6754670999187652,-0.8682709770811072,0.49609022401033,-0.1079993559661167,0.99415096394406,1.0,8.0,5.0
1637956754.0,2.933927416372214,0.4753253243064771,174.31414199585458,2412.172812167267,717.1136352656928,10701.393982879785,10467.505405895534,10954.589533870345,9100.19181782975,11048.179807213117,9652.695119604625,10366.571108529297,11336.550764057043,10339.406957456693,0.6758732737611698,-0.8676931622608608,0.4971001671351032,-0.0801989243411016,0.996778878455262,1.0,9.0,4.0
1637956770.0,2.9327830514361395,0.4579229086019898,167.8015152923467,2424.4542708767726,707.3045060047903,10237.279004408629,9993.907721521598,10253.780388110063,8331.133462824899,10395.10817954147,9128.44363610596,9748.796803276295,10751.373218634197,9591.945761444078,0.6762794476035743,-0.8671141727098172,0.498109437258289,-0.052335956006209,0.9986295347669806,1.0,10.0,3.0
1637956786.0,2.931253017477349,0.4326372147464428,158.13215857299087,2442.887196452312,692.3756506695512,9493.058018501426,9238.387328721086,9159.183657993746,7149.413373127596,9379.438557379159,8187.976713912981,8759.182490181502,9878.044852455936,8523.746188108627,0.6766856214459789,-0.8665340092263706,0.4991180329882625,-0.024432178131919,0.9997014897816898,1.0,11.0,2.0
1637956802.0,2.9304060739412354,0.38794156620407216,138.85041463572395,2477.0589069507964,665.4896798450434,7914.179602486105,7649.900379134726,7101.310176594503,4642.328051963472,7168.14057105159,6169.141984284583,6504.749769974356,7965.1935632251625,6333.452079365048,0.6770917952883835,-0.8659526725669552,0.500125953009987,0.0034906516853043,0.9999939076568476,1.0,12.0,1.0
1637956818.0,2.5,0.009632,20.0,2816.0,557.555712,353.471,350.761,360.681,360.681,362.833,363.209,363.209,363.209,364.321,0.677497969130788,-0.8653701635476984,0.5011331959084627,0.0314107591318646,0.9995065603640428,0.0,0.0,0.0
1637956834.0,2.5,0.007301,30.0,2816.0,601.464832,434.148,435.288,441.946,442.026,443.907,444.475,445.392,445.392,450.264,0.6779041429731926,-0.8647864829353996,0.5021397603578329,0.0593063738785328,0.9982398279057892,0.0,0.0,0.0
1637956850.0,2.5,0.028908,50.0,2816.0,723.546112,750.139,751.339,763.89,764.962,767.409,767.613,771.658,771.658,773.846,0.6783103168155971,-0.8642016315348772,0.5031456449701779,0.087155742370224,0.9961946981247668,0.0,0.0,0.0
1637956866.0,2.5,0.10845,60.0,2816.0,773.885952,1005.099,952.085,1045.234,1100.345,1187.487,1206.89,1208.559,1209.637,1256.538,0.6787164906580017,-0.8636156101159701,0.5041508484214032,0.1149371503641911,0.9933727656152846,0.0,0.0,0.0
1637956882.0,2.5,0.252688,70.0,2816.0,824.336384,2531.23,2532.455,2573.652,2574.756,2581.423,2592.568,2597.053,2598.452,2621.746,0.6791226645004061,-0.8630284195013825,0.505155369300323,0.1426289333631942,0.9897762309571176,0.0,0.0,0.0
1637956898.0,2.5,0.251542,90.0,2816.0,833.880064,1249.838,1248.027,1294.104,1295.088,1298.664,1299.637,1312.239,1313.387,1317.12,0.6795288383428107,-0.8624400604567107,0.5061592062972136,0.1702094990709294,0.9854078984999172,0.0,0.0,0.0
1637956914.0,2.5,0.435725,100.0,2816.0,433.348608,1443.905,1439.325,1494.448,1494.813,1498.305,1507.955,1508.299,1508.758,1509.655,0.6799350121852152,-0.8618505338079407,0.5071623580028073,0.1976573400724671,0.9802711746835552,0.0,0.0,0.0
1637956930.0,2.5,0.405008,120.0,2816.0,444.522496,1701.522,1701.208,1747.815,1748.793,1769.119,1773.256,1787.625,1787.891,1788.722,0.6803411860276198,-0.8612598403237146,0.5081648231091656,0.2249510542820033,0.9743700647995172,0.0,0.0,0.0
1637956946.0,2.5,0.458007,130.0,2816.0,450.383872,1875.711,1874.698,1931.283,1934.961,1952.373,1961.717,1963.559,1967.875,1972.996,0.6807473598700243,-0.8606679808332958,0.5091666002089471,0.2520693579723406,0.9677091705525024,0.0,0.0,0.0
1637956962.0,2.5,0.529855,140.0,2816.0,452.083712,3744.502,3742.127,3812.626,3813.272,3827.95,3834.961,3849.123,3849.671,3850.967,0.6811535337124289,-0.8600749561083677,0.5101676879960053,0.2789911060099727,0.9602936856854428,0.0,0.0,0.0
1637956978.0,2.939340035641137,0.47468304360146346,188.60002365202655,2397.899703550659,660.9729644937837,8339.872025741257,8581.917748139062,9935.302042243427,9650.215625673534,10645.306693977138,8742.544447111177,9176.972325363178,10558.149878961889,9402.647645649773,0.6815597075548334,-0.8594807669814666,0.5111680850649325,0.3056953047281338,0.95212939281758,1.0,1.0,12.0
1637956994.0,2.94396232034412,0.504154256448224,194.73775334922337,2390.972552772959,695.1591998398404,10115.340696380195,10173.32119899476,11569.790010592915,10327.915418300061,12058.929693092019,10005.650101553427,10627.897164276965,12109.527434032514,11090.655701933414,0.681965881397238,-0.8588854142347665,0.512167790098883,0.3321611318861144,0.943222657946752,1.0,2.0,11.0
1637957010.0,2.944594585573425,0.5151176724051943,195.0479816479286,2392.736841794954,712.9342257599567,10884.553033641148,10889.859251560545,12141.107098646966,10617.303767058522,12510.261187513772,10445.221789812,11218.160350554153,12629.164393190485,11720.013912425733,0.6823720552396426,-0.8582888986742453,0.5131668017443753,0.3583679497804675,0.9335804264069296,1.0,3.0,10.0
1637957026.0,2.9434202778469505,0.5174227529425018,193.47621761105273,2394.1980859197583,723.4636939369666,11272.533016227853,11252.376479702925,12356.378942035799,10692.240981905576,12606.065145024637,10612.214113342267,11485.37746539068,12786.500389766206,11944.55921569363,0.6827782290820471,-0.8576912211299011,0.5141651186114232,0.3842953226926504,0.9232102170993082,1.0,4.0,9.0
1637957042.0,2.9412628877915683,0.5152038497866048,191.21396888180868,2395.03079857083,729.3448947002644,11443.569001287426,11402.052852067327,12365.863251959821,10646.13516418094,12518.561733892551,10636.543152961018,11555.082602179511,12741.272271974536,11940.359020856697,0.6831844029244517,-0.8570923823810036,0.515162739398392,0.4099230341014547,0.9121201160554774,1.0,5.0,8.0
1637957058.0,2.9390061848743185,0.5101496841203419,188.4973675698778,2396.099435643274,731.4566095264704,11465.084301898396,11397.645154044672,12238.663971970193,10494.544697642668,12328.648711034883,10564.779607082277,11482.521898137442,12573.084128670838,11787.756691964918,0.6835905767668562,-0.8564923832682508,0.5161596627047407,0.4352310990148469,0.9003187715750064,1.0,6.0,7.0
1637957074.0,2.9370571561905834,0.5028296902475962,185.28718009287311,2398.2006707374126,730.4116581501928,11369.258254570253,11274.82910560666,12003.042838331425,10236.737979407091,12061.241950577842,10415.870280344741,11296.484834849696,12316.581686050084,11513.964584415566,0.6839967506092608,-0.8558912245739393,0.5171558872306518,0.4601997846527053,0.8878153852043811,1.0,7.0,6.0
1637957090.0,2.9354881515501883,0.49304360722016044,181.3641386083023,2402.036617562481,726.6025348162583,11165.754699169222,11049.786485438759,11655.90091007212,9857.034537359985,11704.817609304815,10187.310439603649,11000.430237893917,11974.830737504406,11112.082953452173,0.6844029244516653,-0.8552889071420241,0.5181514115775447,0.4848096199279427,0.8746197073158847,1.0,8.0,5.0
1637957106.0,2.9342072716362364,0.47989298029107896,176.31088140416097,2408.3603819759815,719.9913734223232,10839.010548479728,10709.835809030947,11158.62883590905,9312.172439764317,11220.195424865673,9843.313671352083,10564.644228303798,11523.135525957829,10547.771690114394,0.6848090982940699,-0.8546854317653789,0.5191462344349883,0.5090414156516481,0.8607420270623284,1.0,9.0,4.0
1637957122.0,2.933079663735242,0.4617673974181187,169.41045516581872,2417.911504552207,709.9678372568841,10342.521306131948,10205.006127903123,10425.241737285596,8517.225789731812,10527.427980645374,9291.943575226713,9915.09914378127,10906.250448290015,9759.955413688864,0.6852152721364744,-0.8540807992685475,0.5201403544436819,0.5328762757906275,0.8461931663039539,1.0,10.0,3.0
1637957138.0,2.9315841501279394,0.43600118393471643,159.39111056855336,2432.191552240356,694.9619546919766,9562.62707232904,9426.728896439789,9298.329289020028,7311.451512109392,9467.424410885495,8323.700431853322,8894.926142321321,10008.787824522587,8650.632469396493,0.685621445978879,-0.8534750104701148,0.521133770257731,0.5562956154324359,0.8309844693197626,1.0,11.0,2.0
1637957154.0,2.9310906878308813,0.3915319013623815,139.88663067791074,2457.93991176207,667.7529447021103,7945.814497312992,7819.329027304457,7182.205724902369,4795.008350258322,7207.025612089956,6292.169274931901,6622.792683250642,8065.446462772527,6408.219760668675,0.6860276198212835,-0.8528680661978287,0.5221264805197836,0.579281172099777,0.8151277959011756,1.0,12.0,1.0
1637957170.0,2.5,0.052239,10.0,2560.0,524.550144,185.499,184.64,192.643,192.643,193.078,193.078,193.078,193.078,193.338,0.6864337936636881,-0.8522599672506103,0.5231184839230868,0.6018150231131943,0.7986355100765713,0.0,0.0,0.0
1637957186.0,2.5,0.080892,30.0,2560.0,624.070656,481.614,481.873,489.195,489.915,501.735,501.869,502.787,502.787,503.129,0.6868399675060926,-0.8516507144821577,0.5241097790749858,0.623879596502307,0.7815204725841279,0.0,0.0,0.0
1637957202.0,2.5,0.031329,40.0,2560.0,688.836608,579.89,575.549,593.453,594.444,604.681,605.542,606.738,606.738,607.352,0.6872461413484972,-0.8510403086868327,0.5251003646830009,0.6454576877120141,0.7637960286447293,0.0,0.0,0.0
1637957218.0,2.5,0.031329,50.0,2560.0,730.58304,808.727,808.413,826.093,827.724,830.789,832.15,842.673,842.673,843.196,0.6876523151909018,-0.8504287507215722,0.5260902393564683,0.6665324700765415,0.7454759998374625,0.0,0.0,0.0
1637957234.0,2.5,0.236785,70.0,2560.0,858.554368,1097.897,1099.262,1116.879,1120.979,1125.857,1126.903,1127.773,1128.079,1128.711,0.6880584890333062,-0.8498160413837434,0.5270794018047601,0.6870875108170615,0.7265746709590242,0.0,0.0,0.0
1637957250.0,2.5,0.380918,80.0,2560.0,869.208064,1307.162,1322.79,1346.159,1353.246,1369.37,1376.968,1378.47,1379.586,1388.334,0.6884646628757108,-0.8492021815258328,0.5280678506515677,0.7071067813751588,0.7071067809979362,0.0,0.0,0.0
1637957266.0,2.5,0.338755,100.0,2560.0,433.164288,1395.052,1404.237,1434.053,1436.528,1444.342,1446.764,1447.21,1447.981,1448.076,0.6888708367181153,-0.8485871719789609,0.5290555845587015,0.726574671005617,0.6870875107677911,0.0,0.0,0.0
1637957282.0,2.5,0.338755,110.0,2560.0,435.99872,1493.25,1485.499,1538.677,1540.838,1554.22,1554.934,1562.247,1564.31,1568.533,0.6892770105605199,-0.847971013552665,0.5300426022259588,0.7454759998826614,0.6665324700259891,0.0,0.0,0.0
1637957298.0,2.5,0.255086,120.0,2560.0,442.109952,3447.744,3457.904,3492.669,3493.695,3509.544,3515.719,3521.119,3521.978,3523.409,0.6896831844029244,-0.8473537071119583,0.5310289022676841,0.7637960283879344,0.6454576880158898,0.0,0.0,0.0
1637957314.0,2.5,0.430928,140.0,2560.0,455.409664,1917.518,1922.895,1974.015,1980.459,1996.499,2001.637,2010.129,2010.295,2011.781,0.690089358245329,-0.8467352534617029,0.5320144833979108,0.7815204723359179,0.6238795968132342,0.0,0.0,0.0
1637957330.0,2.5,0.487912,150.0,2560.0,462.782464,2128.725,2122.895,2190.399,2197.282,2220.104,2230.314,2231.358,2231.482,2238.195,0.6904955320877335,-0.8461156534701338,0.5329993442330003,0.7986355098371397,0.601815023430931,0.0,0.0,0.0
1637957346.0,2.5,0.292309,160.0,2560.0,470.073344,2248.143,2234.716,2312.838,2319.863,2348.079,2362.821,2364.292,2365.663,2368.481,0.6909017059301381,-0.8454949079451041,0.5339834834888624,0.8151277956707089,0.5792811724240751,0.0,0.0,0.0
1637957362.0,2.5,0.703796,170.0,2560.0,479.367168,5822.026,5820.036,5892.917,5896.827,5917.775,5921.194,5922.878,5923.041,5926.641,0.6913078797725426,-0.844873017758066,0.5349668997838826,0.8309844690984408,0.5562956157630424,0.0,0.0,0.0
1637957378.0,2.5,0.761468,180.0,2560.0,547.332096,2626.47,2622.831,2685.288,2696.837,2735.245,2751.822,2764.969,2778.545,2783.522,0.6917140536149472,-0.8442499837198585,0.5359495918358541,0.8461931660919495,0.5328762761272848,0.0,0.0,0.0
1637957394.0,2.9344717743629247,0.4683717190957489,184.73408576918794,2376.093350350943,619.1375142585094,7441.958971317263,7625.720391309435,8624.264377581425,8051.850939112692,9186.17195658066,7774.038755689979,8058.512811070239,9476.433660771461,8370.324762362676,0.6921202274573518,-0.843625806705147,0.5369315582651945,0.8607420268598066,0.5090414159940937,1.0,1.0,2.0
1637957410.0,2.932071003574619,0.4741955326150613,182.10816862063632,2383.963733535347,629.7064271840178,8013.084455211691,8213.403402680075,8975.718815941658,7133.30883715347,9223.83031283934,7414.313873253728,8065.805176071786,10120.082411716809,8803.181513621512,0.6925264012997563,-0.8430004875355795,0.5379127977793197,0.8746197071230035,0.4848096202759095,1.0,2.0,1.0
1637957426.0,2.5,0.593993,210.0,2560.0,577.8432,11536.588,11532.244,11609.428,11622.56,11656.976,11664.488,11679.557,11682.257,11685.384,0.6929325751421609,-0.8423740270733885,0.5388933090252301,0.887815385021291,0.460199785005922,0.0,0.0,0.0
1637957442.0,2.5,0.765059,220.0,2560.0,587.472896,11857.915,11851.127,11921.354,11956.605,12009.789,12015.784,12031.039,12033.593,12036.914,0.6933387489845654,-0.8417464261431847,0.5398730907122302,0.90031877140185,0.4352310993730381,0.0,0.0,0.0
1637957458.0,2.9277190797308883,0.49452549083785335,192.4345473864833,2355.5827745024567,621.3947535034737,7986.4659376526915,8641.721419543046,8925.70024691683,8062.508170810601,9314.086337774475,8086.16008559961,8424.83926079722,10031.850494563841,9516.437051518978,0.69374492282697,-0.8411176856260454,0.5408521414648232,0.9121201160832751,0.4099230340396019,1.0,1.0,1.0
1637957474.0,2.5,0.720178,230.0,2560.0,599.98208,10317.464,10313.978,10409.765,10415.147,10441.899,10446.523,10448.406,10449.829,10500.036,0.6941510966693745,-0.8404878063417405,0.5418304600064939,0.923210217125368,0.3842953226300457,0.0,0.0,0.0
1637957490.0,2.5,0.738783,240.0,2560.0,610.18112,12687.211,12702.886,12792.811,12808.205,12853.33,12863.526,12867.731,12869.551,12874.698,0.6945572705117791,-0.839856789158748,0.542808044988243,0.9335804265981092,0.3583679492824272,0.0,0.0,0.0
1637957506.0,2.5,0.752746,250.0,2560.0,623.804416,10994.383,10983.379,11103.608,11123.011,11137.458,11164.791,11175.947,11179.183,11185.7,0.6949634443541836,-0.8392246349471996,0.5437848950621372,0.9432226579692764,0.3321611318221525,0.0,0.0,0.0
1637957522.0,2.934964603259038,0.558408300799727,217.65909816081924,2311.186670992183,641.9744342902675,9336.508247035217,10560.377743191033,10518.398380061777,10285.907751244875,11234.5959738623,10101.31542725614,10358.21344135324,11640.34924067103,11942.127328286202,0.6953696181965882,-0.838591344539244,0.5447610089423278,0.9521293928383098,0.305695304663568,1.0,1.0,1.0
1637957538.0,2.5,0.787097,260.0,2560.0,636.858368,12073.143,12086.116,12159.25,12187.008,12227.527,12246.281,12249.483,12251.127,12252.904,0.6957757920389926,-0.8379569188001634,0.5457363852950766,0.9602936855744464,0.2789911063920248,0.0,0.0,0.0
1637957554.0,2.5,0.847062,270.0,2560.0,650.678272,11143.2,11149.761,11256.993,11261.308,11282.779,11307.298,11311.29,11317.433,11329.264,0.6961819658813972,-0.8373213585888785,0.5467110227998653,0.9677091704522168,0.252069358357343,0.0,0.0,0.0
1637957570.0,2.5,0.86402,280.0,2560.0,664.12544,12453.035,12442.008,12569.258,12578.248,12622.848,12633.217,12649.197,12657.402,12657.938,0.6965881397238017,-0.8366846647738152,0.5476849201250007,0.9743700647100204,0.2249510546696558,0.0,0.0,0.0
1637957586.0,2.949398030657571,0.6529528630956932,256.56439610779955,2258.236850202695,693.8835306658742,12460.07272486452,14134.170860493332,13779.95437163114,15094.375276736717,15369.647549323667,14117.941257990065,14583.193504070321,14776.273779335574,16497.601940527475,0.6969943135662063,-0.8360468381930555,0.548658075988493,0.9802711746049172,0.1976573404624673,1.0,1.0,1.0
1637957602.0,2.5,0.759714,290.0,2560.0,679.636992,14106.542,14132.09,14250.078,14276.836,14297.247,14315.458,14329.04,14331.582,14331.967,0.6974004874086109,-0.8354078797420315,0.5496304890241475,0.9854078984321996,0.1702094994629732,0.0,0.0,0.0
1637957618.0,2.950872336899677,0.6820882833613992,269.5165833547238,2234.5461620433234,717.088799683305,13993.04528400718,15801.38971943828,15356.076853911225,16988.14649530399,17026.178349771748,15714.81247274482,16358.723734998659,16158.619780469595,18439.384805397516,0.6978066612510154,-0.8347677902538362,0.5506021579641033,0.9897762309003728,0.142628933756976,1.0,1.0,1.0
1637957634.0,2.5,1.001064,300.0,2560.0,694.161408,15861.529,15880.925,15978.548,15993.479,16035.571,16053.159,16059.863,16060.238,16063.632,0.69821283509342,-0.8341265706270788,0.5515730814442533,0.993372765569557,0.1149371507594037,0.0,0.0,0.0
1637957650.0,2.5,1.209535,310.0,2560.0,708.972544,17145.478,17143.635,17272.469,17302.053,17348.829,17363.349,17382.767,17384.983,17392.234,0.6986190089358245,-0.8334842216978002,0.552543258198679,0.996194698090092,0.0871557427665593,0.0,0.0,0.0
1637957666.0,2.956535055908588,0.7486192836685887,298.730733285631,2192.182023242498,768.0003508915285,16881.312413470427,19110.48425137469,17944.61459494592,21227.631282119157,20391.664787999907,19417.692960637192,19795.69722436472,18645.242092178254,22558.05627074793,0.6990251827782291,-0.832840744367782,0.5535126868653678,0.9982398279098108,0.0593063738108402,1.0,1.0,1.0
1637957682.0,2.5,0.764558,320.0,2560.0,726.970368,18466.607,18477.513,18592.159,18615.331,18665.785,18693.31,18700.587,18703.286,18707.171,0.6994313566206336,-0.8321961394840773,0.5544813661682403,0.9995065603661728,0.031410759064086,0.0,0.0,0.0
1637957698.0,2.958329094135063,0.771458511572418,311.1772283484244,2179.1311137526404,792.1444889393056,18493.669681776115,21082.244175943048,19726.297471877217,23119.70531799347,22250.911978965465,21226.055800053982,21572.513172823004,19995.31790017781,24652.909486662713,0.6998375304630382,-0.8315504079274283,0.5554492947837162,0.9999939076570844,0.0034906516174927,1.0,1.0,1.0
1637957714.0,2.5,0.740233,330.0,2560.0,743.948288,20894.536,20896.425,21027.245,21062.069,21095.095,21115.841,21123.599,21124.38,21136.129,0.7002437043054427,-0.8309035505720619,0.5564164714013604,0.999701489780033,-0.0244321781997108,0.0,0.0,0.0
1637957730.0,2.9601775695926453,0.7912264949154033,323.5411731238972,2166.472931645863,812.9520339201877,19915.22539158352,22875.667684001095,21383.303958269134,25006.5842624995,23992.236204348133,22968.328360606203,23227.092200054605,21169.167729142184,26693.562283054664,0.7006498781478473,-0.8302555682856183,0.557382894723838,0.9986295347390608,-0.0523359565389512,1.0,1.0,1.0
1637957746.0,2.5,1.048952,340.0,2560.0,760.75008,23851.036,23852.152,23984.748,24013.625,24061.701,24098.987,24122.466,24123.204,24131.149,0.7010560519902518,-0.8296064619697044,0.5583485634065062,0.9967788784498236,-0.0801989244086951,0.0,0.0,0.0
1637957762.0,2.960788941403309,0.8135155858499148,336.15834548363256,2151.0034388530476,835.8767213268096,21315.0684098758,24680.686378376788,22954.227035039963,26874.324698109514,25586.564972978107,24704.28366836661,24643.363130848673,22311.952668682956,28768.752217756155,0.7014622258326564,-0.8289562324706442,0.5593134761902981,0.9941509639367364,-0.1079993560335321,1.0,1.0,1.0
1637957778.0,2.5,1.066825,350.0,2560.0,781.320192,23958.783,23949.955,24080.272,24112.86,24178.817,24193.779,24199.168,24200.787,24205.374,0.7018683996750609,-0.8283048807012824,0.5602776317205912,0.9907478405192894,-0.1357155720850217,0.0,0.0,0.0
1637957794.0,2.965940502545116,0.821741784212819,343.05779602677956,2161.928826498373,851.7189224624449,22273.865318344506,25919.47275578954,24368.401705347456,28050.06091293235,26859.315417724472,26099.140143874833,25477.78831094849,22863.73911252256,30086.700122148548,0.7022745735174655,-0.8276524075108703,0.5612410287402911,0.9865721616238252,-0.1633259621398055,1.0,1.0,2.0
1637957810.0,2.9631655058106405,0.8170838093555995,341.71426836714045,2158.770449926609,855.8593902459149,22409.697975195962,26222.377523179144,24513.44252100247,27876.404907794495,27111.16333424786,25821.087519253677,25507.880619931435,23303.147612739445,30051.52108948128,0.7026807473598701,-0.8269988138154026,0.5622036658969034,0.9816271835086317,-0.1908089950628934,1.0,2.0,1.0
1637957826.0,2.5,1.347599,360.0,2560.0,799.592448,27232.809,27241.157,27400.004,27438.419,27463.727,27495.608,27502.93,27519.42,27524.865,0.7030869212022746,-0.8263441004752492,0.5631655419232885,0.9759167619540569,-0.2181432413280527,0.0,0.0,0.0
1637957842.0,2.959990904681881,0.8409509565619844,352.41162401796333,2128.683020782859,866.85911838274,23263.87524092451,27141.17272183847,24996.95638449187,29306.487949564438,27650.18669868939,26931.136950080643,26433.85613469567,23804.316101187294,31581.109494358912,0.7034930950446792,-0.8256882683931731,0.5641266554931466,0.9694453499654192,-0.245307385601057,1.0,1.0,1.0
1637957858.0,2.5,0.736687,370.0,2560.0,817.532928,29325.281,29327.819,29459.456,29528.521,29579.99,29587.206,29605.262,29610.565,29612.356,0.7038992688870837,-0.8250313184324487,0.5650870053413151,0.9622179935394026,-0.2722802470048207,0.0,0.0,0.0
1637957874.0,2.967148533639455,0.8380064570367634,354.53864879178957,2142.5386058659433,868.6280261829238,23432.41812651442,27512.579551770024,25802.4086094725,29725.233084322965,28291.172201044345,27587.031510870947,26762.46469382776,23734.02615219201,31922.90584806807,0.7043054427294883,-0.8243732515153552,0.5660465901195774,0.9542403285920767,-0.2990407920142088,1.0,1.0,2.0
1637957890.0,2.9634814307799395,0.8320906064295973,351.62575009178414,2143.7377255605275,871.1724024337462,23418.181346044872,27629.798762837607,25637.439808808755,29413.81195991619,28336.55953789268,27008.037520970254,26557.914289087552,24085.478374827504,31651.468798871745,0.7047116165718927,-0.8237140684998998,0.5670054085767987,0.945518575600663,-0.325568154453247,1.0,2.0,1.0
1637957906.0,2.5,1.120743,380.0,2560.0,837.87776,31159.807,31149.988,31308.864,31328.133,31431.337,31448.404,31467.782,31468.961,31471.065,0.7051177904142973,-0.8230537703114966,0.5679634593669122,0.9360595358165384,-0.3518416481983434,0.0,0.0,0.0
1637957922.0,2.961135771932444,0.8519767318822649,361.0477472704921,2120.80092540834,877.6982206111498,24049.53661490378,28299.384593532726,26050.236166738163,30563.084364472932,28777.559524228018,27958.574151543995,27358.16928257828,24466.032561488144,32896.436536653615,0.7055239642567018,-0.822392357811062,0.5689207412407832,0.9258705847990798,-0.3778407868452133,1.0,1.0,1.0
1637957938.0,2.5,0.855255,390.0,2560.0,858.33728,32491.008,32468.998,32642.353,32697.659,32726.112,32754.703,32760.216,32765.18,32769.456,0.7059301380991064,-0.8217298319271401,0.569877252854502,0.914959667925462,-0.4035452961808976,0.0,0.0,0.0
1637957954.0,2.9675528042709596,0.8470885398829289,361.5155445630369,2139.8472087537734,877.7518410669841,24043.088306739905,28447.745584412478,26640.41315070705,30715.137839511306,29124.19390594249,28385.116892930128,27388.515529870267,24246.4085255921,32948.536548963406,0.7063363119415109,-0.8210661935235517,0.5708329929609409,0.9033352928367452,-0.4289351334590715,1.0,1.0,2.0
1637957970.0,2.963262249818589,0.83988168159616,357.99955525285117,2148.502966483857,880.7406302914261,24015.1283932706,28561.676341768434,26476.925713633333,30435.802153274388,29261.17659459945,27741.292111733837,27231.424337004413,24675.321042572366,32668.841615597346,0.7067424857839155,-0.8204014435236452,0.571787960230293,0.8910065240470624,-0.4539905000168744,1.0,2.0,1.0
1637957986.0,2.5,1.150945,400.0,2560.0,882.11456,35367.355,35326.725,35590.025,35639.506,35710.947,35730.993,35741.279,35745.308,35766.425,0.7071486596263201,-0.8197355828274377,0.5727421533697,0.877982975382537,-0.4786918580239561,0.0,0.0,0.0
1637958002.0,2.9667327009621838,0.8485855911937403,363.2649891687652,2140.0989727089695,882.7767734532318,24294.824837676177,28782.263846135436,26929.884445391996,31022.210763931816,29340.040914158762,28673.14077041412,27489.917432201964,24385.74525814414,33279.004334683406,0.7075548334687246,-0.8190686123114044,0.5736955711231091,0.8642748017805276,-0.503019946927783,1.0,1.0,2.0
1637958018.0,2.962550007530518,0.8411737794537056,359.5189485033137,2151.3711053580996,884.2939647861967,24221.4225202371,28843.994403618766,26760.9818151447,30748.078823427673,29545.618924461545,27968.546023623927,27424.18952675825,24859.901687992653,32988.71194852329,0.7079610073111292,-0.8184005329118925,0.5746482121520351,0.8498926931648201,-0.5269557952096637,1.0,2.0,1.0
1637958034.0,2.5,1.200273,410.0,2560.0,902.868992,37697.34,37680.614,37873.748,37901.295,37977.174,37995.77,38023.412,38024.469,38031.839,0.7083671811535337,-0.8177313454999634,0.5756000752143969,0.8348478633120493,-0.550480740011225,0.0,0.0,0.0
1637958050.0,2.967879872690619,0.8486354312853475,364.69341618283005,2139.9203377435633,884.6061514281588,24310.973322877402,28993.769306431455,27153.835979824107,31247.476453524145,29540.442339447778,28896.36605589139,27573.03206011242,24435.747515256924,33436.2957142502,0.7087733549959383,-0.8170610510150765,0.5765511589738923,0.819152044463751,-0.573576436101464,1.0,1.0,3.0
1637958066.0,2.9679103772801176,0.8353057070798633,357.8776719639649,2162.592731192868,884.6845271962375,24132.48513831612,28781.37953536205,27035.997768709203,30635.81935264227,29465.029076564308,28151.653472022557,27223.887943481495,24447.883089383322,32755.67207803097,0.7091795288383428,-0.8163896503311815,0.5775014621904703,0.8028174752241105,-0.5962248749211867,1.0,2.0,2.0
1637958082.0,2.962226534625091,0.8424264887081838,356.688600090629,2146.4268283669626,890.6482456670168,24439.78058801679,28944.36244476781,26817.535557405135,30851.581313689145,29591.704394726374,27774.246845470414,27536.34478743519,25069.267595922825,33097.522955585184,0.7095857026807474,-0.8157171443908448,0.5784509835300184,0.7858568933433993,-0.6184083951440675,1.0,3.0,1.0
1637958098.0,2.5,1.024621,420.0,2560.0,926.142464,41438.891,41447.755,41627.04,41663.04,41739.365,41759.708,41779.933,41783.023,41790.448,0.7099918765231519,-0.8150435340793307,0.5793997217426626,0.7682835236078099,-0.6401096994678082,0.0,0.0,0.0
1637958114.0,2.966026142759112,0.8482706008668027,364.51432293681114,2134.650798793231,886.4200533194258,24494.64971641409,29103.152883598894,27159.82938664251,31351.982850066204,29523.343022044584,28914.826155894298,27589.867550640032,24456.857170536,33608.679046293466,0.7103980503655565,-0.8143688203170137,0.5803476755320688,0.7501110697882739,-0.6613118651446466,1.0,1.0,2.0
1637958130.0,2.9616544733294083,0.8433366687929058,361.2134397360576,2149.8179405960086,888.2490459976642,24439.183180288142,29211.948972968414,26985.378129303597,31110.333212160574,29788.18438976106,28176.27849741219,27617.167776946997,25104.356203676616,33383.59965717966,0.710804224207961,-0.8136930040173586,0.5812948436148448,0.7313537016118706,-0.6819983600703265,1.0,2.0,1.0
1637958146.0,2.5,1.143118,430.0,2560.0,949.317632,42526.768,42512.318,42703.823,42755.691,42860.286,42875.188,42914.458,42915.153,42918.775,0.7112103980503656,-0.813016086103795,0.5822412246968316,0.7120260461353702,-0.7021530528487586,0.0,0.0,0.0
1637958162.0,2.966095202188725,0.8505260368335472,366.5545894487781,2134.8605272167797,887.7254385005025,24602.821163660563,29321.301759370763,27338.99036708835,31558.105085411386,29697.287171368935,29103.77901365921,27658.461862167245,24565.20767933992,33833.91085433778,0.7116165718927701,-0.812338067467354,0.5831868175322591,0.692143173838847,-0.721760228128627,1.0,1.0,2.0
1637958178.0,2.9612768341783213,0.8446768529775417,362.46656530533596,2153.304226402816,889.2006967105216,24514.606829856522,29369.662966651947,27119.335899016653,31278.22788322508,29969.50226384079,28288.26019353878,27677.548113219367,25198.31522977062,33568.51975605144,0.7120227457351747,-0.8116589490598927,0.5841316207936277,0.671720589450848,-0.7408045961708156,1.0,2.0,1.0
1637958194.0,2.5,1.113727,440.0,2560.0,973.709312,45752.216,45744.485,45903.452,45950.619,46006.138,46061.769,46073.162,46077.087,46084.37,0.7124289195775793,-0.8109787317668655,0.5850756332490752,0.6507742172075779,-0.7592713073848268,0.0,0.0,0.0
1637958210.0,2.967611553034759,0.8486880679203733,367.0349274302773,2134.432133808183,886.9151060508857,24473.954773632566,29360.090733600722,27423.575116130032,31609.7036428258,29761.363193185673,29204.04016863274,27610.496012398275,24489.926486147488,33794.954806221926,0.7128350934199837,-0.8102974165346889,0.586018853585112,0.6293203907964174,-0.7771459616621863,1.0,1.0,3.0
1637958226.0,2.9677896279271465,0.8386933402393542,360.8632807646778,2160.5201869534885,888.2243977122777,24348.565666115865,29176.77729782124,27387.9383760208,31107.662722547175,29800.878287254167,28463.981620441547,27520.617954403147,24678.831885475003,33182.86020817119,0.7132412672623883,-0.8096150042772645,0.5869612805365657,0.607375840006011,-0.7944146203192591,1.0,2.0,2.0
1637958242.0,2.9619375848250695,0.8437562688033211,358.55501714023274,2152.370652541934,893.6971518775708,24605.511346092255,29292.282079088603,27119.43720995442,31244.42764454885,29968.56399233423,28034.019562262984,27729.787558920958,25280.382111741874,33491.01658865768,0.7136474411047928,-0.8089314959184797,0.5879029128275268,0.5849576750736328,-0.8110638189270005,1.0,3.0,1.0
1637958258.0,2.5,1.162028,450.0,2560.0,999.333888,47242.697,47238.919,47412.2,47457.95,47531.197,47557.095,47580.864,47586.856,47590.247,0.7140536149471974,-0.8082468923922745,0.5888437491714003,0.5620833781191681,-0.8270805740930833,0.0,0.0,0.0
1637958274.0,2.9671691549710824,0.8472843927203235,366.49091493295884,2134.132301741225,887.8453727975242,24491.968772246244,29384.154332333972,27419.441135669433,31628.420560537474,29744.908782715087,29206.42786974676,27581.949630291823,24466.80621053285,33803.76536391203,0.7144597887896019,-0.8075611945997966,0.5897837883297145,0.5387707850688048,-0.8424523969675342,1.0,1.0,3.0
1637958290.0,2.967526578167147,0.8387086501295957,360.907802060125,2160.35658530608,889.3783184839798,24393.027582349536,29248.85478400546,27446.145216265777,31176.008711583385,29840.736258904875,28502.095671004376,27563.69580140397,24726.150218399867,33252.430156108974,0.7148659626320065,-0.8068744035036838,0.5907230289827665,0.5150380751584999,-0.8571673005528311,1.0,2.0,2.0
1637958306.0,2.9614046071215943,0.8429115704937349,358.18262526601643,2155.3302267195577,894.1628364392085,24612.068049885245,29347.959172155206,27129.095107521814,31256.977709394032,30000.2993549796,28027.522736513936,27693.85590755356,25318.482314095636,33542.28759068692,0.715272136474411,-0.8061865199993945,0.591661469905947,0.4909037536504276,-0.8712138111003064,1.0,3.0,1.0
1637958322.0,2.5,1.169124,460.0,2560.0,1024.26624,51154.876,51161.522,51328.057,51392.627,51489.944,51502.531,51523.257,51532.888,51540.575,0.7156783103168156,-0.8054975450526352,0.5925991097817968,0.4663866405670714,-0.8845809750953054,0.0,0.0,0.0
1637958338.0,2.9666470915920597,0.8458465428117157,366.534899827256,2132.056933740941,887.9028462202448,24502.00214266627,29440.442314179963,27417.958536580158,31641.696355661854,29713.596756290353,29253.78311621873,27486.924676325674,24423.426116700248,33830.97028423952,0.7160844841592201,-0.8048074795617115,0.5935359473877934,0.4415058527984571,-0.8972583696710258,1.0,1.0,3.0
1637958354.0,2.967133376079456,0.838863881988857,361.26865206132135,2159.231589335241,890.0028737135624,24441.994691918335,29319.933417770153,27457.153514503654,31239.3611323101,29852.32477848854,28540.84256143715,27595.858017286453,24751.000519460355,33320.35571444693,0.7164906580016247,-0.8041163244953932,0.5944719814087285,0.4162807924638881,-0.9092361089539048,1.0,2.0,2.0
1637958370.0,2.9608285757789465,0.8446975663584568,358.7301428674011,2150.40743277303,895.0565214057988,24657.793760612927,29457.699922197688,27109.684178945467,31329.566809704862,29991.3894891429,28013.064017371715,27675.047130556188,25368.789323274064,33635.54195341105,0.7168968318440292,-0.8034240807548284,0.5954072106241736,0.3907311284657622,-0.9205048534624204,1.0,3.0,1.0
1637958386.0,2.5,0.839676,470.0,2560.0,1051.226112,52687.836,52652.595,52896.999,52927.713,53010.665,53022.618,53049.586,53054.052,53056.876,0.7173030056864338,-0.8027307493118448,0.5963416337211783,0.3648767845152439,-0.931055815792918,0.0,0.0,0.0
1637958402.0,2.9672865026855884,0.844933423986452,366.2701303699735,2130.5966963831643,887.1906466966848,24467.99424579971,29459.35277046773,27406.118747353044,31692.748451775748,29752.77144842705,29231.32039692095,27534.380172029647,24378.435544471944,33847.16758375672,0.7177091795288384,-0.80203633107912,0.5972752494697434,0.338737920190189,-0.9408807689740636,1.0,1.0,3.0
1637958418.0,2.9674024139569086,0.8399290806371558,361.77347952980523,2157.6747986074433,890.812328542944,24460.082596642773,29396.07405331567,27520.858326371363,31342.906894394007,29910.87143510764,28589.464726083213,27674.18869519929,24795.374773994918,33396.514373388694,0.7181153533712429,-0.8013408270141648,0.5982080565825358,0.3123349186620952,-0.9499720514753802,1.0,2.0,2.0
1637958434.0,2.9610072278923685,0.8435727397165854,358.4653826584142,2154.366650399065,895.0405422959064,24624.364179063068,29478.202876855918,27129.741273624888,31354.649630666252,30041.828390659142,28033.669085387843,27669.35643498678,25368.731098285913,33663.390007274575,0.7185215272136475,-0.8006442380324756,0.5991400538316534,0.2856883673172035,-0.9583225744912988,1.0,3.0,1.0
1637958450.0,2.5,0.993664,480.0,2560.0,1077.211136,55894.836,55908.912,56082.702,56147.892,56187.404,56251.635,56263.133,56266.558,56273.92,0.718927701056052,-0.7999465650945162,0.6000712399319642,0.2588190447732085,-0.9659258263773072,0.0,0.0,0.0
1637958466.0,2.9667995131954017,0.8439184683216088,366.55057568844904,2129.8552987047537,887.5006392880588,24477.82868560494,29509.283075137908,27432.967381360595,31706.3271496572,29735.144817485867,29288.427074187428,27427.408969027492,24354.732399561013,33877.42336105089,0.7193338748984566,-0.7992478091623259,0.6010016135995163,0.231747903825924,-0.9727758781303586,1.0,1.0,3.0
1637958482.0,2.9671667535553263,0.8401225635225007,362.1541116354805,2157.5655062251594,891.2659297723188,24468.695737967682,29430.471032813173,27582.61846243364,31391.220502316384,29947.178086240776,28629.52807205759,27692.6630168628,24822.85820723238,33437.612960779676,0.7197400487408611,-0.7985479711469632,0.6019311736212613,0.2044960519315619,-0.9788673887429308,1.0,2.0,2.0
1637958498.0,2.960913193738896,0.8417044117176538,357.8854867738221,2159.5733927574624,894.3992801737975,24571.203513592853,29412.92768649541,27131.370897123852,31313.014719452935,30058.241952897915,28026.475021191083,27612.93010399468,25315.37285196239,33629.04246324444,0.7201462225832657,-0.7978470520309171,0.6028599186922075,0.1770847406227441,-0.9841956079146948,1.0,3.0,1.0
1637958514.0,2.5,1.182307,490.0,2560.0,1105.645568,58555.257,58550.991,58754.917,58787.193,58874.478,58923.53,58953.396,58960.267,58966.126,0.7205523964256701,-0.7971450527368531,0.60378784758983,0.1495353435017367,-0.98875638103823,0.0,0.0,0.0
1637958530.0,2.96806634592875,0.840874928500227,365.7235930879319,2129.008683844456,885.8948511220807,24291.09073142999,29333.12048664296,27355.2693050886,31537.47555314789,29609.074795849803,29255.40422657052,27193.487192357323,24171.306343267497,33676.59221284846,0.7209585702680747,-0.7964419742239355,0.6047149590462271,0.1218693436781041,-0.9925461516078072,1.0,1.0,4.0
1637958546.0,2.968468757115394,0.8367927334935042,361.45080649321335,2157.7393921381354,888.8765337631546,24256.960273596414,29287.907327184592,27532.054420493878,31280.23940479962,29885.41184625945,28593.93795036944,27611.365596266303,24690.00922495596,33227.64659017339,0.7213647441104792,-0.7957378174440306,0.6056412518062244,0.0941083133440649,-0.9955619646006648,1.0,2.0,3.0
1637958562.0,2.9679080331458385,0.8377430368664291,356.9747516075447,2156.682214561294,894.7891040985184,24451.924593783297,29210.607727241084,27442.81431031187,31168.521449963602,29824.258329755365,28231.90524582428,27579.6480821055,24807.288597634528,33186.964366690125,0.7217709179528838,-0.7950325833592916,0.6065667246041865,0.066273900641452,-0.9978014682760128,1.0,3.0,2.0
1637958578.0,2.961418649895931,0.8371594598736889,352.8336884883257,2160.5822776051973,895.192167245568,24429.600021259495,29172.545415067252,26905.79097469202,30963.008729145928,29818.152138011486,27616.166913572437,27348.43910980995,25220.977138457245,33320.09176946972,0.7221770917952883,-0.7943262728980229,0.6074913762218651,0.0383878090801673,-0.9992629164109036,1.0,4.0,1.0
1637958594.0,2.5,1.12271,500.0,2560.0,1133.428736,62493.92,62447.304,62740.055,62797.134,62867.672,62901.36,62914.431,62920.86,62968.548,0.7225832656376929,-0.7936188870518003,0.6084152053611595,0.0104717843251957,-0.999945169363324,0.0,0.0,0.0
1637958610.0,2.965584555448644,0.8371391256851016,363.8611158122917,2128.38676654932,885.4778102673824,24270.131574302497,29250.31303464013,27185.482057384706,31350.680986379673,29395.131562801194,29093.08389601362,26974.447439320345,24094.026298620087,33551.42033473418,0.7229894394800975,-0.7929104267429341,0.6093382108175542,-0.0174524064776579,-0.9998476951556864,1.0,1.0,3.0
1637958626.0,2.9665920749367833,0.8360182331636328,359.85008373046105,2156.4669027923205,889.3185332811274,24266.06550644214,29132.032157992246,27378.53128479934,31075.797352502872,29668.39137974738,28417.505662242893,27436.37980431562,24644.62470493548,33132.40582463952,0.723395613322502,-0.7922008929660181,0.6102603912952597,-0.045362987953496,-0.9989705697986958,1.0,2.0,2.0
1637958642.0,2.960332571065574,0.8348254599964938,353.78173127941284,2163.385887125132,889.6562244233396,24199.36277794353,28858.079331201603,26769.14970062737,30773.610435004648,29674.857778626363,27666.10305689172,27106.45819831728,24923.797418342223,33137.57319813709,0.7238017871649066,-0.7914902866461635,0.6111817455919099,-0.0732381972008376,-0.9973144772190822,1.0,3.0,1.0
1637958658.0,2.5,1.170644,510.0,2560.0,1163.231232,64140.779,64122.0,64335.049,64382.65,64447.402,64515.792,64531.216,64538.951,64552.802,0.7242079610073111,-0.7907786087809765,0.6121022724140331,-0.1010562970407617,-0.9948807088432308,0.0,0.0,0.0
1637958674.0,2.975322666464482,0.8196650663301492,356.0212430737053,2123.999973763587,877.1465827798903,23098.95129122485,27908.019189669743,26398.86440058447,30080.648052434884,28724.07433487847,28469.09511520285,26041.60753850956,23185.976637645206,32257.685974260858,0.7246141348497157,-0.7900658603072844,0.6130219705499228,-0.128795596683102,-0.9916711623693832,1.0,1.0,25.0
1637958690.0,2.977713930179999,0.8164083019228479,351.37539872748084,2153.744829368505,879.0578791118943,22928.265128422878,27664.705637405,26555.817282172196,29740.004848165958,28974.105123998652,27744.104595774264,26530.8506589612,23652.061473657403,31650.30025373788,0.7250203086921202,-0.7893520421900052,0.6139408387544099,-0.1564344653916183,-0.9876883405394834,1.0,2.0,24.0
1637958706.0,2.9789052130517923,0.8141752857024944,345.9753373712209,2154.984668978861,881.9778821747302,22910.815895672262,27410.14113957632,26393.35160297084,29493.992174220657,28856.12305226214,27322.121769067504,26420.450669425285,23617.603430137005,31368.884101717595,0.7254264825345248,-0.788637155422347,0.61485887574902,-0.1839513502920737,-0.9829353492095616,1.0,3.0,23.0
1637958722.0,2.9797901501797046,0.8115625083656826,341.8500518444475,2155.837364551561,883.279756874866,22874.728773556297,27209.230165732522,26276.231216914995,29247.76437750095,28702.835729984596,27010.97384842946,26321.83589487573,23577.99804989803,31124.483444600402,0.7258326563769293,-0.7879212009364004,0.6157760803367898,-0.2113247963802535,-0.9774158943023408,1.0,4.0,22.0
1637958738.0,2.980264727214508,0.8086686784152861,338.3763272455608,2156.705911691158,883.732512592063,22827.048862083248,27020.525882801056,26165.52368966989,28986.03785032126,28533.639878152542,26746.08020627046,26200.486828688092,23536.77413887137,30891.03712362674,0.7262388302193339,-0.7872041797372799,0.6166924512300733,-0.2385334572938535,-0.9711342799795718,1.0,5.0,21.0
1637958754.0,2.980420449112164,0.805771198738733,335.41883326374267,2157.6664396334018,883.7168545627446,22777.73439379388,26845.812923526555,26054.513465110726,28728.57545215852,28361.072190457868,26511.48361808108,26073.775328647607,23492.60738828395,30670.335751435454,0.7266450040617384,-0.7864860927598587,0.6176079872340794,-0.2655561174445345,-0.9640954042457544,1.0,6.0,20.0
1637958770.0,2.9803414711745395,0.8029858177941349,332.90084603795646,2158.80885949255,883.4072258626876,22728.201902477762,26684.86836276976,25942.79344623757,28485.10963404822,28192.128854967952,26299.861222509033,25949.060031460867,23447.206144064738,30461.459857730333,0.727051177904143,-0.7857669410122456,0.6185226870635047,-0.2923717044739368,-0.9563047560391011,1.0,7.0,19.0
1637958786.0,2.9801007523779344,0.8003728508611592,330.76786536170647,2160.2170818909367,882.9076565978221,22677.94821069747,26536.60220744649,25832.41023754324,28260.684654149,28030.96772655158,26110.213603164782,25830.957040096833,23402.50793560673,30263.455275222856,0.7274573517465476,-0.7850467254411055,0.6194365495143126,-0.3189593092878093,-0.9477684100130388,1.0,8.0,18.0
1637958802.0,2.97974105554787,0.7979414459547177,328.9547924816373,2161.8779667138983,882.28505995974,22627.70991602359,26399.425654078084,25722.728792417838,28056.78906315277,27878.279511673998,25937.447699451128,25721.321342934953,23359.14146889902,30075.57230104347,0.7278635255889521,-0.7843254470304933,0.6203495733378211,-0.3452981987853602,-0.9384930228379889,1.0,9.0,17.0
1637958818.0,2.979290259138449,0.7956868157716702,327.405767691787,2163.76802540482,881.5863565229679,22578.160795832548,26271.902621380737,25613.503246512388,27873.488386962083,27733.97261126992,25777.861212363732,25620.9011289443,23317.458571529583,29897.283045237753,0.7282696994313567,-0.7836031067569156,0.6212617572979283,-0.3713678355708439,-0.9284858268726704,1.0,10.0,16.0
1637958834.0,2.9787646178702643,0.7936002625879939,326.07334723527043,2165.858539031774,880.8448530457005,22530.03190473663,26153.065047700024,25504.940545949772,27710.185474427275,27597.763563367058,25628.930832245005,25529.684010890283,23277.56578283845,29728.46482915432,0.7286758732737612,-0.7828797056073699,0.622173100148277,-0.3971478904566234,-0.9177546257610768,1.0,11.0,15.0
1637958850.0,2.978171560710222,0.7916742499561702,324.9184478145057,2168.1183339161375,880.0850479757231,22484.185480694705,26042.538517332436,25397.675737339887,27566.08659669103,27469.46669418442,25489.096751235455,25447.313855778528,23239.516372495633,29569.446035041816,0.7290820471161658,-0.7821552445340753,0.6230836006892181,-0.4226182617907448,-0.9063077870133134,1.0,12.0,14.0
1637958866.0,2.9775118235049853,0.7899043460658663,323.91047606735333,2170.51655726121,879.3260563098662,22441.622335623328,25940.552729385556,25292.655830851018,27440.47096882529,27349.098095449695,25357.524264692518,25373.40727869855,23203.486873709888,29420.960256451937,0.7294882209585702,-0.7814297245540887,0.6239932576425173,-0.4477590876947211,-0.8941542369115023,1.0,13.0,13.0
1637958882.0,2.976780876611624,0.7882886075564013,323.0270603665415,2173.025452780826,878.5843387788829,22403.478775975444,25847.88545858556,25191.004513042906,27332.84034670311,27236.87686222444,25233.896333464134,25307.75121921544,23169.899107937938,29284.03601137101,0.7298943948009748,-0.7807031466133644,0.6249020698221376,-0.4725507649468216,-0.8813034520232936,1.0,14.0,12.0
1637958898.0,2.9759694756810453,0.7868269159301726,322.25313523839253,2175.6205532285117,877.8765273564989,22371.021675666343,25765.81452168368,25093.915893932044,27242.973425861157,27133.170628595,25118.230295628924,25250.39708435275,23139.511858270067,29159.93230494856,0.7303005686433793,-0.7799755117319311,0.6258100359522146,-0.4969739609164139,-0.8677654534325797,1.0,15.0,11.0
1637958914.0,2.9750635823451805,0.7855193185862214,321.57975758097524,2178.2792364288384,877.2215550938862,22345.644780768125,25696.064201524976,25002.56678654554,27170.945622904255,27038.45595726589,25010.732350479157,25201.660748592447,23113.444407191288,29050.1064108616,0.7307067424857839,-0.7792468208585006,0.6267171548489158,-0.5210096319440815,-0.8535507972121477,1.0,16.0,10.0
1637958930.0,2.974043879527565,0.7843648675437275,321.0022015151925,2180.9772437085803,876.643032115909,22328.85700770882,25640.767682314887,24918.04504796515,27117.082094669593,26953.25521047428,24911.66380762845,25162.051327276073,23093.200693757284,28956.212632136336,0.7311129163281884,-0.7785170750069348,0.6276234252500831,-0.5446390353258435,-0.8386705677435775,1.0,17.0,9.0
1637958946.0,2.972884854939712,0.7833601026726984,320.5176925523375,2183.6864658114605,876.1716751307998,22322.25719201788,25602.401773197264,24841.23097140014,27081.851413177294,26878.056091351544,24821.1769944819,25132.10518766126,23080.66002237289,28880.108497039633,0.731519090170593,-0.7777862751560972,0.6285288459401079,-0.5678437447967976,-0.8231363687112541,1.0,18.0,8.0
1637958962.0,2.9715536554515762,0.7824966580423982,320.12237415310796,2186.373964208291,875.8480152096653,22327.447864530313,25583.637880951326,24772.546479841323,27065.63313412704,26813.127207967496,24739.026081853233,25112.119623378097,23078.06839098534,28823.815105373542,0.7319252640129975,-0.7770544222953847,0.6294334156931819,-0.5906056675698674,-0.8069603121804388,1.0,19.0,7.0
1637958978.0,2.970008633023299,0.7817584535281693,319.80669282805707,2189.007345869149,875.7264219963453,22345.887439165122,25587.044571200902,24711.42818563478,27068.209662068854,26758.108353187043,24664.006073277746,25101.638784193776,23087.995132050553,28789.359752831595,0.7323314378554021,-0.7763215174247927,0.6303371332733517,-0.6129070534330352,-0.7901550125462943,1.0,20.0,6.0
1637958994.0,2.968195498033732,0.781114620504563,319.5472411407957,2191.574930692111,875.8802409965948,22378.578575491632,25614.60230595658,24655.180847186126,27087.72772666455,26711.001677126813,24592.796107480935,25098.35307021949,23113.116117364472,28778.3149566724,0.7327376116978067,-0.7755875615090504,0.6312399974910058,-0.6347305131798505,-0.7727335735157647,1.0,21.0,5.0
1637959010.0,2.966047134217204,0.7805318611452798,319.28999054790836,2194.02680549437,876.4231240308737,22424.955275878267,25666.488440025285,24596.877020250722,27118.51871917458,26665.803727535076,24517.832447661,25095.500290094038,23155.945551468692,28790.16150118961,0.7331437855402112,-0.7748525555785443,0.6321420070786302,-0.6560590288053547,-0.7547095803837227,1.0,22.0,4.0
1637959026.0,2.963432823040657,0.7797648972629267,318.9022187579611,2196.956008198174,877.4269075262399,22481.94858907568,25738.940341913003,24508.940361768036,27143.076096577774,26603.194528588094,24418.866694847875,25076.502607769213,23213.410517701264,28821.09263065552,0.7335499593826158,-0.7741165005915966,0.6330431608601585,-0.6768759696856143,-0.7360970871170184,1.0,23.0,3.0
1637959042.0,2.9608789019625315,0.7818641178403092,318.32113909152076,2197.3299639888774,880.6556937769549,22537.81421819974,25763.12587207601,24422.87239588746,27114.87894073854,26471.291874578797,24286.073112195798,24970.07086883334,23245.74768505747,28852.908533425325,0.7339561332250203,-0.7733793975815411,0.6339434575704782,-0.6971651027023594,-0.7169106077984958,1.0,24.0,2.0
1637959058.0,2.952177010657814,0.7693650144292357,310.9243337028066,2226.618533524218,869.8407956724711,21943.761826978807,25210.902737413784,23250.126632276162,26334.270099986854,26078.969364490793,23306.75527109827,23904.220559194422,23015.4158260743,28564.346040167515,0.7343623070674249,-0.7726412475094339,0.634842896035756,-0.7169106076763022,-0.6971651028280138,1.0,25.0,1.0
1637959074.0,2.5,1.182902,550.0,2560.0,1294.303232,98521.521,98517.339,98727.106,98780.238,98855.355,98897.029,98931.655,98959.368,98977.808,0.7347684809098294,-0.7719020514115499,0.6357414749932877,-0.7360970869983811,-0.6768759698146315,0.0,0.0,0.0
1637959090.0,2.957109199165637,0.7934670712827956,345.821436482659,2137.6153466406304,867.0738517191933,22679.917192664987,27187.398281653004,25190.704286727327,28674.85286643123,27106.969582448088,27197.58358871111,24778.459549981304,22468.758755925013,30787.127066728608,0.735174654752234,-0.7711618102609389,0.6366391932602576,-0.7547095802687338,-0.6560590289376342,1.0,1.0,5.0
1637959106.0,2.9615967027569807,0.8111389031363031,347.5809709789841,2162.944161072719,877.3028633978728,23195.460970077533,27657.92304767094,26123.188690425235,29470.812077108814,28195.0129876992,27211.12958185694,26447.74965700879,23819.80147037676,31290.15414781002,0.7355808285946385,-0.7704205250690184,0.6375360496100421,-0.7727335734045142,-0.6347305133152891,1.0,2.0,4.0
1637959122.0,2.962933562095645,0.811562769060408,344.00855781679934,2167.921408681236,883.1621771687193,23364.47315947077,27754.179905865152,26148.459591901945,29492.272428363143,28366.704295147643,26960.814786956376,26411.83410904635,23941.22658609473,31360.04380374837,0.7359870024370431,-0.769678196839381,0.6384320428284276,-0.7901550124388689,-0.6129070535715273,1.0,3.0,3.0
1637959138.0,2.9634299082947444,0.8132486818500674,340.92182815102205,2167.0396732946874,887.9173483594974,23465.039052035707,27740.574082587118,26119.700876067713,29377.47599244501,28297.495012199368,26701.204305042404,26338.578481143937,24042.23517165854,31374.181588936328,0.7363931762794476,-0.7689348265863349,0.6393271716911796,-0.8069603120769222,-0.590605667711305,1.0,4.0,2.0
1637959154.0,2.9565722712434,0.8057914618287587,333.50472275327036,2183.1966716472857,881.7573105231756,22984.880904571157,27260.623647559783,25209.734681537426,28669.6379936584,27991.29419085665,25765.72146123811,25481.836459211623,24044.702300677804,31169.852240402088,0.7367993501218522,-0.7681904152883856,0.640221435019992,-0.8231363683473041,-0.567843745324373,1.0,5.0,1.0
1637959170.0,2.5,0.998384,560.0,2560.0,1326.129152,81110.428,81100.31,81339.102,81375.046,81455.006,81495.648,81511.147,81528.971,81550.38,0.7372055239642566,-0.7674449639719386,0.641114831581761,-0.8386705679017349,-0.5446390350823025,0.0,0.0,0.0
1637959186.0,2.968908101635734,0.7836145525745242,339.79661575941924,2133.3428519951485,866.4053245050209,21954.422783456048,26511.502807375608,24862.05407560902,27945.618805955055,26841.984627007652,26940.878473401644,24223.902877082895,22090.56949484699,30266.403280390892,0.7376116978066612,-0.7666984736649122,0.6420073601446434,-0.8535507971208293,-0.521009632093685,1.0,1.0,37.0
1637959202.0,2.971887007208607,0.7879600137046978,336.81786919410763,2163.6709907119175,871.4781514102024,21937.38742492569,26354.0720887309,25217.478790780413,27831.35523162182,27232.967810222173,26333.456226720686,25150.643922944622,22901.407582783315,29870.306133716866,0.7380178716490658,-0.7659509453499574,0.6428990195337884,-0.8677654533454742,-0.4969739610685088,1.0,2.0,36.0
1637959218.0,2.9734770969402775,0.7823695338144475,329.8535696015888,2170.1880704387086,873.5366310772628,21790.65669615831,25983.865482822563,24926.92890525802,27376.394054157165,26988.77212912564,25753.249809750167,24814.683540084967,22769.758406911693,29412.769287910225,0.7384240454914703,-0.765202380048449,0.6437898085308504,-0.8813034519404687,-0.4725507651012894,1.0,3.0,35.0
1637959234.0,2.9743193505554824,0.7768072089545487,324.17124101260254,2174.731854704278,873.9383991993311,21635.174252108336,25648.374848738058,24676.883626854644,26912.448410016324,26656.48042807939,25274.357836029878,24542.116068949315,22653.708572546773,28981.666593530477,0.7388302193338749,-0.7644527787738356,0.6446797259298305,-0.8941542368330226,-0.4477590878514413,1.0,4.0,34.0
1637959250.0,2.974545418512844,0.770029940026085,318.79312586201274,2179.3331730982777,873.1834317433334,21442.255899421016,25295.031113238983,24399.75311633906,26389.37985670777,26269.89399999851,24806.949243315696,24208.836283654353,22505.722332180267,28518.849609001263,0.7392363931762794,-0.763702142550363,0.6455687705147959,-0.9063077869392404,-0.4226182619495952,1.0,5.0,33.0
1637959266.0,2.974288061650379,0.7626625885865044,313.68904696098605,2184.1998929291153,871.7800206630578,21233.402773369417,24935.443010579627,24101.299124421963,25842.116791135613,25851.490512808632,24347.961383861257,23850.06728574909,22336.006402352334,28041.841554617327,0.739642567018684,-0.762950472366101,0.6464569411154492,-0.9177546256914676,-0.3971478906174801,1.0,6.0,32.0
1637959282.0,2.973672140368582,0.7548900227454506,308.81093166853043,2189.4992578540023,869.903743518976,21011.640097420684,24572.78198956428,23785.873697179995,25283.70257692085,25414.4447590956,23893.80899069297,23474.045347510626,22148.32744426462,27554.086106865427,0.7400487408610885,-0.7621977692763051,0.6473442364849047,-0.92848582680758,-0.3713678357335815,1.0,7.0,31.0
1637959298.0,2.972800911138681,0.7468636587393848,304.13819327844215,2195.298813517303,867.6741332573922,20778.843855019626,24209.252668973386,23459.84892194895,24723.385020687645,24968.013814666556,23447.55656920847,23088.50753566219,21946.85349988817,27059.284691318036,0.7404549147034931,-0.7614440342623717,0.6482306554662809,-0.9384930227774676,-0.3452981989498517,1.0,8.0,30.0
1637959314.0,2.9717455131485204,0.7386786145938252,299.6396187927706,2201.5292494240884,865.1751577997132,20537.825249854304,23846.18274659764,23126.253625118283,24166.984182554086,24517.564889617068,23007.974354259302,22698.419892549835,21734.057272975144,26560.83513486493,0.7408610885458976,-0.7606892683824547,0.649116196815151,-0.9477684099571342,-0.3189593094539266,1.0,9.0,29.0
1637959330.0,2.9705613508049127,0.7304147102938089,295.2934192268722,2208.092006692331,862.4739283372184,20291.154674868558,23484.715175637182,22787.909069204972,23619.011459093927,24067.260790116747,22574.966367195917,22307.77854005143,21512.02928836613,26061.9909001243,0.7412672623883022,-0.75993347262064,0.6500008593769203,-0.9563047559878568,-0.2923717046415502,1.0,10.0,28.0
1637959346.0,2.9692916319663905,0.7221427007577823,291.08483430082725,2214.8790443792377,859.6252586752079,20041.143235734293,23125.959039450565,22447.419068859555,23083.052848049592,23620.52100829867,22149.143775289973,21919.720545326207,21282.539833466864,25565.850552427237,0.7416734362307067,-0.7591766480379749,0.650884641909628,-0.9640954041992098,-0.2655561176135135,1.0,11.0,27.0
1637959362.0,2.9679695798894636,0.7139253186165033,287.0039267209179,2221.7858833313403,856.6738860403061,19789.804566027615,22770.966766388563,22107.10574490561,22561.884545915014,23180.143648042227,21731.463268951527,21536.68309677922,21047.13837431844,25075.23136363148,0.7420796100731113,-0.7584187956307139,0.6517675432499362,-0.9711342799377636,-0.2385334574640661,1.0,12.0,26.0
1637959378.0,2.9666201869230613,0.70581578114325,283.04366315827247,2228.7206390105675,853.6554236194966,19538.776301986134,22420.614045810347,21768.900182656915,22057.463057233337,22748.301711497505,21322.860485209443,21160.48835661826,20807.20310877873,24592.490250857496,0.7424857839155159,-0.7576599164343379,0.6526495621914659,-0.9774158941668956,-0.2113247970067119,1.0,13.0,25.0
1637959394.0,2.96526166417052,0.6978556691467361,279.198332790303,2235.6102466035136,850.5967833162117,19289.27481501612,22075.498218558663,21434.254093721727,21570.919012908016,22326.513391280332,20924.02368386357,20792.385267770595,20563.922693786706,24119.37631427119,0.7428919577579204,-0.7569000114762595,0.6535306975400913,-0.982935349091661,-0.1839513509220697,1.0,14.0,24.0
1637959410.0,2.963906591525385,0.6900736708965242,275.46222479442156,2242.4025307098286,847.5167697493938,19042.081662238867,21735.86745820014,21104.110164020974,21102.580660620697,21915.62659765719,20535.237395168548,20433.095696331802,20318.274875553,23656.945953370567,0.743298131600325,-0.7561390817757568,0.6544109481138861,-0.9876883405849104,-0.1564344651048042,1.0,15.0,23.0
1637959426.0,2.9625630060194705,0.6824854280761428,271.8287636323932,2249.0656678649993,844.4268508468723,18797.562063018384,21401.597370043808,20778.909775658525,20652.048972351593,21515.862282427446,20156.342789939794,20082.848496460876,20070.985608185212,23205.558529861693,0.7437043054427295,-0.7553771283915872,0.6552903126881089,-0.991671162346809,-0.1287955968569142,1.0,16.0,22.0
1637959442.0,2.9612353844204975,0.6750942526935816,268.28992178355975,2255.585154206198,841.3320675736568,18555.7163252968,21072.210697230774,20458.64983988628,20218.299951331133,21126.878805834094,19786.754708023593,19741.435252935888,19822.501489730763,22764.927173968863,0.7441104792851341,-0.7546141523172079,0.6561687901162183,-0.9948807088255184,-0.1010562972151364,1.0,17.0,21.0
1637959458.0,2.95992545839157,0.6678926734750037,264.83591917523006,2261.959810492365,838.2319169035151,18316.24020225148,20746.914269652316,20142.950440687608,19799.80857490277,20747.86755856096,19425.524508832106,19408.264784986157,19572.965295293583,22334.2160599309,0.7445166531275386,-0.7538501546237462,0.6570463791649369,-0.9973144772062456,-0.0732381973756389,1.0,18.0,20.0
1637959474.0,2.958633047275723,0.6608640415072592,261.45510757898364,2268.197787124293,835.1212454932365,18078.584017183646,20424.64211102101,19831.126802608153,19394.665937528043,20377.641775691274,19071.41468700321,19082.419508209634,19322.217215863635,21912.138920675745,0.7449228269699432,-0.7530851363073247,0.6579230786900382,-0.9989705697907448,-0.0453629881285876,1.0,19.0,19.0
1637959490.0,2.9573566617545617,0.653984408424885,258.13407696607146,2274.312613285975,831.9908222763229,17842.003781911637,20104.10039338777,19522.24705034534,19000.676612387047,20014.726897947734,18722.97286884319,18762.71427393717,19069.794548609538,21497.05446454932,0.7453290008123477,-0.752319098441938,0.6587988874607407,-0.9998476951526276,-0.0174524066529032,1.0,20.0,18.0
1637959506.0,2.956094092084963,0.6472238713578929,254.85768787645048,2280.319430593058,828.8277291110192,17605.604000726737,19783.789298585056,19215.187806214235,18615.431595307695,19657.42060621504,18378.596210904525,18447.74158263879,18814.930767756414,21087.03514971098,0.7457351746547523,-0.7515520420359681,0.6596738043242025,-0.9999451693651592,0.0104717841499333,1.0,21.0,17.0
1637959522.0,2.954842877366562,0.6405476749594727,251.60909453952297,2286.231663942909,825.6155587800012,17368.363845474058,19462.020568962973,18908.657664633116,18236.36208545933,19303.837692703637,18036.58078254912,18135.902861691,18556.556453708035,20679.91984921114,0.7461413484971567,-0.7507839681374725,0.6605478280849546,-0.999262916417632,0.0383878089050245,1.0,22.0,16.0
1637959538.0,2.9536007968405675,0.6339167327954432,248.3697032568061,2292.057178953617,822.3342544500888,17129.14824146917,19136.91442831277,18601.21232698918,17860.75215781498,18951.93450799751,17695.158873778204,17825.42843979257,18293.282259140728,20273.327172157966,0.7465475223395613,-0.7500148777863117,0.6614209575596951,-0.9978014682876288,0.0662739004665654,1.0,23.0,15.0
1637959554.0,2.9523663127196422,0.6272873459124465,245.11892269794814,2297.7942348407605,818.9595772136271,16886.69616569722,18806.37772042362,18291.238231273597,17485.742781249202,18599.49751117106,17352.517262136607,17514.373830794153,18023.363602361605,19864.639354399515,0.7469536961819658,-0.7492447720333602,0.6622931915554305,-0.9955619646171592,0.0941083131695708,1.0,24.0,14.0
1637959570.0,2.9511391650340073,0.6206099675004415,241.83361593920893,2303.4260093696325,815.4622471979516,16639.578997640092,18468.074349948132,17976.903749861493,17108.295346573414,18244.11727545975,17006.804643317886,17200.594959229125,17744.64368114996,19450.94122899261,0.7473598700243704,-0.7484736518923166,0.6631645289239911,-0.9925461516291676,0.1218693435041385,1.0,25.0,13.0
1637959586.0,2.949921032571558,0.6138262611897227,238.4872149391477,2308.9142213270607,811.8063729462481,16386.104287361366,18119.3814055621,17656.05695194974,16725.132785948954,17883.117313310733,16656.110422978858,16881.677011134903,17454.45978627366,19028.904672826677,0.747766043866775,-0.747701518445742,0.6640349684421234,-0.9887563810644394,0.1495353433284355,1.0,26.0,12.0
1637959602.0,2.9487164692096957,0.6068637775461279,235.04803734880758,2314.1917341931294,807.9472386372637,16124.124677415783,17757.33188914144,17326.03317455018,16332.615166397563,17513.420855444994,16298.401788802435,16554.793142158447,17149.508114216136,18594.578565902433,0.7481722177091795,-0.7469283727003663,0.6649045089749225,-0.9841956079457328,0.1770847404502421,1.0,27.0,11.0
1637959618.0,2.947534104623204,0.599626456488199,231.47649121434364,2319.155701301142,803.8283394413426,15850.691313983985,17378.558368662067,16983.316186822743,15926.526112449199,17131.312801597316,15931.372544124577,16216.431339033612,16825.655465087024,18143.030668804127,0.7485783915515841,-0.7461542157415939,0.6657731493016573,-0.978867388873999,0.2044960513041732,1.0,28.0,10.0
1637959634.0,2.946388312056478,0.5919787012094074,227.72003349983535,2323.6653477413433,799.3783192144517,15561.447200880033,16979.21323011832,16622.962601866533,15501.63205172205,16732.00145302909,15552.119876611287,15861.874775090193,16477.69472864268,17667.733919648046,0.7489845653939886,-0.7453790485787937,0.6666408882897691,-0.9727758782788936,0.2317479032024396,1.0,29.0,9.0
1637959650.0,2.945301262745718,0.5837190717104008,223.70406745225463,2327.5515095787764,794.5096326624576,15249.630544853571,16554.83581537158,16237.642974871347,15050.818478438203,16308.771685358897,15156.470804864734,15484.238160823272,16099.038428829901,17159.509724789943,0.7493907392363932,-0.744602872290494,0.6675077247318912,-0.965925826302149,0.258819045053703,1.0,30.0,8.0
1637959666.0,2.9443045870817524,0.5745370953853368,219.31523439926656,2330.6464217231073,789.12275551015,14904.470762029734,16099.971694339967,15816.030248795112,14563.34532626822,15851.358446241094,14737.528179284678,15072.666407723558,15681.298296012446,16604.729446424553,0.7497969130787977,-0.7438256879275632,0.6683736574544865,-0.9583225745413718,0.2856883671492364,1.0,31.0,7.0
1637959682.0,2.9434369148112434,0.5639403317475494,214.370134857172,2332.8292430511656,783.119316696713,14508.464344857814,15606.990607526483,15339.885211654226,14021.504838216599,15342.783725142728,14282.324819903793,14608.872241369809,15213.460671061695,15982.371509028028,0.7502030869212023,-0.7430474965130178,0.6692386853176799,-0.9499720515301238,0.3123349184955916,1.0,32.0,6.0
1637959698.0,2.942726949461872,0.5511297810878526,208.55828504309721,2334.035681861816,776.4208936298178,14032.201665314613,15062.746129868241,14778.126949572175,13394.541721026828,14753.231716857475,13763.836854310739,14060.178446601572,14679.705778240535,15259.530307415824,0.7506092607636068,-0.7422682991393459,0.6701028071070756,-0.9408807690334348,0.338737920025279,1.0,33.0,5.0
1637959714.0,2.942159241558422,0.5348160206320769,201.348039743134,2334.1283946763456,768.9866702793482,13424.683888655203,14441.124459538465,14074.573528341381,12628.771560900695,14028.77966082528,13123.416219088082,13366.466367477136,14054.192639994582,14385.478683933698,0.7510154346060114,-0.7414880968224876,0.6709660216960059,-0.9310558158568708,0.3648767843520559,1.0,34.0,4.0
1637959730.0,2.94173582349175,0.5130925898528094,191.87673874407062,2332.6816168110195,760.8334752808818,12601.821257940246,13694.2188609487,13127.634401272655,11637.819009440429,13076.229531051347,12243.780874589847,12424.522158925543,13293.979166158762,13286.259070089543,0.7514216084484159,-0.7407068906577543,0.6718283278726208,-0.9205048535309046,0.3907311283044234,1.0,35.0,3.0
1637959746.0,2.9413477690259975,0.48379677715725383,179.07646631420903,2330.3722561988034,751.9390724668428,11422.617850655264,12756.186054122527,11780.62394070785,10318.82648108113,11766.900113626412,10933.690265497768,11084.488773079924,12324.865739151679,11879.440396197879,0.7518277822908205,-0.7399246816637052,0.67268972451262,-0.9092361090268674,0.4162807923045244,1.0,36.0,2.0
1637959762.0,2.943580064526321,0.43908731179443283,157.16074071454958,2328.102461831577,740.3787537020905,9468.311789081697,11051.8839523567,9490.720613088799,7927.506884657775,9326.384750114092,8769.347878237095,8666.179752261727,10393.35767712144,9382.23280279948,0.752233956133225,-0.7391414709384686,0.6735502104067054,-0.8972583697484093,0.4415058526411928,1.0,37.0,1.0
1637959778.0,2.5,0.066301,10.0,2304.0,1514.807296,232.178,231.611,234.984,234.984,236.046,236.046,236.046,236.046,236.18,0.7526401299756296,-0.7383572595130314,0.6744097844222057,-0.8845809751770499,0.4663866404120291,0.0,0.0,0.0
1637959794.0,2.5,0.008135,30.0,2304.0,1614.102528,464.355,470.261,473.137,473.58,474.642,475.435,475.603,475.603,476.572,0.7530463038180342,-0.7375720484588915,0.675268445384615,-0.871213811186348,0.4909037534977282,0.0,0.0,0.0
1637959810.0,2.5,0.02937,40.0,2304.0,1678.938112,601.872,604.764,614.949,615.495,617.422,619.602,619.703,619.703,623.526,0.7534524776604387,-0.7367858388391104,0.6761261921314308,-0.8571673006431029,0.5150380750082624,0.0,0.0,0.0
1637959826.0,2.5,0.074563,60.0,2304.0,1826.459648,948.88,955.052,966.699,967.851,976.167,980.974,981.273,981.878,988.147,0.7538586515028433,-0.7359986317279537,0.6769830234906782,-0.8424523970619655,0.5387707849211465,0.0,0.0,0.0
1637959842.0,2.5,0.237811,70.0,2304.0,1842.905088,999.722,1000.283,1026.367,1033.963,1045.154,1047.156,1050.808,1054.284,1055.868,0.7542648253452477,-0.7352104281616313,0.6778389383344622,-0.8270805741916009,0.5620833779742039,0.0,0.0,0.0
1637959858.0,2.5,0.251015,90.0,2304.0,1862.51264,1288.141,1275.348,1324.392,1325.095,1340.786,1341.911,1352.542,1352.6,1355.972,0.7546709991876523,-0.7344212292466871,0.6786939354611805,-0.8110638193019193,0.584957674553795,0.0,0.0,0.0
1637959874.0,2.5,0.251015,100.0,2304.0,1862.51264,1943.954,1941.639,1973.065,1981.112,2005.808,2017.328,2023.353,2024.534,2028.918,0.7550771730300568,-0.7336310360121019,0.6795480137560628,-0.7944146207085465,0.6073758394968441,0.0,0.0,0.0
1637959890.0,2.5,0.418931,110.0,2304.0,436.957184,1558.184,1557.649,1598.207,1602.733,1607.055,1616.614,1621.012,1621.417,1625.858,0.7554833468724614,-0.7328398495474104,0.6804011720414133,-0.7771459614794384,0.6293203910220924,0.0,0.0,0.0
1637959906.0,2.5,0.529616,130.0,2304.0,449.912832,1801.161,1797.866,1843.815,1859.327,1880.291,1883.566,1886.99,1887.217,1887.668,0.7558895207148659,-0.7320476709435916,0.681253409140874,-0.7592713074988894,0.6507742170744989,0.0,0.0,0.0
1637959922.0,2.5,0.529616,140.0,2304.0,455.589888,2003.126,2009.649,2058.043,2063.606,2076.943,2087.486,2091.081,2091.577,2095.587,0.7562956945572705,-0.731254501243437,0.682104723932632,-0.7408045962885494,0.6717205893210058,0.0,0.0,0.0
1637959938.0,2.5,0.544032,150.0,2304.0,462.512128,6074.825,6081.96,6151.624,6154.795,6170.399,6176.185,6181.589,6182.169,6186.18,0.756701868399675,-0.730460341540623,0.6829551152428368,-0.7217602282499402,0.6921431737123427,0.0,0.0,0.0
1637959954.0,2.5,0.593069,160.0,2304.0,471.625728,2250.722,2255.21,2307.679,2311.848,2337.679,2348.054,2353.54,2355.948,2365.398,0.7571080422420796,-0.7296651928805116,0.6838045819520704,-0.7021530529735568,0.7120260460123025,0.0,0.0,0.0
1637959970.0,2.5,0.53883,170.0,2304.0,479.8464,2544.713,2540.879,2624.698,2626.667,2634.457,2645.82,2651.253,2652.151,2656.415,0.7575142160844841,-0.7288690563793969,0.684653122867783,-0.6819983601985125,0.7313537014923355,0.0,0.0,0.0
1637959986.0,2.5,0.452234,180.0,2304.0,536.694784,8991.083,8991.742,9066.302,9083.875,9099.995,9112.702,9119.442,9119.767,9121.116,0.7579203899268887,-0.7280719330753049,0.685500736883622,-0.6613118652761201,0.7501110696723645,0.0,0.0,0.0
1637960002.0,2.947540251366285,0.5361448112722335,213.11839653224695,2331.1189053104017,681.6753194651628,9940.480070088754,10670.95969693578,11685.044483919944,11910.433345314737,12659.818942444004,11056.340143326363,11314.488131918024,12663.345868017159,11971.272801826452,0.7583265637692933,-0.7272738240873018,0.6863474228096383,-0.6401096996024668,0.7682835234956167,1.0,1.0,17.0
1637960018.0,2.9516235702483398,0.558106908072675,216.77377268694758,2349.4135548441454,714.9804080410383,11559.537235277032,12118.654025701546,13305.469845470243,12408.40856879074,14021.943771122142,11992.866987150948,12603.469078816379,14046.796982523385,13399.772139198569,0.7587327376116978,-0.7264747304559854,0.6871931795418981,-0.6184083952818062,0.7858568932350096,1.0,2.0,16.0
1637960034.0,2.951327889874801,0.5637445100157754,215.57118674153605,2361.9086467090756,733.9427203558234,12276.585407794528,12762.960946165313,13812.423754998501,12667.894851905856,14417.183061581214,12304.031626650527,13142.646380612916,14450.18496546866,13919.67915214142,0.7591389114541024,-0.7256746533031879,0.6880380058930597,-0.5962248750618981,0.802817475119609,1.0,3.0,15.0
1637960050.0,2.9492855562748552,0.5624638086651491,213.05730691507276,2369.5225449630207,745.6868149383662,12630.262792898011,13083.612894737575,13985.630092414634,12738.710425665566,14477.646799988954,12387.589400516503,13360.382841730878,14542.395383673782,14072.713954258774,0.7595450852965069,-0.7248735936720734,0.6888819007616138,-0.5735764362450384,0.8191520443632191,1.0,4.0,14.0
1637960066.0,2.9466235538626533,0.5583249377363756,210.3081591165566,2373.7302074218815,752.7996326208968,12785.171232821074,13213.195675665624,13979.729502476719,12709.265495917847,14375.851304293965,12360.313197139401,13400.702516110401,14472.812186928306,14040.03868134015,0.7599512591389115,-0.724071552687234,0.6897248629628325,-0.5504807401575504,0.8348478632155654,1.0,5.0,13.0
1637960082.0,2.944166981552683,0.5530369703755207,207.56881971363717,2376.4163220154273,756.4665948550843,12818.957411355355,13214.997859146351,13874.327672284957,12603.417363795721,14199.694542412917,12269.36259038953,13331.66861259577,14321.611493625449,13911.131764942096,0.760357432981316,-0.7232685314044435,0.6905668913871121,-0.5269557953586261,0.8498926930724595,1.0,6.0,12.0
1637960098.0,2.9421709457063137,0.5473881481906846,204.90001417184592,2378.6030159871693,757.6874903588217,12777.924122776725,13133.22082009726,13716.470559690173,12439.80907582827,13990.043158811699,12139.591096764161,13196.010587215034,14130.988457147436,13730.233419232509,0.7607636068237206,-0.7224645309209008,0.69140798488392,-0.5030199470792661,0.8642748016923624,1.0,7.0,11.0
1637960114.0,2.940599997901977,0.5416770792152609,202.28693481374768,2380.6421403744794,757.2473477568344,12689.901328976404,12997.561635632494,13531.797399380326,12234.376716966552,13762.196054130593,11984.465449621113,13019.847078935967,13919.128165948225,13517.331125446577,0.7611697806661251,-0.7216595523251058,0.6922481423145372,-0.4786918581778419,0.8779829752986358,1.0,8.0,10.0
1637960130.0,2.939349177544512,0.5359295426026709,199.68075352819653,2382.627135992745,755.6504214146947,12569.629911687756,12824.232721248794,13330.110179021794,11996.089917833346,13521.7632069338,11809.335375043007,12816.067469867958,13691.001113830247,13278.824000308869,0.7615759545085297,-0.7208535966967975,0.6930873625520024,-0.4539904997581357,0.8910065241788964,1.0,9.0,9.0
1637960146.0,2.938331909189658,0.5300116182874612,197.00583428493633,2384.5692256871525,753.1600562677381,12422.372601881201,12619.806673662304,13111.01508323149,11727.024489567953,13266.894842178295,11614.665595458802,12588.11107569417,13444.317634105148,13013.06362689009,0.7619821283509342,-0.7200466651573798,0.6939256444286637,-0.4289351336174009,0.903335292761565,1.0,10.0,8.0
1637960162.0,2.9374944958592377,0.5236825132164931,194.16124580896434,2386.470848160301,749.859813535311,12246.27127675536,12384.168027503933,12866.717656172355,11422.873031330986,12990.189229313399,11396.995616139322,12332.132279436975,13172.104974734299,12712.294917614427,0.7623883021933388,-0.7192387587589539,0.6947629868515444,-0.4035452963412644,0.9149596678547318,1.0,11.0,7.0
1637960178.0,2.9368097442737344,0.5165956574517654,191.00804864206964,2388.3703849009635,745.6990855676305,12032.60131993493,12111.582002775642,12581.925505988125,11072.073930335551,12677.971339641666,11147.565063248825,12036.613740057961,12862.938959451862,12362.247495216165,0.7627944760357434,-0.7184298786357242,0.6955993886451156,-0.3778407870074925,0.9258705847328548,1.0,12.0,6.0
1637960194.0,2.9362584243804664,0.5082547178603706,187.3389075552728,2390.3820979501743,740.5121493021713,11763.565216122335,11789.394210840683,12230.53840233653,10652.473867999406,12306.655651677616,10848.003004045922,11678.888986028407,12499.113307419217,11939.596306615029,0.7632006498781478,-0.7176200258524664,0.6964348487084095,-0.3518416483624085,0.9360595357548704,1.0,13.0,5.0
1637960210.0,2.9357935576575374,0.4979204649238183,182.81968856154927,2392.7256670820566,734.0058126885865,11406.51124558347,11393.39510473928,11767.806253831437,10123.946265205686,11834.679399004826,10460.860117518072,11217.365399774511,12052.30899487744,11406.752117356515,0.7636068237205524,-0.7168092015157143,0.6972693658998681,-0.32556815461897,0.9455185755436,1.0,14.0,4.0
1637960226.0,2.9353053977525616,0.4844355740327543,176.86754788205604,2395.7537495498086,725.6893013940629,10903.646061471933,10879.610853307942,11113.476589519958,9413.267780360378,11185.233670819449,9909.937715351578,10577.361582692858,11477.088232136035,10701.011576239867,0.7640129975629569,-0.7159974067232062,0.6981029390896758,-0.2990407921814604,0.9542403285396632,1.0,15.0,3.0
1637960242.0,2.9342105284186593,0.46562757531681714,168.35022592387523,2400.456286134756,714.3743577551958,10131.576021261564,10159.439490461518,10116.247701342987,8374.22725262331,10202.970475331338,9024.582352948579,9611.99528130272,10680.74630800535,9709.799052537572,0.7644191714053615,-0.7151846425841657,0.6989355671388882,-0.2722802471734706,0.9622179934916796,1.0,16.0,2.0
1637960258.0,2.9334029565344872,0.4342197028286493,151.8051636605541,2408.8171573904883,694.6375883935796,8581.680502465333,8624.95153724435,8209.257711509748,6181.99636589207,8138.57944125419,7207.423534713151,7546.734833457367,8992.00857290603,7729.413692609482,0.764825345247766,-0.7143709101684449,0.6997672489514694,-0.2453073857709737,0.9694453499224238,1.0,17.0,1.0
1637960274.0,2.5,0.003975,10.0,2048.0,614.35904,764.894,770.085,773.343,773.343,773.428,773.428,773.428,773.428,773.642,0.7652315190901706,-0.7135562106184271,0.7005979833598373,-0.2181432414991035,0.9759167619158224,0.0,0.0,0.0
1637960290.0,2.5,0.003975,20.0,2048.0,614.35904,302.673,301.695,311.201,311.201,312.513,313.401,313.401,313.401,313.442,0.7656376929325751,-0.7127405449963417,0.7014277692808562,-0.1908089952349451,0.9816271834751882,0.0,0.0,0.0
1637960306.0,2.9351099021310607,0.43899822529688126,165.53564123119253,2371.458726419058,677.8233051179037,8356.802068063778,7784.1635103103035,9183.943680534278,8315.789274587918,9594.209895490942,7569.968331794955,8581.215710227385,9734.267535435125,8325.221150716501,0.7660438667749797,-0.7119239144472856,0.7022566055496053,-0.1633259627721324,0.986572161519144,1.0,1.0,11.0
1637960322.0,2.939620396524348,0.47214744375315304,177.31456887833536,2375.230932056037,699.186775693542,9798.345069642175,9202.108417661273,10669.642019656552,9373.874349549416,11084.417449590987,8987.161825530904,9969.158893605469,11067.998845962584,10114.952114204461,0.7664500406173842,-0.711106320036006,0.7030844910854238,-0.1357155727200249,0.9907478404323048,1.0,2.0,10.0
1637960338.0,2.940059780701095,0.48821730651860473,181.64910865544374,2378.905226591367,712.4524925209689,10499.231823389062,10037.699579263406,11312.142396484469,9846.991147371822,11629.439624439732,9650.921681847736,10591.806956306846,11689.592404986146,10832.08132345766,0.7668562144597888,-0.7102877629103078,0.703911424726059,-0.1079993562077789,0.9941509639178072,1.0,3.0,9.0
1637960354.0,2.9393603639559793,0.49500619413699243,182.91882566718832,2382.077296799108,720.4433371407714,10876.480022809048,10500.077724653795,11606.176389866663,10025.844098384641,11812.318396104914,9967.127367708636,10903.176510744644,11956.32045629747,11139.392584345745,0.7672623883021933,-0.7094682441477052,0.7047374053830067,-0.0801989245834026,0.9967788784357672,1.0,4.0,8.0
1637960370.0,2.9381649458021917,0.4959792549744755,182.4533450727136,2384.9187864298137,724.2120310791144,11033.443668495516,10713.571036744032,11674.000356204078,10014.016672974194,11799.720430065316,10072.182501423027,10991.200199722049,11999.077109166503,11189.121428984647,0.7676685621445979,-0.7086477648576714,0.7055624319379726,-0.0523359562489599,0.9986295347542584,1.0,5.0,7.0
1637960386.0,2.936839626477957,0.49283757543871193,180.78580337360773,2387.719981313293,724.5446384455737,11028.081780159824,10749.045077204388,11577.066174498348,9856.780469945377,11652.368789109445,10036.794244507482,10915.69938555068,11889.00586613825,11050.290088504977,0.7680747359870025,-0.7078263261818188,0.7063865032430542,-0.0244321783749304,0.9997014897757508,1.0,6.0,6.0
1637960402.0,2.935565273347653,0.48609627053260385,177.99116494265246,2390.8570834136963,721.8152823248088,10883.297245642472,10642.050863407945,11330.615581136848,9555.759418977446,11378.97559649726,9884.891622338106,10699.736311904326,11652.250985722669,10740.01936004961,0.768480909829407,-0.7070039291911627,0.7072096182238031,0.0034906514422217,0.999993907657696,1.0,7.0,5.0
1637960418.0,2.934352605758398,0.4753373518131298,173.8053053911895,2394.665406316393,715.9365645846156,10590.33403847108,10393.49302803305,10907.413539724392,9074.150216916882,10946.132878273049,9595.501751945005,10325.809055034573,11279.419352676816,10237.126420018825,0.7688870836718116,-0.7061805750402509,0.7080317757246638,0.0314107588889005,0.9995065603716784,1.0,8.0,4.0
1637960434.0,2.9330619081298024,0.45936536806733447,167.6277536887925,2399.2758778671887,706.1965051064926,10108.617087953735,9964.732855783383,10230.420186209656,8327.949274862258,10276.231779093232,9087.317094381378,9729.640564348752,10726.135163929208,9486.57595251234,0.7692932575142161,-0.7053562648025963,0.7088529746736835,0.0593063736358767,0.9982398279202056,1.0,9.0,3.0
1637960450.0,2.9310387963207876,0.435892734928918,158.27670018631542,2405.063388425381,690.6867026349439,9331.712972215357,9257.210339235993,9148.67326595002,7149.114797552766,9204.192215937524,8162.684172496142,8764.655170422175,9882.347307431537,8388.482441945383,0.7696994313566207,-0.7045309996354323,0.7096732139179966,0.0871557425919543,0.996194698105368,1.0,10.0,2.0
1637960466.0,2.930405288524064,0.39394035328322063,139.38849897550574,2412.020377210708,659.1444534364061,7650.47212925936,7690.274461951528,6985.275176621932,4614.778737123041,6911.036848701218,6164.738112312871,6513.17866374929,7956.860576356928,6074.5387856251255,0.7701056051990252,-0.7037047806147638,0.7104924923881512,0.1149371505852933,0.9933727655897024,1.0,11.0,1.0
1637960482.0,2.5,0.011738,10.0,1792.0,151.79776,370.944,373.719,375.007,375.007,376.189,376.189,376.189,376.189,376.765,0.7705117790414298,-0.702877608900504,0.711310808933978,0.1426289335834959,0.9897762309253716,0.0,0.0,0.0
1637960498.0,2.5,0.011738,20.0,1792.0,216.383488,354.188,362.971,369.146,369.146,369.636,372.847,372.847,372.847,374.262,0.7709179528838342,-0.7020494855815063,0.7121281624783158,0.1702094992902588,0.9854078984620324,0.0,0.0,0.0
1637960514.0,2.5,0.038188,40.0,1792.0,293.568512,592.263,591.801,602.368,607.406,609.841,611.929,612.324,612.324,612.422,0.7713241267262388,-0.7012204117996432,0.712944551894142,0.1976573402906532,0.9802711746395611,0.0,0.0,0.0
1637960530.0,2.5,0.08504,50.0,1792.0,382.562304,729.368,730.063,744.422,750.634,753.401,753.759,755.204,755.204,755.236,0.7717303005686433,-0.7003903886462366,0.7137599761067958,0.2249510544988759,0.974370064749448,0.0,0.0,0.0
1637960546.0,2.5,0.100241,60.0,1792.0,432.566272,1503.851,1507.635,1531.005,1533.435,1550.083,1551.62,1551.671,1552.73,1552.745,0.7721364744110479,-0.6995594172865399,0.714574433971519,0.252069357737106,0.9677091706137764,0.0,0.0,0.0
1637960562.0,2.5,0.357892,80.0,1792.0,492.568576,1141.145,1146.121,1168.784,1170.042,1174.972,1175.206,1180.113,1180.456,1181.827,0.7725426482534524,-0.698727498803998,0.7153879244263974,0.2789911057765406,0.9602936857532612,0.0,0.0,0.0
1637960578.0,2.5,0.322333,90.0,1792.0,492.568576,1290.348,1297.608,1329.447,1336.95,1343.98,1346.374,1355.462,1360.068,1360.319,0.772948822095857,-0.6978946343665253,0.7162004463293876,0.3056953044966863,0.9521293928918896,0.0,0.0,0.0
1637960594.0,2.5,0.362431,100.0,1792.0,432.152576,1384.379,1381.808,1424.219,1425.856,1438.06,1441.702,1445.404,1446.007,1446.042,0.7733549959382616,-0.6970608250600347,0.7170119986210995,0.332161131656832,0.9432226580274948,0.0,0.0,0.0
1637960610.0,2.5,0.257195,120.0,1792.0,442.875904,1736.637,1745.013,1799.714,1803.047,1808.777,1813.632,1817.913,1818.933,1819.629,0.7737611697806661,-0.6962260720446496,0.717822580172342,0.3583679495535289,0.933580426494043,0.0,0.0,0.0
1637960626.0,2.5,0.257195,130.0,1792.0,448.147456,1864.348,1858.541,1911.638,1918.048,1935.425,1949.514,1963.603,1964.234,1967.471,0.7741673436230707,-0.6953903764400823,0.7186321898958609,0.3842953224682328,0.9232102171927242,0.0,0.0,0.0
1637960642.0,2.5,0.489523,140.0,1792.0,455.65952,3362.325,3361.519,3397.494,3412.401,3439.794,3449.001,3451.396,3455.347,3456.914,0.7745735174654752,-0.6945537393777436,0.7194408266955619,0.4099230338797328,0.9121201161551232,0.0,0.0,0.0
1637960658.0,2.5,0.363938,160.0,1792.0,469.901312,3046.9,3058.674,3113.754,3120.354,3138.668,3149.725,3151.826,3152.499,3153.926,0.7749796913078798,-0.6937161620007998,0.720248489466573,0.4352310992152375,0.9003187714781338,0.0,0.0,0.0
1637960674.0,2.5,0.608589,170.0,1792.0,480.382976,6666.477,6673.328,6730.923,6751.566,6774.626,6779.647,6784.255,6794.466,6795.309,0.7753858651502843,-0.6928776454117662,0.7210551771457208,0.4601997848503128,0.8878153851019511,0.0,0.0,0.0
1637960690.0,2.5,0.774454,180.0,1792.0,546.115584,2659.881,2655.042,2748.257,2753.899,2786.099,2796.791,2807.202,2809.192,2810.625,0.7757920389926889,-0.6920381907878204,0.7218608886005117,0.4848096201226132,0.874619707207977,0.0,0.0,0.0
1637960706.0,2.5,0.464316,190.0,1792.0,557.223936,2739.82,2731.705,2808.211,2827.477,2848.759,2852.84,2869.133,2871.164,2872.376,0.7761982128350934,-0.6911977992234676,0.7226656227804358,0.5090414158432297,0.8607420269490274,0.0,0.0,0.0
1637960722.0,2.5,0.699955,200.0,1792.0,564.563968,7405.822,7412.992,7470.028,7490.672,7513.195,7529.068,7533.336,7534.723,7539.465,0.776604386677498,-0.6903564718985176,0.7234693785557419,0.5328762759789709,0.8461931661853478,0.0,0.0,0.0
1637960738.0,2.9334218291287235,0.47794092188622816,183.27548619043753,2256.5435563057154,604.6315862551561,6769.216280432327,7139.609955818167,7663.747731603031,7011.060993411293,7913.3769501268625,6996.629032395627,7124.538858932983,9177.203058360983,7960.6375473078715,0.7770105605199025,-0.6895142099099175,0.7242721548784699,0.5562956156173942,0.8309844691959438,1.0,1.0,1.0
1637960754.0,2.5,0.7244,210.0,1792.0,576.950272,12386.982,12377.436,12464.12,12490.65,12508.206,12526.25,12529.26,12530.37,12535.214,0.7774167343623071,-0.6886710144401028,0.7250739506216174,0.5792811722812059,0.8151277957722407,0.0,0.0,0.0
1637960770.0,2.5,0.77382,220.0,1792.0,586.866688,11083.598,11082.81,11168.205,11177.871,11203.522,11213.002,11217.857,11218.23,11220.472,0.7778229082047117,-0.6878268865990194,0.7258747647297705,0.6018150232909525,0.798635509942621,0.0,0.0,0.0
1637960786.0,2.5,0.580128,230.0,1792.0,598.646784,10316.722,10311.153,10401.275,10406.675,10434.839,10458.433,10463.318,10464.692,10466.08,0.7782290820471162,-0.6869818275400333,0.7266745961087093,0.6238795963123318,0.7815204727357832,0.0,0.0,0.0
1637960802.0,2.937322597452237,0.5395287976680075,206.57136501273874,2223.1736495072646,631.9963310260292,8607.461417435712,9440.158596541505,9650.086424694324,9187.721442091086,9988.425040319751,9262.97350348929,9385.250048990705,10920.73701116676,10768.406766266804,0.7786352558895208,-0.6861358384072324,0.727473443675578,0.6454576875263475,0.7637960288016297,1.0,1.0,1.0
1637960818.0,2.5,0.778447,240.0,1792.0,611.733504,11926.322,11897.178,12029.18,12050.736,12136.422,12170.4,12179.886,12180.734,12189.086,0.7790414297319253,-0.6852889203565607,0.7282713063388804,0.6665324698953281,0.7454759999994859,0.0,0.0,0.0
1637960834.0,2.5,1.06206,250.0,1792.0,623.210496,12245.674,12260.003,12364.823,12396.436,12430.831,12438.811,12442.109,12442.65,12445.49,0.7794476035743299,-0.6844410745028294,0.7290681830483431,0.6870875106404429,0.7265746711260442,0.0,0.0,0.0
1637960850.0,2.5,0.69206,260.0,1792.0,634.257408,11587.597,11574.789,11688.191,11692.867,11754.083,11775.822,11792.415,11799.388,11801.14,0.7798537774167343,-0.6835923020150714,0.7298640727051411,0.7071067812032724,0.7071067811698226,0.0,0.0,0.0
1637960866.0,2.9459312851848947,0.6113677292196313,235.15816142972523,2187.9781171076247,667.2491050656125,10677.068402407138,12062.008255165207,11941.050428411827,12401.71441785938,12733.986024800786,12021.824674546493,12241.018594791767,13023.232971250154,14076.666778128214,0.7802599512591389,-0.6827426040636663,0.7306589742118849,0.726574670838597,0.6870875109444098,1.0,1.0,1.0
1637960882.0,2.5,1.045288,270.0,1792.0,649.515008,11414.442,11406.658,11517.35,11539.378,11577.368,11599.758,11612.687,11613.213,11613.572,0.7806661251015434,-0.6818919817564753,0.7314528865321585,0.745475999720638,0.6665324702072025,0.0,0.0,0.0
1637960898.0,2.5,0.738697,280.0,1792.0,662.81472,12779.15,12777.1,12892.066,12921.047,12957.063,12981.92,12987.507,12992.039,13007.745,0.781072298943948,-0.6810404362876707,0.7322458085514038,0.7637960285315986,0.6454576878458862,0.0,0.0,0.0
1637960914.0,2.9526051236024453,0.6698687157945984,261.2626875388768,2164.89143301015,701.7871858558456,12958.868453752291,14665.201866197702,14346.824589041793,15836.497463170881,15688.676204715048,14788.818472986153,15268.521593145204,15199.696578084486,17337.837240225574,0.7814784727863525,-0.6801879687781897,0.7330377392258877,0.7815204724747793,0.6238795966392856,1.0,1.0,1.0
1637960930.0,2.5,1.117958,290.0,1792.0,678.535168,13968.155,13955.198,14085.469,14123.935,14154.042,14178.249,14187.219,14189.872,14191.355,0.7818846466287571,-0.6793345804034722,0.7338286774636423,0.79863550997109,0.6018150232531728,0.0,0.0,0.0
1637960946.0,2.5,1.24454,300.0,1792.0,692.289536,15944.602,15933.441,16082.29,16102.426,16157.2,16160.819,16172.908,16181.85,16185.229,0.7822908204711616,-0.6784802722868465,0.7346186222235089,0.8151277957996438,0.5792811722426461,0.0,0.0,0.0
1637960962.0,2.9584254327664072,0.7360632066102382,290.9487733746496,2143.0183885141837,753.3994325382349,15968.792047211165,18096.36546261104,17249.154852024632,20155.5548815408,19359.260078501426,18602.942588930277,18883.107355295535,17958.960881024774,21561.92792674231,0.7826969943135662,-0.6776250456276596,0.7354075723964992,0.8309844692222595,0.5562956155780842,1.0,1.0,1.0
1637960978.0,2.5,1.049733,310.0,1792.0,708.100096,17219.098,17270.808,17386.816,17403.564,17446.005,17465.776,17473.123,17475.035,17486.979,0.7831031681559708,-0.6767689015409808,0.7361955269539568,0.8461931662105556,0.5328762759389415,0.0,0.0,0.0
1637960994.0,2.959094608196504,0.761856295349885,303.1495874624627,2136.1038002636897,781.0149425751268,17605.656350888523,20076.052469651855,18970.306605763697,22064.307423205453,21148.449147883326,20447.977941515324,20579.021035940656,19340.253025358605,23657.530845526646,0.7835093419983753,-0.6759118412287345,0.7369824847896875,0.8607420269731076,0.509041415802512,1.0,1.0,1.0
1637961010.0,2.5,0.910643,320.0,1792.0,726.388736,19180.987,19184.935,19325.364,19362.392,19403.914,19411.696,19412.736,19412.962,19413.418,0.7839155158407799,-0.675053865808381,0.7377684448776325,0.8746197072309111,0.4848096200812391,0.0,0.0,0.0
1637961026.0,2.95998294035348,0.7834583371851622,314.86379322429946,2122.768573347753,802.9896863472758,18991.834745185395,21814.963391379006,20440.919499152587,23831.10582410462,22709.101025031472,22089.690265237674,22128.926692186054,20447.48820285112,25539.50190430282,0.7843216896831844,-0.6741949764844156,0.7385534061143976,0.8878153849094238,0.4601997852217357,1.0,1.0,1.0
1637961042.0,2.5,0.874308,330.0,1792.0,742.95296,19932.426,19929.078,20061.61,20094.054,20150.08,20162.868,20174.004,20178.292,20187.989,0.784727863525589,-0.6733351743766833,0.7393373674765272,0.9003187712960522,0.4352310995918912,0.0,0.0,0.0
1637961058.0,2.9608304175987374,0.802273078414681,326.10777864012084,2117.4768293684892,821.0548607414659,20250.12569747972,23401.53823445327,21815.16962923474,25512.987600648892,24286.537193067747,23586.934906436923,23552.29179222827,21502.995743395764,27364.070506837284,0.7851340373679935,-0.6724744606922437,0.7401203278634333,0.9121201159836294,0.4099230342613238,1.0,1.0,1.0
1637961074.0,2.5,0.912204,340.0,1792.0,760.05376,24203.471,24212.878,24370.112,24429.423,24466.87,24496.077,24515.481,24516.876,24518.759,0.7855402112103981,-0.6716128365641022,0.7409022862444956,0.923210217031952,0.3842953228544633,0.0,0.0,0.0
1637961090.0,2.9609672277965333,0.8205901534132644,337.0216276447293,2108.1038042804526,839.2875281548447,21409.82466625068,24930.611323721685,23120.486932410622,27017.922859043247,25604.63907773146,24978.91388010986,24721.942792176713,22426.922243693218,29052.82640722303,0.7859463850528026,-0.6707503031587387,0.7416832415610185,0.9335804265109956,0.3583679495093657,1.0,1.0,1.0
1637961106.0,2.5,0.794257,350.0,1792.0,780.169216,23645.278,23639.049,23786.389,23827.727,23897.485,23931.719,23942.839,23944.359,23947.719,0.7863525588952072,-0.6698868616762772,0.7424631927264194,0.9432226578885332,0.3321611320514349,0.0,0.0,0.0
1637961122.0,2.96172369799405,0.8331469888562708,346.6285814889231,2117.933027195538,852.7545089886517,22411.875126042123,26290.559361764157,24386.071197743524,28461.336094800066,27079.5814619281,26185.188408892413,25926.5833943022,23357.16119988707,30599.27631118494,0.7867587327376117,-0.6690225132424981,0.7432421387237752,0.952129392764,0.3056953048950154,1.0,1.0,1.0
1637961138.0,2.5,0.890086,360.0,1792.0,798.478336,28237.127,28234.061,28376.692,28403.15,28471.221,28531.337,28536.229,28538.952,28541.321,0.7871649065800163,-0.6681572590708433,0.7440200784595387,0.9602936856365436,0.2789911061782852,0.0,0.0,0.0
1637961154.0,2.966436145944558,0.8338112153172655,351.30504694217404,2142.573710348098,863.4519397651895,23029.882335413382,27177.664704992705,25513.976987398906,29226.3287530023,27962.683099032598,27224.095987802903,26355.33097719981,23599.816315671218,31419.711477916593,0.7875710804224207,-0.6672911002894568,0.744797010919409,0.9677091705083216,0.2520693581419529,1.0,1.0,2.0
1637961170.0,2.9624553476870688,0.8304530880607947,349.41971712788614,2142.9455162299305,870.2333648360985,23158.297282281485,27425.726193234346,25640.738591782392,29143.26910799894,28183.102633561837,26814.731567035335,26314.15828687852,24008.19213603242,31339.53788129327,0.7879772542648253,-0.666424038114322,0.7455729350126656,0.9743700647600896,0.2249510544527831,1.0,2.0,1.0
1637961186.0,2.5,1.061493,370.0,1792.0,816.594944,28623.771,28612.571,28791.292,28807.76,28871.609,28891.955,28902.038,28913.648,28934.127,0.7883834281072299,-0.6655560736868011,0.7463478497179511,0.9802711746489112,0.1976573402442812,0.0,0.0,0.0
1637961202.0,2.969021051895333,0.8370609646664995,355.7488622690706,2150.8855147470895,873.0176471403647,23449.569271284967,27898.63293283966,26265.526851490424,30014.882300353842,28728.84491322449,27937.607460745043,26934.956935456008,23972.61419061224,32149.205827804202,0.7887896019496344,-0.6646872081928302,0.7471217539764327,0.9854078984700844,0.1702094992436438,1.0,1.0,4.0
1637961218.0,2.968425738726361,0.824793192275006,350.2129342008425,2165.790415799951,876.7706188332743,23379.463166385824,27875.319397144005,26316.52578916304,29540.714615415054,28664.846874395764,27402.29428308121,26465.578603750306,23958.592498518563,31626.91076338617,0.789195775792039,-0.6638174428087271,0.7478946467403562,0.9897762309321188,0.1426289335366743,1.0,2.0,3.0
1637961234.0,2.967439990605651,0.8248263005051415,346.31037537914904,2156.6724597508965,880.9825966118855,23562.879656766338,27714.09279297899,26247.70848143581,29434.31291305015,28473.432060106257,27089.587173800763,26505.299510177963,23984.761533619225,31536.269827689954,0.7896019496344435,-0.6629467787229227,0.74866652695369,0.9933727655951394,0.1149371505383015,1.0,3.0,2.0
1637961250.0,2.9621629081232332,0.8311392602777705,345.9243145239043,2133.396679937392,884.0562795400556,23719.551989199557,27771.173944933704,26034.194444592198,29560.952228601025,28442.25124315342,26745.978654667066,26732.740285712054,24392.774996341388,31737.384747722346,0.7900081234768481,-0.6620752170814864,0.7494373936003611,0.9961946981094908,0.087155742544829,1.0,4.0,1.0
1637961266.0,2.5,0.938066,390.0,1792.0,857.41568,32857.098,32856.081,32986.395,33040.785,33102.643,33129.294,33140.946,33145.164,33149.47,0.7904142973192526,-0.661202759107987,0.750207245598165,0.9982398278953944,0.0593063740534963,0.0,0.0,0.0
1637961282.0,2.964970797644161,0.8381873080776829,355.9669555780104,2136.458005772157,877.825186572739,23825.160126171144,28107.968260012123,26395.563146612345,30262.451523569172,28672.20945872429,28030.511078209027,27084.458469690224,24044.45329594124,32476.275786634433,0.7908204711616572,-0.6603294059399604,0.7509760819433459,0.9995065603585374,0.0314107593070501,1.0,1.0,2.0
1637961298.0,2.9609652626012544,0.8347134323631002,353.79724991957914,2139.1578581229446,880.6933458255827,23793.441471085396,28241.299662636076,26335.933011241665,30078.064106466365,28868.44436436808,27442.669714470903,26966.69303046869,24540.874589610365,32308.68187870822,0.7912266450040617,-0.6594551588034906,0.7517439015565494,0.999993907656236,0.0034906518605752,1.0,2.0,1.0
1637961314.0,2.5,1.134152,400.0,1792.0,881.246208,34989.301,34975.032,35209.333,35255.123,35311.915,35348.38,35353.415,35356.111,35372.202,0.7916328188464663,-0.6585800188384465,0.7525107034366696,0.9997014897859722,-0.0244321779566993,0.0,0.0,0.0
1637961330.0,2.9649957062740087,0.8431684258968912,359.9392835423822,2136.566110891333,880.5257631714004,24062.5268456385,28533.160398403146,26734.361748496747,30647.874882373864,29039.742043400838,28417.572537689033,27241.23502679756,24251.87486091598,32938.976288403755,0.7920389926888708,-0.6577039872624589,0.7532764865167791,0.9986295347517828,-0.0523359562962003,1.0,1.0,2.0
1637961346.0,2.9602682990455365,0.8376172635111467,356.37106910644025,2141.6034917718407,882.8914313261564,23965.06439384126,28554.55505361838,26534.529630248675,30381.360018956817,29165.309508003047,27667.490103182026,27103.820956073643,24725.85289931143,32667.649526075846,0.7924451665312754,-0.6568270652615809,0.7540412497601567,0.9967788784693188,-0.0801989241663941,1.0,2.0,1.0
1637961362.0,2.5,1.04417,410.0,1792.0,901.726208,37944.209,37939.978,38113.841,38128.833,38197.9,38221.022,38227.477,38229.317,38231.764,0.7928513403736799,-0.6559492539901194,0.7548049921600982,0.9941509639629894,-0.1079993557918699,0.0,0.0,0.0
1637961378.0,2.965023514227833,0.8431811288398781,361.05785565768025,2136.7421627572758,881.6331486652648,24115.481189882837,28687.460312053485,26847.350625090476,30774.441253995483,29161.244490024757,28543.890347973254,27250.514304226912,24277.823384359384,33099.73736720153,0.7932575142160845,-0.6550705546804169,0.7555677126444003,0.9907478404890822,-0.1357155723055396,1.0,1.0,2.0
1637961394.0,2.959485007898102,0.836920521308029,356.70811399453294,2145.292783525952,883.4449207220586,23974.93948200741,28627.750860390675,26576.79358828697,30433.69667002827,29241.392434323257,27686.314302836137,27064.963439896717,24767.763741315335,32774.36260428129,0.7936636880584891,-0.6541909684781473,0.7563294102186056,0.9865721615874724,-0.163325962359394,1.0,2.0,1.0
1637961410.0,2.5,0.945197,420.0,1792.0,925.212672,41679.183,41708.883,41848.537,41863.245,41932.248,41948.281,41955.925,41957.322,41961.899,0.7940698619008936,-0.6533104966181449,0.7570900838133815,0.9816271834661618,-0.1908089952813813,0.0,0.0,0.0
1637961426.0,2.966023137684717,0.8370912052546549,359.712755787774,2138.893996919328,879.855357635871,23849.089693066962,28557.565158813595,26774.14482405899,30569.397105197935,29007.82472045011,28461.591442459146,27012.63232865918,24082.68295598142,32848.410942583636,0.7944760357432982,-0.6524291402483945,0.7578497324369395,0.9759167619055028,-0.2181432415452696,1.0,1.0,3.0
1637961442.0,2.9661096855898057,0.8246854542548225,352.070463638289,2154.401032896897,880.8857373054383,23577.975595773478,28162.482693788923,26541.095073215685,29903.087692575216,28769.50747125945,27606.7424294035,26621.609449335483,24070.093350830386,32067.009892200535,0.7948822095857027,-0.6515469006062155,0.7586083550228236,0.9694453499108194,-0.2453073858168336,1.0,2.0,2.0
1637961458.0,2.9595726838076564,0.8249993781033378,347.6908407317703,2146.528098701222,882.3530969333406,23555.14907758076,27931.384453850747,26087.000299904867,29672.302991115204,28637.726124120392,26926.188167066313,26558.643897204744,24430.330733114446,32053.430976424424,0.7952883834281073,-0.6506637788418977,0.7593659505819194,0.9622179934787992,-0.2722802472189886,1.0,3.0,1.0
1637961474.0,2.5,1.103071,430.0,1792.0,948.862976,43370.422,43365.083,43561.899,43598.87,43679.681,43725.446,43735.49,43753.165,43757.676,0.7956945572705117,-0.6497797761952391,0.7601225180506529,0.9542403286647688,-0.2990407917822483,0.0,0.0,0.0
1637961490.0,2.9624483813782434,0.8191797712489136,350.29084184372726,2141.7111797445195,874.0012346676351,23165.220437206997,27648.930912634016,25932.724745172523,29335.433089762984,27895.20800919869,27535.71327499811,25984.63431111043,23481.690203005375,31817.037889461026,0.7961007311129163,-0.6488948938299001,0.7608780564331467,0.9455185756798036,-0.3255681542234065,1.0,1.0,2.0
1637961506.0,2.957143662786432,0.8010568427222491,340.510907876965,2164.384680236452,867.4576339777827,22477.779052660262,26969.405822967794,25226.706734611915,28315.679431456007,27566.950380500566,26166.111568663997,25346.17394345835,23626.467255461055,30908.925901519047,0.7965069049553208,-0.6480091329660167,0.7616325646876132,0.9360595359020654,-0.3518416479708023,1.0,2.0,1.0
1637961522.0,2.5,1.323544,440.0,1792.0,971.309056,45491.809,45498.362,45670.351,45707.291,45768.502,45799.495,45816.838,45819.621,45828.675,0.7969130787977254,-0.6471224947695311,0.7623860418208469,0.9258705848909268,-0.3778407866201489,0.0,0.0,0.0
1637961538.0,2.9602876579815414,0.7820731476111007,334.7267832973291,2170.6756023853404,860.3022731192159,21791.318155849618,26267.81114451556,24585.004490293726,27136.627358696533,26078.646911024487,26026.28925277923,24171.253413916464,22381.04343068821,29795.645641335912,0.7973192526401299,-0.6462349804851778,0.7631384867750557,0.9149596680235574,-0.4035452959584855,1.0,1.0,3.0
1637961554.0,2.9599418386907845,0.7595861656804318,322.8981668695228,2193.0986705820487,853.4877606951709,21063.469837012948,25472.009657008817,23996.821602099917,25950.78408248966,25512.6383381677,24687.50783885907,23515.38154932847,22115.660748252063,28516.288227461817,0.7977254264825345,-0.6453465912701237,0.7638898985691799,0.9033352929410128,-0.4289351332394852,1.0,2.0,2.0
1637961570.0,2.9539795001052416,0.7408938798733257,310.4343682454951,2202.6584008158043,842.3728288484456,20291.588873269277,24526.586604699536,22870.126601700777,24719.217326017846,24647.201085673187,23227.9462731253,22524.57558426638,21788.552764811942,27643.295791628865,0.7981316003249391,-0.6444573283493076,0.7646402761670829,0.8910065241574202,-0.453990499800285,1.0,3.0,1.0
1637961586.0,2.5,1.137627,450.0,1792.0,997.064704,47647.428,47646.892,47826.036,47853.848,47966.019,47997.273,48017.472,48020.254,48027.219,0.7985377741673436,-0.6435671929489382,0.765389618534132,0.8779829754988994,-0.4786918578105325,0.0,0.0,0.0
1637961602.0,2.957478838738184,0.7039908351165898,298.95111092360594,2228.878641268455,832.6068474653266,19153.59920865003,23498.180593026405,21748.36556752082,22891.542888973276,22528.55307823021,22999.270638787653,20766.788905581114,19887.544066522507,25639.188841565527,0.7989439480097482,-0.6426761862407491,0.7661379246839606,0.8642748019028038,-0.5030199467176916,1.0,1.0,3.0
1637961618.0,2.95871370840751,0.6872772459753741,290.7783180368042,2251.398679981681,831.8762179168272,18674.62448278404,23150.436466066625,21525.655709825976,22233.061967198722,22336.98106013947,22124.56890648495,20586.993769801913,19960.833221822406,24692.519820919264,0.7993501218521527,-0.6417843094421609,0.7668851935940925,0.8498926930475317,-0.5269557953988305,1.0,2.0,2.0
1637961634.0,2.9577417166537527,0.6774151585857016,284.4561877278999,2251.131369297414,834.7871665074803,18445.1768030847,22979.284150867148,21339.231229341924,21913.461232013135,22070.837500305708,21650.23808587822,20497.092176061073,19978.691259279083,24283.614527369726,0.7997562956945573,-0.6408915637606458,0.7676314242528337,0.8348478631895248,-0.5504807401970432,1.0,3.0,1.0
