time,c,cpu_limit,cpu_usage,lat100_ms,lat50_ms,lat66_ms,lat75_ms,lat80_ms,lat90_ms,lat95_ms,lat98_ms,lat99_ms,n,ram_limit_mb,ram_usage_mb,t_norm,sin_day,cos_day,is_gap,time_since_last_obs,time_to_next_obs
1647575150,31.0,0.9,0.258153,13214.0,9328.0,9875.0,10203.0,10393.0,11001.0,11600.0,12250.0,12615.0,500.0,512.0,39.071743,0.0,0.8334842217000437,0.552543258195295,0.0,0.0,0.0
1647575478,10.999998,0.8,0.79988015,9103.0,6827.0,7078.0,7203.0,7294.0,7695.0,8119.0,8491.0,8587.0,600.0,128.0,32.99328,0.0010158667232413581,0.846425596706649,0.5325070039349653,0.0,0.0,0.0
1647575491,10.999998,0.8,0.7999699,9212.0,6884.0,7085.0,7203.0,7291.0,7501.0,7804.9995,8315.0,8511.0,600.0,640.0,34.091007,0.001056129733613729,0.8469286434102706,0.5317065666053398,0.0,0.0,0.0
1647575493,11.0,0.8,0.80008304,8793.0,6791.0,6921.0,7103.0,7199.9995,7405.0,7678.0005,7977.0005,8200.0,600.0,1024.0,33.3824,0.0010623240429017862,0.8470059680373869,0.5315833802039424,0.0,0.0,0.0
1647575500,11.0,0.8,0.7999878,8104.0,6795.0,6923.0,7021.0005,7104.0,7380.0,7511.0005,7688.9995,7909.0005,600.0,895.99994,33.304577,0.0010840041254099857,0.8472764631208279,0.531152139260928,0.0,0.0,0.0
1647575504,10.999998,0.8,0.7999821,8011.9995,6811.0,6999.0,7108.999,7199.0,7405.9995,7603.0,7786.0,7902.9995,600.0,768.0,33.394688,0.0010963927439861,0.8474309331664164,0.5309056540598307,0.0,0.0,0.0
1647575528,10.999996,0.8,0.799943,8327.0,6801.0,6928.0,7093.0,7183.0005,7396.0,7578.0,7727.0,7893.001,600.0,384.0,32.80896,0.0011707244554427848,0.848356247153269,0.5294258001986885,0.0,0.0,0.0
1647575529,10.999998,0.8,0.7999331,8204.0,6887.0,7020.0,7190.0,7281.0005,7502.0,7693.0,7898.0,8085.0005,600.0,512.0,33.046528,0.0011738216100868133,0.8483947458406307,0.5293641045915484,0.0,0.0,0.0
1647575532,11.0,0.8,0.79987204,8006.0005,6788.0,6997.0,7100.0005,7188.0,7414.0,7621.0,7810.0,7970.999,600.0,256.0,34.156544,0.0011831130740188988,0.8485102149815037,0.5291790009741906,0.0,0.0,0.0
1647575868,21.0,0.8,0.799798,15108.0,13312.0,13679.0,13796.0,13911.0,14203.0,14405.0,14592.0,14712.0,600.0,128.00006,34.83648,0.0022237570344124853,0.8611859216380057,0.5082900828980423,0.0,0.0,0.0
1647575887,21.0,0.8,0.799814,15291.0,13492.0,13788.0,13912.0,14099.0,14394.0,14599.0,14926.0,15105.0,600.0,640.0,34.28352,0.002282602972649027,0.8618874134098069,0.5070996811335544,0.0,0.0,0.0
1647575892,21.0,0.8,0.8000289,15387.0,13403.0,13688.0,13886.0,13978.0,14283.0,14492.0,14687.0,14892.0,600.0,896.0,33.87392,0.00229808874586917,0.8620717430769583,0.5067862565108241,0.0,0.0,0.0
1647575895,21.0,0.8,0.7999121,15196.0,13382.0,13694.0,13813.0,13911.0,14180.0,14403.0,14700.0,14815.0,600.0,768.0,33.746944,0.0023073802098012557,0.8621822861700442,0.5065981695728835,0.0,0.0,0.0
1647575922,21.0,0.8,0.79994106,15895.0,13422.0,13771.0,13972.0,14028.0,14392.001,14620.0,14986.0,15383.0,600.0,384.0,33.296383,0.0023910033851900258,0.8631753267195234,0.5049043031532253,0.0,0.0,0.0
1647575926,21.0,0.79999995,0.799894,15506.0,13401.0,13700.001,13907.0,14081.0,14378.0,14596.0,14911.0,15104.0,600.0,255.99997,33.1776,0.00240339200376614,0.863322160906544,0.5046531942707341,0.0,0.0,0.0
1647575931,21.0,0.8,0.7999941,15994.0,13713.0,14031.0,14208.0,14308.0,14605.0,14881.0,15116.0,15204.0,600.0,512.0,34.349056,0.002418877776986283,0.863505600911143,0.5043392481208316,0.0,0.0,0.0
1647576272,9.782875,0.1,0.9883269,27480.637,2867.7466,20399.62,16418.205,23500.566,10295.206,12440.405,22112.64,29035.223,100.0,536.3101,69.37001,0.003475007510600012,0.8757455411211258,0.48277297688092125,1.0,5.683333333333334,7.233333333333333
1647576294,1.0,0.1,1.5544817,30208.61,889.6279,24342.355,12297.077,21238.559,4134.023,1159.6924,27144.482,22007.129,100.0,485.99875,49.75541,0.0035431449127686396,0.8765168013138988,0.4813712673336988,1.0,6.05,6.866666666666666
1647576296,1.0,0.33501762,1.0531435,21998.783,101.13,19396.852,19237.934,28425.885,7303.962,175.0,19434.057,22120.041,100.0,274.66003,39.96306,0.0035493392220566967,0.8765868046555682,0.4812437780415875,1.0,6.083333333333333,6.833333333333333
1647576301,1.0,0.9940304,1.3007257,29523.89,1312.9092,17822.832,19977.938,15410.984,3445.669,4695.459,21218.898,25037.426,100.0,359.28766,65.78214,0.003564824995276839,0.8767617318795383,0.48092501027872575,1.0,6.166666666666667,6.75
1647576332,1.0,0.6645382,0.87289643,35500.848,1318.7622,14790.529,23335.121,19186.5,9068.461,5332.384,24247.602,22346.283,100.0,464.4494,52.15638,0.003660836789241724,0.8778436924672036,0.4789472325794833,1.0,6.683333333333334,6.233333333333333
1647576333,1.0,0.1,1.3878479,34569.008,101.13,26298.938,19554.203,17574.818,7593.882,1994.8994,29386.33,31081.1,100.0,125.88214,46.23315,0.003663933943885752,0.8778785201715686,0.47888339271828656,1.0,6.7,6.216666666666667
1647576347,1.0,0.80642825,1.3924536,23567.13,101.13,15756.621,18798.762,27478.674,8642.755,175.0,23154.744,15629.213,112.31149,497.63364,58.96621,0.0037072941089021515,0.8783656204698506,0.4779893688949729,1.0,6.933333333333334,5.983333333333333
1647576689,1.0,0.2412827,1.9239987,20570.934,4632.201,11463.822,5872.56,26105.309,165.0,175.0,54155.61,14991.411,834.08484,779.5697,44.36271,0.004766520997159909,0.8899807921543416,0.45599801490393643,1.0,12.633333333333333,0.2833333333333333
1647576706,41.0,0.8,0.79992497,31274.998,27516.998,28120.0,28585.998,28807.002,29371.002,29894.002,30289.002,30504.0,600.0,1024.0,34.95936,0.004819172626108394,0.8905438507926354,0.45489740581302973,0.0,0.0,0.0
1647576711,41.0,0.8,0.79998994,31583.002,27301.996,27807.002,28205.0,28511.002,29180.996,29597.0,30096.0,30497.998,600.0,768.0,35.71712,0.004834658399328537,0.8907091972828913,0.4545735648667523,0.0,0.0,0.0
1647576715,41.0,0.8,0.7998551,31569.002,28119.002,28605.996,29021.0,29285.002,29710.996,30210.0,30605.002,30874.0,600.0,896.0,35.196926,0.004847047017904651,0.8908413896869152,0.4543144488354798,0.0,0.0,0.0
1647576716,41.0,0.8,0.79995596,31512.0,28074.0,28595.0,28904.0,29100.998,29513.002,29813.002,30404.0,30613.002,600.0,640.0,35.74989,0.004850144172548679,0.8908744260103283,0.45424966382020365,0.0,0.0,0.0
1647576749,41.0,0.8,0.7999011,31112.002,27712.998,28403.0,28796.002,28992.002,29507.998,30009.002,30581.002,30817.0,600.0,255.99997,35.4304,0.0049523502758016215,0.8919619805508965,0.45211041267783497,0.0,0.0,0.0
1647576753,41.0,0.8,0.79995,31684.0,28195.0,28795.002,29098.0,29300.0,29713.002,30396.002,30698.004,31096.998,600.0,384.0,34.97165,0.004964738894377735,0.8920934563999999,0.4518509323308977,0.0,0.0,0.0
1647576772,41.0,0.8,0.79999506,31809.0,28492.0,28909.994,29285.004,29469.998,30061.0,30507.004,30994.0,31087.0,600.0,512.0,35.59424,0.005023584832614277,0.8927169356469163,0.450617878927567,0.0,0.0,0.0
1647577109,51.0,0.8,0.8000419,39295.0,34989.0,35599.0,36002.0,36220.0,37002.996,37596.0,38003.0,38607.996,600.0,128.0,35.770367,0.006067325947651892,0.9034911983595281,0.4286066430736509,0.0,0.0,0.0
1647577129,51.0,0.8,0.79994893,38174.0,34597.008,35297.0,35812.0,36084.004,36511.996,36990.0,37695.0,37909.0,600.0,768.0,36.85581,0.0061292690405324625,0.9041136256109671,0.42729211551887075,0.0,0.0,0.0
1647577134,51.0,0.8,0.79981196,39711.008,35601.004,36175.0,36507.0,36713.0,37477.004,38089.0,38510.0,38783.0,600.0,1024.0,35.024895,0.006144754813752606,0.9042689336375934,0.42696334228822225,0.0,0.0,0.0
1647577139,51.0,0.8,0.800091,39893.004,35193.992,35902.0,36220.008,36594.0,37286.008,37711.0,38300.0,38910.0,600.0,896.0,35.38125,0.006160240586972748,0.9044241221086355,0.4266345126077167,0.0,0.0,0.0
1647577144,51.0,0.8,0.8001139,40220.008,35496.0,36108.004,36512.0,36789.004,37484.0,37892.0,38617.0,38910.0,600.0,640.0,35.946495,0.006175726360192891,0.9045791910035754,0.4263056265208296,0.0,0.0,0.0
1647577168,51.0,0.8,0.7999121,39305.004,34908.0,35587.004,35980.004,36162.004,36877.0,37206.0,37982.0,38299.004,600.0,255.99997,36.069378,0.006250058071649575,0.9053218565535381,0.42472618949913465,0.0,0.0,0.0
1647577188,51.0,0.8,0.800002,41776.0,35886.0,36574.0,37007.0,37272.0,38119.0,38689.0,39698.992,40399.0,600.0,384.0,35.40173,0.006312001164530146,0.9059386379797358,0.4234090034652324,0.0,0.0,0.0
1647577211,51.0,0.8,0.79999506,42703.004,36075.0,36780.0,37267.0,37484.0,38383.0,40194.0,41524.0,42188.0,600.0,512.0,36.139008,0.0063832357213428025,0.9066455673637976,0.42189313241575455,0.0,0.0,0.0
1647577238,1.0,0.8,0.799953,308.99805,169.0,190.99902,201.99902,209.0,233.0,257.99902,284.99902,295.0,700.0,128.0,35.770367,0.0064668588967315725,0.9074722043586779,0.42011212588593755,0.0,0.0,0.0
1647577261,15.711934,0.8657923,1.2541192,33985.062,3734.5308,23259.422,25448.826,10335.152,21458.848,20618.113,12103.079,25888.818,100.0,90.75168,53.164967,0.006538093453544229,0.9081736172189715,0.41859369439518435,1.0,0.38333333333333336,7.65
1647577267,1.0,0.96954167,0.7507602,33024.0,101.13,21656.547,26112.383,16875.67,29150.186,8844.782,9371.725,23774.945,100.0,65.0,51.05583,0.0065566763814084005,0.9083561767163394,0.4181973890655875,1.0,0.48333333333333334,7.55
1647577272,9.719187,0.85569304,1.086075,33252.742,101.13,24881.748,25390.84,13046.95,20718.414,23992.73,19321.232,31978.682,123.99216,65.0,59.02701,0.006572162154628543,0.9085081775267217,0.41786707380107685,1.0,0.5666666666666667,7.466666666666667
1647577277,1.0,0.7004992,1.0141697,40803.68,208.60938,26252.605,23958.129,16559.018,29291.791,19494.256,13499.316,31309.36,100.0,65.0,54.637802,0.006587647927848685,0.9086600582210391,0.41753670328934883,1.0,0.65,7.383333333333334
1647577300,1.0,0.54203427,1.2491673,34267.62,3358.788,22235.445,27220.994,13297.985,23810.746,7653.543,16588.059,27778.873,100.0,65.0,60.437065,0.006658882484661342,0.9093571617513851,0.4160162885891191,1.0,1.0333333333333334,7.0
1647577313,4.1434,0.4722417,1.3244257,25946.527,101.13,20221.277,21612.762,10432.509,31164.832,1520.418,15666.536,21126.32,100.0,151.5369,54.862835,0.006699145495033713,0.9097500515782648,0.4151564086622589,1.0,1.25,6.783333333333333
1647577331,19.031237,0.51534647,0.80848193,30135.2,1399.1987,24858.168,20263.32,14892.258,21554.969,8570.081,15549.73,16382.13,100.0,65.0,53.26759,0.006754894278626226,0.9102927104752561,0.41396519328998127,1.0,1.55,6.483333333333333
1647577701,1.0,0.108578146,1.2958974,24050.773,5894.3193,11497.569,5298.64,22008.918,3882.25,175.0,37619.902,18538.062,528.1372,476.16843,42.58076,0.007900841496916782,0.9211004899672032,0.38932491235750405,1.0,7.716666666666667,0.31666666666666665
1647577720,10.999998,0.8,0.800004,8508.0,7070.0,7214.0,7378.0,7417.0,7673.0,7814.0,8000.9995,8104.0,700.0,768.0,34.23027,0.007959687435153325,0.9216375481630238,0.38805183908345287,0.0,0.0,0.0
1647577729,10.999998,0.8,0.8000771,8579.0,7102.0,7306.0,7423.9995,7504.0,7721.999,7876.0,8084.9995,8189.001,700.0,1024.0,34.369537,0.00798756182694958,0.9218913300795337,0.3874485456472745,0.0,0.0,0.0
1647577732,10.999998,0.8,0.8000058,8214.001,7088.0,7209.0005,7315.0,7407.9995,7603.0,7797.0,7974.9995,8098.0005,700.0,896.0,34.19341,0.007996853290881668,0.9219758362995211,0.38724741094008464,0.0,0.0,0.0
1647577737,10.999998,0.8,0.7999749,8100.0005,7089.0,7232.9995,7389.0,7419.0,7607.0005,7708.0,7891.0005,7983.0,700.0,640.0,33.55853,0.00801233906410181,0.9221165824801885,0.3869121454736952,0.0,0.0,0.0
1647577759,10.999998,0.8,0.80009806,8296.0,7009.0,7228.001,7381.0,7407.0,7673.0,7815.999,8005.0,8107.999,700.0,255.99997,33.9968,0.008080476466270437,0.9227344170715781,0.38543637030199285,0.0,0.0,0.0
1647577775,10.999998,0.8,0.800035,8282.0,7102.0,7296.0,7399.0,7487.0,7612.0,7792.0,7915.0,8104.0,700.0,384.0,35.05357,0.008130030940574894,0.9231822679273065,0.3843624593851418,0.0,0.0,0.0
1647577792,10.999998,0.8,0.7999971,8589.0,7085.0,7282.0,7401.0,7494.0,7696.0,7804.999,7990.0,8085.9995,700.0,512.0,34.76685,0.008182682569523378,0.9236567399777081,0.3832208588969974,0.0,0.0,0.0
1647578160,21.0,0.8,0.800025,16089.0,13407.0,13780.001,13922.0,14111.0,14475.0,14806.0,15085.0,15286.0,700.0,128.0,33.992702,0.009322435478525879,0.9335804264972017,0.3583679495453004,0.0,0.0,0.0
1647578180,21.0,0.8,0.8000951,16283.0,13409.0,13795.0,13982.0,14096.0,14488.001,14800.0,15383.0,15693.0,700.0,768.0,34.18112,0.009384378571406449,0.9341006639206086,0.35700973328899344,0.0,0.0,0.0
1647578188,21.0,0.8,0.7999772,15702.0,13404.999,13708.0,13910.0,14028.0,14386.0,14707.001,15025.0,15194.0,700.0,896.0,34.676735,0.009409155808558677,0.9343082056728519,0.3564662351645327,0.0,0.0,0.0
1647578190,21.0,0.8,0.800061,15891.999,13492.0,13806.0,14011.0,14185.999,14522.0,14815.0,15252.0,15415.0,700.0,1024.0,33.96403,0.009415350117846734,0.9343600417027955,0.35633034177452566,0.0,0.0,0.0
1647578197,21.0,0.8,0.79995596,16107.0,13406.0,13787.0,14001.0,14119.0,14518.0,14897.0,15273.0,15431.0,700.0,640.0,34.51699,0.009437030200354933,0.9345413121475611,0.3558546555681333,0.0,0.0,0.0
1647578215,21.0,0.8,0.80009806,15588.0,13381.001,13678.0,13898.0,14011.0,14408.0,14793.0,15089.0,15312.0,700.0,255.99997,34.209793,0.009492778983947448,0.9350063240138689,0.3546310393268927,0.0,0.0,0.0
1647578238,21.0,0.8,0.80009806,16018.0,13613.0,13915.0,14112.0,14277.0,14589.0,14897.999,15293.0,15406.0,700.0,384.0,33.50528,0.009564013540760103,0.9355981742734768,0.3530666456862455,0.0,0.0,0.0
1647578254,21.0,0.8,0.80006707,16173.0,13517.0,13882.0,14088.0,14208.0,14596.0,14977.0,15195.0,15313.0,700.0,512.0,33.90259,0.00961356801506456,0.9360083525450386,0.35197778902357285,0.0,0.0,0.0
1647578625,31.0,0.8,0.7999772,23603.0,20170.0,20591.0,20887.0,21099.0,21588.0,22114.0,22510.0,22910.0,700.0,128.0,34.87744,0.010762612387999144,0.9451628733632678,0.32659936132162215,0.0,0.0,0.0
1647578645,13.156593,0.9198958,1.419216,34971.21,1865.1318,26248.324,25075.145,7416.953,26205.197,20924.693,6413.926,22538.785,100.0,65.0,50.17946,0.010824555480879716,0.9456368930136194,0.3252243326867603,1.0,0.3333333333333333,7.966666666666667
1647578654,1.0,0.6740513,1.3524019,44883.863,101.13,24350.863,29378.23,9458.801,25628.516,16054.264,8290.372,26753.795,100.0,65.0,55.291283,0.010852429872675973,0.9458495492860077,0.3246053451738836,1.0,0.48333333333333334,7.816666666666666
1647578656,1.0,0.80151623,1.1446341,36558.195,101.13,30275.855,26776.494,10808.692,27277.172,3929.2944,13138.488,19217.545,100.0,65.0,49.156166,0.01085862418196403,0.9458967512152869,0.3244677735004905,1.0,0.5166666666666667,7.783333333333333
1647578665,1.0,0.75711286,1.688319,31450.52,101.13,21834.04,24696.68,6476.0283,23096.186,11320.501,9000.529,29691.203,100.0,65.0,54.288536,0.010886498573760287,0.9461089122652236,0.3238486160728734,1.0,0.6666666666666666,7.633333333333334
1647578683,14.347733,1.2483972,1.1736848,36766.023,5236.8223,28439.352,34441.633,11441.864,28054.783,18618.113,13276.926,25528.084,100.0,70.37042,36.973064,0.0109422473573528,0.9465320184253835,0.3226098853035496,1.0,0.9666666666666667,7.333333333333333
1647578706,14.123783,1.2266524,1.0125353,27139.309,101.13,25255.168,24183.398,16535.793,24776.078,7177.5103,12946.379,27208.283,100.0,65.0,47.91217,0.011013481914165455,0.947070293774975,0.3210262585038529,1.0,1.35,6.95
1647578724,1.0,0.8102629,0.65256375,23313.79,101.13,20956.502,26126.895,19061.178,32198.39,1624.0762,6620.41,19852.754,100.0,179.43127,50.68579,0.01106923069775797,0.9474897046551207,0.3197862717074516,1.0,1.65,6.65
1647579099,1.0,0.695919,1.7125237,25677.475,4884.45,17826.75,13173.561,17086.086,1443.332,175.0,32519.8,17665.441,766.75464,356.24152,35.253483,0.01223066368926867,0.9558571416992454,0.2938317965478696,1.0,7.9,0.4
1647579123,41.0,0.8,0.80008996,31508.0,27406.0,28011.002,28399.0,28688.002,29188.998,29703.996,30291.002,30686.002,700.0,768.0,35.92192,0.012304995400725353,0.9563685188152519,0.29216306443341056,0.0,0.0,0.0
1647579132,41.0,0.8,0.7999772,31209.0,27214.002,27927.0,28316.002,28612.0,29224.004,29760.002,30419.998,30813.998,700.0,1024.0,34.504704,0.01233286979252161,0.9565595342411698,0.2915370601695714,0.0,0.0,0.0
1647579145,41.0,0.8,0.80011296,32403.996,27512.0,28179.0,28505.002,28770.002,29324.0,30004.0,30600.998,31093.994,700.0,640.0,35.659775,0.01237313280289398,0.9568347219876236,0.2906326113822516,0.0,0.0,0.0
1647579162,41.0,0.8,0.80001223,31501.0,27400.996,28004.002,28411.004,28611.004,29324.998,29897.998,30505.0,30902.998,700.0,255.99997,35.71712,0.012425784431842467,0.9571932924935185,0.28944947884806693,0.0,0.0,0.0
1647579188,41.0,0.8,0.800074,31896.998,27609.0,28183.0,28503.996,28700.004,29257.996,29797.002,30507.002,31116.996,700.0,384.0,34.840576,0.012506310452587209,0.9577388645361036,0.28763912695788646,0.0,0.0,0.0
1647579206,41.0,0.8,0.80005205,31815.002,27695.0,28217.0,28626.002,28889.002,29443.0,29918.998,30592.002,30991.998,700.0,512.0,34.951168,0.012562059236179722,0.958114562635582,0.28638520364297343,0.0,0.0,0.0
1647579585,51.0,0.8,0.8000891,39419.0,34609.0,35330.004,35715.008,36020.0,36915.0,37514.0,38225.0,38512.0,700.0,128.0,36.64691,0.013735880846266535,0.9656429238803546,0.25987255253258246,0.0,0.0,0.0
1647579608,51.0,0.8,0.80008996,39290.996,34586.992,35304.0,35900.004,36292.0,36919.0,37475.0,37989.0,38115.0,700.0,768.0,36.2496,0.013807115403079192,0.966076237631913,0.2582570484671572,0.0,0.0,0.0
1647579615,51.0,0.8,0.800063,39499.992,34598.0,35397.0,35911.996,36287.0,37023.0,37683.0,38295.0,38584.0,700.0,896.0,36.29875,0.013828795485587391,0.9662075793313611,0.25776522970065496,0.0,0.0,0.0
1647579621,51.0,0.8,0.80006003,40095.0,34903.0,35707.0,36199.004,36526.0,37592.0,38393.0,38903.0,39215.0,700.0,1024.0,35.885056,0.013847378413451562,0.966319958650536,0.25734361758867536,0.0,0.0,0.0
1647579637,51.0,0.8,0.80011296,42084.996,35074.004,35811.0,36206.0,36523.004,37293.004,38099.992,38997.996,39398.004,700.0,640.0,36.786175,0.013896932887756019,0.9666187373501227,0.25621907931232285,0.0,0.0,0.0
1647579654,51.0,0.8,0.80001223,39999.0,35203.996,36007.996,36416.008,36784.004,37504.004,37995.0,38803.0,39280.008,700.0,255.99997,37.26131,0.013949584516704503,0.9669347558045656,0.2550238773471323,0.0,0.0,0.0
1647579685,51.0,0.8,0.8001001,40489.0,35098.0,35890.0,36307.008,36602.0,37504.004,38097.0,38799.0,39807.0,700.0,384.0,35.65568,0.014045596310669388,0.9675072198697975,0.25284338927449806,0.0,0.0,0.0
1647579717,51.0,0.8,0.80005705,49286.008,35590.996,36584.004,37152.0,37531.004,38712.008,43194.0,45112.0,45609.0,700.0,512.0,35.89325,0.0141447052592783,0.9680929928951864,0.25059121514378874,0.0,0.0,0.0
1647579728,1.0,0.8,0.7999121,313.00293,162.0,189.00195,201.00293,207.0,226.99805,245.00195,266.99805,285.99902,800.0,128.0,35.762177,0.014178773960362615,0.968293141710161,0.24981671624826485,0.0,0.0,0.0
1647579759,1.0,0.8,0.79998314,327.00195,175.00195,198.00098,207.00098,215.0,237.0,255.0,280.0,296.99902,800.0,768.0,35.483646,0.0142747857543275,0.9688538633948393,0.2476331790873231,0.0,0.0,0.0
1647579760,2.3124866,1.0506439,1.6322548,27685.336,3784.0942,25340.547,26294.645,8606.267,21057.191,24590.672,6963.513,20202.346,100.0,165.78323,48.526226,0.014277882908971529,0.9688718692259007,0.2475627213913862,1.0,0.016666666666666666,8.433333333333334
1647579769,1.0,1.0196398,1.5715556,27316.86,101.13,23851.043,32628.916,7939.41,26425.258,14822.149,3800.207,23333.504,100.0,119.747375,47.88193,0.014305757300767784,0.9690336911196237,0.24692854325710875,1.0,0.16666666666666666,8.283333333333333
1647579785,15.608577,1.155714,1.9239987,27346.715,101.13,26307.48,23480.664,10691.952,25372.941,14912.716,16402.494,24685.605,100.0,267.7345,62.747513,0.014355311775072242,0.9693203494956829,0.2458008544606125,1.0,0.43333333333333335,8.016666666666667
1647579797,1.0,0.7464872,0.6886518,31362.096,101.13,28757.582,23277.855,14059.219,32123.488,7346.5044,11368.449,22445.717,100.0,108.71057,59.237488,0.014392477630800583,0.9695344820893788,0.24495486939369068,1.0,0.6333333333333333,7.816666666666666
1647579830,1.0,0.5738852,1.0887419,41743.617,4646.8184,19557.758,33663.664,10812.104,28211.908,12658.791,21030.32,33169.117,100.0,65.0,58.74243,0.014494683734053526,0.9701195391540989,0.24262745053154788,1.0,1.1833333333333333,7.266666666666667
1647579856,6.7162514,0.70839906,0.8135772,25398.95,1742.3921,22995.496,28383.295,12661.392,25319.752,15721.148,7463.834,21243.748,100.0,122.91333,51.77536,0.014575209754798266,0.9705765582999899,0.24079274174805673,1.0,1.6166666666666667,6.833333333333333
1647580237,1.0,0.551646,1.0204012,19171.873,2629.061,6703.0283,12235.889,22620.041,165.0,175.0,35614.176,10048.734,488.51807,305.36584,48.25016,0.01575522567417314,0.976874849768255,0.21381189838325018,1.0,7.966666666666667,0.48333333333333334
1647580264,1.0,0.6480278,1.3725686,17785.146,7714.8003,20692.518,8281.187,14672.833,165.0,175.0,24876.2,10744.28,798.88635,529.9057,32.507507,0.015838848849561906,0.977292785100112,0.21189339817763642,1.0,8.416666666666666,0.03333333333333333
1647580266,10.999998,0.8,0.79995096,8681.0,6795.0,6989.001,7104.0,7196.0005,7407.0,7617.0,8091.0005,8214.0,800.0,896.0,33.308674,0.015845043158849964,0.9773235934086957,0.2117512544631425,0.0,0.0,0.0
1647580276,10.999998,0.8,0.800105,8704.0,6790.0,6996.9995,7174.0,7295.0,7517.9995,7886.9995,8294.0,8416.0,800.0,1024.0,33.488895,0.01587601470529025,0.9774773248242297,0.21104046876006388,0.0,0.0,0.0
1647580301,10.999998,0.8,0.7999259,8896.0,6900.0,7101.9995,7212.9995,7377.0005,7605.0,7891.0,8202.0,8419.999,800.0,640.0,34.545666,0.015953443571390964,0.9778593915797152,0.2092630170368122,0.0,0.0,0.0
1647580306,10.999998,0.8,0.7999141,8683.0,6812.0,6998.0,7181.0,7213.0,7523.0,7793.0,8104.999,8205.999,800.0,255.99997,34.46784,0.015968929344611107,0.9779354171156673,0.2089074435026328,0.0,0.0,0.0
1647580341,10.999998,0.8,0.80007505,8411.0,6880.0,7078.0,7201.0,7293.0,7511.0,7792.0,8075.001,8214.0,800.0,384.0,33.787903,0.016077329757152103,0.9784639750407657,0.20641765803202003,0.0,0.0,0.0
1647580368,10.999998,0.8,0.799953,8498.999,6898.0,7087.0,7190.0,7275.9995,7500.0005,7704.0,7889.9995,8007.0,800.0,512.0,34.45555,0.016160952932540874,0.978867388761685,0.20449605184179023,0.0,0.0,0.0
1647580752,21.0,0.8,0.80001605,16002.0,13201.0,13588.0,13794.0,13906.0,14316.0,14707.001,15006.0,15296.0,800.0,128.0,33.681408,0.01735026031584783,0.9841956079692419,0.17708474031958338,0.0,0.0,0.0
1647580784,21.0,0.8,0.8000361,15690.0,13277.0,13602.0,13807.0,14007.0,14411.001,14650.0,15009.0,15386.0,800.0,896.0,33.636353,0.017449369264456744,0.9846050375849674,0.1747939357137565,0.0,0.0,0.0
1647580785,21.0,0.8,0.8000511,15502.0,13394.0,13700.0,13903.0,14077.0,14484.0,14789.0,15093.0,15202.0,800.0,768.0,34.091007,0.01745246641910077,0.9846177463551272,0.1747223327527145,0.0,0.0,0.0
1647580795,21.0,0.8,0.799994,16086.0,13280.0,13598.0,13796.0,13917.0,14307.0,14705.0,14998.0,15410.001,800.0,1024.0,33.83296,0.017483437965541058,0.9847445476525166,0.17400625238375905,0.0,0.0,0.0
1647580823,21.0,0.8,0.80008304,16914.0,13391.0,13698.0,13991.999,14101.0,14585.0,15005.0,15602.0,16205.0,800.0,640.0,35.50003,0.017570158295573856,0.9850968205129117,0.1720007389965295,0.0,0.0,0.0
1647580826,21.0,0.8,0.80009806,16391.0,13300.0,13624.999,13901.0,14086.0,14510.0,14981.0,15599.0,15904.0,800.0,255.99997,34.26304,0.01757944975950594,0.9851343218091895,0.17178582011780927,0.0,0.0,0.0
1647580864,21.0,0.8,0.80001605,16821.0,13386.0,13784.999,13986.0,14117.0,14591.001,14985.0,15681.0,16194.0,800.0,384.0,34.31219,0.017697141635979026,0.9856052791343153,0.1690628100516741,0.0,0.0,0.0
1647580891,21.0,0.8,0.800022,17482.0,13401.0,13790.0,13984.0,14097.0,14597.0,15199.0,15909.0,16108.0,800.0,512.0,33.804287,0.017780764811367797,0.9859353330638878,0.16712725395997116,0.0,0.0,0.0
1647581808,41.0,0.8,0.799981,32746.998,27723.998,28295.002,28597.004,28770.002,29213.0,29655.0,29958.0,30344.998,800.0,768.0,36.102142,0.02062085561994196,0.9948807088287882,0.10105629718294655,0.0,0.0,0.0
1647581810,41.0,0.8,0.8000419,31883.002,27871.998,28412.002,28777.998,28995.002,29584.002,29973.0,30430.0,30700.996,800.0,640.0,36.118526,0.020627049929230017,0.9948953963485203,0.10091159658097096,0.0,0.0,0.0
1647581811,10.072758,0.34823626,1.719259,34243.152,2513.495,24789.996,24103.426,1794.5332,30134.957,21849.277,10366.957,30951.682,100.0,206.15851,53.873604,0.020630147083874045,0.994902732216154,0.1008392454792863,1.0,0.016666666666666666,9.5
1647581812,1.0,0.8839598,1.1015832,31917.465,1869.7114,22606.303,29037.545,10220.848,20121.64,27984.547,14780.626,27261.182,100.0,65.0,38.20633,0.020633244238518072,0.9949100628222477,0.10076689384431316,1.0,0.03333333333333333,9.483333333333333
1647581816,1.0,0.8960449,1.0836499,32264.559,101.13,20339.256,27832.426,10630.474,27897.275,18612.271,11848.165,27987.303,100.0,65.0,46.642353,0.020645632857094188,0.9949393326304478,0.10047748197919361,1.0,0.1,9.416666666666666
1647581818,1.0,1.2158554,0.7829218,22812.145,101.13,21326.025,34578.953,9095.367,19863.582,18173.7,15352.323,27115.121,100.0,65.0,43.187767,0.020651827166382246,0.9949539359643013,0.10033277285685407,1.0,0.13333333333333333,9.383333333333333
1647581822,10.941229,0.61283076,1.4990116,20271.87,1847.8867,30451.965,22163.098,14011.672,21117.91,17126.111,6134.433,9133.975,100.0,65.0,43.677063,0.02066421578495836,0.9949830794899706,0.10004334824792178,1.0,0.2,9.316666666666666
1647582373,28.188704,0.55091083,1.9239987,27363.43,101.13,12631.342,18325.967,28572.361,165.0,175.0,34434.15,19117.78,595.3954,595.4012,51.19825,0.02237074799381808,0.9981920668448325,0.06010488905273265,1.0,9.383333333333333,0.13333333333333333
1647582376,1.0,0.4565298,1.0725192,24707.238,3312.1475,12609.015,16944.86,20216.5,6312.9883,175.0,25529.18,21335.375,249.30423,418.35425,43.430405,0.022380039457750165,0.9982051559421498,0.05988711589739803,1.0,9.433333333333334,0.08333333333333333
1647582379,1.0,0.83361256,1.7923495,20216.521,1647.7559,21464.248,7714.487,23001.602,165.0,175.0,27988.197,15989.095,681.59454,916.0376,52.61216,0.02238933092168225,0.9982181975284237,0.05966933989164821,1.0,9.483333333333333,0.03333333333333333
1647582381,51.0,0.8,0.79990804,39885.0,35740.992,36384.996,36822.0,37107.004,37706.008,38199.996,38893.0,39387.0,800.0,1024.0,36.552704,0.02239552523097031,0.9982268655239421,0.05952415430936972,0.0,0.0,0.0
1647582390,51.0,0.8,0.8000419,40386.004,36508.0,37201.0,37512.992,37727.008,38296.0,38805.0,39294.0,39616.0,800.0,640.0,36.962303,0.022423399622766564,0.9982656101847159,0.058870803651189206,0.0,0.0,0.0
1647582392,51.0,0.8,0.7999761,39896.0,35990.0,36795.008,37219.004,37518.0,38184.0,38507.996,39020.996,39392.0,800.0,512.0,36.20864,0.022429593932054622,0.998274162037345,0.058725611181465305,0.0,0.0,0.0
1647582393,51.0,0.8,0.800014,40679.0,36089.996,36785.0,37187.0,37509.008,38028.0,38413.0,39000.996,39210.0,800.0,384.0,36.12672,0.02243269108669865,0.9982784300446162,0.058653014480555966,0.0,0.0,0.0
1647582401,51.0,0.8,0.8000101,41268.996,35996.0,36706.008,37289.0,37507.0,38302.0,38864.0,39407.0,39703.0,800.0,255.99997,36.139008,0.022457468323850878,0.9983123840427709,0.058072229738826614,0.0,0.0,0.0
1647582548,1.0,0.8,0.79991007,301.99805,178.00195,195.00195,203.99902,210.99902,233.0,250.99805,269.0,282.0,900.00006,896.0,36.06528,0.022912750056523074,0.9988761299900921,0.04739701399894833,0.0,0.0,0.0
1647582554,1.0,0.8,0.799875,349.00098,193.00098,209.0,218.99805,224.0,244.99902,266.00098,289.00098,301.00098,900.00006,128.0,35.602432,0.022931332984387244,0.9988967157522256,0.04696116756871919,0.0,0.0,0.0
1647582556,1.0,0.8,0.799904,325.99707,195.0,208.00098,217.0,223.0,240.0,255.0,281.00098,293.99902,900.00006,768.0,35.782658,0.022937527293675302,0.9989035354118327,0.04681588343437975,0.0,0.0,0.0
1647582564,1.0,0.8,0.79987895,362.00098,193.00098,206.00195,215.0,220.0,240.99902,257.99902,290.00098,305.99902,900.00006,1024.0,36.093952,0.022962304530827527,0.9989306027408966,0.04623473702432982,0.0,0.0,0.0
1647582573,1.0,0.8,0.7998911,336.00098,196.99902,209.0,220.00098,225.0,244.99902,257.99902,273.0,280.00098,900.00006,640.0,36.511745,0.022990178922623786,0.9989606493482885,0.045580928617632854,0.0,0.0,0.0
1647582575,1.0,0.8,0.7999519,315.0,196.99902,210.99902,218.99805,224.0,244.00195,260.00195,276.0,292.00195,900.00006,512.0,35.21331,0.02299637323191184,0.998967268259602,0.045435635199128056,0.0,0.0,0.0
1647582576,1.0,0.8,0.79987407,339.99707,198.0,210.0,218.99805,223.0,242.0,255.99902,268.00195,287.0,900.00006,384.0,33.11616,0.02299947038655587,0.9989705697907147,0.045362988129253684,0.0,0.0,0.0
1647582586,1.0,0.8,0.799868,341.99902,201.00098,216.00098,224.0,231.0,250.00098,261.99902,274.99902,288.00098,900.00006,255.99997,33.10387,0.023030441932996155,0.9990032945310736,0.04463650429929543,0.0,0.0,0.0
1647583123,10.999998,0.8,0.800074,9587.0,6890.0,7084.0,7188.0,7213.0,7410.999,7695.9995,8244.0,8815.001,900.00006,896.0,34.811905,0.024693613976839477,0.9999843222919903,0.00559956875383056,0.0,0.0,0.0
1647583126,10.999998,0.8,0.800055,8997.0,6886.0,6999.999,7105.0005,7185.9995,7380.0,7510.0,7971.9995,8696.0,900.00006,128.0,35.414017,0.024702905440771562,0.999985520130511,0.005381405886146909,0.0,0.0,0.0
1647583128,10.999998,0.8,0.7999871,8502.999,6821.0,7006.0,7106.0005,7190.9995,7376.0,7501.0005,7706.0,7875.999,900.00006,768.0,35.06995,0.02470909975005962,0.9999862922474267,0.005235963831419759,0.0,0.0,0.0
1647583135,1.0,0.85063994,1.0894299,31260.459,4864.468,26060.238,31339.936,5568.0376,23897.162,30515.29,8380.459,30791.502,149.01956,65.0,43.204132,0.02473077983256782,0.9999888280711614,0.004726915787816884,1.0,0.11666666666666667,10.0
1647583148,1.0,0.81805414,0.95106566,36155.934,5469.8857,25313.115,29683.408,11741.854,27609.41,28878.834,14378.66,36591.86,100.0,65.0,43.247917,0.02477104284294019,0.9999928499607506,0.003781537699914474,1.0,0.3333333333333333,9.783333333333333
1647583155,1.0,0.49704564,1.0115278,31636.35,2947.0186,25221.428,28497.477,5729.934,25309.574,23547.281,7901.617,26639.229,100.0,65.0,40.114944,0.02479272292544839,0.9999946454016965,0.003272486506526483,1.0,0.45,9.666666666666666
1647583158,1.0,0.43315947,0.9805802,20993.785,1438.8281,20176.344,24921.21,11723.21,34199.406,11876.842,8343.48,25938.623,100.0,65.0,38.02631,0.024802014389380476,0.9999953355493857,0.0030543214420708006,1.0,0.5,9.616666666666667
1647583159,1.0,1.0803771,0.72634363,17556.293,101.13,16199.627,27192.77,15177.519,20064.738,20310.191,14056.786,26098.865,100.0,65.0,53.4918,0.024805111544024504,0.9999955550216727,0.002981599721100583,1.0,0.5166666666666667,9.6
1647583706,1.0,0.1,0.9657285,22108.59,5533.1523,12353.217,10172.416,29433.238,165.0,175.0,27910.5,7351.742,264.2682,431.35254,38.433353,0.026499255134308113,0.9993230535973926,-0.03678905474163103,1.0,9.633333333333333,0.48333333333333334
1647583712,1.0,0.19289005,1.154071,29161.61,101.13,9839.648,10277.375,25937.742,165.0,175.0,38079.297,25401.629,587.30206,576.55774,62.82516,0.026517838062172283,0.9993069062160519,-0.03722508816514572,1.0,9.733333333333333,0.38333333333333336
1647583713,1.0,0.86942226,1.5670727,11992.773,8068.4077,15399.576,8045.342,17994.22,165.0,175.0,25700.191,15587.242,1000.0,635.66223,39.51295,0.02652093521681631,0.9993041964888351,-0.037297759715613325,1.0,9.75,0.36666666666666664
1647583735,21.0,0.8,0.8001101,15407.0,13499.999,13720.0,13915.0,14076.0,14321.0,14577.0,14893.0,14986.0,900.00006,640.0,35.209217,0.026589072618984938,0.999243245457012,-0.03889648324125844,0.0,0.0,0.0
1647583741,21.0,0.8,0.8000958,15598.0,13411.0,13699.0,13886.0,14003.0,14294.0,14509.0,14693.0,14899.0,900.00006,255.99997,34.004993,0.02660765554684911,0.999226178544146,-0.039332481641291425,0.0,0.0,0.0
1647583747,21.0,0.8,0.8000821,15411.0,13593.0,13893.0,14018.0,14115.0,14413.0,14605.0,14890.0,15085.0,900.00006,512.0,33.88211,0.026626238474713283,0.9992089213927202,-0.03976847255297511,0.0,0.0,0.0
1647583748,21.0,0.8,0.8000461,15581.0,13584.002,13809.0,14006.0,14105.999,14380.0,14534.0,14775.0,14911.0,900.00006,384.0,34.197502,0.02662933562935731,0.9992060267056305,-0.03984113697106017,0.0,0.0,0.0
1647584302,31.0,0.8,0.80010796,23614.0,20113.0,20606.0,20909.0,21091.0,21607.0,22196.0,22708.002,22889.0,900.00006,128.0,36.19635,0.028345159302149116,0.9967905323739996,-0.08005394786991155,0.0,0.0,0.0
1647584304,31.0,0.8,0.800002,24381.998,20315.002,20729.0,20991.998,21177.0,21603.0,22127.0,22707.0,23093.998,900.00006,896.0,35.95469,0.02835135361143717,0.9967788784562471,-0.08019892432885897,0.0,0.0,0.0
1647584307,31.0,0.8,0.800014,23405.0,20128.0,20594.0,20826.0,21028.0,21487.002,21878.0,22283.0,22605.0,900.00006,1024.0,35.844097,0.02836064507536926,0.9967613580437309,-0.08041638583533343,0.0,0.0,0.0
1647584315,31.0,0.8,0.800055,23995.002,20395.0,20804.0,21092.998,21298.0,21781.002,22097.0,22509.0,22711.0,900.00006,768.0,35.54509,0.028385422312521485,0.9967144050057105,-0.08099626444542089,0.0,0.0,0.0
1647584334,31.0,0.8,0.800007,23792.0,20303.0,20793.0,21028.0,21206.998,21615.002,22017.0,22409.0,22997.0,900.00006,640.0,36.274178,0.028444268250758027,0.9966015395273318,-0.0823733659124856,0.0,0.0,0.0
1647584341,31.0,0.8,0.799994,23975.0,20289.002,20704.0,20994.0,21125.0,21689.0,22097.0,22692.0,23003.0,900.00006,255.99997,34.914303,0.02846594833326623,0.9965594778798135,-0.08288067958163493,0.0,0.0,0.0
1647584349,31.0,0.8,0.800099,23330.002,20299.0,20719.0,21015.0,21271.0,21822.0,22207.0,22683.002,22997.0,900.00006,384.0,34.430977,0.028490725570418457,0.9965110912080515,-0.08346044032557343,0.0,0.0,0.0
1647584353,31.0,0.8,0.8000871,23889.998,20504.0,20935.0,21223.0,21471.0,22017.0,22580.0,22922.0,23207.0,900.00006,512.0,36.10624,0.02850311418899457,0.996486771390047,-0.08375031011668041,0.0,0.0,0.0
1647584910,41.0,0.8,0.800027,31015.0,27209.998,27780.998,28105.0,28313.998,28917.996,29395.0,29897.006,30110.002,900.00006,128.0,36.466686,0.03022822932571846,0.992277912105967,-0.1240344514504853,0.0,0.0,0.0
1647584916,41.0,0.8,0.7999959,32495.998,27398.998,28082.002,28497.004,28793.004,29292.002,29883.004,30495.002,30915.0,900.00006,896.0,36.88448,0.030246812253582632,0.9922236974107375,-0.12446740254606918,0.0,0.0,0.0
1647584924,41.0,0.8,0.80011296,31702.0,27594.998,28279.0,28593.998,28838.0,29503.002,29987.0,30720.996,31093.994,900.00006,1024.0,36.175873,0.03027158949073486,0.9921511172993979,-0.12504463379752262,0.0,0.0,0.0
1647584930,41.0,0.8,0.8000641,32511.002,27598.998,28205.0,28538.002,28778.004,29394.0,29797.002,30482.004,30708.0,900.00006,768.0,35.99155,0.030290172418599035,0.9920964618410523,-0.12547752947227478,0.0,0.0,0.0
1647584949,1.0,0.70461774,1.2245204,26129.176,4104.9985,24969.121,21466.496,6877.2734,31078.477,25570.496,6691.7246,27105.918,100.0,224.49261,58.228424,0.030349018356835577,0.9919221401817575,-0.12684820778096073,1.0,0.31666666666666665,9.566666666666666
1647584954,1.0,0.43141726,1.1717389,48135.47,2699.0444,24645.422,33854.27,9570.177,24658.129,25271.287,14922.447,33343.023,100.0,65.0,40.205906,0.030364504130055717,0.9918759513006431,-0.1272088724556754,1.0,0.4,9.483333333333333
1647584971,1.0,0.36744094,1.4312844,20262.238,101.13,36344.75,19734.793,8039.427,26183.613,10786.448,7780.982,15604.081,100.0,108.025635,45.17327,0.030417155759004205,0.9917179282269019,-0.12843500626130558,1.0,0.6833333333333333,9.2
1647584978,1.0,0.6844535,0.56287926,24914.277,903.9248,16271.7705,24829.602,14517.832,25368.625,22617.115,15325.852,30042.205,100.0,65.0,50.423058,0.030438835841512402,0.9916524193340706,-0.12893982793878955,1.0,0.8,9.083333333333334
1647585510,1.0,0.1,0.9634247,27511.717,2317.2349,9075.173,20933.723,41574.18,165.0,175.0,40256.098,17946.709,290.19495,635.4473,47.606003,0.03208652211213558,0.9859231766199597,-0.16719895275870536,1.0,9.666666666666666,0.21666666666666667
1647585515,1.0,0.47339833,1.6908784,28633.3,6565.9575,8796.917,17704.506,14289.972,165.0,175.0,33365.527,30180.74,286.16003,650.44434,59.110607,0.03210200788535572,0.9858623161908311,-0.16755743348132826,1.0,9.75,0.13333333333333333
1647585519,1.0,0.4399013,1.185362,31487.03,2272.1553,14296.951,13942.663,28529.002,165.0,175.0,43446.14,20999.992,501.32086,647.9585,61.33178,0.03211439650393184,0.9858135340000066,-0.1678442021114162,1.0,9.816666666666666,0.06666666666666667
1647585522,1.0,1.1429539,1.4740539,18761.492,6417.3877,13340.974,10185.207,22265.086,165.0,175.0,43719.43,20340.363,668.88184,733.8441,51.93314,0.032123687967863926,0.9857768926152087,-0.16805926926505196,1.0,9.866666666666667,0.016666666666666666
1647585523,1.0,0.8,0.752582,339.99707,187.0,206.00195,214.0,219.00195,238.0,255.0,269.0,283.99902,1000.0,640.0,33.73056,0.03212678512250795,0.985764668393634,-0.16813095653920745,0.0,0.0,0.0
1647586135,10.999998,0.8,0.80013514,9003.0,6789.0,6905.0005,7000.999,7087.0,7220.0,7393.9995,7680.999,8105.0,1000.0,512.0,34.213886,0.03402224376465341,0.9773081918386495,-0.2118223268805003,0.0,0.0,0.0
1647586136,10.999998,0.8,0.7999661,7886.999,6716.0,6896.0,6990.0005,7020.0005,7198.9995,7387.9995,7503.001,7610.0005,1000.0,896.0,34.873344,0.034025340919297445,0.977292785100112,-0.21189339817763628,0.0,0.0,0.0
1647586141,10.999998,0.8,0.80011797,7791.0,6708.0,6889.0,6983.9995,7007.0,7185.0,7297.0,7411.0005,7496.0,1000.0,1024.0,34.701313,0.03404082669251758,0.9772156738829075,-0.2122487378468361,0.0,0.0,0.0
1647586142,10.999998,0.8,0.799955,7777.0015,6704.0005,6884.999,6979.0,7018.0,7199.999,7310.0,7420.9995,7500.9995,1000.0,640.0,35.09043,0.034043923847161615,0.9772002361351342,-0.21231980241474896,0.0,0.0,0.0
1647586143,10.999998,0.8,0.8000169,7892.0,6708.0,6893.0,6993.0,7017.0005,7196.0,7302.0005,7497.0,7594.999,1000.0,255.99997,34.975742,0.03404702100180564,0.9771847932194405,-0.21239086585980899,0.0,0.0,0.0
1647586145,10.999998,0.8,0.7999588,7887.999,6712.0,6897.0,6996.0,7021.0,7202.0,7387.9995,7491.0005,7516.999,1000.0,384.0,33.95584,0.0340532153110937,0.9771538918846184,-0.2125329893798688,0.0,0.0,0.0
1647586776,21.0,0.8,0.8000879,16291.0,13224.001,13515.0,13776.001,13896.0,14189.0,14414.0,14797.0,15103.0,1000.0,896.0,34.553856,0.0360075198914757,0.9663760793213294,-0.25713279315469595,0.0,0.0,0.0
1647586779,21.0,0.8,0.800027,15105.0,13201.0,13492.001,13615.0,13767.0,14080.0,14310.0,14495.0,14695.0,1000.0,768.0,34.36544,0.03601681135540779,0.9663199586505361,-0.257343617588675,0.0,0.0,0.0
1647586786,21.0,0.8,0.8000721,15616.0,13293.0,13578.999,13776.001,13902.0,14206.0,14496.0,14806.0,14993.0,1000.0,255.99997,34.189312,0.03603849143791599,0.9661888315600038,-0.2578354936169855,0.0,0.0,0.0
1647586787,21.0,0.8,0.8000101,15406.0,13223.0,13578.001,13708.999,13830.0,14198.0,14478.0,14704.0,14994.0,1000.0,384.0,34.05824,0.036041588592560014,0.96617007867896,-0.2579057561697535,0.0,0.0,0.0
1647587427,31.0,0.8,0.800068,23019.0,19903.0,20380.0,20601.998,20786.0,21197.0,21506.0,21819.0,22004.0,1000.0,896.0,34.955265,0.03802376756473828,0.9531246782323078,-0.3025778374973284,0.0,0.0,0.0
1647587428,31.0,0.8,0.79999113,23127.0,19899.0,20297.0,20493.0,20687.0,21001.0,21313.0,21615.0,21806.0,1000.0,640.0,34.992126,0.038026864719382304,0.953102671630746,-0.30264714987974756,0.0,0.0,0.0
1647587430,31.0,0.8,0.800099,22712.998,20008.0,20410.0,20709.998,20892.998,21299.0,21572.0,21813.0,22228.0,1000.0,1024.0,35.291138,0.03803305902867036,0.953058643306297,-0.30278576984257466,0.0,0.0,0.0
1647587431,31.0,0.8,0.800055,22931.996,19892.998,20306.0,20597.0,20714.0,21105.0,21520.0,21895.0,22088.0,1000.0,768.0,35.14368,0.038036156183314386,0.9530366215836429,-0.3028550774222487,0.0,0.0,0.0
1647587437,31.0,0.8,0.80003905,22398.0,19890.0,20217.0,20505.998,20610.0,21017.0,21390.0,21706.0,21925.0,1000.0,384.0,34.435074,0.038054739111178564,0.952904385409041,-0.3032708892528557,0.0,0.0,0.0
1647587439,1.0,0.25950944,0.4827581,1721.5762,101.13,24955.967,23363.451,7606.0264,17994.332,36294.266,10352.525,20630.854,100.0,65.0,73.23541,0.03806093342046662,0.9528602663674751,-0.30340948036952353,1.0,0.03333333333333333,22.266666666666666
1647588095,1.0,0.45236555,1.5877581,19301.074,2117.997,10371.358,18697.66,25983.96,165.0,9412.503,26403.951,20699.965,100.0,93.31357,53.252335,0.04009266686694933,0.9373073358880719,-0.3485038853304296,1.0,10.966666666666667,11.333333333333334
1647588102,1.0,0.21340913,1.160884,27514.33,2440.9707,18930.24,22520.95,21202.707,2005.5049,7770.9087,36467.43,21977.902,100.0,432.20428,42.882725,0.040114346949457536,0.9371298070264327,-0.34898098054564664,1.0,11.083333333333334,11.216666666666667
1647588104,1.0,0.27445567,1.223801,24992.738,101.13,17523.414,29659.771,21729.3,6155.3687,17763.145,24810.738,33160.344,100.0,401.1916,52.93269,0.04012054125874559,0.9370790398884511,-0.3491172768594227,1.0,11.116666666666667,11.183333333333334
1647588105,1.0,0.4868106,0.9717858,21790.094,101.13,14951.681,22319.154,22530.152,165.0,14502.328,20551.598,19367.225,100.0,65.0,60.67402,0.04012363841338962,0.9370536488857836,-0.349185422247033,1.0,11.133333333333333,11.166666666666666
1647588107,1.0,0.1,1.7592868,27918.258,552.4912,18878.414,21952.75,13522.055,11312.085,9283.206,21347.908,24010.062,100.0,175.85538,65.942055,0.04012983272267768,0.9370028520137673,-0.3493217074818941,1.0,11.166666666666666,11.133333333333333
1647588109,1.0,0.21794814,1.3735923,24075.57,101.13,13464.937,17613.855,18755.05,165.0,11184.886,25557.416,25679.41,100.0,294.83685,57.518944,0.04013602703196573,0.9369520353204044,-0.3494579853272087,1.0,11.2,11.1
1647588116,1.0,1.2475483,0.98254013,14080.636,7876.502,15081.836,28342.697,18498.14,3057.1162,8899.769,42560.664,16814.055,239.4805,302.60437,36.05026,0.04015770711447393,0.9367740208160539,-0.34993489955150725,1.0,11.316666666666666,10.983333333333333
1647588775,51.0,0.8,0.8000711,37984.004,34287.0,34802.004,35202.004,35403.996,36005.0,36503.0,37105.0,37480.996,1000.0,640.0,37.31456,0.04219873202488873,0.9189346823245125,-0.39440974838503595,0.0,0.0,0.0
1647588776,51.0,0.8,0.7999772,38401.0,34307.996,34892.0,35312.0,35493.008,36184.996,36711.996,37180.0,37420.0,1000.0,128.0,36.368385,0.04220182917953276,0.9189059976083491,-0.39447657415796517,0.0,0.0,0.0
1647588786,51.0,0.8,0.800009,38009.0,34426.004,35110.004,35499.0,35787.004,36210.004,36687.0,37119.0,37384.0,1000.0,896.0,37.208065,0.042232800725973046,0.918618883192027,-0.39514471708860405,0.0,0.0,0.0
1647588788,51.0,0.8,0.800053,38392.004,34216.008,34908.996,35296.004,35513.008,36111.996,36531.0,37098.996,37295.0,1000.0,384.0,36.347904,0.04223899503526111,0.9185614020065447,-0.395278320609379,0.0,0.0,0.0
1647588797,51.0,0.8,0.80001223,38614.008,34696.008,35313.004,35704.008,35900.0,36421.0,36998.0,37418.0,37801.0,1000.0,255.99997,36.380672,0.04226686942705736,0.9183024962278891,-0.39587943293587224,0.0,0.0,0.0
1647588807,51.0,0.8,0.800084,38583.0,34779.0,35401.0,35788.004,35999.0,36605.004,37001.0,37368.0,37694.0,1000.0,512.0,36.409344,0.04229784097349765,0.9180143617835452,-0.3965471366170106,0.0,0.0,0.0
1647588869,1.0,0.7,0.0,343.99805,211.0,232.0,253.99902,267.00098,283.00098,293.0,308.99805,344.00098,100.0,896.0,26.10094,0.042489864561427414,0.9162170979720282,-0.4006822049751086,0.0,0.0,0.0
1647588870,1.0,0.7,0.0,336.00098,228.00098,251.0,266.99902,275.99902,289.99902,297.00098,307.00098,336.0,100.0,128.0,26.10094,0.04249296171607145,0.916187957117136,-0.4007488331031408,0.0,0.0,0.0
1647588871,1.0,0.7,0.0,318.99902,232.00098,255.99902,269.99902,276.99902,298.0,302.99902,311.0,318.99902,100.0,1024.0,26.10094,0.042496058870715475,0.9161588114169866,-0.40081545911181427,0.0,0.0,0.0
1647588949,10.999998,0.7,0.16061598,8725.0,7706.0,7894.0,8091.0,8113.0,8287.0,8412.0,8502.0,8725.0,100.0,512.0,26.845184,0.0427376369329497,0.9138705312724702,-0.40600572911200766,0.0,0.0,0.0
1647588950,10.999998,0.7,0.16450702,8748.0,7696.0,7933.0,8010.0,8099.0,8293.0,8404.0,8515.0,8748.0,100.0,255.99997,26.365953,0.042740734087593726,0.9138410032861833,-0.4060721865788174,0.0,0.0,0.0
1647588951,10.999998,0.7,0.235305,8818.0,7779.0,7917.0,8023.0,8115.0005,8377.0,8503.999,8599.0,8818.0,100.0,768.0,26.546177,0.042743831242237754,0.9138114704670508,-0.4061386418981162,0.0,0.0,0.0
1647589031,21.0,0.7,0.350307,16692.0,15104.001,15507.0,15639.0,15716.0,16011.999,16282.001,16391.0,16692.0,100.0,512.0,28.311552,0.04299160361376004,0.9114332003940959,-0.4114480784003929,0.0,0.0,0.0
1647589032,21.0,0.7,0.349867,17407.0,15011.999,15484.999,15696.0,15995.0,16407.0,16818.0,16990.0,17407.0,100.0,896.0,27.51283,0.042994700768404066,0.9114032766354453,-0.41151435860510877,0.0,0.0,0.0
1647589033,21.0,0.7,0.351705,17306.0,15101.0,15492.0,15694.0,15990.0,16308.0,16604.0,16884.0,17306.0,100.0,768.0,27.795456,0.042997797923048094,0.9113733480568412,-0.4115806366335324,0.0,0.0,0.0
1647589114,31.0,0.7,0.535702,25881.0,22325.004,22906.996,23205.0,23484.0,24293.0,24896.0,25283.0,25881.0,100.0,640.0,28.782593,0.043248667449214406,0.9089331407142397,-0.4169418972846793,0.0,0.0,0.0
1647589115,12.862993,0.4781392,0.92645323,20994.12,5845.1675,15658.6,17715.5,9628.517,24657.14,175.0,2457.669,13227.254,100.0,513.49225,52.109,0.043251764603858434,0.9089028174404168,-0.4170079956653978,1.0,0.016666666666666666,2.85
1647589116,28.48077,0.80805564,0.6328426,32054.756,3505.0723,20183.934,24257.688,11797.708,28374.186,175.0,6331.2295,16496.59,100.0,341.4762,48.321945,0.04325486175850246,0.9088724893598641,-0.4170740918407709,1.0,0.03333333333333333,2.8333333333333335
1647589198,31.454672,0.6891621,0.60861075,20501.734,9013.147,21765.521,20139.17,20209.11,21778.062,175.0,19170.482,10688.173,100.0,486.25272,45.193554,0.0435088284393128,0.906369244784975,-0.42248644014679804,1.0,1.4,1.4666666666666666
1647589199,34.038982,0.8438084,0.5958195,15297.411,3576.516,18253.34,19165.115,20178.768,19965.977,175.0,13953.852,12262.575,100.0,537.1715,59.98533,0.043511925593956835,0.9063385183073968,-0.4225523520610821,1.0,1.4166666666666667,1.45
1647589200,28.11975,0.7995535,0.5866409,16486.553,12279.863,19214.273,17337.543,17127.537,23797.197,175.0,19420.979,13769.258,100.0,623.66064,48.52172,0.04351502274860086,0.90630778703665,-0.42261826174069933,1.0,1.4333333333333333,1.4333333333333333
1647589283,40.01805,0.6822923,0.5639194,27391.582,1322.5542,17314.215,17214.918,25153.91,10603.542,2513.8467,28166.734,24458.586,354.66098,488.80106,57.67369,0.04377208658405523,0.9037403986831861,-0.42808094069691527,1.0,2.816666666666667,0.05
1647589284,1.0,0.29626673,0.647913,17182.639,7797.754,14941.076,13298.885,20358.336,15173.697,175.0,14128.368,20896.59,298.71234,552.3175,42.852314,0.04377518373869926,0.9037092653689986,-0.42814666142132285,1.0,2.8333333333333335,0.03333333333333333
1647589285,17.342545,1.1564844,0.9211141,8462.193,7009.791,11354.695,14286.921,13107.218,12353.836,175.0,21906.688,16046.243,456.96777,709.2461,48.759426,0.043778280893343284,0.9036781272755475,-0.42821237988147814,1.0,2.85,0.016666666666666666
1647589286,51.0,0.7,0.62038696,43547.0,38011.996,39444.0,40140.992,40557.004,41554.0,42445.0,42858.0,43546.996,100.0,255.99997,31.469568,0.04378137804798731,0.9036469844029973,-0.42827809607703404,0.0,0.0,0.0
1647589338,1.0,0.7,0.620304,316.99902,219.0,238.99902,258.99902,267.00098,283.00098,292.0,297.0,301.00098,200.0,1024.0,30.810114,0.0439424300894768,0.9020209735252284,-0.4316922090107711,0.0,0.0,0.0
1647589339,1.0,0.7,0.62551796,310.00195,232.00098,248.99805,262.00098,266.00098,277.0,289.00098,298.0,302.99805,200.0,640.0,28.237823,0.043945527244120826,0.9019895775967451,-0.4317578046855033,0.0,0.0,0.0
1647589340,1.0,0.7,0.622223,343.99805,228.99902,253.0,261.0,269.0,280.0,289.99902,301.00098,307.0,200.0,768.0,28.266499,0.04394862439876485,0.9019581768980925,-0.43182339807688647,0.0,0.0,0.0
1647589341,1.0,0.7,0.621969,333.0,230.00098,250.00098,263.00195,269.0,280.99805,289.00098,299.0,302.00293,200.0,384.0,31.318016,0.04395172155340888,0.9019267714294371,-0.4318889891845726,0.0,0.0,0.0
1647589483,10.999998,0.7,0.623875,8207.0,7389.0,7583.0,7614.0,7694.0,7878.9995,7998.0,8083.0005,8202.0,200.0,640.0,29.08979,0.04439151751286093,0.8974188464147332,-0.44117957126282437,0.0,0.0,0.0
1647589484,10.999998,0.7,0.62148094,8494.0,7513.0,7695.0,7793.0,7862.0,7995.0,8094.0,8304.001,8383.0,200.0,512.0,30.175232,0.04439461466750496,0.897386760557967,-0.4412448322363425,0.0,0.0,0.0
1647589485,10.999998,0.7,0.62414694,8412.0,7514.0,7704.0,7797.0,7819.0,8009.0,8097.0005,8120.999,8394.0,200.0,255.99997,29.700096,0.044397711822148994,0.8973546699553735,-0.4413100908763391,0.0,0.0,0.0
1647589486,10.999998,0.7,0.6227669,8408.0,7500.0,7622.0,7717.0,7806.0,7916.0,8008.0,8091.0005,8220.0,200.0,896.0,29.630465,0.04440080897679302,0.8973225746071228,-0.4413753471824683,0.0,0.0,0.0
1647589487,10.999998,0.7,0.624483,8405.0,7503.0,7698.0,7806.0,7894.0,8018.0,8211.0,8392.0,8402.0,200.0,128.0,30.0032,0.04440390613143705,0.8972904745133846,-0.4414406011543853,0.0,0.0,0.0
1647589488,10.999998,0.7,0.621917,8211.999,7591.0,7697.0,7800.0,7886.0,7992.0,8098.0,8193.0,8205.0,200.0,384.0,30.957565,0.044407003286081076,0.8972583696743285,-0.44150585279174515,0.0,0.0,0.0
1647589634,21.0,0.7,0.64791906,16813.0,14797.999,15101.0,15296.0,15403.0,15788.0,16020.001,16223.0,16584.0,200.0,640.0,30.33907,0.044859187864109244,0.8925202315314127,-0.4510073572649491,0.0,0.0,0.0
1647589636,21.0,0.7,0.647639,17014.0,15009.0,15383.0,15504.999,15634.0,15907.999,16096.0,16504.0,16806.0,200.0,1024.0,29.028353,0.0448653821733973,0.8924546257303382,-0.45113716429986334,0.0,0.0,0.0
1647589638,21.0,0.7,0.64783,16801.0,14993.0,15206.999,15484.0,15602.0,15908.999,16094.001,16304.0,16322.0,200.0,896.0,29.806593,0.04487157648268536,0.8923890010502896,-0.45126696179142806,0.0,0.0,0.0
1647589639,21.0,0.7,0.6480479,17093.0,15001.0,15387.999,15603.0,15715.0,16109.0,16312.0,16580.0,16894.0,200.0,255.99997,30.18752,0.04487467363732939,0.892356181631084,-0.451331856957596,0.0,0.0,0.0
1647589640,21.0,0.7,0.647646,17202.0,15074.999,15389.0,15592.998,15706.0,16185.0,16488.0,16817.0,16900.0,200.0,128.0,29.663235,0.044877770791973415,0.8923233574926555,-0.45139674973689675,0.0,0.0,0.0
1647589641,39.259743,0.67363274,1.3706882,23650.668,1043.6748,28660.545,17971.025,14891.946,20041.81,8645.475,7062.6567,10770.668,100.0,294.63397,57.25354,0.04488086794661744,0.8922905286351777,-0.45146164012898726,1.0,0.016666666666666666,5.166666666666667
1647589790,8.35132,1.0342997,0.874262,21876.66,7495.3467,18014.635,23563.105,20307.996,20837.387,275.79395,20158.016,23789.764,100.0,656.189,50.57878,0.04534234398857769,0.8873463916683286,-0.4611034387132644,1.0,2.5,2.683333333333333
1647589792,36.9885,0.752826,0.5621488,27361.254,101.13,18598.66,18821.434,25777.11,14959.609,175.0,25300.262,30634.07,100.0,437.88577,63.64769,0.045348538297865754,0.8872793175064592,-0.4612324931368907,1.0,2.533333333333333,2.65
1647589793,11.189245,0.5822587,0.7331476,19993.273,6705.9385,14735.131,17125.217,17804.035,22698.012,175.0,17073.918,29252.393,100.0,469.74756,59.01812,0.04535163545250978,0.8872457733868752,-0.46129701669003437,1.0,2.55,2.6333333333333333
1647589795,16.296719,0.7340862,0.895769,22599.084,4036.6968,17260.969,16039.847,17548.738,13312.524,175.0,23801.488,19971.398,100.0,447.51468,52.941574,0.045357829761797835,0.8871786710712949,-0.46142605647727697,1.0,2.5833333333333335,2.6
1647589796,14.721699,1.0231885,1.0389766,24167.105,2726.0547,15339.668,20680.723,15782.384,15451.809,175.0,18326.523,23329.285,100.0,227.00006,51.868774,0.04536092691644186,0.8871451128756536,-0.4614905727106935,1.0,2.6,2.5833333333333335
1647589798,31.699896,0.76271254,1.0062298,21600.527,4741.774,26160.633,22012.62,24868.488,21296.37,893.9248,17328.922,12753.638,100.0,606.02277,53.875496,0.045367121225729924,0.8870779824095558,-0.4616195978554114,1.0,2.6333333333333333,2.55
1647589949,17.30624,0.9427188,1.4121298,6785.9434,5365.1504,18639.115,9388.138,20035.607,9180.348,175.0,27957.727,12627.488,663.96313,684.2034,44.133064,0.04583479157697823,0.8819555429543926,-0.4713326004553712,1.0,5.15,0.03333333333333333
1647589951,41.0,0.7,0.6741841,33901.996,30007.002,30873.002,31302.002,31413.996,31800.0,32297.996,33004.0,33111.0,200.0,1024.0,30.720001,0.04584098588626629,0.8818869810782798,-0.4714608707036436,0.0,0.0,0.0
1647589952,41.0,0.7,0.6739789,33696.004,29883.998,30292.0,30792.998,31197.998,31900.004,32572.998,33201.0,33390.0,200.0,768.0,31.4368,0.04584408304091032,0.881852693144348,-0.4715250020879702,0.0,0.0,0.0
1647589953,41.0,0.7,0.674768,34080.0,29775.002,30593.0,31087.996,31284.0,31902.0,32299.0,33009.996,33615.0,200.0,896.0,31.195135,0.045847180195554345,0.8818184005467409,-0.47158913097863875,0.0,0.0,0.0
1647589954,41.0,0.7,0.674335,34315.0,30289.002,31037.0,31404.0,31611.004,32378.002,32791.996,33153.0,33802.0,200.0,255.99997,32.354305,0.04585027735019837,0.8817841032856403,-0.4716532573753088,0.0,0.0,0.0
1647589955,41.0,0.7,0.6738839,34205.0,29974.002,30717.998,31318.0,31604.0,32416.0,33097.0,33620.004,34202.0,200.0,128.0,31.756289,0.0458533745048424,0.881749801361227,-0.4717173812776425,0.0,0.0,0.0
1647589956,41.0,0.7,0.6731839,33906.0,29595.002,30759.0,31212.996,31671.002,32382.998,32908.0,33400.0,33898.0,200.0,384.0,31.37536,0.04585647165948643,0.8817154947736825,-0.47178150268530067,0.0,0.0,0.0
1647590114,51.0,0.7,0.67425704,44800.0,38778.996,39720.0,40405.0,40623.0,41905.996,42700.008,43787.0,44516.004,200.0,640.0,32.743423,0.046345822093242936,0.8762366025437818,-0.48188112264595984,0.0,0.0,0.0
1647590115,51.0,0.7,0.674601,42879.0,38912.004,39797.008,40200.0,40439.992,41396.008,41897.004,42550.0,42584.992,200.0,512.0,33.27181,0.04634891924788696,0.8762015568426862,-0.4819448430956109,0.0,0.0,0.0
1647590118,51.0,0.7,0.674335,44984.996,38299.996,39399.008,40096.0,40499.0,41912.004,42606.0,43507.0,44587.0,200.0,255.99997,32.641026,0.04635821071181905,0.8760963919374061,-0.4821359891506327,0.0,0.0,0.0
1647590119,51.0,0.7,0.6741841,44493.004,39295.992,40301.0,40997.996,41661.0,42589.008,43127.008,43786.008,44090.0,200.0,1024.0,32.079872,0.04636130786646308,0.8760613277022662,-0.4821996994032065,0.0,0.0,0.0
1647590121,51.0,0.7,0.6731839,44791.0,39200.008,39746.0,40199.0,40420.992,41305.004,41712.0,42895.0,44099.004,200.0,384.0,32.14131,0.04636750217575114,0.875991185333029,-0.4823271122576822,0.0,0.0,0.0
1647590122,51.0,0.7,0.6738839,44168.0,38846.0,40211.992,40790.008,41231.992,42017.996,42615.004,43675.0,44100.0,200.0,128.0,33.222656,0.04637059933039517,0.8759561071993027,-0.48239081485891044,0.0,0.0,0.0
1647590180,1.0,0.7,0.673939,356.00098,180.00098,200.0,209.00098,218.0,251.0,277.0,293.0,348.99902,300.0,512.0,32.456703,0.04655023429974882,0.8739136552935591,-0.4860811898144695,0.0,0.0,0.0
1647590181,1.0,0.7,0.674145,358.99707,186.00098,201.0,215.0,225.0,256.0,278.0,298.0,318.00098,300.0,640.0,32.48128,0.046553331454392846,0.8738783041611027,-0.48614474132352326,0.0,0.0,0.0
1647590183,1.0,0.7,0.674466,314.00195,185.00098,197.0,207.99902,214.00098,243.0,262.99902,289.00098,295.0,300.0,255.99997,32.403458,0.04655952576368091,0.8738075880318688,-0.4862718366283697,0.0,0.0,0.0
1647590186,1.0,0.7,0.67494106,372.99805,193.00098,210.99902,223.00098,236.0,269.0,284.99902,301.00098,332.99902,300.0,896.0,29.130753,0.04656881722761299,0.8737014791800202,-0.4864624602974466,0.0,0.0,0.0
1647590187,34.71221,1.1329027,1.3998418,12976.07,3810.5962,21243.508,20945.34,14193.772,20528.549,9426.765,7825.4688,12081.407,100.0,713.02026,57.04424,0.046571914382257024,0.8736661003213528,-0.4865259963756098,1.0,0.016666666666666666,3.683333333333333
1647590190,37.373806,0.71654135,0.8750459,25429.707,1505.0913,26901.102,19393.814,14447.698,24725.652,1403.8262,11640.198,10879.625,100.0,228.77542,51.116905,0.046581205846189105,0.8735599360238168,-0.486716589170808,1.0,0.06666666666666667,3.6333333333333333
1647590191,27.479122,0.59920377,0.888345,28782.336,5066.4287,23963.217,22462.668,15216.238,22814.156,2695.1006,5512.2827,21705.092,100.0,126.57483,45.628475,0.04658430300083313,0.8735245386847507,-0.4867801149549904,1.0,0.08333333333333333,3.6166666666666667
1647590398,22.668917,0.54134274,0.8872479,16921.344,8578.193,16292.269,16606.559,19751.342,14657.817,175.0,23821.172,13273.707,100.0,626.0153,43.549007,0.04722541401214704,0.8660981166764035,-0.49987403642276423,1.0,3.533333333333333,0.16666666666666666
1647590401,9.425066,0.8052125,0.9231812,15530.677,6134.079,12629.369,16040.341,9397.807,3426.2705,175.0,16966.645,8273.65,100.0,223.67065,37.35311,0.04723470547607913,0.8659890404684013,-0.5000629778224115,1.0,3.5833333333333335,0.11666666666666667
1647590404,19.731922,0.61881214,0.3893538,18207.719,4162.3115,15120.701,13797.659,20490.414,10369.504,175.0,24876.615,11946.701,100.0,333.6631,52.190346,0.04724399694001121,0.8658799230423762,-0.5002518954208257,1.0,3.6333333333333333,0.06666666666666667
1647590406,12.050264,0.72076356,0.5568045,15367.004,3702.9253,7640.5776,12046.181,17897.646,11250.835,175.0,23452.68,18109.977,132.90518,455.52094,60.40113,0.047250191249299266,0.8658071551953559,-0.5003778272590872,1.0,3.6666666666666665,0.03333333333333333
1647590407,23.116001,0.8932545,0.90937555,7944.234,8718.107,15489.434,10246.441,20381.691,9028.616,175.0,27261.395,10397.639,363.7924,868.87463,44.467804,0.0472532884039433,0.8657707644035217,-0.5004407892090149,1.0,3.683333333333333,0.016666666666666666
1647590408,10.999998,0.7,0.64833,8894.0,7618.0005,7787.0,7884.0,7911.0,8111.0,8298.0,8406.0,8414.0,300.0,128.0,32.48947,0.04725638555858733,0.8657343690330618,-0.5005037485123627,0.0,0.0,0.0
1647590616,21.0,0.7,0.6750931,17206.0,14492.0,14882.0,15085.0,15292.999,15586.001,15893.0,16291.999,16606.0,300.0,768.0,31.019009,0.04790059372454526,0.8580649057236447,-0.5135412520581698,0.0,0.0,0.0
1647590617,21.0,0.7,0.673895,16895.0,14692.0,14991.0,15215.0,15374.0,15786.0,16071.0,16484.0,16721.0,300.0,512.0,30.793728,0.04790369087918929,0.8580275576810189,-0.5136036509410207,0.0,0.0,0.0
1647590618,21.0,0.7,0.674981,16974.0,14517.0,14898.0,15109.0,15213.001,15684.0,15982.0,16291.999,16685.0,300.0,255.99997,31.100927,0.04790678803383332,0.8579902051007172,-0.5136660471076799,0.0,0.0,0.0
1647590624,21.0,0.7,0.67487204,16798.0,14802.001,15096.0,15300.0,15391.0,15710.0,15890.0,16191.0,16310.0,300.0,896.0,30.793728,0.04792537096169749,0.8577659943387738,-0.5140403670491402,0.0,0.0,0.0
1647590625,21.0,0.7,0.674758,17001.0,14586.0,14824.0,15013.0,15207.0,15698.0,15983.0,16209.0,16402.0,300.0,1024.0,30.470144,0.047928468116341515,0.8577286100002721,-0.5141027441932217,0.0,0.0,0.0
1647590626,21.0,0.7,0.674333,17203.0,14686.0,14986.0,15186.0,15300.0,15517.0,15797.0,16106.0,16419.0,300.0,384.0,31.260672,0.04793156527098555,0.8576912211256752,-0.5141651186184727,0.0,0.0,0.0
1647590628,21.0,0.7,0.673898,17284.0,14710.0,14995.0,15127.0,15289.0,15694.0,15898.0,16296.0,16492.0,300.0,128.0,31.088642,0.0479377595802736,0.8576164297689879,-0.5142898593111619,0.0,0.0,0.0
1647590845,31.0,0.7,0.67464995,25916.0,22585.0,23072.998,23393.0,23510.002,24109.998,24511.0,25084.0,25487.0,300.0,640.0,32.81715,0.04860984213802779,0.8493941362737221,-0.5277590371218835,0.0,0.0,0.0
1647590846,31.0,0.7,0.67412496,26594.0,22576.0,23098.998,23400.998,23697.0,24291.0,24900.0,25101.996,25508.0,300.0,768.0,31.85869,0.048612939292671825,0.849355754307518,-0.527820805410991,0.0,0.0,0.0
1647590849,31.0,0.7,0.674399,25778.0,22702.004,23197.002,23497.0,23719.998,24214.0,24687.0,25297.0,25601.002,300.0,255.99997,32.80077,0.04862223075660391,0.8492405814588259,-0.5280060935287351,0.0,0.0,0.0
1647590853,31.0,0.7,0.67487204,25603.004,22515.0,23095.004,23373.0,23514.0,24095.998,24512.0,25188.0,25384.0,300.0,896.0,31.588352,0.04863461937518002,0.8490869547846317,-0.5282531052578497,0.0,0.0,0.0
1647590855,31.0,0.7,0.67464894,25502.0,22515.0,23105.998,23398.0,23579.0,23974.0,24513.0,25111.0,25198.0,300.0,1024.0,31.38765,0.04864081368446808,0.84901011450436,-0.5283765943617238,0.0,0.0,0.0
1647590858,31.0,0.7,0.674333,26091.0,22698.0,23285.0,23596.996,23780.0,24381.0,24711.0,25312.0,25685.0,300.0,384.0,31.465473,0.048650105148400166,0.8488948204095556,-0.5285618070593339,0.0,0.0,0.0
1647590860,31.0,0.7,0.674775,26205.0,22694.0,23139.0,23396.998,23701.002,24306.998,24911.0,25206.0,25513.998,300.0,128.0,33.488895,0.04865629945768822,0.848817935232459,-0.5286852682151312,0.0,0.0,0.0
1647591078,41.0,0.7,0.6748341,35095.0,30491.998,31189.0,31713.004,31993.0,32904.996,33596.004,34306.0,34418.0,300.0,640.0,32.81715,0.04933147917008644,0.8403301586908134,-0.5420749250746362,0.0,0.0,0.0
1647591082,21.995373,0.6265507,1.397412,23795.46,9410.084,25342.637,20023.385,15338.129,21092.316,16562.496,10661.028,16815.426,100.0,265.67944,45.76473,0.04934386778866256,0.8401724399364524,-0.5423193442716462,1.0,0.06666666666666667,4.116666666666666
1647591085,21.809593,1.1992488,0.993551,19133.89,423.92773,19908.28,20385.914,9562.89,30068.068,175.0,5857.7256,14783.106,100.0,568.00214,60.931244,0.04935315925259464,0.8400541042158343,-0.5425026285559658,1.0,0.11666666666666667,4.066666666666666
1647591088,43.05825,0.87711704,0.66634655,47995.934,101.13,28128.576,25194.21,13057.386,25952.395,175.0,18313.135,23886.021,100.0,65.0,55.963406,0.04936245071652673,0.8399357285116046,-0.5426858870190748,1.0,0.16666666666666666,4.016666666666667
1647591089,30.825191,1.5340592,0.7649269,22536.854,6151.33,20046.451,25661.084,11828.832,19266.96,175.0,18003.084,10868.925,100.0,236.19543,57.27791,0.049365547871170756,0.8398962610592549,-0.54274696743389,1.0,0.18333333333333332,4.0
1647591091,29.000616,0.7460503,0.5732627,33072.22,1099.7734,24696.426,24659.23,16186.633,28604.355,2818.2236,9526.143,19447.16,100.0,246.4347,53.81119,0.04937174218045881,0.8398173128293978,-0.5428691196522505,1.0,0.21666666666666667,3.966666666666667
1647591096,20.065994,0.6461851,0.95805013,26194.469,7213.3184,24135.742,16437.367,16929.422,30200.465,175.0,9125.1455,18766.387,100.0,141.83795,46.528385,0.049387227953678954,0.8396198645344134,-0.5431744499506704,1.0,0.3,3.8833333333333333
1647591321,1.770958,0.40553072,0.5274627,12166.39,2980.6987,11554.316,14220.773,23236.287,19861.1,175.0,18157.324,15970.713,251.58069,599.53064,54.17887,0.050084087748585374,0.8306201966877156,-0.5568393743751071,1.0,4.05,0.13333333333333333
1647591323,15.13266,1.3423357,0.9754088,218.0,9044.995,11486.656,9400.837,14164.866,11976.89,175.0,25164.379,12671.676,570.91724,841.2418,52.760506,0.050090282057873435,0.8305391988984736,-0.5569601772955421,1.0,4.083333333333333,0.1
1647591329,51.0,0.7,0.674629,45992.0,39995.0,40995.996,41607.992,41803.0,42584.004,43408.0,44186.004,44796.008,300.0,768.0,33.67731,0.050108864985737606,0.8302961001223075,-0.5573225153550565,0.0,0.0,0.0
1647591332,51.0,0.7,0.674937,44898.0,39200.996,40121.004,40802.996,41202.0,42208.008,43282.0,43900.008,44196.0,300.0,1024.0,32.968704,0.05011815644966969,0.8301744914525839,-0.5575036445992471,0.0,0.0,0.0
1647591333,51.0,0.7,0.674987,44998.0,39908.008,40712.008,41284.992,41699.0,42505.016,43175.996,43806.008,44291.0,300.0,255.99997,33.87392,0.050121253604313715,0.8301339464483066,-0.5575640151176904,0.0,0.0,0.0
1647591336,51.0,0.7,0.674743,45007.996,39271.99,40376.0,40896.0,41219.008,42333.0,43315.0,44501.0,44893.008,300.0,384.0,34.03776,0.0501305450682458,0.8300122850953675,-0.5577451089796901,0.0,0.0,0.0
1647591343,51.0,0.7,0.67405593,45401.0,39319.0,40408.992,41001.0,41494.01,42321.0,42890.004,43609.004,43882.0,300.0,128.0,34.000896,0.050152225150754,0.8297282549820811,-0.5581675580722966,0.0,0.0,0.0
1647591405,1.0,0.7,0.674279,336.00098,186.00098,202.00098,217.0,224.0,257.99902,279.99902,297.0,302.99805,400.0,640.0,33.40288,0.05034424873868377,0.8272031821607088,-0.5619029234869645,0.0,0.0,0.0
1647591408,1.0,0.7,0.673876,337.0,188.00098,205.00098,217.0,226.99902,257.0,277.0,290.00098,307.0,400.0,512.0,30.322687,0.05035354020261586,0.827080574274562,-0.5620833778521304,0.0,0.0,0.0
1647591414,1.0,0.7,0.674339,322.99902,186.00098,205.00098,217.0,233.00195,260.00195,277.0,289.00098,304.99805,400.0,768.0,33.275906,0.05037212313048003,0.8268352404097546,-0.5624442063143181,0.0,0.0,0.0
1647591416,1.0,0.7,0.674603,352.99902,186.00098,201.0,210.0,217.0,245.99902,270.99805,287.00195,298.0,400.0,255.99997,30.84288,0.05037831743976808,0.8267534274707872,-0.5625644586758978,0.0,0.0,0.0
1647591418,1.0,0.7,0.67439795,336.00098,189.0,206.00195,217.0,227.99902,255.0,274.0,292.00098,314.00195,400.0,1024.0,30.007298,0.05038451174905614,0.8266715970426881,-0.5626846991369959,0.0,0.0,0.0
1647591422,1.0,0.7,0.6743771,339.99707,188.00098,207.0,218.99805,233.99902,257.99902,282.00195,302.00195,314.00195,400.0,896.0,32.33792,0.05039690036763226,0.82650788372602,-0.5629251443475729,0.0,0.0,0.0
1647591424,1.0,0.7,0.674708,373.99805,174.0,193.0,203.0,212.00195,254.00195,275.00098,298.0,312.0,400.0,128.0,33.357822,0.050403094676920314,0.8264260008409137,-0.5630453490919662,0.0,0.0,0.0
1647591429,1.0,0.7,0.67334294,343.99805,206.0,224.0,245.99902,254.00098,277.0,291.00098,302.99902,320.0,400.0,384.0,30.527489,0.05041858045014046,0.8262212171472904,-0.5633458088382748,0.0,0.0,0.0
1647591693,10.999998,0.7,0.674744,9035.0,7604.0,7806.0,7906.0,8005.0,8180.0,8390.0,8587.0,8816.0,400.0,640.0,31.830015,0.05123622927616399,0.8152541558758506,-0.5791033252599697,0.0,0.0,0.0
1647591694,10.999998,0.7,0.674387,8800.0,7602.0,7803.0,7904.0005,7999.0,8193.0,8299.0,8405.0,8580.0,400.0,512.0,31.330303,0.051239326430808016,0.8152120401379239,-0.5791626106838769,0.0,0.0,0.0
1647591700,10.999998,0.7,0.67365897,8985.0,7592.0,7772.9995,7890.0,7987.0,8188.0,8302.001,8493.0,8607.0,400.0,768.0,32.096256,0.051257909358672187,0.8149592551819881,-0.5795182588954547,0.0,0.0,0.0
1647591704,31.037481,0.96381617,1.2212069,33780.61,277.3584,26310.441,30073.629,5900.665,24926.918,14137.014,748.25684,12587.273,100.0,474.84924,49.400574,0.0512702979772483,0.8147906456768707,-0.5797552964117433,1.0,0.06666666666666667,4.966666666666667
1647591705,30.697382,0.9950143,1.5568044,27506.398,101.13,27047.137,22756.578,8104.7227,20793.045,4032.1343,11425.06,11552.66,100.0,194.08627,54.959698,0.05127339513189233,0.8147484825274895,-0.5798145481265136,1.0,0.08333333333333333,4.95
1647591709,28.18439,0.7700521,1.2918222,27044.791,101.13,28978.908,20293.102,12280.748,30982.4,856.0654,10262.617,15537.049,100.0,547.9805,56.14753,0.051285783750468446,0.814579786844247,-0.5800515243189877,1.0,0.15,4.883333333333334
1647591711,26.321556,0.8994948,1.1929088,25922.139,3869.1729,22870.371,24540.828,6077.087,27737.81,175.0,11465.119,21231.787,100.0,275.4141,49.92847,0.0512919780597565,0.8144954131543177,-0.5801699940108737,1.0,0.18333333333333332,4.85
1647591717,29.417944,0.78004336,0.7271105,28276.016,3942.8462,25591.89,24666.18,13238.556,21003.941,5877.77,10287.486,20122.328,100.0,104.376495,51.822914,0.05131056098762067,0.8142421887127165,-0.5805253294390564,1.0,0.2833333333333333,4.75
1647591990,1.0,0.35533363,1.1680821,9885.661,3352.6167,14816.33,14493.914,15184.678,14472.893,175.0,18386.2,13131.64,224.82892,755.1652,44.253334,0.05215608420544046,0.802557246598051,-0.5965751134039661,1.0,4.833333333333333,0.2
1647591991,1.0,0.61283815,0.4312267,21792.81,3008.3643,13640.566,13852.816,16264.53,4749.876,175.0,21192.299,19257.812,249.29073,302.35828,48.91416,0.05215918136008449,0.8025138603094102,-0.5966334754363758,1.0,4.85,0.18333333333333332
1647592000,1.0,0.5628985,1.4328607,13442.453,11235.224,20029.008,10314.879,15681.006,9351.912,175.0,25846.36,14956.496,629.6506,680.2431,33.470303,0.05218705575188075,0.802123192755044,-0.597158591702786,1.0,5.0,0.03333333333333333
1647592002,21.0,0.7,0.699991,17593.0,15124.0,15513.001,15819.0,15999.0,16308.0,16613.0,16996.0,17200.0,400.0,1024.0,31.219711,0.0521932500611688,0.8020363310747833,-0.5972752494755668,0.0,0.0,0.0
1647592004,21.0,0.7,0.70003986,17882.0,15209.0,15608.0,15904.0,16005.0,16490.0,16792.0,17203.0,17509.002,400.0,255.99997,32.444416,0.052199444370456864,0.8019494524282561,-0.5973918946135948,0.0,0.0,0.0
1647592008,21.0,0.7,0.68898094,17707.0,15194.002,15516.0,15784.0,15898.0,16501.0,16795.0,17007.0,17296.0,400.0,896.0,31.90784,0.05221183298903297,0.8017756442437539,-0.5976251469755212,0.0,0.0,0.0
1647592012,21.0,0.7,0.69984007,17886.0,15299.0,15696.999,15901.999,16094.0,16500.0,16878.0,17303.0,17490.0,400.0,128.0,32.84992,0.05222422160760909,0.8016017682162448,-0.597858348768828,0.0,0.0,0.0
1647592018,21.0,0.7,0.69519395,17809.0,15295.001,15619.0,15818.0,15992.0,16399.0,16609.0,16913.0,17085.0,400.0,384.0,31.649792,0.05224280453547326,0.8013408270015278,-0.598208056599464,0.0,0.0,0.0
1647592292,31.0,0.7,0.69720995,25686.0,22585.0,22985.0,23302.998,23479.0,24005.996,24294.0,24615.0,25396.0,400.0,640.0,32.731136,0.05309142490793708,0.7892627397690879,-0.6140556388570934,0.0,0.0,0.0
1647592293,31.0,0.7,0.6891509,25987.004,22576.0,23092.996,23406.0,23684.996,24114.0,24506.0,24996.0,25294.0,400.0,512.0,32.047104,0.053094522062581105,0.7892180822959185,-0.6141130340394616,0.0,0.0,0.0
1647592303,31.0,0.7,0.69986796,25615.0,22807.0,23303.998,23587.0,23706.0,24104.0,24411.0,25097.0,25291.0,400.0,768.0,32.444416,0.05312549360902139,0.7887712780454483,-0.6146868071876523,0.0,0.0,0.0
1647592305,31.0,0.7,0.698094,26004.0,22777.004,23176.998,23479.0,23604.004,23995.0,24203.0,24815.0,25012.0,400.0,1024.0,32.182274,0.053131687918309446,0.7886818671308181,-0.6148015228177681,0.0,0.0,0.0
1647592306,31.0,0.7,0.70004594,25694.0,22510.002,23089.0,23393.0,23680.0,24099.0,24606.0,25100.0,25314.998,400.0,255.99997,33.01376,0.05313478507295348,0.7886371554169721,-0.614858875755914,0.0,0.0,0.0
1647592309,31.0,0.7,0.699836,25788.0,22588.002,23098.0,23416.0,23588.0,24093.0,24390.002,24895.0,25422.002,400.0,896.0,32.415745,0.05314407653688556,0.7885029952521503,-0.6150309150590624,0.0,0.0,0.0
1647592314,31.0,0.7,0.69984007,26010.002,22600.0,23114.998,23479.0,23682.0,24071.0,24309.998,24775.002,25108.0,400.0,128.0,33.173504,0.053159562310105705,0.7882793115806889,-0.6153175821751523,0.0,0.0,0.0
1647592320,31.0,0.7,0.7000429,25913.0,22605.002,22999.0,23325.0,23587.0,24197.002,24607.0,25194.0,25497.0,400.0,384.0,33.05472,0.053178145237969876,0.788010753606722,-0.6156614753256583,0.0,0.0,0.0
1647592602,41.0,0.7,0.69720995,34399.0,30726.0,31512.998,31888.998,32004.0,32700.998,33201.992,33605.996,33804.0,400.0,640.0,33.47661,0.054051542847585926,0.7752201897336977,-0.6316911091896495,0.0,0.0,0.0
1647592604,41.0,0.7,0.697278,34803.0,30516.994,31213.0,31703.996,32013.996,32822.0,33396.0,34094.0,34304.0,400.0,512.0,33.398785,0.05405773715687398,0.7751283057869315,-0.6318038537140156,0.0,0.0,0.0
1647592616,41.0,0.7,0.70005,34779.004,30706.0,31417.998,31895.998,32181.998,32697.002,33106.008,33794.0,34200.0,400.0,1024.0,33.386497,0.05409490301260232,0.7745766578362446,-0.6324800401081707,0.0,0.0,0.0
1647592617,3.028473,0.53972185,0.7044287,34944.984,6991.7324,34494.38,23878.7,15558.035,29542.617,9151.02,4978.588,19927.258,100.0,65.0,45.629753,0.05409800016724635,0.7745306605416411,-0.6325363672398048,1.0,0.016666666666666666,5.366666666666666
1647592618,3.4316387,0.66301095,0.8827851,30823.441,1257.2051,20928.172,22229.895,10378.651,22893.361,175.0,11168.31,21069.516,100.0,157.03796,56.61428,0.054101097321890376,0.7744846591509347,-0.6325926910262721,1.0,0.03333333333333333,5.35
1647592619,1.0,0.86172533,0.86249065,20233.947,101.13,22535.457,13973.297,12728.289,29202.125,241.37012,1437.7324,20849.404,100.0,234.4516,45.9057,0.05410419447653441,0.7744386536643681,-0.6326490114672754,1.0,0.05,5.333333333333333
1647592628,6.777506,1.2910724,0.8893702,17517.96,101.13,20963.719,22621.607,6452.8345,27097.46,175.0,5155.9443,19704.99,100.0,403.88272,60.56356,0.05413206886833066,0.7740244200117378,-0.6331557448412617,1.0,0.2,5.183333333333334
1647592632,42.55835,1.1628696,1.0255468,29730.252,101.13,26164.21,30998.24,14128.747,27861.432,8884.058,8913.283,15777.235,100.0,153.14597,50.781395,0.05414445748690678,0.7738402097265062,-0.63338087262755,1.0,0.26666666666666666,5.116666666666666
1647592924,5.1218243,0.52557486,0.87184656,19042.168,2969.2373,12300.397,9624.008,22055.148,4823.0864,175.0,23238.457,19089.959,102.6673,515.7751,51.39936,0.05504882664296311,0.7602170166520589,-0.6496692139794245,1.0,5.133333333333334,0.25
1647592925,15.120935,0.37926066,1.1797849,25970.66,9376.194,10095.843,16299.022,21033.559,12872.97,175.0,34012.24,23337.867,238.54706,554.389,47.773228,0.055051923797607136,0.7601697693634277,-0.649724496803032,1.0,5.15,0.23333333333333334
1647592938,1.0,0.5498853,0.8921921,14371.419,8986.907,19583.004,8534.961,22600.822,15001.2,175.0,22447.375,12429.465,526.4432,793.6273,47.747765,0.05509218680797951,0.7595551888680606,-0.6504428607215278,1.0,5.366666666666666,0.016666666666666666
1647592939,51.0,0.7,0.699876,45488.992,39698.992,40618.0,41387.0,41768.996,42685.004,43212.0,43980.0,44498.992,400.0,1024.0,34.152447,0.05509528396262354,0.7595078853200007,-0.650498095413615,0.0,0.0,0.0
1647592940,51.0,0.7,0.69990593,45502.992,39486.992,40407.992,40994.0,41223.0,42306.0,43092.004,43421.0,43596.0,400.0,896.0,34.553856,0.055098381117267566,0.7594605777552861,-0.6505533266655448,0.0,0.0,0.0
1647592941,51.0,0.7,0.699891,45793.992,40124.008,40983.0,41511.008,41884.0,42602.0,43328.004,44191.0,44701.0,400.0,768.0,34.902016,0.05510147827191159,0.7594132661741666,-0.6506085544770253,0.0,0.0,0.0
1647592945,51.0,0.7,0.699928,45510.0,39003.008,39893.992,40595.008,40987.992,41992.0,42799.004,43602.008,43897.0,400.0,128.0,34.353153,0.05511386689048771,0.7592239796906439,-0.6508294313126142,0.0,0.0,0.0
1647592956,51.0,0.7,0.6999891,45999.004,39703.996,40705.0,41174.0,41494.01,42502.0,43676.0,44698.008,45104.008,400.0,384.0,34.39821,0.05514793559157202,0.758703110658978,-0.6514365585967605,0.0,0.0,0.0
1647593033,1.0,0.7,0.70001894,347.0,196.99902,214.00098,231.00098,241.0,266.0,283.00098,305.0,312.0,500.0,640.0,33.419266,0.05538641649916222,0.7550434521345221,-0.6556747557964877,0.0,0.0,0.0
1647593036,1.0,0.7,0.699881,343.99805,203.0,220.00098,239.0,247.99902,272.00098,287.00195,302.99902,314.00195,500.0,512.0,31.961088,0.05539570796309431,0.7549003881255688,-0.6558394651192208,0.0,0.0,0.0
1647593051,1.0,0.7,0.699876,435.0,202.00098,224.0,240.99902,254.00098,273.00098,287.00195,308.99805,331.0,500.0,1024.0,34.009087,0.05544216528275473,0.7541845292581262,-0.6566625433414781,0.0,0.0,0.0
1647593054,1.0,0.7,0.699777,419.99902,209.00098,228.99902,248.0,257.99902,276.00098,289.99902,303.9961,341.0039,500.0,896.0,34.213886,0.05545145674668682,0.7540412497678034,-0.6568270652528024,0.0,0.0,0.0
1647593055,1.0,0.7,0.699881,374.99707,205.00098,228.99902,243.00195,252.0,275.0,295.0,311.0,344.00098,500.0,768.0,34.582527,0.05545455390133085,0.7539934819618695,-0.6568818989430414,0.0,0.0,0.0
1647593058,1.0,0.7,0.6998249,417.99805,220.99805,242.00098,257.99902,265.00195,283.00098,296.00098,312.00098,339.99902,500.0,255.99997,34.525185,0.055463845365262936,0.7538501546201255,-0.657046379169091,0.0,0.0,0.0
1647593065,1.0,0.7,0.699857,347.0,220.00098,240.00098,258.99902,266.00098,283.00098,296.00098,305.0,313.0,500.0,128.0,31.772673,0.055485525447771133,0.7535155846321536,-0.6574300447321098,0.0,0.0,0.0
1647593073,1.0,0.7,0.6999891,377.9961,211.0,230.00098,249.0,261.0,279.0,291.00098,305.0,312.0,500.0,384.0,33.722366,0.05551030268492336,0.7531329798387888,-0.6578683110464788,0.0,0.0,0.0
1647593397,10.999998,0.7,0.6999291,9408.0,7716.0,7914.0,8084.0,8202.0,8402.0,8612.0,8917.0,9187.0,500.0,640.0,34.811905,0.0565137807895886,0.7374247101820192,-0.6754293425762351,0.0,0.0,0.0
1647593401,10.999998,0.7,0.70003396,9712.0,7784.0,7915.0,8009.0,8113.0,8408.0,8784.0,9002.0,9383.0,500.0,512.0,34.021378,0.05652616940816472,0.7372282045543016,-0.6756438221501332,0.0,0.0,0.0
1647593418,10.999998,0.7,0.70000005,9001.0,7793.0,7995.0005,8096.0,8190.0,8383.0,8480.0,8635.0,8790.0,500.0,896.0,32.591873,0.0565788210371132,0.7363923598965803,-0.6765547223144226,0.0,0.0,0.0
1647593419,6.6634884,0.9471059,1.0980699,27416.318,101.13,22983.738,17417.914,8154.047,18969.287,10362.559,7566.1875,19302.596,100.0,138.54483,57.83667,0.05658191819175723,0.7363431575016097,-0.6766082724890079,1.0,0.016666666666666666,6.283333333333333
1647593420,9.955675,0.8420296,0.6267117,28672.414,1168.4648,23114.338,27244.586,11673.54,29084.4,5595.4854,8221.95,19144.867,100.0,65.0,54.475025,0.056585015346401264,0.7362939512124907,-0.6766618190853525,1.0,0.03333333333333333,6.266666666666667
1647593428,6.019928,1.6238277,1.1084859,20758.75,101.13,19613.605,22312.63,14733.068,20333.025,11228.705,15608.922,19708.129,100.0,140.88028,52.5092,0.05660979258355349,0.7359001607414243,-0.6770900630054659,1.0,0.16666666666666666,6.133333333333334
1647593437,19.26751,0.61406124,1.047646,28467.186,101.13,27287.035,25122.871,12138.293,31376.44,8865.197,4093.2578,21427.934,100.0,260.1175,55.760212,0.05663766697534975,0.735456848744989,-0.677571563478051,1.0,0.31666666666666665,5.983333333333333
1647593768,26.952007,0.34236938,1.0326821,28125.688,3625.7632,10668.75,18815.023,22631.352,10328.968,175.0,37186.33,21445.186,223.68979,482.54697,50.319214,0.05766282516252319,0.7189355427681762,-0.6950767478089221,1.0,5.833333333333333,0.4666666666666667
1647593774,15.5306,0.74460924,0.99964035,15227.762,5376.5566,15645.679,15395.303,26175.242,10513.951,175.0,32006.602,18188.162,100.0,713.0236,57.23045,0.05768140809038736,0.7186321898951271,-0.6953903764408406,1.0,5.933333333333334,0.36666666666666664
1647593792,8.048233,0.9247975,0.9122864,13107.234,267.88672,13913.533,12543.536,27404.598,7344.0137,175.0,23766.496,24905.96,262.66772,872.3874,66.41261,0.05773715687397987,0.7177213106025768,-0.6963304677428093,1.0,6.233333333333333,0.06666666666666667
1647593793,1.0,1.2680763,1.3469692,13593.944,11283.231,16161.973,15067.909,11518.363,4482.309,175.0,24900.68,15648.324,640.9871,516.1356,33.793972,0.05774025402862391,0.7176706701241878,-0.696382660068083,1.0,6.25,0.05
1647593796,21.0,0.7,0.700035,17213.0,15424.0,15710.999,15919.0,16084.0,16309.0,16506.0,16696.0,16801.0,500.0,768.0,33.091583,0.05774954549255599,0.7175187259176972,-0.6965392149458957,0.0,0.0,0.0
1647593800,21.0,0.7,0.699924,17104.0,15219.0,15499.0,15693.0,15797.0,16091.0,16313.0,16525.0,16709.0,500.0,128.0,33.288193,0.057761934111132104,0.7173160805192894,-0.696747903210655,0.0,0.0,0.0
1647593810,21.0,0.7,0.699909,17990.0,15288.0,15602.0,15789.0,15897.0,16209.0,16502.0,16884.0,17386.0,500.0,384.0,32.722942,0.05779290565757239,0.7168092015141246,-0.6972693659015022,0.0,0.0,0.0
1647594152,31.0,0.7,0.700006,26675.0,23177.0,23705.0,24026.0,24287.996,24809.0,25396.0,25919.998,26079.0,500.0,640.0,33.41107,0.058852132545830146,0.6992475587756223,-0.714879606329858,0.0,0.0,0.0
1647594160,31.0,0.7,0.6999619,26994.002,23406.0,23902.002,24205.002,24398.0,24909.004,25387.0,25682.0,25906.0,500.0,512.0,33.44384,0.05887690978298237,0.6988315403678999,-0.7152862910660517,0.0,0.0,0.0
1647594178,31.0,0.7,0.70004094,27095.998,23201.004,23788.0,24093.0,24216.996,24808.0,25379.0,25881.0,26293.0,500.0,255.99997,34.009087,0.05893265856657489,0.697894634355381,-0.716200446340247,0.0,0.0,0.0
1647594179,31.0,0.7,0.699967,27003.0,23398.004,23920.0,24200.996,24401.0,24988.0,25487.002,25999.0,26402.002,500.0,896.0,32.915455,0.05893575572121892,0.6978425489437998,-0.7162511967763966,0.0,0.0,0.0
1647594182,31.0,0.7,0.7000039,26791.0,23379.002,23809.002,24195.004,24396.0,24985.0,25394.998,25796.0,26248.0,500.0,768.0,33.632256,0.058945047185151,0.697686270566929,-0.7164034253564188,0.0,0.0,0.0
1647594188,31.0,0.7,0.699987,27279.998,23398.004,23980.0,24211.002,24424.004,24896.998,25199.0,25889.996,26313.0,500.0,128.0,33.779713,0.05896363011301517,0.6973736141984128,-0.7167077802143934,0.0,0.0,0.0
1647594196,31.0,0.7,0.69995403,27022.0,23316.996,23800.0,24110.0,24305.0,24887.0,25506.0,25997.0,26506.0,500.0,384.0,33.705982,0.0589884073501674,0.6969565325194294,-0.7171133744245003,0.0,0.0,0.0
1647594550,41.0,0.7,0.69971406,36702.992,31805.004,32488.002,32818.0,33121.0,34299.996,34911.0,35401.0,35504.0,500.0,640.0,33.898495,0.0600848000941535,0.6782665516898561,-0.7348159530513418,0.0,0.0,0.0
1647594560,41.0,0.7,0.6999179,37711.0,31796.006,32694.0,33293.0,33499.0,34207.996,35025.0,35880.0,36290.996,500.0,512.0,34.34496,0.060115771640593785,0.6777319991457323,-0.7353090080598286,0.0,0.0,0.0
1647594581,41.0,0.7,0.6998919,36588.0,32003.006,32819.0,33307.0,33593.004,34210.0,34906.0,35501.0,35889.0,500.0,896.0,33.73875,0.060180811888118385,0.6766082724890081,-0.7363431575016096,0.0,0.0,0.0
1647594582,41.0,0.7,0.7000039,36413.0,31913.004,32792.004,33289.0,33692.996,34390.0,34815.004,35408.0,35591.004,500.0,768.0,34.68493,0.06018390904276241,0.6765547223144227,-0.7363923598965801,0.0,0.0,0.0
1647594583,41.0,0.7,0.70004094,37786.0,32299.998,32998.0,33523.0,33795.0,34605.0,34985.0,35618.0,36595.0,500.0,255.99997,34.54976,0.06018700619740644,0.6765011685618798,-0.736441558397142,0.0,0.0,0.0
1647594593,41.0,0.7,0.699987,37303.992,32318.004,33191.004,33599.0,33812.0,34512.992,35124.0,35908.0,36200.0,500.0,128.0,35.016705,0.060217977743846726,0.6759654343111039,-0.7369333291530521,0.0,0.0,0.0
1647594600,7.31184,1.3573537,0.7896069,17873.799,1799.6719,17954.195,29125.117,9315.895,17599.406,18621.559,5355.0835,19312.092,100.0,65.0,54.81933,0.06023965782635493,0.6755902076156604,-0.737277336810124,1.0,0.11666666666666667,8.483333333333333
1647594959,3.6770668,0.44629315,0.8717303,32940.484,1755.5078,19301.484,21071.594,33804.203,8184.9746,175.0,30313.775,24239.098,100.0,347.77032,55.038612,0.06135153634356117,0.6561139112851396,-0.7546618682682437,1.0,6.1,2.5
1647594972,16.202467,0.8366492,0.9674423,18908.74,4193.069,17596.234,14846.328,25232.93,7632.9277,175.0,37470.363,19446.562,100.0,476.20593,50.020878,0.06139179935393354,0.6554001709117939,-0.7552818122851835,1.0,6.316666666666666,2.283333333333333
1647594994,1.0,1.0791923,0.5769793,22648.605,4427.1685,16196.997,21608.96,25042.11,7802.1553,175.0,28390.506,27110.172,100.0,330.10406,48.07651,0.06145993675610217,0.6541909684819093,-0.7563294102153516,1.0,6.683333333333334,1.9166666666666667
1647594995,1.0,0.5260039,0.4811606,17670.203,530.8262,19198.197,7187.116,24496.293,165.0,175.0,20644.652,18037.184,100.0,231.73123,50.83411,0.0614630339107462,0.6541359649252897,-0.7563769823251235,1.0,6.7,1.9
1647594997,3.159605,0.90320295,0.8522171,22561.672,253.40039,15589.84,12187.091,26136.098,4893.0293,175.0,28182.984,26770.14,100.0,669.53564,68.451485,0.061469228220034255,0.654025947434153,-0.7564721145441241,1.0,6.733333333333333,1.8666666666666667
1647595011,1.0,0.3823167,0.68924725,18676.447,5740.656,15170.932,16233.366,21791.992,3095.584,175.0,27869.45,25796.975,100.0,253.50092,47.853683,0.06151258838505065,0.6532554377393774,-0.7571375918972287,1.0,6.966666666666667,1.6333333333333333
1647595019,1.9721241,1.4355986,1.3447216,15402.076,4315.655,17294.723,6360.5415,23527.6,165.0,175.0,34121.14,24238.852,423.05084,640.43243,54.188225,0.06153736562220288,0.6528148424169289,-0.7575175123521306,1.0,7.1,1.5
1647595109,1.0,0.7,0.69995403,356.00098,231.0,251.0,266.0,270.00098,280.0,291.00098,301.00098,308.0,600.0,640.0,32.186367,0.06181610954016545,0.6478429550818452,-0.7617739202354084,0.0,0.0,0.0
1647595126,1.0,0.7,0.69981194,345.0,238.00195,262.0,269.99902,274.99805,287.00098,295.0,305.99902,318.00098,600.0,512.0,33.94355,0.06186876116911393,0.6469006982810928,-0.7625742498691093,0.0,0.0,0.0
1647595135,1.0,0.7,0.699548,369.99902,213.0,234.0,250.99902,262.0,279.0,293.99902,307.99805,316.0,600.0,1024.0,31.854591,0.06189663556091019,0.6464014560814542,-0.7629974820245319,0.0,0.0,0.0
1647595139,1.0,0.7,0.699877,367.00195,223.00098,243.0,259.99805,267.00098,280.0,289.99902,305.0,316.0,600.0,768.0,34.26304,0.06190902417948631,0.6461794817658851,-0.7631854803026406,0.0,0.0,0.0
1647595140,1.0,0.7,0.699749,349.00098,222.0,243.0,257.99902,265.00195,280.0,289.99902,302.99902,308.0,600.0,896.0,31.793152,0.061912121334130335,0.6461239796429639,-0.7632324697825289,0.0,0.0,0.0
1647595142,1.0,0.7,0.699697,364.99902,226.99805,250.00098,263.99805,270.00098,285.00098,293.0,302.00195,314.00195,600.0,255.99997,34.59072,0.06191831564341839,0.6460129651463408,-0.7633264366329996,0.0,0.0,0.0
1647595151,1.0,0.7,0.700035,331.0,218.0,238.99902,257.00098,265.00195,286.00098,293.99902,303.9961,314.00195,600.0,128.0,34.914303,0.06194619003521465,0.6455132308317899,-0.7637490876073793,0.0,0.0,0.0
1647595160,1.0,0.7,0.6997429,343.99805,220.00098,237.99902,255.00098,263.00098,278.00098,288.0,299.0,309.0,600.0,384.0,34.88973,0.06197406442701091,0.6450132199998785,-0.7641714114159128,0.0,0.0,0.0
1647595616,10.999998,0.7,0.699988,11792.0,8996.0,9309.0,9584.0,9788.0,10119.0,10401.0,11000.0,11497.0,600.0,640.0,33.083393,0.06338636694468791,0.61932236254926,-0.7851368105282053,0.0,0.0,0.0
1647595622,10.999998,0.7,0.7000439,11336.0,8794.0,9087.0,9307.0,9519.0,10084.0,10297.0,10607.0,11032.0,600.0,512.0,32.731136,0.06340494987255209,0.6189797230444545,-0.7854069661390904,0.0,0.0,0.0
1647595640,10.999998,0.7,0.69997895,10904.0,9015.0,9316.0,9523.0,9605.0,9976.0,10280.0,10418.0,10603.0,600.0,1024.0,33.746944,0.0634606986561446,0.6179510977210733,-0.7862165355837542,0.0,0.0,0.0
1647595642,10.999998,0.7,0.7000669,10908.0,8902.0,9198.0,9404.0,9616.0,10101.0,10319.0,10509.0,10599.0,600.0,255.99997,34.717697,0.06346689296543266,0.6178367406255817,-0.7863064046115597,0.0,0.0,0.0
1647595643,10.999998,0.7,0.6999549,10997.0,8993.0,9374.0,9594.0,9713.0,10108.0,10388.0,10591.0,10694.0,600.0,896.0,33.112064,0.06346999012007669,0.6177795571765436,-0.7863513328880124,0.0,0.0,0.0
1647595648,10.999998,0.7,0.7001101,11093.0,8800.0,9105.0,9314.0,9513.0,10005.0,10211.0,10485.0,10584.0,600.0,128.0,33.144833,0.06348547589329682,0.6174935909305218,-0.7865759118862778,0.0,0.0,0.0
1647595654,10.999998,0.7,0.6999549,10985.0,8783.0,9113.0,9387.0,9542.0,9902.0,10202.0,10394.0,10492.0,600.0,384.0,33.19808,0.063504058821161,0.6171503236733982,-0.7868452694080457,0.0,0.0,0.0
1647596126,21.0,0.7,0.6999549,20403.0,17501.0,18003.0,18295.0,18501.0,19004.0,19295.0,19709.0,20007.0,600.0,640.0,33.058815,0.06496591581314247,0.5897837883282714,-0.8075611946008505,0.0,0.0,0.0
1647596132,9.716068,0.77079487,1.1164575,30697.72,3034.169,22894.215,20846.037,11650.572,23476.043,26902.656,12939.852,26600.95,100.0,65.0,53.885612,0.06498449874100663,0.5894313671522701,-0.807818459443089,1.0,0.1,9.166666666666666
1647596153,1.0,1.0307089,0.9871125,24020.447,101.13,21659.562,30069.518,13216.459,17215.305,22263.094,16556.098,19735.516,100.0,65.0,46.455734,0.06504953898853123,0.5881970097489058,-0.8087176749165593,1.0,0.45,8.816666666666666
1647596157,1.0,0.8181354,1.142228,32466.102,1789.1489,29751.398,22541.602,17332.244,21800.795,26914.553,6620.6343,27487.348,100.0,65.0,47.341187,0.06506192760710736,0.5879617384310266,-0.8088887402734477,1.0,0.5166666666666667,8.75
1647596163,8.128548,1.256252,0.32311136,28612.537,101.13,24695.271,28673.566,15673.234,24673.18,15284.396,14626.957,25002.396,100.0,65.0,58.3213,0.06508051053497152,0.5876087381774161,-0.8091452099700923,1.0,0.6166666666666667,8.65
1647596166,1.0,1.0865794,1.3784978,30164.8,101.13,21910.715,34409.703,9608.559,19644.5,19001.719,9175.982,21388.916,100.0,65.0,45.144733,0.0650898019989036,0.587432196094256,-0.8092733870527806,1.0,0.6666666666666666,8.6
1647596172,5.243395,0.5818855,1.3676078,21296.996,6323.7827,24603.332,28648.826,16704.582,23091.68,19858.82,14228.822,18562.709,100.0,65.0,40.22468,0.06510838492676778,0.5870790280572405,-0.8095296256563843,1.0,0.7666666666666667,8.5
1647596654,1.0,0.5411814,0.78524876,25232.73,101.13,9543.503,19190.754,24765.469,165.0,175.0,32363.242,28156.418,325.12683,260.48398,46.075993,0.06660121346518953,0.5583485634117861,-0.829606461966151,1.0,8.8,0.4666666666666667
1647596666,1.0,0.7928103,1.797278,16867.918,6253.6104,16926.172,11920.121,24575.406,724.9414,175.0,34865.484,20929.441,850.4281,1024.0,56.785187,0.06663837932091787,0.5576243826874582,-0.8300933970538684,1.0,9.0,0.26666666666666666
1647596682,31.0,0.7,0.70002496,31113.998,26879.002,27647.998,28017.998,28306.998,29011.0,29683.998,30095.0,30432.0,600.0,768.0,34.680832,0.06668793379522232,0.5566581479089278,-0.8307416604255514,0.0,0.0,0.0
1647596683,31.0,0.7,0.70007205,31195.998,26684.002,27404.004,27799.004,28101.996,28820.0,29395.0,29791.998,30098.998,600.0,1024.0,34.34496,0.06669103094986636,0.556597733198672,-0.8307821395516998,0.0,0.0,0.0
1647596686,31.0,0.7,0.70008206,31103.998,26883.0,27610.002,28002.998,28219.002,28994.998,29497.002,30288.0,30603.002,600.0,255.99997,34.209793,0.06670032241379845,0.5564164714077917,-0.8309035505677552,0.0,0.0,0.0
1647596689,31.0,0.7,0.69996506,30507.998,26608.004,27413.0,27911.002,28117.002,28814.0,29295.0,29784.998,30098.998,600.0,896.0,33.62816,0.06670961387773053,0.5562351831334501,-0.8310249220357336,0.0,0.0,0.0
1647596693,31.0,0.7,0.70003796,30793.998,26710.998,27411.0,27979.0,28212.002,28803.0,29300.004,29809.004,30208.004,600.0,128.0,34.463745,0.06672200249630664,0.5559934242527479,-0.8311866891304889,0.0,0.0,0.0
1647596699,31.0,0.7,0.700048,30791.0,26783.998,27411.0,27798.0,27995.002,28688.004,29392.996,30179.996,30395.002,600.0,384.0,34.471935,0.06674058542417081,0.5556306977270041,-0.8314292078965008,0.0,0.0,0.0
1647597178,41.0,0.7,0.6999439,40808.008,35103.0,36185.0,36606.0,36912.996,37810.0,38490.996,39179.0,39604.0,600.0,640.0,34.922497,0.06822412249866049,0.5263375968034042,-0.8502756812888494,0.0,0.0,0.0
1647597199,41.0,0.7,0.70000094,42899.004,35800.008,36508.992,37089.0,37478.0,38295.0,39101.0,39990.996,40301.0,600.0,512.0,35.405823,0.06828916274618509,0.5250384738973902,-0.8510784928122079,0.0,0.0,0.0
1647597214,41.0,0.7,0.7000849,40200.0,35593.992,36302.0,36806.0,37195.0,38021.996,38712.0,39387.0,39815.0,600.0,768.0,35.50003,0.06833562006584551,0.5241097790885192,-0.8516507144738291,0.0,0.0,0.0
1647597216,41.0,0.7,0.7000741,40999.0,35585.008,36425.008,36909.0,37308.0,38297.008,39007.0,39811.0,40289.008,600.0,1024.0,34.689026,0.06834181437513356,0.5239859059700791,-0.8517269341430477,0.0,0.0,0.0
1647597218,41.0,0.7,0.700021,41003.992,35196.0,36100.004,36686.0,36987.004,37804.0,38706.0,39604.992,40191.0,600.0,896.0,34.361343,0.06834800868442162,0.5238620217672478,-0.8518031357948452,0.0,0.0,0.0
1647597219,41.0,0.7,0.7000091,42319.0,35398.004,36279.992,36921.0,37389.0,38395.004,38912.0,39396.004,39904.0,600.0,255.99997,35.135487,0.06835110583906565,0.5238000755100043,-0.8518412298637075,0.0,0.0,0.0
1647597225,41.0,0.7,0.70003796,40411.004,35297.0,36290.008,36793.004,37095.0,38097.0,38888.0,39700.996,39899.0,600.0,128.0,34.62349,0.06836968876692982,0.5234283398055937,-0.8520696996656788,0.0,0.0,0.0
1647597235,41.0,0.7,0.700006,41602.0,35652.0,36503.0,37286.0,37797.0,38608.004,39504.004,40299.0,40900.0,600.0,384.0,35.422207,0.06840066031337011,0.5228085588812742,-0.8524501221540679,0.0,0.0,0.0
1647597712,51.0,0.7,0.70005393,54426.0,44407.996,45311.992,46105.0,46599.0,48223.0,50441.004,51828.0,52622.992,600.0,640.0,35.446785,0.06987800307857171,0.4929298291597194,-0.8700690682495096,0.0,0.0,0.0
1647597740,51.0,0.7,0.69995195,54425.004,45017.0,46009.996,46611.992,47091.008,48504.0,50024.008,51209.008,52611.0,600.0,512.0,35.794945,0.06996472340860452,0.49115715866730514,-0.8710709761493949,0.0,0.0,0.0
1647597747,18.444454,0.9549366,0.6520142,26487.271,4697.7173,17394.129,19695.566,10674.035,22978.66,207.07324,1970.3105,14272.43,100.0,317.38458,57.93756,0.06998640349111271,0.4907136725653445,-0.8713208889711253,1.0,0.11666666666666667,2.4833333333333334
1647597753,31.817556,1.1769862,0.52777374,19499.623,635.21387,20984.879,23228.715,13736.703,23889.14,175.0,10518.764,9211.73,100.0,529.6922,61.69085,0.07000498641897689,0.49033344040608073,-0.8715349202525028,1.0,0.21666666666666667,2.3833333333333333
1647597754,13.499439,0.8267249,0.4076389,19719.992,910.583,22191.941,17344.205,15447.611,22530.762,1524.8301,6512.235,10518.061,118.453735,474.10376,59.72358,0.07000808357362091,0.4902700593016378,-0.8715705760019486,1.0,0.23333333333333334,2.3666666666666667
1647597761,33.836315,1.1184518,0.46178645,24149.29,8137.715,23054.23,19475.277,12903.745,23063.086,175.0,13447.201,8919.755,100.0,262.87024,47.3427,0.07002976365612912,0.48982631899114215,-0.8718200371771618,1.0,0.35,2.25
1647597762,24.930496,0.49379095,1.056334,32985.22,7364.4688,23414.094,21117.664,15710.135,30691.115,175.0,5969.95,18948.086,100.0,351.91638,43.032326,0.07003286081077315,0.4897629171537519,-0.871855656046944,1.0,0.36666666666666664,2.2333333333333334
1647597781,49.68122,0.43925524,0.50149095,23691.312,1200.7036,18738.113,10212.526,21096.094,17793.527,175.0,16124.295,13392.14,100.0,424.6656,62.541817,0.07009170674900969,0.48855779050483394,-0.8725315383050831,1.0,0.6833333333333333,1.9166666666666667
1647597860,36.549976,0.77995116,0.8605169,18127.816,8049.6235,14882.495,16742.178,21001.219,18346.863,175.0,22943.887,15803.691,245.31648,690.89777,51.74327,0.07033638196588794,0.4835370251127219,-0.8753239088161244,1.0,2.0,0.6
1647597880,17.773169,0.72850513,0.61549187,12709.476,5125.0586,13029.912,8202.123,14240.108,9520.361,175.0,20195.57,12850.975,406.5223,588.0251,53.52921,0.07039832505876852,0.4822634071056688,-0.8760262588340786,1.0,2.3333333333333335,0.26666666666666666
1647597896,1.0,0.7,0.69995093,334.99902,199.00195,216.00098,226.99902,237.00195,266.99902,278.0,284.99902,290.00098,700.0,768.0,32.497665,0.07044787953307297,0.4812437780415876,-0.8765868046555682,0.0,0.0,0.0
1647597901,1.0,0.7,0.699926,352.99902,199.00195,218.99902,229.0,236.0,260.00195,273.0,284.99902,300.0,700.0,896.0,32.321537,0.0704633653062931,0.4809250102787258,-0.8767617318795383,0.0,0.0,0.0
1647597913,1.0,0.7,0.699859,325.99707,205.00098,223.0,234.0,243.99902,270.00098,278.0,293.0,304.99805,700.0,128.0,34.787327,0.07050053116202146,0.4801597083043404,-0.8771810842243981,0.0,0.0,0.0
1647597931,1.0,0.7,0.70001894,367.99805,206.0,221.0,233.0,240.0,264.99805,276.0,290.99902,308.0,700.0,384.0,32.882687,0.07055627994561396,0.4790110699077693,-0.8778088601203649,0.0,0.0,0.0
1647598431,10.999998,0.7,0.70016,11833.0,8707.0,9002.0,9178.0,9290.0,9601.0,10395.0,10791.0,11135.0,700.0,640.0,33.46432,0.07210485726762823,0.4467834506694765,-0.8946421341563763,0.0,0.0,0.0
1647598454,10.999998,0.7,0.69997597,12208.0,8798.0,9003.0,9193.0,9297.0,9673.0,9988.0,11006.0,11209.0,700.0,512.0,33.308674,0.07217609182444089,0.4452864415284738,-0.8953881755925243,0.0,0.0,0.0
1647598464,10.999998,0.7,0.7001019,11300.0,8712.0,9001.0,9197.0,9289.0,9501.0,9722.0,10297.0,10593.0,700.0,768.0,34.320385,0.07220706337088117,0.4446351791849278,-0.8957117602394127,0.0,0.0,0.0
1647598467,10.999998,0.7,0.7001461,10102.0,8713.0,8999.0,9178.0,9209.0,9408.0,9600.0,9901.0,9994.0,700.0,1024.0,34.582527,0.07221635483481326,0.44443975461288227,-0.8958087432703707,0.0,0.0,0.0
1647598469,10.999998,0.7,0.70006806,10387.0,8789.0,8999.0,9185.0,9287.0,9500.0,9702.999,9909.0,10083.0,700.0,896.0,33.685505,0.07222254914410131,0.44430945981218634,-0.8958733749372191,0.0,0.0,0.0
1647598480,10.999998,0.7,0.6997859,10288.0,8721.0,8994.0,9109.0,9208.0,9412.0,9616.0,9893.0,9995.0,700.0,255.99997,35.65568,0.07225661784518563,0.4435926704766357,-0.8962285103138635,0.0,0.0,0.0
1647598481,10.999998,0.7,0.6999499,10610.0,8787.0,9007.0,9193.0,9292.0,9576.0,9783.0,9986.0,10005.0,700.0,128.0,34.189312,0.07225971499982965,0.4435274937272443,-0.896260766913307,0.0,0.0,0.0
1647598497,10.999998,0.7,0.6999891,10598.0,8698.0,8986.0,9102.0,9194.0,9404.0,9601.999,9908.0,10082.0,700.0,384.0,33.06701,0.07230926947413412,0.44248434697064754,-0.8967762277658566,0.0,0.0,0.0
1647598999,21.0,0.7,0.70016,19808.0,16705.0,17194.0,17482.0,17617.0,18200.0,18616.0,18990.0,19209.0,700.0,640.0,33.959934,0.07386404110543643,0.40945866202195663,-0.9123286710912845,0.0,0.0,0.0
1647599029,21.0,0.7,0.70007503,21482.0,16906.0,17389.002,17693.0,17901.002,18323.0,18876.0,19582.0,19990.0,700.0,512.0,34.955265,0.07395695574475729,0.40746729676552573,-0.9132197994276049,0.0,0.0,0.0
1647599037,21.0,0.7,0.700112,19604.0,16812.0,17219.0,17517.0,17728.0,18209.0,18503.0,19001.0,19220.0,700.0,768.0,33.861633,0.07398173298190952,0.4069359380958859,-0.9134566997324073,0.0,0.0,0.0
1647599042,21.0,0.7,0.7001461,20014.0,17005.0,17408.998,17699.0,17878.0,18296.0,18678.0,19000.0,19185.0,700.0,1024.0,33.579006,0.07399721875512966,0.40660376897336353,-0.9136046054265793,0.0,0.0,0.0
1647599043,1.0,0.74461025,1.0736356,28800.504,3477.831,26182.242,26344.234,10567.676,20455.602,28299.723,12189.433,26303.152,100.0,65.0,53.63994,0.07400031590977368,0.40653732869648546,-0.913634172071254,1.0,0.016666666666666666,9.95
1647599049,1.0,1.11845,1.3676386,30848.264,101.13,20208.059,31978.615,11256.162,18675.395,25708.402,12544.597,26722.041,100.0,65.0,56.76941,0.07401889883763786,0.40613864189811616,-0.9138114704670508,1.0,0.11666666666666667,9.85
1647599051,1.0,1.032658,0.93673384,21857.762,101.13,23867.768,37836.15,12307.439,27396.59,17378.346,13022.261,20516.049,100.0,65.0,54.648613,0.07402509314692592,0.40600572911200783,-0.9138705312724702,1.0,0.15,9.816666666666666
1647599072,1.0,0.7828315,1.0695416,24901.45,3237.106,23481.889,29228.938,11935.559,27438.646,16369.941,5400.521,25725.336,100.0,65.0,44.07232,0.07409013339445052,0.4046096268563812,-0.9144895023209069,1.0,0.5,9.466666666666667
1647599595,1.0,0.42439324,1.2950454,22912.445,2401.0718,13962.152,13977.732,29842.014,165.0,175.0,28440.332,19404.352,100.0,653.9325,44.988888,0.07570994527327744,0.3695440431941072,-0.9292132156506125,1.0,9.216666666666667,0.75
1647599627,1.0,0.1,0.9273877,18832.326,1307.0625,11950.316,14902.342,23467.008,165.0,175.0,26076.021,20161.734,321.7909,395.245,41.768238,0.07580905422188636,0.367380667185854,-0.9300706668732633,1.0,9.75,0.21666666666666667
1647599633,1.0,0.34726834,1.1985075,19726.566,101.13,13426.646,12610.336,33865.03,165.0,175.0,38867.21,20269.684,231.80145,765.4584,62.78888,0.07582763714975052,0.36697481234135554,-0.9302308783882778,1.0,9.85,0.11666666666666667
1647599638,1.0,0.6375674,1.9239987,22242.59,8412.345,13646.871,13666.265,17313.656,165.0,175.0,30631.707,23472.652,941.46387,795.42017,40.63197,0.07584312292297067,0.3666365465971698,-0.9303642526985338,1.0,9.933333333333334,0.03333333333333333
1647599640,31.0,0.7,0.700076,30504.998,25907.0,26511.002,26986.0,27208.0,27987.002,28700.002,29518.0,29921.0,700.0,1024.0,35.30752,0.07584931723225873,0.3665012267242976,-0.9304175679820245,0.0,0.0,0.0
1647599643,31.0,0.7,0.700063,30922.0,25701.0,26496.0,26820.0,27222.002,28007.998,28511.0,29419.002,29909.0,700.0,255.99997,35.17645,0.07585860869619081,0.36629823237907894,-0.9304975040030802,0.0,0.0,0.0
1647599651,31.0,0.7,0.700084,32337.0,25916.0,26681.996,27178.998,27490.004,28233.0,28919.002,29704.998,30136.0,700.0,128.0,34.594814,0.07588338593334304,0.3657568289160577,-0.9307104501945112,0.0,0.0,0.0
1647599666,31.0,0.7,0.700095,30211.0,25708.0,26499.0,26904.002,27203.0,28083.0,28698.0,29412.002,29704.004,700.0,384.0,34.492416,0.07592984325300346,0.36474136389957573,-0.9311088751916594,0.0,0.0,0.0
1647600204,41.0,0.7,0.7000039,40396.004,35098.0,35971.0,36499.0,36698.004,37489.004,38187.0,38999.0,39408.0,700.0,640.0,35.58605,0.07759611245149081,0.32804239776812183,-0.9446630008984904,0.0,0.0,0.0
1647600238,41.0,0.7,0.70008093,40825.992,35107.0,35911.0,36709.0,37184.004,38006.0,38591.0,39392.004,39703.996,700.0,512.0,35.405823,0.07770141570938778,0.3257056711154978,-0.9454712136301153,0.0,0.0,0.0
1647600240,41.0,0.7,0.69997704,40384.0,34914.0,35698.008,36182.0,36409.0,37187.0,37816.0,38692.996,39211.0,700.0,768.0,35.536896,0.07770761001867585,0.3255681544571566,-0.9455185755993168,0.0,0.0,0.0
1647600247,41.0,0.7,0.6999719,39598.0,35008.0,35793.0,36230.0,36592.0,37582.0,38006.0,38505.0,38708.0,700.0,896.0,34.725887,0.07772929010118404,0.32508679193642104,-0.945684184973232,0.0,0.0,0.0
1647600249,41.0,0.7,0.700018,40404.0,34889.0,35679.004,36210.004,36597.0,37378.004,37891.0,38691.992,38897.004,700.0,255.99997,34.930687,0.0777354844104721,0.32494924430919997,-0.9457314569278532,0.0,0.0,0.0
1647600253,41.0,0.7,0.70002496,40301.0,35211.0,36111.0,36682.008,36901.0,37711.0,38426.0,39090.996,39586.0,700.0,1024.0,35.127296,0.07774787302904822,0.32467412843575055,-0.9458259408181221,0.0,0.0,0.0
1647600264,41.0,0.7,0.70000505,40388.0,35113.0,35821.0,36484.004,36786.0,37669.004,38399.004,39005.0,39597.0,700.0,128.0,35.270657,0.07778194173013253,0.32391741819814945,-0.9460853588275453,0.0,0.0,0.0
1647600273,41.0,0.7,0.70000005,41610.004,34779.0,35802.996,36397.0,36791.996,37785.0,38402.992,39116.996,39711.996,700.0,384.0,35.80723,0.07780981612192879,0.3232981374450254,-0.9462971596304078,0.0,0.0,0.0
1647600834,51.0,0.7,0.69995797,50903.008,45009.996,46093.008,46713.996,47215.992,48285.0,49082.008,49607.996,50503.0,700.0,640.0,36.667393,0.0795473198772288,0.2844336816870549,-0.958695718526972,0.0,0.0,0.0
1647600869,51.0,0.7,0.699946,51916.004,45115.0,46271.004,46811.008,47115.0,48088.0,48894.008,49912.004,50412.004,700.0,768.0,36.663296,0.07965572028976979,0.28199262178153667,-0.9594165733719505,0.0,0.0,0.0
1647600875,51.0,0.7,0.70008093,51314.0,45716.992,46801.0,47314.0,47685.992,48693.0,49392.004,50379.996,50807.008,700.0,512.0,36.29056,0.07967430321763395,0.2815739704985242,-0.9595395245312703,0.0,0.0,0.0
1647600876,51.0,0.7,0.69995195,53601.008,45089.004,46001.0,46609.0,46972.0,47822.996,48491.0,49112.0,49787.99,700.0,896.0,35.323902,0.07967740037227798,0.2815041900706755,-0.9595599986309626,0.0,0.0,0.0
1647600889,28.118914,1.2860246,0.6760422,28918.227,3913.5117,19966.188,30037.81,13259.341,29698.156,4071.5454,7891.722,18306.305,100.0,377.4643,61.34238,0.07971766338265036,0.2805969091681844,-0.9598257000962527,1.0,0.21666666666666667,3.0
1647600891,9.724451,0.84294844,0.59802735,32236.033,2249.1406,18667.871,18699.385,11657.825,18991.576,175.0,6929.346,15645.374,100.0,205.3782,55.266262,0.07972385769193842,0.28045730521153844,-0.959866501110171,1.0,0.25,2.966666666666667
1647600901,45.69728,1.0178126,0.8914777,21267.39,101.13,16820.223,22560.666,11275.391,23067.855,175.0,17807.98,14481.647,100.0,395.70453,64.39855,0.0797548292383787,0.279759196495523,-0.9600702015874565,1.0,0.4166666666666667,2.8
1647600921,16.839664,1.1426607,0.408602,19490.71,2651.2563,22883.066,21156.363,15955.721,21224.346,175.0,4072.124,10119.585,100.0,341.18506,48.2921,0.07981677233125928,0.27836253558109436,-0.9604760792361587,1.0,0.75,2.466666666666667
1647601005,14.1322155,0.4455839,0.25443572,21218.29,4818.909,19815.05,13589.786,24514.01,17473.258,175.0,16973.709,14088.548,100.0,461.23352,52.012066,0.08007693332135767,0.2724901639604823,-0.9621585682956784,1.0,2.15,1.0666666666666667
1647601043,34.810417,0.77951056,0.9638258,13767.523,4578.3184,12814.311,14814.121,17116.26,11336.774,175.0,21712.5,12030.251,280.21542,585.2178,54.50473,0.08019462519783076,0.26983026136484667,-0.9629079032035092,1.0,2.783333333333333,0.43333333333333335
1647601044,41.817432,1.016967,0.26710358,19774.705,4892.0645,12189.518,15933.975,25684.688,13072.797,175.0,29895.912,19189.734,100.0,399.2663,62.475456,0.08019772235247478,0.269760236012642,-0.9629275232676672,1.0,2.8,0.4166666666666667
1647601058,19.920486,1.4705638,0.65747607,2145.3936,8793.95,15848.848,15796.6875,13949.271,16888.965,175.0,19566.715,7724.5874,493.2462,720.38446,46.458466,0.08024108251749118,0.2687797314545417,-0.9632016694126025,1.0,3.033333333333333,0.18333333333333332
1647601069,1.0,0.7,0.699844,342.99707,200.0,217.99902,230.00098,239.00195,262.00098,275.00098,287.99805,296.99902,800.0,128.0,35.647488,0.0802751512185755,0.2680091395170073,-0.9634163695595759,0.0,0.0,0.0
1647601095,1.0,0.7,0.699774,308.99805,205.00098,221.0,232.0,243.99902,264.99805,276.0,289.00098,295.0,800.0,384.0,33.357822,0.08035567723932023,0.2661870595303778,-0.9639213916801365,0.0,0.0,0.0
1647601674,10.999998,0.7,0.700037,11985.0,8986.0,9303.0,9523.0,9700.0,10198.0,10506.0,10889.0,11448.0,800.0,640.0,33.861633,0.08214892977821275,0.2253761820607064,-0.9742718186213432,0.0,0.0,0.0
1647601709,10.999998,0.7,0.70003796,10799.0,8910.0,9205.0,9494.0,9613.0,9989.0,10282.0,10582.0,10694.0,800.0,768.0,34.05824,0.08225733019075375,0.2228956680884737,-0.9748423057845782,0.0,0.0,0.0
1647601714,10.999998,0.7,0.700058,11314.0,9004.0,9308.0,9509.0,9703.0,10175.0,10400.0,10620.0,10716.0,800.0,512.0,33.275906,0.0822728159639739,0.22254119069641995,-0.9749232884916739,0.0,0.0,0.0
1647601715,10.999998,0.7,0.7000791,11397.0,9090.0,9404.0,9602.0,9771.0,10104.0,10398.0,10596.0,10812.0,800.0,896.0,33.90259,0.08227591311861793,0.22247029168578436,-0.9749394695657992,0.0,0.0,0.0
1647601719,10.999998,0.7,0.700114,11187.0,9096.0,9397.0,9606.0,9795.0,10199.0,10475.0,10790.0,10880.0,800.0,255.99997,33.538048,0.08228830173719404,0.22218668388165674,-0.9750041423018021,0.0,0.0,0.0
1647601731,10.999998,0.7,0.700052,11106.0,9091.0,9391.0,9588.0,9703.0,10100.0,10385.0,10678.0,10820.0,800.0,1024.0,32.78848,0.08232546759292238,0.22133574776205017,-0.9751976654825493,0.0,0.0,0.0
1647601742,10.999998,0.7,0.700174,11308.0,9085.0,9316.0,9597.0,9708.0,10096.0,10402.0,10694.0,10902.0,800.0,128.0,34.066433,0.08235953629400669,0.22055557489746175,-0.9753744093329751,0.0,0.0,0.0
1647601759,10.999998,0.7,0.700063,11108.0,8914.0,9211.0,9405.0,9522.0,9998.0,10292.0,10489.0,10684.0,800.0,384.0,33.94355,0.08241218792295518,0.21934957577125017,-0.9756463312127877,0.0,0.0,0.0
1647602341,21.0,0.7,0.699993,21306.0,17116.0,17704.0,18097.0,18296.002,18909.0,19588.0,20296.0,20686.0,800.0,640.0,34.5088,0.08421473192577979,0.17787198354442993,-0.984053635464028,0.0,0.0,0.0
1647602372,21.0,0.7,0.7001091,20711.0,17185.0,17604.0,17904.0,18090.0,18598.0,19096.998,19502.0,19892.998,800.0,768.0,34.127872,0.08431074371974467,0.1756530990349858,-0.984452126210008,0.0,0.0,0.0
1647602380,21.0,0.7,0.7001159,20790.0,17190.998,17614.0,17914.0,18182.0,18814.0,19392.0,20089.0,20200.0,800.0,512.0,33.984512,0.08433552095689689,0.17508033831016648,-0.984554150434194,0.0,0.0,0.0
1647602381,21.0,0.7,0.70006394,20806.0,17233.0,17695.002,17991.0,18115.0,18598.0,19000.0,19404.002,19694.0,800.0,896.0,33.804287,0.08433861811154093,0.1750087390489852,-0.984566880032273,0.0,0.0,0.0
1647602384,21.0,0.7,0.7000921,20908.0,17099.0,17587.0,17896.0,18108.0,18716.0,19279.0,19704.0,20189.0,800.0,255.99997,34.848766,0.08434790957547302,0.17479393571375657,-0.9846050375849674,0.0,0.0,0.0
1647602399,21.0,0.7,0.70005995,21302.0,17199.0,17704.0,18006.998,18297.0,18818.0,19408.002,19999.0,20308.0,800.0,1024.0,34.463745,0.08439436689513344,0.17371979444848704,-0.9847951223563078,0.0,0.0,0.0
1647602404,2.5742683,0.9552464,1.0157512,22077.67,101.13,16757.246,36292.97,5821.0146,23968.457,33847.742,15760.928,32657.47,100.0,65.0,52.351322,0.08440985266835359,0.173361701361114,-0.9848582235536137,1.0,0.08333333333333333,11.566666666666666
1647602428,1.0,0.5291233,0.30892217,29871.727,1529.6304,21295.402,26657.285,21163.412,17727.715,34984.367,6653.829,33201.285,100.0,65.0,53.7055,0.08448418437981027,0.171642536322254,-0.985159296624086,1.0,0.48333333333333334,11.166666666666666
1647603011,1.0,0.40940565,1.1623253,23159.875,5732.0723,8679.371,21633.895,27564.688,165.0,175.0,47730.473,11832.624,246.67757,443.37125,39.526363,0.0862898255372789,0.129733051588035,-0.9915489576040389,1.0,10.2,1.45
1647603044,1.0,0.2015242,1.761959,21118.992,5284.509,7246.725,16100.349,14827.861,165.0,175.0,35966.7,26008.863,399.93112,663.12006,56.896114,0.08639203164053184,0.12735313361902556,-0.9918574390291252,1.0,10.75,0.9
1647603053,1.0,0.35042018,1.7743642,24805.979,5786.377,17461.496,20139.635,15575.3545,165.0,175.0,29109.459,26345.928,284.52588,529.0818,55.40496,0.0864199060323281,0.12670393721255013,-0.9919405790141052,1.0,10.9,0.75
1647603055,1.0,0.4214223,1.4402033,35716.97,1196.3809,12203.141,19102.367,23539.367,165.0,175.0,39428.72,25897.479,355.65317,626.54626,59.483063,0.08642610034161616,0.12655966396384608,-0.9919589968629542,1.0,10.933333333333334,0.7166666666666667
1647603071,1.0,0.966703,1.3053725,27651.662,2610.0586,14403.683,15580.518,28631.197,165.0,175.0,42791.746,15196.426,368.48703,783.4735,63.849594,0.08647565481592061,0.12540538184989272,-0.9921055842011386,1.0,11.2,0.45
1647603074,1.0,1.0531082,1.9239987,19662.799,5399.9033,13461.682,13356.854,28582.75,165.0,175.0,49747.74,24704.062,618.22534,1024.0,56.795788,0.0864849462798527,0.12518893500503603,-0.9921329198007215,1.0,11.25,0.4
1647603098,31.0,0.7,0.700118,30793.998,25211.0,26184.996,26713.0,27203.0,28417.0,29396.004,29996.002,30314.0,800.0,384.0,35.311615,0.08655927799130939,0.12345714660376299,-0.9923499044956153,0.0,0.0,0.0
1647603689,41.0,0.7,0.70005995,41801.0,33991.004,35098.0,36001.0,36495.004,37699.0,38824.0,39703.0,40097.996,800.0,640.0,35.065857,0.08838969638593025,0.08070632855489843,-0.9967379236946835,0.0,0.0,0.0
1647603722,41.0,0.7,0.7000849,41187.992,33820.0,34991.996,35925.0,36598.0,38005.0,38989.0,39604.0,40398.0,800.0,768.0,35.684353,0.08849190248918319,0.0783140991497959,-0.9969287346016042,0.0,0.0,0.0
1647603729,41.0,0.7,0.70005393,40799.0,33797.996,34900.0,35717.0,36286.0,37583.008,38426.0,39686.004,40005.0,800.0,896.0,35.794945,0.08851358257169138,0.0778065981005923,-0.9969684715636763,0.0,0.0,0.0
1647603731,41.0,0.7,0.7000731,42609.0,33709.008,34804.0,35898.0,36501.008,38006.0,39080.004,40299.0,40698.004,800.0,512.0,35.52461,0.08851977688097945,0.07766159409174911,-0.996979777529679,0.0,0.0,0.0
1647603734,41.0,0.7,0.7000741,41508.004,33893.0,34997.0,35997.0,36595.0,38016.0,39088.0,39910.0,40514.0,800.0,255.99997,36.089855,0.08852906834491153,0.07744408499909423,-0.9969966969346754,0.0,0.0,0.0
1647603753,41.0,0.7,0.70007205,42013.996,33888.0,34889.0,35923.0,36817.0,38625.0,39505.0,40216.0,40697.0,800.0,128.0,35.29523,0.08858791428314808,0.07606644224107034,-0.9971027511569637,0.0,0.0,0.0
1647603758,41.0,0.7,0.7000791,41390.004,34101.996,35211.0,36098.0,36802.008,38389.004,39318.004,40290.0,40700.996,800.0,1024.0,34.545666,0.08860340005636821,0.07570388042917052,-0.9971303437805741,0.0,0.0,0.0
1647603784,41.0,0.7,0.70007104,43305.0,34104.016,35287.0,36223.0,36804.004,38395.004,39584.004,40886.996,41401.0,800.0,384.0,35.741695,0.08868392607711295,0.0738183987441748,-0.997271700193506,0.0,0.0,0.0
1647604381,51.0,0.7,0.700006,51011.008,43115.0,44415.008,45300.0,45902.0,47318.008,48405.992,49612.004,50096.0,800.0,640.0,35.909634,0.09053292739959799,0.030465824995200463,-0.9995358090170465,0.0,0.0,0.0
1647604419,51.0,0.7,0.70000005,51103.004,43402.996,44607.004,45600.004,46285.004,47486.0,48384.004,49199.0,49894.0,800.0,768.0,36.642815,0.09065061927607107,0.027703556964017346,-0.9996161828079523,0.0,0.0,0.0
1647604430,51.0,0.7,0.70006806,52211.004,43612.008,44920.004,46002.0,46691.0,48009.99,48988.008,49902.004,50309.008,800.0,512.0,36.491264,0.09068468797715538,0.02690391264331621,-0.999638024229011,0.0,0.0,0.0
1647604431,51.0,0.7,0.70000094,52189.996,43903.0,45006.004,45917.008,46502.004,47764.0,48410.996,49375.99,50199.008,800.0,896.0,36.048897,0.09068778513179941,0.026831216843693762,-0.9996399780934567,0.0,0.0,0.0
1647604456,51.0,0.7,0.700055,53105.004,43811.004,45198.0,46292.004,46795.01,48624.996,49597.992,50334.008,51024.008,800.0,128.0,36.01613,0.09076521399790013,0.02501377673626676,-0.999687106535534,0.0,0.0,0.0
1647604464,51.0,0.7,0.700029,51386.004,43699.008,45286.004,46432.996,47015.004,48284.008,49208.004,50090.004,50590.008,800.0,1024.0,35.610622,0.09078999123505235,0.02443217815265353,-0.9997014897811831,0.0,0.0,0.0
1647604487,51.0,0.7,0.700063,51613.008,43576.004,44769.008,45697.996,46205.004,47706.992,48801.0,50195.996,50601.004,800.0,384.0,36.36429,0.09086122579186501,0.022760036846914907,-0.9997409568096763,0.0,0.0,0.0
1647604582,1.0,0.768364,0.8630214,31459.008,101.13,25836.39,30685.107,8471.953,16844.426,39242.594,12559.446,21800.846,181.7222,65.0,52.829918,0.09115545548304772,0.015852743306426727,-0.9998743373692819,1.0,1.5833333333333333,12.266666666666667
1647604613,1.0,0.7000819,0.8587413,28621.96,101.13,20489.373,31614.074,13403.721,13660.615,26503.824,18895.426,27870.414,100.0,65.0,54.483997,0.09125146727701261,0.013598604606608302,-0.9999075347014609,1.0,2.1,11.75
1647604614,1.0,0.3487383,0.8408605,34743.957,101.13,20170.676,26684.598,13052.889,13200.865,31541.326,19174.76,29418.334,100.0,65.0,54.48516,0.09125456443165664,0.013525889242814218,-0.9999085209758897,1.0,2.1166666666666667,11.733333333333333
1647604618,1.0,0.1104911,0.97467923,27964.691,101.13,18299.34,26198.035,12958.422,12248.17,31670.387,20668.45,35448.71,100.0,65.0,52.28995,0.09126695305023275,0.013235027076166318,-0.9999124131934223,1.0,2.183333333333333,11.666666666666666
1647604619,1.0,0.23297912,1.1836146,38687.85,101.13,20106.496,35648.895,10341.502,23420.441,31754.736,21112.52,34434.945,100.0,65.0,52.92762,0.09127005020487677,0.01316231135856012,-0.999913373027734,1.0,2.2,11.65
1647604652,1.0,0.6243297,1.2025585,29751.73,101.13,16190.553,22668.777,11726.67,14665.549,24895.543,22107.422,22147.473,100.0,65.0,51.127098,0.09137225630812972,0.01076265592818402,-0.999942080941377,1.0,2.75,11.1
1647604653,1.0,0.80265284,0.55793446,30198.99,101.13,16199.164,33924.46,14704.316,16499.672,27688.496,9956.394,21980.305,100.0,65.0,45.638027,0.09137535346277376,0.010689938059615874,-0.999942860979707,1.0,2.7666666666666666,11.083333333333334
1647604680,1.0,1.0789918,1.2971501,11615.973,101.13,23356.973,23174.332,7924.3164,19132.758,16322.7295,13765.011,20062.074,126.06436,65.0,43.26802,0.09145897663816252,0.008726535498374403,-0.9999619230641713,1.0,3.216666666666667,10.633333333333333
1647605318,10.999998,0.7,0.70004094,11383.0,8810.0,9112.0,9299.0,9486.0,9924.0,10204.0,10585.0,10616.0,900.00006,640.0,33.726463,0.09343496130105272,-0.037661114501529244,-0.999290568580782,0.0,0.0,0.0
1647605353,10.999998,0.7,0.700159,11015.0,8793.0,9094.0,9393.0,9509.0,9905.0,10303.0,10594.0,10704.0,900.00006,512.0,34.94707,0.09354336171359372,-0.04020445589330314,-0.9991914740060203,0.0,0.0,0.0
1647605354,10.999998,0.7,0.700112,11093.0,8819.0,9194.0,9401.0,9506.0,9904.0,10198.0,10404.0,10618.0,900.00006,768.0,34.996223,0.09354645886823774,-0.04027711904142536,-0.9991885476133735,0.0,0.0,0.0
1647605355,10.999998,0.7,0.700118,11193.0,8799.0,9106.0,9317.0,9495.0,9915.0,10206.0,10488.0,10592.0,900.00006,255.99997,35.598335,0.09354955602288177,-0.04034978197654217,-0.9991856159365213,0.0,0.0,0.0
1647605391,10.999998,0.7,0.6999979,11506.0,8809.0,9187.0,9389.0,9509.0,9906.0,10295.0,10607.0,10718.0,900.00006,128.0,34.4064,0.09366105359006681,-0.04296550253745954,-0.9990765564218308,0.0,0.0,0.0
1647605396,10.999998,0.7,0.7001101,11915.0,8899.0,9202.0,9410.0,9578.0,9916.0,10284.0,10580.0,10719.0,900.00006,1024.0,35.17235,0.09367653936328695,-0.043328774176439974,-0.9990608676794258,0.0,0.0,0.0
1647605417,10.999998,0.7,0.70012,11806.0,8798.0,9122.0,9416.0,9610.0,9976.0,10200.0,10506.0,10896.0,900.00006,384.0,36.401154,0.09374157961081155,-0.04485445194439399,-0.9989935325820524,0.0,0.0,0.0
1647606064,21.0,0.7,0.700076,20606.0,17178.0,17696.0,18001.0,18289.0,18912.0,19288.998,19723.0,20018.0,900.00006,640.0,33.878017,0.095745438665498,-0.09179128269963147,-0.9957782687026044,0.0,0.0,0.0
1647606102,21.0,0.7,0.700159,20602.998,17212.0,17891.0,18199.0,18394.0,18887.0,19209.0,19584.0,20110.0,900.00006,512.0,34.57024,0.0958631305419711,-0.09454270020103171,-0.9955208073358878,0.0,0.0,0.0
1647606106,21.0,0.7,0.700058,20409.0,17297.0,17790.998,18091.0,18289.0,18798.998,19188.0,19492.0,19889.0,900.00006,768.0,34.000896,0.0958755191605472,-0.0948322814613736,-0.9954932638611026,0.0,0.0,0.0
1647606107,21.0,0.7,0.700027,20781.0,17292.002,17897.0,18277.0,18409.002,18998.998,19401.0,19880.0,20192.0,900.00006,255.99997,34.054146,0.09587861631519123,-0.09490467552361499,-0.9954863648306577,0.0,0.0,0.0
1647606109,21.0,0.7,0.7001019,20996.0,17387.998,17881.0,18116.0,18299.0,18922.0,19402.002,19793.0,20110.998,900.00006,896.0,34.46784,0.09588481062447929,-0.09504946214200657,-0.9954725509759248,0.0,0.0,0.0
1647606141,21.0,0.7,0.70004594,21296.0,17193.0,17711.0,18011.0,18293.0,18810.0,19394.0,19882.0,20094.0,900.00006,128.0,34.62349,0.0959839195730882,-0.09736577250187399,-0.9952486655831865,0.0,0.0,0.0
1647606152,21.0,0.7,0.700078,21003.0,17310.0,17806.0,18193.0,18395.0,18997.0,19480.0,19792.0,19995.0,900.00006,1024.0,34.009087,0.09601798827417252,-0.09816188304354045,-0.995170460131,0.0,0.0,0.0
1647606178,21.0,0.7,0.70010096,21696.0,17498.0,18099.0,18404.0,18617.002,19302.0,19713.998,20391.998,20802.0,900.00006,384.0,34.955265,0.09609851429491725,-0.10004334824792116,-0.9949830794899706,0.0,0.0,0.0
1647606839,31.0,0.7,0.7000239,31694.0,26303.002,27081.0,27505.0,27800.0,28610.0,29302.0,29892.0,30395.998,900.00006,640.0,35.004417,0.09814573351462012,-0.14773748747562043,-0.9890266097504106,0.0,0.0,0.0
1647606884,1.0,1.1927637,0.5125071,21371.684,101.13,24920.645,32303.344,13506.821,20276.35,37097.246,5312.622,20822.79,160.57782,65.0,51.8554,0.0982851054736014,-0.15097327263572463,-0.9885378449759317,1.0,0.75,13.066666666666666
1647606885,1.0,0.1,1.0007085,34932.047,101.13,12445.926,30423.314,6925.507,17608.215,31731.293,19437.5,27129.242,100.0,65.0,62.707138,0.09828820262824543,-0.1510451607371812,-0.9885268632757934,1.0,0.7666666666666667,13.05
1647606889,1.0,0.88078845,1.26248,32087.922,101.13,23171.982,37658.906,8979.145,16064.219,38274.375,17951.082,22309.05,100.0,65.0,57.083282,0.09830059124682154,-0.1513327051511875,-0.988482884197609,1.0,0.8333333333333334,12.983333333333333
1647606891,1.0,1.2387056,0.120751664,22633.475,101.13,20460.875,31238.455,12567.171,19442.582,35259.04,7200.6475,18859.682,100.0,65.0,52.27986,0.0983067855561096,-0.15147647255777585,-0.9884608632927524,1.0,0.8666666666666667,12.95
1647606917,1.0,0.1,1.562958,37813.137,101.13,27374.107,25269.805,15294.246,19526.945,29754.768,25496.215,28819.244,100.0,65.0,60.622414,0.09838731157685435,-0.15334515614234545,-0.9881726888999107,1.0,1.3,12.516666666666667
1647606936,1.0,0.7545401,1.1588049,22320.941,101.13,22225.637,25731.574,14679.927,12101.463,38042.047,20415.602,26522.406,100.0,65.0,64.58813,0.09844615751509088,-0.15471038629946807,-0.9879598657693891,1.0,1.6166666666666667,12.2
1647606959,1.0,0.27188855,0.98217714,27714.955,101.13,14940.742,34935.504,18252.643,22245.426,33364.227,20565.219,29242.848,100.0,65.0,57.057632,0.09851739207190355,-0.1563626379036136,-0.9876997142187617,1.0,2.0,11.816666666666666
1647607616,1.0,0.2670833,1.9239987,27896.688,5501.2207,16797.154,10340.066,35238.594,165.0,175.0,57031.918,16048.098,767.3309,675.9586,30.523512,0.10055222267303028,-0.20335694974483073,-0.9791046680465161,1.0,12.95,0.8666666666666667
1647607668,41.0,0.7,0.69998085,41701.0,34902.0,36013.0,36816.0,37286.004,38493.0,39281.008,40198.0,40786.0,900.00006,896.0,35.196926,0.10071327471451977,-0.20705801694903828,-0.9783286654377106,0.0,0.0,0.0
1647607670,41.0,0.7,0.699907,41063.0,34811.996,35899.0,36588.996,37100.004,38406.0,39065.0,39947.0,40104.0,900.00006,768.0,36.274178,0.10071946902380782,-0.20720030689497243,-0.9782985397222206,0.0,0.0,0.0
1647607678,41.0,0.7,0.70001006,41908.004,35089.004,36090.008,36695.0,37095.0,38296.0,39080.004,40082.992,40597.0,900.00006,255.99997,35.684353,0.10074424626096005,-0.20776942281748653,-0.9781778299174892,0.0,0.0,0.0
1647607696,41.0,0.7,0.70000505,41788.0,34798.0,35599.0,36206.0,36706.996,38192.004,39300.0,40182.996,40776.0,900.00006,128.0,36.122623,0.10079999504455257,-0.2090496762333565,-0.977905022416149,0.0,0.0,0.0
1647607718,41.0,0.7,0.7000091,40905.0,35115.008,36107.004,36804.004,37280.0,38021.996,38680.0,39376.0,39711.996,900.00006,1024.0,35.741695,0.1008681324467212,-0.21061394374199022,-0.9775693155482356,0.0,0.0,0.0
1647607743,41.0,0.7,0.69997895,41597.004,35184.0,35980.0,36706.0,37082.0,38299.004,39208.0,39917.0,40624.004,900.00006,384.0,36.06528,0.10094556131282191,-0.21239086585980935,-0.9771847932194404,0.0,0.0,0.0
1647608392,51.0,0.7,0.7000471,53368.01,43493.0,44484.996,45110.004,45484.008,46495.984,47304.996,48308.004,49221.992,900.00006,640.0,36.175873,0.10295561467679643,-0.2582570484671568,-0.9660762376319131,0.0,0.0,0.0
1647608444,51.0,0.7,0.69996595,48875.996,43302.0,44301.0,45004.0,45400.008,46391.992,47097.0,48085.0,48505.004,900.00006,896.0,36.114433,0.10311666671828591,-0.26190845563272014,-0.9650927213838489,0.0,0.0,0.0
1647608446,51.0,0.7,0.7000561,49884.996,43696.0,44624.01,45103.0,45420.0,46291.0,47105.0,48080.0,48502.0,900.00006,512.0,36.50765,0.10312286102757397,-0.2620488199084813,-0.9650546181354568,0.0,0.0,0.0
1647608447,51.0,0.7,0.70001394,51100.992,43602.996,44596.008,45103.0,45509.996,46398.008,47388.0,48098.0,48411.996,900.00006,768.0,36.78208,0.103125958182218,-0.26211899996778065,-0.9650355588556779,0.0,0.0,0.0
1647608462,51.0,0.7,0.699973,49691.996,43703.0,44514.0,45200.008,45586.008,46587.996,47303.992,47908.0,48410.0,900.00006,255.99997,37.060608,0.10317241550187843,-0.2631715343035866,-0.9647490572849999,0.0,0.0,0.0
1647608481,51.0,0.7,0.70001006,50098.0,43694.996,44716.0,45389.004,45799.004,46814.0,47699.004,48302.0,48570.0,900.00006,128.0,37.1712,0.10323126144011496,-0.2645042947570088,-0.9643845073699066,0.0,0.0,0.0
1647608508,51.0,0.7,0.70003796,53072.0,44084.004,45090.01,45698.996,46088.996,46898.004,47914.992,50313.004,51811.016,900.00006,1024.0,35.999744,0.10331488461550374,-0.2663973482191174,-0.963863295733281,0.0,0.0,0.0
1647608536,51.0,0.7,0.70000196,54882.996,43700.004,44590.008,45311.008,45768.992,46974.0,48814.004,51122.01,52290.004,900.00006,384.0,36.687874,0.10340160494553653,-0.26835942986964495,-0.9633188550007932,0.0,0.0,0.0
1647608595,1.0,0.7,0.69997895,311.00098,194.00098,210.99902,224.0,231.0,255.0,267.00098,277.99902,288.00098,1000.0,640.0,35.516415,0.10358433706953422,-0.2724901639604821,-0.9621585682956784,0.0,0.0,0.0
1647608647,1.0,0.7,0.699857,343.99805,194.00098,212.00195,221.0,228.99902,258.99902,273.0,283.00098,293.0,1000.0,896.0,35.098625,0.1037453891110237,-0.27612665454442026,-0.9611212569962785,0.0,0.0,0.0
1647608652,1.0,0.56172657,0.921579,21916.076,4367.9014,27666.822,33426.67,8754.618,13150.998,44410.16,11229.74,24907.15,100.0,65.0,44.114326,0.10376087488424385,-0.2764761098339806,-0.9610207909775255,1.0,0.08333333333333333,12.716666666666667
1647608654,1.0,0.33483803,1.2872478,28549.965,101.13,32708.203,32954.805,10481.231,16232.029,38143.31,8784.48,19733.22,100.0,65.0,54.01761,0.1037670691935319,-0.27661588171739054,-0.9609805689927922,1.0,0.11666666666666667,12.683333333333334
1647608666,1.0,0.90872127,1.0540222,27310.004,101.13,22392.594,39108.785,12966.373,17426.08,32651.54,22083.902,16906.41,108.59976,65.0,47.980686,0.10380423504926024,-0.2774543900322679,-0.9607388102142133,1.0,0.31666666666666665,12.483333333333333
1647608685,1.0,0.31861287,0.6815845,26105.783,101.13,22166.11,29458.646,13136.322,23610.133,28744.75,11853.718,34898.234,100.0,65.0,60.730972,0.10386308098749679,-0.27878159581888023,-0.9603545292404667,1.0,0.6333333333333333,12.166666666666666
1647608709,1.0,0.2491476,0.99943674,30562.531,101.13,18470.012,29584.176,7842.172,21742.246,21383.326,13792.246,24132.5,100.0,65.0,43.24385,0.10393741269895347,-0.28045730521153817,-0.9598665011101711,1.0,1.0333333333333334,11.766666666666667
1647608740,1.0,0.46509987,0.7756345,28206.07,2714.5,16791.684,36177.945,11817.138,16014.178,31742.236,15612.511,36428.883,100.0,65.0,49.116943,0.10403342449291836,-0.28262049801724776,-0.9592318041539714,1.0,1.55,11.25
1647609367,1.0,0.1,1.2013373,26827.438,1125.1729,6768.7373,24979.113,30763.668,165.0,175.0,37985.21,19980.84,270.80713,250.33594,45.57434,0.10597534045472425,-0.326049432611352,-0.9453527212071775,1.0,12.0,0.8
1647609412,1.0,0.8791056,1.4930054,15980.986,9009.219,11665.389,8979.609,18253.697,165.0,175.0,61268.035,19788.035,923.22766,876.94275,65.08654,0.10611471241370553,-0.329141340771672,-0.9442806668544189,1.0,12.75,0.05
1647609415,10.999998,0.7,0.7001329,9896.0,8206.0,8417.0,8604.0,8715.0,9080.0,9302.0,9502.0,9616.0,1000.0,768.0,35.95469,0.10612400387763761,-0.3293473430207981,-0.9442088368815136,0.0,0.0,0.0
1647609418,10.999998,0.7,0.7001091,10478.0,8296.0,8504.0,8703.0,8801.0,9020.0,9298.0,9593.0,9782.001,1000.0,512.0,34.512897,0.1061332953415697,-0.329553329594154,-0.9441369619675987,0.0,0.0,0.0
1647609430,10.999998,0.7,0.70012903,9814.0,8289.0,8496.0,8611.0,8716.0,9004.0,9279.0,9503.0,9610.0,1000.0,255.99997,33.959934,0.10617046119729805,-0.3303771189337868,-0.9438490129703005,0.0,0.0,0.0
1647609453,10.999998,0.7,0.7000849,9912.0,8301.0,8512.0,8700.0,8800.0,9113.0,9313.0,9597.0,9696.0,1000.0,128.0,34.332672,0.1062416957541107,-0.3319553447184792,-0.9432951018174724,0.0,0.0,0.0
1647609479,10.999998,0.7,0.70005995,9909.0,8302.0,8579.0,8707.0,8875.0,9188.0,9397.0,9592.0,9700.0,1000.0,1024.0,33.47661,0.10632222177485544,-0.33373830752747374,-0.9426657637194094,0.0,0.0,0.0
1647609507,10.999998,0.7,0.70014393,9993.0,8299.0,8509.0,8710.0,8808.0,9100.0,9378.0,9526.0,9690.0,1000.0,384.0,34.369537,0.10640894210488824,-0.3356570868191453,-0.9419842461889077,0.0,0.0,0.0
1647610151,21.0,0.7,0.70006394,19398.0,16196.001,16693.0,16986.0,17185.0,17695.0,18187.0,18705.0,18908.0,1000.0,640.0,34.19341,0.10840350969564261,-0.3793888753762824,-0.9252373107699017,0.0,0.0,0.0
1647610203,21.0,0.7,0.700118,20002.0,16199.001,16704.002,17087.0,17288.0,17804.0,18284.0,18697.0,19306.998,1000.0,512.0,33.923073,0.1085645617371321,-0.3828849825029763,-0.9237960219516511,0.0,0.0,0.0
1647610208,21.0,0.7,0.7000439,19904.0,16398.998,16916.0,17202.0,17395.0,17906.998,18399.0,18913.0,19103.0,1000.0,896.0,34.152447,0.10858004751035225,-0.38322085889699703,-0.9236567399777084,0.0,0.0,0.0
1647610214,21.0,0.7,0.70007205,20401.0,16499.0,16897.0,17208.0,17397.0,17908.0,18355.0,18904.0,19408.0,1000.0,768.0,34.381824,0.10859863043821641,-0.3836238436860589,-0.9234894404136597,0.0,0.0,0.0
1647610221,21.0,0.7,0.70012903,20596.0,16205.999,16702.0,17096.0,17296.998,17997.0,18493.0,19198.0,19596.0,1000.0,255.99997,35.192833,0.10862031052072461,-0.38409390029114193,-0.9232940353750468,0.0,0.0,0.0
1647610253,21.0,0.7,0.700077,21209.0,16493.0,16906.0,17206.0,17407.0,18193.0,18897.0,19696.0,20116.998,1000.0,128.0,34.14016,0.10871941946933353,-0.3862414611214755,-0.9223977090771354,0.0,0.0,0.0
1647610277,21.0,0.7,0.7001511,22093.0,16426.002,16914.0,17289.0,17505.0,18196.0,18687.0,19809.0,20210.998,1000.0,1024.0,34.05824,0.10879375118079021,-0.38785075972853017,-0.92172218600726,0.0,0.0,0.0
1647610301,21.0,0.7,0.7001101,21519.0,16294.0,16780.0,17083.0,17309.0,18290.002,19107.0,19979.0,20401.0,1000.0,384.0,34.39411,0.10886808289224689,-0.38945887687490865,-0.9210438552117564,0.0,0.0,0.0
1647610949,31.0,0.7,0.7000669,31190.002,24324.002,24997.0,25305.998,25606.0,26405.0,27099.0,28376.0,29474.002,1000.0,640.0,34.906113,0.11087503910157738,-0.4324136357913584,-0.9016753559800215,0.0,0.0,0.0
1647610996,31.0,0.7,0.70006394,30492.998,24093.0,24716.0,25220.0,25610.002,26615.004,27905.0,28875.002,29312.0,1000.0,512.0,34.65216,0.11102060536984672,-0.43549297306952905,-0.9001921297184632,0.0,0.0,0.0
1647611009,1.0,0.76360613,1.2480642,28023.488,101.13,16309.168,31679.006,2720.124,18183.4,46375.348,15068.172,31281.201,186.26825,65.0,57.070107,0.1110608683802191,-0.4363438079777756,-0.8997800182486018,1.0,0.21666666666666667,13.483333333333333
1647611018,1.0,0.21403599,1.0066838,33383.88,101.13,26073.703,28349.371,8193.125,17259.666,35739.41,21348.895,23877.5,100.0,65.0,58.763924,0.11108874277201534,-0.43693261912264697,-0.8994942391959072,1.0,0.36666666666666664,13.333333333333334
1647611023,1.0,0.6623246,1.2046344,18670.398,101.13,16474.895,28178.818,8240.541,19632.94,42786.016,11965.799,22512.719,100.0,65.0,53.312202,0.1111042285452355,-0.4372596555664115,-0.8993353065536476,1.0,0.45,13.25
1647611048,1.0,0.7451438,0.6786745,26188.842,101.13,22394.875,31116.65,12600.294,20499.441,33128.812,16573.418,19584.594,100.0,65.0,58.33162,0.1111816574113362,-0.4388939697533752,-0.8985388602136934,1.0,0.8666666666666667,12.833333333333334
1647611081,1.0,0.6625951,0.9548013,33002.992,101.13,18982.127,34144.03,10539.722,16151.066,36009.336,23401.883,22963.758,100.0,65.0,55.07712,0.11128386351458915,-0.44104904231660286,-0.8974830038901057,1.0,1.4166666666666667,12.283333333333333
1647611095,1.0,0.6304277,0.6299155,22710.764,6038.7,17369.48,31933.396,15990.123,17773.615,42671.24,9499.23,23617.586,100.0,65.0,42.70351,0.11132722367960554,-0.441962548856676,-0.8970335029463004,1.0,1.65,12.05
1647611756,1.0,0.18461305,1.3638339,30051.686,101.13,11013.619,18357.402,27450.75,165.0,175.0,34642.047,17517.605,100.0,542.30206,49.715786,0.11337444289930841,-0.48455518317873814,-0.874760695535996,1.0,12.666666666666666,1.0333333333333334
1647611803,1.0,0.8425986,1.9239987,16600.984,4108.6836,9420.893,14239.51,19896.129,165.0,175.0,52943.875,16857.61,1000.0,807.615,48.062065,0.11352000916757775,-0.4875422234709711,-0.8730994103382396,1.0,13.45,0.25
1647611818,41.0,0.7,0.7000091,37448.0,32786.996,33503.0,33905.008,34199.0,34986.0,35398.996,36010.0,36540.004,1000.0,896.0,35.196926,0.11356646648723817,-0.48849433692897565,-0.8725670649229894,0.0,0.0,0.0
1647611824,41.0,0.7,0.7001,38208.008,32713.0,33388.0,33881.0,34191.004,34821.0,35398.996,35893.0,36104.996,1000.0,768.0,35.89325,0.11358504941510235,-0.4888750196213658,-0.8723538360036076,0.0,0.0,0.0
1647611829,41.0,0.7,0.7000471,38875.0,32688.002,33311.0,33791.0,34094.004,34901.0,35507.0,36013.004,36598.0,1000.0,255.99997,35.67616,0.11360053518832249,-0.48919218410254905,-0.8721760183661196,0.0,0.0,0.0
1647611857,41.0,0.7,0.7001209,38004.0,32701.002,33507.0,33976.0,34205.996,34874.0,35409.004,35821.008,36405.992,1000.0,128.0,35.59424,0.11368725551835529,-0.49096710877323413,-0.8711781092881359,0.0,0.0,0.0
1647611895,41.0,0.7,0.70002294,38312.0,33021.992,33766.0,34187.0,34488.0,35289.0,35985.0,36707.0,37190.0,1000.0,1024.0,35.70483,0.11380494739482837,-0.4933726777297609,-0.8698180274458363,0.0,0.0,0.0
1647611902,41.0,0.7,0.700078,37508.0,32608.008,33411.0,33907.996,34187.0,34883.0,35509.008,36188.0,36586.0,1000.0,384.0,35.692543,0.11382662747733657,-0.49381539844901323,-0.869566761240701,0.0,0.0,0.0
1647612604,51.0,0.7,0.69998085,49398.0,42702.992,43618.996,44298.996,44602.01,45585.996,46286.0,47301.004,47801.008,1000.0,640.0,36.88448,0.1160008300374446,-0.5375449182381821,-0.8432351160123173,0.0,0.0,0.0
1647612661,51.0,0.7,0.70013094,49716.996,43106.004,44196.0,44909.0,45275.996,46087.0,46991.0,47724.0,48284.0,1000.0,512.0,36.323326,0.11617736785215423,-0.5410356320204437,-0.8409996699667837,0.0,0.0,0.0
1647612680,51.0,0.7,0.699988,51496.0,43312.0,44396.996,45096.996,45431.996,46385.992,47202.0,47894.004,48306.004,1000.0,896.0,36.548607,0.11623621379039077,-0.5421971404079571,-0.8402513082009656,0.0,0.0,0.0
1647612687,51.0,0.7,0.700099,51016.0,43382.004,44322.004,45004.0,45311.996,46317.992,47097.0,48113.0,48508.004,1000.0,768.0,36.401154,0.11625789387289896,-0.5426248037342671,-0.8399751915219569,0.0,0.0,0.0
1647612691,51.0,0.7,0.70000505,50585.0,43411.0,44317.996,44909.0,45378.004,46362.0,46994.0,47715.004,48711.008,1000.0,255.99997,36.92544,0.11627028249147509,-0.5428691196522505,-0.8398173128293978,0.0,0.0,0.0
1647612725,51.0,0.7,0.699985,51209.0,43309.008,44300.0,45081.996,45486.992,46578.0,47609.996,48595.004,49404.004,1000.0,128.0,36.663296,0.11637558574937205,-0.5449439482282479,-0.8384724761668738,0.0,0.0,0.0
1647612786,51.0,0.7,0.7000471,63389.008,43905.0,45081.016,45897.0,46402.008,48211.996,54875.992,59118.0,60723.004,1000.0,1024.0,36.30285,0.11656451218265779,-0.548658075987399,-0.8360468381937733,0.0,0.0,0.0
1647612790,51.0,0.7,0.7000489,63396.004,43511.004,44786.992,45697.996,46258.008,48297.0,56085.008,60506.01,61804.008,1000.0,384.0,36.29875,0.11657690080123391,-0.5489012489384802,-0.8358872046596817,0.0,0.0,0.0
1647612855,1.0,0.6000001,0.0,384.99805,250.0,285.00098,292.00098,295.99805,312.0,327.0,351.00195,384.99805,100.0,896.0,26.10094,0.11677821585309577,-0.5528462850773277,-0.8332832562077545,0.0,0.0,0.0
1647612856,1.0,0.6000001,0.0,379.99805,259.0,288.0,295.0,300.0,316.00098,367.0,375.0,380.00293,100.0,128.0,26.10094,0.11678131300773979,-0.552906881683839,-0.8332430498879984,0.0,0.0,0.0
1647612959,19.035484,0.733,1.3718244,19625.84,1306.9565,22119.885,27039.404,7701.709,23968.72,6494.2974,3133.332,16618.762,100.0,647.75635,48.150627,0.11710031993607473,-0.5591326126785556,-0.8290782360183219,1.0,1.7166666666666666,3.5
1647612960,28.475643,0.5037173,0.83520186,37737.25,3097.3062,22932.8,24497.047,22632.09,21067.521,175.0,25739.143,24538.035,100.0,355.07104,59.747566,0.11710341709071875,-0.5591929034707467,-0.8290375725550418,1.0,1.7333333333333334,3.4833333333333334
1647612961,18.5756,0.96572644,0.88804543,29343.312,1874.2275,21352.184,28214.338,11834.457,17559.518,4836.945,11473.204,20853.172,100.0,295.626,50.276325,0.11710651424536278,-0.5592531913056478,-0.8289969047073991,1.0,1.75,3.466666666666667
1647613064,26.060537,0.398156,1.089327,30942.229,2193.0552,16217.669,14180.857,20518.926,13860.297,175.0,28963.357,26350.594,100.0,489.99823,62.206676,0.11742552117369773,-0.5654469393623422,-0.8247846741821526,1.0,3.466666666666667,1.75
1647613065,22.20794,0.47871995,0.93296695,27668.932,6575.547,20190.312,19394.27,17702.184,10477.938,175.0,18619.844,10028.088,100.0,416.2382,42.183655,0.11742861832834176,-0.5655069179012091,-0.8247435515394317,1.0,3.4833333333333334,1.7333333333333334
1647613066,20.177153,0.2963187,1.0327635,21260.625,4408.7227,12357.992,18799.543,15952.288,12720.52,175.0,26431.092,19044.383,100.0,448.9842,57.840664,0.11743171548298578,-0.5655668934493947,-0.8247024245350568,1.0,3.5,1.7166666666666666
1647613067,18.167099,0.8229509,0.51235634,29787.102,7156.166,16084.221,29297.426,14868.577,14520.889,175.0,17788.0,19841.256,100.0,262.23334,50.603455,0.11743481263762981,-0.5656268660065812,-0.824661293169246,1.0,3.5166666666666666,1.7
1647613168,8.88665,0.5172938,1.2950749,3152.5693,5714.9463,15505.742,7975.0654,15726.061,8879.546,175.0,26296.795,10193.898,582.437,1024.0,55.214333,0.11774762525667669,-0.5716686316270886,-0.8204845980355829,1.0,5.2,0.016666666666666666
1647613169,31.0,0.6000001,0.55518204,31799.0,28408.998,28863.002,29215.0,29564.002,30579.0,30786.002,31693.004,31799.002,100.0,1024.0,29.024258,0.11775072241132072,-0.5717282974391418,-0.8204430229500036,0.0,0.0,0.0
1647613275,41.0,0.6000001,0.555949,45423.996,40016.004,40775.0,41692.008,42225.008,43323.004,44022.0,45423.0,45423.996,100.0,768.0,30.26944,0.11807902080358774,-0.5780356642313028,-0.8160115016816102,0.0,0.0,0.0
1647613276,41.0,0.6000001,0.55393505,47068.0,39274.004,40201.0,40676.992,41377.996,43761.0,44279.004,44974.0,47068.004,100.0,640.0,30.244864,0.11808211795823177,-0.578095004733775,-0.8159694635841813,0.0,0.0,0.0
1647613277,41.0,0.6000001,0.552522,47325.0,39883.996,40791.0,41347.008,41739.996,43044.0,45030.004,46439.008,47325.004,100.0,896.0,30.5152,0.1180852151128758,-0.5781543421789928,-0.8159274211715011,0.0,0.0,0.0
1647613278,41.0,0.6000001,0.554906,47639.0,40386.008,41337.008,41781.0,42339.008,43445.992,45241.008,46637.004,47639.0,100.0,255.99997,30.33088,0.11808831226751983,-0.5782136765666428,-0.8158853744437915,0.0,0.0,0.0
1647613385,51.0,0.6000001,0.5561181,56439.0,48392.004,49357.0,50350.996,51838.0,53553.008,54440.008,56236.0,56439.0,100.0,1024.0,31.174656,0.11841970781443088,-0.5845447236356677,-0.8113614891462996,0.0,0.0,0.0
1647613386,51.0,0.6000001,0.554772,58632.004,48834.016,51227.008,52239.008,52831.004,54338.0,56130.004,57228.004,58632.0,100.0,512.0,30.71181,0.11842280496907491,-0.5846037259624733,-0.8113189777090102,0.0,0.0,0.0
1647613390,51.0,0.6000001,0.557533,57350.996,50085.0,51962.99,52665.0,53346.996,54350.01,55658.0,57246.016,57351.0,100.0,896.0,31.27296,0.11843519358765102,-0.5848397043498281,-0.8111488890555207,0.0,0.0,0.0
1647613442,1.0,0.6000001,0.556692,404.00098,228.99902,255.99902,269.99902,275.99902,287.00098,299.00293,352.00098,374.0,200.0,128.0,28.340225,0.1185962456291405,-0.5879029128271944,-0.8089314959187214,0.0,0.0,0.0
1647613443,1.0,0.6000001,0.55106807,396.99902,235.00098,276.0,286.99902,292.99902,303.0,310.00098,354.00098,392.99902,200.0,640.0,30.609406,0.11859934278378453,-0.5879617384310264,-0.8088887402734478,0.0,0.0,0.0
1647613444,1.0,0.6000001,0.556855,384.99805,236.0,268.99902,282.00098,287.99902,296.00098,313.0,362.00098,383.99805,200.0,255.99997,28.540928,0.11860243993842856,-0.5880205609254242,-0.808845980350369,0.0,0.0,0.0
1647613445,1.0,0.6000001,0.5561181,376.99805,245.00098,276.0,286.99902,292.0,301.00195,312.00098,326.99805,359.00098,200.0,1024.0,28.159998,0.11860553709307259,-0.5880793803100774,-0.8088032161497104,0.0,0.0,0.0
1647613446,1.0,0.6000001,0.557533,387.99902,222.0,253.0,268.00098,276.99902,291.00098,305.00098,347.00098,362.99805,200.0,896.0,28.495872,0.11860863424771663,-0.5881381965846756,-0.8087604476716981,0.0,0.0,0.0
1647613631,10.999998,0.6000001,0.555646,11115.0,9697.0,9983.0,10110.0,10296.0,10496.0,10697.0,10903.0,11104.0,200.0,1024.0,28.737534,0.1191816078568619,-0.5989653661031404,-0.8007749310567426,0.0,0.0,0.0
1647613632,10.999998,0.6000001,0.555615,11747.0,9897.0,10196.0,10401.0,10499.0,10890.0,11047.0,11386.0,11710.0,200.0,384.0,29.433855,0.11918470501150592,-0.5990235985155854,-0.8007313709487338,0.0,0.0,0.0
1647613633,10.999998,0.6000001,0.555663,11486.0,9885.0,10178.0,10396.0,10416.0,10886.0,11000.0,11201.0,11405.0,200.0,255.99997,29.245438,0.11918780216614996,-0.5990818277600962,-0.8006878066060594,0.0,0.0,0.0
1647613635,5.770014,0.6725055,0.66473246,27688.832,101.13,24726.818,19368.938,10682.422,23244.785,9527.762,1434.6426,21006.043,100.0,82.00433,63.17,0.11919399647543802,-0.5991982767440835,-0.8006006652176356,1.0,0.03333333333333333,6.383333333333334
1647613636,1.0,1.2761223,1.2166984,20909.16,101.13,21839.957,34273.58,7662.825,18868.842,13984.019,5200.664,14459.371,100.0,65.0,44.21426,0.11919709363008205,-0.5992564964829434,-0.8005570881723476,1.0,0.05,6.366666666666666
1647613821,25.966131,0.4189662,0.8758607,22539.602,101.13,15697.356,19409.027,14211.225,10223.158,175.0,21617.2,17164.13,100.0,417.74017,73.23541,0.11977006723922733,-0.6099722985959354,-0.7924227375243539,1.0,3.1333333333333333,3.283333333333333
1647613822,10.004507,0.81485844,0.8767446,21137.957,2307.8628,23467.422,14776.506,15422.836,11366.23,175.0,20711.451,17884.553,100.0,289.83533,45.983913,0.11977316439387135,-0.6100299235906224,-0.7923783769917119,1.0,3.15,3.2666666666666666
1647613825,15.754353,0.21709538,1.1425257,28733.375,5847.326,14852.463,15956.961,17662.967,15286.412,175.0,25610.246,27900.258,100.0,655.12744,60.202003,0.11978245585780344,-0.6102027792166163,-0.7922452702517809,1.0,3.2,3.216666666666667
1647613826,1.0,0.56091917,0.8959267,10498.713,583.959,19354.08,23630.574,15699.057,16484.402,175.0,12486.081,16432.754,100.0,505.52438,62.184917,0.11978555301244746,-0.6102603913049096,-0.7922008929585845,1.0,3.216666666666667,3.2
1647613827,9.23518,0.5958053,0.62406933,23233.371,101.13,14855.682,16917.396,19598.797,11369.434,175.0,19881.852,20631.875,100.0,257.40625,55.83988,0.11978865016709149,-0.610318000165843,-0.7921565114758359,1.0,3.2333333333333334,3.183333333333333
1647614016,1.0,0.74922574,1.2414478,15272.578,3834.664,16411.148,11774.35,17422.488,6118.498,175.0,30831.07,16993.11,436.284,579.3712,53.074654,0.12037401239481288,-0.6211477802783103,-0.7836934573258398,1.0,6.383333333333334,0.03333333333333333
1647614018,31.0,0.6000001,0.5782881,33199.008,28602.0,29801.0,30322.0,30602.0,31891.004,32209.002,32788.0,32805.0,200.0,1024.0,30.12608,0.12038020670410095,-0.6212617573010044,-0.7836031067544768,0.0,0.0,0.0
1647614019,31.0,0.6000001,0.5779309,33890.0,28106.002,28998.996,29620.0,29808.002,30898.0,31992.998,32610.002,33706.0,200.0,128.0,30.547968,0.12038330385874497,-0.6213187408841909,-0.7835579252525519,0.0,0.0,0.0
1647614020,31.0,0.6000001,0.578295,35116.0,28105.0,29025.998,29681.002,30018.002,30906.0,31198.002,32593.004,32909.0,200.0,640.0,30.441471,0.120386401013389,-0.6213757211815355,-0.7835127396067831,0.0,0.0,0.0
1647614022,31.0,0.6000001,0.57822704,33279.0,28215.998,29101.998,29902.0,30291.0,30909.002,31717.004,32402.0,33199.0,200.0,255.99997,30.695423,0.12039259532267706,-0.6214896719174919,-0.783422355884671,0.0,0.0,0.0
1647614025,31.0,0.6000001,0.576993,33591.004,28686.0,29497.998,30043.002,30389.002,31307.004,32089.002,33000.0,33525.0,200.0,896.0,30.814207,0.12040188678660914,-0.6216605733700775,-0.7832867492286503,0.0,0.0,0.0
1647614213,41.0,0.6000001,0.5782881,45681.996,36906.992,38291.992,39416.008,40384.0,42293.0,43393.0,44688.0,45481.0,200.0,1024.0,31.141888,0.1209841518596865,-0.6323110386452481,-0.7747146251410049,0.0,0.0,0.0
1647614215,41.0,0.6000001,0.578127,46505.0,37507.004,38806.0,40094.0,40706.0,43104.0,44110.008,44707.004,46215.008,200.0,768.0,31.784962,0.12099034616897457,-0.6324237096316679,-0.7746226510345019,0.0,0.0,0.0
1647614216,41.0,0.6000001,0.57793,47009.0,37503.0,38800.0,39688.996,40202.0,41996.008,42815.004,44902.996,45207.0,200.0,384.0,31.4368,0.1209934433236186,-0.6324800401081707,-0.7745766578362446,0.0,0.0,0.0
1647614217,41.0,0.6000001,0.57828397,46017.996,37317.0,38617.004,40189.0,40706.0,42836.004,43921.008,45417.004,45814.0,200.0,128.0,31.137794,0.12099654047826262,-0.6325363672398047,-0.7745306605416412,0.0,0.0,0.0
1647614219,41.0,0.6000001,0.57782805,47402.004,37888.0,38789.996,39617.004,39922.0,42398.996,43911.008,46099.996,47010.01,200.0,640.0,31.289345,0.12100273478755068,-0.6326490114672754,-0.7744386536643683,0.0,0.0,0.0
1647614222,41.0,0.6000001,0.57837903,45037.996,37504.0,38985.0,39643.992,40005.0,41294.0,42634.004,43446.0,43821.0,200.0,512.0,31.182846,0.12101202625148276,-0.6328179527145189,-0.7743006126319447,0.0,0.0,0.0
1647614224,41.0,0.6000001,0.577795,46016.996,37490.0,39195.0,40294.992,40813.996,42028.008,43321.0,44332.008,44822.0,200.0,896.0,31.428608,0.12101822056077081,-0.6329305634798993,-0.7742085648021579,0.0,0.0,0.0
1647614407,51.0,0.6000001,0.577986,52594.004,46022.996,47295.004,47908.0,48389.996,49601.004,50489.0,51200.0,51899.004,200.0,768.0,32.74752,0.12158499986062804,-0.6431774846525626,-0.7657171300395483,0.0,0.0,0.0
1647614410,51.0,0.6000001,0.57776296,54904.0,46822.008,48504.996,49717.992,50010.004,51098.0,51805.004,52794.004,54702.004,200.0,1024.0,32.13312,0.12159429132456012,-0.6433445229079742,-0.7655767922581712,0.0,0.0,0.0
1647614411,51.0,0.6000001,0.5782809,53407.004,45509.0,47595.0,48426.004,49306.996,50722.0,52283.0,52798.996,52806.99,200.0,128.0,32.538624,0.12159738847920415,-0.6434001955221866,-0.7655300048998811,0.0,0.0,0.0
1647614412,51.0,0.6000001,0.5781369,55008.0,46700.996,48155.0,49510.008,50099.992,51318.02,52696.0,53994.0,54595.992,200.0,384.0,32.821247,0.12160048563384819,-0.6434558647337789,-0.7654832134930882,0.0,0.0,0.0
1647614414,28.79808,1.0811528,0.60296214,19978.018,3720.8193,12570.571,20183.396,11661.428,17945.387,4862.2407,9391.127,7323.391,100.0,355.66257,54.984474,0.12160667994313624,-0.643567192947926,-0.7653896185349832,1.0,0.03333333333333333,1.2833333333333334
1647614416,24.289387,0.66003567,1.285668,20076.578,3667.087,20485.049,22578.902,8551.631,20896.43,1761.6582,4787.2056,5846.7847,100.0,391.88766,42.579334,0.1216128742524243,-0.6436785075480607,-0.7652960073858358,1.0,0.06666666666666667,1.25
1647614420,10.379061,1.0469562,0.523419,27722.094,6971.34,19934.504,28805.844,14532.176,26740.848,323.34766,8498.359,16277.893,100.0,277.044,45.23336,0.12162526287100041,-0.6439010958968748,-0.7651087365223349,1.0,0.13333333333333333,1.1833333333333333
1647614483,16.086868,0.76368296,0.88414574,22019.488,8608.371,20030.309,19846.055,15352.695,17916.674,175.0,10695.157,9874.873,115.67239,367.68134,38.599808,0.12182038361357421,-0.6473996633690229,-0.7621506910511043,1.0,1.1833333333333333,0.13333333333333333
1647614485,31.936974,0.91277564,0.7767321,18810.055,10050.637,21204.531,19831.643,14053.296,16608.914,2830.9238,18746.041,5636.7544,124.08945,532.81085,41.787754,0.12182657792286226,-0.6475105068457166,-0.7620565225259889,1.0,1.2166666666666666,0.1
1647614487,14.835896,0.5002731,0.85986984,14855.056,6790.5757,14255.049,16535.008,12712.566,19180.246,175.0,7549.4106,14936.841,100.0,692.8359,45.648087,0.12183277223215032,-0.647621336624981,-0.7619623378803397,1.0,1.25,0.06666666666666667
1647614489,18.905827,0.81093687,0.6948112,18398.012,8923.481,16214.902,22079.203,16860.102,17617.896,4160.2783,15884.634,10030.938,211.73584,568.8321,47.738636,0.12183896654143839,-0.6477321527044717,-0.7618681371161488,1.0,1.2833333333333334,0.03333333333333333
1647614490,28.553225,0.91533905,0.8230908,12406.397,10093.887,16064.461,20483.986,11904.655,19056.746,175.0,19644.92,8991.309,304.28693,619.3259,45.374676,0.12184206369608241,-0.6477875556060695,-0.7618210306902229,1.0,1.3,0.016666666666666666
1647614491,1.0,0.6000001,0.578315,450.99902,213.99902,238.99902,263.99805,274.99805,302.0,313.0,366.00098,399.0,300.0,255.99997,31.985664,0.12184516085072644,-0.647842955081845,-0.7617739202354086,0.0,0.0,0.0
1647614499,1.0,0.6000001,0.57716393,461.99902,231.0,271.00195,285.00098,295.99805,310.0,348.0,376.0,398.00195,300.0,512.0,32.11264,0.12186993808787866,-0.6482860275232847,-0.7613968915868247,0.0,0.0,0.0
1647614742,10.999998,0.6000001,0.578403,11544.0,9113.0,9303.0,9414.0,9515.0,9892.0,10213.0,10810.0,10954.0,300.0,768.0,30.224384,0.1226225466663776,-0.6616391000590621,-0.7498224464985257,0.0,0.0,0.0
1647614743,10.999998,0.6000001,0.577829,11367.0,9099.0,9315.0,9489.0,9585.0,9802.0,10092.0,10306.0,10401.001,300.0,128.0,31.088642,0.12262564382102163,-0.6616936269365453,-0.7497743287627018,0.0,0.0,0.0
1647614745,10.999998,0.6000001,0.57749605,10805.0,9011.0,9298.0,9492.0,9585.0,9812.0,10008.0,10285.0,10323.0,300.0,1024.0,29.92947,0.12263183813030969,-0.66180267019313,-0.7496780813957703,0.0,0.0,0.0
1647614748,10.999998,0.6000001,0.578318,10594.0,9081.0,9324.0,9488.0,9595.0,9814.0,10093.0,10214.0,10300.0,300.0,896.0,29.708288,0.12264112959424177,-0.6619662088277266,-0.7495336806109827,0.0,0.0,0.0
1647614750,10.999998,0.6000001,0.577991,10541.0,9103.0,9382.0,9490.0,9596.0,9793.0,9994.0,10210.0,10386.0,300.0,640.0,29.536257,0.12264732390352982,-0.6620752170805735,-0.7494373936011677,0.0,0.0,0.0
1647614751,10.999998,0.6000001,0.577793,11049.0,9176.0,9396.0,9514.0,9611.0,9903.0,10095.0,10210.0,10300.0,300.0,255.99997,29.827072,0.12265042105817385,-0.662129715955067,-0.7493892441510369,0.0,0.0,0.0
1647614758,10.999998,0.6000001,0.577742,10478.0,9084.0,9298.0,9408.0,9505.0,9896.0,10012.0,10200.0,10299.0,300.0,512.0,30.511105,0.12267210114068205,-0.6625111100135985,-0.749052087046388,0.0,0.0,0.0
1647615008,21.0,0.6000001,0.578403,20956.0,17899.0,18298.0,18609.0,18797.0,19301.0,19788.0,20257.0,20571.0,300.0,768.0,30.875648,0.12344638980168919,-0.676019023827642,-0.7368841696108839,0.0,0.0,0.0
1647615011,21.0,0.6000001,0.5785401,21133.0,17904.0,18296.0,18514.0,18695.0,19190.998,19601.0,20310.0,20829.0,300.0,1024.0,29.58541,0.12345568126562127,-0.6761797709253756,-0.736736667603362,0.0,0.0,0.0
1647615012,21.0,0.6000001,0.57863903,20877.0,17884.0,18283.0,18498.004,18687.0,19088.0,19311.0,19716.0,20106.0,300.0,384.0,30.908417,0.1234587784202653,-0.6762333461397151,-0.7366874924747158,0.0,0.0,0.0
1647615016,21.0,0.6000001,0.578235,20604.0,18000.0,18505.0,18789.0,18890.0,19295.002,19513.0,19918.0,20292.0,300.0,640.0,30.15475,0.12347116703884142,-0.6764476112316625,-0.736490753003035,0.0,0.0,0.0
1647615019,21.0,0.6000001,0.578048,20789.0,18005.0,18388.0,18593.998,18701.0,19396.0,19698.0,20283.998,20496.0,300.0,255.99997,30.466045,0.1234804585027735,-0.6766082724890082,-0.7363431575016095,0.0,0.0,0.0
1647615023,21.0,0.6000001,0.577626,19989.0,17891.0,18212.0,18431.002,18611.998,19095.0,19394.0,19693.0,19898.0,300.0,512.0,30.26944,0.12349284712134961,-0.6768224374021102,-0.7361463089828453,0.0,0.0,0.0
1647615281,31.0,0.6000001,0.578519,31389.998,26892.002,27416.004,27779.996,28000.002,28685.998,29294.002,30199.006,30577.998,300.0,1024.0,30.449663,0.12429191301950898,-0.6905142919948871,-0.7233187489280226,0.0,0.0,0.0
1647615284,22.430025,1.0605527,0.9597751,31375.467,3043.2578,17534.395,29263.37,6589.882,29563.355,3758.0806,9531.317,23899.707,100.0,258.52533,66.26443,0.12430120448344106,-0.6906720792319907,-0.7231680848664153,1.0,0.05,4.666666666666667
1647615285,1.0,0.74275434,0.3771634,32459.844,101.13,20320.605,26522.445,8978.768,24660.176,1748.081,3122.0635,18732.645,100.0,170.3518,57.852745,0.12430430163808509,-0.6907246676728285,-0.7231178558632477,1.0,0.06666666666666667,4.65
1647615288,5.0539055,0.72878915,0.77998793,32027.447,101.13,23859.195,27357.148,6944.3594,27530.95,175.0,9837.502,16738.473,100.0,161.74637,58.77749,0.12431359310201717,-0.6908824110768583,-0.7229671459095682,1.0,0.11666666666666667,4.6
1647615292,33.040806,1.3606882,0.5039737,34621.625,101.13,25336.836,31370.393,13181.143,24295.797,1641.9355,13962.524,21359.523,100.0,65.0,57.51245,0.1243259817205933,-0.6910926844620549,-0.7227661457781699,1.0,0.18333333333333332,4.533333333333333
1647615293,18.913506,0.85126317,0.49059212,30090.52,4348.4814,27368.79,20311.21,10574.896,21842.555,6285.2554,10860.47,13591.907,100.0,65.0,42.25235,0.12432907887523732,-0.6911452436719451,-0.7227158861887897,1.0,0.2,4.516666666666667
1647615295,33.767937,1.0043174,0.7839011,39687.594,3792.4521,27386.816,31333.357,13209.904,25099.914,10397.05,11799.023,22522.182,100.0,65.0,50.302666,0.12433527318452538,-0.6912503511260893,-0.722615355544053,1.0,0.23333333333333334,4.483333333333333
1647615559,1.0,0.3091457,1.2194113,15825.121,9137.181,15725.832,18792.328,20728.5,12580.109,175.0,22872.02,17050.363,397.5078,369.8771,40.048687,0.1251529220105489,-0.704995328730656,-0.709211947493804,1.0,4.633333333333334,0.08333333333333333
1647615562,19.092842,1.0221436,1.0496429,14858.275,4214.1763,15944.727,13676.499,15694.598,3713.625,175.0,27343.066,14617.209,498.2158,471.85275,43.383255,0.125162213474481,-0.7051500379965114,-0.7090581244958121,1.0,4.683333333333334,0.03333333333333333
1647615564,41.0,0.6000001,0.57809496,40792.0,36619.008,37399.992,37802.0,38017.004,38793.0,39286.0,39997.0,40693.0,300.0,384.0,32.395264,0.12516840778376906,-0.7052531588616178,-0.7089555570807734,0.0,0.0,0.0
1647615569,41.0,0.6000001,0.57854605,40793.0,36999.0,37801.0,38396.0,38599.0,39290.0,39906.0,40406.0,40609.0,300.0,896.0,32.17408,0.1251838935569892,-0.7055108957493524,-0.7086990729350127,0.0,0.0,0.0
1647615572,41.0,0.6000001,0.578241,42998.0,36889.0,37624.996,38176.004,38394.004,39078.0,39589.992,40104.992,40582.0,300.0,640.0,31.768576,0.12519318502092128,-0.705665493111068,-0.7085451374699522,0.0,0.0,0.0
1647615573,41.0,0.6000001,0.57834387,41384.0,36692.0,37506.0,37907.004,38284.0,38905.0,39481.0,40099.0,40780.0,300.0,512.0,32.534527,0.1251962821755653,-0.7057170181015169,-0.708493818153626,0.0,0.0,0.0
1647615844,51.0,0.6000001,0.57818294,53686.996,46404.992,47493.004,48114.0,48597.0,49718.996,50698.0,51394.0,52106.0,300.0,768.0,33.60768,0.12603561108409703,-0.7195418378310087,-0.6944490936064172,0.0,0.0,0.0
1647615845,51.0,0.6000001,0.5818179,52286.004,45908.0,47012.004,47676.004,48216.996,49303.0,49999.996,50711.004,51496.004,300.0,1024.0,32.534527,0.12603870823874108,-0.719592337691529,-0.6943967652111007,0.0,0.0,0.0
1647615846,51.0,0.6000001,0.5787289,52586.0,46317.0,47218.008,47790.996,48098.0,48999.004,49802.008,50389.992,50900.004,300.0,384.0,33.41517,0.1260418053933851,-0.7196428337464873,-0.6943444331434692,0.0,0.0,0.0
1647615849,51.0,0.6000001,0.57828,52894.008,46199.004,47700.016,48321.004,48696.008,49697.992,50587.004,51487.008,52191.004,300.0,128.0,33.75104,0.1260510968573172,-0.7197942990753216,-0.6941874149094512,0.0,0.0,0.0
1647615855,51.0,0.6000001,0.577882,52090.01,46708.0,47801.004,48427.0,48804.996,49698.996,50497.996,51097.996,51403.008,300.0,896.0,33.03424,0.12606967978518135,-0.7200971269467752,-0.6938732793262758,0.0,0.0,0.0
1647615860,51.0,0.6000001,0.599828,52608.004,46518.0,47818.004,48438.996,48885.996,49770.996,50594.004,51538.008,52194.008,300.0,512.0,33.058815,0.1260851655584015,-0.720349378782404,-0.6936113987585589,0.0,0.0,0.0
1647615861,51.0,0.6000001,0.59354395,52589.008,47121.01,48200.0,48996.01,49497.01,50296.992,51100.004,52094.992,52395.004,300.0,640.0,32.690174,0.12608826271304552,-0.7203998177219005,-0.6935590116394225,0.0,0.0,0.0
1647615951,1.0,0.6000001,0.599955,424.99902,228.00098,272.00098,284.00098,292.0,312.0,356.0,385.00195,398.00195,400.0,768.0,31.694847,0.12636700663100808,-0.7249236886645212,-0.6888291846408835,0.0,0.0,0.0
1647615954,1.0,0.6000001,0.577574,481.9961,239.00195,272.00098,284.00098,290.99902,310.0,347.00195,383.0,404.00098,400.0,1024.0,31.326208,0.12637629809494016,-0.7250739506271217,-0.6886710144343077,0.0,0.0,0.0
1647615955,1.0,0.6000001,0.57846797,462.99902,226.00098,258.00098,276.0,284.00098,305.0,352.99902,379.0,405.0,400.0,128.0,33.43565,0.12637939524958422,-0.725124030279239,-0.6886182837476749,0.0,0.0,0.0
1647615956,1.0,0.6000001,0.58946806,460.99707,239.00195,279.00195,292.00098,297.00195,322.99902,360.99902,389.99902,405.0,400.0,384.0,30.355455,0.12638249240422825,-0.7251741060965404,-0.6885655494192862,0.0,0.0,0.0
1647615959,1.0,0.6000001,0.5998781,451.99902,220.99805,264.00098,276.0,285.0,301.00195,333.0,385.99805,396.00195,400.0,896.0,32.72704,0.12639178386816033,-0.7253243105368988,-0.6884073245863762,0.0,0.0,0.0
1647615967,3.952732,0.75780934,1.1316037,22005.57,4302.517,18560.695,23246.234,12257.203,15421.53,18165.773,6291.705,17179.26,100.0,207.19702,50.931297,0.12641656110531255,-0.7257246869132616,-0.6879852315309163,1.0,0.13333333333333333,5.716666666666667
1647615970,19.593338,0.59015644,1.3746582,23261.207,2840.287,18207.777,31040.146,5986.8325,20781.215,9815.8,12165.174,18720.496,100.0,166.7243,51.93548,0.12642585256924463,-0.7258747647347948,-0.6878268865937172,1.0,0.18333333333333332,5.666666666666667
1647616292,15.812569,0.33328694,0.97885406,26192.336,5535.245,11368.3125,20094.68,17561.885,5314.665,175.0,37584.203,16249.097,100.0,431.72897,44.12462,0.12742313636462183,-0.7417807903886409,-0.6706424226146175,1.0,5.55,0.3
1647616293,1.0,0.59249204,0.57284176,18256.707,9549.668,14533.127,18452.656,14290.1,165.0,175.0,19805.143,15470.176,206.02792,261.1953,34.31571,0.12742623351926585,-0.7418295589203876,-0.6705884770199851,1.0,5.566666666666666,0.2833333333333333
1647616294,8.963503,0.1316567,1.1520839,23722.434,3672.871,16886.66,15147.713,22068.623,165.0,175.0,31739.852,19392.648,210.93106,501.30502,45.502678,0.12742933067390988,-0.7418783235289707,-0.6705345278789482,1.0,5.583333333333333,0.26666666666666666
1647616299,1.0,0.1,0.70560706,20276.973,8170.6953,16605.914,14053.884,21684.523,1782.5869,175.0,29969.756,21007.809,132.46463,463.22653,55.139435,0.12744481644713002,-0.7421220877154129,-0.6702647289876718,1.0,5.666666666666667,0.18333333333333332
1647616308,1.0,0.8259064,0.9150052,17602.11,11805.275,14142.996,16516.39,23168.393,4344.5645,175.0,31074.016,19426.47,210.57913,519.8301,39.89045,0.1274726908389263,-0.742560615972611,-0.6697788676917005,1.0,5.816666666666666,0.03333333333333333
1647616309,1.0,0.3870325,1.2194935,16496.906,4397.814,15159.066,5167.2075,13840.563,165.0,175.0,23623.002,19435.213,537.4196,414.2481,41.547176,0.12747578799357032,-0.7426093217028096,-0.6697248653888349,1.0,5.833333333333333,0.016666666666666666
1647616310,10.999998,0.6000001,0.600009,10909.0,9101.0,9314.0,9496.0,9591.0,9915.0,10126.0,10500.0,10703.0,400.0,512.0,31.707136,0.12747888514821434,-0.7426580235057211,-0.6696708595441314,0.0,0.0,0.0
1647616640,21.0,0.6000001,0.599978,21187.0,17713.0,18177.0,18487.0,18686.0,19096.0,19391.0,19599.0,20118.0,400.0,768.0,31.404032,0.12850094618074376,-0.7585135833488689,-0.6516572288214553,0.0,0.0,0.0
1647616641,21.0,0.6000001,0.600063,20601.0,17692.0,18197.0,18416.002,18601.0,19189.0,19584.0,19986.0,20196.0,400.0,1024.0,31.227901,0.12850404333538779,-0.7585609711941174,-0.6516020664339834,0.0,0.0,0.0
1647616642,21.0,0.6000001,0.60001993,20904.0,17712.0,18195.0,18499.998,18718.0,19109.002,19709.0,20089.0,20504.0,400.0,128.0,32.792576,0.1285071404900318,-0.7586083550277197,-0.6515469006005148,0.0,0.0,0.0
1647616649,21.0,0.6000001,0.599996,20702.0,17808.0,18383.0,18593.0,18802.998,19296.0,19678.998,20292.0,20396.0,400.0,896.0,32.280575,0.12852882057254,-0.7589399295157581,-0.6511606433028767,0.0,0.0,0.0
1647616656,21.0,0.6000001,0.59990597,20393.0,17692.0,18107.0,18407.0,18611.998,19203.0,19715.0,20012.998,20109.0,400.0,640.0,30.69952,0.1285505006550482,-0.7592713073348805,-0.6507742172658513,0.0,0.0,0.0
1647616657,21.0,0.6000001,0.60006404,20900.0,17707.0,18103.0,18412.002,18691.002,19288.0,19591.998,20016.0,20279.0,400.0,255.99997,31.526913,0.12855359780969225,-0.7593186309637137,-0.6507189997774705,0.0,0.0,0.0
1647616662,21.0,0.6000001,0.600009,20898.998,17891.0,18323.0,18600.002,18808.0,19194.002,19617.0,20201.0,20490.0,400.0,512.0,31.612928,0.12856908358291239,-0.7595551888680604,-0.650442860721528,0.0,0.0,0.0
1647617001,31.0,0.6000001,0.599916,31314.0,27113.0,27814.002,28385.002,28599.006,29395.002,29899.998,30517.996,30799.996,400.0,768.0,32.05939,0.12961901900723805,-0.7753579849051185,-0.631521967348622,0.0,0.0,0.0
1647617004,31.0,0.6000001,0.6000229,31800.998,27307.0,27983.002,28590.0,28801.0,29593.998,30298.004,30808.0,31492.0,400.0,384.0,32.37069,0.12962831047117013,-0.7754957431722342,-0.631352795449378,0.0,0.0,0.0
1647617005,31.0,0.6000001,0.600063,32894.0,27292.002,28015.004,28496.004,28875.002,29576.0,30393.996,31192.998,31696.002,400.0,1024.0,32.423935,0.12963140762581415,-0.7755416543925162,-0.6312963981380846,0.0,0.0,0.0
1647617015,31.0,0.6000001,0.599996,32495.998,27399.998,28178.0,28697.004,29001.0,29792.998,30298.996,30989.004,31388.002,400.0,896.0,32.292866,0.12966237917225445,-0.7760005409755583,-0.6307322414508718,0.0,0.0,0.0
1647617018,31.0,0.6000001,0.5999141,32115.998,27195.996,27894.002,28453.002,28704.002,29498.0,30113.002,30603.0,31210.002,400.0,640.0,31.903742,0.12967167063618654,-0.7761381269359211,-0.6305629293864333,0.0,0.0,0.0
1647617023,31.0,0.6000001,0.60002893,32402.002,27507.996,28397.0,28688.0,28918.998,29400.0,30000.0,30419.998,31411.996,400.0,255.99997,32.198654,0.12968715640940667,-0.776367354774544,-0.6302806759217494,0.0,0.0,0.0
1647617369,41.0,0.6000001,0.599911,41883.0,36694.008,37481.0,37896.996,38196.004,39003.0,39602.996,40116.0,40492.008,400.0,768.0,33.4848,0.13075877191624055,-0.7919789436540172,-0.6105484033298809,0.0,0.0,0.0
1647617370,41.0,0.6000001,0.600013,41401.0,36309.0,37124.0,37701.0,38009.008,38995.0,39714.0,40489.0,41102.996,400.0,128.0,34.004993,0.13076186907088458,-0.7920233418926264,-0.6104908073814347,0.0,0.0,0.0
1647617371,1.0,1.026952,1.3061147,27923.598,101.13,22741.434,28367.2,3181.5908,22959.285,11402.839,189.0,12257.546,100.0,124.808624,52.0722,0.1307649662255286,-0.7920677359426219,-0.6104332082044103,1.0,0.016666666666666666,6.516666666666667
1647617382,1.0,0.81699824,1.2757776,28011.996,101.13,19516.555,28045.756,8644.545,19026.55,264.39746,9224.856,15028.971,100.0,65.0,59.43835,0.13079903492661293,-0.7925557939769909,-0.6097994042580736,1.0,0.2,6.333333333333333
1647617391,1.0,0.9064295,0.9419987,35303.99,1996.4502,25817.637,22022.969,13208.449,21246.215,8900.917,13846.826,22341.871,100.0,65.0,48.72553,0.13082690931840918,-0.792954736972422,-0.6092805471316124,1.0,0.35,6.183333333333334
1647617394,2.0598545,0.70605344,1.5092379,29275.49,101.13,17589.242,31906.084,5658.2637,26305.605,7222.2407,10662.208,23425.781,100.0,174.06598,53.810486,0.13083620078234126,-0.7930876424956413,-0.6091075367459392,1.0,0.4,6.133333333333334
1647617397,2.0836163,0.5927342,0.88896203,31652.729,2704.648,23573.188,33851.336,8933.821,22197.695,10986.931,189.0,19047.049,100.0,65.0,37.492878,0.13084549224627334,-0.7932205102706867,-0.6089344973688972,1.0,0.45,6.083333333333333
1647617755,4.8637867,0.1,1.1761838,20035.459,778.8447,12146.555,16722.262,28592.797,7097.1704,175.0,30911.691,23844.895,187.9513,437.5779,54.92839,0.13195427360883558,-0.8088032161497101,-0.5880793803100781,1.0,6.416666666666667,0.11666666666666667
1647617757,1.0,0.6402579,0.70518947,10507.596,7918.576,10263.178,14157.724,21624.375,7323.6377,175.0,24688.281,20903.072,419.3716,288.5502,46.410675,0.13196046791812363,-0.8088887402734476,-0.5879617384310266,1.0,6.45,0.08333333333333333
1647617759,1.0,0.6090931,1.3632249,20317.309,6063.7246,12195.533,9766.791,17835.744,165.0,175.0,33502.035,20507.922,562.05994,487.0094,49.812195,0.13196666222741169,-0.808974247285963,-0.5878440841142399,1.0,6.483333333333333,0.05
1647617762,51.0,0.6000001,0.59990793,55298.004,48690.992,50082.004,50611.004,51100.004,52201.0,53097.004,54283.016,54813.996,400.0,128.0,34.738174,0.13197595369134377,-0.8091024757172379,-0.5876675793237504,0.0,0.0,0.0
1647617774,51.0,0.6000001,0.600073,55887.996,48604.984,49914.996,50674.992,51095.004,52013.01,52600.99,53980.992,54208.008,400.0,896.0,34.873344,0.1320131195470721,-0.8096150042771018,-0.5869612805367902,0.0,0.0,0.0
1647617778,51.0,0.6000001,0.599965,54207.0,47896.0,49006.0,49818.0,50310.99,51397.0,51910.0,53189.0,53515.004,400.0,640.0,33.84525,0.13202550816564823,-0.8097857101369746,-0.586725748248665,0.0,0.0,0.0
1647617780,51.0,0.6000001,0.599985,54505.004,47821.992,48996.98,49797.008,50094.992,51013.996,51909.004,52903.0,53492.01,400.0,512.0,34.63168,0.13203170247493629,-0.8098710373725183,-0.5866079634859733,0.0,0.0,0.0
1647617790,51.0,0.6000001,0.6000459,55391.996,48388.008,49700.996,50389.996,50992.0,52386.984,53212.0,54597.992,55009.008,400.0,255.99997,34.066433,0.13206267402137656,-0.8102974165341236,-0.5860188535858937,0.0,0.0,0.0
1647617889,1.0,0.6000001,0.59998596,453.0,236.99902,277.99902,289.00195,295.00195,310.0,358.0,388.00195,399.99902,500.0,768.0,34.545666,0.1323692923311354,-0.8144954131543176,-0.5801699940108739,0.0,0.0,0.0
1647617894,1.0,0.6000001,0.600043,470.99902,251.00098,281.00098,290.99902,297.00195,310.0,333.99805,369.99902,383.99805,500.0,384.0,34.291714,0.13238477810435553,-0.8147063150693135,-0.5798737967749367,0.0,0.0,0.0
1647617902,1.0,0.6000001,0.59990793,444.99707,270.0,288.0,299.0,303.00098,313.99805,352.00098,382.00098,394.0,500.0,128.0,31.60064,0.13240955534150775,-0.8150435340759811,-0.5793997217473746,0.0,0.0,0.0
1647617903,1.0,0.6000001,0.60006404,401.99902,226.00098,273.99902,286.99902,292.0,306.0,320.00195,357.00098,387.0,500.0,896.0,34.36544,0.13241265249615178,-0.8150856670575567,-0.5793404485769468,0.0,0.0,0.0
1647617915,1.0,0.6000001,0.59992504,411.00098,258.00098,286.00098,294.0,299.0,316.99805,363.00098,379.99805,387.99902,500.0,640.0,33.570816,0.13244981835188013,-0.8155909265476738,-0.5786289316419522,0.0,0.0,0.0
1647617916,1.0,0.6000001,0.60005707,401.99902,259.0,285.00098,293.0,297.00195,309.0,324.99902,362.00098,375.0,500.0,512.0,34.320385,0.13245291550652416,-0.8156330034743638,-0.5785696186660586,0.0,0.0,0.0
1647617928,1.0,0.6000001,0.59993494,446.00195,261.0,287.00098,295.99902,300.0,310.99902,356.0,390.99707,396.00195,500.0,255.99997,31.154177,0.1324900813622525,-0.8161375900801602,-0.5778576243835054,0.0,0.0,0.0
1647618320,10.999998,0.6000001,0.599977,11608.0,9196.0,9482.0,9612.0,9793.0,10104.0,10388.0,10712.0,11018.0,500.0,1024.0,31.895554,0.13370416598271168,-0.8322767767222774,-0.554360322289372,0.0,0.0,0.0
1647618322,10.999998,0.6000001,0.600019,12404.0,9217.0,9498.0,9687.0,9791.0,10094.0,10490.0,11316.0,11626.0,500.0,768.0,32.473087,0.13371036029199973,-0.8323573963595599,-0.5542392666759859,0.0,0.0,0.0
1647618328,10.999998,0.6000001,0.60001695,11697.0,9292.0,9519.0,9775.0,9889.0,10202.0,10495.0,11045.0,11296.0,500.0,384.0,32.739326,0.13372894321986392,-0.8325991496185203,-0.5538760294998483,0.0,0.0,0.0
1647618336,10.999998,0.6000001,0.59997,11688.0,9307.0,9600.0,9807.0,9904.0,10175.0,10386.0,10603.0,11091.0,500.0,128.0,32.006145,0.13375372045701614,-0.8329212407100994,-0.5533915492433441,0.0,0.0,0.0
1647618339,21.984194,0.5632913,1.3394899,26927.566,101.13,28120.127,19415.78,5878.0537,17053.0,16105.06,5752.706,15878.03,100.0,65.0,53.384018,0.13376301192094822,-0.8330419521944228,-0.5532098208492913,1.0,0.05,7.3
1647618351,1.0,0.45018652,0.56680995,35876.203,101.13,27264.9,24018.227,16844.094,22236.273,14909.673,7109.971,18674.19,100.0,65.0,49.065773,0.13380017777667658,-0.8335244015757156,-0.5524826440512364,1.0,0.25,7.1
1647618352,1.0,0.44082484,1.0636648,29798.578,101.13,20745.227,28713.941,4409.449,13221.812,17180.414,9061.664,23316.742,100.0,65.0,50.494465,0.1338032749313206,-0.8335645770432966,-0.5524220269853748,1.0,0.26666666666666666,7.083333333333333
1647618361,1.0,0.29839265,0.5301528,33200.594,964.0459,20926.104,36878.89,7215.8853,25597.213,13008.398,3057.5684,21019.3,100.0,65.0,31.221207,0.13383114932311685,-0.8339259578523696,-0.5518763419644005,1.0,0.4166666666666667,6.933333333333334
1647618756,1.0,0.1,0.65839756,22388.086,3392.2588,11362.265,16974.818,21597.008,165.0,175.0,21500.11,11294.267,284.18323,302.78387,37.898857,0.13505452540750812,-0.8494325137479078,-0.5276972660417243,1.0,7.0,0.35
1647618759,1.0,0.1,0.9942144,25811.332,4751.9644,17417.617,15926.681,18955.795,165.0,175.0,28598.984,31129.676,226.32712,331.57596,53.05842,0.1350638168714402,-0.8495476192163269,-0.5275119360582003,1.0,7.05,0.3
1647618767,1.0,0.342346,0.8769499,21081.08,2875.6187,14101.94,13585.406,24378.445,2828.5693,175.0,23753.549,22555.398,288.6861,602.576,59.86554,0.13508859410859245,-0.8498543694327209,-0.5270176000439761,1.0,7.183333333333334,0.16666666666666666
1647618775,1.0,0.32458085,1.4977062,16470.295,3874.7031,11145.379,10075.985,16665.969,165.0,175.0,27162.121,21855.426,610.20044,504.48618,48.586823,0.13511337134574467,-0.8501608320041834,-0.5265230856533782,1.0,7.316666666666666,0.03333333333333333
1647618777,21.0,0.6000001,0.60007197,21496.0,18083.0,18477.0,18708.0,18902.0,19292.0,19605.998,19970.998,20194.0,500.0,896.0,33.009663,0.13511956565503272,-0.8502374026903714,-0.5263994292040325,0.0,0.0,0.0
1647618787,21.0,0.6000001,0.60001993,21014.0,17813.998,18380.0,18676.0,18787.0,19194.002,19502.0,19880.0,20219.002,500.0,512.0,32.98099,0.13515053720147302,-0.8506199863002569,-0.5257809799779284,0.0,0.0,0.0
1647618791,21.0,0.6000001,0.600025,20708.0,18010.0,18487.0,18703.0,18895.0,19392.0,19616.0,19985.0,20087.0,500.0,640.0,31.432705,0.13516292582004913,-0.8507728937975078,-0.5255335224126189,0.0,0.0,0.0
1647618801,21.0,0.6000001,0.59993696,21291.0,18087.0,18486.0,18702.0,18885.0,19289.0,19622.0,20085.0,20304.0,500.0,255.99997,32.915455,0.1351938973664894,-0.8511548475606635,-0.5249146839953933,0.0,0.0,0.0
1647619199,31.0,0.6000001,0.599969,32490.006,26896.004,27409.0,27788.0,27984.0,28705.004,29304.996,30007.996,30485.996,500.0,1024.0,32.968704,0.13642656491481275,-0.8659890404684012,-0.5000629778224117,0.0,0.0,0.0
1647619207,31.0,0.6000001,0.60000795,31195.998,27201.0,27717.004,28191.998,28386.998,29008.002,29500.0,29912.0,30497.0,500.0,768.0,33.1776,0.136451342151965,-0.8662798187467008,-0.49955908122281517,0.0,0.0,0.0
1647619214,31.0,0.6000001,0.600006,32207.0,27121.0,27786.998,28201.0,28404.002,28912.0,29381.998,30085.0,30383.998,500.0,384.0,32.997375,0.1364730222344732,-0.866534009224381,-0.4991180329917167,0.0,0.0,0.0
1647619220,31.0,0.6000001,0.59993696,31300.002,26891.0,27493.0,27808.0,28002.996,28795.002,29099.998,30181.998,30579.0,500.0,896.0,33.091583,0.13649160516233735,-0.8667517080553431,-0.4987398887026636,0.0,0.0,0.0
1647619223,31.0,0.6000001,0.599972,30887.002,27087.998,27694.0,28088.0,28398.998,29286.998,29824.0,30397.002,30610.998,500.0,128.0,33.234943,0.13650089662626944,-0.8668604955919296,-0.4985507809462484,0.0,0.0,0.0
1647619235,31.0,0.6000001,0.59991294,30993.0,27077.998,27718.0,28197.002,28388.998,28989.0,29490.998,30184.002,30416.002,500.0,512.0,33.345535,0.1365380624819978,-0.8672952330915158,-0.4977941127180326,0.0,0.0,0.0
1647619239,31.0,0.6000001,0.599856,31962.998,27096.998,27788.0,28170.996,28491.002,29103.0,29690.002,30396.002,30709.0,500.0,640.0,32.251904,0.1365504511005739,-0.8674399988337016,-0.49754180570419176,0.0,0.0,0.0
1647619247,31.0,0.6000001,0.599977,31903.0,26998.002,27698.998,28082.002,28275.998,28792.998,29206.002,29798.0,30404.998,500.0,255.99997,32.93184,0.13657522833772612,-0.8677293101080535,-0.49703706539794534,0.0,0.0,0.0
1647619651,41.0,0.6000001,0.59992504,41815.0,36257.008,37003.996,37509.0,37895.0,38902.0,39489.0,40217.992,40503.992,500.0,1024.0,33.787903,0.13782647881391366,-0.8819555429543925,-0.4713326004553714,0.0,0.0,0.0
1647619662,41.0,0.6000001,0.59998596,42307.004,36588.0,37410.996,38102.008,38390.004,39303.996,40002.004,40707.0,41199.0,500.0,768.0,34.095104,0.13786054751499796,-0.8823322997424768,-0.4706269359388091,0.0,0.0,0.0
1647619668,41.0,0.6000001,0.599963,42502.0,36214.992,37210.008,37702.008,38010.0,39184.004,40003.0,40988.0,41685.0,500.0,384.0,33.857536,0.13787913044286215,-0.8825375654836711,-0.4702419010574822,0.0,0.0,0.0
1647619677,41.0,0.6000001,0.600033,41878.0,36400.0,37197.008,37789.0,38099.0,38907.0,39508.004,40315.0,40796.996,500.0,128.0,33.59539,0.1379070048346584,-0.8828451490407057,-0.46966418089449224,0.0,0.0,0.0
1647619681,27.497221,0.66641027,1.3094071,38009.47,101.13,22147.29,25830.559,959.8867,17995.248,13092.679,9272.406,22529.807,100.0,65.0,68.76601,0.1379193934532345,-0.8829817314596439,-0.46940735178363946,1.0,0.06666666666666667,7.766666666666667
1647619692,1.0,0.7596384,1.3220884,35667.746,101.13,18173.629,34509.77,11359.8545,24512.596,18247.422,12179.081,27090.441,100.0,65.0,57.33641,0.13795346215431883,-0.8833569478311816,-0.4687008669912817,1.0,0.25,7.583333333333333
1647619697,1.0,0.5111723,0.8957385,26078.68,1660.9658,17505.621,28204.291,5735.7993,24415.133,5276.0967,3997.2793,24708.941,100.0,65.0,41.63258,0.13796894792753897,-0.8835273138765452,-0.46837963836411256,1.0,0.3333333333333333,7.5
1647619706,1.0,0.8922283,0.640538,25911.404,2751.8516,23371.176,35077.75,14533.596,23898.404,21391.207,1623.7588,18816.285,100.0,65.0,34.550896,0.13799682231933522,-0.8838336783735956,-0.46780127081122763,1.0,0.48333333333333334,7.35
1647620113,12.748571,0.29930085,1.2744566,22724.217,101.13,13039.475,12027.981,24554.602,165.0,175.0,31582.479,23459.037,100.0,508.42563,63.394215,0.13925736425945484,-0.8972904745133847,-0.44144060115438516,1.0,7.266666666666667,0.5666666666666667
1647620132,1.4407864,0.16200745,1.403738,31093.336,10068.886,8642.963,24020.012,20529.977,6211.482,1352.2188,38464.062,35585.164,172.0812,327.21857,47.82008,0.1393162101976914,-0.8978995646516512,-0.4402003768721413,1.0,7.583333333333333,0.25
1647620134,9.89926,0.14844137,1.2897419,26698.486,2847.724,12195.788,16216.496,21734.604,165.0,175.0,36665.78,22387.484,293.1719,389.5591,60.4119,0.13932240450697944,-0.8979635797038885,-0.4400697780186436,1.0,7.616666666666666,0.21666666666666667
1647620139,1.0,0.5504914,1.7877802,12001.144,11071.807,13026.936,10912.517,20049.879,6368.652,175.0,34805.453,21258.715,775.16455,787.13794,48.32273,0.13933789028019958,-0.8981235342261628,-0.43974324016306,1.0,7.7,0.13333333333333333
1647620147,51.0,0.6000001,0.59992504,51565.996,46262.99,47408.992,47992.004,48410.992,49380.984,50103.004,50507.004,50804.0,500.0,896.0,35.311615,0.1393626675173518,-0.8983792144673917,-0.43922065868188886,0.0,0.0,0.0
1647620158,51.0,0.6000001,0.60002697,53581.004,46300.0,47417.996,48205.008,48509.008,49596.0,50189.008,50822.0,51301.0,500.0,512.0,35.217407,0.13939673621843612,-0.8987302782940426,-0.43850186644701156,0.0,0.0,0.0
1647620162,51.0,0.6000001,0.600009,52599.0,46183.996,47396.0,47983.004,48319.004,49012.004,49977.008,51115.996,51986.004,500.0,640.0,33.923073,0.13940912483701223,-0.8988577952912135,-0.4382404178578454,0.0,0.0,0.0
1647620174,51.0,0.6000001,0.59993,51994.004,46409.0,47486.996,48004.004,48397.992,49596.992,50356.996,50998.0,51595.996,500.0,255.99997,34.820095,0.1394462906927406,-0.8992398898933636,-0.43745584968608126,0.0,0.0,0.0
1647620269,1.0,0.6000001,0.59988105,421.0,226.99805,275.00098,290.99902,297.99805,341.0,377.0,394.00098,401.0,600.0,1024.0,31.49824,0.1397405203839233,-0.9022406114459345,-0.4312329753829899,0.0,0.0,0.0
1647620288,1.0,0.6000001,0.59982693,459.0,222.0,266.0,286.99902,297.00195,328.0,368.99805,395.0,405.99707,600.0,384.0,34.03776,0.13979936632215983,-0.9028355927930364,-0.42998592114864237,0.0,0.0,0.0
1647620292,1.0,0.6000001,0.59992194,460.00098,240.99805,281.00098,295.0,301.0,329.00098,381.0,404.0,410.0,600.0,768.0,32.210945,0.13981175494073594,-0.9029606324284813,-0.42972327873220567,0.0,0.0,0.0
1647620295,1.0,0.6000001,0.599957,439.0,226.99805,272.00098,286.99902,295.00195,328.0,367.0,396.0,404.00098,600.0,128.0,34.6112,0.13982104640466803,-0.9030543620149469,-0.4295262730564652,0.0,0.0,0.0
1647620300,1.0,0.6000001,0.599921,419.99902,222.0,268.0,285.00098,290.99902,309.0,360.00098,389.0,405.0,600.0,896.0,34.74227,0.13983653217788816,-0.9032104824741843,-0.42919788483722876,0.0,0.0,0.0
1647620322,1.0,0.6000001,0.57796896,456.0,233.99902,279.00195,295.99902,304.00098,349.99902,377.0,397.0,401.0,600.0,640.0,33.849342,0.1399046695800568,-0.9038959935594076,-0.4277523031232577,0.0,0.0,0.0
1647620323,1.0,0.6000001,0.60002697,474.99805,260.0,292.00098,302.99902,309.0,354.0,379.00293,396.0,406.99805,600.0,512.0,34.676735,0.13990776673470082,-0.9039270981945564,-0.4276865688206361,0.0,0.0,0.0
1647620362,1.0,0.6000001,0.599946,458.0,297.0,309.00098,322.0,349.0,380.0,402.00098,419.0,443.0,600.0,255.99997,34.004993,0.14002855576581794,-0.9051364486185122,-0.4251211702353429,0.0,0.0,0.0
1647620775,10.999998,0.6000001,0.60000694,11597.0,9097.0,9391.0,9501.0,9606.0,9894.0,10201.0,10407.0,10905.0,600.0,1024.0,32.28877,0.14130768063380172,-0.9174944964474913,-0.3977484745270113,0.0,0.0,0.0
1647620793,10.999998,0.6000001,0.599947,10814.0,9086.0,9297.0,9485.0,9598.0,9896.0,10169.0,10491.0,10599.0,600.0,384.0,33.27181,0.14136342941739424,-0.9180143617835452,-0.39654713661701063,0.0,0.0,0.0
1647620797,10.999998,0.6000001,0.60003793,11393.0,9011.0,9291.0,9407.0,9513.0,9839.0,10108.0,10709.0,11180.0,600.0,768.0,32.940033,0.14137581803597035,-0.918129673828812,-0.39628008029044204,0.0,0.0,0.0
1647620798,10.999998,0.6000001,0.59998393,10892.0,9008.0,9295.0,9421.0,9587.0,9804.0,10187.0,10487.0,10592.0,600.0,128.0,32.739326,0.14137891519061438,-0.9181584897016952,-0.39621331096860185,0.0,0.0,0.0
1647620804,1.0,0.21334141,1.0933473,15008.278,101.13,26821.674,28654.523,3307.3027,12953.743,55076.15,16587.107,29366.148,206.43079,65.0,55.699127,0.14139749811847854,-0.9183312829644171,-0.3958126510470928,1.0,0.1,16.633333333333333
1647620827,1.0,0.1,0.9131324,20090.422,101.13,28493.373,30170.69,9395.51,22955.43,38272.43,17235.238,22986.309,100.0,65.0,68.031265,0.1414687326752912,-0.9189920371773379,-0.3942760905820266,1.0,0.48333333333333334,16.25
1647620829,1.0,0.195283,1.0966429,17639.215,101.13,16334.645,29864.752,1349.4658,15677.537,39789.367,16994.168,33665.41,100.0,65.0,51.317627,0.14147492698457928,-0.9190493725898172,-0.394142424438506,1.0,0.5166666666666667,16.216666666666665
1647620868,1.0,0.61916965,1.0941987,7093.3135,101.13,17783.805,34291.89,13220.759,17870.486,48012.496,12260.863,29949.945,100.0,65.0,50.024147,0.14159571601569637,-0.9201635257593654,-0.39153427163160764,1.0,1.1666666666666667,15.566666666666666
1647621791,1.0,0.1,1.000816,18551.656,101.13,5978.6924,27822.508,29923.146,165.0,175.0,35463.004,9477.114,115.54306,380.46832,37.603363,0.1444543897521347,-0.9443524518828964,-0.3289353228565789,1.0,16.55,0.18333333333333332
1647621796,1.0,0.1,1.1542405,26792.133,6530.4365,13019.55,23013.102,15565.175,165.0,175.0,38130.9,27753.092,124.57858,481.68076,54.96094,0.14446987552535487,-0.94447199371124,-0.32859192487813105,1.0,16.633333333333333,0.1
1647621800,1.0,0.1,1.9239987,29178.637,101.13,12128.291,21862.48,18669.201,165.0,175.0,49397.543,20267.686,525.15405,638.7352,62.932922,0.14448226414393098,-0.9445675372676046,-0.3283171752135614,1.0,16.7,0.03333333333333333
1647621801,1.0,0.86085975,1.9239987,38168.312,5608.632,19791.863,12423.513,18863.99,165.0,175.0,47344.707,22987.027,672.8806,896.67834,54.846317,0.144485361298575,-0.9445914106686555,-0.32824848345574953,1.0,16.716666666666665,0.016666666666666666
1647621802,31.0,0.6000001,0.6,33762.004,27587.998,28300.0,28802.0,29054.002,29992.0,30749.998,31202.004,32449.998,600.0,768.0,33.685505,0.14448845845321903,-0.9446152790742374,-0.3281797899619974,0.0,0.0,0.0
1647621804,31.0,0.6000001,0.599946,33457.0,27705.0,28391.998,28882.004,29108.002,29887.996,30598.002,31249.998,32252.998,600.0,896.0,34.60301,0.1444946527625071,-0.9446630008984905,-0.32804239776812144,0.0,0.0,0.0
1647621805,31.0,0.6000001,0.60006905,33705.0,27801.002,28493.0,28891.998,29200.004,29904.0,30490.998,31202.004,31947.0,600.0,640.0,33.34144,0.1444977499171511,-0.944686854316909,-0.32797369906872587,0.0,0.0,0.0
1647621806,31.0,0.6000001,0.600024,33292.0,27807.0,28408.004,28795.0,29103.0,30000.996,30792.004,31845.0,32204.996,600.0,255.99997,33.742847,0.14450084707179514,-0.9447107027393542,-0.32790499863484157,0.0,0.0,0.0
1647622341,41.0,0.6000001,0.599988,42789.0,36990.996,37800.0,38292.0,38512.0,39398.0,40097.0,40710.0,41298.0,600.0,1024.0,34.844673,0.1461578248063504,-0.9567501399073718,-0.290910931020518,0.0,0.0,0.0
1647622346,41.0,0.6000001,0.60002697,42112.008,36898.0,37793.0,38204.996,38596.004,39413.0,40093.008,40830.0,41313.0,600.0,384.0,34.86515,0.14617331057957056,-0.9568558548574224,-0.2905630276292417,0.0,0.0,0.0
1647622353,41.0,0.6000001,0.59993494,43997.008,37202.996,38080.992,38697.0,38949.0,39994.0,40611.0,41299.0,42045.0,600.0,128.0,35.17235,0.14619499066207875,-0.9570036432505418,-0.29007589835281017,0.0,0.0,0.0
1647622358,41.0,0.6000001,0.6,43606.004,37206.0,38006.0,38581.004,38818.008,39696.0,40504.0,41606.0,42289.0,600.0,768.0,34.779137,0.1462104764352989,-0.9571090545573948,-0.28972790284031996,0.0,0.0,0.0
1647622359,41.0,0.6000001,0.600021,43276.0,37414.996,38285.996,38690.0,39002.0,40003.996,40591.004,41405.0,41700.996,600.0,512.0,35.00032,0.1462135735899429,-0.9571301216342069,-0.28965829913967306,0.0,0.0,0.0
1647622364,41.0,0.6000001,0.600047,43791.996,37492.0,38199.0,38903.004,39299.0,40028.0,40984.004,41689.0,42179.0,600.0,640.0,34.46784,0.14622905936316305,-0.9572353810893433,-0.2893102576659526,0.0,0.0,0.0
1647622365,41.0,0.6000001,0.599972,42949.0,37687.996,38452.0,39106.996,39592.004,40394.0,41298.0,41791.992,42408.0,600.0,896.0,35.303425,0.14623215651780708,-0.9572564177938069,-0.28924064477968625,0.0,0.0,0.0
1647622894,51.0,0.6000001,0.599988,52200.01,46201.984,47282.992,47907.004,48302.008,49200.992,49984.0,50898.0,51403.008,600.0,1024.0,35.049473,0.1478705513244982,-0.9676724982446072,-0.252210103170037,0.0,0.0,0.0
1647622903,51.0,0.6000001,0.599956,54615.004,46507.996,47518.99,48293.008,48619.992,49700.01,50685.008,51914.008,52887.0,600.0,384.0,34.97984,0.14789842571629444,-0.9678373620992603,-0.2515767090267802,0.0,0.0,0.0
1647622917,51.0,0.6000001,0.59997594,53393.01,46923.992,48013.99,48605.996,49000.004,50192.004,50791.008,51494.0,52108.0,600.0,128.0,35.442688,0.14794178588131085,-0.9680929928951865,-0.2505912151437884,0.0,0.0,0.0
1647622923,51.0,0.6000001,0.59999907,54710.008,47190.0,48201.992,48978.01,49396.004,50385.008,51188.004,52183.004,52900.992,600.0,768.0,35.00032,0.147960368809175,-0.9682022417806174,-0.25016878104788964,0.0,0.0,0.0
1647622928,51.0,0.6000001,0.600088,55488.008,47487.996,48697.996,49332.996,49789.008,50995.004,51865.0,53601.01,53888.008,600.0,512.0,35.733505,0.14797585458239515,-0.968293141710161,-0.24981671624826496,0.0,0.0,0.0
1647622933,35.158455,1.0400697,1.0307962,27798.625,12613.536,25237.031,31318.941,11461.252,26408.387,10847.652,8510.047,11224.848,100.0,480.62094,47.92396,0.1479913403556153,-0.9683839136193247,-0.2494646184197676,1.0,0.08333333333333333,3.033333333333333
1647622936,41.4453,1.0595275,0.89735746,32543.8,4669.776,26044.377,29499.928,10929.07,20624.398,175.0,12419.201,9057.076,100.0,326.34302,51.122505,0.14800063181954737,-0.9684383153100475,-0.24925334388817544,1.0,0.13333333333333333,2.9833333333333334
1647623081,9.797401,0.55006397,1.2926667,21345.664,9273.865,16474.531,17833.031,16179.208,17091.547,175.0,16624.12,13065.498,100.0,612.04016,42.705128,0.14844971924293152,-0.9710127275889701,-0.23902778679523562,1.0,2.55,0.5666666666666667
1647623095,12.087177,0.8458126,0.9908216,19871.215,6326.152,13717.496,17644.92,14774.527,12080.24,175.0,18704.0,15926.148,100.0,512.1224,48.801983,0.14849307940794793,-0.9712555805741179,-0.2380390665492393,1.0,2.783333333333333,0.3333333333333333
1647623098,14.542324,0.6720261,0.7451314,26014.734,9195.643,15585.984,19143.238,15914.36,9127.235,911.64746,18602.406,19545.232,100.0,326.7233,48.617645,0.14850237087188,-0.9713074895277823,-0.2378271657890178,1.0,2.8333333333333335,0.2833333333333333
1647623102,20.65121,0.8956562,1.1300312,14329.167,7780.2744,19017.215,19512.293,10925.315,7011.8164,175.0,16765.025,5506.5884,152.6745,476.84915,38.897995,0.14851475949045612,-0.9713766295509824,-0.23754461383532466,1.0,2.9,0.21666666666666667
1647623112,26.905361,0.9210143,0.77968216,18969.078,7770.4956,12787.24,22055.498,15728.803,12898.801,175.0,23368.1,17708.676,207.79993,444.28168,52.96299,0.14854573103689642,-0.971549119997646,-0.2368381460656191,1.0,3.066666666666667,0.05
1647623113,4.6271896,1.0784497,1.241953,13823.905,8180.1406,15657.393,16823.748,6596.1387,10710.614,175.0,14914.671,4767.5234,339.3791,472.30173,34.264664,0.14854882819154044,-0.9715663407846269,-0.23676749239363537,1.0,3.0833333333333335,0.03333333333333333
1647623115,1.0,0.6000001,0.599888,450.99902,249.00098,283.0,295.0,302.00098,329.00098,372.00098,388.00195,399.0,700.0,512.0,35.037186,0.1485550225008285,-0.9716007669441207,-0.2366261812936101,0.0,0.0,0.0
1647623135,1.0,0.6000001,0.599956,458.0,272.00098,294.0,303.99902,309.0,362.00098,388.99805,405.00098,415.00098,700.0,640.0,34.51699,0.14861696559370907,-0.9719438979914394,-0.23521279547934135,0.0,0.0,0.0
1647623667,10.999998,0.6000001,0.599997,11287.0,9015.0,9300.0,9477.0,9584.0,9895.0,10154.0,10495.0,10638.0,700.0,1024.0,33.468414,0.15026465186433224,-0.9803142734349095,-0.19744347368243242,0.0,0.0,0.0
1647623681,10.999998,0.6000001,0.60001695,10798.0,9005.0,9206.0,9393.0,9497.0,9792.0,10003.0,10286.0,10495.0,700.0,384.0,33.366016,0.15030801202934863,-0.9805147842544097,-0.1964453050050529,0.0,0.0,0.0
1647623683,10.999998,0.6000001,0.6000319,11180.0,9084.0,9304.0,9496.0,9594.0,9891.0,10109.0,10685.0,10985.0,700.0,128.0,33.173504,0.1503142063386367,-0.9805433456948471,-0.1963026928331741,0.0,0.0,0.0
1647623689,10.999998,0.6000001,0.600009,11502.0,9081.0,9295.0,9481.0,9583.0,9890.0,10207.0,10494.0,10721.0,700.0,768.0,32.997375,0.15033278926650087,-0.9806289055593351,-0.19587483141409626,0.0,0.0,0.0
1647623703,10.999998,0.6000001,0.600003,11087.0,9101.0,9384.0,9506.0,9601.0,9882.0,10086.0,10307.0,10599.0,700.0,255.99997,34.16064,0.15037614943151725,-0.9808278191676578,-0.1948763432200437,0.0,0.0,0.0
1647623705,10.999998,0.6000001,0.6000229,11285.0,9104.0,9397.0,9575.0,9660.0,9921.0,10204.0,10499.0,10802.0,700.0,896.0,33.0752,0.15038234374080534,-0.9808561524085435,-0.19473368553567738,0.0,0.0,0.0
1647623728,10.999998,0.6000001,0.60001993,11517.0,9108.0,9395.0,9515.0,9608.0,9901.0,10281.0,10601.0,10799.0,700.0,640.0,33.00557,0.150453578297618,-0.9811804931926033,-0.19309282684325674,0.0,0.0,0.0
1647624266,21.0,0.6000001,0.60008895,20480.0,17674.002,18092.0,18380.0,18509.0,18910.0,19278.0,19596.998,19885.0,700.0,1024.0,33.161217,0.15211984749610533,-0.9879823570332307,-0.15456669172581072,0.0,0.0,0.0
1647624281,21.0,0.6000001,0.599971,21306.0,17693.0,18196.0,18408.002,18599.002,19087.0,19497.0,19914.0,20399.0,700.0,384.0,34.76685,0.15216630481576576,-0.988150375299204,-0.1534888784115718,0.0,0.0,0.0
1647624291,21.0,0.6000001,0.599968,22630.0,17903.0,18388.0,18686.0,18888.0,19282.002,19800.0,20398.0,21239.998,700.0,128.0,33.419266,0.15219727636220604,-0.9882617342600969,-0.15277023465723183,0.0,0.0,0.0
1647624293,21.0,0.6000001,0.60008,20832.0,17815.0,18203.0,18519.0,18783.002,19198.0,19671.0,20089.0,20292.0,700.0,768.0,32.833534,0.1522034706714941,-0.9882839433371288,-0.15262649619910304,0.0,0.0,0.0
1647624315,21.0,0.6000001,0.600012,21289.0,18032.0,18498.0,18708.0,18904.0,19393.0,19795.0,20205.0,20483.0,700.0,512.0,33.76333,0.15227160807366272,-0.9885268632757933,-0.15104516073718147,0.0,0.0,0.0
1647624316,21.0,0.6000001,0.600087,21700.0,18012.0,18490.0,18712.998,18997.0,19407.002,19893.0,20404.0,20612.0,700.0,255.99997,33.652737,0.15227470522830674,-0.9885378449759317,-0.1509732726357245,0.0,0.0,0.0
1647624338,21.0,0.6000001,0.599993,21099.0,18004.0,18411.0,18785.0,18907.0,19302.0,19717.0,20114.0,20397.0,700.0,640.0,33.91488,0.15234284263047537,-0.9887781196229525,-0.14939153307633726,0.0,0.0,0.0
1647625479,1.0,0.3306557,1.1019641,18416.273,7737.9766,12682.879,39260.695,22462.406,165.0,14686.007,19889.775,11439.336,100.0,361.11963,43.779335,0.15587669607931193,-0.9977578784155423,-0.06692694569241851,1.0,19.016666666666666,11.083333333333334
1647625484,1.0,0.1,1.6252174,21986.645,101.13,9462.91,26966.088,26501.473,165.0,6602.9336,31954.064,23457.656,100.0,392.5971,69.11406,0.1558921818525321,-0.997782147781194,-0.06656414627370805,1.0,19.1,11.0
1647625485,1.0,0.25030214,1.4391139,22310.42,795.6621,16452.195,21424.055,17167.793,165.0,4937.4097,40630.113,17882.691,100.0,258.08105,58.412693,0.15589527900717612,-0.9977869858241235,-0.0664915853323587,1.0,19.116666666666667,10.983333333333333
1647625486,1.0,0.59941924,0.6223334,40616.42,932.3926,14450.584,26208.68,21677.771,165.0,9545.114,23908.162,17657.984,100.0,420.99326,72.39294,0.15589837616182015,-0.9977918185902598,-0.06641902403936795,1.0,19.133333333333333,10.966666666666667
1647625488,1.0,0.81963134,1.0744802,11201.383,5763.986,12211.334,23450.326,19610.54,165.0,9980.701,29069.576,18170.066,100.0,181.53522,45.972866,0.1559045704711082,-0.9978014682920501,-0.06627390039999975,1.0,19.166666666666668,10.933333333333334
1647625490,1.0,0.47537625,0.7676033,19358.646,229.32129,11518.229,24407.04,19236.21,165.0,8313.747,19023.465,10150.463,100.0,136.0242,54.11772,0.15591076478039625,-0.9978110968863604,-0.06612877535867608,1.0,19.2,10.9
1647626133,1.0,0.1,1.4348463,31013.49,5725.424,11897.124,24452.703,23679.383,165.0,175.0,26168.105,14860.436,601.57104,366.46277,61.34069,0.1579022352165066,-0.9998115000956044,-0.01941556789221533,1.0,29.916666666666668,0.18333333333333332
1647626134,1.0,1.2709742,1.3217975,22539.898,8277.065,24956.258,30595.732,13063.224,165.0,175.0,34019.137,19928.914,971.52625,891.87427,63.881035,0.15790533237115062,-0.9998129093917942,-0.019342859496872918,1.0,29.933333333333334,0.16666666666666666
1647626144,51.0,0.6000001,0.600054,54507.004,47109.004,48298.0,49081.992,49407.004,50720.996,51613.0,52789.004,53401.008,700.0,128.0,36.13491,0.15793630391759092,-0.9998267115395677,-0.018615769980693125,0.0,0.0,0.0
1647626145,51.0,0.6000001,0.600022,53101.0,47184.996,48205.008,48914.01,49284.008,50400.992,51009.99,51976.99,52295.996,700.0,768.0,35.684353,0.15793940107223495,-0.9998280626727719,-0.018543060481258155,0.0,0.0,0.0
1647626146,51.0,0.6000001,0.60003,54701.004,47288.996,48338.992,49092.0,49491.004,50697.004,51699.004,52510.0,53811.996,700.0,255.99997,36.466686,0.15794249822687897,-0.9998294085183886,-0.018470350883758268,0.0,0.0,0.0
1647626147,51.0,0.6000001,0.60000694,55295.008,46996.0,48103.0,48904.008,49383.008,50489.004,51793.996,52977.004,53113.008,700.0,640.0,35.88096,0.157945595381523,-0.9998307490764106,-0.018397641188578874,0.0,0.0,0.0
1647626151,51.0,0.6000001,0.600026,56803.996,47288.004,48214.992,48997.0,49418.0,50591.0,51699.004,52801.996,53114.02,700.0,512.0,37.527554,0.1579579840000991,-0.9998360584324101,-0.01810680143874611,0.0,0.0,0.0
1647626152,51.0,0.6000001,0.599963,55196.996,47584.004,48509.0,49209.0,49698.996,51120.008,52010.0,53383.992,53811.996,700.0,896.0,36.21683,0.15796108115474314,-0.9998373725523528,-0.01803409126093175,0.0,0.0,0.0
1647626340,1.0,0.6000001,0.59994304,468.99805,236.0,277.0,290.99902,297.99805,320.00195,360.99902,392.99805,402.00098,800.0,1024.0,32.833534,0.15854334622782051,-0.9999904807207345,-0.004363309284746483,0.0,0.0,0.0
1647626354,1.0,0.6000001,0.599939,454.00195,230.00098,268.99902,285.00098,294.0,310.0,362.0,385.99805,399.0,800.0,512.0,32.735233,0.1585867063928369,-0.9999944047755279,-0.003345208160578437,0.0,0.0,0.0
1647626355,1.0,0.6000001,0.6000041,419.99902,246.99902,281.00098,290.99902,299.0,318.0,356.0,379.0,394.0,800.0,768.0,34.95936,0.15858980354748092,-0.9999946454016965,-0.0032724865065272717,0.0,0.0,0.0
1647626356,1.0,0.6000001,0.58371794,451.99902,230.00098,268.99902,285.00098,292.99902,310.99902,349.99902,374.00195,386.0,800.0,896.0,33.01376,0.15859290070212495,-0.9999948807393964,-0.0031997648351686837,0.0,0.0,0.0
1647626366,1.0,0.6000001,0.59997493,458.0,272.99902,293.0,302.99902,310.99902,352.0,380.0,399.99805,422.99902,800.0,128.0,35.250175,0.15862387224856525,-0.9999969432503657,-0.002472547254336426,0.0,0.0,0.0
1647626369,1.0,0.6000001,0.59998894,464.0,272.00098,290.00098,301.00098,307.00098,351.0,377.99902,397.99902,407.99707,800.0,640.0,34.471935,0.15863316371249733,-0.9999974588783296,-0.002254381707604634,0.0,0.0,0.0
1647626993,10.999998,0.6000001,0.5998889,10284.0,8812.0,9072.0,9205.0,9297.0,9498.0,9615.0,9904.0,9995.0,800.0,1024.0,33.59539,0.16056578821037112,-0.9990702967755926,0.04311081187740989,0.0,0.0,0.0
1647626998,10.999998,0.6000001,0.6000229,10888.0,8906.0,9119.0,9298.0,9401.0,9681.0,9813.0,10081.0,10215.0,800.0,384.0,33.12845,0.1605812739835913,-0.9990545551976355,0.043474081230712926,0.0,0.0,0.0
1647627017,10.999998,0.6000001,0.599947,10997.0,8999.0,9197.0,9307.0,9407.0,9685.0,9810.0,10088.0,10110.0,800.0,768.0,33.427456,0.1606401199218278,-0.9989935325820524,0.044854451944393935,0.0,0.0,0.0
1647627019,10.999998,0.6000001,0.60003,11002.0,9007.0,9213.0,9397.0,9501.0,9699.0,9899.0,10199.0,10387.0,800.0,512.0,33.087486,0.16064631423111586,-0.9989869982001386,0.044999749189036965,0.0,0.0,0.0
1647627022,1.0,0.31609422,0.9418287,27863.252,1642.1299,19956.434,33127.703,153.0,17940.984,39131.6,309.73535,24768.35,100.0,65.0,59.551888,0.16065560569504797,-0.9989771570037643,0.04521769327018371,1.0,0.05,11.566666666666666
1647627029,1.0,0.1,1.1111487,26059.613,101.13,18986.227,29480.143,7458.214,21751.479,18257.098,12053.256,23563.938,100.0,65.0,50.91443,0.16067728577755616,-0.9989540093049739,0.045726221071919454,1.0,0.16666666666666666,11.45
1647627035,1.0,0.79373187,0.9825467,23435.215,101.13,18171.521,38612.086,10676.543,21766.836,34605.766,16868.121,17325.62,100.0,65.0,52.312946,0.16069586870542032,-0.9989339623844308,0.04616209261873394,1.0,0.26666666666666666,11.35
1647627674,1.0,0.1,1.306979,31524.943,2448.3281,7060.533,19322.254,30726.887,165.0,175.0,39770.617,26236.762,100.0,437.46783,45.755775,0.16267495052295455,-0.9957112528954977,0.09251540875593754,1.0,10.916666666666666,0.7
1647627678,1.0,0.1,1.6481954,15522.205,5996.6177,9706.842,12770.928,18726.121,165.0,175.0,31959.09,20152.766,177.26273,603.33813,55.73932,0.16268733914153066,-0.9956842991278239,0.09280504550041603,1.0,10.983333333333333,0.6333333333333333
1647627702,1.0,0.1,1.9188514,29214.22,7481.038,15421.855,15188.732,18662.666,165.0,175.0,42978.586,24680.8,414.65796,484.58685,53.787163,0.16276167085298737,-0.9955208073358878,0.09454270020103166,1.0,11.383333333333333,0.23333333333333334
1647627710,1.0,0.1,1.9239987,35073.812,933.4072,14836.607,9924.897,25083.117,165.0,175.0,38996.727,25323.312,317.9733,676.5901,62.586266,0.1627864480901396,-0.9954656361517099,0.095121854697391,1.0,11.516666666666667,0.1
1647627712,1.0,0.8639803,1.9239987,18163.373,9424.509,14158.232,10213.066,12867.616,165.0,175.0,35825.434,24183.648,601.08795,761.0771,49.393333,0.16279264239942765,-0.995451790709766,0.09526663829862134,1.0,11.55,0.06666666666666667
1647627716,21.0,0.6000001,0.600047,22100.0,17910.0,18412.0,18706.0,18908.0,19499.0,20095.0,20792.0,21190.998,800.0,255.99997,34.123775,0.16280503101800375,-0.9954240366528473,0.09555619945221153,0.0,0.0,0.0
1647627719,21.0,0.6000001,0.599968,21494.0,17803.0,18203.0,18583.0,18789.0,19211.002,19802.0,20211.0,20378.0,800.0,128.0,33.816574,0.16281432248193584,-0.9954031658349125,0.09577336501258359,0.0,0.0,0.0
1647627729,21.0,0.6000001,0.600082,21873.0,17990.0,18399.0,18698.0,18898.0,19399.0,19991.0,20399.0,20683.0,800.0,640.0,33.796097,0.16284529402837614,-0.9953332542752706,0.09649721723344877,0.0,0.0,0.0
1647628367,31.0,0.6000001,0.599952,31494.996,26405.998,27107.0,27503.002,27709.0,28406.002,29002.006,29418.0,29695.0,800.0,1024.0,34.287617,0.16482127869126634,-0.9897866005593229,0.1425569547697319,0.0,0.0,0.0
1647628374,31.0,0.6000001,0.60009,31583.0,26596.0,27216.002,27596.0,27820.998,28597.998,29107.998,29592.0,30019.998,800.0,384.0,34.54157,0.16484295877377453,-0.9897139030775081,0.14306079146672246,0.0,0.0,0.0
1647628413,31.0,0.6000001,0.600001,31694.0,27099.002,27797.0,28205.998,28398.998,28996.0,29512.998,30001.998,30402.996,800.0,768.0,34.45555,0.16496374780489165,-0.9893041797926704,0.14586719934499198,0.0,0.0,0.0
1647628422,31.0,0.6000001,0.600013,31396.0,27195.996,27804.998,28198.002,28489.002,29002.002,29604.0,30117.004,30493.998,800.0,512.0,34.156544,0.1649916221966879,-0.9892084980475244,0.14651466612786884,0.0,0.0,0.0
1647628426,31.0,0.6000001,0.600068,31789.998,26919.0,27598.002,28011.002,28304.002,29000.996,29608.0,29915.002,30389.996,800.0,128.0,34.53747,0.16500401081526403,-0.9891658368079442,0.14680240901306565,0.0,0.0,0.0
1647628427,31.0,0.6000001,0.600037,32599.0,27196.996,27985.002,28385.998,28696.002,29481.004,30089.008,30594.0,30991.998,800.0,896.0,34.492416,0.16500710796990806,-0.9891551584199071,0.1468743427944053,0.0,0.0,0.0
1647628429,31.0,0.6000001,0.60005,31788.002,27094.0,27710.0,28122.004,28411.006,29100.002,29697.998,30124.0,30308.004,800.0,255.99997,34.852863,0.1650133022791961,-0.9891337859504572,0.14701820802647242,0.0,0.0,0.0
1647628452,31.0,0.6000001,0.6000459,33409.004,27516.002,28180.998,28595.998,28805.006,29600.998,30594.0,31877.004,32582.998,800.0,640.0,34.353153,0.16508453683600877,-0.9888864987445045,0.14867243389692328,0.0,0.0,0.0
1647629105,41.0,0.6000001,0.600073,45787.992,37209.0,38002.0,38697.992,39183.0,40601.004,41706.0,42924.004,43699.0,800.0,1024.0,35.074047,0.16710697881855938,-0.9807142787259215,0.19544693270321592,0.0,0.0,0.0
1647629113,41.0,0.6000001,0.59998894,43919.992,37414.996,38301.004,38797.996,39101.0,40207.0,41494.0,42316.0,42790.992,800.0,384.0,35.96288,0.16713175605571162,-0.9806004063479135,0.19601745603467802,0.0,0.0,0.0
1647629149,41.0,0.6000001,0.59997493,45007.0,37111.0,38289.008,38891.008,39295.0,40392.008,41302.0,42379.0,43085.004,800.0,768.0,35.201023,0.16724325362289663,-0.9800838739715458,0.19858398722184809,0.0,0.0,0.0
1647629153,41.0,0.6000001,0.6000319,45607.992,36699.004,37701.0,38204.0,38618.0,39499.996,40392.0,40966.0,41791.0,800.0,128.0,35.590145,0.16725564224147277,-0.9800260667666841,0.19886907365858264,0.0,0.0,0.0
1647629162,41.0,0.6000001,0.599983,43802.0,36992.0,37992.0,38701.004,39112.0,40183.0,41109.0,42191.0,42884.0,800.0,255.99997,35.89325,0.167283516633269,-0.9798956973656204,0.19951045657895813,0.0,0.0,0.0
1647629163,1.0,0.45889586,0.71489036,27681.492,2367.3843,21906.854,36206.78,8811.406,22532.996,46179.508,9084.79,27982.328,100.0,65.0,53.781525,0.16728661378791304,-0.9798811859647144,0.19958171607736194,1.0,0.016666666666666666,12.6
1647629167,1.0,0.6152921,1.4077365,17318.3,101.13,17708.643,32278.06,9549.029,15259.245,44062.473,15868.285,26171.283,100.0,65.0,49.816906,0.16729900240648915,-0.9798230885408726,0.19986674351233422,1.0,0.08333333333333333,12.533333333333333
1647629185,1.0,0.1,0.80637515,32537.463,101.13,18343.977,27440.223,10298.841,20192.902,26543.629,5854.7227,30561.066,100.0,65.0,70.19359,0.16735475119008167,-0.9795606242100455,0.2011491573366042,1.0,0.38333333333333336,12.233333333333333
1647629836,1.0,0.1,1.9239987,33003.676,101.13,11151.238,25329.154,19286.254,165.0,175.0,30665.209,22138.828,100.0,303.13486,43.775673,0.16937099886334425,-0.9689438413104366,0.24728087751901756,1.0,11.233333333333333,1.3833333333333333
1647629850,1.0,0.1,1.1979651,25730.207,6276.1104,7834.0684,21053.574,16399.807,165.0,175.0,38600.543,19302.408,129.79965,312.8751,53.989437,0.16941435902836063,-0.9686915803565932,0.24826723937371603,1.0,11.466666666666667,1.15
1647629901,1.0,0.1,1.6239865,30174.762,101.13,8096.633,17448.85,19695.492,165.0,175.0,34622.15,28223.775,306.78284,365.37735,65.719025,0.1695723139152061,-0.9677641404548232,0.25185823085564896,1.0,12.316666666666666,0.3
1647629903,1.0,0.2928803,1.403549,26327.941,721.2246,9067.062,13609.213,24734.496,165.0,175.0,40612.36,16775.299,400.27185,475.2043,56.19246,0.16957850822449416,-0.9677274989241115,0.2519989837798635,1.0,12.35,0.26666666666666666
1647629904,1.0,0.3670203,1.5404298,27201.295,7087.5728,19715.85,13386.56,24627.922,165.0,175.0,40587.957,18135.39,591.5969,625.563,49.83396,0.1695816053791382,-0.9677091704819712,0.2520693582431136,1.0,12.366666666666667,0.25
1647629919,51.0,0.6000001,0.60005903,54700.004,47514.0,48503.004,49196.992,49689.01,50689.008,51392.004,52114.0,52610.004,800.0,512.0,36.028416,0.16962806269879863,-0.9674336297769847,0.25312481501529654,0.0,0.0,0.0
1647629925,51.0,0.6000001,0.60000694,54882.996,47690.004,48625.0,49393.004,49690.008,50696.0,51607.004,52504.004,52995.004,800.0,896.0,36.38477,0.1696466456266628,-0.9673230911516228,0.25354691345955904,0.0,0.0,0.0
1647629945,51.0,0.6000001,0.6000769,54907.0,47477.996,48497.0,49108.0,49508.992,50598.996,51488.996,52309.004,53107.992,800.0,640.0,36.007935,0.16970858871954336,-0.9669532991074457,0.2549535591930945,0.0,0.0,0.0
1647630092,1.0,0.6000001,0.599967,464.0,282.00098,299.00098,307.00195,313.99902,362.00098,383.99902,399.99805,410.0,900.00006,1024.0,35.23379,0.17016387045221554,-0.9641726105874127,0.2652756622705021,0.0,0.0,0.0
1647630098,1.0,0.6000001,0.59995294,443.99902,271.00098,293.0,302.99902,309.0,349.99902,379.00293,399.99805,410.0,900.00006,384.0,33.202175,0.17018245338007973,-0.9640567704653573,0.26569633667008913,0.0,0.0,0.0
1647630143,1.0,0.6000001,0.600055,411.99902,256.99902,284.00098,295.99902,301.0,320.00195,364.99805,390.99707,399.0,900.00006,768.0,33.112064,0.170321825339061,-0.9631821206520231,0.26884977674580945,0.0,0.0,0.0
1647630144,1.0,0.6000001,0.599826,458.0,260.0,286.00098,295.99902,302.00098,329.99902,373.00098,398.99902,405.0,900.00006,255.99997,33.284096,0.17032492249370504,-0.9631625667976582,0.2689198206152655,0.0,0.0,0.0
1647630150,1.0,0.6000001,0.59996593,458.0,233.00098,272.00098,288.0,295.99805,320.99902,367.0,394.00098,399.99902,900.00006,512.0,35.303425,0.1703435054215692,-0.9630451367077626,0.2693400539532262,0.0,0.0,0.0
1647630157,1.0,0.6000001,0.599967,448.99805,231.0,275.00098,289.99902,295.99805,324.00098,364.99805,389.0,401.0,900.00006,896.0,35.659775,0.1703651855040774,-0.9629079032035092,0.2698302613648468,0.0,0.0,0.0
1647630161,1.0,0.6000001,0.57818294,464.0,284.0,302.00098,311.0,320.99902,370.99902,387.99902,402.00195,409.0,900.00006,128.0,36.040703,0.17037757412265353,-0.9628293720245608,0.27011034849999743,0.0,0.0,0.0
1647630182,1.0,0.6000001,0.6000769,444.99707,249.00098,281.00098,292.00098,299.0,324.00098,369.99902,394.00098,405.99707,900.00006,640.0,33.021957,0.17044261437017813,-0.962415746860793,0.27158043043338354,0.0,0.0,0.0
1647630842,10.999998,0.6000001,0.60006905,11416.0,9007.0,9282.0,9407.0,9507.0,9795.0,10011.0,10399.0,10708.0,900.00006,1024.0,34.25075,0.17248673643523696,-0.9482774950843972,0.3174425811331256,0.0,0.0,0.0
1647630852,10.999998,0.6000001,0.599928,11210.0,9091.0,9308.0,9496.0,9603.0,9899.0,10108.0,10386.0,10608.0,900.00006,384.0,34.04595,0.17251770798167723,-0.9480463935971774,0.3181321039872993,0.0,0.0,0.0
1647630887,10.999998,0.6000001,0.599993,10993.0,8989.0,9194.0,9383.0,9488.0,9703.0,9893.0,10193.0,10406.0,900.00006,255.99997,34.586624,0.17262610839421824,-0.9472335908759757,0.32054410666272537,0.0,0.0,0.0
1647630903,10.999998,0.6000001,0.600016,10615.0,9194.0,9393.0,9504.0,9598.0,9882.0,10018.0,10207.0,10319.0,900.00006,768.0,34.848766,0.17267566286852268,-0.946859979747703,0.32164604575865596,0.0,0.0,0.0
1647630907,10.999998,0.6000001,0.599968,10907.0,9115.0,9396.0,9513.0,9624.0,9893.0,10089.0,10283.0,10399.0,900.00006,512.0,34.258945,0.17268805148709881,-0.9467663766472194,0.3219214625499447,0.0,0.0,0.0
1647630915,1.0,0.4306864,1.4367015,26850.91,101.13,21987.422,33943.305,883.1738,20287.262,38085.45,6021.287,21548.727,100.0,65.0,52.95211,0.17271282872425103,-0.9465789301195717,0.3224722143901501,1.0,0.13333333333333333,12.933333333333334
1647630940,1.0,0.295341,0.8381684,26725.941,101.13,17973.184,41164.11,13012.659,14667.152,49681.277,13999.579,18120.564,100.0,65.0,44.783325,0.17279025759035174,-0.9459910950443836,0.32419260956525203,1.0,0.55,12.516666666666667
1647631606,1.0,0.1,1.9239987,34735.207,1068.2207,7961.841,19419.934,27784.133,165.0,175.0,38536.055,23029.7,312.10373,707.18066,52.61865,0.17485296258327473,-0.929186339192379,0.3696116165088229,1.0,11.65,1.4166666666666667
1647631616,1.0,0.32544106,0.911999,16417.408,3619.1387,5728.151,22024.05,20088.523,165.0,175.0,28877.031,20047.05,270.97034,443.41516,56.609154,0.17488393412971504,-0.9289173043635582,0.3702872420890849,1.0,11.816666666666666,1.25
1647631652,1.0,0.1,1.5826917,32206.781,101.13,6340.309,22388.06,20355.588,165.0,175.0,39207.68,22968.98,218.99399,312.19775,60.533543,0.17499543169690004,-0.9279447123904451,0.3727178701734252,1.0,12.416666666666666,0.65
1647631674,1.0,0.1,1.6377581,31939.008,11003.14,14529.586,15630.129,28160.13,165.0,175.0,40389.08,28235.307,264.79364,517.0431,58.25095,0.17506356909906867,-0.9273472192616117,0.3742019974930068,1.0,12.783333333333333,0.2833333333333333
1647631682,1.0,0.1,1.031966,29511.0,621.666,12901.918,18226.668,27557.197,165.0,175.0,40626.566,17981.754,358.8699,288.07285,51.44387,0.17508834633622092,-0.9271293604397052,0.37474144287850414,1.0,12.916666666666666,0.15
1647631683,1.0,0.8969019,1.9239987,24894.277,9713.318,16252.023,13183.157,20621.02,165.0,175.0,48601.582,22229.764,644.1187,591.70105,53.25418,0.17509144349086495,-0.9271021060214109,0.3748088646372505,1.0,12.933333333333334,0.13333333333333333
1647631691,21.0,0.6000001,0.59995794,20895.0,17905.0,18315.998,18608.0,18798.0,19113.998,19487.0,19780.0,20000.0,900.00006,896.0,33.718273,0.17511622072801716,-0.9268838941800126,0.37534816731895104,0.0,0.0,0.0
1647631715,21.0,0.6000001,0.599955,20703.0,17896.0,18301.998,18593.998,18785.002,19193.0,19515.0,19891.0,20003.0,900.00006,640.0,33.992702,0.17519055243947385,-0.9262273766519595,0.3769653123835523,0.0,0.0,0.0
1647632881,41.0,0.6000001,0.60000795,44941.0,36997.0,37906.0,38508.004,38840.0,39699.0,40533.0,41699.996,42841.992,900.00006,128.0,35.590145,0.1788018347544111,-0.8909735067115492,0.4540552943619588,0.0,0.0,0.0
1647632884,41.0,0.6000001,0.60000694,43536.004,37194.008,38000.008,38488.004,38791.0,39582.0,40198.0,41197.0,41713.0,900.00006,384.0,35.74989,0.17881112621834322,-0.8908744260103285,0.4542496638202032,0.0,0.0,0.0
1647632888,41.0,0.6000001,0.600037,44858.0,37313.004,38116.992,38716.0,39203.0,40191.008,40986.0,41804.0,42595.0,900.00006,1024.0,35.00851,0.17882351483691933,-0.8907422524501034,0.45450878946409407,0.0,0.0,0.0
1647632890,41.0,0.6000001,0.60005796,45845.0,37302.0,38209.0,38787.0,39189.01,40101.008,41001.004,42103.0,42700.996,900.00006,255.99997,35.569664,0.17882970914620738,-0.8906761374051664,0.4546383378653996,0.0,0.0,0.0
1647632895,41.0,0.6000001,0.6000769,46046.0,37504.0,38384.0,38854.0,39205.996,40387.0,41203.004,42811.996,43747.0,900.00006,512.0,34.791424,0.17884519491942752,-0.8905107673649699,0.4549621667864838,0.0,0.0,0.0
1647633709,51.0,0.6000001,0.600021,53111.004,46003.98,46993.992,47696.996,48002.0,49117.996,49901.0,50809.0,51500.996,900.00006,1024.0,36.323326,0.18136627879966674,-0.8620348862608758,0.5068489467969712,0.0,0.0,0.0
1647633721,51.0,0.6000001,0.600136,55796.0,47008.99,48179.992,48991.99,49399.008,50681.008,51610.004,53097.0,53902.996,900.00006,128.0,36.540417,0.1814034446553951,-0.861592248931889,0.5076010210593451,0.0,0.0,0.0
1647633727,51.0,0.6000001,0.600003,55288.996,46700.996,47826.0,48794.996,49206.0,50595.016,51686.0,52712.004,53406.0,900.00006,255.99997,36.17997,0.18142202758325926,-0.8613706841938168,0.5079769132662192,0.0,0.0,0.0
1647633736,51.0,0.6000001,0.600036,56387.004,47104.004,48101.992,48683.008,49205.004,50480.99,51605.996,53001.008,54096.004,900.00006,512.0,35.99155,0.1814499019750555,-0.8610380296133618,0.5085405702198591,0.0,0.0,0.0
1647633737,51.0,0.6000001,0.6000401,57008.01,47023.0,48207.0,48910.99,49402.0,51077.992,52299.004,53494.004,54392.01,900.00006,896.0,36.950016,0.18145299912969953,-0.8610010452227199,0.5086031853276026,0.0,0.0,0.0
1647633739,51.0,0.6000001,0.600035,56180.0,47701.0,48807.008,49502.996,49899.992,51096.0,52384.992,53399.008,54000.0,900.00006,640.0,35.90144,0.18145919343898761,-0.8609270627814274,0.5087284074735204,0.0,0.0,0.0
1647633972,1.0,0.6000001,0.59994894,454.00195,251.00098,283.0,293.0,299.0,328.0,370.99707,389.0,402.99902,1000.0,768.0,35.504128,0.18218083047104625,-0.8521838737361157,0.5232424345789513,0.0,0.0,0.0
1647633977,1.0,0.6000001,0.59987,465.99902,263.00098,289.0,299.0,303.00098,324.00098,366.00195,394.00098,404.00098,1000.0,1024.0,35.40173,0.18219631624426638,-0.8519935610875461,0.5235522627831551,0.0,0.0,0.0
1647633981,1.0,0.6000001,0.599992,408.0,243.0,281.00098,294.0,300.0,318.0,360.99902,386.99902,395.00293,1000.0,128.0,33.398785,0.18220870486284252,-0.8518412298637077,0.5238000755100041,0.0,0.0,0.0
1647633992,1.0,0.6038632,1.2346706,18956.914,101.13,23934.328,34841.504,2406.7383,12961.168,49529.977,4765.4976,14383.45,211.80106,65.0,48.1371,0.18224277356392682,-0.8514219473777731,0.5244813319112898,1.0,0.18333333333333332,13.85
1647633994,1.0,0.57151127,1.2771997,30493.273,101.13,21795.45,44085.207,7333.289,21693.379,43936.85,12971.1,33718.812,100.0,65.0,59.21766,0.18224896787321487,-0.851345655654999,0.5246051606659622,1.0,0.21666666666666667,13.816666666666666
1647633997,1.0,0.1,1.6019953,24788.031,101.13,22738.77,32013.043,3764.2837,21417.977,42391.254,12685.624,26205.13,100.0,65.0,56.502472,0.18225825933714696,-0.8512311843037994,0.524790882989359,1.0,0.26666666666666666,13.766666666666667
1647634005,1.0,0.1,0.8730527,25217.016,101.13,18920.55,31008.479,5742.021,15864.197,40338.207,16018.582,23595.7,100.0,65.0,51.756134,0.1822830365742992,-0.8509257293058022,0.5252860203787919,1.0,0.4,13.633333333333333
1647634012,1.0,0.1,0.75254977,20242.863,101.13,21611.71,30305.936,14989.279,15806.627,38332.4,16595.676,22434.332,100.0,65.0,60.981323,0.1823047166568074,-0.8506582199228271,0.5257191197566692,1.0,0.5166666666666667,13.516666666666667
1647634805,1.0,0.1,1.6346221,24828.918,5145.148,7739.4536,20346.25,27695.434,165.0,175.0,32672.045,9458.6455,460.48532,520.9933,41.106617,0.184760760289522,-0.8189434318649215,0.5738742505160035,1.0,13.733333333333333,0.3
1647634807,1.0,0.1,1.1138746,35830.355,5660.3965,9751.635,23654.797,21436.727,165.0,175.0,35430.24,28541.938,127.19083,332.60425,57.48561,0.18476695459881007,-0.8188599565768903,0.573993354939666,1.0,13.766666666666667,0.26666666666666666
1647634822,1.0,0.13424373,1.9239987,26634.998,7603.384,15604.615,14049.079,15515.498,165.0,175.0,42397.973,18820.033,514.41907,629.99493,51.409405,0.1848134119184705,-0.8182333398950342,0.5748862509090101,1.0,14.016666666666667,0.016666666666666666
1647634823,10.999998,0.6000001,0.600006,12797.0,9095.0,9389.0,9590.0,9702.0,10084.0,10484.0,11108.0,11894.0,1000.0,128.0,34.16064,0.18481650907311453,-0.8181915308235308,0.5749457529964433,0.0,0.0,0.0
1647634829,10.999998,0.6000001,0.600009,11603.0,9003.0,9268.0,9399.0,9498.0,9821.0,10205.0,10791.0,11086.0,1000.0,512.0,34.36544,0.1848350920009787,-0.8179405855351781,0.5753027016574579,0.0,0.0,0.0
1647634835,10.999998,0.6000001,0.600055,11411.0,8999.0,9205.0,9398.0,9505.0,9878.0,10205.0,10685.0,11006.0,1000.0,384.0,34.873344,0.18485367492884286,-0.8176894845224842,0.5756595407889581,0.0,0.0,0.0
1647634840,10.999998,0.6000001,0.60001993,11892.0,9121.0,9401.0,9590.0,9715.0,10117.0,10494.0,10888.0,11008.0,1000.0,896.0,35.188736,0.18486916070206302,-0.8174801147569668,0.5759568230144829,0.0,0.0,0.0
1647634853,10.999998,0.6000001,0.600068,11610.0,9108.0,9387.0,9576.0,9691.0,10000.0,10393.0,10894.0,11102.0,1000.0,640.0,33.681408,0.18490942371243538,-0.8169352476165602,0.5767294003271114,0.0,0.0,0.0
1647635662,21.0,0.6000001,0.59996593,21905.0,17713.0,18215.0,18588.0,18807.002,19404.0,20003.0,20580.0,20896.0,1000.0,768.0,33.9968,0.18741502181945446,-0.7816112037615168,0.6237659225658875,0.0,0.0,0.0
1647635689,21.0,0.6000001,0.59994304,22301.0,17979.0,18487.0,18789.0,18913.0,19610.004,20297.0,20797.998,21206.0,1000.0,255.99997,34.16064,0.18749864499484323,-0.7803849363456473,0.6252994091831529,0.0,0.0,0.0
1647635694,21.0,0.6000001,0.600015,22508.0,17904.0,18312.0,18695.0,18882.0,19487.0,20091.0,20524.0,20991.0,1000.0,512.0,34.66035,0.1875141307680634,-0.780157519481096,0.6255831238109795,0.0,0.0,0.0
1647635696,21.0,0.6000001,0.599974,22592.0,18094.0,18511.0,18885.0,19104.0,19716.0,20291.0,21187.0,21399.0,1000.0,128.0,34.42688,0.18752032507735145,-0.7800665238525667,0.6256965865054507,0.0,0.0,0.0
1647635697,21.0,0.6000001,0.600021,22190.0,17888.0,18305.0,18695.0,18904.0,19500.0,19999.0,20609.0,20895.0,1000.0,384.0,33.94355,0.18752342223199547,-0.7800210198501126,0.6257533128893447,0.0,0.0,0.0
1647635713,21.0,0.6000001,0.6000509,22600.0,18100.0,18510.002,18815.0,19087.0,19693.0,20195.0,20888.0,21203.0,1000.0,896.0,35.590145,0.1875729767062999,-0.7792923949556935,0.6266604847636553,0.0,0.0,0.0
1647635728,21.0,0.6000001,0.600068,22403.0,18101.0,18601.0,18920.0,19190.002,19785.0,20312.998,21012.002,21312.0,1000.0,640.0,33.775616,0.18761943402596035,-0.7786083508997457,0.6275101878927374,0.0,0.0,0.0
1647636566,31.0,0.6000001,0.600054,34292.0,27687.998,28492.002,28909.002,29124.004,29995.0,30799.0,31303.998,31782.998,1000.0,1024.0,35.086334,0.19021484961765625,-0.738945511850791,0.6737651894507258,0.0,0.0,0.0
1647636572,31.0,0.6000001,0.60006994,33411.996,27794.998,28498.002,29000.0,29211.002,30019.0,30816.998,31693.996,32387.002,1000.0,768.0,34.69312,0.19023343254552044,-0.7386514559941914,0.6740875511071697,0.0,0.0,0.0
1647636592,31.0,0.6000001,0.600025,33194.0,27596.998,28495.002,28990.998,29298.998,30104.998,30810.0,31701.002,32109.998,1000.0,255.99997,34.586624,0.190295375638401,-0.7376702544676819,0.6751611627408566,0.0,0.0,0.0
1647636595,31.0,0.6000001,0.6000229,33695.0,27593.998,28292.0,28701.0,29087.0,29910.0,30589.0,31297.996,32100.996,1000.0,512.0,34.36544,0.1903046671023331,-0.7375229395977073,0.6753220813561159,0.0,0.0,0.0
1647636601,1.0,0.14186305,0.47341207,21194.004,101.13,21399.215,29853.684,3902.0898,18465.246,36254.68,7083.011,21092.559,100.0,65.0,68.482895,0.19032325003019726,-0.737228204554302,0.6756438221501327,1.0,0.1,15.283333333333333
1647636602,1.0,0.3669011,1.2598612,21502.758,101.13,18299.129,35170.844,11519.704,14653.609,49018.227,20089.191,22985.66,100.0,65.0,60.268196,0.1903263471848413,-0.7371790683996502,0.6756974331114658,1.0,0.11666666666666667,15.266666666666667
1647636624,1.0,0.37410676,0.8275988,19274.924,101.13,19010.562,33173.09,2929.5254,14552.892,41616.438,17764.469,22135.34,100.0,65.0,54.831947,0.19039448458700992,-0.7360970871197345,0.6768759696826605,1.0,0.48333333333333334,14.9
1647636644,1.0,0.59325016,0.61875135,7525.586,101.13,13256.488,24485.504,13599.529,10350.07,44994.926,13679.727,26690.787,100.0,65.0,60.424385,0.1904564276798905,-0.7351118327059871,0.6779458631894179,1.0,0.8166666666666667,14.566666666666666
1647637475,1.0,0.1,1.9239987,37190.188,3176.1138,5967.1978,23100.46,15668.362,165.0,175.0,37697.223,14377.7,289.47662,574.16925,45.436577,0.1930301631890782,-0.6928252069697138,0.7211055627211409,1.0,14.666666666666666,0.7166666666666667
1647637488,1.0,0.1,1.9239987,26322.96,101.13,17653.934,24124.85,17508.87,165.0,175.0,37127.027,17896.797,232.49265,248.38269,44.46527,0.19307042619945056,-0.6921431738704072,0.7217602280983617,1.0,14.883333333333333,0.5
1647637508,1.0,0.1,1.8548884,37663.156,4580.5933,9020.854,22935.207,21688.79,165.0,175.0,49492.367,23546.453,434.43146,345.03522,69.97121,0.19313236929233113,-0.6910926844620551,0.7227661457781697,1.0,15.216666666666667,0.16666666666666666
1647637510,1.0,0.85317934,1.7812803,29802.457,1274.4688,15219.566,14745.283,24708.188,165.0,175.0,48965.055,15600.311,727.50867,784.0083,66.40343,0.19313856360161918,-0.690987555078028,0.7228666534896248,1.0,15.25,0.13333333333333333
1647637518,41.0,0.6000001,0.600003,45484.0,36912.0,38015.996,38705.0,39184.996,40711.0,41811.008,43109.0,43378.996,1000.0,128.0,36.09805,0.19316334083877143,-0.6905668913927422,0.7232685313990681,0.0,0.0,0.0
1647637547,41.0,0.6000001,0.60005593,45593.004,37285.008,38383.0,38999.008,39484.004,40881.008,41880.004,42905.008,43706.992,1000.0,896.0,35.58605,0.19325315832344825,-0.689040027248157,0.7247232857096969,0.0,0.0,0.0
1647637563,41.0,0.6000001,0.600003,45116.0,37101.008,38068.0,38706.008,39178.0,40399.0,41403.0,42316.992,43015.996,1000.0,640.0,35.168255,0.1933027127977527,-0.6881963071748379,0.7255245294205539,0.0,0.0,0.0
1647638405,51.0,0.6000001,0.600093,55575.01,46987.996,48002.008,48767.0,49209.008,50199.0,51083.01,52157.99,53089.992,1000.0,1024.0,36.544514,0.19591051700802473,-0.642509025580653,0.7662781166439505,0.0,0.0,0.0
1647638427,51.0,0.6000001,0.600001,53313.004,46217.992,47405.996,47987.004,48295.004,49275.008,50101.0,50797.0,51861.992,1000.0,384.0,36.909058,0.19597865441019335,-0.6412822468325444,0.7673050761577195,0.0,0.0,0.0
1647638431,51.0,0.6000001,0.6000279,55197.996,46714.0,47897.004,48411.008,48814.008,49998.0,50893.996,51645.992,52378.004,1000.0,255.99997,36.380672,0.19599104302876946,-0.6410590197052349,0.7674915851359956,0.0,0.0,0.0
1647638437,51.0,0.6000001,0.60006493,54018.01,46794.004,47903.008,48589.01,48996.004,50089.0,51007.008,51998.99,52877.008,1000.0,512.0,36.12672,0.19600962595663365,-0.640724077313018,0.7677712268321741,0.0,0.0,0.0
1647638452,51.0,0.6000001,0.59998,54082.0,47190.0,48208.0,48998.008,49481.99,50501.992,51518.008,52519.99,52891.008,1000.0,128.0,36.777985,0.19605608327629406,-0.6398861877884374,0.7684696914502098,0.0,0.0,0.0
1647638486,51.0,0.6000001,0.600033,55605.004,47085.004,48194.004,48931.01,49299.008,50405.008,51204.996,52300.004,53079.992,1000.0,896.0,36.79027,0.19616138653419105,-0.6379841541909304,0.770049491267466,0.0,0.0,0.0
1647638501,51.0,0.6000001,0.600047,56109.0,46821.0,48079.996,48700.0,49080.008,50308.996,51497.0,52598.004,53418.99,1000.0,640.0,35.684353,0.19620784385385145,-0.6371437810959986,0.770744965738145,0.0,0.0,0.0
1647638570,1.0,0.5,0.0,410.0,294.0,303.00098,311.0,318.99902,367.00195,387.99902,399.99805,410.0,100.0,384.0,26.10094,0.19642154752428945,-0.6332683154324813,0.773932323054999,0.0,0.0,0.0
1647638571,1.0,0.5,0.05153899,515.0,299.00098,314.00195,335.99902,359.00098,389.0,404.99902,475.99902,515.001,100.0,255.99997,26.10094,0.19642464467893347,-0.6332120318112414,0.7739783735799596,0.0,0.0,0.0
1647638572,1.0,0.5,0.048918024,473.0,301.00098,316.0,361.0,371.99902,404.0,428.00098,463.00195,473.00293,100.0,640.0,26.10094,0.1964277418335775,-0.6331557448412624,0.7740244200117373,0.0,0.0,0.0
1647638675,10.999998,0.5,0.193026,12390.0,10394.0,10703.0,10895.0,11019.0,11382.0,11893.0,12087.0,12390.0,100.0,384.0,26.337276,0.19674674876191242,-0.6273403069691162,0.7787452338550105,0.0,0.0,0.0
1647638676,10.999998,0.5,0.19250101,12086.0,10491.0,10697.0,10887.0,10910.0,11400.0,11603.0,11892.0,12086.0,100.0,896.0,26.10094,0.19674984591655645,-0.6272836733588014,0.7787908532703042,0.0,0.0,0.0
1647638677,10.999998,0.5,0.19164298,12408.0,10592.0,10794.0,10984.0,11292.0,11490.0,11894.0,12296.0,12408.0,100.0,255.99997,26.18163,0.19675294307120048,-0.6272270364310997,0.7788364685669643,0.0,0.0,0.0
1647638678,8.63566,0.87313473,1.1596236,27544.441,4128.9263,16055.248,28413.135,4015.2935,21822.574,7377.8174,3430.1934,17294.992,100.0,158.94516,42.95018,0.1967560402258445,-0.6271703961863089,0.7788820797447508,1.0,0.016666666666666666,3.65
1647638679,1.0,1.0711281,0.8153392,21020.848,7751.207,10366.292,27458.469,6110.224,28816.523,175.0,6688.1104,18558.197,100.0,411.05478,52.787674,0.19675913738048856,-0.6271137526247302,0.7789276868034212,1.0,0.03333333333333333,3.6333333333333333
1647638784,10.521652,0.45516536,1.3846921,17998.504,7288.0728,15012.991,20280.312,7711.7666,18040.064,175.0,13953.308,12202.031,100.0,644.6149,49.13402,0.19708433861811153,-0.6211477802783106,0.7836934573258396,1.0,1.7833333333333334,1.8833333333333333
1647638785,22.115826,0.59795225,1.0431128,29533.188,6053.2656,23907.549,21340.262,15549.283,20898.266,3637.3984,16017.154,21383.898,100.0,457.49503,44.875893,0.19708743577275556,-0.6210907868394053,0.7837386263948003,1.0,1.8,1.8666666666666667
1647638787,26.08994,0.92867327,0.9561502,21047.832,4153.912,17408.584,18966.215,13691.611,8083.8857,1356.4404,17655.953,12917.864,100.0,370.39627,51.39442,0.1970936300820436,-0.6209767901079869,0.7838289520980845,1.0,1.8333333333333333,1.8333333333333333
1647638788,13.4149475,0.5848918,1.1136827,31764.387,5016.886,24050.863,23776.062,12856.068,18984.672,3013.6836,10342.004,14671.687,100.0,330.0047,39.915054,0.19709672723668767,-0.6209197868160766,0.7838741087319302,1.0,1.85,1.8166666666666667
1647638789,23.324997,0.7192018,1.1072074,16665.902,9820.951,14924.639,24008.809,13320.268,17839.682,175.0,19719.088,14554.33,100.0,660.66284,57.625458,0.1970998243913317,-0.6208627802404333,0.7839192612202608,1.0,1.8666666666666667,1.8
1647638896,23.137938,0.82623863,1.0299041,7542.4727,6657.305,23734.17,16667.523,24348.902,15735.321,175.0,22795.502,14771.771,651.5087,869.76434,49.669884,0.19743121993824272,-0.6147441666282467,0.788726574673722,1.0,3.65,0.016666666666666666
1647638897,31.0,0.5,0.463843,35509.992,32000.0,32522.002,33017.0,33417.0,34207.0,35103.0,35502.0,35510.0,100.0,384.0,29.21677,0.19743431709288675,-0.6146868071876522,0.7887712780454483,0.0,0.0,0.0
1647638898,31.0,0.5,0.464302,37728.008,31981.0,32697.002,33601.004,34105.0,34903.0,36340.996,37097.0,37728.0,100.0,1024.0,29.044737,0.1974374142475308,-0.6146294444962892,0.7888159772457598,0.0,0.0,0.0
1647638900,31.0,0.5,0.462931,35602.0,31494.0,32382.006,32941.0,33199.0,34246.0,35299.0,35401.0,35602.004,100.0,640.0,29.171711,0.19744360855681886,-0.6145147093624681,0.7889053631311942,0.0,0.0,0.0
1647638901,31.0,0.5,0.461798,36237.0,31313.002,32598.004,32997.0,33429.0,34593.0,35099.0,35942.0,36236.996,100.0,255.99997,28.7744,0.1974467057114629,-0.6144573369206168,0.7889500498158446,0.0,0.0,0.0
1647638903,31.0,0.5,0.46192697,37548.0,31758.002,32494.002,33218.004,33947.0,34917.996,35392.0,36699.0,37547.996,100.0,768.0,29.442047,0.19745290002075094,-0.6143425822885512,0.7890394106678288,0.0,0.0,0.0
1647639013,41.0,0.5,0.46409702,49097.0,43813.0,44784.01,45509.996,45709.0,46609.996,47697.0,48203.004,49096.996,100.0,896.0,29.822975,0.19779358703159408,-0.6080111313993952,0.7939285006185552,0.0,0.0,0.0
1647639014,41.0,0.5,0.463748,50403.996,43738.0,44789.0,45502.0,46105.0,47218.004,47578.996,48530.008,50404.0,100.0,128.0,30.35136,0.1977966841862381,-0.6079533936818756,0.7939727143363872,0.0,0.0,0.0
1647639015,41.0,0.5,0.464302,49496.0,43302.99,44961.004,45762.004,46294.004,47107.004,48162.008,49265.996,49496.01,100.0,1024.0,30.367744,0.19779978134088214,-0.6078956527491958,0.7940169238552974,0.0,0.0,0.0
1647639016,41.0,0.5,0.462931,50145.004,43158.0,44452.0,45202.0,45545.992,46696.0,47892.996,48959.996,50145.0,100.0,640.0,30.609406,0.19780287849552616,-0.6078379086016616,0.7940611291750517,0.0,0.0,0.0
1647639017,41.0,0.5,0.462887,48303.008,43458.004,44458.0,45310.0,45900.996,46700.0,47520.0,47910.0,48303.008,100.0,255.99997,30.244864,0.1978059756501702,-0.6077801612395792,0.7941053302954155,0.0,0.0,0.0
1647639022,41.0,0.5,0.463466,50611.0,44692.0,45904.992,46855.008,47096.0,48405.0,49198.996,49647.008,50611.0,100.0,768.0,30.736383,0.19782146142339033,-0.6074913762216219,0.7943262728982089,0.0,0.0,0.0
1647639129,51.0,0.5,0.46317798,58527.99,52403.004,53300.0,53940.98,54572.996,56232.008,57133.0,57533.004,58527.992,100.0,512.0,30.789633,0.19815285697030138,-0.6012921885711358,0.7990292259757046,0.0,0.0,0.0
1647639130,51.0,0.5,0.462856,59128.996,52027.996,53523.99,54523.008,54893.992,56136.01,57626.996,58426.004,59128.992,100.0,128.0,31.125504,0.1981559541249454,-0.6012340799361668,0.7990729510647391,0.0,0.0,0.0
1647639132,51.0,0.5,0.462905,60356.008,52589.008,53964.992,54564.0,54961.992,56951.004,57568.996,60155.004,60356.004,100.0,1024.0,31.133698,0.19816214843423346,-0.6011178531276635,0.7991603885648918,0.0,0.0,0.0
1647639133,51.0,0.5,0.46281302,63443.0,54403.996,55633.996,56438.008,56733.99,58731.99,59939.004,60826.0,63443.0,100.0,384.0,31.481857,0.1981652455888775,-0.6010597349547436,0.7992041009755476,0.0,0.0,0.0
1647639134,51.0,0.5,0.46293503,61943.996,52494.984,54046.0,55645.992,56156.01,58447.99,60750.004,61757.996,61943.992,100.0,640.0,31.219711,0.19816834274352152,-0.6010016136031205,0.7992478091596157,0.0,0.0,0.0
1647639137,30.348015,1.2353375,1.0003701,11701.112,7748.7676,15325.693,25980.69,7819.6216,18398.047,7677.8633,6996.0728,6693.1997,100.0,391.24066,39.734863,0.1981776342074536,-0.6008272304791106,0.7993789083499775,1.0,0.05,1.2166666666666666
1647639145,37.23806,0.52522725,1.1125923,17409.855,7184.0596,16498.77,17654.447,15287.55,17065.316,5146.811,12777.856,12095.9,100.0,579.75543,54.475266,0.19820241144460585,-0.6003620690288244,0.7997283201634346,1.0,0.18333333333333332,1.0833333333333333
1647639196,21.714142,0.8262615,1.301851,17670.98,11239.123,16726.047,24140.066,8336.67,22360.812,175.0,13438.937,13484.748,157.561,544.80725,38.82148,0.1983603663314513,-0.5973918946135953,0.8019494524282557,1.0,1.0333333333333334,0.23333333333333334
1647639197,4.709135,0.90525573,0.9118538,20950.97,14435.451,14446.296,24418.2,13993.449,21676.91,4505.4688,15169.732,18873.47,100.0,575.1215,44.98079,0.19836346348609532,-0.5973335736240795,0.8019928938721879,1.0,1.05,0.21666666666666667
1647639198,15.687448,0.8577672,0.89937043,5817.701,6204.6787,9676.676,14995.945,9566.284,15561.557,175.0,10710.479,8982.831,100.0,562.61066,50.97281,0.19836656064073935,-0.597275249475567,0.8020363310747832,1.0,1.0666666666666667,0.2
1647639201,17.774422,0.34070003,1.075548,17471.719,4637.412,20824.186,17061.332,12427.002,17154.348,175.0,12264.703,10204.771,100.0,667.5075,45.005043,0.19837585210467143,-0.5971002580791349,0.8021666172322496,1.0,1.1166666666666667,0.15
1647639202,35.293007,0.76494557,1.3202698,11101.399,13644.167,17432.355,20658.043,15376.236,21273.379,6202.49,19596.848,13889.662,313.81143,916.92554,46.993397,0.19837894925931546,-0.5970419212977202,0.8022100374672003,1.0,1.1333333333333333,0.13333333333333333
1647639206,11.713387,0.90067285,1.0389403,14230.712,8854.047,12930.41,18337.578,8540.667,19125.979,175.0,15584.186,8970.628,134.29712,786.46497,39.01039,0.1983913378778916,-0.5968085426006043,0.8023836759798536,1.0,1.2,0.06666666666666667
1647639210,1.0,0.5,0.46112198,487.00293,323.0,370.00195,386.00098,388.99902,405.00098,434.99902,485.0,485.99902,200.0,384.0,31.268864,0.1984037264964677,-0.5965751134039664,0.8025572465980508,0.0,0.0,0.0
1647639213,1.0,0.5,0.446499,462.99902,296.0,308.0,316.99805,327.0,372.00195,383.99902,404.0,409.0,200.0,768.0,31.350784,0.19841301796039978,-0.5964000083780596,0.8026873799971259,0.0,0.0,0.0
1647639409,10.999998,0.5,0.46303397,13197.0,11111.0,11482.0,11631.0,11790.0,12187.0,12405.0,12696.0,13099.0,200.0,128.0,29.167614,0.19902006027062938,-0.5848986912151393,0.8111063561671904,0.0,0.0,0.0
1647639410,10.999998,0.5,0.463602,13288.0,11208.0,11588.0,11798.0,11898.0,12204.0,12499.0,12728.0,13131.0,200.0,512.0,29.003777,0.1990231574252734,-0.5848397043498285,0.8111488890555205,0.0,0.0,0.0
1647639414,10.999998,0.5,0.463346,13743.0,11305.0,11601.0,11810.0,11995.0,12388.0,12787.0,13092.0,13348.0,200.0,640.0,28.884993,0.19903554604384951,-0.5846037259624737,0.81131897770901,0.0,0.0,0.0
1647639416,10.999998,0.5,0.46396804,13698.0,11293.0,11620.0,11790.0,11895.0,12200.0,12419.0,13148.0,13499.0,200.0,896.0,29.134848,0.19904174035313757,-0.5844857182174987,0.8114039962927067,0.0,0.0,0.0
1647639423,10.999998,0.5,0.463439,13093.0,11305.0,11597.0,11790.0,11904.0,12289.0,12409.0,12908.0,12995.0,200.0,255.99997,28.852226,0.19906342043564576,-0.5840725937583677,0.8117014261539601,0.0,0.0,0.0
1647639425,10.999998,0.5,0.46171504,13498.0,11203.0,11621.0,11897.0,11998.0,12395.0,12600.0,13083.0,13406.0,200.0,384.0,29.450241,0.19906961474493384,-0.5839545303941394,0.8117863674835641,0.0,0.0,0.0
1647639428,10.999998,0.5,0.46230602,13498.0,11206.0,11692.0,11815.0,11904.0,12280.0,12587.0,13183.0,13413.0,200.0,768.0,29.21677,0.19907890620886592,-0.583777412186764,0.8119137472789366,0.0,0.0,0.0
1647639623,21.0,0.5,0.48166198,25204.996,21407.0,22020.004,22302.002,22406.0,22994.0,23207.0,24009.0,24198.0,200.0,512.0,29.519873,0.1996828513644515,-0.5722055150600696,0.8201102660830679,0.0,0.0,0.0
1647639624,21.0,0.5,0.481475,24814.0,21502.0,22092.002,22404.002,22515.0,23090.002,23404.0,23712.998,24511.0,200.0,128.0,29.556736,0.19968594851909552,-0.5721458734455159,0.8201518758737724,0.0,0.0,0.0
1647639628,21.0,0.5,0.4815471,24893.0,21589.0,21993.998,22191.0,22408.0,23095.998,23410.0,23804.998,24686.0,200.0,640.0,29.704191,0.19969833713767163,-0.5719072767325416,0.8203182716606818,0.0,0.0,0.0
1647639630,21.0,0.5,0.481722,24701.002,21380.0,21810.0,22203.0,22499.0,23093.0,23594.0,24192.002,24614.998,200.0,1024.0,29.515776,0.19970453144695968,-0.5717879602276124,0.8204014435255136,0.0,0.0,0.0
1647639633,21.0,0.5,0.481926,25104.996,21695.002,22197.002,22587.0,22804.0,23283.0,23785.996,23980.0,24384.998,200.0,896.0,28.925953,0.19971382291089176,-0.5716089627917676,0.820526168782032,0.0,0.0,0.0
1647639636,21.0,0.5,0.48155,24995.0,21097.0,21794.002,22198.0,22408.0,23088.0,23513.0,24119.0,24602.0,200.0,255.99997,29.167614,0.19972311437482385,-0.5714299381493516,0.8206508549844009,0.0,0.0,0.0
1647639640,21.0,0.5,0.481926,24515.002,21298.996,21896.996,22217.004,22499.0,23387.0,23797.0,24189.0,24513.998,200.0,384.0,30.035969,0.19973550299339995,-0.5711911963195286,0.8208170424930672,0.0,0.0,0.0
1647639645,6.8953743,0.65039957,1.2692113,20614.445,2182.0215,20207.637,22322.742,5648.359,15664.22,19700.084,3234.58,20992.92,100.0,65.0,60.16253,0.19975098876662012,-0.5708927010679044,0.8210246792072651,1.0,0.08333333333333333,7.1
1647639842,9.619394,0.16639715,1.1224701,28849.734,5932.5137,20217.734,20089.236,24608.035,14041.359,2398.2793,25711.79,21535.809,100.0,505.7412,53.61785,0.20036112823149374,-0.5590723189293935,0.8291188950970244,1.0,3.3666666666666667,3.816666666666667
1647639849,12.2631645,0.457163,1.3201807,21563.602,4654.493,17208.422,20044.594,12417.897,4365.862,3667.3145,20255.873,16318.861,100.0,344.76562,50.592262,0.20038280831400193,-0.5586501799168556,0.8294033858617077,1.0,3.4833333333333334,3.7
1647639851,20.891773,0.81782764,1.4252928,25184.516,101.13,20230.684,23894.953,16682.154,15139.656,175.0,17174.252,20867.434,100.0,436.46292,53.277077,0.20038900262328999,-0.5585295421758536,0.8294846294638807,1.0,3.5166666666666666,3.6666666666666665
1647639855,22.357826,0.6865844,1.2155218,24430.55,5636.241,16747.61,18955.965,19244.295,11288.541,1314.125,26661.258,25771.668,100.0,411.065,60.196983,0.2004013912418661,-0.5582882312510223,0.8296470640257849,1.0,3.5833333333333335,3.6
1647639857,1.0,0.60046816,1.451311,13179.488,126.78906,19953.691,18526.139,11430.573,14477.445,175.0,13645.184,21808.549,100.0,468.1946,54.64248,0.20040758555115415,-0.5581675580722965,0.8297282549820812,1.0,3.6166666666666667,3.566666666666667
1647639863,7.8126945,0.6634486,1.226855,31220.58,5099.3784,23649.707,28877.344,15213.548,12842.135,175.0,21297.156,19009.564,100.0,463.47235,48.045765,0.2004261684790183,-0.557805467701516,0.8299717225317337,1.0,3.716666666666667,3.466666666666667
1647639871,1.0,0.9555689,1.1767865,17605.17,4724.6943,24486.047,20215.984,17677.457,22821.832,175.0,11535.924,25432.61,100.0,599.94086,50.170593,0.20045094571617056,-0.5573225153550567,0.8302961001223073,1.0,3.85,3.3333333333333335
1647640071,41.0,0.5,0.48165503,51517.0,44402.996,45685.004,46306.008,46820.004,48112.0,49204.004,49994.004,51399.004,200.0,512.0,31.354881,0.20107037664497626,-0.5451878269259415,0.8383139229261134,0.0,0.0,0.0
1647640078,41.0,0.5,0.481781,55122.0,44995.992,46193.996,46986.004,47290.0,48685.004,49507.0,51211.996,52227.016,200.0,128.0,31.154177,0.20109205672748445,-0.5447610089435383,0.8385913445384576,0.0,0.0,0.0
1647640081,41.0,0.5,0.48159298,52495.004,44512.008,46098.004,46507.0,46995.004,47916.992,48696.004,49693.996,51206.004,200.0,640.0,31.649792,0.20110134819141653,-0.5445780437301277,0.8387101729960518,0.0,0.0,0.0
1647640085,41.0,0.5,0.48186797,51100.992,44304.008,45586.0,46316.0,46991.996,48301.0,49020.004,50388.996,50782.008,200.0,255.99997,31.076351,0.20111373680999267,-0.5443340497937612,0.8388685488413087,0.0,0.0,0.0
1647640087,41.0,0.5,0.48196697,52617.0,44718.0,46315.996,47001.996,47515.0,48704.004,49324.008,50689.0,50805.0,200.0,896.0,31.100927,0.20111993111928073,-0.5442120355520345,0.8389477101466521,0.0,0.0,0.0
1647640090,41.0,0.5,0.48159903,50987.004,45929.0,47020.004,48003.008,48300.008,49227.0,49936.0,50632.004,50804.0,200.0,1024.0,30.879745,0.2011292225832128,-0.5440289926047733,0.8390664188283521,0.0,0.0,0.0
1647640103,41.0,0.5,0.481813,52007.008,44782.0,45707.004,46513.004,47000.0,48101.0,48910.996,50176.004,51397.008,200.0,768.0,31.5392,0.20116948559358516,-0.5432355073939177,0.8395803615535995,0.0,0.0,0.0
1647640307,51.0,0.5,0.48211807,67018.984,56393.996,58209.01,59904.99,60417.996,62102.992,64315.004,65815.0,67007.01,200.0,512.0,32.4608,0.201801305140967,-0.5307207606770923,0.8475467386441462,0.0,0.0,0.0
1647640311,51.0,0.5,0.48178297,64299.0,55210.0,57323.01,58126.996,58723.0,59993.004,60919.004,61613.004,62521.008,200.0,640.0,32.239616,0.2018136937595431,-0.5304741968742834,0.8477010831953584,0.0,0.0,0.0
1647640315,51.0,0.5,0.48154303,66102.0,56411.0,58611.004,59797.0,60404.99,62195.992,63692.99,65015.008,65992.0,200.0,128.0,32.063484,0.20182608237811922,-0.5302275881848977,0.8478553560175383,0.0,0.0,0.0
1647640317,51.0,0.5,0.481401,63698.008,55698.996,57607.01,58309.004,58797.008,60387.99,62097.992,63099.0,63682.996,200.0,255.99997,32.27648,0.20183227668740727,-0.530104267014259,0.8479324655261616,0.0,0.0,0.0
1647640320,51.0,0.5,0.48194006,66719.01,55388.992,56920.004,58419.996,59028.99,60707.0,61998.004,63008.004,65698.016,200.0,896.0,32.19456,0.20184156815133936,-0.529919264233205,0.8480480961564258,0.0,0.0,0.0
1647640325,51.0,0.5,0.48131704,64244.004,55731.004,57996.992,58884.0,59304.004,60531.008,62012.004,62497.0,63511.008,200.0,1024.0,31.981567,0.20185705392455952,-0.529610870219604,0.8482407241728221,0.0,0.0,0.0
1647640340,51.0,0.5,0.481672,65094.99,56589.004,57990.99,58800.0,59298.977,61400.008,62005.98,63602.01,64495.004,200.0,768.0,32.54272,0.20190351124421993,-0.5286852682151311,0.8488179352324591,0.0,0.0,0.0
1647640399,1.0,0.5,0.48154303,470.99902,283.0,297.0,308.0,317.0,372.00195,389.99805,402.00195,459.99902,300.0,512.0,32.329727,0.20208624336821762,-0.5250384738973903,0.8510784928122079,0.0,0.0,0.0
1647640402,1.0,0.5,0.48123002,461.99902,276.0,297.0,305.99902,313.99902,360.99805,383.0,395.0,404.00098,300.0,640.0,32.108543,0.2020955348321497,-0.5248527848802176,0.8511930181829971,0.0,0.0,0.0
1647640412,17.131676,0.5517815,0.92743313,34643.312,1549.9023,15314.8,26266.602,10844.1455,23343.586,9391.177,11937.361,28822.705,100.0,81.9249,60.655396,0.20212650637858998,-0.5242336411199481,0.8515744767888017,1.0,0.16666666666666666,5.216666666666667
1647640413,15.720518,0.2206434,1.5490416,33450.72,3408.8276,20015.23,24432.27,11127.879,25184.021,9454.082,18032.574,29242.926,100.0,65.0,62.036964,0.20212960353323403,-0.5241717114902738,0.8516125978831908,1.0,0.18333333333333332,5.2
1647640418,13.025898,0.36174774,1.3661869,35591.89,4995.0005,25694.592,29481.97,4959.162,32294.441,485.90723,9918.104,21935.342,100.0,195.80457,48.840027,0.20214508930645417,-0.5238620217672475,0.8518031357948455,1.0,0.26666666666666666,5.116666666666666
1647640419,6.4346504,0.8685407,1.2765864,22198.428,101.13,24118.293,23285.273,5791.628,24665.746,2304.163,3941.5195,15870.053,100.0,353.86633,59.838364,0.2021481864610982,-0.5238000755100044,0.8518412298637075,1.0,0.2833333333333333,5.1
1647640436,1.0,0.29905832,1.0507681,37248.49,101.13,19495.11,26073.207,10787.863,21553.504,2489.3887,11721.245,25317.041,100.0,113.7565,60.692,0.2022008380900467,-0.5227465655766408,0.8524881396112364,1.0,0.5666666666666667,4.816666666666666
1647640437,18.186407,0.68836963,1.4373096,23991.098,370.2666,24310.727,28358.898,4929.905,18634.715,6629.735,13192.009,10438.017,100.0,348.30988,49.388954,0.2022039352446907,-0.5226845695074632,0.8525261525600243,1.0,0.5833333333333334,4.8
1647640712,1.0,0.7419572,1.31732,15255.196,5398.592,9622.468,21831.74,9729.514,4493.5674,175.0,22719.664,9148.58,336.23938,813.803,47.832535,0.20305565277179854,-0.505531888400047,0.8628079217361663,1.0,5.166666666666667,0.21666666666666667
1647640720,1.0,0.51692,1.5002282,6091.8125,8794.89,14299.539,4733.944,18052.836,1929.2832,175.0,35472.92,15398.475,710.68787,881.9939,46.518833,0.2030804300089508,-0.5050298415746904,0.8631018822358361,1.0,5.3,0.08333333333333333
1647640725,10.999998,0.5,0.48944,13893.0,11093.0,11441.0,11686.0,11884.0,12263.0,12608.0,13200.0,13311.0,300.0,896.0,29.71648,0.20309591578217093,-0.5047159754954724,0.8632854592078183,0.0,0.0,0.0
1647640727,10.999998,0.5,0.48152202,14108.0,10903.0,11391.0,11504.0,11611.0,12204.0,12613.0,13090.0,13496.0,300.0,255.99997,29.62637,0.20310211009145898,-0.5045904103771395,0.8633588580395929,0.0,0.0,0.0
1647640734,10.999998,0.5,0.499914,13696.0,11103.0,11507.0,11792.0,11995.0,12399.0,12797.0,13298.0,13496.0,300.0,384.0,30.609406,0.20312379017396717,-0.504150848421876,0.8636156101156942,0.0,0.0,0.0
1647640747,10.999998,0.5,0.499922,13913.0,10897.0,11306.0,11588.0,11695.0,12195.0,12694.0,13008.0,13704.0,300.0,1024.0,30.085121,0.20316405318433955,-0.5033341725567373,0.8640918416098052,0.0,0.0,0.0
1647640751,10.999998,0.5,0.49746,14685.0,11095.0,11500.0,11701.0,11904.0,12493.0,12992.0,13201.0,13487.0,300.0,768.0,30.019585,0.20317644180291566,-0.5030827971373043,0.8642382190255797,0.0,0.0,0.0
1647641035,21.0,0.5,0.499913,26687.0,21704.0,22502.0,23092.996,23494.998,24495.0,25094.0,25894.0,26189.0,300.0,512.0,31.465473,0.20405603372181977,-0.48512760889024525,0.874443367573014,0.0,0.0,0.0
1647641038,21.0,0.5,0.49990702,26890.0,21490.0,22294.998,22611.0,22994.0,23677.0,24293.0,25399.0,25590.0,300.0,640.0,30.71181,0.20406532518575185,-0.4849368233979967,0.8745491851878088,0.0,0.0,0.0
1647641047,21.0,0.5,0.49995703,27895.002,21595.0,22316.0,22888.0,23187.996,24095.998,25310.998,26199.0,27196.0,300.0,896.0,30.53568,0.2040931995775481,-0.4843643284698927,0.8748663882593215,0.0,0.0,0.0
1647641051,21.0,0.5,0.49995294,27896.0,21796.0,22583.0,23097.0,23316.0,24403.998,25789.0,27085.0,27295.0,300.0,255.99997,29.945854,0.20410558819612423,-0.48410981966450484,0.8750072471153599,0.0,0.0,0.0
1647641052,21.0,0.5,0.500015,27697.0,21801.0,22504.004,23087.0,23697.0,24397.002,25291.0,26703.0,27005.0,300.0,128.0,31.051777,0.20410868535076826,-0.484046186061784,0.875042450261152,0.0,0.0,0.0
1647641060,21.0,0.5,0.499914,28508.004,21901.0,22698.0,23185.996,23497.998,24505.0,25310.0,26188.998,26802.0,300.0,384.0,30.8224,0.20413346258792048,-0.48353702511272123,0.8753239088161249,0.0,0.0,0.0
1647641072,21.0,0.5,0.499922,27787.0,21984.0,22582.0,23108.0,23397.002,24409.0,25796.998,26711.0,27503.0,300.0,1024.0,30.691326,0.20417062844364883,-0.482772976880921,0.8757455411211259,0.0,0.0,0.0
1647641078,21.0,0.5,0.49993303,27597.998,22011.998,22785.004,23286.0,23597.0,24511.0,25503.0,26006.0,26900.0,300.0,768.0,31.064064,0.204189211371513,-0.48239081485891067,0.8759561071993026,0.0,0.0,0.0
1647641363,31.0,0.5,0.49996102,38697.0,32321.0,33195.0,33884.004,34288.0,35286.0,35882.0,36307.0,37482.0,300.0,640.0,31.391747,0.20507190044506113,-0.46413363301622534,0.8857651893719689,0.0,0.0,0.0
1647641366,31.0,0.5,0.49995998,37797.0,33014.008,33881.008,34318.004,34604.0,35589.0,36295.0,37206.0,37654.004,300.0,512.0,32.05939,0.2050811919089932,-0.4639403779852703,0.885866426542334,0.0,0.0,0.0
1647641378,31.0,0.5,0.49999002,38596.008,32988.0,33908.0,34487.0,34798.0,35501.0,36666.0,37201.0,37787.0,300.0,896.0,31.522816,0.20511835776472154,-0.4631671371341988,0.8862709535344765,0.0,0.0,0.0
1647641380,4.212202,1.2430872,1.487432,15764.442,101.13,24165.496,23323.867,5476.3706,18174.693,14412.718,728.94434,12338.668,100.0,493.8794,54.2469,0.20512455207400962,-0.4630382293507045,0.8863383090895736,1.0,0.03333333333333333,5.683333333333334
1647641383,1.0,1.0001898,1.3285924,36940.57,833.4121,28593.168,34352.984,11905.348,29183.44,8818.916,8784.06,17006.883,100.0,180.42743,46.885666,0.2051338435379417,-0.4628448493104931,0.8864393072662938,1.0,0.08333333333333333,5.633333333333334
1647641391,17.721724,0.50173783,1.493628,33054.312,101.13,27440.668,28084.492,9800.961,28860.918,1518.7959,9644.111,21149.61,100.0,194.14914,58.678226,0.20515862077509392,-0.462329061527111,0.8867084294555121,1.0,0.21666666666666667,5.5
1647641406,17.792645,1.0638707,1.6016,30878.424,5274.7725,20447.549,33333.496,7852.5474,23083.25,6273.917,20119.553,18333.46,100.0,131.91476,52.54275,0.20520507809475436,-0.46136153780361044,0.8872122245750944,1.0,0.4666666666666667,5.25
1647641410,32.062374,0.8154524,1.2688527,35893.33,4140.5996,21689.232,39942.105,7471.2935,28456.072,9464.576,9861.908,16925.771,100.0,65.0,41.475475,0.20521746671333047,-0.46110343871326515,0.8873463916683282,1.0,0.5333333333333333,5.183333333333334
1647641700,2.238556,0.1,1.5647099,23214.465,5351.4263,18450.957,16792.664,17443.188,7231.29,175.0,26962.508,13658.573,289.65646,386.83148,35.991165,0.20611564156009873,-0.4422886902190014,0.8968727415326883,1.0,5.366666666666666,0.35
1647641712,1.0,0.1633308,1.0361744,13593.529,7026.8154,13587.523,13488.525,27574.69,7751.325,175.0,26518.152,18977.254,160.26135,905.81195,60.833305,0.2061528074158271,-0.4415058527917454,0.8972583696743284,1.0,5.566666666666666,0.15
1647641717,1.0,0.4132591,1.4080316,18801.98,9007.02,18082.082,14060.348,18756.38,7843.3726,175.0,27619.98,20498.06,720.32996,682.6081,50.918373,0.20616829318904722,-0.44117957126282464,0.897418846414733,1.0,5.65,0.06666666666666667
1647641721,41.0,0.5,0.49998796,52630.008,44914.996,46121.996,47238.0,47797.0,49204.004,49998.996,51201.996,51325.01,300.0,128.0,32.157696,0.20618068180762333,-0.44091850404043587,0.8975471423801338,0.0,0.0,0.0
1647641727,41.0,0.5,0.500017,53270.01,45697.996,46785.996,47403.004,47905.0,49186.004,50006.992,51681.0,52784.996,300.0,255.99997,31.932415,0.2061992647354875,-0.4405268332598726,0.8977394439245879,0.0,0.0,0.0
1647641737,41.0,0.5,0.49993303,55011.0,45605.01,46905.008,47803.996,48300.008,49995.004,51100.004,52103.996,52701.99,300.0,384.0,31.87917,0.2062302362819278,-0.43987386228445285,0.8980595666652398,0.0,0.0,0.0
1647641745,41.0,0.5,0.500055,51206.996,44991.004,45703.0,46319.004,46815.004,48080.996,48877.004,50085.008,50510.0,300.0,1024.0,32.100353,0.20625501351908002,-0.4393513179959942,0.8983153229101587,0.0,0.0,0.0
1647641752,41.0,0.5,0.49995998,52592.996,45227.0,46179.996,47087.992,47394.0,48693.0,49510.004,50395.0,51388.996,300.0,768.0,32.22323,0.20627669360158823,-0.43889396975337513,0.8985388602136936,0.0,0.0,0.0
1647642046,51.0,0.5,0.49987698,65594.0,56618.0,58284.0,59093.99,59485.01,60903.0,62200.996,63706.008,64295.992,300.0,640.0,33.468414,0.2071872570669326,-0.41958410889146897,0.9077164620991248,0.0,0.0,0.0
1647642060,51.0,0.5,0.499825,65379.008,56995.0,58961.008,59807.008,60400.0,61909.996,63396.99,64177.99,64401.004,300.0,512.0,33.583103,0.20723061723194902,-0.4186597375374281,0.9081431738250813,0.0,0.0,0.0
1647642069,51.0,0.5,0.49994302,65997.0,57272.99,59008.008,59908.992,60699.004,62169.992,63295.996,65185.02,65587.99,300.0,896.0,33.24723,0.20725849162374527,-0.4180652695922447,0.9084169914531343,0.0,0.0,0.0
1647642072,51.0,0.5,0.499954,64996.996,56401.992,57907.992,58700.008,59289.996,60893.996,61797.996,62814.0,63804.0,300.0,255.99997,32.903168,0.20726778308767735,-0.4178670738010768,0.9085081775267217,0.0,0.0,0.0
1647642074,51.0,0.5,0.49998796,66089.0,58090.016,59487.996,60590.992,60989.008,62488.98,63200.004,64397.008,65303.01,300.0,128.0,33.41517,0.2072739773969654,-0.41773493222360597,0.9085689442195013,0.0,0.0,0.0
1647642094,51.0,0.5,0.49993303,67410.99,57715.992,59613.0,61694.01,62487.004,64094.984,65506.01,66206.984,66500.016,300.0,384.0,33.21856,0.20733592048984598,-0.41641303088844306,0.909175553843316,0.0,0.0,0.0
1647642098,51.0,0.5,0.500003,65702.984,57874.008,59299.992,60184.0,60588.004,62087.99,63100.004,63702.996,64898.01,300.0,1024.0,33.099777,0.20734830910842209,-0.41614854482636093,0.9092966450168516,0.0,0.0,0.0
1647642107,51.0,0.5,0.49993196,66800.0,58099.008,59698.992,60383.992,60901.0,62511.004,63582.984,65075.01,65781.0,300.0,768.0,33.488895,0.20737618350021836,-0.41555332247395943,0.9095688188261807,0.0,0.0,0.0
1647642187,1.0,0.5,0.49982104,498.99902,314.00098,364.99902,382.00098,395.00098,410.00098,442.0,475.99902,485.0,400.0,640.0,33.222656,0.20762395587174062,-0.4102546629691586,0.9119710036574968,0.0,0.0,0.0
1647642198,1.0,0.5,0.499825,489.0,312.00098,339.99902,375.0,385.0,402.00098,416.99805,458.99902,475.99902,400.0,512.0,30.400513,0.20765802457282495,-0.40952500735239983,0.9122988920047075,0.0,0.0,0.0
1647642206,1.0,0.5,0.49993896,486.00098,306.0,330.99902,370.0,379.0,399.00098,419.00098,470.00098,480.0,400.0,896.0,30.14656,0.20768280180997717,-0.4089941840967207,0.9125369895927823,0.0,0.0,0.0
1647642211,23.765797,0.76789117,1.4413236,34998.973,416.60352,17014.514,24911.137,4732.9736,19053.521,20060.238,14846.746,24055.172,100.0,65.0,55.08309,0.2076982875831973,-0.4086623492541727,0.9126856437471013,1.0,0.08333333333333333,6.866666666666666
1647642234,1.0,0.9505222,1.0337093,28241.145,4552.8633,15394.521,25401.287,9223.742,21565.414,15543.328,11214.433,26305.756,100.0,65.0,43.91911,0.20776952214000996,-0.4071352137472571,0.9133678983448976,1.0,0.4666666666666667,6.483333333333333
1647642235,1.0,0.47702873,1.011727,28231.98,2893.6729,17646.168,26883.943,4765.9697,24632.938,2987.462,4982.9688,23323.41,100.0,65.0,50.72052,0.20777261929465402,-0.40706879068279805,0.913397503637953,1.0,0.48333333333333334,6.466666666666667
1647642241,1.874155,0.83556825,0.796921,25736.707,7287.546,14605.463,31000.932,10846.164,17435.465,14049.286,14449.834,22885.54,100.0,65.0,47.35068,0.20779120222251818,-0.40667020709991936,0.9135750339503093,1.0,0.5833333333333334,6.366666666666666
1647642595,1.0,0.26219875,1.4811095,18503.453,5138.7817,11973.049,21286.234,25559.775,11550.295,175.0,32088.691,20323.957,245.09862,730.03186,50.385895,0.20888759496650428,-0.38301933913772973,0.92374032381752,1.0,6.483333333333333,0.4666666666666667
1647642605,25.191368,0.2861765,1.480699,32419.418,9014.754,13980.247,16619.494,19574.635,3440.6172,1090.5293,36614.664,26625.414,100.0,370.82605,50.792923,0.20891856651294455,-0.3823474749969466,0.9240186190567046,1.0,6.65,0.3
1647642618,1.0,0.5973844,1.1891274,23044.87,3333.5845,14163.076,18022.379,16926.445,165.0,175.0,26690.969,19221.447,100.0,354.02606,50.86925,0.20895882952331693,-0.38147374937158324,0.9243796722886037,1.0,6.866666666666666,0.08333333333333333
1647642620,1.0,1.2845284,1.2769065,7330.585,7435.86,7902.038,14677.759,14664.321,165.0,175.0,34747.79,17013.422,731.619,687.39075,58.33878,0.20896502383260498,-0.38133929976371245,0.9244351456190539,1.0,6.9,0.05
1647642623,10.999998,0.5,0.500022,12888.0,10994.0,11301.0,11508.0,11609.0,11906.0,12184.0,12497.0,12688.0,400.0,128.0,31.526913,0.20897431529653707,-0.38113761022745696,0.92451831894782,0.0,0.0,0.0
1647642640,10.999998,0.5,0.49994302,12994.0,10807.0,11118.0,11321.0,11495.0,11905.0,12216.0,12507.0,12711.0,400.0,1024.0,30.949375,0.20902696692548556,-0.37999436047779916,0.924988803178216,0.0,0.0,0.0
1647642642,10.999998,0.5,0.49991804,12894.0,10906.0,11208.0,11493.0,11595.0,11992.0,12194.0,12500.0,12697.0,400.0,384.0,31.420414,0.2090331612347736,-0.3798598222910795,0.9250440613338315,0.0,0.0,0.0
1647642659,10.999998,0.5,0.49995202,13405.0,11192.0,11518.0,11800.0,11913.0,12307.0,12704.0,12905.0,13207.0,400.0,768.0,32.661503,0.2090858128637221,-0.37871592355594835,0.9255129654657276,0.0,0.0,0.0
1647643020,21.0,0.5,0.49999604,27365.0,21510.0,22287.0,22692.002,23011.0,23792.998,24808.0,25517.0,26699.0,400.0,640.0,31.698942,0.2102038856902164,-0.3542910379977158,0.9351352096860117,0.0,0.0,0.0
1647643031,21.0,0.5,0.499911,27400.0,21619.002,22410.0,22902.002,23201.0,24004.998,24806.0,25310.0,25895.998,400.0,512.0,31.522816,0.21023795439130072,-0.35354287025413095,0.9354183229403146,0.0,0.0,0.0
1647643043,21.0,0.5,0.50002694,27493.0,21692.0,22287.0,22696.0,22910.002,23710.998,24421.0,25096.0,26510.0,400.0,896.0,31.666178,0.21027512024702905,-0.3527264292576626,0.9357264910769274,0.0,0.0,0.0
1647643047,21.0,0.5,0.49996102,26300.0,21704.0,22493.0,22891.0,23209.996,23947.0,24478.0,24956.0,25495.002,400.0,255.99997,31.031296,0.21028750886560515,-0.35245422253556946,0.9358290554459437,0.0,0.0,0.0
1647643049,21.0,0.5,0.49999604,26604.0,21699.0,22486.0,22802.0,23087.0,23904.0,24711.0,25198.0,25998.998,400.0,128.0,31.956991,0.21029370317489324,-0.35231810798936536,0.9358803079362199,0.0,0.0,0.0
1647643065,21.0,0.5,0.49994302,28196.0,21611.0,22210.998,22706.0,22905.0,23884.0,24600.0,25411.0,25989.0,400.0,1024.0,31.531008,0.21034325764919767,-0.3512289235560497,0.936289615053835,0.0,0.0,0.0
1647643067,21.0,0.5,0.500039,26099.0,21693.0,22297.996,22609.0,22807.0,23707.998,24587.0,25202.0,25600.0,400.0,384.0,30.916607,0.21034945195848573,-0.3510927420371262,0.9363406893267279,0.0,0.0,0.0
1647643090,21.0,0.5,0.500019,27100.002,21991.0,22597.0,22898.0,23208.998,24097.0,24701.0,25598.0,25899.0,400.0,768.0,31.87917,0.21042068651529838,-0.34952612147788514,0.9369266195410538,0.0,0.0,0.0
1647643453,31.0,0.5,0.5000429,39295.0,32572.998,33615.0,34394.0,34870.008,36293.0,36996.996,37898.008,38262.004,400.0,640.0,32.874496,0.21154495365108075,-0.3246741284357511,0.9458259408181219,0.0,0.0,0.0
1647643466,31.0,0.5,0.500019,40351.0,32708.002,33684.0,34411.0,34896.008,35903.0,37175.0,38546.004,39048.0,400.0,512.0,32.374783,0.21158521666145313,-0.32377981223492525,0.9461324606994078,0.0,0.0,0.0
1647643477,31.0,0.5,0.500017,39788.0,32691.0,33599.004,34116.0,34590.004,35888.0,36571.0,37563.0,38405.0,400.0,896.0,32.342014,0.21161928536253743,-0.323022857085188,0.9463911632092314,0.0,0.0,0.0
1647643483,31.0,0.5,0.499954,40693.0,32507.004,33690.0,34499.0,35003.0,36397.996,37461.0,38260.0,39556.0,400.0,255.99997,32.20685,0.2116378682904016,-0.32260988530355,0.9465320184253834,0.0,0.0,0.0
1647643489,5.3226547,0.89581823,1.5720989,37267.242,623.208,25987.824,36369.547,7187.751,31386.506,21067.547,6934.8374,24884.982,100.0,449.18927,58.036736,0.2116564512182658,-0.32219685210154364,0.9466726934351999,1.0,0.1,7.483333333333333
1647643494,1.0,0.85888284,1.1462827,28414.727,101.13,17183.422,31284.121,6869.4893,19628.469,21402.836,9357.981,24276.88,100.0,65.0,46.51256,0.21167193699148593,-0.321852610904934,0.9467897849331061,1.0,0.18333333333333332,7.4
1647643495,1.0,0.6474167,0.8987167,30632.014,101.13,22468.934,29937.21,6322.0474,23925.748,14546.166,4524.3105,25670.635,100.0,65.0,41.2291,0.21167503414612995,-0.3217837575578055,0.9468131882118982,1.0,0.2,7.383333333333334
1647643524,1.0,0.5660064,1.0438308,26586.48,101.13,12160.428,26738.79,10319.658,18766.656,10928.574,16974.135,23718.045,100.0,65.0,55.48011,0.21176485163080677,-0.319786271707452,0.9474897046551206,1.0,0.6833333333333333,6.9
1647643898,1.0,0.1,1.2729795,24507.738,4501.169,17083.336,16153.539,19933.719,520.166,175.0,21122.361,12983.179,142.65637,419.20554,42.227104,0.21292318746767344,-0.29390130766376604,0.9558357711205039,1.0,6.916666666666667,0.6666666666666666
1647643907,14.488487,0.30079252,1.2726707,19875.934,1574.812,18512.547,17619.102,20300.566,2807.9326,175.0,27394.367,17279.834,110.67508,533.9124,62.179962,0.21295106185946971,-0.29327565171014985,0.9560279243379802,1.0,7.066666666666666,0.5166666666666667
1647643929,13.113245,0.27089304,1.4799604,14793.173,2879.8237,15233.643,7157.127,25417.21,165.0,175.0,33496.008,18074.29,306.48682,697.0816,66.39488,0.21301919926163834,-0.29174574214689697,0.9564959079573505,1.0,7.433333333333334,0.15
1647643930,1.0,1.0989231,1.7673836,11247.593,7502.177,13895.163,14719.323,12847.527,2510.9854,175.0,31192.32,17620.77,698.1598,747.47876,52.9858,0.21302229641628237,-0.29167618303019427,0.9565171217771988,1.0,7.45,0.13333333333333333
1647643938,41.0,0.5,0.500009,54891.99,44697.004,45812.992,46998.992,47414.004,48918.996,50196.996,51760.0,52202.996,400.0,128.0,34.16883,0.2130470736534346,-0.2911196545964484,0.9566866502192055,0.0,0.0,0.0
1647643939,41.0,0.5,0.499879,51285.004,44497.01,45505.004,46299.004,46806.01,48007.996,49080.984,49912.004,50804.0,400.0,384.0,32.878593,0.21305017080807861,-0.29105008161023255,0.9567078185081781,0.0,0.0,0.0
1647643942,41.0,0.5,0.499976,52283.004,44596.016,45901.004,46686.0,47124.992,48507.004,49904.0,50930.99,51599.996,400.0,1024.0,33.632256,0.2130594622720107,-0.2908413534177537,0.9567712930173696,0.0,0.0,0.0
1647643976,41.0,0.5,0.500078,53793.004,44995.992,46409.0,47313.004,47868.01,49206.996,50812.996,51806.008,53099.984,400.0,768.0,33.349632,0.21316476552990768,-0.2884748021549752,0.95748748739691,0.0,0.0,0.0
1647644348,51.0,0.5,0.49998504,66107.0,55665.0,57296.965,58506.004,59098.0,61406.992,62096.01,64299.0,64683.004,400.0,640.0,34.848766,0.2143169070574863,-0.262469879463623,0.9649401859049872,0.0,0.0,0.0
1647644365,51.0,0.5,0.499911,66984.99,56585.0,58092.008,59406.996,59991.0,61598.01,62915.008,64303.02,64684.996,400.0,512.0,34.46784,0.21436955868643479,-0.26127674787211713,0.9652639333474395,0.0,0.0,0.0
1647644383,51.0,0.5,0.499978,65190.984,56298.0,57771.008,58799.008,59509.008,60789.004,61990.008,63289.992,63712.008,400.0,255.99997,34.934784,0.21442530747002728,-0.2600129968535859,0.9656051167362449,0.0,0.0,0.0
1647644389,51.0,0.5,0.4999,63974.996,55999.0,57402.98,58303.99,58687.992,60290.992,60990.004,62004.0,62704.0,400.0,384.0,34.51699,0.21444389039789147,-0.25959164740152446,0.9657184768861796,0.0,0.0,0.0
1647644391,51.0,0.5,0.500062,66797.0,57491.004,59007.0,60085.984,60590.027,62205.992,63503.0,64497.992,65596.0,400.0,896.0,34.680832,0.21445008470717952,-0.2594511865974122,0.9657562227462968,0.0,0.0,0.0
1647644393,51.0,0.5,0.49997902,63915.008,56094.984,57705.008,58596.992,59180.0,60601.996,61911.99,62812.996,63406.0,400.0,1024.0,34.6112,0.21445627901646758,-0.2593107203048719,0.9657939481768192,0.0,0.0,0.0
1647644396,51.0,0.5,0.500009,66293.01,56799.996,58402.992,59294.992,60103.01,61207.992,62605.99,63985.996,64607.008,400.0,128.0,34.67264,0.21446557048039966,-0.2591000105817623,0.965850498015366,0.0,0.0,0.0
1647644442,51.0,0.5,0.49996102,66568.0,57883.01,59208.992,60294.996,60689.992,62188.99,63502.008,64782.01,65686.0,400.0,768.0,34.705406,0.21460803959402497,-0.25586758989118286,0.9667118373348272,0.0,0.0,0.0
1647644506,1.0,0.5,0.499871,526.999,295.00098,308.0,320.99902,359.00098,393.0,419.00098,477.00098,483.0,500.0,640.0,34.332672,0.2148062574912428,-0.25136555368396757,0.9678922245896763,0.0,0.0,0.0
1647644531,1.0,0.5,0.499893,557.0,302.0,321.0,370.0,381.00098,405.00098,423.00098,483.99805,489.0,500.0,512.0,34.14016,0.2148836863573435,-0.24960546151165194,0.9683476202188733,0.0,0.0,0.0
1647644549,1.0,0.5,0.49989706,496.99902,298.00098,313.00098,327.99902,367.00098,391.0,404.99902,473.0,481.99805,500.0,896.0,31.162369,0.21493943514093602,-0.24833768395681433,0.9686735232920147,0.0,0.0,0.0
1647644552,1.0,0.5,0.49997902,526.999,297.0,311.99902,332.99902,369.99902,393.0,415.00098,472.0,485.0,500.0,1024.0,34.377728,0.2149487266048681,-0.24812634626901256,0.9687276791168868,0.0,0.0,0.0
1647644553,1.0,0.49931094,1.2662398,37044.508,101.13,16235.232,37074.016,252.61621,27579.61,20263.494,5034.5137,21830.05,100.0,65.0,55.410133,0.21495182375951213,-0.2480558977481508,0.9687457208124116,1.0,0.016666666666666666,8.333333333333334
1647644554,1.0,0.26813036,1.6181574,31570.148,101.13,27642.969,30785.67,4774.8384,20313.346,21362.86,2403.546,17987.484,100.0,65.0,38.749485,0.21495492091415616,-0.24798544791544705,0.9687637573847274,1.0,0.03333333333333333,8.316666666666666
1647644603,12.560392,0.7603579,1.3921486,27153.654,4829.7466,16389.836,28153.445,12963.966,20225.623,19954.887,22877.02,27002.297,100.0,65.0,47.51244,0.21510668149171355,-0.24453180686603768,0.9696412715178901,1.0,0.85,7.5
1647645003,1.0,0.1,1.648183,21474.053,6768.1157,13686.988,12070.873,18054.215,165.0,175.0,26243.738,16444.352,229.7633,466.48248,45.641262,0.216345543349325,-0.21622661404143323,0.9763432036841231,1.0,7.516666666666667,0.8333333333333334
1647645028,1.0,0.1,1.3967676,22439.643,5093.5337,12571.976,14315.562,19713.184,3578.4863,175.0,25199.684,24462.365,222.77759,437.1264,36.39543,0.2164229722154257,-0.21445121563655534,0.9767347009869177,1.0,7.933333333333334,0.4166666666666667
1647645050,1.0,0.48426768,1.1462746,27215.254,2470.2764,19046.645,19644.16,24779.299,165.0,175.0,28575.84,18200.168,406.2676,666.45886,60.37255,0.21649110961759432,-0.2128882785037899,0.977076548114677,1.0,8.3,0.05
1647645051,3.6901073,0.17310393,1.706826,29522.723,7379.429,18405.738,13714.301,22873.148,165.0,175.0,37336.645,13339.176,475.27747,435.0622,48.166153,0.21649420677223835,-0.21281722292922095,0.9770920272035252,1.0,8.316666666666666,0.03333333333333333
1647645052,1.0,1.003834,1.4176333,16014.506,8922.944,9576.794,9999.567,17950.809,165.0,175.0,34524.24,20220.164,531.2863,672.5215,49.357746,0.21649730392688238,-0.21274616622916878,0.9771075011250251,1.0,8.333333333333334,0.016666666666666666
1647645053,10.999998,0.5,0.49994302,14090.0,10698.0,11094.0,11301.0,11517.0,12007.0,12401.0,13108.0,13394.0,500.0,255.99997,33.25952,0.2165004010815264,-0.21267510840400833,0.9771229698790953,0.0,0.0,0.0
1647645055,10.999998,0.5,0.49994302,13498.0,10791.0,11192.0,11393.0,11498.0,11893.0,12285.0,12606.0,12907.0,500.0,128.0,34.004993,0.21650659539081446,-0.2125329893798691,0.9771538918846183,0.0,0.0,0.0
1647645109,10.999998,0.5,0.49985403,13618.0,10801.0,11113.0,11399.0,11602.0,12085.0,12486.0,12902.0,13302.0,500.0,768.0,32.81715,0.216673841741592,-0.20869408612144,0.9779809703761811,0.0,0.0,0.0
1647645520,21.0,0.5,0.499976,25806.0,21189.004,21893.002,22293.0,22492.998,23095.0,23894.0,24693.0,25203.0,500.0,640.0,33.11616,0.21794677230028772,-0.17937458593745823,0.9837808485225586,0.0,0.0,0.0
1647645544,21.0,0.5,0.49996907,26283.0,21100.0,21707.0,22198.0,22496.0,23193.0,23700.0,24408.0,24992.0,500.0,512.0,32.71885,0.2180211040117444,-0.17765729211365602,0.9840924176919783,0.0,0.0,0.0
1647645570,21.0,0.5,0.50003,25594.002,21214.0,21888.0,22097.0,22388.0,22901.0,23608.0,24294.0,24699.998,500.0,255.99997,32.61235,0.21810163003248914,-0.17579627993435398,0.9844265680898917,0.0,0.0,0.0
1647645571,21.0,0.5,0.49995,26503.002,21396.0,21917.004,22315.0,22498.0,23179.0,23887.0,24599.0,25300.998,500.0,1024.0,32.34611,0.21810472718713317,-0.1757246899493299,0.984439349753052,0.0,0.0,0.0
1647645578,21.0,0.5,0.49998504,27095.998,21493.0,22188.0,22580.0,22805.0,23591.0,24285.0,24892.0,25482.998,500.0,384.0,32.89088,0.2181264072696414,-0.17522353405441593,0.9845286756176688,0.0,0.0,0.0
1647645581,21.0,0.5,0.499992,27403.0,21700.0,22288.0,22604.0,22811.0,23795.0,24605.0,25604.0,26003.0,500.0,896.0,32.28877,0.21813569873357347,-0.1750087390489849,0.984566880032273,0.0,0.0,0.0
1647645583,21.0,0.5,0.49996802,26800.0,21500.998,22195.0,22603.002,22897.002,23599.0,24296.0,25306.002,25516.002,500.0,128.0,33.071102,0.21814189304286152,-0.17486553775040148,0.984592323607727,0.0,0.0,0.0
1647645643,21.0,0.5,0.50002,28306.002,21791.0,22489.0,22900.0,23197.998,24406.002,25394.998,26593.0,27304.0,500.0,768.0,32.608257,0.21832772232150324,-0.1705677923292262,0.9853459434228843,0.0,0.0,0.0
1647646066,31.0,0.5,0.500022,40207.004,33067.0,33999.008,34714.0,35555.996,37001.004,37895.996,39095.0,39806.0,500.0,640.0,33.32096,0.2196378187359273,-0.1401812292224326,0.9901258621880795,0.0,0.0,0.0
1647646091,31.0,0.5,0.500019,41580.0,33206.0,34490.996,35208.0,35782.0,36996.992,37889.996,39350.0,40078.992,500.0,512.0,33.144833,0.219715247602028,-0.13838089892786304,0.9903790823780138,0.0,0.0,0.0
1647646106,31.0,0.5,0.49993303,39206.0,32391.0,33295.0,33927.0,34392.996,35488.0,36830.0,37634.0,38279.996,500.0,1024.0,32.854015,0.21976170492168845,-0.13730048082219037,0.9905294432605198,0.0,0.0,0.0
1647646114,31.0,0.5,0.50003,40597.008,32898.0,33892.0,34591.0,35083.0,36484.0,37509.996,39108.0,39610.004,500.0,255.99997,33.255424,0.21978648215884067,-0.1367241909483166,0.9906091538086695,0.0,0.0,0.0
1647646122,31.0,0.5,0.50000393,40791.0,33095.0,34084.004,34656.008,34995.0,36017.0,37192.0,38197.0,38872.0,500.0,384.0,33.44384,0.21981125939599291,-0.13614785479825403,0.9906885290714905,0.0,0.0,0.0
1647646127,6.7996864,0.7365478,1.4016031,30898.725,101.13,20225.035,26183.705,3924.9258,18396.527,30060.447,12420.394,27096.785,100.0,65.0,58.746475,0.21982674516921305,-0.13578762129151387,0.9907379683367306,1.0,0.08333333333333333,9.433333333333334
1647646128,1.0,0.46298662,1.222503,30667.68,2358.9785,20988.023,32399.207,10619.779,24297.717,30425.787,14018.445,28787.123,100.0,65.0,42.23525,0.21982984232385708,-0.13571557243430415,0.9907478404714436,1.0,0.1,9.416666666666666
1647646199,1.0,0.7787159,1.6550068,19624.047,101.13,23948.19,33535.098,13229.512,17506.871,21132.125,10667.452,15917.365,100.0,134.79153,41.155933,0.2200497403035831,-0.13059829177977378,0.9914353666196325,1.0,1.2833333333333334,8.233333333333333
1647646627,1.0,0.1,1.4511168,26135.887,2519.9302,23002.607,12881.484,24265.578,165.0,175.0,25955.102,15457.911,167.04373,526.8898,46.37494,0.22137532249122732,-0.09968155558534961,0.9950193905025594,1.0,8.416666666666666,1.1
1647646656,1.0,0.49273553,1.1451117,17586.584,2454.7583,14719.004,12849.807,26082.805,165.0,175.0,26374.818,18651.344,190.9111,532.3135,44.213142,0.22146513997590414,-0.09758289975914985,0.9952273999818312,1.0,8.9,0.6166666666666667
1647646668,1.0,0.1,1.9239987,33243.117,2283.8203,9614.405,13647.681,14330.534,165.0,175.0,40245.977,25806.102,503.52576,422.88367,53.501728,0.22150230583163247,-0.09671436296578445,0.9953121781612654,1.0,9.1,0.4166666666666667
1647646680,1.0,0.9646934,1.69292,24404.992,5340.137,15240.617,22178.383,19765.96,288.74316,175.0,30611.504,27082.373,204.5812,556.1193,50.594814,0.22153947168736082,-0.09584575252022448,0.9953961983671787,1.0,9.3,0.21666666666666667
1647646684,1.0,0.53610206,1.9239987,21813.371,5543.317,14055.176,4891.3975,21375.54,165.0,175.0,36317.25,24286.145,732.6148,684.1849,45.207634,0.22155186030593693,-0.09555619945221194,0.9954240366528473,1.0,9.366666666666667,0.15
1647646693,41.0,0.5,0.50002694,56203.004,45393.01,46603.008,47492.996,47815.996,49292.008,50404.996,51696.0,53503.008,500.0,896.0,35.049473,0.2215797346977332,-0.09490467552361624,0.9954863648306576,0.0,0.0,0.0
1647646696,41.0,0.5,0.499982,54904.0,45712.996,46810.0,47707.004,48391.992,49384.0,50728.004,51894.004,52837.004,500.0,128.0,34.648064,0.2215890261616653,-0.09468749183271158,0.995507046127967,0.0,0.0,0.0
1647646768,41.0,0.5,0.5000471,54595.996,45586.99,47000.004,47915.004,48504.01,49508.0,50501.996,51885.0,52417.008,500.0,768.0,34.2016,0.22181202129603533,-0.08947375499255271,0.9959891802462176,0.0,0.0,0.0
1647647207,51.0,0.5,0.49996102,69082.0,57896.992,59601.984,60494.996,61210.996,62488.98,63694.99,64687.996,65859.016,500.0,640.0,35.131393,0.22317167218476386,-0.05763662827295713,0.9983376277999968,0.0,0.0,0.0
1647647232,51.0,0.5,0.49994004,67403.0,57602.996,59084.0,60093.996,60604.0,62092.0,63002.01,64607.992,65605.0,500.0,512.0,34.750465,0.22324910105086457,-0.05582150499316413,0.998440764181981,0.0,0.0,0.0
1647647249,51.0,0.5,0.500028,68304.0,58301.016,59613.0,60493.008,61099.99,62897.992,63909.008,65014.004,65716.0,500.0,1024.0,34.861057,0.22330175267981306,-0.05458711540673696,0.9985090118930182,0.0,0.0,0.0
1647647252,51.0,0.5,0.499989,66202.984,57274.016,58790.0,59697.992,60382.992,61498.0,62506.0,63595.01,64399.004,500.0,384.0,35.618816,0.22331104414374514,-0.054369273236032294,0.9985208971913335,0.0,0.0,0.0
1647647261,51.0,0.5,0.500052,66983.0,57686.004,59011.008,60014.992,60583.0,61654.992,62653.992,64398.996,65682.0,500.0,255.99997,35.131393,0.2233389185355414,-0.05371573123868397,0.9985562679275983,0.0,0.0,0.0
1647647278,51.0,0.5,0.500012,70484.0,58437.004,60081.992,60898.008,61433.0,62799.0,64001.99,65294.99,65909.01,500.0,896.0,35.04128,0.22339157016448988,-0.05248120046711777,0.9986219122358222,0.0,0.0,0.0
1647647284,51.0,0.5,0.499982,67887.016,58599.992,60313.016,61093.0,61708.996,63394.008,64295.984,65309.99,65999.01,500.0,128.0,35.47136,0.22341015309235404,-0.05204546447632672,0.9986447164169264,0.0,0.0,0.0
1647647377,51.0,0.5,0.500014,74895.016,59490.0,61211.992,62399.008,63399.99,65798.016,68399.0,71604.0,73298.0,500.0,768.0,35.659775,0.22369818847424872,-0.04529034081947747,0.9989738660387746,0.0,0.0,0.0
1647647411,1.0,0.5,0.499857,513.0,312.00098,363.00195,384.0,392.00098,412.99902,474.0,487.0,495.99707,600.0,640.0,33.9968,0.22380349173214567,-0.0428201922886169,0.9990827949336161,0.0,0.0,0.0
1647647440,1.0,0.5,0.49991804,515.0,319.00195,371.99902,390.0,398.0,422.0,474.0,488.00098,496.99902,600.0,512.0,31.9488,0.22389330921682252,-0.0407130934435965,0.9991708782897213,0.0,0.0,0.0
1647647456,1.0,0.5,0.49987698,572.999,318.0,373.00098,386.00098,392.99902,417.99902,473.00098,493.0,495.99707,600.0,1024.0,31.789057,0.22394286369112695,-0.03955047803836517,0.9992175737480485,0.0,0.0,0.0
1647647466,1.0,0.5,0.49993303,576.999,314.00098,363.00195,382.00098,390.0,409.0,459.00098,488.00098,495.0,600.0,255.99997,34.136063,0.22397383523756725,-0.0388238161190476,0.9992460714468455,0.0,0.0,0.0
1647647467,1.0,0.5,0.499989,558.0,333.0,385.00098,395.00098,401.00098,420.99902,470.00293,490.0,496.99902,600.0,384.0,32.20275,0.22397693239221128,-0.038751148791516615,0.9992488921521694,0.0,0.0,0.0
1647647480,1.0,0.24560249,1.3924959,26980.086,101.13,33546.6,27161.203,11673.325,22519.66,26990.027,1886.3184,17661.324,100.0,65.0,49.596527,0.22401719540258364,-0.037806455024391165,0.9992850804242445,1.0,0.21666666666666667,10.416666666666666
1647647489,1.0,0.22883594,1.3486634,37786.65,3552.853,26114.535,34364.395,11327.663,26298.809,27018.969,13149.48,27526.58,100.0,65.0,52.462418,0.2240450697943799,-0.03715241641781299,0.9993096106584373,1.0,0.36666666666666664,10.266666666666667
1647647590,1.0,0.21329403,1.281168,28921.137,1393.7275,16184.07,32409.059,7840.2554,11993.136,33329.797,11292.806,25314.906,169.64285,65.0,49.745995,0.22435788241342677,-0.029811623859401566,0.999555534766761,1.0,2.05,8.583333333333334
1647648029,1.0,0.1,1.5297613,28989.385,4883.7754,20858.414,9544.838,26283.377,165.0,175.0,25810.99,17377.426,203.15094,343.53607,40.806267,0.2257175333021553,0.0021089379495311737,0.9999977761878899,1.0,9.366666666666667,1.2666666666666666
1647648055,1.0,0.1,1.4379475,32053.47,4661.9434,15073.029,16855.621,27428.938,165.0,175.0,32338.236,20141.64,310.17554,561.5221,45.918495,0.22579805932290006,0.003999702204792417,0.9999920011591458,1.0,9.8,0.8333333333333334
1647648074,1.0,0.1,1.5193957,26555.82,1132.4365,16045.791,14294.494,24627.57,165.0,175.0,27097.602,23687.355,386.92804,539.40094,57.325344,0.22585690526113658,0.005381405886147109,0.999985520130511,1.0,10.116666666666667,0.5166666666666667
1647648080,1.0,0.1,1.6606061,32541.629,101.13,17481.182,16386.875,26482.56,165.0,175.0,32190.832,21476.523,514.3573,590.096,55.245445,0.22587548818900077,0.005817731354993834,0.9999830768577442,1.0,10.216666666666667,0.4166666666666667
1647648081,1.0,0.7965945,1.9239987,14705.067,7610.5,11842.141,10461.405,12067.764,165.0,175.0,38682.168,18250.951,778.9438,842.2468,49.533646,0.2258785853436448,0.005890452161027005,0.9999826511361778,1.0,10.233333333333333,0.4
1647648105,10.999998,0.5,0.49999303,14194.0,11199.0,11504.0,11800.0,11909.0,12297.0,12711.0,13191.0,13497.0,600.0,128.0,34.185215,0.22595291705510148,0.007635741275791754,0.9999708473026447,0.0,0.0,0.0
1647648108,10.999998,0.5,0.49997702,13889.0,11186.0,11499.0,11692.0,11812.0,12293.0,12604.0,13099.0,13308.0,600.0,896.0,32.95232,0.22596220851903356,0.007853900888711332,0.9999691576447897,0.0,0.0,0.0
1647648213,10.999998,0.5,0.500062,14393.0,11113.0,11507.0,11702.0,11890.0,12221.0,12701.0,13209.0,13507.0,600.0,768.0,33.95584,0.22628740975665657,0.015489177697862698,0.9998800354913804,0.0,0.0,0.0
1647648649,21.0,0.5,0.49996296,25494.0,21214.0,21807.0,22293.0,22587.0,23196.0,23908.998,24599.0,24906.998,600.0,640.0,33.45203,0.227637769181453,0.04717909190661298,0.9988864466428942,0.0,0.0,0.0
1647648676,21.0,0.5,0.499947,26561.0,21305.0,21906.0,22299.0,22500.0,23107.0,23712.0,24404.0,24904.0,600.0,512.0,32.714752,0.22772139235684177,0.04914030865287662,0.9987918852621401,0.0,0.0,0.0
1647648693,21.0,0.5,0.49998304,25134.0,21302.0,21803.996,22196.0,22383.0,23095.0,23505.0,23996.0,24606.0,600.0,1024.0,32.878593,0.22777404398579026,0.050375052110840715,0.9987303710836224,0.0,0.0,0.0
1647648700,21.0,0.5,0.500008,24800.0,21312.0,21891.0,22203.0,22497.0,23196.0,23610.002,24192.002,24599.0,600.0,255.99997,33.00557,0.22779572406829846,0.050883453616902524,0.9987045980408904,0.0,0.0,0.0
1647648702,21.0,0.5,0.500002,26113.998,21400.0,21902.0,22297.0,22512.0,23274.998,23901.996,24301.002,24909.0,600.0,384.0,33.296383,0.2278019183775865,0.05102870877395161,0.9986971867792875,0.0,0.0,0.0
1647648734,21.0,0.5,0.50002503,25596.002,21482.002,22189.0,22592.998,22900.0,23398.998,24014.0,24693.0,24903.0,600.0,896.0,33.394684,0.22790102732619544,0.05335264239070329,0.998575733507444,0.0,0.0,0.0
1647648838,21.0,0.5,0.50002503,25712.998,21587.0,22104.0,22499.0,22700.0,23287.0,23813.0,24404.0,24895.0,600.0,768.0,33.62816,0.22822313140917438,0.06090336606789875,0.9981436670147237,0.0,0.0,0.0
1647649284,31.0,0.5,0.49996907,38111.0,32413.0,33299.0,33914.008,34289.996,35192.996,35864.0,36671.0,37290.0,600.0,640.0,34.44736,0.22960446238041113,0.0932394858855002,0.9956437105068296,0.0,0.0,0.0
1647649316,31.0,0.5,0.499955,38489.0,32501.0,33405.004,33999.004,34286.0,35211.0,36192.992,36812.0,37007.0,600.0,512.0,33.521664,0.22970357132902003,0.09555619945221204,0.9954240366528473,0.0,0.0,0.0
1647649322,31.0,0.5,0.49996704,38399.008,31906.998,32817.0,33397.996,33713.0,34512.0,35393.0,35796.0,36588.0,600.0,1024.0,33.44384,0.2297221542568842,0.09599052601448149,0.9953822476392992,0.0,0.0,0.0
1647649337,31.0,0.5,0.50000507,37607.0,32495.006,33194.0,33692.008,33996.996,34891.0,35485.004,36195.004,36497.996,600.0,255.99997,33.304577,0.22976861157654463,0.09707626228509991,0.9952769460309802,0.0,0.0,0.0
1647649338,31.0,0.5,0.49997407,38208.008,32304.004,33297.0,33755.004,34092.0,34887.0,35691.0,36589.996,37108.0,600.0,384.0,33.77152,0.22977170873118866,0.09714864061033167,0.9952698838142168,0.0,0.0,0.0
1647649367,31.0,0.5,0.49996704,37502.0,32256.002,33187.0,33619.0,33915.0,34609.0,35118.004,35894.0,36202.0,600.0,896.0,33.82067,0.22986152621586547,0.09924738699800947,0.9950627900660678,0.0,0.0,0.0
1647649375,1.7272015,0.559808,0.89090776,22463.707,101.13,19567.887,36484.906,9905.117,23806.979,39278.504,12908.347,26621.535,145.68744,65.0,70.733,0.22988630345301772,0.09982627423455422,0.995004881883726,1.0,0.13333333333333333,12.883333333333333
1647649480,1.0,0.5902281,1.5472054,26701.996,5218.3755,20402.383,37314.16,13609.68,9999.856,32612.744,19278.207,21763.951,100.0,65.0,46.688007,0.2302115046906407,0.1074209638756072,0.9942136272049561,1.0,1.8833333333333333,11.133333333333333
1647649939,1.0,0.1,1.5910113,19079.598,2662.7998,10356.439,13878.389,26725.535,165.0,175.0,48058.152,18184.559,100.0,571.2148,53.966675,0.2316330986722498,0.14054123987065625,0.990074825402413,1.0,9.533333333333333,3.4833333333333334
1647649973,1.0,0.1,1.9239987,27170.992,101.13,12777.685,16656.148,15616.318,165.0,175.0,35102.875,27087.17,100.0,689.6941,54.456997,0.23173840193014678,0.14298881706240885,0.9897243041347893,1.0,10.1,2.9166666666666665
1647649978,1.0,0.1,1.4701697,27366.25,101.13,15700.047,18552.898,21851.88,165.0,175.0,24312.559,20975.475,128.18314,450.77042,41.47675,0.2317538877033669,0.14334868151440847,0.989672246507944,1.0,10.183333333333334,2.8333333333333335
1647649996,1.0,0.1,1.5631009,23092.121,101.13,15346.756,16766.426,24061.625,165.0,175.0,34803.008,27814.977,100.0,484.28125,64.62176,0.23180963648695943,0.1446440362737062,0.9894837556880106,1.0,10.483333333333333,2.533333333333333
1647650028,1.0,0.24902445,1.2910504,22710.402,262.82715,9888.293,14708.827,27525.139,165.0,175.0,33168.414,20697.377,290.89047,383.5701,53.99359,0.23190874543556833,0.14694627579900177,0.9891444748007258,1.0,11.016666666666667,2.0
1647650041,1.0,1.1261646,1.7122222,29000.55,3480.542,18790.605,15076.66,24409.852,165.0,175.0,43117.07,17423.078,680.2223,666.6457,45.696304,0.2319490084459407,0.14788133400191128,0.9890051117430158,1.0,11.233333333333333,1.7833333333333334
1647650148,41.0,0.5,0.50005007,54203.01,44803.008,46007.008,46776.0,47202.0,48891.0,49700.0,50898.0,53002.99,600.0,768.0,34.88563,0.23228040399285177,0.1555724849074569,0.9878244793179196,0.0,0.0,0.0
1647650615,51.0,0.5,0.50000393,68793.0,56609.004,58099.016,58707.01,59401.0,60885.0,62012.004,63107.01,64186.992,600.0,640.0,35.536896,0.23372677521161309,0.1890240324372089,0.9819724615085583,0.0,0.0,0.0
1647650641,51.0,0.5,0.49997997,65902.0,55893.008,57180.996,57889.0,58310.99,60017.992,61107.0,62289.01,63395.01,600.0,512.0,34.807808,0.23380730123235782,0.19088038081517816,0.9816133048302944,0.0,0.0,0.0
1647650643,51.0,0.5,0.500008,64600.004,55715.996,56919.0,57698.004,58397.992,59690.008,60590.008,61884.01,62097.004,600.0,1024.0,35.332096,0.23381349554164588,0.1910231486636565,0.9815855320218522,0.0,0.0,0.0
1647650666,51.0,0.5,0.499989,64693.99,55908.996,57394.0,58263.992,58703.008,60012.992,60789.004,62010.01,63005.01,600.0,384.0,35.7376,0.23388473009845856,0.19266468772170336,0.9812646524282318,0.0,0.0,0.0
1647650668,51.0,0.5,0.49999702,64801.004,56202.984,57879.992,58598.0,59088.0,60498.004,61292.99,62487.008,62800.99,600.0,255.99997,35.188736,0.23389092440774661,0.1928074048418729,0.9812366201065582,0.0,0.0,0.0
1647650703,51.0,0.5,0.50000507,64788.008,56408.98,57704.004,58491.0,59085.996,60316.0,61113.977,62405.016,63100.0,600.0,896.0,35.155968,0.2339993248202876,0.195304291526602,0.9807426949568843,0.0,0.0,0.0
1647650718,51.0,0.5,0.500051,64889.008,56606.023,58107.996,59002.99,59417.0,61081.004,62097.01,63107.01,63703.996,600.0,128.0,35.827713,0.23404578213994803,0.19637399943837477,0.980529067567391,0.0,0.0,0.0
1647650838,1.0,0.5,0.49992806,500.99707,300.00098,316.0,357.0,371.99902,394.00195,404.0,433.99805,472.00195,700.0,640.0,33.550335,0.23441744069723144,0.20492314383351412,0.9787780673479504,0.0,0.0,0.0
1647650843,51.0,0.5,0.500018,70087.0,57891.99,59498.0,60500.0,61004.996,62794.004,63985.0,65995.0,67908.016,600.0,768.0,35.52051,0.2344329264704516,0.2052790240273446,0.9787034904885038,0.0,0.0,0.0
1647650859,1.0,0.5,0.49997997,512.0,297.0,311.0,327.00098,371.99902,396.0,409.99902,467.00098,487.00195,700.0,512.0,32.32563,0.23448248094475604,0.20641765803202,0.9784639750407657,0.0,0.0,0.0
1647650873,1.0,0.5,0.499879,569.0,305.00098,329.0,371.0,382.0,399.00098,409.99902,472.0,483.0,700.0,1024.0,32.448513,0.23452584110977245,0.20741373359459797,0.978253312346219,0.0,0.0,0.0
1647650887,1.0,0.5,0.48168796,507.0,298.00098,318.00098,358.99902,374.00098,396.0,407.99902,463.99902,476.99805,700.0,384.0,32.567295,0.23456920127478886,0.20840959416344587,0.978041635647802,0.0,0.0,0.0
1647650896,1.0,0.5,0.49989706,507.99805,304.00098,333.0,375.0,385.0,402.00098,431.99805,483.0,499.99902,700.0,255.99997,32.567295,0.2345970756665851,0.20904967623335624,0.9779050224161491,0.0,0.0,0.0
1647650924,1.0,0.5,0.49992096,560.999,297.0,317.00098,364.0,378.00098,398.0,418.0,478.0,483.0,700.0,896.0,32.055298,0.2346837959966179,0.21104046876006388,0.9774773248242297,0.0,0.0,0.0
1647650935,1.0,0.5,0.49985504,555.99805,296.0,313.00098,333.99902,365.0,395.0,409.99902,477.00098,492.0,700.0,128.0,35.241985,0.23471786469770223,0.21182232688050015,0.9773081918386495,0.0,0.0,0.0
1647651062,1.0,0.18224585,0.8800986,218.0,101.13,17534.883,22008.889,8207.273,12108.038,44402.418,22375.332,17545.361,100.0,65.0,61.6876,0.23511120333749386,0.22083929047690987,0.975310211051671,1.0,2.1166666666666667,20.35
1647651553,1.0,0.49396932,0.71395975,10345.975,101.13,14060.123,20095.195,28265.773,5239.29,21760.738,33477.938,25434.781,100.0,138.23322,59.053658,0.23663190626771186,0.2555160666411683,0.9668048095082202,1.0,10.3,12.166666666666666
1647651578,1.0,0.1,1.3132275,24308.303,6402.422,12517.082,26678.7,16827.309,3628.5151,16874.465,31974.83,22340.334,100.0,439.05655,59.78408,0.23670933513381257,0.2572733441378143,0.9663386706513125,1.0,10.716666666666667,11.75
1647651584,1.0,0.49663895,1.032409,18536.324,101.13,11715.059,22927.621,25150.395,6179.0,14399.5,27381.365,31153.068,100.0,351.38074,73.23541,0.23672791806167673,0.2576949644211338,0.9662263219929328,1.0,10.816666666666666,11.65
1647651612,1.0,0.15904403,0.9487566,28665.766,101.13,9696.992,26069.285,22373.863,1278.3408,15740.873,30297.348,32529.81,100.0,128.2341,53.427055,0.23681463839170955,0.2596618757444915,0.9656995962952725,1.0,11.283333333333333,11.183333333333334
1647651649,1.0,0.1,1.3049133,17490.006,4951.144,15494.01,14380.781,22990.625,5788.611,11239.522,34038.812,25476.188,100.0,80.88458,56.312256,0.23692923311353858,0.26225935592736205,0.9649974249854583,1.0,11.9,10.566666666666666
1647651656,1.0,0.5333052,1.2398628,17579.266,3555.289,8392.943,22619.113,23768.344,165.0,17615.707,38566.07,19510.975,269.42203,296.62335,67.64761,0.2369509131960468,0.26275055807724274,0.9648637956883331,1.0,12.016666666666667,10.45
1647651790,1.0,0.44719896,1.9239987,28084.28,2209.5024,14807.247,19577.748,29318.621,165.0,175.0,35031.508,23144.701,394.80807,737.3165,47.17555,0.23736593191834662,0.27214029522691946,0.9622575849084304,1.0,14.25,8.216666666666667
1647652283,21.0,0.5,0.50003195,25594.002,21595.996,22199.0,22511.002,22799.0,23591.0,24113.0,24618.0,24909.0,700.0,640.0,33.406975,0.23889282915785268,0.3064568559104759,0.9518845494415097,0.0,0.0,0.0
1647652308,21.0,0.5,0.49996102,25991.998,21511.002,22201.0,22578.0,22795.996,23491.0,24099.996,24699.0,24996.0,700.0,512.0,33.603584,0.23897025802395339,0.3081869234362516,0.9513258223252946,0.0,0.0,0.0
1647652309,21.0,0.5,0.500023,25901.0,21489.002,22005.996,22408.0,22603.002,23112.0,23785.996,24396.002,24602.0,700.0,1024.0,33.222656,0.2389733551785974,0.3082561049873462,0.9513034078242494,0.0,0.0,0.0
1647652334,21.0,0.5,0.500031,25995.0,21399.0,21993.0,22396.0,22601.0,23193.0,23609.0,24216.0,24894.0,700.0,255.99997,33.96813,0.23905078404469812,0.3099851129948911,0.9507414105431322,0.0,0.0,0.0
1647652385,21.0,0.5,0.49999702,25591.0,21792.0,22304.0,22690.996,22913.0,23593.0,24085.0,24589.0,24785.0,700.0,896.0,32.526337,0.2392087389315436,0.3135091061210582,0.9495851938500174,0.0,0.0,0.0
1647652393,21.0,0.5,0.5000111,26599.0,21784.0,22392.0,22701.002,23009.0,23795.0,24600.0,25101.996,25287.0,700.0,128.0,33.480705,0.23923351616869581,0.3140614993061832,0.9494026409556444,0.0,0.0,0.0
1647652522,21.0,0.5,0.50004005,26488.0,21511.002,22111.0,22601.0,22896.002,23599.0,24210.0,24997.0,25692.0,700.0,768.0,35.67616,0.2396330491177755,0.32295403272355455,0.9464146515917815,0.0,0.0,0.0
1647653030,31.0,0.5,0.49997902,42191.004,32307.0,33397.008,34191.004,34608.0,35784.0,37106.0,38585.0,39196.0,700.0,640.0,34.304,0.241206403676942,0.35768893599898355,0.9338407921395997,0.0,0.0,0.0
1647653054,31.0,0.5,0.500035,39480.0,32408.006,33400.0,33992.0,34490.0,35702.0,36679.0,37686.0,38199.0,700.0,1024.0,34.2016,0.24128073538839867,0.35931825003147216,0.9332150851729307,0.0,0.0,0.0
1647653060,31.0,0.5,0.50003,41810.0,32693.004,33715.0,34310.0,34705.0,35802.0,36893.0,38005.0,38802.0,700.0,512.0,34.45965,0.24129931831626286,0.3597254077106289,0.9330582141792771,0.0,0.0,0.0
1647653082,31.0,0.5,0.49999002,40297.0,32590.004,33595.0,34294.0,34698.0,35709.0,36681.0,37690.0,38291.0,700.0,384.0,34.185215,0.2413674557184315,0.36121773267024576,0.9324815009449607,0.0,0.0,0.0
1647653089,31.0,0.5,0.500007,41292.008,32802.008,33716.0,34217.0,34687.008,36104.996,37391.004,38307.0,39496.0,700.0,255.99997,34.725887,0.24138913580093968,0.36169236962591533,0.9322975006693894,0.0,0.0,0.0
1647653142,31.0,0.5,0.50000614,40204.008,32523.004,33501.008,34292.0,34783.0,35984.996,37086.0,38211.996,39510.004,700.0,128.0,34.246655,0.24155328499707318,0.3652829993287004,0.9308965197063681,0.0,0.0,0.0
1647653147,31.0,0.5,0.49998403,40612.0,33090.0,34006.0,34587.0,34999.004,36498.0,37605.0,39194.0,39706.008,700.0,896.0,33.5872,0.24156877077029335,0.3656214587001052,0.9307636375245905,0.0,0.0,0.0
1647653288,31.0,0.5,0.500013,40809.992,33496.0,34206.0,34791.0,35099.004,35990.0,36990.0,37887.0,38510.0,700.0,768.0,34.930687,0.24200546957510136,0.37514594369121707,0.9269657603881744,0.0,0.0,0.0
1647653817,41.0,0.5,0.50006306,56099.004,45396.0,46708.008,47399.0,48004.996,49497.992,51110.992,53104.99,53808.996,700.0,640.0,34.533375,0.24364386438179245,0.41051992721998193,0.9118516268315261,0.0,0.0,0.0
1647653841,1.0,0.85005194,0.8508929,22369.25,101.13,29110.488,33448.586,4894.7153,17799.143,39123.016,8954.859,19661.293,100.0,65.0,45.440727,0.24371819609324913,0.41211078247233524,0.9111337459286861,1.0,0.4,13.35
1647653846,1.0,0.3729245,1.219407,23049.766,101.13,23808.98,26629.188,11959.417,17753.441,48382.695,15144.467,26634.902,100.0,65.0,46.472622,0.24373368186646927,0.4124420528009631,0.9109838379912827,1.0,0.48333333333333334,13.266666666666667
1647653875,1.0,0.33070493,0.906139,23503.865,101.13,20362.367,25720.652,9546.523,21147.914,36902.484,17105.945,29084.748,100.0,65.0,58.579796,0.2438234993511461,0.4143623439946807,0.9101119974372571,1.0,0.9666666666666667,12.783333333333333
1647653887,1.0,0.3199997,0.5610386,28709.707,101.13,18906.895,19596.55,13693.199,19800.174,36462.465,14057.519,38914.336,100.0,65.0,51.150017,0.24386066520687444,0.4151564086622589,0.9097500515782648,1.0,1.1666666666666667,12.583333333333334
1647653941,1.0,0.1,1.3187059,22752.648,101.13,22116.861,26738.377,15922.742,15699.129,40156.215,30103.977,23583.477,100.0,65.0,56.530224,0.244027911557652,0.41872577846559106,0.9081127256284788,1.0,2.066666666666667,11.683333333333334
1647654088,1.0,0.37640733,0.8417176,20703.574,4947.0083,11752.24,29291.424,18666.582,9619.668,25078.312,12266.462,22532.297,100.0,65.0,38.369396,0.24448319329032417,0.4284095216729553,0.9035846843212592,1.0,4.516666666666667,9.233333333333333
1647654613,1.0,0.1,1.6376283,29364.908,5962.0884,11818.291,19201.809,25801.645,165.0,175.0,37103.156,22966.084,454.30286,346.06818,44.80283,0.24610919947843915,0.4625869749899201,0.8865739058700494,1.0,13.266666666666667,0.48333333333333334
1647654630,1.0,0.757366,1.9239987,31722.625,998.96875,24575.387,19202.941,10665.41,165.0,175.0,23232.156,10968.731,746.56445,726.11523,33.85493,0.24616185110738764,0.4636826702625929,0.8860013438466962,1.0,13.55,0.2
1647654642,51.0,0.5,0.49996802,66858.0,57802.992,59094.992,59802.996,60394.996,61752.996,63286.992,64211.004,65502.008,700.0,1024.0,35.77856,0.246199016963116,0.46445567563855655,0.8855963670697458,0.0,0.0,0.0
1647654666,51.0,0.5,0.50006497,66655.016,56900.004,58293.008,59110.0,59715.008,61106.0,62212.996,63792.004,64308.0,700.0,384.0,35.815426,0.24627334867457268,0.46600062469247183,0.8847843905642923,0.0,0.0,0.0
1647654696,51.0,0.5,0.500019,67096.0,58222.99,59584.023,60506.992,61183.0,62497.0,63600.996,65194.98,66498.0,700.0,255.99997,36.462593,0.24636626331389352,0.4679298142605734,0.8837656300886935,0.0,0.0,0.0
1647654741,51.0,0.5,0.500028,68979.016,57591.992,58995.004,59888.008,60391.992,62092.0,63786.0,66096.0,67103.016,700.0,896.0,35.467262,0.2465056352728748,0.470819419783781,0.8822296038755806,0.0,0.0,0.0
1647654745,51.0,0.5,0.500092,69792.984,57886.01,59411.0,60218.01,60812.004,62305.996,63891.004,65002.008,66493.99,700.0,128.0,36.450302,0.24651802389145092,0.471076030049849,0.8820926107345384,0.0,0.0,0.0
1647654860,1.0,0.5,0.499978,491.99902,297.0,311.99902,341.0,375.00098,400.0,412.99902,440.00195,467.99902,800.0,640.0,34.799618,0.24687419667551422,0.4784364427967643,0.8781221840973946,0.0,0.0,0.0
1647654885,1.0,0.5,0.49979705,504.00098,300.00098,321.0,364.0,380.0,398.0,434.00098,485.0,494.00098,800.0,512.0,33.091583,0.24695162554161493,0.4800321224090111,0.8772509113449243,0.0,0.0,0.0
1647654894,1.0,0.5,0.499954,505.99902,300.00098,317.00098,342.99902,370.99902,394.00195,408.99902,466.00195,485.0,800.0,1024.0,32.98509,0.24697949993341117,0.48060617893160446,0.8769365431847179,0.0,0.0,0.0
1647654909,51.0,0.5,0.500001,74907.0,58489.0,60400.984,61610.01,62496.0,64790.996,67099.01,68897.016,69895.0,700.0,768.0,36.327423,0.2470259572530716,0.4815624821780444,0.876411761535935,0.0,0.0,0.0
1647654929,1.0,0.5,0.49984196,502.99902,307.00098,330.0,375.0,383.99902,404.0,423.99902,479.00195,492.0,800.0,384.0,34.942978,0.24708790034595218,0.48283666161721933,0.8757104305638588,0.0,0.0,0.0
1647654950,1.0,0.5,0.49985296,564.999,299.00098,319.00195,367.99902,380.0,404.0,427.0,475.99902,492.0,800.0,255.99997,33.55853,0.24715294059347678,0.4841734507070126,0.8749720393420947,0.0,0.0,0.0
1647654984,1.0,0.5,0.49978304,492.99902,289.0,302.00098,316.99805,338.0,391.0,404.99902,433.00195,476.99805,800.0,128.0,35.99155,0.24725824385137374,0.4863353804234905,0.8737722230354652,0.0,0.0,0.0
1647654988,1.0,0.5,0.49986407,509.00098,297.0,314.00195,339.00098,369.0,393.0,414.0,465.0,483.0,800.0,896.0,35.074047,0.24727063246994985,0.4865895298807817,0.8736307168423051,0.0,0.0,0.0
1647655166,1.0,0.5,0.49994302,498.99902,305.00098,329.0,372.0,383.99902,401.0,420.99805,465.0,481.00098,800.0,768.0,33.370113,0.24782192599658692,0.49785718289087016,0.8672590301887705,0.0,0.0,0.0
1647655658,10.999998,0.5,0.499989,14400.0,10803.0,11194.0,11390.0,11503.0,11896.0,12291.0,12800.0,13310.0,800.0,640.0,32.956417,0.24934572608144898,0.528561807059334,0.8488948204095554,0.0,0.0,0.0
1647655678,10.999998,0.5,0.49987197,13999.0,10702.0,11004.0,11204.0,11391.0,11788.0,12117.0,12600.0,13293.0,800.0,512.0,32.99328,0.24940766917432955,0.5297959150329105,0.8481251608191099,0.0,0.0,0.0
1647655696,1.0,0.50987464,1.3985778,14860.546,1390.8213,20983.688,32581.729,153.0,21462.875,40455.566,6830.4224,26662.637,100.0,65.0,41.80175,0.24946341795792207,0.5309056540598307,0.8474309331664165,1.0,0.3,13.666666666666666
1647655732,1.0,0.2176075,1.2773641,26505.883,101.13,20511.455,33651.36,10907.566,17613.28,41852.746,13738.43,24648.031,100.0,65.0,47.47181,0.24957491552510708,0.5331224011366227,0.8460381229036443,1.0,0.9,13.066666666666666
1647655747,1.0,0.15616387,1.109293,31767.236,101.13,22164.348,24502.795,5422.2134,20192.754,45813.266,15630.833,24150.656,100.0,65.0,50.734234,0.24962137284476751,0.5340449681969408,0.8454560733376563,1.0,1.15,12.816666666666666
1647655785,1.0,0.35811323,1.1523304,25672.766,1885.6133,20614.254,25580.846,8791.074,15768.18,36428.895,24029.223,21780.666,100.0,65.0,45.62655,0.2497390647212406,0.5363792915089503,0.8439770468681933,1.0,1.7833333333333334,12.183333333333334
1647655787,1.0,0.64336956,0.8602054,13786.99,101.13,12607.193,24470.006,10241.741,12713.064,37390.484,9805.409,27445.352,100.0,65.0,51.212666,0.24974525903052866,0.5365020373208963,0.8438990247360922,1.0,1.8166666666666667,12.15
1647655972,1.0,0.2361688,1.234929,27245.768,4104.6025,11807.518,25005.34,14508.605,12320.389,16368.385,11010.464,24163.945,100.0,65.0,47.3678,0.25031823263967395,0.547806605195044,0.8366049983741917,1.0,4.9,9.066666666666666
1647656473,1.0,0.3767665,1.5787435,36690.734,184.14746,3451.5742,34070.383,28707.9,165.0,175.0,49490.953,34324.47,447.39392,295.56134,47.977024,0.2518699071163322,0.5779169740558547,0.8160955649298216,1.0,13.25,0.7166666666666667
1647656500,1.0,0.7429226,1.9239987,38689.312,8194.82,19174.375,18805.11,23038.244,165.0,175.0,40218.035,17963.127,801.23175,681.641,40.42162,0.251953530291721,0.5795182588954548,0.814959255181988,1.0,13.7,0.26666666666666666
1647656516,21.0,0.5,0.49993896,26308.004,21288.0,21891.0,22189.0,22410.002,23102.0,23579.998,24586.0,25077.0,800.0,1024.0,33.456127,0.25200308476602545,0.580466114541132,0.8142844035529119,0.0,0.0,0.0
1647656549,21.0,0.5,0.499976,25308.0,21194.998,21792.002,22093.0,22300.0,22898.0,23495.0,24300.0,24799.0,800.0,384.0,33.931263,0.2521052908692784,0.5824185834486384,0.8128890414156666,0.0,0.0,0.0
1647656565,21.0,0.5,0.49995202,26510.0,21198.0,21784.002,22102.0,22402.002,23085.0,23886.0,24498.0,25208.0,800.0,255.99997,34.11968,0.25215484534358285,0.5833640283284532,0.8122108165078815,0.0,0.0,0.0
1647656608,21.0,0.5,0.50000507,26892.0,21212.002,21880.002,22203.0,22489.0,23095.0,23575.0,24396.002,24796.0,800.0,896.0,33.939457,0.2522880229932761,0.5859009944060005,0.8103826409505943,0.0,0.0,0.0
1647656610,21.0,0.5,0.500019,27607.0,21298.996,21915.002,22299.0,22504.0,23279.998,23991.0,24910.0,25512.0,800.0,128.0,35.52461,0.2522942173025641,0.5860188535858938,0.8102974165341235,0.0,0.0,0.0
1647656800,21.0,0.5,0.49997407,25496.0,21507.0,22013.0,22308.0,22508.0,23089.002,23504.002,24005.0,24490.0,800.0,768.0,34.14016,0.25288267668492953,0.5971585917027862,0.8021231927550438,0.0,0.0,0.0
1647657335,31.0,0.5,0.50005794,39606.0,32808.0,33906.0,34502.0,34916.0,36089.0,36803.0,38194.0,38703.008,800.0,640.0,34.545666,0.25453965441948484,0.6279064605500522,0.7782888132303495,0.0,0.0,0.0
1647657360,31.0,0.5,0.50002503,40690.0,33001.0,33900.008,34406.0,34795.0,35696.0,36502.0,37384.996,38696.0,800.0,512.0,34.402306,0.2546170832855855,0.6293203910498374,0.7771459614569709,0.0,0.0,0.0
1647657375,31.0,0.5,0.49997997,41990.0,32802.008,33703.0,34298.004,34787.0,35911.0,36898.0,38191.0,38875.0,800.0,1024.0,34.779137,0.254663540605246,0.6301677512011247,0.7764590171709757,0.0,0.0,0.0
1647657411,31.0,0.5,0.49995,42600.996,32909.0,33814.0,34300.0,34694.0,35797.004,36717.0,37907.0,38500.0,800.0,384.0,34.91021,0.25477503817243097,0.6321983542829283,0.7748065828592043,0.0,0.0,0.0
1647657436,31.0,0.5,0.500031,40006.0,33305.0,34202.008,34802.0,35100.996,36196.0,36904.0,38010.0,38593.0,800.0,255.99997,35.270657,0.2548524670385317,0.6336059468197145,0.7736559339620508,0.0,0.0,0.0
1647657483,31.0,0.5,0.50006,41292.008,33407.0,34307.004,34987.0,35314.004,36293.0,37205.0,37901.008,38281.0,800.0,896.0,34.209793,0.25499803330680104,0.6362465475085071,0.7714857942849661,0.0,0.0,0.0
1647657487,31.0,0.5,0.50000614,40188.008,33696.992,34595.0,35102.0,35394.0,36287.0,36806.0,37700.0,38503.0,800.0,128.0,35.35667,0.25501042192537715,0.63647093670775,0.7713006850291002,0.0,0.0,0.0
1647657682,31.0,0.5,0.49999303,41093.0,33709.008,34794.0,35292.004,35692.0,36503.0,37393.0,38400.004,39310.0,800.0,768.0,34.906113,0.25561436708096275,0.6473442364948732,0.7621977692678389,0.0,0.0,0.0
1647658228,41.0,0.5,0.49999404,54204.996,45186.992,46305.992,47188.004,47599.0,48877.0,49897.004,51190.0,51902.0,800.0,640.0,35.340286,0.2573054135166023,0.6770900630054659,0.7359001607414244,0.0,0.0,0.0
1647658247,41.0,0.5,0.50005907,52393.996,45059.004,46203.0,46896.008,47298.0,48393.99,49302.0,50501.0,51198.004,800.0,512.0,35.274754,0.2573642594548388,0.6781062235773687,0.734963910369509,0.0,0.0,0.0
1647658265,1.0,0.19655263,1.1914178,16497.61,101.13,23122.463,25598.775,5549.6104,18079.352,56316.45,16679.393,23746.219,100.0,65.0,57.027145,0.25742000823843136,0.6790677078533042,0.7340756419817099,1.0,0.3,15.383333333333333
1647658300,1.0,0.333458,0.840732,21877.16,101.13,21723.117,34513.457,11939.926,25587.945,42560.836,16374.417,32169.871,100.0,65.0,50.457836,0.2575284086509724,0.6809339282475905,0.732344854123592,1.0,0.8833333333333333,14.8
1647658326,1.0,0.49204412,0.9160478,25213.258,101.13,23886.645,32999.836,11009.67,23590.191,43789.555,14504.795,22761.715,100.0,65.0,60.311584,0.2576089346717171,0.6823174083831899,0.731056054086995,1.0,1.3166666666666667,14.366666666666667
1647658374,1.0,0.23668653,1.2664347,21540.55,101.13,17707.744,29406.01,11702.079,15333.34,42289.68,25542.18,22837.965,100.0,65.0,55.275703,0.25775759809463045,0.6848651133218491,0.7286698680161345,1.0,2.1166666666666667,13.566666666666666
1647658382,1.0,0.1,0.7800356,24046.676,101.13,18838.555,22983.848,12686.392,16070.814,26404.844,14426.043,26323.023,100.0,65.0,48.700546,0.25778237533178266,0.6852889203421461,0.7282713063524443,1.0,2.25,13.433333333333334
1647658578,1.0,0.494303,0.8285831,21599.422,443.625,12784.385,27441.455,27250.06,13145.953,32607.559,25844.744,18635.664,100.0,65.0,50.029305,0.2583894176420123,0.6955993886477422,0.7184298786331811,1.0,5.516666666666667,10.166666666666666
1647659135,1.0,0.1,1.8830624,29153.71,9424.86,11650.186,21065.926,26091.938,1629.2197,175.0,41728.85,25889.795,451.1338,310.9416,45.299065,0.2601145327787362,0.7241217089741869,0.6896722051759828,1.0,14.8,0.8833333333333333
1647659153,1.0,1.2244228,1.6011578,29796.623,394.15137,17750.0,18382.75,27195.602,165.0,175.0,44889.184,27390.293,874.82776,668.7975,57.03478,0.2601702815623287,0.7250238671404532,0.6887237414789057,1.0,15.1,0.5833333333333334
1647659188,51.0,0.5,0.49998796,69000.0,58093.008,59590.992,60596.984,61192.01,62504.008,64186.008,65503.984,66883.0,800.0,1024.0,36.143105,0.2602786819748697,0.726774505883469,0.686876129733622,0.0,0.0,0.0
1647659205,51.0,0.5,0.5,68784.99,56998.008,58584.992,59581.984,60142.996,61907.0,62891.0,64046.996,64786.008,800.0,384.0,36.614143,0.26033133360381816,0.7276231179845748,0.6859771119901927,0.0,0.0,0.0
1647659248,51.0,0.5,0.500034,67596.0,58006.004,59505.008,60498.0,61187.016,62799.0,64102.99,65502.004,66503.0,800.0,255.99997,36.79027,0.2604645112535114,0.7297646405083219,0.6836984492184838,0.0,0.0,0.0
1647659310,51.0,0.5,0.5000471,73201.0,58504.0,60214.996,61292.01,62007.004,63503.98,66396.0,68999.016,70014.0,800.0,896.0,36.27008,0.2606565348414412,0.7328398495562994,0.6804011720318391,0.0,0.0,0.0
1647659323,51.0,0.5,0.50002503,74597.0,59026.996,60900.992,61814.008,62589.0,64308.02,66706.0,70494.0,71914.0,800.0,128.0,36.9664,0.26069679785181354,0.733482764174357,0.6797080510477602,0.0,0.0,0.0
1647659450,1.0,0.5,0.49987698,574.0,325.00195,381.0,394.00098,401.00098,433.00098,482.00098,493.99902,501.00098,900.00006,640.0,33.398785,0.2610901364916052,0.7397289728574233,0.6729049314095575,0.0,0.0,0.0
1647659461,1.0,0.5,0.49983895,569.0,318.0,378.0,391.0,398.99902,430.99902,484.00098,496.00098,505.00098,900.00006,512.0,35.4304,0.2611242051926895,0.7402670214235135,0.672312975475529,0.0,0.0,0.0
1647659497,1.0,0.5,0.49984604,559.99805,318.0,373.99902,389.0,398.0,428.0,481.00098,493.0,504.00195,900.00006,1024.0,33.021957,0.2612357027598745,0.7420245938131627,0.6703726591802585,0.0,0.0,0.0
1647659529,1.0,0.5,0.49994603,512.0,360.00098,387.99902,396.99805,402.00098,426.00098,474.99805,490.0,499.0,900.00006,384.0,35.434498,0.26133481170848344,0.743582611234066,0.6686440759255463,0.0,0.0,0.0
1647659561,51.0,0.5,0.5000641,82296.98,60498.02,63047.99,64942.992,66697.0,70709.01,73590.99,75604.0,76708.0,800.0,768.0,37.974014,0.2614339206570923,0.7451366018440503,0.6669118716834341,0.0,0.0,0.0
1647659586,1.0,0.5,0.499835,565.999,376.00098,396.00098,405.0,410.99902,466.99805,481.00098,498.0,511.99902,900.00006,255.99997,33.910786,0.26151134952319305,0.746347849720593,0.6655560736838385,0.0,0.0,0.0
1647659617,1.0,0.5,0.49994504,557.0,316.00098,373.99902,389.0,396.99902,414.0,466.99902,490.0,495.99707,900.00006,896.0,32.821247,0.26160736131715795,0.7478463705977965,0.6638718294849565,0.0,0.0,0.0
1647659621,1.0,0.5,0.49994904,516.99805,306.0,359.99902,385.0,391.0,411.0,436.0,485.0,493.00098,900.00006,128.0,36.15539,0.26161974993573406,0.7480394514424703,0.6636542617098515,0.0,0.0,0.0
1647659869,1.0,0.5,0.5000641,565.999,320.00098,377.0,390.0,396.99902,416.00098,470.00293,488.99902,492.0,900.00006,768.0,35.57376,0.2623878442874531,0.7598862012171245,0.6500561215770587,0.0,0.0,0.0
1647660361,10.999998,0.5,0.499954,14894.0,10995.0,11302.0,11505.0,11706.0,12009.0,12399.0,12988.0,13592.0,900.00006,640.0,34.41869,0.2639116443723152,0.7826534253248435,0.6224577221203779,0.0,0.0,0.0
1647660373,10.999998,0.5,0.500018,13398.0,11002.0,11302.0,11517.0,11697.0,11996.0,12289.0,12711.0,13002.0,900.00006,512.0,34.361343,0.2639488102280435,0.7831963240788572,0.6217744912340532,0.0,0.0,0.0
1647660406,1.0,0.1925106,0.6998732,218.0,101.13,25744.713,19813.486,153.0,22636.473,44448.035,10294.234,15347.875,100.0,65.0,52.67863,0.26405101633129646,0.7846862190266622,0.6198931663356526,1.0,0.55,23.3
1647660434,1.0,0.1,1.0777011,11727.871,101.13,33347.094,25434.445,5736.508,14907.363,67005.625,20964.184,26066.303,100.0,65.0,52.490128,0.2641377366613292,0.785946828718256,0.6182940905650938,1.0,1.0166666666666666,22.833333333333332
1647660493,1.0,0.1,0.8218436,1514.1045,101.13,19762.375,29336.229,6502.548,24434.81,56773.434,27412.154,13493.506,100.0,65.0,54.226574,0.26432046878532695,0.7885924395324213,0.6149162254423804,1.0,2.0,21.85
1647660532,1.0,0.43812472,0.8122659,6810.018,101.13,18059.895,25267.795,2411.413,18360.588,48905.953,25912.953,18816.043,118.43555,65.0,54.099876,0.264441257816444,0.7903332663782334,0.6126771809492437,1.0,2.65,21.2
1647660537,1.0,0.1,0.9586656,4880.1016,101.13,18409.574,24079.285,153.0,17050.637,47766.133,26655.709,21183.238,100.0,65.0,72.08181,0.2644567435896642,0.7905559898369583,0.6123897671686775,1.0,2.7333333333333334,21.116666666666667
1647660782,1.0,0.1,1.2373592,6266.8354,2169.832,10689.872,28725.36,11518.547,8913.389,32269.162,23106.395,11783.401,100.0,65.0,59.063793,0.26521554647745116,0.8013408270015276,0.5982080565994643,1.0,6.816666666666666,17.033333333333335
1647661799,1.0,0.1,1.827176,24391.021,3344.9077,11889.886,26564.688,31614.873,165.0,175.0,30735.389,6611.2993,475.9656,505.81223,62.30859,0.26836535275042817,0.8433523700526364,0.5373609400827353,1.0,23.766666666666666,0.08333333333333333
1647661803,1.0,0.9931766,1.9239987,33857.418,12078.318,16230.041,26216.043,16755.482,165.0,175.0,42572.22,13998.218,1000.0,711.80444,62.42384,0.2683777413690043,0.8435086463311688,0.5371155960913433,1.0,23.833333333333332,0.016666666666666666
1647661804,31.0,0.5,0.49993303,39790.0,32899.996,33713.0,34290.0,34589.0,35407.0,36314.0,37301.0,37711.0,900.00006,512.0,34.484222,0.2683808385236483,0.8435477042490863,0.5370542529913491,0.0,0.0,0.0
1647661805,31.0,0.5,0.49999303,39014.004,32884.0,33791.004,34297.008,34617.004,35410.996,36209.0,37186.0,37605.0,900.00006,896.0,34.148354,0.26838393567829233,0.8435867577059045,0.5369929070511449,0.0,0.0,0.0
1647661807,31.0,0.5,0.500002,39848.992,32910.0,33710.0,34282.0,34590.004,35577.0,36298.0,37201.0,37694.0,900.00006,255.99997,35.631104,0.2683901299875804,0.8436648512354163,0.5368702066514054,0.0,0.0,0.0
1647661810,31.0,0.5,0.500023,39339.0,32999.0,33812.0,34396.004,34693.0,35501.0,36302.0,37095.996,37696.0,900.00006,768.0,35.08224,0.2683994214515125,0.8437819580662762,0.5366861347583342,0.0,0.0,0.0
1647662779,41.0,0.5,0.5000541,52295.004,44007.996,45101.004,45795.996,46311.0,47587.996,48515.996,49396.996,49978.008,900.00006,640.0,35.561474,0.27140056430157616,0.8794755728774757,0.4759440268685341,0.0,0.0,0.0
1647662789,41.0,0.5,0.500024,53497.996,44406.0,45404.008,46123.996,46503.996,47795.0,48693.004,49683.008,50598.01,900.00006,1024.0,35.61472,0.27143153584801644,0.8798214565552903,0.47530432838858866,0.0,0.0,0.0
1647662791,41.0,0.5,0.50005794,53797.0,44304.008,45388.008,46102.008,46505.01,47904.99,48905.0,50298.008,51297.004,900.00006,255.99997,36.102142,0.2714377301573045,0.8798905774615087,0.47517635851802736,0.0,0.0,0.0
1647662795,41.0,0.5,0.500023,53199.008,44599.996,45808.0,46600.004,47207.992,48203.008,49100.0,50485.008,51000.0,900.00006,896.0,35.188736,0.2714501187758806,0.8800287634329006,0.47492038862398805,0.0,0.0,0.0
1647662802,41.0,0.5,0.500028,53588.008,44815.008,45904.004,46589.0,47005.0,48397.99,49592.99,50797.0,51318.004,900.00006,128.0,36.306946,0.2714717988583888,0.880270409695677,0.47447234462527405,0.0,0.0,0.0
1647662811,41.0,0.5,0.50004405,54692.0,45004.0,46163.02,46887.004,47300.992,48311.996,49668.992,50896.008,51590.004,900.00006,768.0,36.130817,0.27149967325018504,0.8805807625569433,0.4738961074060773,0.0,0.0,0.0
1647663793,51.0,0.5,0.500066,67899.0,56685.004,58205.02,59291.0,59712.004,61495.004,62713.996,64407.99,65608.0,900.00006,640.0,36.519936,0.2745410791106211,0.9121499242046258,0.4098567015110226,0.0,0.0,0.0
1647663805,51.0,0.5,0.500031,68696.0,57495.99,59097.992,60114.008,60899.008,62495.0,63898.0,65316.004,66200.01,900.00006,384.0,36.143105,0.2745782449663494,0.9125072442834423,0.4090605445777411,0.0,0.0,0.0
1647663811,51.0,0.5,0.499999,70100.0,57807.0,59384.996,60401.992,61095.992,62917.0,64500.996,65596.0,67002.99,900.00006,512.0,36.4544,0.2745968278942136,0.9126856437471015,0.4086623492541721,0.0,0.0,0.0
1647663816,51.0,0.5,0.49996397,68405.0,57519.008,59101.996,59905.99,60500.984,62092.0,63308.98,64593.99,65502.008,900.00006,1024.0,35.766273,0.2746123136674337,0.9128341772330428,0.408330460381385,0.0,0.0,0.0
1647663822,51.0,0.5,0.500028,69106.0,57692.0,59295.008,60196.0,60696.01,62396.992,63811.004,65011.992,66089.0,900.00006,255.99997,37.474304,0.2746308965952979,0.9130122581062643,0.40793212247590926,0.0,0.0,0.0
1647663825,51.0,0.5,0.500039,68490.0,57807.0,59388.996,60308.992,60796.01,62495.996,63706.984,65217.992,66003.016,900.00006,896.0,36.114433,0.27464018805922996,0.9131012333607504,0.40773292439423675,0.0,0.0,0.0
1647663834,1.4807644,0.85612833,1.2195598,19279.654,12312.964,25169.29,24991.098,12764.943,16070.912,26712.055,10434.183,21068.715,112.674835,411.6817,49.802116,0.27466806245102626,0.9133678983448977,0.4071352137472569,1.0,0.15,6.066666666666666
1647663852,23.234127,0.4097808,1.5610232,30274.186,8336.003,19891.012,21157.852,9663.596,22717.578,8302.041,11075.755,18096.625,100.0,287.55804,51.272896,0.27472381123461875,0.9139000544257558,0.40593926949803766,1.0,0.45,5.766666666666667
1647664133,1.0,0.4549397,1.0931991,25225.674,1442.9907,13142.162,15565.9,14768.963,10095.787,175.0,24714.277,14806.327,136.116,433.9469,52.602917,0.27559411168959075,0.9220039952879827,0.3871803619413019,1.0,5.133333333333334,1.0833333333333333
1647664147,25.488163,0.18781573,0.961117,16562.307,263.10742,16814.164,11815.75,22034.62,3656.2651,175.0,26260.164,13732.338,319.15057,725.43274,71.59406,0.2756374718546072,0.9223977090771353,0.3862414611214759,1.0,5.366666666666666,0.85
1647664151,7.013899,0.4558458,1.1011051,28698.29,7590.977,13911.072,16883.902,15806.505,9057.871,175.0,25681.61,16042.022,338.74216,561.23865,46.179077,0.2756498604731833,0.92251002313751,0.38597313016689494,1.0,5.433333333333334,0.7833333333333333
1647664156,1.9402561,0.1,0.89245486,25528.797,7278.295,20546.695,17931.158,23640.191,8034.4966,175.0,24222.195,12126.398,249.40872,493.2363,41.745552,0.27566534624640343,0.92265030594131,0.3856376705489324,1.0,5.516666666666667,0.7
1647664178,8.399315,0.69846356,0.9918388,22147.594,3408.227,13213.537,17040.574,17602.936,1969.458,175.0,22155.064,15088.584,330.05,627.6942,56.854088,0.27573348364857203,0.9232661008369987,0.3841610431124491,1.0,5.883333333333334,0.3333333333333333
1647664182,12.49502,0.7152017,1.3502674,15823.884,6341.436,19268.07,8043.1016,17668.672,3872.2642,175.0,30436.088,20320.408,751.27686,735.806,54.154556,0.2757458722671482,0.9233778096915741,0.3838924596409665,1.0,5.95,0.26666666666666666
1647664198,1.0,0.5,0.49997902,557.0,321.0,378.0,395.00098,405.0,440.99902,480.0,495.0,499.99902,1000.0,768.0,36.08576,0.27579542674145263,0.9238238636905516,0.38281780114809344,0.0,0.0,0.0
1647665170,10.999998,0.5,0.500013,15078.0,11212.0,11603.0,11893.0,12098.0,12585.0,12899.0,13468.0,13721.0,1000.0,640.0,34.234367,0.27880586105544836,0.9485541548832949,0.3166149321394021,0.0,0.0,0.0
1647665185,10.999998,0.5,0.500031,14801.0,11291.0,11612.0,11899.0,12086.0,12489.0,12819.0,13207.0,13506.0,1000.0,384.0,33.714176,0.27885231837510877,0.9488989637811435,0.31558003190169065,0.0,0.0,0.0
1647665194,10.999998,0.5,0.500022,15192.0,11283.0,11602.0,11888.0,12006.0,12500.0,12802.0,13302.0,13684.0,1000.0,255.99997,34.91021,0.27888019276690507,0.9491053071751956,0.31495891143429744,0.0,0.0,0.0
1647665196,10.999998,0.5,0.50005907,14297.0,11301.0,11685.0,11913.0,12093.0,12500.0,12913.0,13402.0,13707.0,1000.0,512.0,34.574337,0.2788863870761931,0.9491511060531284,0.3148208663321462,0.0,0.0,0.0
1647665229,10.999998,0.5,0.5000709,14889.0,11392.0,11790.0,12016.0,12204.0,12708.0,13192.0,13903.0,14406.0,1000.0,128.0,35.50003,0.278988593179446,0.9499038880088219,0.31254216282883135,0.0,0.0,0.0
1647665235,10.999998,0.5,0.500034,14781.0,11397.0,11782.0,11998.0,12198.0,12701.0,13308.0,13798.0,14108.0,1000.0,896.0,33.96813,0.27900717610731024,0.9500401698251654,0.31212765932959374,0.0,0.0,0.0
1647665256,10.999998,0.5,0.50005007,15494.0,11495.0,11810.0,12094.0,12216.0,12715.0,13197.0,13711.0,14003.0,1000.0,768.0,35.92192,0.2790722163548348,0.9505157316277837,0.31067642963073194,0.0,0.0,0.0
1647666222,21.0,0.5,0.50002,28090.002,21787.0,22499.0,22895.0,23186.0,23891.0,24796.0,25901.0,26600.0,1000.0,640.0,35.049473,0.2820640677409664,0.969978220057977,0.2431918021092792,0.0,0.0,0.0
1647666235,21.0,0.5,0.499978,26700.0,21716.004,22394.0,22811.0,23099.0,23892.998,24514.0,25205.0,25508.0,1000.0,384.0,34.19341,0.2821043307513387,0.9702076968518016,0.2422746890814693,0.0,0.0,0.0
1647666237,21.0,0.5,0.49997407,27390.0,21594.0,22107.002,22599.0,22883.0,23693.0,24398.0,25383.0,26102.0,1000.0,512.0,34.430977,0.2821105250606268,0.9702429240149526,0.2421335755299434,0.0,0.0,0.0
1647666241,21.0,0.5,0.500018,27401.0,21695.002,22303.0,22789.0,22997.0,23791.996,24500.0,25503.0,26109.998,1000.0,1024.0,33.841152,0.2821229136792029,0.97031331676699,0.24185133306360523,0.0,0.0,0.0
1647666289,21.0,0.5,0.500014,27103.0,21709.0,22399.0,22814.998,23284.0,24298.0,25006.0,25810.0,26300.0,1000.0,896.0,33.29229,0.2822715771021163,0.9711516239842459,0.23846283407013724,0.0,0.0,0.0
1647666291,21.0,0.5,0.50002,27603.998,22005.0,22597.0,23100.0,23410.0,24387.0,25103.0,25904.996,26407.0,1000.0,128.0,34.189312,0.28227777141140437,0.971186296725577,0.23832158327029349,0.0,0.0,0.0
1647666323,21.0,0.5,0.49999404,28306.998,22083.0,22709.0,23203.002,23505.0,24507.004,25200.0,25901.998,26590.0,1000.0,768.0,34.414593,0.28237688036001324,0.9717382660425158,0.23606088686752996,0.0,0.0,0.0
1647667282,31.0,0.5,0.5000429,39713.0,32486.998,33399.0,33985.004,34299.0,35309.992,35997.996,36999.996,38633.0,1000.0,640.0,34.689026,0.2853470516636366,0.9858257373680817,0.1677725112844117,0.0,0.0,0.0
1647667296,4.844141,0.1,0.79112446,218.0,101.13,21912.133,22017.742,153.0,23841.273,54574.098,14469.793,15878.954,334.52118,65.0,60.240814,0.285390411828653,0.9859960370705049,0.16676874671610234,1.0,0.23333333333333334,35.733333333333334
1647667297,10.514669,0.1,0.7066332,218.0,101.13,17760.23,32806.61,8310.584,23051.066,41311.47,23205.422,20071.727,100.0,65.0,69.84097,0.285393508983297,0.9860081622287742,0.1666970426199439,1.0,0.25,35.71666666666667
1647667299,1.0,0.1,1.1384344,218.0,101.13,19233.969,28415.625,153.0,24666.953,50998.598,24008.469,17253.18,215.69977,65.0,49.302647,0.2853997032925851,0.9860323969017454,0.16655363178327562,1.0,0.2833333333333333,35.68333333333333
1647667305,1.0,0.1,0.24952294,218.0,101.13,14265.498,15400.09,2212.3052,19055.217,44722.062,18606.996,3847.5977,100.0,65.0,64.354836,0.2854182862204493,0.9861049757675088,0.16612337814576558,1.0,0.38333333333333336,35.583333333333336
1647667348,10.084576,0.1,1.048506,5675.8022,101.13,14285.605,18578.469,821.90625,33466.63,56859.46,22078.844,19242.238,100.0,65.0,59.989372,0.2855514638701425,0.9866196294630144,0.16303897312686963,1.0,1.1,34.86666666666667
1647667356,7.9462337,0.19401115,0.8266411,218.0,426.15625,13231.282,15545.303,1857.1426,35824.67,47591.066,28654.752,12189.758,100.0,65.0,45.696545,0.28557624110729474,0.9867143147198253,0.1624649535345566,1.0,1.2333333333333334,34.733333333333334
1647667393,1.0,0.6708391,0.9050298,218.0,101.13,14035.662,27722.32,10929.752,28555.197,40825.914,34573.062,21077.826,345.54446,65.0,64.21817,0.2856908358291238,0.9871478893508159,0.15980940069416869,1.0,1.85,34.11666666666667
1647669438,1.0,0.71610355,1.9239987,29430.402,6180.542,24801.69,33591.832,20833.078,165.0,175.0,26442.1,12870.2295,529.53644,906.35693,52.79887,0.2920245170761621,0.9999306051466773,0.011780699936749442,1.0,35.93333333333333,0.03333333333333333
1647669440,51.0,0.5,0.500022,72342.0,60489.008,61997.016,62797.004,63414.992,64899.008,66486.0,67639.99,68606.016,1000.0,512.0,36.274178,0.29203071138545017,0.9999323080037622,0.011635265801397166,0.0,0.0,0.0
1647669442,51.0,0.5,0.49998403,70407.0,60686.99,62109.996,62999.008,63604.99,65006.008,66096.016,67300.984,68357.01,1000.0,1024.0,36.09805,0.2920369056947382,0.9999339897082917,0.011489831419912623,0.0,0.0,0.0
1647669443,51.0,0.5,0.49999702,72051.01,60499.996,62202.02,63206.99,64002.004,65700.984,67104.016,69201.984,69794.0,1000.0,384.0,36.225025,0.29204000284938225,0.999934822628337,0.011417114137832272,0.0,0.0,0.0
1647669446,51.0,0.5,0.500067,73857.01,60801.0,62395.996,63304.0,63802.02,65207.008,66493.0,68382.0,69451.984,1000.0,896.0,36.069378,0.29204929431331433,0.9999372896595422,0.01119896193085303,0.0,0.0,0.0
1647669447,51.0,0.5,0.5000429,78934.99,60707.992,62508.01,63503.01,64092.004,65783.0,67051.0,68300.0,68992.99,1000.0,128.0,36.593662,0.29205239146795836,0.9999381014269527,0.011126244409562364,0.0,0.0,0.0
1647669456,51.0,0.5,0.49999604,73653.016,61195.01,62690.996,63598.004,64204.004,65894.016,67187.0,68889.016,69653.99,1000.0,255.99997,37.42925,0.29208026585975466,0.9999451693655121,0.010471784116245868,0.0,0.0,0.0
1647669465,51.0,0.5,0.50007707,72396.0,61510.008,63306.02,64300.02,64951.0,66605.98,67688.984,68699.0,69586.01,1000.0,768.0,36.880383,0.2921081402515509,0.999951808959328,0.009817319337149733,0.0,0.0,0.0
1647669539,1.0,0.40000004,0.03524798,570.99805,307.00098,378.99902,391.0,396.99902,465.00098,498.0,506.0,571.0,100.0,1024.0,26.10094,0.29233732969520904,0.9999901607677061,0.004436030633049861,0.0,0.0,0.0
1647669540,1.0,0.40000004,0.039697006,600.999,319.00195,384.0,395.00098,409.00098,488.00195,496.00098,588.99805,601.0,100.0,255.99997,26.10094,0.29234042684985306,0.9999904807207345,0.004363309284746804,0.0,0.0,0.0
1647669541,1.0,0.40000004,0.032215983,603.999,327.99902,391.00098,402.0,408.00098,502.00098,574.0,591.0,604.00195,100.0,768.0,26.10094,0.2923435240044971,0.9999907953853163,0.004290587913368178,0.0,0.0,0.0
1647669542,1.0,0.40000004,0.034629002,597.99805,384.00098,402.0,408.0,422.00098,482.99707,497.0,582.001,598.0,100.0,896.0,26.10094,0.2923466211591411,0.99999110476145,0.0042178665192990124,0.0,0.0,0.0
1647669543,1.0,0.40000004,0.013657957,610.999,381.0,404.99902,471.00098,488.99902,507.00098,592.001,599.999,611.001,100.0,128.0,26.10094,0.29234971831378515,0.999991408849134,0.004145145102923673,0.0,0.0,0.0
1647669681,10.999998,0.40000004,0.229169,16695.0,14607.0,15011.0,15194.998,15393.0,15869.0,16412.0,16669.0,16695.0,100.0,1024.0,27.332607,0.2927771256546611,0.9999826511361778,-0.0058904521610268,0.0,0.0,0.0
1647669683,10.999998,0.40000004,0.229431,17000.0,14694.0,15014.0,15398.0,15502.0,16104.0,16402.0,16910.0,17000.0,100.0,255.99997,26.10094,0.29278331996394913,0.9999817838278319,-0.006035893679253935,0.0,0.0,0.0
1647669684,10.999998,0.40000004,0.228855,17501.0,14393.0,14957.0,15284.0,15408.0,15987.001,16306.0,17397.0,17501.0,100.0,896.0,26.226685,0.29278641711859316,0.9999813422410571,-0.006108614390678142,0.0,0.0,0.0
1647669686,10.999998,0.40000004,0.227211,16909.0,14690.0,15096.0,15415.0,15556.0,16188.0,16597.0,16896.0,16909.0,100.0,128.0,26.49293,0.2927926114278812,0.999980443202315,-0.006254055716226697,0.0,0.0,0.0
1647669829,35.701416,1.0264828,1.2957994,13085.636,4836.6714,24222.43,14763.981,10522.923,8797.605,2577.1104,14264.355,198.0,100.0,720.56177,39.339077,0.2932355045419773,0.9998613361725142,-0.016652580199915272,1.0,2.3833333333333333,2.566666666666667
1647669830,16.353558,0.81762207,0.6900625,20503.52,1993.4106,18558.621,22618.312,16482.182,22659.172,175.0,14305.607,19772.582,100.0,761.98834,55.45416,0.2932386016966213,0.9998601225188275,-0.0167252921240661,1.0,2.4,2.55
1647669831,9.784018,0.48119292,0.95009077,29282.53,4838.744,17423.582,25516.16,17324.875,23299.895,175.0,20495.68,21337.16,100.0,528.3828,57.09046,0.29324169885126533,0.9998589035773836,-0.01679800395976505,1.0,2.4166666666666665,2.533333333333333
1647669832,14.834837,0.41725844,1.1452293,20824.777,101.13,17378.781,14274.746,12954.41,14948.77,175.0,10727.875,17476.584,100.0,674.73083,58.700798,0.29324479600590936,0.9998576793481891,-0.016870715706627813,1.0,2.433333333333333,2.5166666666666666
1647669834,38.650517,0.9355465,0.74446857,24111.7,5528.711,21312.89,25023.488,21838.637,20601.22,175.0,24576.277,20338.797,100.0,476.72787,49.66826,0.2932509903151974,0.9998552150265739,-0.01701613893230684,1.0,2.466666666666667,2.4833333333333334
1647669979,11.86511,0.44541237,1.1415062,9739.586,4594.7744,10630.914,15783.227,16215.065,11202.045,175.0,22666.994,16117.953,253.18985,690.24304,53.75206,0.2937000777385816,0.9996202015540334,-0.02755816839112398,1.0,4.883333333333334,0.06666666666666667
1647669981,13.295551,0.37592137,1.0797461,19344.562,101.13,16917.365,13364.661,18719.754,9014.357,175.0,19041.725,15680.77,469.353,503.5924,51.459423,0.29370627204786964,0.9996161828079523,-0.02770355696401694,1.0,4.916666666666667,0.03333333333333333
1647669982,11.836597,0.7089303,1.2666742,8857.682,6694.751,16701.824,13322.455,19856.715,12992.093,175.0,27958.21,17012.27,619.24963,858.5326,45.750774,0.29370936920251367,0.9996141655052058,-0.02777625103089027,1.0,4.933333333333334,0.016666666666666666
1647669983,31.0,0.40000004,0.384758,51889.004,42889.0,45591.008,46105.0,46729.008,47938.008,48593.0,49697.0,51889.004,100.0,512.0,28.99149,0.2937124663571577,0.999612142916003,-0.02784894495086898,0.0,0.0,0.0
1647669985,31.0,0.40000004,0.373181,50603.004,43284.996,45088.996,45694.004,46557.996,47490.004,48397.0,49801.004,50603.004,100.0,384.0,28.905472,0.29371866066644575,0.9996080818782709,-0.027994332348605013,0.0,0.0,0.0
1647669986,31.0,0.40000004,0.371517,51592.004,42788.0,44206.0,45306.0,46195.004,49002.008,50594.004,50702.004,51591.996,100.0,128.0,29.118465,0.2937217578210898,0.9996060434297631,-0.02806702582559345,0.0,0.0,0.0
1647670134,41.0,0.40000004,0.385071,68707.0,58688.984,60598.02,61943.008,62706.99,64504.01,65608.0,66244.0,68707.0,100.0,768.0,30.945282,0.294180136708406,0.9992460714468455,-0.03882381611904752,0.0,0.0,0.0
1647670135,41.0,0.40000004,0.384673,68548.01,57757.004,60189.0,61604.0,62194.004,63973.004,65500.004,68300.0,68548.0,100.0,896.0,30.400513,0.29418323386305,0.999243245457012,-0.03889648324125844,0.0,0.0,0.0
1647670137,41.0,0.40000004,0.385299,66834.0,59838.01,61112.02,61886.01,62496.996,64125.008,65822.0,66699.0,66834.016,100.0,640.0,30.285824,0.29418942817233806,0.9992375776238758,-0.0390418168681844,0.0,0.0,0.0
1647670138,41.0,0.40000004,0.384013,67399.0,59184.008,61083.016,62596.004,63496.008,64087.996,65004.008,66608.0,67399.0,100.0,512.0,31.256577,0.2941925253269821,0.999234735780603,-0.03911448337213063,0.0,0.0,0.0
1647670140,41.0,0.40000004,0.371029,68594.01,59330.0,61131.004,62030.996,62703.992,63808.02,64997.992,68023.0,68594.0,100.0,384.0,30.84288,0.29419871963627015,0.9992290362407229,-0.03925981575906855,0.0,0.0,0.0
1647670142,41.0,0.40000004,0.38471496,68006.016,59308.02,61812.0,62902.004,63312.004,65001.004,66505.0,67404.99,68006.0,100.0,128.0,30.826496,0.2942049139455582,0.9992233155631645,-0.03940514731550481,0.0,0.0,0.0
1647670293,51.0,0.40000004,0.38541704,85330.99,71999.02,74733.0,76347.99,77932.0,80638.0,81731.0,83738.99,85330.98,100.0,896.0,31.043583,0.29467258429680654,0.9987303710836224,-0.050375052110840854,0.0,0.0,0.0
1647670295,51.0,0.40000004,0.385036,92529.03,74208.984,76125.016,78535.99,79326.04,82790.016,84428.016,85937.0,92528.96,100.0,768.0,31.363071,0.2946787786060946,0.9987230337657483,-0.05052031102180401,0.0,0.0,0.0
1647670297,51.0,0.40000004,0.384879,88038.016,72531.98,75640.0,77826.97,79532.016,82427.02,84538.01,86232.99,88038.016,100.0,255.99997,31.4368,0.29468497291538265,0.9987156753208999,-0.05066556886406159,0.0,0.0,0.0
1647670299,51.0,0.40000004,0.385278,90099.0,74294.01,76291.984,78686.01,79599.0,83395.99,85897.01,87485.02,90099.0,100.0,640.0,31.440895,0.2946911672246707,0.9987082957492325,-0.05081082563454058,0.0,0.0,0.0
1647670302,51.0,0.40000004,0.38448304,92901.98,73781.0,77010.03,78202.0,79406.99,82800.99,85595.0,91897.03,92902.01,100.0,384.0,31.551489,0.2947004586886028,0.9986971867792875,-0.05102870877395148,0.0,0.0,0.0
1647670304,51.0,0.40000004,0.38471496,92446.02,73846.97,77557.02,78451.03,79652.0,81956.02,85543.99,87553.0,92445.99,100.0,128.0,31.29344,0.29470665299789084,0.998689754391257,-0.051173962851540175,0.0,0.0,0.0
1647670383,1.0,0.40000004,0.38541704,600.00195,399.0,416.00098,471.99902,483.0,501.00098,516.001,587.00195,596.9971,200.0,896.0,30.48653,0.2949513282147691,0.9983792783499226,-0.05691060148590744,0.0,0.0,0.0
1647670386,20.780947,0.923646,0.74983186,22652.479,1927.2002,20496.77,23971.459,11357.794,28232.629,3223.1455,7896.9688,19769.46,100.0,381.4382,52.068665,0.2949606196787012,0.9983668386231653,-0.05712841269969379,1.0,0.05,4.566666666666666
1647670388,4.013193,0.58045685,1.2978789,17994.145,2459.5293,18317.205,21114.262,12849.503,25398.477,2684.2256,9611.693,19323.902,100.0,514.428,57.89354,0.29496681398798924,0.9983585190726578,-0.057273618665574226,1.0,0.08333333333333333,4.533333333333333
1647670389,24.849113,0.87787205,0.7740582,29541.672,101.13,21237.682,23414.852,11462.577,30420.29,741.54297,12731.953,22201.947,100.0,309.16782,57.293278,0.29496991114263327,0.9983543513776691,-0.057346221194369724,1.0,0.1,4.516666666666667
1647670390,51.80308,0.75522894,1.8199036,31918.473,101.13,32051.719,28665.89,11013.479,27510.246,3492.1895,13247.291,4771.087,100.0,556.243,50.98166,0.2949730082972773,0.9983501784028866,-0.057418823419889464,1.0,0.11666666666666667,4.5
1647670391,16.388725,0.7849128,0.9908403,24566.54,1351.0835,24436.492,24347.203,9909.076,23117.238,2481.8447,7248.0195,12132.683,100.0,140.43744,42.249756,0.2949761054519213,0.9983460001483323,-0.05749142534174972,1.0,0.13333333333333333,4.483333333333333
1647670393,24.85596,0.38104892,1.1811365,40435.79,2482.6816,27447.76,31300.736,16048.966,35957.1,4215.651,7689.411,21797.848,100.0,298.11,46.060135,0.2949822997612094,0.9983376277999968,-0.057636628272957485,1.0,0.16666666666666666,4.45
1647670657,4.7163754,0.26876235,0.6523858,18777.205,2548.7734,14836.092,16519.785,23753.074,7594.9434,175.0,23247.45,18373.908,291.79178,590.8405,48.622974,0.2957999485872329,0.9970471704253044,-0.07679153564615065,1.0,4.566666666666666,0.05
1647670658,1.0,0.89271563,1.1042593,11255.426,6868.885,14074.501,10345.116,7508.092,6870.1772,175.0,20954.914,11088.538,486.17072,616.51044,36.319393,0.29580304574187694,0.9970415833508077,-0.07686404275937084,1.0,4.583333333333333,0.03333333333333333
1647670660,10.999998,0.40000004,0.38487,17492.0,14292.0,14706.0,15106.0,15311.0,15703.0,16302.0,16919.0,17193.0,200.0,1024.0,29.298689,0.295809240051165,0.99703039338329,-0.0770090557659422,0.0,0.0,0.0
1647670662,10.999998,0.40000004,0.385117,17693.0,14412.0,14910.0,15387.0,15502.0,16081.0,16789.0,17192.0,17212.0,200.0,768.0,29.233152,0.29581543436045304,0.9970191823246038,-0.07715406714346498,0.0,0.0,0.0
1647670664,10.999998,0.40000004,0.38550797,17901.0,14403.0,14906.0,15200.0,15499.0,16195.0,16900.0,17482.0,17791.0,200.0,640.0,28.880896,0.2958216286697411,0.9970079501749864,-0.07729907688887136,0.0,0.0,0.0
1647670666,10.999998,0.40000004,0.385129,18513.0,14398.0,14898.0,15294.0,15498.0,16299.0,16893.0,17502.0,17897.0,200.0,384.0,28.884993,0.29582782297902915,0.9969966969346754,-0.07744408499909426,0.0,0.0,0.0
1647670671,10.999998,0.40000004,0.385571,18408.0,14507.998,15033.0,15397.0,15601.0,16291.0,16892.0,17608.002,17804.0,200.0,128.0,29.188095,0.2958433087522493,0.9969684715636763,-0.07780659810059233,0.0,0.0,0.0
1647670939,21.0,0.40000004,0.386281,34590.0,28012.002,28906.0,29797.998,30440.996,31596.004,32106.0,33703.004,34009.0,200.0,255.99997,29.98272,0.29667334619684893,0.9952628163339718,-0.09722101842179295,0.0,0.0,0.0
1647670940,21.0,0.40000004,0.385675,33699.0,27994.0,28901.002,29710.998,30000.0,31495.0,32294.0,33195.0,33393.0,200.0,512.0,29.85165,0.29667644335149296,0.9952557435902826,-0.09729339571910174,0.0,0.0,0.0
1647670942,21.0,0.40000004,0.399873,35401.008,28006.0,29201.0,29800.0,30391.0,31705.0,32305.006,34386.0,35097.0,200.0,768.0,29.83936,0.29668263766078107,0.9952415823127209,-0.097438148769728,0.0,0.0,0.0
1647670945,21.0,0.40000004,0.39994,35894.0,28307.998,29301.0,30002.002,30298.004,31290.998,31900.0,33494.0,33600.0,200.0,640.0,29.462528,0.29669192912471315,0.9952203009214822,-0.09765527447995097,0.0,0.0,0.0
1647670946,21.0,0.40000004,0.385349,33186.0,28190.0,29101.0,29708.0,30007.0,30914.998,31790.0,32596.0,32993.0,200.0,384.0,29.384706,0.2966950262793572,0.9952131965979136,-0.09772764868430321,0.0,0.0,0.0
1647670951,21.0,0.40000004,0.385571,33901.996,28013.002,28998.996,29506.998,29889.0,30799.002,31510.002,33002.0,33605.996,200.0,128.0,29.171711,0.2967105120525773,0.9951775960330952,-0.09808951194592362,0.0,0.0,0.0
1647671227,31.0,0.40000004,0.385111,52687.008,42802.004,44195.004,45011.996,46299.992,47996.99,49100.0,51396.0,52391.0,200.0,1024.0,30.588928,0.29756532673432917,0.9930084953622011,-0.11804290803981937,0.0,0.0,0.0
1647671229,31.0,0.40000004,0.39783904,53699.004,42590.0,44385.0,45108.004,46401.004,48006.01,49299.992,51404.992,53499.996,200.0,896.0,30.601217,0.2975715210436172,0.9929913162141845,-0.11818733402197357,0.0,0.0,0.0
1647671230,31.0,0.40000004,0.38543904,54768.992,42909.004,44605.008,46168.008,46900.996,49063.008,50867.996,52964.992,53171.0,200.0,255.99997,31.17056,0.29757461819826125,0.992982718763006,-0.11825954607569215,0.0,0.0,0.0
1647671231,31.0,0.40000004,0.38532698,53197.004,43603.992,44995.992,46014.0,46671.004,48274.008,50171.0,51503.996,52874.008,200.0,512.0,30.744576,0.2975777153529053,0.9929741160604418,-0.11833175750399505,0.0,0.0,0.0
1647671234,31.0,0.40000004,0.38944703,50995.008,42719.0,44314.0,45203.0,45592.004,46998.008,48508.008,49993.004,50802.004,200.0,384.0,30.6176,0.29758700681683736,0.9929482764448879,-0.11854838803259365,0.0,0.0,0.0
1647671236,24.789478,0.424217,1.2617118,33645.0,101.13,25594.28,28652.361,9998.228,24173.578,27894.445,16105.336,28092.182,100.0,65.0,67.243546,0.2975932011261254,0.9929310237784236,-0.11869280525091538,1.0,0.03333333333333333,9.866666666666667
1647671242,1.0,0.70163435,0.9815508,27820.852,101.13,25245.43,23613.13,14467.613,22768.613,21147.197,10597.843,20257.762,100.0,65.0,50.604916,0.2976117840539896,0.9928791397537899,-0.11912604182870391,1.0,0.13333333333333333,9.766666666666667
1647671525,6.96595,1.2807078,0.853825,22934.316,3809.7544,17499.9,29387.047,21154.057,15742.25,6053.7393,23974.465,26142.857,100.0,268.87204,46.78165,0.2984882788182497,0.9902173985122754,-0.1395331633826937,1.0,4.85,5.05
1647671526,7.205868,0.22316939,1.018327,27432.64,101.13,28056.838,22638.172,22893.055,8759.76,10073.518,16051.309,27444.64,100.0,294.39117,53.43535,0.2984913759728937,0.9902072487559171,-0.1396051736549805,1.0,4.866666666666666,5.033333333333333
1647671530,1.0,0.6123785,1.215806,24279.9,101.13,17875.709,22069.223,13980.267,6875.3276,3491.434,18427.594,29376.35,100.0,266.62643,64.36368,0.2985037645914698,0.9901665973639416,-0.13989320735730457,1.0,4.933333333333334,4.966666666666667
1647671533,9.559261,0.1,1.4653063,31353.758,101.13,27924.586,18135.4,21153.137,12702.183,1320.041,19060.305,19153.912,100.0,456.28522,49.969135,0.2985130560554019,0.9901360538365961,-0.14010922486722047,1.0,4.983333333333333,4.916666666666667
1647671542,11.30567,0.9702246,0.7422514,23396.773,101.13,18167.238,18039.059,19581.672,9424.535,1435.6309,24238.08,24507.566,100.0,289.9312,53.12274,0.29854093044719815,0.9900441404984899,-0.14075723734361392,1.0,5.133333333333334,4.766666666666667
1647671543,6.2431545,0.6018181,1.0465145,17068.7,6400.5596,18972.89,10339.386,22719.969,14912.053,175.0,30477.303,23164.928,465.32877,380.77423,45.434574,0.2985440276018422,0.9900339017254193,-0.14082923501298567,1.0,5.15,4.75
1647671828,51.0,0.40000004,0.399904,85902.01,73495.984,76689.01,77708.99,78903.98,80520.01,82395.0,84594.99,85289.99,200.0,1024.0,32.423935,0.29942671667539034,0.9869026833003121,-0.16131674957872175,0.0,0.0,0.0
1647671831,51.0,0.40000004,0.39985502,85391.99,73297.984,75897.01,76866.02,77761.016,80172.016,82899.04,84403.01,84502.99,200.0,384.0,31.9488,0.2994360081393224,0.9868674659588138,-0.1615320545032146,0.0,0.0,0.0
1647671835,51.0,0.40000004,0.392833,91810.99,74798.984,77915.01,79502.984,80183.99,82476.0,84899.016,87995.02,89200.0,200.0,896.0,32.473087,0.2994483967578985,0.9868204364371361,-0.16181911577443525,0.0,0.0,0.0
1647671836,51.0,0.40000004,0.399844,90801.0,74798.016,77499.945,79167.98,79906.02,82405.01,85015.016,86396.98,88701.02,200.0,768.0,32.6656,0.29945149391254255,0.9868086660095693,-0.16189087895373924,0.0,0.0,0.0
1647671837,51.0,0.40000004,0.39989,88908.99,73888.0,76207.99,78206.99,79503.02,81293.984,82193.01,85602.0,88392.99,200.0,255.99997,32.28877,0.2994545910671866,0.9867968903632678,-0.16196264127688448,0.0,0.0,0.0
1647671839,51.0,0.40000004,0.39986497,89192.99,75202.984,77601.984,79299.0,80499.984,82551.016,84006.984,86300.02,88154.016,200.0,512.0,32.411648,0.29946078537647464,0.9867733234147106,-0.1621061633531776,0.0,0.0,0.0
1647671852,51.0,0.40000004,0.399956,94511.016,74796.96,77390.01,78205.984,78901.02,82497.99,84705.01,86999.99,89896.984,200.0,128.0,32.00205,0.299501048386847,0.9866196294630144,-0.16303897312686952,0.0,0.0,0.0
1647671853,51.0,0.40000004,0.399916,88202.01,75305.984,77697.95,78701.99,79898.97,82304.016,84503.98,86097.984,87806.0,200.0,640.0,32.22323,0.299504145541491,0.9866077703254487,-0.16311072169985266,0.0,0.0,0.0
1647671947,1.0,0.40000004,0.39980996,562.001,378.0,397.0,405.99902,418.00098,482.99707,497.0,509.0,511.99902,300.0,1024.0,31.596544,0.2997952780780297,0.9854697232609326,-0.16985118349902928,0.0,0.0,0.0
1647671952,1.0,0.40000004,0.385278,570.99805,327.00098,391.00098,399.99902,405.0,477.99902,492.00098,505.0,533.0,300.0,255.99997,32.043007,0.2998107638512499,0.9854078984834901,-0.1702094991660325,0.0,0.0,0.0
1647671953,1.0,0.40000004,0.399877,588.001,386.99902,400.99805,408.0,414.0,480.00195,494.00098,566.0,578.0,300.0,384.0,31.666178,0.2998138610058939,0.9853955178937601,-0.170281159600492,0.0,0.0,0.0
1647671955,1.0,0.40000004,0.39990598,600.999,373.0,391.00098,399.00098,403.0,466.99805,492.00098,511.0,590.001,300.0,512.0,32.09216,0.29982005531518197,0.9853707410805824,-0.1704244777674375,0.0,0.0,0.0
1647671967,1.0,0.40000004,0.399873,593.0,324.0,386.00195,391.99902,398.0,416.99902,484.00098,504.0,513.00195,300.0,640.0,29.110271,0.2998572211709103,0.9852216424849652,-0.17128431095470267,0.0,0.0,0.0
1647671969,1.0,0.40000004,0.399956,600.00195,371.0,392.99902,399.99902,406.99902,480.00195,496.00098,520.0,569.99805,300.0,128.0,31.850496,0.29986341548019835,0.9851967197711768,-0.17142760382188502,0.0,0.0,0.0
1647672354,10.999998,0.40000004,0.399935,18742.0,14397.0,14995.0,15596.999,15998.0,16697.0,17000.0,17797.0,17940.0,300.0,1024.0,30.240768,0.30105582001814934,0.9800116020081155,-0.1989403426394125,0.0,0.0,0.0
1647672356,10.999998,0.40000004,0.399937,19098.0,14300.0,14807.0,15309.0,15600.0,16302.0,16792.0,17284.0,17503.0,300.0,896.0,30.969856,0.3010620143274374,0.9799826569426903,-0.19908287744440892,0.0,0.0,0.0
1647672362,14.05526,0.8522556,1.0371025,21103.645,7128.464,21798.25,23716.664,9790.556,18060.213,22027.875,14215.667,16768.572,100.0,165.44849,48.454132,0.30108059725530156,0.9798956973656203,-0.1995104565789587,1.0,0.1,6.816666666666666
1647672364,1.0,0.582085,0.8879775,19179.674,101.13,24876.238,17043.889,14189.759,17715.418,11025.423,13232.883,21734.672,100.0,158.19275,51.86386,0.3010867915645896,0.97986666938171,-0.19965297452027794,1.0,0.13333333333333333,6.783333333333333
1647672375,1.0,1.0709177,0.70917404,22498.613,304.81836,16599.035,27309.361,15192.73,31699.457,10278.612,15815.889,30010.938,100.0,389.55823,60.715736,0.3011208602656739,0.9797066449721294,-0.20043674762242034,1.0,0.31666666666666665,6.6
1647672376,20.931843,0.3432694,0.77623165,29463.086,1142.9346,28773.096,25154.29,10766.109,24060.605,4070.3516,10861.507,20617.506,100.0,65.0,50.115677,0.30112395742031794,0.9796920662099379,-0.20050799337009678,1.0,0.3333333333333333,6.583333333333333
1647672760,1.0,0.19051838,0.80042005,23062.152,2617.789,15419.06,9893.902,23997.07,2055.833,175.0,21514.293,13233.762,432.16388,270.28455,35.731853,0.3023132648036249,0.9737115872561709,-0.22778442625225348,1.0,6.733333333333333,0.18333333333333332
1647672764,8.728836,0.49749142,0.9431646,20303.184,2979.3374,5972.915,11657.684,17312.445,165.0,175.0,36876.727,22066.75,229.77292,470.2886,55.95353,0.302325653422201,0.9736452862576257,-0.22806765783053523,1.0,6.8,0.11666666666666667
1647672769,1.0,0.46919832,0.8394669,21351.512,7199.877,14699.854,13166.8,19806.23,3623.0713,175.0,21581.51,19249.902,189.44019,520.8136,44.06154,0.30234113919542116,0.973562294154902,-0.22842167016253975,1.0,6.883333333333334,0.03333333333333333
1647672770,1.0,0.3183167,1.103104,22659.637,3949.7622,19956.715,7212.5566,21836.5,165.0,175.0,29419.617,20584.648,614.21924,828.58386,45.190666,0.3023442363500652,0.9735456802879626,-0.22849246900641643,1.0,6.9,0.016666666666666666
1647672771,21.0,0.40000004,0.39981198,35400.0,27512.0,28489.998,29303.0,29797.996,31906.0,33594.0,34105.0,35296.0,300.0,255.99997,31.473663,0.3023473335047092,0.9735290612724298,-0.2285632666419116,0.0,0.0,0.0
1647672774,21.0,0.40000004,0.399967,36486.996,27597.996,28496.0,29385.004,30001.994,31689.004,32898.004,34997.0,35496.996,300.0,512.0,30.437374,0.3023566249686413,0.973479173335151,-0.2287756522943624,0.0,0.0,0.0
1647672783,21.0,0.40000004,0.39994496,35399.0,27402.996,28494.002,29389.0,29895.004,31295.996,32604.002,33694.004,34588.0,300.0,640.0,30.98624,0.30238449936043754,0.9733292315277803,-0.22941274387779903,0.0,0.0,0.0
1647673189,31.0,0.40000004,0.399877,54487.0,43092.008,44417.0,45301.008,46087.996,47387.992,49108.992,51078.996,52985.996,300.0,1024.0,30.756865,0.30364194414591317,0.9661325575882088,-0.2580462771831174,0.0,0.0,0.0
1647673195,31.0,0.40000004,0.40000498,59076.004,42498.0,44305.004,45591.01,46192.004,50505.0,51897.008,54176.996,56285.004,300.0,896.0,31.70304,0.30366052707377733,0.966019871693797,-0.25846780745907216,0.0,0.0,0.0
1647673200,31.0,0.40000004,0.399922,54457.996,43201.01,44695.0,45700.008,46598.008,48393.008,49898.004,51645.004,53854.996,300.0,768.0,31.60064,0.30367601284699747,0.9659258262890683,-0.25881904510252085,0.0,0.0,0.0
1647673202,31.0,0.40000004,0.399917,55762.008,43110.008,44507.0,45594.996,46603.008,49189.0,51295.0,52865.996,53065.996,300.0,384.0,30.867456,0.3036822071562855,0.9658881723684103,-0.2589595305811548,0.0,0.0,0.0
1647673203,31.0,0.40000004,0.399902,57654.016,42804.008,44406.992,45399.992,46212.0,48806.02,51308.004,53064.0,56064.004,300.0,512.0,30.900223,0.30368530431092955,0.9658693377458868,-0.25902977126639737,0.0,0.0,0.0
1647673204,31.0,0.40000004,0.399831,53193.0,43102.996,44992.996,46096.0,46799.01,48580.992,50302.996,51791.996,52484.004,300.0,255.99997,31.637505,0.3036884014655736,0.9658504980153663,-0.2591000105817616,0.0,0.0,0.0
1647673213,31.0,0.40000004,0.39993304,53774.996,42896.008,44995.992,45897.0,46509.01,48212.992,50007.996,51478.992,52506.0,300.0,128.0,31.182846,0.3037162758573698,0.965680710597266,-0.25973210271423774,0.0,0.0,0.0
1647673218,31.0,0.40000004,0.39996,53992.0,43515.0,45212.0,46203.996,46902.0,48604.004,50387.0,51905.996,52985.996,300.0,640.0,31.240192,0.30373176163058996,0.9655862055042407,-0.26008321695165637,0.0,0.0,0.0
1647673623,41.0,0.40000004,0.39991802,68187.984,57802.992,59414.02,60636.008,61113.0,63235.992,64589.004,65903.0,66739.01,300.0,1024.0,31.895554,0.30498610926142156,0.9575084633446679,-0.28840517093722984,0.0,0.0,0.0
1647673629,41.0,0.40000004,0.399946,67799.02,57692.0,59422.01,60505.992,61286.008,62475.996,64488.004,66700.02,67097.0,300.0,896.0,32.526337,0.3050046921892857,0.9573825317052974,-0.28882293535236303,0.0,0.0,0.0
1647673635,41.0,0.40000004,0.39992803,67767.016,57709.992,59381.02,60379.99,61067.0,62702.004,64299.992,65096.027,65394.008,300.0,384.0,31.944702,0.3050232751171499,0.9572564177938069,-0.28924064477968625,0.0,0.0,0.0
1647673639,41.0,0.40000004,0.39999104,69262.01,58296.992,59676.016,60720.0,61761.01,63897.992,65572.016,67498.984,68074.01,300.0,255.99997,31.993856,0.305035663735726,0.9571722406023799,-0.28951908714317914,0.0,0.0,0.0
1647673642,41.0,0.40000004,0.399946,71003.0,58604.0,60403.01,61393.996,62279.004,63589.01,65502.996,66790.99,68210.01,300.0,512.0,31.96928,0.3050449551996581,0.957109054557395,-0.2897279028403193,0.0,0.0,0.0
1647673648,9.820978,0.8713413,0.74694085,23947.285,924.5635,20486.062,25985.19,8033.206,21708.453,15177.737,6904.3203,24228.81,100.0,65.0,57.968246,0.30506353812752224,0.9569825458053929,-0.2901454928545833,1.0,0.1,7.383333333333334
1647673656,5.395788,0.7841302,0.66896516,33325.438,4658.001,21407.902,28168.133,15262.336,25010.719,9740.925,8820.883,23943.863,100.0,65.0,44.803467,0.30508831536467446,0.9568135840576074,-0.2907021935982523,1.0,0.23333333333333334,7.25
1647674061,1.0,0.3772596,1.0076548,17150.533,1318.6709,12244.686,15828.531,19767.035,5889.467,175.0,22858.25,14446.764,142.70679,478.8111,46.15761,0.30634266299550605,0.9478379735804068,-0.3187525307177781,1.0,6.983333333333333,0.5
1647674072,1.0,0.3235615,0.6921582,20300.07,3370.6758,16000.577,10971.419,16303.222,165.0,175.0,24801.2,19315.494,100.0,231.07034,40.834454,0.30637673169659035,0.9475826866231714,-0.31951064459891265,1.0,7.166666666666667,0.31666666666666665
1647674077,1.4319401,0.7215725,1.2848004,14202.604,3786.0742,12358.863,17150.336,22969.994,4192.816,175.0,31706.633,16628.096,100.0,811.43774,52.48983,0.3063922174698105,0.9474664466358098,-0.31985517425752563,1.0,7.25,0.23333333333333334
1647674080,1.0,0.8827338,1.0671813,30442.479,2831.5884,9834.753,16574.828,18371.504,165.0,175.0,36682.64,29682.385,426.95197,333.59717,50.68581,0.3064015089337426,0.9473966425143293,-0.3200618717569716,1.0,7.3,0.18333333333333332
1647674084,12.223852,0.5317131,1.0142579,24967.316,531.68066,11934.234,17559.258,27735.176,165.0,175.0,35787.57,28898.865,173.21606,565.9905,61.31582,0.3064138975523187,0.9473035002086716,-0.3203374447241524,1.0,7.366666666666666,0.11666666666666667
1647674087,1.0,1.2583612,1.0146445,4624.3516,4040.5107,13137.613,11307.2705,16788.484,3819.21,175.0,30904.781,20228.605,740.47986,585.35114,43.23808,0.30642318901625076,0.9472335908759756,-0.3205441066627257,1.0,7.416666666666667,0.06666666666666667
1647674091,51.0,0.40000004,0.399932,92568.0,73574.97,75613.95,77087.01,77810.01,79698.03,81262.01,82859.98,84763.984,300.0,512.0,33.345535,0.3064355776348269,0.9471403083007703,-0.32081963217970594,0.0,0.0,0.0
1647674114,51.0,0.40000004,0.39992,90584.01,73805.984,76302.0,77984.01,79102.03,81984.0,83283.0,84984.99,86987.97,300.0,640.0,33.222656,0.30650681219163955,0.9466023784577583,-0.3224033763751783,0.0,0.0,0.0
1647674234,1.0,0.40000004,0.399937,686.9971,398.0,425.0,487.00098,496.00098,516.999,592.999,607.0,678.00195,400.0,1024.0,32.41984,0.30687847074892294,0.9437528702310048,-0.33065165950096187,0.0,0.0,0.0
1647674252,1.0,0.40000004,0.39998204,693.99805,401.99902,419.99902,481.99902,494.00098,572.0,596.00195,616.00195,667.999,400.0,384.0,30.109695,0.3069342195325155,0.9433192397970401,-0.33188674548516445,0.0,0.0,0.0
1647674254,1.0,0.40000004,0.39988196,681.0,411.00098,484.0,498.0,506.0,580.999,598.001,612.999,615.999,400.0,896.0,32.14541,0.30694041384180354,0.9432709588492916,-0.33202394219624903,0.0,0.0,0.0
1647674259,1.0,0.40000004,0.399939,700.001,403.00098,466.0,490.99805,496.99902,519.001,592.001,609.00195,670.00195,400.0,255.99997,32.722942,0.3069558996150237,0.9431501691836591,-0.33236690323922935,0.0,0.0,0.0
1647674268,1.0,0.40000004,0.399911,697.001,409.0,477.00098,492.99902,500.0,573.001,594.0,612.999,680.999,400.0,128.0,32.210945,0.3069837740068199,0.9429324335619231,-0.3329841223496842,0.0,0.0,0.0
1647674269,1.0,0.40000004,0.399778,707.0,405.0,478.0,490.99805,498.99902,568.999,598.001,609.00195,684.999,400.0,512.0,32.80896,0.30698687116146395,0.9429082157798807,-0.33305269345075383,0.0,0.0,0.0
1647674274,1.0,0.40000004,0.39978403,701.99805,478.0,497.0,512.001,518.0,586.0,597.0,675.001,693.999,400.0,768.0,32.587776,0.3070023569346841,0.9427870520737242,-0.3333955225286282,0.0,0.0,0.0
1647674291,1.0,0.40000004,0.39990097,707.999,403.00098,425.0,485.99902,493.0,508.99902,575.999,598.001,612.99805,400.0,640.0,32.415745,0.3070550085636326,0.9423741632005626,-0.3345608114110789,0.0,0.0,0.0
1647674768,10.999998,0.40000004,0.399994,17797.0,14397.0,14807.0,15095.001,15300.0,15885.0,16296.0,16596.0,16989.0,400.0,1024.0,30.666752,0.3085323513288342,0.930204188767093,-0.3670424596693881,0.0,0.0,0.0
1647674786,10.999998,0.40000004,0.39993,17400.0,14398.0,14893.0,15194.998,15295.001,15788.998,16013.0,16493.0,16604.0,400.0,384.0,30.900223,0.3085881001124267,0.929722934508352,-0.36825977929876996,0.0,0.0,0.0
1647674794,10.999998,0.40000004,0.399947,17400.0,14494.0,14894.0,15106.0,15306.998,15805.0,16190.0,16609.0,17097.0,400.0,255.99997,30.777344,0.30861287734957893,0.9295085323266159,-0.3688006078249066,0.0,0.0,0.0
1647674795,10.999998,0.40000004,0.399967,18243.0,14598.0,15095.0,15305.0,15513.0,16090.0,16511.0,17181.0,17643.998,400.0,896.0,31.186943,0.30861597450422296,0.9294817099317467,-0.3688682026176237,0.0,0.0,0.0
1647674802,10.999998,0.40000004,0.399983,17399.0,14408.0,14809.0,15103.0,15302.0,15811.0,16202.0,16600.0,16998.0,400.0,128.0,31.076351,0.30863765458673115,0.9292938155398988,-0.36934131152539185,0.0,0.0,0.0
1647674812,10.999998,0.40000004,0.40001303,17798.0,14598.0,15104.0,15414.0,15595.001,15935.0,16300.0,16795.0,16997.0,400.0,512.0,31.162369,0.3086686261331715,0.9290249772539723,-0.37001701533612785,0.0,0.0,0.0
1647674818,5.7718925,0.6019539,1.0038617,25406.502,3959.1396,25210.812,24037.137,10699.18,22405.602,31628.408,6008.5503,24160.785,100.0,65.0,47.68904,0.30868720906103564,0.9288634384423239,-0.37042234371741556,1.0,0.1,9.15
1647674829,1.0,0.27201873,1.1643714,19354.129,101.13,12252.686,24192.21,12412.03,20466.223,16435.945,10324.184,25852.275,100.0,65.0,62.98832,0.30872127776211994,0.9285668246772756,-0.3711652625297277,1.0,0.2833333333333333,8.966666666666667
1647675309,1.0,0.1,0.85418415,28264.84,5137.5347,11565.702,11599.539,32382.91,378.90137,175.0,42659.25,21940.275,336.51154,252.98221,35.753147,0.31020791199125364,0.915047686000979,-0.4033456735162208,1.0,8.283333333333333,0.9666666666666667
1647675329,4.4156837,0.8789573,0.58770084,23965.213,101.13,20109.758,19165.701,25791.14,165.0,175.0,21318.273,20131.004,440.38577,495.7582,55.606518,0.3102698550841342,0.9144600758604041,-0.4046761293397276,1.0,8.616666666666667,0.6333333333333333
1647675334,1.0419655,0.1,1.5117686,24259.473,101.13,15338.4795,11452.222,25033.11,2091.205,175.0,32718.092,33408.08,122.69821,591.51,62.84711,0.3102853408573544,0.9143128710192148,-0.40500860964749963,1.0,8.7,0.55
1647675342,1.0,0.79093754,1.0995247,24002.186,114.61426,9567.717,14114.116,21754.422,165.0,175.0,35460.555,26081.203,263.2246,341.3396,53.931297,0.3103101180945066,0.9140770918436977,-0.40554046674354005,1.0,8.833333333333334,0.4166666666666667
1647675343,1.0,0.72764367,1.0459045,18372.324,4183.8613,9684.319,12899.865,24502.094,165.0,175.0,33886.54,17620.143,427.4917,735.557,57.441055,0.3103132152491506,0.9140475976916985,-0.4056069392330892,1.0,8.85,0.4
1647675358,1.0,1.1413906,1.4743499,19834.178,1774.0645,11671.65,10734.754,17089.428,165.0,175.0,32288.447,25626.652,831.8301,423.36823,47.974808,0.31035967256881103,0.9136046054265794,-0.40660376897336337,1.0,9.1,0.15
1647675367,21.0,0.40000004,0.399965,33294.0,28204.0,28994.998,29502.0,30001.994,30906.0,31692.006,32300.002,32604.002,400.0,768.0,31.838207,0.3103875469606073,0.9133382882214994,-0.4072016346585819,0.0,0.0,0.0
1647675379,21.0,0.40000004,0.399962,34502.0,28400.0,29199.006,29704.004,30092.0,31089.998,31504.002,32605.002,33005.004,400.0,640.0,31.371264,0.31042471281633566,0.9129825900309683,-0.4079985175222391,0.0,0.0,0.0
1647675870,31.0,0.40000004,0.399934,52807.004,42010.0,43600.996,44499.0,44895.992,46302.99,47408.0,49204.01,50389.004,400.0,1024.0,31.85869,0.31194541574655366,0.8978355306052577,-0.4403309664136459,0.0,0.0,0.0
1647675893,31.0,0.40000004,0.399921,50507.004,41818.008,43404.008,44687.004,45300.01,47104.004,48608.996,49515.004,49997.0,400.0,255.99997,31.903742,0.3120166503033663,0.8970977743052231,-0.44183207594810847,0.0,0.0,0.0
1647675894,31.0,0.40000004,0.399915,54194.004,42400.996,43927.996,44910.008,45601.996,47211.008,48206.01,49614.0,50991.0,400.0,384.0,31.588352,0.3120197474580103,0.8970656409978262,-0.4418973135708785,0.0,0.0,0.0
1647675901,31.0,0.40000004,0.39999998,52196.0,41698.008,43542.0,44298.996,44993.004,46592.004,47805.008,49609.996,50787.992,400.0,128.0,32.26419,0.3120414275405185,0.8968405750199597,-0.4423539114757188,0.0,0.0,0.0
1647675907,31.0,0.40000004,0.399956,55308.0,42498.0,43905.004,45001.0,46003.0,47703.0,49500.996,51273.004,53302.004,400.0,896.0,32.026627,0.3120600104683827,0.896647476347833,-0.44274518987682093,0.0,0.0,0.0
1647675924,31.0,0.40000004,0.400025,56799.996,42797.0,44009.004,45195.0,45888.996,47815.996,50295.004,52696.996,53511.0,400.0,512.0,32.51405,0.3121126620973312,0.896099436520778,-0.44385335401137194,0.0,0.0,0.0
1647675935,31.0,0.40000004,0.39992297,54920.004,42909.992,44107.008,45090.0,45932.004,48097.0,49995.004,52189.004,53087.004,400.0,768.0,32.77619,0.3121467307984155,0.8957440926535958,-0.4445700400119046,0.0,0.0,0.0
1647675944,31.0,0.40000004,0.39990804,54802.008,42699.01,44097.004,45195.0,45942.0,47898.004,50499.992,52900.992,53702.008,400.0,640.0,32.29696,0.31217460519021173,0.8954529304094407,-0.4451562078879113,0.0,0.0,0.0
1647676442,41.0,0.40000004,0.400015,69590.0,57401.992,58903.01,60189.984,60805.996,62147.992,63444.996,65990.0,66611.0,400.0,1024.0,32.882687,0.313716988202938,0.8787477034384564,-0.477286573980076,0.0,0.0,0.0
1647676474,41.0,0.40000004,0.40002298,74189.0,57908.02,59656.996,60606.0,61596.98,63585.996,65984.984,67894.99,68697.984,400.0,384.0,32.546818,0.31381609715154685,0.8776346287555155,-0.4793302185437182,0.0,0.0,0.0
1647676476,41.0,0.40000004,0.40000603,70792.0,58100.984,59707.99,60801.977,61596.98,63705.004,65585.0,67512.0,68700.984,400.0,255.99997,32.874496,0.31382229146083496,0.8775649037187093,-0.47945786025590653,0.0,0.0,0.0
1647676489,41.0,0.40000004,0.400073,70188.0,58099.008,60098.99,61093.0,61738.01,63394.008,65203.98,67304.0,69098.984,400.0,896.0,33.357822,0.3138625544712073,0.8771112385479944,-0.48028728404237725,0.0,0.0,0.0
1647676505,41.0,0.40000004,0.399964,73999.984,58002.016,59906.992,61100.99,62093.996,64109.016,65903.016,68012.99,68408.01,400.0,512.0,33.554432,0.31391210894551175,0.8765518053025543,-0.4813075239603396,0.0,0.0,0.0
1647676521,41.0,0.40000004,0.399975,70303.016,58796.004,60717.008,62186.99,62814.008,63994.992,65702.984,66798.0,68206.0,400.0,768.0,33.91488,0.31396166341981624,0.875991185333029,-0.4823271122576822,0.0,0.0,0.0
1647676533,1.0,0.9540148,1.2428732,22544.137,10104.33,27964.73,40043.344,11314.99,22179.578,36210.727,8484.199,23135.594,100.0,65.0,48.586372,0.31399882927554457,0.8755699420247288,-0.4830913750242422,1.0,0.2,10.283333333333333
1647677026,1.0,0.1,1.0737964,24258.27,101.13,17003.73,15973.694,29527.252,1060.1357,175.0,25520.135,18533.523,180.37085,437.5752,40.679348,0.3155257265150506,0.8576912211256752,-0.5141651186184727,1.0,8.416666666666666,2.066666666666667
1647677067,1.0,0.42079243,1.2437907,31601.154,101.13,13894.829,21722.746,22535.69,165.0,175.0,36163.254,26454.111,232.49814,492.04987,51.814087,0.3156527098554558,0.8561543741325137,-0.5167201250713618,1.0,9.1,1.3833333333333333
1647677071,1.0,0.1,1.4620343,23271.844,1771.5957,13518.117,20274.035,29580.553,2968.0298,175.0,45628.977,29785.734,260.9122,510.09567,61.159416,0.3156650984740319,0.856004030120912,-0.5169691484187009,1.0,9.166666666666666,1.3166666666666667
1647677072,1.0,0.2052666,0.9955962,37600.58,912.88184,11874.41,16476.52,22230.73,165.0,175.0,33475.53,31879.053,100.0,278.51614,57.59413,0.31566819562867593,0.8559664328000783,-0.5170313974213838,1.0,9.183333333333334,1.3
1647677092,1.0,0.1,1.6088809,35290.75,6703.4053,12693.87,20140.531,21127.557,2452.1309,175.0,32966.613,26434.805,205.9476,559.9946,50.047382,0.31573013872155653,0.8552135360251053,-0.5182758028303424,1.0,9.516666666666667,0.9666666666666667
1647677107,1.0,0.24014956,0.7961688,27694.594,2824.377,7196.0723,16360.363,24865.016,165.0,175.0,39935.86,25086.074,359.96997,471.34195,60.40339,0.31577659604121694,0.8546476761233879,-0.5192083875448207,1.0,9.766666666666667,0.7166666666666667
1647677129,1.0,0.7565551,1.6837889,20698.012,7190.914,10201.101,11240.211,19370.83,165.0,175.0,40665.29,21785.404,979.90814,915.0969,58.405815,0.31584473344338554,0.8538159088982388,-0.5205750605938345,1.0,10.133333333333333,0.35
1647677150,51.0,0.40000004,0.39995897,88704.016,76286.98,78294.98,79686.01,80400.98,82997.02,85101.016,86900.016,88019.0,400.0,640.0,34.430977,0.31590977369091017,0.8530199105401705,-0.5218783691838929,0.0,0.0,0.0
1647677243,1.0,0.40000004,0.399836,666.99805,407.0,473.0,489.00098,496.00098,516.001,573.001,590.001,598.0,500.0,1024.0,33.44384,0.3161978090728048,0.8494708867298727,-0.5276354921708393,0.0,0.0,0.0
1647677287,1.0,0.40000004,0.399884,697.99805,410.00098,484.0,496.0,502.99902,526.0,580.001,603.001,664.9971,500.0,128.0,34.10739,0.31633408387714207,0.8477782285733932,-0.5303508981391089,0.0,0.0,0.0
1647677290,1.0,0.40000004,0.399984,697.001,407.99805,482.00098,493.99902,498.99902,514.99805,589.0,599.001,610.001,500.0,384.0,34.066433,0.31634337534107415,0.8476625037816421,-0.5305358420339173,0.0,0.0,0.0
1647677293,1.0,0.40000004,0.39986497,684.0,411.00098,482.00098,493.99902,501.0,526.999,587.0,596.001,604.00195,500.0,255.99997,31.31392,0.31635266680500623,0.8475467386441463,-0.530720760677092,0.0,0.0,0.0
1647677306,1.0,0.40000004,0.39988,666.0,403.00098,425.0,487.00098,495.0,514.99805,584.001,593.999,603.0,500.0,896.0,33.32096,0.3163929298153786,0.8470446236319646,-0.5315217827861652,0.0,0.0,0.0
1647677321,1.0,0.40000004,0.39988196,676.999,403.00098,427.0,487.00098,495.0,512.0,574.0,595.001,602.0,500.0,512.0,31.584255,0.31643938713503905,0.8464643194705744,-0.5324454487205401,0.0,0.0,0.0
1647677340,1.0,0.40000004,0.39992,677.99805,400.00098,418.0,483.0,491.0,504.99805,569.999,590.001,600.00195,500.0,768.0,32.149506,0.31649823307327557,0.8457278217039732,-0.5336145159156115,0.0,0.0,0.0
1647677362,1.0,0.40000004,0.39990896,673.0,401.99902,421.99805,481.00098,488.99902,512.0,578.0,592.001,604.00195,500.0,640.0,33.83296,0.3165663704754442,0.8448730177536132,-0.5349668997909148,0.0,0.0,0.0
1647677903,10.999998,0.40000004,0.39998502,19506.0,14208.0,14710.0,14999.0,15198.0,15905.999,16794.0,17622.0,17829.0,500.0,1024.0,33.173504,0.31824193113786364,0.8231776611202785,-0.5677838833857016,0.0,0.0,0.0
1647677944,10.999998,0.40000004,0.40001303,17601.0,14128.0,14706.0,15098.0,15200.0,15694.0,16006.0,16402.0,16703.0,500.0,128.0,31.981567,0.3183689144782688,0.8214810978450672,-0.5702357458834576,0.0,0.0,0.0
1647677947,10.999998,0.40000004,0.399926,17111.0,14207.001,14611.0,14899.0,15091.0,15486.001,15997.001,16500.0,16612.0,500.0,384.0,32.190464,0.3183782059422009,0.8213566721552754,-0.5704149516851846,0.0,0.0,0.0
1647677952,10.999998,0.40000004,0.399904,17494.0,14194.0,14701.0,14916.0,15104.0,15791.0,16208.001,16800.0,17002.0,500.0,255.99997,31.690752,0.31839369171542103,0.8211492091337041,-0.5707135676844316,0.0,0.0,0.0
1647677959,10.999998,0.40000004,0.399989,17594.0,14102.0,14580.0,14804.0,15011.0,15596.001,15992.0,16395.0,16600.0,500.0,896.0,32.243713,0.3184153717979292,0.8208585785185623,-0.5711315033094264,0.0,0.0,0.0
1647677985,10.999998,0.40000004,0.399949,17386.0,14391.0,14809.0,15158.0,15305.0,15805.0,16200.001,16602.0,16907.0,500.0,512.0,32.436226,0.318495897818674,0.8197772316385034,-0.5726825390101496,0.0,0.0,0.0
1647678003,10.999998,0.40000004,0.40001303,18607.0,14305.0,14815.0,15110.999,15294.0,16003.0,16397.998,16803.0,17309.0,500.0,768.0,33.05472,0.3185516466022665,0.8190268898290337,-0.5737551339526121,0.0,0.0,0.0
1647678023,1.0,0.22188187,0.46241984,23681.008,1540.5664,20069.32,32033.977,12042.449,21822.445,36651.812,6969.59,35335.914,100.0,65.0,55.229897,0.3186135896951471,0.8181915308235305,-0.5749457529964438,1.0,0.3333333333333333,11.35
1647678572,1.0,0.1,1.3300182,23434.695,101.13,7343.0503,9195.1455,32567.264,165.0,175.0,38841.04,16727.494,100.0,483.56345,57.825745,0.3203139275947187,0.7945912653928571,-0.6071447281837983,1.0,9.483333333333333,2.2
1647678614,1.0,0.20160902,1.6680639,25466.592,4360.0474,12917.16,22546.59,18909.238,4539.4297,175.0,40563.027,21421.766,462.98352,826.6144,52.932587,0.3204440080897679,0.792733143899409,-0.6095688333267696,1.0,10.183333333333334,1.5
1647678618,1.0,0.1,1.3084041,23597.816,8709.061,13893.244,7762.123,30690.42,165.0,175.0,27486.334,16952.66,100.0,621.1528,43.944237,0.320456396708344,0.7925557939769908,-0.6097994042580738,1.0,10.25,1.4333333333333333
1647678628,5.9196243,0.73530304,0.94474614,28427.244,5159.9663,11943.318,16705.479,20498.654,165.0,4696.2905,44028.203,31019.143,639.708,256.53287,46.10085,0.32048736825478435,0.7921121258037702,-0.6103756057991113,1.0,10.416666666666666,1.2666666666666666
1647678633,1.0,0.45289287,0.9304527,31997.775,101.13,12829.022,31708.137,19294.566,165.0,175.0,25403.527,26649.684,267.83978,141.57523,47.82721,0.3205028540280045,0.7918901346118998,-0.6106635855398185,1.0,10.5,1.1833333333333333
1647678662,1.0,0.41666362,0.87409854,28861.072,101.13,11978.757,18432.715,23593.324,165.0,175.0,41778.547,20916.145,353.40417,471.00732,56.162315,0.3205926715126813,0.7906005219870869,-0.6123322746954841,1.0,10.983333333333333,0.7
1647678681,1.0,0.1,1.8914592,24414.8,6022.4736,12777.03,15156.416,15742.193,165.0,175.0,38637.15,20146.418,581.4235,803.61743,45.601933,0.32065151745091786,0.7897536964371172,-0.6134240775873651,1.0,11.3,0.38333333333333336
1647678704,21.0,0.40000004,0.39993596,35801.996,27987.996,28888.0,29501.0,30016.0,31392.0,32287.006,33495.0,34505.004,500.0,640.0,32.600063,0.3207227520077305,0.7887265746737222,-0.6147441666282465,0.0,0.0,0.0
1647679265,31.0,0.40000004,0.399961,51117.004,42193.008,43288.004,44388.004,44807.0,46006.992,47304.996,48490.0,49268.004,500.0,1024.0,33.3824,0.3224602557630305,0.7629974820245317,-0.6464014560814544,0.0,0.0,0.0
1647679304,31.0,0.40000004,0.399952,53093.004,41802.004,43399.004,44109.004,44707.004,46188.004,47597.004,48798.0,49692.016,500.0,128.0,32.792576,0.3225810447941476,0.7611611178073944,-0.6485628363837986,0.0,0.0,0.0
1647679315,31.0,0.40000004,0.399935,51303.008,42405.008,43693.004,44590.996,45139.004,46707.996,47791.996,48995.008,49112.008,500.0,384.0,32.989185,0.3226151134952319,0.7606420613015211,-0.6491715139922368,0.0,0.0,0.0
1647679330,31.0,0.40000004,0.399977,53802.0,42699.01,44102.01,45209.004,45700.0,46997.01,48385.0,49690.0,51007.996,500.0,255.99997,32.82944,0.3226615708148924,0.7599334726229396,-0.6500008593742318,0.0,0.0,0.0
1647679336,31.0,0.40000004,0.399989,53005.996,42897.004,44399.0,45445.996,45998.996,47287.992,48805.008,50383.004,51600.992,500.0,896.0,33.554432,0.32268015374275655,0.7596497839132138,-0.6503323810180511,0.0,0.0,0.0
1647679366,31.0,0.40000004,0.399976,54296.996,42797.992,43898.008,44792.992,45485.0,47096.004,48506.0,49395.0,50494.0,500.0,512.0,33.1776,0.32277306838207737,0.7582291720468178,-0.6519881307640478,0.0,0.0,0.0
1647679392,31.0,0.40000004,0.399966,53788.004,43192.004,44496.01,45396.0,46088.996,47601.008,48894.008,50504.008,51398.008,500.0,768.0,33.345535,0.32285359440282213,0.7569950556517564,-0.6534206039901055,0.0,0.0,0.0
1647679394,31.0,0.40000004,0.39986104,52121.996,42093.004,43286.008,44206.004,44597.0,46130.004,47413.004,49379.004,50523.004,500.0,640.0,32.93184,0.3228597887121102,0.7569000114708596,-0.6535306975463452,0.0,0.0,0.0
1647679982,41.0,0.40000004,0.399975,69394.01,57708.01,59561.0,60500.0,61098.0,63103.98,65192.996,66502.984,67897.016,500.0,1024.0,34.504704,0.32468091564279894,0.7282713063524444,-0.685288920342146,0.0,0.0,0.0
1647680009,41.0,0.40000004,0.399951,69901.984,56715.004,58505.996,59788.992,60489.996,61907.0,63907.992,66775.984,68002.02,500.0,128.0,33.611774,0.32476453881818773,0.7269243417115443,-0.6867175557878494,0.0,0.0,0.0
1647680023,41.0,0.40000004,0.39999998,68097.01,56978.992,58704.0,59899.01,60503.0,63183.008,64797.992,66386.0,67894.0,500.0,384.0,33.632256,0.3248078989832041,0.7262248119485056,-0.6874572877716532,0.0,0.0,0.0
1647680046,41.0,0.40000004,0.400074,71214.0,57702.992,59802.992,60798.992,61606.004,63687.996,64994.0,66302.99,68288.0,500.0,255.99997,34.021378,0.3248791335400168,0.7250739506271218,-0.6886710144343076,0.0,0.0,0.0
1647680052,41.0,0.40000004,0.399974,72591.01,58100.984,59598.0,60613.977,61394.99,63603.01,64899.98,66406.984,68810.0,500.0,896.0,34.332672,0.32489771646788096,0.7247733921981108,-0.6889873220616207,0.0,0.0,0.0
1647680077,41.0,0.40000004,0.40007502,69711.01,57497.016,59199.01,60711.01,61300.992,63496.004,64595.99,66691.99,67792.016,500.0,512.0,33.865726,0.3249751453339817,0.7235195807884951,-0.6903038578884232,0.0,0.0,0.0
1647680107,41.0,0.40000004,0.399954,70901.984,57405.996,59211.99,60505.01,61411.996,63401.996,65006.99,66300.99,68100.0,500.0,768.0,34.16883,0.3250680599733025,0.7220118507399675,-0.6918806886964304,0.0,0.0,0.0
1647680109,1.0,0.6001433,0.86053145,24106.037,5644.24,32935.05,43500.027,11695.139,22929.705,44946.316,6304.2803,29249.688,100.0,65.0,51.351715,0.32507425428259057,0.7219112131365347,-0.6919856937449913,1.0,0.03333333333333333,12.483333333333333
1647680710,1.0,0.1,1.1724818,23388.125,101.13,9516.411,18102.041,29913.809,165.0,175.0,37716.78,15676.506,390.57874,361.50122,49.76121,0.32693564422365173,0.6909875550780277,-0.7228666534896251,1.0,10.05,2.466666666666667
1647680741,1.0,0.1,1.6383342,24496.23,101.13,14238.18,17310.736,22271.57,165.0,175.0,30886.55,27943.885,453.5212,775.6046,60.126183,0.32703165601761663,0.6893561818339131,-0.7244225663018573,1.0,10.566666666666666,1.95
1647680766,1.0,0.23876196,1.1796551,23917.762,101.13,15743.949,22013.477,17734.469,165.0,175.0,28041.807,28133.191,297.0681,482.78595,54.274628,0.3271090848837173,0.6880380059002059,-0.7256746532964122,1.0,10.983333333333333,1.5333333333333334
1647680780,1.0,0.18342692,1.1244587,22582.887,3071.4453,15219.014,25729.152,27914.129,165.0,175.0,28158.738,28452.283,184.12509,735.36914,48.33483,0.32715244504873375,0.6872988337366621,-0.7263747745786772,1.0,11.216666666666667,1.3
1647680790,1.0,0.1,1.5904204,27430.654,5353.699,11303.189,15130.961,21507.098,165.0,175.0,44106.375,16669.666,403.2154,699.72705,60.960968,0.327183416595174,0.6867704174018501,-0.726874400279504,1.0,11.383333333333333,1.1333333333333333
1647680823,1.0,0.28700918,1.5134032,23896.36,2378.2163,12498.601,17140.188,22073.68,165.0,175.0,34323.605,20315.936,465.5861,387.07092,43.809982,0.327285622698427,0.6850240681264684,-0.7285204362867685,1.0,11.933333333333334,0.5833333333333334
1647680849,1.0,1.4536998,1.6075851,23194.21,4343.7944,8970.705,18319.984,18722.895,165.0,175.0,49739.406,22481.168,888.89343,776.6061,59.563236,0.3273661487191717,0.6836453774284057,-0.7298143585328895,1.0,12.366666666666667,0.15
1647680858,51.0,0.40000004,0.400046,89495.0,75503.01,77684.01,78901.01,79601.0,81805.99,84106.01,85999.01,86601.01,500.0,768.0,35.30752,0.32739402311096794,0.6831675686558505,-0.7302616470395072,0.0,0.0,0.0
1647680967,1.0,0.40000004,0.39978796,663.99805,406.00098,426.0,483.0,489.99902,504.0,515.00195,582.001,587.999,600.0,1024.0,34.545666,0.3277316129671671,0.6773575990891055,-0.7356539152048622,0.0,0.0,0.0
1647680998,1.0,0.40000004,0.399975,602.99805,404.0,429.0,483.0,488.99902,503.0,516.001,577.00195,587.999,600.0,128.0,33.538048,0.327827624761132,0.675697433111466,-0.7371790683996501,0.0,0.0,0.0
1647681015,1.0,0.40000004,0.39986902,605.00195,397.00098,416.00098,471.99902,482.00098,498.99902,509.00098,570.001,578.0,600.0,384.0,31.670273,0.32788027639008044,0.6747855610145886,-0.738013852611336,0.0,0.0,0.0
1647681027,1.0,0.40000004,0.399939,670.99805,398.0,412.0,430.99902,476.0,496.00098,507.00098,572.999,589.00195,600.0,255.99997,34.05005,0.32791744224580877,0.6741412655743835,-0.7386024330109999,0.0,0.0,0.0
1647681037,1.0,0.40000004,0.399966,594.999,396.0,412.0,433.00098,480.00195,496.00098,509.00098,572.0,581.0,600.0,896.0,34.533375,0.32794841379224904,0.673603960515399,-0.7390924870257908,0.0,0.0,0.0
1647681078,1.0,0.40000004,0.38528597,603.999,403.00098,425.0,480.0,488.0,501.00098,512.0,572.999,581.0,600.0,512.0,34.664448,0.3280753971326542,0.6713972884072099,-0.7410976191565088,0.0,0.0,0.0
1647681099,1.0,0.40000004,0.39988098,600.00195,401.0,417.00098,477.99902,486.99902,500.0,512.0,577.00195,590.001,600.0,640.0,31.891457,0.32814043738017884,0.6702647289876714,-0.7421220877154131,0.0,0.0,0.0
1647681104,1.0,0.40000004,0.39995897,605.00195,394.99902,410.99902,465.00098,482.00098,497.00098,509.00098,572.999,591.0,600.0,768.0,34.291714,0.328155923153399,0.6699948414790733,-0.7423657537840976,0.0,0.0,0.0
1647681713,10.999998,0.40000004,0.400003,16408.0,13502.0,13906.0,14292.0,14502.0,14911.0,15300.002,15606.0,15803.0,600.0,1024.0,34.4064,0.33004209033161236,0.6364709367077502,-0.7713006850291001,0.0,0.0,0.0
1647681737,10.999998,0.40000004,0.40000498,17202.0,13295.0,13798.0,14103.0,14314.0,14811.0,15301.0,15799.0,16197.0,600.0,128.0,32.559105,0.330116422043069,0.6351237943431057,-0.7724103610511814,0.0,0.0,0.0
1647681756,10.999998,0.40000004,0.400019,16993.0,13395.0,13790.0,14092.999,14302.0,14801.0,15198.0,15507.0,16208.0,600.0,384.0,33.058815,0.3301752679813056,0.634055934345497,-0.7732871860578441,0.0,0.0,0.0
1647681775,10.999998,0.40000004,0.40001202,17813.0,13508.0,13990.0,14303.0,14491.0,14893.0,15298.0,15688.0,16108.0,600.0,255.99997,32.19456,0.3302341139195421,0.6329868638418613,-0.7741625347455435,0.0,0.0,0.0
1647681781,10.999998,0.40000004,0.399983,16701.0,13497.0,13904.0,14109.0,14312.0,14786.001,15096.0,15601.0,16001.0,600.0,896.0,32.669697,0.33025269684740627,0.6326490114672756,-0.774438653664368,0.0,0.0,0.0
1647681821,10.999998,0.40000004,0.39998,17098.0,13496.0,13900.0,14111.001,14302.0,14697.0,15094.0,15393.0,15889.0,600.0,512.0,33.767426,0.3303765830331674,0.6303935873094255,-0.7762756759548464,0.0,0.0,0.0
1647681842,10.999998,0.40000004,0.39994204,16103.0,13318.001,13798.0,14096.0,14204.0,14693.0,15189.0,15401.0,15595.0,600.0,768.0,33.624065,0.33044162328069204,0.6292073530956183,-0.7772374841773948,0.0,0.0,0.0
1647681849,1.0,0.29305542,0.5974355,18017.953,2878.8945,33912.53,27033.793,12033.693,25083.719,35942.47,2013.124,13921.756,100.0,65.0,46.249763,0.33046330336320023,0.6288116154533704,-0.7775576842080095,1.0,0.11666666666666667,13.233333333333333
1647682494,1.0,0.1045087,1.2459182,32928.375,913.26855,8497.03,15125.047,30837.182,165.0,175.0,43673.344,26909.115,237.06271,450.25067,54.656082,0.33246096810859865,0.5916614699033973,-0.8061865200012658,1.0,10.866666666666667,2.4833333333333334
1647682533,1.0,0.1,1.598983,27289.13,6105.2163,10192.165,20675.828,15583.664,165.0,175.0,47668.754,19057.266,331.46313,584.24207,48.99917,0.3325817571397157,0.5893726193775704,-0.8078613219656091,1.0,11.516666666666667,1.8333333333333333
1647682541,1.0,0.85591954,1.3371551,24342.918,965.2959,8776.559,21916.033,19887.453,165.0,175.0,43586.805,24082.29,264.68036,249.11118,55.699463,0.332606534376868,0.5889025249978438,-0.8082040683213393,1.0,11.65,1.7
1647682562,1.0,0.1,1.6257992,32213.645,726.7295,13404.297,17615.271,22292.41,165.0,175.0,31145.389,23894.732,367.59973,366.3567,49.9634,0.33267157462439256,0.5876675793237504,-0.8091024757172379,1.0,12.0,1.35
1647682567,1.0,0.39336944,1.5382917,22042.535,5888.883,13276.911,18977.836,19944.309,165.0,175.0,37820.484,30388.58,402.6808,429.3365,58.6026,0.3326870603976127,0.5873733425195211,-0.8093161041876316,1.0,12.083333333333334,1.2666666666666666
1647682614,1.0,0.6688375,0.9415225,34967.055,3841.0942,12589.893,26721.455,24127.043,165.0,175.0,38254.086,26326.945,327.9786,236.46643,54.27115,0.33283262666588204,0.5846037259624739,-0.8113189777090097,1.0,12.866666666666667,0.48333333333333334
1647682631,1.0,0.8833276,1.4043604,23655.168,3274.5728,10938.993,13022.009,22634.816,165.0,175.0,52226.742,18978.441,675.2425,698.2311,50.444824,0.33288527829483056,0.5836002661936439,-0.8120410884300793,1.0,13.15,0.2
1647682643,21.0,0.40000004,0.399961,35506.0,27301.0,28212.998,28790.002,29004.0,30099.0,31315.998,32802.008,34387.0,600.0,640.0,33.10387,0.3329224441505589,0.5828914045323628,-0.8125500664711618,0.0,0.0,0.0
1647683327,31.0,0.40000004,0.399988,51182.0,42511.008,43895.004,44698.004,45387.992,46783.992,47994.992,48604.0,50205.996,600.0,1024.0,34.279423,0.3350408979270744,0.5417693365786637,-0.8405272071403249,0.0,0.0,0.0
1647683368,31.0,0.40000004,0.40001103,51092.004,42606.004,43899.996,44501.004,44993.004,46096.996,47212.0,48892.0,49796.004,600.0,128.0,33.468414,0.33516788126747954,0.5392608127393173,-0.8421388103179492,0.0,0.0,0.0
1647683379,31.0,0.40000004,0.39998,50704.004,42897.004,43996.004,44799.0,45295.008,46202.008,47291.0,48554.004,49096.996,600.0,384.0,33.624065,0.3352019499685639,0.5385869775850383,-0.8425699185087333,0.0,0.0,0.0
1647683397,31.0,0.40000004,0.399952,49093.0,42651.008,43715.008,44509.008,44802.996,46105.008,47001.992,47900.004,48249.008,600.0,255.99997,33.611774,0.3352576987521564,0.5374835950287389,-0.8432742051521455,0.0,0.0,0.0
1647683403,31.0,0.40000004,0.40002,49696.0,42501.0,43700.004,44693.004,45214.0,46494.992,47583.996,48698.0,49094.0,600.0,896.0,34.070526,0.33527628168002055,0.5371155960913434,-0.8435086463311688,0.0,0.0,0.0
1647683452,31.0,0.40000004,0.39996,51886.004,42890.008,44210.0,45087.996,45499.0,46502.004,47592.004,48703.996,49303.008,600.0,512.0,34.148354,0.33542804225757794,0.5341064500854088,-0.8454172342560582,0.0,0.0,0.0
1647683470,31.0,0.40000004,0.399983,52400.004,42898.008,44196.0,44907.0,45394.992,46700.996,47896.0,48698.0,49598.0,600.0,768.0,33.972225,0.3354837910411705,0.5329993442412071,-0.8461156534649641,0.0,0.0,0.0
1647683481,31.0,0.40000004,0.40002102,53301.0,42898.008,44089.996,44712.0,45106.0,46710.0,47900.0,48894.004,49791.0,600.0,640.0,33.71008,0.3355178597422548,0.5323223298445068,-0.846541751568649,0.0,0.0,0.0
1647684195,41.0,0.40000004,0.399981,70692.99,58690.004,60799.99,61887.008,62488.992,64086.016,65594.984,66994.0,68493.99,600.0,1024.0,34.97165,0.33772922815809114,0.487669205475523,-0.8730284909617052,0.0,0.0,0.0
1647684231,41.0,0.40000004,0.399926,74191.99,58084.01,60109.98,61501.004,62191.004,64286.996,65886.984,67704.0,69308.99,600.0,128.0,34.566143,0.3378407257252762,0.4853819536266636,-0.8743022126779524,0.0,0.0,0.0
1647684242,41.0,0.40000004,0.39999,73200.0,58303.996,60199.0,61202.004,62104.01,64197.99,65593.984,67999.0,68997.0,600.0,384.0,34.615295,0.3378747944263605,0.48468240683902036,-0.8746902105892888,0.0,0.0,0.0
1647684254,41.0,0.40000004,0.399986,71699.0,57797.0,59890.0,60789.99,61595.99,63612.004,65284.992,66712.0,68505.984,600.0,255.99997,34.402306,0.33791196028208886,0.48391891117704705,-0.8751128426695732,0.0,0.0,0.0
1647684267,41.0,0.40000004,0.39994496,70708.02,58497.0,60402.004,61300.992,62199.98,64084.008,65903.016,67000.0,67792.99,600.0,896.0,34.787327,0.3379522232924612,0.4830913750242424,-0.8755699420247287,0.0,0.0,0.0
1647684315,41.0,0.40000004,0.399946,69189.99,58302.0,60258.008,61502.984,62114.996,63705.004,65615.016,67193.0,68094.0,600.0,512.0,34.56205,0.3381008867153746,0.480032122409011,-0.8772509113449243,0.0,0.0,0.0
1647684335,41.0,0.40000004,0.400025,71513.0,58498.984,59975.984,61404.99,62192.992,63906.996,65903.016,66887.0,68703.99,600.0,768.0,34.729984,0.3381628298082552,0.4787557053985107,-0.8779481616521413,0.0,0.0,0.0
1647684340,1.0,0.3959518,0.9823141,11606.035,1090.543,25921.24,32356.666,8706.055,21098.447,49515.746,8213.614,21998.22,100.0,65.0,55.757465,0.3381783155814753,0.47843644279676467,-0.8781221840973943,1.0,0.08333333333333333,14.583333333333334
1647685059,1.0,0.1,1.6219885,28769.086,2026.7983,11323.609,29997.646,33721.68,165.0,695.2119,35357.336,25671.8,100.0,421.47427,40.11273,0.3404051697705318,0.43188898918457275,-0.9019267714294371,1.0,12.066666666666666,2.6
1647685093,1.0,0.1,1.8663054,36016.734,5487.286,14721.115,30974.258,21613.684,165.0,175.0,41056.406,26505.031,100.0,555.07965,43.3328,0.3405104730284288,0.4296576124457528,-0.9029918803994947,1.0,12.633333333333333,2.033333333333333
1647685114,1.0,0.32917863,1.6528128,29764.207,5750.7354,15194.289,26705.543,24473.488,165.0,175.0,50615.082,21833.81,100.0,378.6938,42.08999,0.34057551327595337,0.4282780960770338,-0.9036469844029974,1.0,12.983333333333333,1.6833333333333333
1647685134,2.7264194,0.44462153,1.5242019,22360.328,1943.8809,14652.652,21812.203,26273.84,165.0,175.0,45615.125,17393.562,368.30823,433.70175,39.373028,0.34063745636883397,0.4269633422882223,-0.9042689336375934,1.0,13.316666666666666,1.35
1647685144,1.0,0.1,1.587854,23801.965,3222.9946,15789.273,17834.846,25004.95,165.0,175.0,30763.207,26845.434,116.028564,398.42047,51.11393,0.34066842791527424,0.42630562652082965,-0.9045791910035754,1.0,13.483333333333333,1.1833333333333333
1647685191,1.0,0.17907262,0.85348773,39265.695,1222.4736,14694.365,27536.143,30417.473,165.0,175.0,43393.562,34607.543,438.9608,370.60477,53.62956,0.3408139941835436,0.4232113482397408,-0.9060309899341749,1.0,14.266666666666667,0.4
1647685206,1.0,0.91889286,1.6312188,30413.445,1755.7305,14361.355,25066.195,16601.336,165.0,175.0,43027.516,18400.957,715.0569,643.09985,42.79301,0.340860451503204,0.4222227701499655,-0.9064921027603546,1.0,14.516666666666667,0.15
1647685215,51.0,0.40000004,0.39999497,87364.01,73307.03,75649.99,76967.02,77769.016,80001.01,81788.99,83192.99,84409.01,600.0,640.0,35.119102,0.3408883258950003,0.42162938206504447,-0.9067682527412662,0.0,0.0,0.0
1647685351,1.0,0.40000004,0.39983404,673.0,401.99902,422.99902,480.0,486.99902,502.00098,516.99805,583.001,596.001,700.0,1024.0,32.51405,0.34130953892658816,0.4126407888265607,-0.91089383541475,0.0,0.0,0.0
1647685389,1.0,0.40000004,0.399844,608.0,405.0,431.0,485.0,491.0,503.0,529.0,583.001,594.999,700.0,128.0,34.48013,0.34142723080306125,0.41012201782456037,-0.912030663133379,0.0,0.0,0.0
1647685401,1.0,0.40000004,0.399896,676.001,400.00098,419.0,475.99805,486.00098,501.00098,518.0,590.001,594.999,700.0,384.0,33.849342,0.3414643966587896,0.4093259648651589,-0.9123882147897389,0.0,0.0,0.0
1647685420,1.0,0.40000004,0.399873,600.999,398.0,412.0,465.00098,482.00098,498.99902,508.00098,572.0,583.001,700.0,255.99997,34.25075,0.3415232425970261,0.40806491041087073,-0.9129529171273665,0.0,0.0,0.0
1647685427,1.0,0.40000004,0.39983904,602.99805,394.99902,410.99902,463.0,481.00098,497.99902,513.0,577.00195,587.999,700.0,896.0,32.555008,0.3415449226795343,0.407600114891065,-0.9131605260526708,0.0,0.0,0.0
1647685487,1.0,0.40000004,0.39990598,602.001,407.99805,431.0,481.99902,488.0,500.0,509.00098,572.999,583.001,700.0,512.0,34.46784,0.34173075195817604,0.4036118330299533,-0.9149303187883769,0.0,0.0,0.0
1647685494,1.0,0.40000004,0.40003306,685.0,400.00098,419.99902,477.00098,485.0,501.00098,513.99805,582.001,591.0,700.0,768.0,32.677887,0.34175243204068423,0.40314603148222056,-0.915135660599092,0.0,0.0,0.0
1647685510,1.0,0.40000004,0.39992803,692.999,404.0,429.0,485.0,489.99902,504.0,521.999,587.00195,604.00195,700.0,640.0,33.75923,0.34180198651498866,0.40208095012985084,-0.9156041227204453,0.0,0.0,0.0
1647686204,10.999998,0.40000004,0.399921,16887.0,13293.0,13693.0,13906.0,14104.0,14496.0,14894.0,15402.0,15692.0,700.0,1024.0,34.021378,0.3439514118379445,0.3553788771468676,-0.9347223404187104,0.0,0.0,0.0
1647686242,10.999998,0.40000004,0.399976,17009.0,13205.0,13702.0,13995.0,14105.0,14598.001,14994.0,15406.0,16201.0,700.0,128.0,32.854015,0.34406910371441757,0.35279447627560373,-0.9357008376128678,0.0,0.0,0.0
1647686259,10.999998,0.40000004,0.39998502,17004.0,13297.999,13800.999,14100.0,14200.0,14706.0,15099.0,15590.0,15999.0,700.0,384.0,34.164738,0.34412175534336603,0.35163742352194477,-0.9361362734019275,0.0,0.0,0.0
1647686277,10.999998,0.40000004,0.39999902,17301.0,13301.0,13698.0,13987.0,14105.999,14592.0,15015.0,15606.0,16192.0,700.0,255.99997,33.88211,0.3441775041269586,0.3504117230949565,-0.936595763559511,0.0,0.0,0.0
1647686290,10.999998,0.40000004,0.39999604,16889.0,13393.0,13814.999,14097.0,14210.0,14791.0,15297.0,15786.0,16100.0,700.0,896.0,32.91136,0.34421776713733093,0.3495261214778854,-0.9369266195410537,0.0,0.0,0.0
1647686355,10.999998,0.40000004,0.40001,16901.0,13409.0,13889.0,14111.001,14304.0,14905.0,15498.0,15994.0,16488.0,700.0,512.0,33.624065,0.3444190821891928,0.3450934433669942,-0.9385683328054016,0.0,0.0,0.0
1647686369,10.999998,0.40000004,0.399958,17385.0,13307.0,13791.0,14006.0,14204.0,14708.999,15205.0,15893.0,16195.0,700.0,640.0,32.956417,0.3444624423542092,0.344137700065942,-0.9389191889578803,0.0,0.0,0.0
1647687124,1.0,0.1,1.0755558,18972.605,3697.0615,13769.862,28134.83,20927.031,165.0,19492.145,32063.22,14249.14,100.0,65.0,46.42649,0.3468007941104507,0.2920935145796047,-0.9563897629839699,1.0,12.583333333333334,15.8
1647687151,1.0,0.1,0.81830215,19105.723,101.13,17380.543,21463.617,20378.89,165.0,23002.506,31961.963,23842.076,100.0,199.35663,64.40973,0.3468844172858395,0.2902150858219237,-0.9569614432992447,1.0,13.033333333333333,15.35
1647687169,1.0,0.19023246,1.9239987,13603.867,3250.3105,17045.285,21238.326,9557.92,3212.377,23069.594,23787.057,28300.672,324.09683,447.3959,66.979774,0.346940166069432,0.2889621779418218,-0.9573405139860732,1.0,13.333333333333334,15.05
1647687201,1.0,0.54248846,1.1791439,16754.906,101.13,18983.473,21989.135,15290.264,1404.0918,17046.758,22988.71,24402.55,119.0365,399.73962,71.638504,0.34703927501804094,0.28673356498948316,-0.9580103667019589,1.0,13.866666666666667,14.516666666666667
1647687207,1.0,0.41060975,0.74445903,20610.445,2183.8306,13125.558,20051.324,15489.858,2616.1016,14082.507,28697.58,25186.059,100.0,183.51126,68.87665,0.3470578579459051,0.2863155268285557,-0.9581353866217898,1.0,13.966666666666667,14.416666666666666
1647687272,1.0,0.1,1.0658463,27499.586,101.13,21486.402,24371.547,22011.383,2586.833,14123.311,28361.812,25549.043,100.0,355.24023,68.22817,0.34725917299776693,0.28178330284597614,-0.9594780717854957,1.0,15.05,13.333333333333334
1647687275,1.0,0.21842521,1.1868883,27097.688,101.13,20131.816,21758.885,16908.271,2529.712,15878.203,25159.098,29220.564,100.0,262.792,72.92394,0.347268464461699,0.2815739704985242,-0.9595395245312703,1.0,15.1,13.283333333333333
1647687285,1.0,1.1578058,1.6753597,23663.445,9278.494,21345.842,23193.396,21721.639,2411.6084,7205.9814,32474.246,21825.57,196.73737,512.15576,38.7908,0.34729943600813934,0.28087609927129203,-0.9597440371568574,1.0,15.266666666666667,13.116666666666667
1647688072,31.0,0.40000004,0.39996,49898.0,41608.008,42900.0,43903.992,44505.992,45714.0,46816.004,48202.016,48795.004,700.0,1024.0,34.783234,0.3497368967129898,0.22551788176844031,-0.9742390286796541,0.0,0.0,0.0
1647688101,31.0,0.40000004,0.399967,51011.008,41492.0,42894.996,43696.008,44206.004,45510.996,47101.008,48501.004,48996.0,700.0,128.0,33.837055,0.3498267141976666,0.22346277059954692,-0.9747124653742633,0.0,0.0,0.0
1647688124,31.0,0.40000004,0.399983,52091.996,41706.0,43145.0,43913.0,44405.008,45701.0,46789.996,47604.004,48707.008,700.0,384.0,34.435074,0.34989794875447927,0.2218321476910543,-0.9750848672042728,0.0,0.0,0.0
1647688159,31.0,0.40000004,0.40002602,52191.996,41896.008,43105.0,43894.996,44492.996,45818.996,46916.0,47893.004,48488.0,700.0,255.99997,34.852863,0.3500063491670203,0.21934957577125017,-0.9756463312127877,0.0,0.0,0.0
1647688166,31.0,0.40000004,0.39997104,50099.004,42002.996,43197.004,43992.008,44495.008,45797.008,46805.004,48200.0,48794.0,700.0,896.0,33.779713,0.35002802924952847,0.21885289034821626,-0.9757578656542983,0.0,0.0,0.0
1647688232,31.0,0.40000004,0.400035,52990.0,41793.004,43197.004,43982.008,44602.01,45995.0,46898.996,48190.0,49210.008,700.0,768.0,34.500607,0.3502324414560343,0.2141670859600536,-0.9767970409923338,0.0,0.0,0.0
1647688234,31.0,0.40000004,0.399986,51486.0,42302.99,43598.008,44499.992,44997.0,46304.996,47599.004,48906.01,49700.004,700.0,512.0,33.90669,0.3502386357653224,0.2140250143245686,-0.9768281800006428,0.0,0.0,0.0
1647688249,31.0,0.40000004,0.40000898,50997.0,42092.008,43406.0,44381.004,45004.008,46407.992,47689.008,49106.004,50091.004,700.0,640.0,34.0992,0.35028509308498285,0.21295933295250102,-0.9770610638585624,0.0,0.0,0.0
1647689062,41.0,0.40000004,0.399986,67799.02,57404.023,59100.004,59902.0,60694.0,62201.996,63499.004,65086.004,66192.0,700.0,1024.0,35.565567,0.352803079810578,0.15485407760038442,-0.9879373536062568,0.0,0.0,0.0
1647689094,41.0,0.40000004,0.399941,68396.01,57608.004,59302.01,60291.004,60745.992,62495.996,63798.98,65552.01,66897.01,700.0,128.0,34.639874,0.35290218875918694,0.15255462575910142,-0.9882950400358693,0.0,0.0,0.0
1647689120,41.0,0.40000004,0.399976,67305.0,57802.992,59698.992,60502.996,61110.004,62899.008,64098.992,65686.0,66493.99,700.0,384.0,35.127296,0.35298271477993165,0.1506857122494833,-0.9885817194971116,0.0,0.0,0.0
1647689146,41.0,0.40000004,0.40002704,66901.0,56897.01,58502.996,59797.0,60496.0,62189.99,63406.0,64802.0,65105.004,700.0,896.0,34.594814,0.3530632408006764,0.14881626003500525,-0.9888648647561474,0.0,0.0,0.0
1647689150,41.0,0.40000004,0.400003,68803.0,57507.977,58898.99,60098.984,60897.98,62704.984,64201.996,65992.99,66914.0,700.0,255.99997,35.06995,0.3530756294192525,0.1485286046138258,-0.9889081118139692,0.0,0.0,0.0
1647689228,41.0,0.40000004,0.400001,67390.0,57710.98,59306.0,60097.004,60603.008,62879.996,63950.0,65202.004,65497.996,700.0,512.0,34.725887,0.35331720748148676,0.14291684190189888,-0.9897346999579169,0.0,0.0,0.0
1647689235,41.0,0.40000004,0.39999998,67694.0,58292.004,59812.99,60896.0,61493.01,63105.0,64591.996,65796.984,66405.016,700.0,768.0,35.508224,0.35333888756399495,0.142412994636816,-0.9898073241588861,0.0,0.0,0.0
1647689250,41.0,0.40000004,0.399984,68102.0,57898.992,59662.023,60900.996,61507.99,63380.992,64369.0,65908.0,66793.0,700.0,640.0,35.004417,0.35338534488365536,0.14133319782356768,-0.9899620837148079,0.0,0.0,0.0
1647690089,1.0,0.1,1.4083902,29425.906,4164.931,15855.871,31427.904,30914.432,165.0,5439.9834,31070.902,16400.426,100.0,432.33246,52.705147,0.35598385762999535,0.08070632855489843,-0.9967379236946835,1.0,13.983333333333333,5.083333333333333
1647690116,1.0,0.46385738,1.3595282,36453.61,2657.229,7787.7295,22851.46,21883.426,165.0,3326.7832,34208.062,29379.688,100.0,535.29584,56.645763,0.3560674808053841,0.0787490839017071,-0.9968944687300867,1.0,14.433333333333334,4.633333333333334
1647690150,1.0,0.1,1.2514372,28057.803,101.13,14562.249,26943.77,21400.129,165.0,175.0,41185.11,27082.389,100.0,350.00012,57.97239,0.35617278406328107,0.07628397450395212,-0.9970861323044666,1.0,15.0,4.066666666666666
1647690179,1.0,0.32435685,1.0375922,19843.615,1589.1157,16543.906,26033.559,29457.016,165.0,3200.7734,51108.227,27932.318,200.97589,392.2545,63.73265,0.3562626015479579,0.07418101207935772,-0.9972447931410232,1.0,15.483333333333333,3.5833333333333335
1647690185,1.0,0.1,0.8008995,36243.77,346.91992,13464.703,24532.697,25850.062,165.0,175.0,31661.508,26754.82,100.0,377.1308,66.7626,0.3562811844758221,0.07374587490443904,-0.9972770657819114,1.0,15.583333333333334,3.4833333333333334
1647690282,1.0,0.1,1.0991559,29220.473,435.45312,13797.445,29307.68,19132.836,165.0,175.0,29625.625,20507.297,428.71185,304.11383,57.64823,0.35658160847629283,0.06670926709995098,-0.9977724558650571,1.0,17.2,1.8666666666666667
1647690286,1.0,0.5840454,1.0471388,42420.992,4393.138,15098.619,27718.703,29034.604,165.0,921.6533,39971.92,22415.74,450.66232,515.869,62.341763,0.35659399709486894,0.06641902403936743,-0.9977918185902598,1.0,17.266666666666666,1.8
1647690311,1.0,0.7927197,1.479807,26573.615,7346.6353,19807.219,20028.121,18096.758,165.0,175.0,45587.383,20977.764,725.74854,524.6925,45.69051,0.3566714259609697,0.06460487855390426,-0.9979109227115591,1.0,17.683333333333334,1.3833333333333333
1647690394,1.0,0.40000004,0.399941,715.00195,384.00098,398.0,408.0,417.00195,480.99902,497.0,502.99805,513.00195,800.0,1024.0,35.713024,0.356928489796424,0.058580417469460404,-0.998282692772495,0.0,0.0,0.0
1647690432,1.0,0.40000004,0.399969,703.001,390.0,404.99902,419.00195,472.0,493.00195,503.0,512.99805,571.0,800.0,128.0,35.315712,0.3570461816728971,0.055821504993164,-0.998440764181981,0.0,0.0,0.0
1647690467,1.0,0.40000004,0.399885,693.99805,390.0,406.0,426.00098,479.0,493.99902,504.0,514.0,572.99805,800.0,384.0,32.93184,0.3571545820854381,0.05328002377310567,-0.9985796107806013,0.0,0.0,0.0
1647690481,1.0,0.40000004,0.399962,605.00195,376.00098,392.99902,403.0,412.0,488.00195,501.99805,509.0,565.999,800.0,896.0,34.97984,0.3571979422504545,0.05226333371549726,-0.998633338092086,0.0,0.0,0.0
1647690496,1.0,0.40000004,0.399921,618.999,388.00098,400.0,412.00098,424.00195,490.00098,501.99805,510.0,576.0,800.0,255.99997,32.653313,0.35724439957011495,0.05117396285153991,-0.998689754391257,0.0,0.0,0.0
1647690592,1.0,0.40000004,0.400008,686.9971,383.0,399.00098,409.99805,424.00195,491.00195,503.0,518.0029,578.0,800.0,768.0,35.58195,0.3575417264159417,0.044200602645850844,-0.9990226757815578,0.0,0.0,0.0
1647690594,1.0,0.40000004,0.399956,686.9971,386.0,402.0,413.0,426.99902,492.00195,505.0,573.999,590.001,800.0,512.0,34.504704,0.35754792072522973,0.044055300220566085,-0.9990290939319414,0.0,0.0,0.0
1647690616,1.0,0.40000004,0.39989,677.99805,376.99902,399.00098,409.99805,419.0,492.00195,505.0,573.999,583.001,800.0,640.0,35.106815,0.3576160581273984,0.04245691271028276,-0.9990982987489827,0.0,0.0,0.0
1647691557,10.999998,0.40000004,0.400061,20396.0,15806.001,16299.0,16708.0,17000.0,17711.0,18396.0,18904.0,19398.0,800.0,1024.0,34.16883,0.3605304806474292,-0.02595885629023112,-0.9996630121096325,0.0,0.0,0.0
1647691590,10.999998,0.40000004,0.40006903,19798.0,15702.002,16284.0,16599.0,16898.002,17499.0,18101.0,18701.0,19190.0,800.0,128.0,33.693695,0.36063268675068216,-0.02835779824537831,-0.9995978367717061,0.0,0.0,0.0
1647691615,10.999998,0.40000004,0.400052,19902.0,15604.0,16196.0,16510.998,16797.0,17499.0,18000.0,18688.998,18807.998,800.0,384.0,33.64864,0.36071011561678284,-0.03017507052937136,-0.9995446288778442,0.0,0.0,0.0
1647691623,10.999998,0.40000004,0.400015,21193.0,15500.0,16008.0,16494.0,16696.0,17288.0,17794.0,18688.998,18900.0,800.0,896.0,33.226753,0.36073489285393506,-0.030756576883134813,-0.9995269045795775,0.0,0.0,0.0
1647691639,10.999998,0.40000004,0.40007502,19698.0,15506.999,16096.0,16476.0,16608.0,17388.0,17890.0,18495.0,19298.0,800.0,255.99997,33.214462,0.36078444732823955,-0.03191955816388409,-0.9994904410781638,0.0,0.0,0.0
1647691717,10.999998,0.40000004,0.40007,18494.0,15298.0,15785.0,16095.0,16295.999,16796.0,17194.0,17792.0,17997.0,800.0,768.0,33.632256,0.3610260253904738,-0.037588443941150275,-0.9992933047319406,0.0,0.0,0.0
1647691730,10.999998,0.40000004,0.400109,19094.0,15403.0,15994.998,16307.0,16512.0,17190.0,17601.0,18109.0,18498.0,800.0,512.0,34.246655,0.36106628840084615,-0.038533145580850296,-0.9992573225609332,0.0,0.0,0.0
1647691757,10.999998,0.40000004,0.40004998,20002.0,15497.0,16092.0,16492.0,16696.0,17202.0,17711.0,18304.0,18613.0,800.0,640.0,34.156544,0.36114991157623494,-0.04049510720622286,-0.9991797367302624,0.0,0.0,0.0
1647692720,1.0,0.1,0.64831066,11885.474,4866.9463,17587.344,31381.424,20525.98,5176.9604,15836.277,33491.223,11704.928,100.0,154.57382,48.050503,0.36413247149843436,-0.11031255553151123,-0.99389694641452,1.0,16.05,20.1
1647692751,1.0,0.54006386,0.9194485,17740.82,4086.8408,13082.797,24898.777,20701.945,165.0,18428.594,39363.14,23867.172,100.0,65.0,61.86522,0.36422848329239926,-0.11255289830912754,-0.9936457341941418,1.0,16.566666666666666,19.583333333333332
1647692771,1.0,0.21307594,0.88380945,14399.751,6019.55,16856.54,22805.305,15566.799,9555.827,15890.533,24794.137,10534.082,100.0,237.51038,50.79798,0.36429042638527986,-0.1139979778908294,-0.9934809817187252,1.0,16.9,19.25
1647692774,1.0,0.70680714,0.49018213,14697.348,101.13,15873.656,23628.305,25022.047,165.0,20665.094,24585.781,18236.79,100.0,255.27884,51.593765,0.36429971784921195,-0.11421471910349662,-0.9934560875751426,1.0,16.95,19.2
1647692785,1.0,0.4034487,1.4564486,5269.139,101.13,12704.797,29562.957,15292.459,8109.5283,13481.0205,20822.201,13938.236,161.6564,107.90637,57.46819,0.36433378655029625,-0.11500939029496143,-0.9933644045082254,1.0,17.133333333333333,19.016666666666666
1647692875,1.0,0.27132183,1.2189513,4104.2676,10956.766,18643.186,10759.463,15698.635,5996.4785,15278.738,23317.707,17219.492,178.45984,649.1114,72.76075,0.3646125304682588,-0.12150843539169359,-0.9925903989706241,1.0,18.633333333333333,17.516666666666666
1647692891,1.0,0.6734109,1.028182,24818.242,101.13,15885.271,24715.7,21064.023,742.1631,14210.626,42726.715,16051.321,100.0,80.37479,55.88224,0.36466208494256325,-0.12266328425106839,-0.9924483456063301,1.0,18.9,17.25
1647692913,1.0,0.5470787,1.7619632,33386.176,2174.2183,24896.25,26312.396,19760.215,2967.857,175.0,32980.53,13302.063,100.0,584.5548,40.81938,0.3647302223447319,-0.12425092995522967,-0.9922508283721715,1.0,19.266666666666666,16.883333333333333
1647693926,31.0,0.40000004,0.400064,56700.004,46404.992,47701.0,48501.004,49097.992,50604.996,51900.996,53412.0,54614.016,800.0,1024.0,34.852863,0.3678676399991328,-0.1969444148614699,-0.980414655875193,0.0,0.0,0.0
1647693948,31.0,0.40000004,0.40004003,54408.004,46088.99,47490.0,48482.0,48999.008,50402.0,51306.004,52409.996,53403.996,800.0,128.0,34.402306,0.3679357774013014,-0.19851271298619522,-0.9800983128150259,0.0,0.0,0.0
1647693980,31.0,0.40000004,0.400053,59000.01,46195.996,47793.996,48701.992,49309.992,50897.004,52414.996,53793.004,54998.996,800.0,896.0,34.24256,0.36803488634991033,-0.20079296575317393,-0.9796336993509588,0.0,0.0,0.0
1647693984,31.0,0.40000004,0.40003306,56206.0,46592.996,47900.004,48791.0,49199.01,50699.0,51983.992,53205.004,54006.016,800.0,384.0,34.304,0.36804727496848644,-0.20107792114596437,-0.9795752495993442,0.0,0.0,0.0
1647693990,31.0,0.40000004,0.40002,57193.01,46008.01,47594.01,48403.004,48912.008,50703.008,52391.0,54007.0,55094.996,800.0,255.99997,34.185215,0.3680658578963506,-0.20150532232561683,-0.9794874195590515,0.0,0.0,0.0
1647694084,31.0,0.40000004,0.40001804,58593.996,46372.0,47698.01,48811.996,49400.992,50996.996,52011.0,53994.0,55292.0,800.0,768.0,34.87744,0.36835699043288933,-0.20819621362081256,-0.9780870802919119,0.0,0.0,0.0
1647694090,31.0,0.40000004,0.40005898,59107.008,46010.0,47396.0,48191.004,48678.01,50298.0,51801.01,53685.992,54511.004,800.0,512.0,34.5088,0.3683755733607535,-0.20862296478651834,-0.9779961444523608,0.0,0.0,0.0
1647694122,31.0,0.40000004,0.400062,60190.008,46409.0,47793.008,48695.996,49208.0,50996.996,52092.008,53503.996,54701.0,800.0,640.0,34.44736,0.36847468230936237,-0.2108982982143762,-0.9775080090773067,0.0,0.0,0.0
1647695178,41.0,0.40000004,0.40003306,80417.01,63496.99,65703.0,67097.984,68193.99,70385.984,71902.0,74108.0,75602.97,800.0,1024.0,35.684353,0.3717452776134565,-0.2852701931172101,-0.9584471383017791,0.0,0.0,0.0
1647695205,41.0,0.40000004,0.40003,79396.99,64087.0,65904.0,67405.99,68308.984,70504.016,72497.98,73902.984,75101.984,800.0,128.0,35.25837,0.3718289007888453,-0.28715154856038705,-0.9578851643904773,0.0,0.0,0.0
1647695234,41.0,0.40000004,0.40002704,77497.99,62887.008,64993.99,66214.0,67076.0,69196.0,71197.984,73196.016,74200.0,800.0,255.99997,35.7376,0.37191871827352213,-0.28917103036377184,-0.9572774494358229,0.0,0.0,0.0
1647695236,41.0,0.40000004,0.40004003,77898.0,63707.992,65706.0,67102.99,67903.016,69896.0,71490.984,73313.0,75097.0,800.0,896.0,35.21331,0.3719249125828102,-0.2893102576659527,-0.9572353810893431,0.0,0.0,0.0
1647695238,41.0,0.40000004,0.40001202,81706.01,63607.0,65508.008,66901.0,67797.0,70197.984,72114.01,74399.01,75103.0,800.0,384.0,35.05357,0.37193110689209824,-0.28944947884806677,-0.9571932924935186,0.0,0.0,0.0
1647695351,41.0,0.40000004,0.400028,78599.0,64101.0,66212.01,67500.0,68392.984,70806.99,72795.016,74803.0,76301.984,800.0,768.0,34.91021,0.37228108536687343,-0.29730544112684604,-0.9547824226892594,0.0,0.0,0.0
1647695391,41.0,0.40000004,0.400074,78491.016,64695.004,66498.0,67611.984,68298.0,69999.0,71602.984,73605.99,74503.984,800.0,640.0,35.229694,0.3724049715526346,-0.3000815288578333,-0.9539135579486987,0.0,0.0,0.0
1647696498,51.0,0.40000004,0.400003,102789.02,83603.96,86490.97,88195.97,89090.93,92195.0,93698.04,96110.016,97115.984,800.0,1024.0,36.18816,0.3758335217435742,-0.3758199529577313,-0.9266927014705838,0.0,0.0,0.0
1647696529,1.0,0.69117963,1.0707589,22821.715,101.13,19624.805,16761.229,7734.44,15538.109,5614.627,2747.5332,11178.486,100.0,523.28455,65.99787,0.37592953353753905,-0.3779081170282705,-0.9258431050043776,1.0,0.5166666666666667,5.766666666666667
1647696539,1.0,0.44902763,0.8741095,47663.656,1772.0449,21686.926,30476.037,12199.638,31479.924,2456.9756,13755.659,28773.04,100.0,137.3754,51.806908,0.3759605050839793,-0.3785813091464358,-0.925568037674687,1.0,0.6833333333333333,5.6
1647696541,10.635435,0.55820256,0.7959894,34164.97,3731.1587,25518.482,32980.953,14379.545,29065.05,6820.735,11270.957,22317.172,100.0,234.75314,60.731987,0.3759666993932674,-0.3787159235559476,-0.9255129654657279,1.0,0.7166666666666667,5.566666666666666
1647696563,11.628777,0.51276326,0.3850379,33431.438,101.13,22096.34,28684.9,19748.086,27787.76,3602.417,14098.868,26976.41,100.0,115.58539,58.512535,0.37603483679543603,-0.3801961526849966,-0.9249058792566553,1.0,1.0833333333333333,5.2
1647696675,14.973185,0.6098707,0.7219066,17851.633,101.13,21333.86,15307.086,18798.791,13206.582,175.0,17746.766,16590.273,100.0,412.94135,61.790905,0.37638171811556725,-0.3877166965689204,-0.9217785868643747,1.0,2.95,3.3333333333333335
1647696701,20.602547,0.785163,0.6019222,31553.207,101.13,23946.744,23732.865,20842.031,13582.465,527.9297,23944.152,17491.896,100.0,399.96234,52.83148,0.37646224413631196,-0.38945887687490865,-0.9210438552117564,1.0,3.3833333333333333,2.9
1647696707,17.569439,0.535377,0.54544127,21452.406,2857.9043,13392.865,13155.184,14407.776,5281.402,175.0,22064.803,17042.477,100.0,294.16357,58.434944,0.3764808270641761,-0.38986072098413793,-0.9208738340477094,1.0,3.4833333333333334,2.8
1647696853,1.0,0.62287116,1.1882207,14661.45,7721.083,13922.282,10972.313,20003.797,8316.6045,175.0,28501.418,21731.227,783.2173,679.91437,39.022972,0.37693301164220433,-0.39961586698133356,-0.9166826925696575,1.0,5.916666666666667,0.36666666666666664
1647696875,1.0,0.40000004,0.40001398,692.999,386.99902,402.0,410.99902,423.0,490.00098,498.99902,510.0,529.0,900.00006,128.0,35.17235,0.37700114904437293,-0.4010819419458719,-0.9160421801669005,0.0,0.0,0.0
1647696884,1.0,0.40000004,0.399938,610.00195,384.00098,400.99805,409.00098,416.00098,483.99902,496.00098,509.0,565.999,900.00006,896.0,33.009663,0.3770290234361692,-0.40168140420260157,-0.9157794764668109,0.0,0.0,0.0
1647696887,1.0,0.40000004,0.399921,681.0,388.00098,403.00195,410.99902,422.00098,488.00195,501.00098,512.001,576.0,900.00006,255.99997,33.529858,0.37703831490010126,-0.40188118673028894,-0.9156918213854782,0.0,0.0,0.0
1647696921,1.0,0.40000004,0.40004498,593.0,396.0,409.00098,419.00195,466.00195,488.99902,496.00098,509.0,569.99805,900.00006,384.0,35.397633,0.37714361815799824,-0.4041440495789032,-0.9146953521200187,0.0,0.0,0.0
1647697021,1.0,0.40000004,0.399949,785.999,385.00098,400.0,410.99902,423.0,491.00195,501.00098,515.0,576.999,900.00006,512.0,35.340286,0.3774533336224011,-0.4107851567342726,-0.911732172848364,0.0,0.0,0.0
1647697043,1.0,0.40000004,0.40005702,688.0,385.00098,400.0,408.0,415.0,485.99805,497.0,505.0,511.0,900.00006,640.0,34.16883,0.37752147102456973,-0.412243297144579,-0.9110737972081989,0.0,0.0,0.0
1647697050,1.0,0.40000004,0.39988196,629.00195,383.0,400.0,410.99902,420.0,491.00195,501.00098,518.0029,589.00195,900.00006,768.0,34.77504,0.3775431511070779,-0.4127070298043948,-0.9108638249211758,0.0,0.0,0.0
1647698152,10.999998,0.40000004,0.40000898,24032.998,15314.0,15994.998,16700.0,17300.0,18800.0,19692.0,20701.0,22002.0,900.00006,1024.0,33.73056,0.38095621552479736,-0.4843007051100425,-0.8749016099138895,0.0,0.0,0.0
1647698157,10.999998,0.40000004,0.400035,22596.996,14998.0,15705.0,16401.0,16995.0,18302.002,19199.0,20202.0,20888.0,900.00006,255.99997,34.500607,0.3809717012980175,-0.4846187962903316,-0.8747254553756338,0.0,0.0,0.0
1647698159,10.999998,0.40000004,0.40003306,21799.0,15101.0,15895.998,16697.0,17000.0,18396.0,19197.0,20286.998,20502.0,900.00006,896.0,33.21037,0.38097789560730555,-0.4847460148244672,-0.8746549611771475,0.0,0.0,0.0
1647698168,10.999998,0.40000004,0.39998502,22086.0,15396.0,16095.001,16796.0,17304.0,18497.0,19201.0,19896.0,20201.0,900.00006,128.0,33.93536,0.38100576999910185,-0.4853183712921294,-0.8743375083378013,0.0,0.0,0.0
1647698202,10.999998,0.40000004,0.400051,21492.0,15196.999,15911.0,16592.0,17000.0,18206.0,19099.0,19989.0,20504.0,900.00006,384.0,34.484222,0.3811110732569988,-0.4874787286009793,-0.8731348631005251,0.0,0.0,0.0
1647698290,10.999998,0.40000004,0.400029,21692.0,14893.0,15692.0,16392.0,17097.0,18600.0,19599.0,20494.0,20896.0,900.00006,512.0,33.8944,0.3813836228656733,-0.49305637036189603,-0.8699973653095466,0.0,0.0,0.0
1647698303,10.999998,0.40000004,0.40002298,21994.0,14803.998,15510.001,16291.0,16901.0,18200.0,19189.0,20103.0,20811.0,900.00006,640.0,34.430977,0.3814238858760457,-0.49387863382256,-0.8695308476722156,0.0,0.0,0.0
1647698332,10.999998,0.40000004,0.40007102,22600.0,15198.0,15892.0,16509.0,16993.0,18205.0,19400.0,20105.0,20402.998,900.00006,768.0,34.07872,0.3815137033607225,-0.495711322132217,-0.8684873546056554,0.0,0.0,0.0
1647699465,21.0,0.40000004,0.40005702,39406.004,29890.994,31103.0,32103.002,33090.0,34994.992,36000.004,37093.0,38004.0,900.00006,255.99997,35.012608,0.3850227795724068,-0.5655069179012091,-0.8247435515394317,0.0,0.0,0.0
1647699472,1.0,0.1627689,0.4156608,10352.264,101.13,22208.68,19473.586,4794.497,24050.514,45203.2,15147.691,24772.914,100.0,65.0,73.23541,0.385044459654915,-0.5659266839164329,-0.8244555709262628,1.0,0.11666666666666667,23.183333333333334
1647699473,1.0,0.1,0.72281075,1239.6211,101.13,18639.39,23126.348,6794.985,17822.041,47797.438,27058.195,15047.676,100.0,65.0,56.706734,0.38504755680955904,-0.565986638520967,-0.8244144133964036,1.0,0.13333333333333333,23.166666666666668
1647699487,1.0,0.1,0.5553548,218.0,101.13,20955.172,25083.777,3840.9902,16384.291,46838.793,24530.738,9891.362,100.0,65.0,65.40497,0.3850909169745755,-0.5668256885522585,-0.8238377502865829,1.0,0.36666666666666664,22.933333333333334
1647699530,1.0,0.1,0.42226624,9648.322,101.13,21673.922,21835.541,153.0,18888.336,52392.027,25372.938,19025.855,116.37103,65.0,70.29004,0.3852240946242687,-0.5693990934128368,-0.8220612339848167,1.0,1.0833333333333333,22.216666666666665
1647699608,1.0,0.1,0.51858187,13955.003,101.13,16017.553,31213.383,13621.878,13668.464,54555.14,20345.197,20771.807,100.0,65.0,73.109535,0.3854656726865029,-0.574052902598312,-0.8188182124369565,1.0,2.3833333333333333,20.916666666666668
1647699614,1.0,0.1,0.45291218,5257.9497,101.13,22752.914,26248.68,153.0,16525.299,50236.414,21917.203,17418.656,100.0,65.0,63.72889,0.38548425561436706,-0.5744101247857484,-0.8185676566684155,1.0,2.4833333333333334,20.816666666666666
1647699664,1.0,0.4033047,0.77565825,218.0,748.71484,16959.602,27973.861,17191.418,14762.518,68895.89,16144.964,25756.414,100.0,65.0,60.17582,0.38563911334656853,-0.577382717015142,-0.8164736358831266,1.0,3.316666666666667,19.983333333333334
1647700849,1.0,0.6286299,1.9239987,35042.242,9796.648,18115.97,20627.934,20909.984,165.0,175.0,33628.543,23056.39,787.7805,598.35657,53.71949,0.38930924159974234,-0.6455132308317897,-0.7637490876073795,1.0,23.066666666666666,0.23333333333333334
1647700863,31.0,0.40000004,0.40001202,59505.004,47496.99,49188.992,50091.996,50801.008,52588.004,53794.004,55689.996,56614.992,900.00006,896.0,34.783234,0.3893526017647587,-0.64629047575948,-0.7630914892348001,0.0,0.0,0.0
1647700883,31.0,0.40000004,0.400038,62098.996,48393.996,50197.99,51104.0,51791.008,53558.004,54902.0,56304.01,57908.992,900.00006,1024.0,34.68493,0.38941454485763927,-0.6473996633690229,-0.7621506910511043,0.0,0.0,0.0
1647700894,31.0,0.40000004,0.40001398,59486.004,48197.992,49811.992,50895.004,51484.008,53301.01,54814.004,56697.008,57103.004,900.00006,128.0,34.80371,0.3894486135587236,-0.6480091329513061,-0.7616325647001292,0.0,0.0,0.0
1647700937,31.0,0.40000004,0.399997,58199.0,48107.004,49900.004,50906.016,51611.016,53401.0,54798.004,55796.996,57289.992,900.00006,384.0,34.422783,0.38958179120841685,-0.6503876225895758,-0.759602488399215,0.0,0.0,0.0
1647701002,31.0,0.40000004,0.40005502,60309.004,47300.992,48812.008,49806.996,50539.008,51991.004,53500.996,54898.992,56489.0,900.00006,512.0,34.57024,0.3897831062602787,-0.653970933500218,-0.7565196746528496,0.0,0.0,0.0
1647701033,31.0,0.40000004,0.40002102,61001.02,48701.99,50384.008,51593.984,52195.004,53902.004,55793.0,57193.996,58404.008,900.00006,640.0,34.59072,0.3898791180542436,-0.6556747557964879,-0.7550434521345217,0.0,0.0,0.0
1647701081,31.0,0.40000004,0.40004003,60897.992,48397.996,50197.0,51202.996,52000.008,53703.01,55012.004,56588.01,57898.008,900.00006,768.0,35.2256,0.39002778147715694,-0.6583063546962458,-0.7527501201371812,0.0,0.0,0.0
1647702227,41.0,0.40000004,0.400035,75402.984,62404.0,64348.0,65390.01,66103.99,67996.0,69698.0,71998.99,73207.0,900.00006,255.99997,36.032513,0.39357712069921363,-0.7186827582100719,-0.6953381141944999,0.0,0.0,0.0
1647702254,41.0,0.40000004,0.399998,77715.984,62716.996,64797.99,66089.0,66999.984,69192.0,70695.01,73415.016,74495.984,900.00006,896.0,35.733505,0.3936607438746024,-0.7200466651538879,-0.693925644432287,0.0,0.0,0.0
1647702296,41.0,0.40000004,0.400038,79328.99,63700.996,66102.984,67290.984,68097.016,69986.984,71404.016,73190.99,73927.984,900.00006,1024.0,35.36896,0.3937908243696516,-0.7221627785067705,-0.6917231536817177,0.0,0.0,0.0
1647702318,41.0,0.40000004,0.40004003,78121.016,64290.008,66306.016,67497.0,68297.0,70196.01,71992.01,73601.0,74208.0,900.00006,128.0,35.69664,0.3938589617718202,-0.7232685313990681,-0.6905668913927421,0.0,0.0,0.0
1647702351,41.0,0.40000004,0.40003306,78098.0,63993.004,65599.0,66895.0,67712.016,69697.03,71512.0,73304.0,74308.01,900.00006,384.0,35.639297,0.3939611678750732,-0.7249236886645212,-0.6888291846408835,0.0,0.0,0.0
1647702381,41.0,0.40000004,0.400074,75278.984,62305.996,64398.992,65414.984,66193.016,68293.016,69903.99,71288.016,72303.99,900.00006,512.0,35.741695,0.394054082514394,-0.7264247544395586,-0.6872460084550707,0.0,0.0,0.0
1647702419,41.0,0.40000004,0.400073,77011.016,62794.004,64509.004,65808.0,66595.0,68714.03,70696.01,72312.02,73810.984,900.00006,640.0,35.278847,0.3941717743908671,-0.7283211400432842,-0.6852359571461868,0.0,0.0,0.0
1647702507,41.0,0.40000004,0.39999,78589.0,64399.0,66401.0,67692.0,68395.984,70199.0,71602.984,73391.016,74696.0,900.00006,768.0,36.163586,0.3944443239995416,-0.7326913916086013,-0.6805610366915309,0.0,0.0,0.0
1647703587,51.0,0.40000004,0.400051,91410.99,76496.99,78899.98,80010.016,81002.016,83202.0,85197.016,86605.99,87898.0,900.00006,255.99997,37.044224,0.39778925101509244,-0.7838289520980845,-0.6209767901079869,0.0,0.0,0.0
1647703625,4.408245,0.7446965,0.478997,33900.21,1316.0107,23507.219,24682.164,11161.504,19078.73,8931.758,4414.2275,17293.895,100.0,135.95035,62.11338,0.39790694289156553,-0.7855419878738464,-0.6188083590960982,1.0,0.6333333333333333,5.833333333333333
1647703697,1.0,0.63461316,1.1504849,18389.84,101.13,15194.355,18757.191,14719.996,16172.752,175.0,13915.475,22503.682,100.0,499.9686,70.218,0.39812993802593555,-0.7887712780454484,-0.6146868071876522,1.0,1.8333333333333333,4.633333333333334
1647703711,21.436104,0.5511958,1.2374728,41874.574,3160.9458,18524.475,36556.707,11142.829,23514.582,175.0,24722.264,28117.902,100.0,150.66699,57.334976,0.398173298190952,-0.7893966871435705,-0.6138834338266149,1.0,2.066666666666667,4.4
1647703751,11.30591,0.45934424,0.9519458,26128.895,1078.6094,19382.004,19249.793,12414.799,7780.7407,175.0,15234.887,18661.799,100.0,239.39233,56.32058,0.39829718437671313,-0.7911790593740198,-0.6115845779677912,1.0,2.7333333333333334,3.7333333333333334
1647703768,29.402023,0.17886358,0.7729802,36994.332,6008.4414,15301.047,18247.809,16756.451,11446.252,175.0,30671.395,24141.86,100.0,97.68054,48.68311,0.3983498360056616,-0.79193454122703,-0.6106059960494439,1.0,3.0166666666666666,3.45
1647703812,1.0,0.26266903,0.5718203,31541.121,873.17676,14199.762,23081.887,10585.454,11874.208,175.0,14555.067,19611.857,100.0,157.66095,48.52174,0.39848611080999885,-0.7938842827020345,-0.6080688659014505,1.0,3.75,2.716666666666667
1647703942,1.835146,0.4028507,0.7217358,29664.986,2636.168,10902.443,21963.73,16876.703,465.44922,175.0,32529.848,18899.273,193.24506,403.78186,50.61114,0.39888874091372256,-0.799597322447243,-0.6005365283937354,1.0,5.916666666666667,0.55
1647703947,1.0,0.6970814,0.9584727,15359.642,9365.98,16721.383,7840.8765,15439.674,165.0,175.0,31288.158,15667.14,565.28845,490.87427,43.510258,0.3989042266869427,-0.7998156308278113,-0.6002457469099722,1.0,6.0,0.4666666666666667
1647703975,1.0,0.40000004,0.400001,622.0,319.00195,378.99902,390.0,395.00098,407.99902,476.0,493.99902,502.99805,1000.0,896.0,33.243137,0.3989909470169755,-0.8010362027639257,-0.5986159051190929,0.0,0.0,0.0
1647704048,1.0,0.40000004,0.40005404,600.00195,321.0,384.0,393.0,398.0,412.0,477.0,490.0,501.00098,1000.0,1024.0,33.550335,0.39921703930598956,-0.8042027784292994,-0.5943550211503181,0.0,0.0,0.0
1647704060,1.0,0.40000004,0.399964,595.99805,319.00195,381.0,391.99902,396.00098,407.99902,466.00098,490.0,501.00098,1000.0,128.0,36.102142,0.39925420516171795,-0.8047211447480094,-0.5936529956089276,0.0,0.0,0.0
1647704111,1.0,0.40000004,0.40001,610.999,366.00098,388.99902,396.00098,401.00098,417.99902,480.0,493.0,501.00098,1000.0,384.0,33.169407,0.3994121600485634,-0.8069173599538656,-0.5906643498680817,0.0,0.0,0.0
1647704126,1.0,0.40000004,0.399952,588.001,329.99902,387.99902,396.00098,400.00098,417.99902,481.00098,496.00098,498.00098,1000.0,512.0,33.44384,0.3994586173682238,-0.8075611946008505,-0.5897837883282714,0.0,0.0,0.0
1647704168,1.0,0.40000004,0.40004104,585.99805,324.0,387.0,396.00098,402.00098,416.00098,479.0,493.0,507.0,1000.0,640.0,34.37363,0.399588697863273,-0.8093588170424172,-0.5873144858384638,0.0,0.0,0.0
1647704298,1.0,0.40000004,0.40005898,598.99805,324.0,387.0,396.99805,401.00098,422.0,482.99902,498.0,505.99902,1000.0,768.0,34.115585,0.3999913279669967,-0.8148749590483564,-0.579636783784414,0.0,0.0,0.0
1647705400,10.999998,0.40000004,0.400062,20593.0,15801.0,16388.0,16711.0,17012.0,17804.0,18599.998,19396.0,20015.002,1000.0,255.99997,34.172928,0.40340439238471615,-0.8586618571206132,-0.5125425007998651,0.0,0.0,0.0
1647705415,10.999998,0.40000004,0.400065,20691.0,15608.0,16297.002,16708.0,16990.0,17606.0,18401.0,19100.0,19711.0,1000.0,896.0,33.517567,0.4034508497043766,-0.8592204432810584,-0.5116055412599647,0.0,0.0,0.0
1647705498,10.999998,0.40000004,0.400092,21503.0,15707.0,16301.0,16705.0,17005.0,17805.0,18687.0,19397.0,19811.0,1000.0,1024.0,35.03309,0.40370791353983093,-0.8622927882262952,-0.5064100585226577,0.0,0.0,0.0
1647705513,10.999998,0.40000004,0.400028,20613.998,15789.998,16385.0,16705.0,16993.0,17709.0,18402.0,19096.0,19500.0,1000.0,128.0,35.012608,0.4037543708594914,-0.8628446827710156,-0.505469141900656,0.0,0.0,0.0
1647705574,10.999998,0.40000004,0.400019,20298.0,15916.0,16591.0,16900.998,17107.0,17808.0,18402.0,19106.0,19591.0,1000.0,384.0,34.295807,0.4039432972927771,-0.8650784696392809,-0.5016365630280151,0.0,0.0,0.0
1647705618,10.999998,0.40000004,0.40005502,20796.0,15696.001,16289.0,16700.0,17002.0,17991.0,18795.0,19509.0,20288.0,1000.0,640.0,33.427456,0.40407957209711437,-0.8666791601115641,-0.49886594735290746,0.0,0.0,0.0
1647705763,10.999998,0.40000004,0.400053,20591.0,15992.0,16506.998,16900.0,17117.0,17889.998,18608.0,19188.0,19601.0,1000.0,768.0,34.750465,0.4045286595204985,-0.8718912703059198,-0.48969951272625284,0.0,0.0,0.0
1647706885,21.0,0.40000004,0.40004998,40105.0,30712.0,31909.002,32587.002,32994.996,34409.0,35492.0,36685.0,38104.008,1000.0,255.99997,34.89792,0.4080036670310985,-0.9089028174404165,-0.4170079956653984,0.0,0.0,0.0
1647706901,21.0,0.40000004,0.40005702,40288.992,30887.002,32002.002,32792.0,33086.0,34101.004,35194.004,35897.996,37491.0,1000.0,896.0,33.550335,0.40805322150540296,-0.9093874129050331,-0.41595015717017214,0.0,0.0,0.0
1647707017,1.0,0.1,1.0950665,218.0,101.13,20843.918,28056.16,3928.7886,14551.2,76287.46,15645.6,18107.74,131.24469,65.0,73.23541,0.4084124914441103,-0.9128638694482972,-0.40826407612706045,1.0,1.9333333333333333,25.233333333333334
1647707029,1.0,0.1,0.4946044,2696.005,101.13,18614.363,30848.682,15956.217,20698.645,69832.16,38064.49,21011.555,100.0,65.0,47.464554,0.4084496572998386,-0.9132197994276049,-0.4074672967655258,1.0,2.1333333333333333,25.033333333333335
1647707061,1.0,0.1,0.5103321,2707.3594,101.13,24448.621,28421.668,4618.5054,17048.512,45278.555,27463.062,11046.866,100.0,65.0,65.53981,0.40854876624844755,-0.9141655452945078,-0.40534103640810315,1.0,2.6666666666666665,24.5
1647707080,1.0,0.1,0.8246964,1528.4883,101.13,24149.709,23426.594,153.0,17468.668,45474.266,32624.701,18725.805,196.04407,65.0,73.23541,0.40860761218668407,-0.9147247398859669,-0.40407752998719204,1.0,2.9833333333333334,24.183333333333334
1647707118,1.0,0.1,0.8330029,218.0,101.13,18999.56,23569.547,13973.218,16793.248,43009.594,27084.773,20657.479,100.0,65.0,61.015408,0.40872530406315716,-0.9158378889724723,-0.4015482052287688,1.0,3.6166666666666667,23.55
1647707284,1.0,0.1,0.7903533,9190.766,101.13,19243.629,24256.953,12210.921,6762.536,38253.61,33416.492,17162.92,100.0,65.0,73.23541,0.4092394317340659,-0.9206184735841775,-0.39046334795411874,1.0,6.383333333333334,20.783333333333335
1647708378,1.0,0.1,1.9239987,14108.059,4834.2754,9740.699,29030.592,26344.729,165.0,175.0,38516.2,8426.746,265.21747,597.6765,59.43307,0.4126277189146331,-0.9487381934481806,-0.31606303215131437,1.0,24.616666666666667,2.55
1647708393,1.0,1.1709414,1.9239987,32476.365,2394.087,28724.113,27738.842,17474.656,165.0,175.0,31670.81,18025.43,809.3162,924.58057,69.02789,0.41267417623429353,-0.949082400207158,-0.31502793148706687,1.0,24.866666666666667,2.3
1647708531,31.0,0.40000004,0.400053,58698.0,46306.0,48184.996,49400.01,50195.01,52611.008,54303.996,56101.016,56998.992,1000.0,1024.0,35.561474,0.4131015835751695,-0.9521960624523534,-0.30548757527964016,0.0,0.0,0.0
1647708544,31.0,0.40000004,0.400024,58493.004,46394.0,48200.0,49498.0,50406.0,52702.996,54590.008,56000.99,57002.004,1000.0,128.0,35.315712,0.41314184658554187,-0.9524844407779208,-0.30458724542562765,0.0,0.0,0.0
1647708550,31.0,0.40000004,0.40002704,57796.0,45294.984,47593.008,48803.016,49502.004,51999.996,53498.0,55299.992,56205.0,1000.0,512.0,35.557377,0.41316042951340604,-0.9526172513612137,-0.30417161670511966,0.0,0.0,0.0
1647708598,31.0,0.40000004,0.400016,59309.996,46603.984,48303.004,49490.0,50000.996,51990.008,53692.0,55499.004,56389.004,1000.0,384.0,34.44736,0.4133090929363194,-0.9536732047752462,-0.3008445088309099,0.0,0.0,0.0
1647708614,31.0,0.40000004,0.400019,59291.0,45607.996,47598.01,48904.008,49804.0,52204.996,53804.992,55413.996,56208.984,1000.0,640.0,35.024895,0.41335864741062384,-0.9540226076096631,-0.2997346562706069,0.0,0.0,0.0
1647708801,31.0,0.40000004,0.40000898,60579.0,46399.992,48091.004,49396.016,50115.004,52290.0,54298.008,55975.992,57095.004,1000.0,768.0,35.692543,0.4139378153290572,-0.9580103667019589,-0.2867335649894832,0.0,0.0,0.0
1647709879,41.0,0.40000004,0.40001804,76097.016,60807.01,63208.004,64894.99,65805.0,68400.984,70496.016,72356.984,73286.984,1000.0,255.99997,35.913727,0.41727654803531994,-0.9775233434495636,-0.21082721126834295,0.0,0.0,0.0
1647709912,41.0,0.40000004,0.40003,77503.99,61688.023,64011.98,65553.0,66492.984,69093.0,71100.99,73306.01,74391.0,1000.0,896.0,34.82829,0.4173787541385729,-0.9780264770882515,-0.20848071880714478,0.0,0.0,0.0
1647710064,41.0,0.40000004,0.400025,77004.0,61001.01,63884.0,65506.996,66900.016,70088.0,71795.0,73996.0,75098.01,1000.0,512.0,35.61472,0.4178495216444652,-0.9802711746217218,-0.19765734037912638,0.0,0.0,0.0
1647710075,41.0,0.40000004,0.400047,77595.016,62495.004,64794.01,66410.01,67496.99,69898.0,71597.0,73796.0,74810.99,1000.0,1024.0,36.139008,0.41788359034554956,-0.9804289754847318,-0.1968731165750143,0.0,0.0,0.0
1647710076,41.0,0.40000004,0.39999604,78796.016,61802.023,64108.01,65798.016,66807.016,69496.0,71290.98,73397.016,74505.984,1000.0,128.0,35.99155,0.4178866875001936,-0.9804432899092752,-0.19680181724739468,0.0,0.0,0.0
1647710116,41.0,0.40000004,0.400067,78796.016,60601.016,63006.992,64808.004,66007.01,68697.016,70495.016,72695.0,74289.016,1000.0,640.0,35.938305,0.41801057368595473,-0.9810116143286567,-0.1939489947184131,0.0,0.0,0.0
1647710143,41.0,0.40000004,0.400064,78698.97,62604.01,64811.008,66207.016,67002.01,69504.016,71302.0,73302.016,74790.97,1000.0,384.0,35.397633,0.41809419686134347,-0.9813905409911672,-0.19202241028865388,0.0,0.0,0.0
1647710366,41.0,0.40000004,0.400015,80401.01,63500.996,65904.984,67110.0,68305.016,70391.016,72786.016,75193.0,76418.0,1000.0,768.0,36.38477,0.41878486234696183,-0.9843753893765583,-0.17608263057368612,0.0,0.0,0.0
1647711482,51.0,0.40000004,0.40010095,97902.016,81299.96,84010.01,85605.016,86393.01,89083.945,91109.055,93889.0,95091.01,1000.0,255.99997,36.97459,0.4222412869296977,-0.9954101280384596,-0.09570097699844722,0.0,0.0,0.0
1647711523,51.0,0.40000004,0.400073,101600.03,81497.99,84299.0,85998.98,87002.0,89404.0,91884.99,93845.0,95695.0,1000.0,896.0,35.852287,0.4223682702701029,-0.9956910454683413,-0.09273263704953867,0.0,0.0,0.0
1647711667,1.0,0.7072257,1.8153093,23028.123,4222.042,16909.96,22508.273,4803.0547,12234.124,33723.637,9921.743,30380.137,265.24463,198.8341,62.583977,0.42281426053884297,-0.9966075272522774,-0.08230089078558774,1.0,2.4,9.4
1647711694,1.0,0.1,1.2015996,33503.047,101.13,18309.994,21437.008,19677.635,6744.1694,25487.02,28990.473,27967.469,157.4505,106.19226,66.742325,0.42289788371423176,-0.9967672034526469,-0.08034389909127872,1.0,2.85,8.95
1647711711,1.0,0.13228637,1.0519141,28580.23,101.13,25581.316,33954.273,10458.542,22663.457,16556.873,14184.422,23241.322,100.0,127.04315,45.98963,0.4229505353431802,-0.9968657688548647,-0.07911155974571295,1.0,3.1333333333333333,8.666666666666666
1647711732,1.0,0.1557424,0.7705772,31607.455,101.13,16344.002,28607.484,19371.23,12377.771,14757.703,24582.305,27696.027,100.0,65.0,55.301796,0.4230155755907048,-0.9969854226039088,-0.07758909147106666,1.0,3.4833333333333334,8.316666666666666
1647711810,1.0,0.20921057,1.7106144,20417.172,1711.0615,16130.956,30567.863,18127.861,3773.1626,16341.717,22410.512,16711.533,100.0,65.0,42.970238,0.42325715365293903,-0.9974094913373519,-0.07193265315671998,1.0,4.783333333333333,7.016666666666667
1647712136,1.0,0.23156369,1.5985109,26116.088,2143.0776,9852.891,20908.719,21249.312,165.0,175.0,46184.12,23376.43,151.29929,204.1531,47.511765,0.42426682606689237,-0.9988343879540346,-0.048268679705262614,1.0,10.216666666666667,1.5833333333333333
1647712229,1.0,0.7522947,0.7460061,29878.738,2414.9946,12050.368,21279.56,32580.15,165.0,175.0,54035.637,27292.389,378.17523,310.40466,56.866993,0.424554861448787,-0.999137990467674,-0.04151235965610872,1.0,11.766666666666667,0.03333333333333333
1647712230,1.0,0.9077864,1.7341114,28340.127,6606.8877,14796.883,20284.041,24888.082,165.0,175.0,57310.09,22503.055,389.58136,886.6212,51.291016,0.42455795860343104,-0.9991410066896868,-0.041439700181339155,1.0,11.783333333333333,0.016666666666666666
1647712231,1.0,0.3,0.045410976,787.999,585.999,603.0,611.0,625.0,696.999,703.999,771.001,787.999,100.0,384.0,26.10094,0.42456105575807507,-0.9991440176277454,-0.04136704048741675,0.0,0.0,0.0
1647712232,1.0,0.3,0.047740996,714.00195,586.999,604.001,611.0,619.001,693.0,703.001,708.00195,714.0,100.0,640.0,26.10094,0.4245641529127191,-0.999147023281834,-0.041294380574723996,0.0,0.0,0.0
1647712233,1.0,0.3,0.043119997,906.0,586.999,605.99805,617.001,685.0,704.0,799.999,899.001,905.9971,100.0,128.0,26.10094,0.4245672500673631,-0.9991500236519367,-0.04122172044364692,0.0,0.0,0.0
1647712442,10.999998,0.3,0.251992,27701.0,22001.0,22601.0,23707.0,24300.0,25493.0,26201.0,27398.998,27700.998,100.0,384.0,26.60352,0.4252145553879651,-0.9996611216849755,-0.02603155376724198,0.0,0.0,0.0
1647712444,10.999998,0.3,0.252579,30500.002,22096.0,22901.0,23411.0,24387.0,26299.0,27892.998,29096.998,30500.004,100.0,255.99997,26.48064,0.42522074969725315,-0.9996648972475747,-0.025886158675938426,0.0,0.0,0.0
1647712446,10.999998,0.3,0.251548,29803.002,21901.0,22658.0,23598.996,24391.996,27403.0,28393.004,29297.998,29802.996,100.0,640.0,26.292221,0.4252269440065412,-0.9996686516632753,-0.025740763037040287,0.0,0.0,0.0
1647712447,10.999998,0.3,0.2529,30899.998,21899.0,22892.998,23707.0,25000.0,27297.0,28899.002,29795.0,30899.998,100.0,768.0,26.402817,0.42523004116118523,-0.9996705209410138,-0.025668065013204514,0.0,0.0,0.0
1647712448,10.999998,0.3,0.251557,28487.996,22106.0,23103.0,24098.0,24701.0,25998.0,27400.0,28009.0,28487.998,100.0,128.0,26.451967,0.42523313831582926,-0.9996723849319978,-0.02559536685362237,0.0,0.0,0.0
1647712665,21.0,0.3,0.288904,53991.004,41995.0,45908.004,46802.008,48296.004,49510.0,51593.0,53298.0,53991.004,100.0,255.99997,27.860992,0.42590522087358346,-0.999951808959328,-0.009817319337149412,0.0,0.0,0.0
1647712668,21.0,0.3,0.288574,57499.008,42607.008,44796.0,46794.008,47391.996,50996.996,54607.996,55096.004,57498.996,100.0,384.0,27.897854,0.42591451233751554,-0.999953926969049,-0.009599163462400613,0.0,0.0,0.0
1647712669,21.0,0.3,0.289124,53495.0,43206.0,45188.004,46802.008,47893.996,50403.004,51909.004,53402.992,53495.0,100.0,1024.0,28.450815,0.42591760949215957,-0.9999546223957878,-0.009526444735440702,0.0,0.0,0.0
1647712671,21.0,0.3,0.289031,55004.004,42900.01,45101.996,46004.008,47500.0,49604.0,52593.996,54704.004,55004.0,100.0,640.0,27.992064,0.4259238038014476,-0.9999559973844911,-0.009381007130764616,0.0,0.0,0.0
1647712674,21.0,0.3,0.288871,57804.0,43390.004,45034.004,47132.0,47922.0,50691.016,52920.99,54505.004,57804.008,100.0,512.0,27.738111,0.4259330952653797,-0.9999580202055561,-0.00916285035262578,0.0,0.0,0.0
1647712675,21.0,0.3,0.289142,54826.0,42909.004,46226.996,47800.004,48633.004,50692.0,51598.008,54706.0,54825.992,100.0,128.0,28.147715,0.42593619242002373,-0.9999586839026995,-0.009090131329151915,0.0,0.0,0.0
1647712677,21.0,0.3,0.288894,55700.01,44209.01,46110.004,47003.996,48003.992,49298.004,51798.992,53601.01,55700.0,100.0,768.0,27.656193,0.4259423867293118,-0.9999599954321475,-0.008944693138367594,0.0,0.0,0.0
1647712894,31.0,0.3,0.288948,77997.98,67098.0,69492.01,70295.01,70891.0,72592.01,75908.0,76801.0,77997.98,100.0,384.0,29.229057,0.426614469287066,-0.9999766355118064,0.006835819664670486,0.0,0.0,0.0
1647712895,43.539833,1.0051546,1.2673917,19037.672,4810.346,21998.316,29029.568,7669.2197,16847.63,19934.457,10716.699,8436.621,101.00888,544.36365,54.15216,0.42661756644171,-0.9999761357527859,0.00690853999958405,1.0,0.016666666666666666,3.8666666666666667
1647712897,3.036663,0.8664641,0.6075491,28016.889,5172.6216,20323.936,25658.79,9795.726,25017.535,1772.5586,6206.6353,12524.918,100.0,338.98242,48.46288,0.42662376075099806,-0.9999751203696357,0.007053980559418333,1.0,0.05,3.8333333333333335
1647712898,33.888405,0.6729951,1.6357398,31115.3,3734.1865,21989.12,30063.785,6574.0977,26049.863,5687.3774,15193.279,21360.027,100.0,442.42645,45.180965,0.4266268579056421,-0.9999746047455113,0.007126700783570778,1.0,0.06666666666666667,3.816666666666667
1647712899,23.259926,0.7829864,1.1495641,28338.072,101.13,18946.996,25827.393,6377.475,26997.5,2292.4434,8913.023,22936.928,100.0,356.97028,57.37745,0.4266299550602861,-0.9999740838330242,0.0071994209700328,1.0,0.08333333333333333,3.8
1647712900,23.066349,0.60285556,1.1022576,31024.96,1306.1206,16516.535,23554.027,6956.1553,20131.031,8997.953,10163.057,23993.156,100.0,66.0777,43.454567,0.42663305221493014,-0.9999735576321774,0.007272141118421595,1.0,0.1,3.783333333333333
1647712901,31.799595,0.64981925,0.8789065,28853.45,5121.0625,25722.223,27137.154,14001.941,28898.273,7300.725,9167.055,16591.865,100.0,260.25854,40.867546,0.42663614936957417,-0.9999730261429737,0.0073448612283508056,1.0,0.11666666666666667,3.7666666666666666
1647713125,7.724613,0.7053355,0.80479515,17448.05,5476.5723,15156.381,24823.988,14342.289,8831.348,175.0,17033.633,10463.785,158.08969,422.087,43.330875,0.42732991200983655,-0.9997207142600403,0.02363246663797096,1.0,3.85,0.03333333333333333
1647713126,3.9057064,0.5957954,1.2160714,6041.322,10886.164,18081.309,17782.639,16068.314,21362.621,175.0,24049.77,14263.009,367.80127,984.16125,55.2498,0.4273330091644806,-0.9997189930150603,0.023705168317350523,1.0,3.8666666666666667,0.016666666666666666
1647713127,41.0,0.3,0.289207,111065.02,88568.01,91501.0,93201.984,94563.96,97468.07,100372.98,110868.97,111064.98,100.0,640.0,30.683136,0.4273361063191246,-0.9997172664830694,0.023777869871365376,0.0,0.0,0.0
1647713128,41.0,0.3,0.28909,103416.98,87513.95,90801.0,92814.03,93814.99,97009.0,99914.945,103209.94,103416.984,100.0,512.0,30.175232,0.42733920347376864,-0.9997155346640769,0.02385057129963193,0.0,0.0,0.0
1647713131,41.0,0.3,0.289009,104284.0,89610.99,92690.99,94377.016,96102.97,98475.01,100582.99,101686.01,104284.086,100.0,1024.0,30.588928,0.4273484949377007,-0.9997103074851814,0.02406867482609075,0.0,0.0,0.0
1647713136,41.0,0.3,0.28896,109871.01,88863.98,92899.055,94169.99,95401.98,99668.99,104576.945,106872.016,109870.945,100.0,768.0,30.543873,0.42736398071092085,-0.9997014897811831,0.024432178152653226,0.0,0.0,0.0
1647713359,51.0,0.3,0.288972,128181.01,102507.79,110214.87,114899.03,115492.99,118490.02,120903.02,125689.016,128180.914,100.0,896.0,31.330303,0.4280546461965392,-0.9991738363873679,0.04064043157927005,0.0,0.0,0.0
1647713361,51.0,0.3,0.288606,136979.97,102507.79,110214.87,117505.375,119189.914,124392.83,128681.0,135588.0,136979.86,100.0,255.99997,31.408127,0.4280608405058273,-0.9991679149079626,0.040785755092610135,0.0,0.0,0.0
1647713363,51.0,0.3,0.289056,131794.02,102507.79,110214.87,117193.9,119214.94,121795.97,125590.98,131197.0,131793.94,100.0,384.0,31.45728,0.4280670348151154,-0.9991619722921717,0.04093107774316975,0.0,0.0,0.0
1647713364,51.0,0.3,0.289041,137424.94,102507.79,110214.87,117505.375,119327.95,122617.95,126324.96,131920.08,137424.97,100.0,640.0,31.342592,0.4280701319697594,-0.999158993058171,0.04100373874394499,0.0,0.0,0.0
1647713365,51.0,0.3,0.289054,131029.984,102507.79,110214.87,117505.375,119121.04,123931.04,126733.06,128442.94,131030.08,100.0,512.0,30.953472,0.42807322912440343,-0.9991560085401211,0.041076399527872974,0.0,0.0,0.0
1647713366,51.0,0.3,0.288823,139099.0,102507.79,110214.87,117505.375,120256.93,126209.984,132599.9,138204.97,139098.88,100.0,128.0,31.354881,0.42807632627904746,-0.9991530187380377,0.04114906009456766,0.0,0.0,0.0
1647713368,51.0,0.3,0.28906,133912.98,102507.79,110214.87,116123.03,118922.82,124311.0,129225.02,129910.92,133913.03,100.0,1024.0,32.034817,0.4280825205883355,-0.999147023281834,0.04129438057472363,0.0,0.0,0.0
1647713377,51.0,0.3,0.289167,135483.97,102507.79,110214.87,117505.375,120104.82,122895.97,127183.01,132492.06,135484.03,100.0,768.0,31.428608,0.42811039498013176,-0.9991197821734571,0.041948311880977314,0.0,0.0,0.0
1647713457,1.0,0.3,0.289077,697.001,412.00195,495.00098,504.00098,508.00098,594.999,600.001,616.00195,680.001,200.0,896.0,30.629889,0.42835816735165405,-0.9988588299179337,0.04776021246787303,0.0,0.0,0.0
1647713460,1.0,0.3,0.288867,706.00195,411.00098,491.99902,498.0,504.99902,589.999,603.99805,612.00195,683.99805,200.0,255.99997,31.277056,0.42836745881558613,-0.9988483864849507,0.04797812852134433,0.0,0.0,0.0
1647713462,1.0,0.3,0.288751,697.001,416.0,491.99902,504.00098,509.0,589.999,602.0,612.999,690.999,200.0,384.0,31.207426,0.4283736531248742,-0.9988413977842318,0.04812340462230424,0.0,0.0,0.0
1647713463,1.0,0.3,0.288694,719.0,407.99805,490.00098,497.0,501.0,586.0,600.001,686.001,696.99805,200.0,128.0,28.233728,0.4283767502795182,-0.9988378955103088,0.04819604229122511,0.0,0.0,0.0
1647713466,1.0,0.1,1.1091369,29351.145,1732.7109,19994.336,26057.445,2596.5981,18259.95,11130.18,2601.753,19505.668,100.0,65.0,49.564606,0.4283860417434503,-0.9988273569945072,0.04841395376714522,1.0,0.05,7.016666666666667
1647713473,1.0,0.65591,0.5708903,31617.027,2408.1382,23315.268,30433.055,11270.186,17922.852,17445.756,9543.704,19486.938,100.0,65.0,31.578943,0.4284077218259585,-0.9988025822448382,0.048922404898402015,1.0,0.16666666666666666,6.9
1647713477,1.0,0.43915498,0.7718291,31669.383,101.13,23856.91,32430.148,11163.542,22640.607,12808.215,2548.5684,18151.363,100.0,65.0,40.38439,0.4284201104445346,-0.998788309037,0.049212942718457234,1.0,0.23333333333333334,6.833333333333333
1647713871,1.0,0.1,1.1753011,22034.945,4785.2554,12624.431,14720.355,24897.14,165.0,175.0,34063.734,19575.463,370.9489,356.22815,50.89739,0.42964038937428184,-0.9969684715636764,0.077806598100592,1.0,6.8,0.26666666666666666
1647713876,21.91256,0.20889139,1.8134093,21387.072,6192.2305,18645.715,15632.585,18442.508,177.4043,175.0,39582.176,22666.906,181.16345,675.51996,49.503586,0.429655875147502,-0.9969401143810627,0.07816910091509141,1.0,6.883333333333334,0.18333333333333332
1647713882,14.255108,0.5555291,1.1332632,19925.88,5405.7515,17785.988,18723.146,25118.71,3103.563,175.0,41849.617,18918.72,100.0,673.9983,56.059868,0.42967445807536614,-0.996905911775875,0.07860409064617119,1.0,6.983333333333333,0.08333333333333333
1647713883,7.7140503,0.7018694,0.82928455,15646.721,9978.333,11911.121,20519.652,21546.016,599.2461,175.0,37141.266,22899.41,393.49548,425.06116,51.010185,0.42967755523001017,-0.9969001928890326,0.07867658748197921,1.0,7.0,0.06666666666666667
1647713886,1.0,0.6706409,1.3598014,21990.664,7532.2734,14170.514,15050.325,15518.072,165.0,175.0,34450.33,24808.518,465.03482,575.2873,45.802963,0.42968684669394225,-0.9968830045960054,0.07889407549138615,1.0,7.05,0.016666666666666666
1647713887,10.999998,0.3,0.299998,29100.998,21493.0,22497.0,23403.0,24006.0,25899.996,27303.0,28595.0,29008.0,200.0,640.0,29.507584,0.42968994384858633,-0.9968772646209306,0.07896657066057114,0.0,0.0,0.0
1647714283,21.0,0.3,0.299852,56488.004,41500.996,43874.01,46104.004,46983.01,49901.004,52098.99,54309.992,55511.996,200.0,384.0,29.732866,0.43091641708762163,-0.9941901679257955,0.1076378650832438,0.0,0.0,0.0
1647714289,21.0,0.3,0.299931,57198.996,41305.008,45000.008,47001.996,48694.008,50701.0,52810.0,54605.996,55595.004,200.0,255.99997,29.978624,0.4309350000154858,-0.9941431074087607,0.10807165211864497,0.0,0.0,0.0
1647714293,21.0,0.3,0.300028,56801.004,40802.004,43107.0,44910.996,47108.992,50298.0,52702.004,54104.0,56502.0,200.0,1024.0,29.683712,0.4309473886340619,-0.9941116285797302,0.10836083204994518,0.0,0.0,0.0
1647714298,21.0,0.3,0.29995,56291.004,42033.0,44386.008,46095.004,47492.996,51703.996,53300.992,54491.996,55700.0,200.0,896.0,29.749249,0.43096287440728204,-0.9940721617532405,0.10872229406722032,0.0,0.0,0.0
1647714305,21.0,0.3,0.299958,57995.008,42808.0,45012.0,47696.996,48695.0,51898.996,53793.008,56701.004,57104.992,200.0,128.0,29.986816,0.43098455448979023,-0.9940166873971339,0.10922831673164557,0.0,0.0,0.0
1647714315,21.0,0.3,0.299967,57809.004,42516.992,44499.004,46890.004,48514.004,51900.004,54297.01,55198.004,55898.0,200.0,768.0,30.306307,0.4310155260362305,-0.9939369914879657,0.10995115711920347,0.0,0.0,0.0
1647714724,31.0,0.3,0.299978,81625.984,66592.016,69695.0,71439.01,72303.01,74404.0,76005.01,78931.99,80504.01,200.0,384.0,30.564352,0.4322822622856382,-0.9902275430318722,0.13946115237248582,0.0,0.0,0.0
1647714728,31.0,0.3,0.299998,82340.97,66200.984,69650.0,71200.0,72898.0,75238.984,76812.0,78998.984,80041.02,200.0,255.99997,30.74048,0.4322946509042143,-0.9901869335331304,0.1397491919842693,0.0,0.0,0.0
1647714736,31.0,0.3,0.299948,84594.0,65421.977,69598.016,71218.98,73313.016,76396.0,78119.016,81325.01,83099.03,200.0,512.0,30.232578,0.43231942814136654,-0.9901054631822679,0.14032523570843106,0.0,0.0,0.0
1647714737,31.0,0.3,0.299899,85789.016,66601.01,69198.0,72796.016,73996.0,76541.99,79137.984,82902.04,83203.03,200.0,1024.0,30.547968,0.43232252529601056,-0.9900952558250806,0.14039723783845698,0.0,0.0,0.0
1647714749,31.0,0.3,0.299883,82396.99,66104.05,69873.984,71964.984,74200.99,77597.02,78892.03,81696.016,82201.0,200.0,128.0,30.597118,0.4323596911517389,-0.9899723591372781,0.14126120537561612,0.0,0.0,0.0
1647714753,31.0,0.3,0.299971,87499.0,68404.016,71432.03,73205.0,74405.016,78399.01,80788.01,83805.01,84800.984,200.0,896.0,30.53568,0.432372079770315,-0.9899312260351465,0.14154917068125716,0.0,0.0,0.0
1647714767,31.0,0.3,0.299948,82895.984,67001.984,70855.984,72668.0,74267.0,76300.01,78309.0,80603.99,82496.98,200.0,768.0,30.425089,0.43241543993533144,-0.9897866005593229,0.1425569547697319,0.0,0.0,0.0
1647715175,41.0,0.3,0.300066,108931.01,88499.02,92238.99,94682.92,96381.97,98928.97,101393.01,104305.02,106939.03,200.0,255.99997,31.584255,0.43367907903009506,-0.9851218265868885,0.17185746065304341,0.0,0.0,0.0
1647715177,41.0,0.3,0.299987,107524.016,89601.984,94100.01,96517.99,97725.0,100627.0,102395.96,103914.02,106514.0,200.0,384.0,31.45728,0.4336852733393831,-0.9850968205129117,0.1720007389965295,0.0,0.0,0.0
1647715180,1.0,0.74727786,0.9030286,37364.49,985.0801,17243.012,34112.984,9706.967,13623.791,26985.09,6672.3516,25666.125,100.0,65.0,53.530678,0.4336945648033152,-0.985059272329501,0.17221564968862166,1.0,0.05,7.55
1647715184,1.0,0.6307731,1.2721833,31365.16,101.13,20696.473,29037.664,8599.57,27818.838,13092.33,10838.839,18778.496,100.0,65.0,46.519108,0.4337069534218913,-0.9850091351525027,0.1725021845256425,1.0,0.11666666666666667,7.483333333333333
1647715188,1.0,0.71790636,1.1870381,33578.42,101.13,21292.26,32497.629,5092.631,20858.219,22953.033,9518.727,21632.707,100.0,65.0,44.99848,0.4337193420404674,-0.9849589146280212,0.1727887047662272,1.0,0.18333333333333332,7.416666666666667
1647715207,1.0,0.37630123,1.2546906,34097.79,101.13,20930.805,32010.496,4751.2114,24304.773,15235.925,4105.9614,18658.963,100.0,65.0,48.246056,0.433778187978704,-0.9847192290534428,0.17414947583152063,1.0,0.5,7.1
1647715218,1.5268841,0.10052067,1.4747899,36832.25,101.13,17868.8,32563.271,8643.756,19579.523,14852.551,17883.537,25257.154,100.0,65.0,54.555035,0.4338122566797883,-0.984579604423473,0.17493713886227047,1.0,0.6833333333333333,6.916666666666667
1647715230,1.0,0.48601225,0.97445273,14961.394,2565.3232,21570.107,30721.69,7910.0205,18297.312,8926.678,2210.666,8057.9185,100.0,65.0,38.97251,0.4338494225355166,-0.9844265680898917,0.17579627993435443,1.0,0.8833333333333333,6.716666666666667
1647715620,1.0,0.1,1.0374172,24987.406,101.13,16028.734,16483.557,23805.64,165.0,175.0,25952.48,20819.129,363.60052,429.82526,45.321945,0.43505731284668775,-0.979045472484584,0.203641751140177,1.0,7.383333333333334,0.21666666666666667
1647715630,1.0,0.8397489,0.96821654,11942.095,6117.5,13761.984,10490.886,25214.553,165.0,175.0,35082.703,18561.81,672.1277,865.649,54.626106,0.435088284393128,-0.9788971211532057,0.20435367918871933,1.0,7.55,0.05
1647715633,51.0,0.3,0.300058,135011.0,102507.79,110214.87,117505.375,119617.05,122492.92,126110.875,131520.97,134810.88,200.0,384.0,32.57549,0.4350975758570601,-0.9788525148007797,0.20456723654629858,0.0,0.0,0.0
1647715635,51.0,0.3,0.299953,141264.89,102507.79,110214.87,117505.375,118701.06,122599.07,124963.88,128262.984,128700.984,200.0,1024.0,32.620544,0.43510377016634816,-0.9788227513490725,0.20470960270937927,0.0,0.0,0.0
1647715636,51.0,0.3,0.299996,129757.99,102507.79,110214.87,116294.93,118463.84,120967.016,123267.05,128803.945,129461.02,200.0,640.0,32.63693,0.4351068673209922,-0.9788078618584277,0.20478078416719914,0.0,0.0,0.0
1647715673,51.0,0.3,0.300046,135998.97,102507.79,110214.87,117505.375,120256.93,125593.945,129889.914,132294.97,134397.97,200.0,128.0,32.473087,0.43522146204282125,-0.9782533123462192,0.20741373359459733,0.0,0.0,0.0
1647715685,51.0,0.3,0.29996,136103.03,102507.79,110214.87,117505.375,120256.93,126700.01,130091.89,132007.12,132697.0,200.0,896.0,32.477184,0.4352586278985496,-0.9780719372497123,0.2082673415699035,0.0,0.0,0.0
1647715696,51.0,0.3,0.299904,138494.98,102507.79,110214.87,117505.375,120256.93,124197.914,126503.03,132002.05,135494.97,200.0,768.0,32.014336,0.43529269659963393,-0.9779050224161491,0.209049676233356,0.0,0.0,0.0
1647715776,1.0,0.3,0.299907,791.99805,492.0,506.00098,582.99805,594.0,610.0,689.999,705.0,778.0,300.0,255.99997,30.593023,0.4355404689711562,-0.9766722783341679,0.21473532716706287,0.0,0.0,0.0
1647715782,1.0,0.3,0.29998,797.0,486.0,501.00098,518.001,586.001,600.001,613.0,695.00195,703.999,300.0,512.0,31.174656,0.4355590518990204,-0.976578489402848,0.21516146038650058,0.0,0.0,0.0
1647715784,1.0,0.3,0.299969,792.999,481.0,501.00098,524.0,590.0,605.001,675.0,701.0,703.999,300.0,384.0,32.137215,0.43556524620830844,-0.9765471851078009,0.21530349569394017,0.0,0.0,0.0
1647715794,1.0,0.3,0.29999,780.99805,498.0,510.0,585.001,591.001,603.99805,686.001,701.0,719.999,300.0,640.0,31.195135,0.4355962177547487,-0.9763903537778215,0.2160136038531384,0.0,0.0,0.0
1647715797,1.0,0.3,0.299946,882.0,499.99902,521.0,593.99805,599.0,622.0,692.001,710.0,779.99805,300.0,1024.0,32.079872,0.4356055092186808,-0.9763432036841234,0.21622661404143195,0.0,0.0,0.0
1647715818,1.0,0.3,0.300046,791.99805,411.00098,495.00098,501.99902,509.0,594.999,683.999,707.001,714.999,300.0,128.0,31.936512,0.43567054946620537,-0.9760118519804228,0.2177173966263265,0.0,0.0,0.0
1647715827,1.0,0.3,0.29996,710.00195,413.0,491.00098,498.0,502.99902,583.999,600.001,684.0,691.999,300.0,896.0,29.30688,0.43569842385800167,-0.9758691472414858,0.21835614821244523,0.0,0.0,0.0
1647715843,1.0,0.3,0.299917,791.0,474.00098,497.0,507.99902,519.0,603.001,682.001,705.0,779.99805,300.0,768.0,29.831167,0.4357479783323061,-0.9756144177909114,0.2194914754574788,0.0,0.0,0.0
1647716400,10.999998,0.3,0.299984,30222.998,22201.002,23292.0,24007.0,24502.0,25997.0,27493.998,28707.0,29098.0,300.0,255.99997,30.511105,0.43747309346903,-0.9659258262890684,0.2588190451025203,0.0,0.0,0.0
1647716409,10.999998,0.3,0.299978,30996.998,22394.004,23487.002,24212.0,24593.004,25792.0,27194.0,28108.996,29399.002,300.0,512.0,31.219711,0.43750096786082626,-0.9657562227462969,0.25945118659741173,0.0,0.0,0.0
1647716411,1.0,0.44193587,1.3490938,39781.363,1118.2383,27102.152,37982.555,7907.779,19957.117,47491.293,9279.4375,26279.902,100.0,65.0,45.89702,0.4375071621701143,-0.96571847688618,0.2595916474015232,1.0,0.03333333333333333,10.65
1647716414,1.0,0.5307843,0.9543613,39463.133,101.13,17221.488,43087.87,3341.5356,23151.64,27298.04,7228.701,31005.443,100.0,65.0,54.311188,0.4375164536340464,-0.96566181979226,0.25980232831039224,1.0,0.08333333333333333,10.6
1647716418,1.0,0.57890064,1.6124623,29019.494,101.13,21233.016,38050.824,4690.0186,21884.977,31215.996,15930.4,21991.691,100.0,65.0,53.289795,0.4375288422526225,-0.9655862055042406,0.2600832169516564,1.0,0.15,10.533333333333333
1647716451,1.0,0.27191108,1.5396262,23211.152,2019.4087,24224.654,27140.146,9166.253,26392.035,24771.29,14573.811,22582.426,100.0,74.04828,49.844856,0.43763104835587546,-0.9649592707016954,0.26239970633911164,1.0,0.7,9.983333333333333
1647716462,1.0,0.1,1.02744,29250.654,3996.2686,20901.035,31054.123,11348.801,20303.152,32665.748,19799.941,27825.666,100.0,65.0,51.11331,0.43766511705695976,-0.9647490572849999,0.26317153430358653,1.0,0.8833333333333333,9.8
1647716471,1.0,0.2456156,1.3061383,30100.035,5495.43,24433.102,35911.67,13252.661,20880.812,40637.133,12421.674,30788.256,100.0,65.0,45.527893,0.437692991448756,-0.9645766052969567,0.26380290467278594,1.0,1.0333333333333334,9.65
1647717042,1.0,0.1,1.6403854,23803.598,3557.2583,8482.699,18443.26,21987.777,165.0,175.0,42060.406,17644.027,392.6855,558.6415,55.744728,0.4394614667504963,-0.9527940500114294,0.30361735500925824,1.0,10.55,0.13333333333333333
1647717045,1.0,1.0208901,1.9239987,16709.293,7443.4043,11154.37,13309.5,19491.664,165.0,175.0,38884.35,17460.41,752.9897,972.4486,53.483284,0.4394707582144284,-0.9527277883057483,0.3038252151978784,1.0,10.6,0.08333333333333333
1647717050,21.0,0.3,0.300008,54695.008,43930.004,45892.004,46994.02,47594.004,49301.004,51523.0,52394.0,53802.0,300.0,512.0,30.683136,0.4394862439876486,-0.9526172513612138,0.30417161670511933,0.0,0.0,0.0
1647717057,21.0,0.3,0.300004,55931.996,43993.996,46100.016,47202.004,48295.004,50006.01,51806.996,53593.99,55504.996,300.0,1024.0,30.793728,0.43950792407015676,-0.9524622880497837,0.30465651124335225,0.0,0.0,0.0
1647717063,21.0,0.3,0.299973,58201.0,43906.984,46510.996,47686.996,48301.0,50408.004,51496.008,53101.004,55798.0,300.0,640.0,30.789633,0.4395265069980209,-0.9523292659060936,0.30507207230220373,0.0,0.0,0.0
1647717114,21.0,0.3,0.299961,55006.004,45186.992,46995.0,48296.004,49299.008,51592.996,53097.004,54310.996,54599.0,300.0,128.0,30.613504,0.4396844618848664,-0.9511912598569189,0.30860198828233015,0.0,0.0,0.0
1647717124,21.0,0.3,0.299989,55795.004,45200.996,47197.992,48202.0,48993.004,50696.0,51793.996,53504.996,54292.0,300.0,896.0,30.879745,0.43971543343130665,-0.9509665866592054,0.3092936324235272,0.0,0.0,0.0
1647717131,21.0,0.3,0.299979,56112.02,44997.992,46998.0,47992.004,48809.01,51388.004,52998.004,54797.008,55504.996,300.0,768.0,30.22848,0.43973711351381484,-0.9508090161773016,0.3097776860200742,0.0,0.0,0.0
1647717723,31.0,0.3,0.299996,85253.03,68689.0,71612.0,73107.016,74399.0,77105.01,78292.98,81008.01,81457.016,300.0,255.99997,31.608833,0.44157062906307976,-0.936595763559511,0.3504117230949566,0.0,0.0,0.0
1647717727,31.0,0.3,0.300039,86295.01,68612.0,72203.984,74295.02,75191.984,77697.98,80595.01,82803.01,84804.984,300.0,384.0,30.920704,0.44158301768165586,-0.9364937932970522,0.35068415292980953,0.0,0.0,0.0
1647717739,31.0,0.3,0.299976,87394.01,69605.984,72197.016,74507.01,75478.984,79584.01,81484.0,83895.0,86700.01,300.0,512.0,31.371264,0.4416201835373842,-0.936187407090354,0.351501264301339,0.0,0.0,0.0
1647717744,31.0,0.3,0.299977,83988.01,68398.0,72096.97,74403.984,75491.0,78498.0,80701.01,82780.0,83485.016,300.0,640.0,31.62112,0.44163566931060433,-0.9360595357389734,0.3518416484047015,0.0,0.0,0.0
1647717745,31.0,0.3,0.299986,89253.02,69398.0,72401.0,75199.98,76556.03,79296.0,82097.0,84796.984,85656.0,300.0,1024.0,31.449087,0.44163876646524836,-0.9360339466171126,0.35190971964467316,0.0,0.0,0.0
1647717812,31.0,0.3,0.299946,89697.016,70598.984,74000.02,75203.016,76206.0,78790.984,80601.01,83602.016,84412.01,300.0,128.0,31.166464,0.4418462758263983,-0.934308205672852,0.35646623516453224,0.0,0.0,0.0
1647717827,31.0,0.3,0.299971,85891.016,72183.984,74395.96,75708.02,76498.98,79095.99,79995.984,82291.016,82998.016,300.0,896.0,31.383553,0.4418927331460587,-0.9339188055356066,0.3574851950318305,0.0,0.0,0.0
1647718430,41.0,0.3,0.30014,119132.03,94893.87,97905.03,99630.97,100702.02,104605.02,106877.984,111228.945,112691.96,300.0,255.99997,32.088062,0.4437603173964079,-0.9173498103720259,0.39808205863918084,0.0,0.0,0.0
1647718432,41.0,0.3,0.300165,113592.055,95003.97,98090.016,99888.03,101164.984,104094.03,106492.01,108502.05,110586.95,300.0,384.0,31.719423,0.443766511705696,-0.9172919019809571,0.39821547754972836,0.0,0.0,0.0
1647718447,41.0,0.3,0.300056,112700.0,94785.055,98394.92,99904.02,100787.945,103797.01,106799.92,110188.0,111282.93,300.0,512.0,32.22323,0.4438129690253564,-0.9168569706179529,0.3992158506738808,0.0,0.0,0.0
1647718452,1.0,0.878008,1.0518124,28697.56,101.13,17391.898,37665.047,4005.5898,9115.99,43820.96,6618.625,25411.906,100.0,65.0,53.600327,0.4438284547985765,-0.9167117510316201,0.39954920287812,1.0,0.08333333333333333,11.733333333333333
1647718456,1.0,0.1,1.3306136,29275.488,101.13,27359.438,27094.162,6479.789,18603.207,40135.07,9330.8,25608.496,100.0,65.0,48.429913,0.4438408434171527,-0.9165954880971426,0.3998158466093619,1.0,0.15,11.666666666666666
1647718529,1.0,0.2833714,0.9452568,30025.42,101.13,18496.395,24542.809,9792.127,22221.559,29628.232,24588.06,26083.607,100.0,65.0,67.04541,0.44406693570616673,-0.9144600758604042,0.40467612933972724,1.0,1.3666666666666667,10.45
1647718540,1.0,0.1,0.5891471,25493.352,101.13,24577.84,29295.361,7213.3486,15742.457,24545.7,24328.707,21407.486,100.0,65.0,47.896763,0.44410100440725103,-0.9141360656452584,0.405407515330695,1.0,1.55,10.266666666666667
1647718554,5.4390545,0.1,0.84849215,24174.467,101.13,18035.434,27668.74,16586.406,17921.266,23621.598,17350.121,24650.562,100.0,65.0,56.891277,0.44414436457226747,-0.9137228430141442,0.4063379949674282,1.0,1.7833333333333334,10.033333333333333
1647719120,1.0,0.1,1.9239987,36175.383,634.9697,13633.18,18150.504,27169.105,165.0,255.9873,37891.594,26407.934,120.11084,416.2197,50.229374,0.4458973541007876,-0.8962285103138634,0.44359267047663586,1.0,11.216666666666667,0.6
1647719126,1.0,0.33061475,0.63068223,33566.023,2146.8506,4336.6553,23991.201,26611.074,165.0,175.0,39172.36,34961.035,134.15244,383.5608,65.40337,0.4459159370286518,-0.8960348711894378,0.4439836816962168,1.0,11.316666666666666,0.5
1647719142,1.0,0.704182,1.7937802,23142.037,9242.382,14093.082,15521.057,24190.521,165.0,175.0,50606.14,15871.316,801.74365,748.8852,41.59315,0.4459654915029562,-0.8955176662839572,0.4450259648305197,1.0,11.583333333333334,0.23333333333333334
1647719156,51.0,0.3,0.300038,143789.94,102507.79,110214.87,117505.375,120256.93,129390.15,133594.97,136693.78,140182.78,300.0,640.0,33.5872,0.44600885166797266,-0.8950641174199006,0.4459374683824343,0.0,0.0,0.0
1647719173,51.0,0.3,0.299996,140998.88,102507.79,110214.87,117505.375,120256.93,130807.96,133104.1,136288.88,138774.0,300.0,1024.0,33.161217,0.4460615032969211,-0.8945121322700859,0.44704367261110456,0.0,0.0,0.0
1647719248,51.0,0.3,0.299969,137104.06,102507.79,110214.87,117505.375,120256.93,129813.95,132288.97,135098.94,136701.95,300.0,128.0,33.161217,0.4462937898952233,-0.8920605945140399,0.4519158060029077,0.0,0.0,0.0
1647719259,51.0,0.3,0.300442,143086.0,102507.79,110214.87,117505.375,120256.93,128808.07,131586.05,135894.97,138195.94,300.0,768.0,33.28,0.4463278585963076,-0.8916988024411917,0.452629258582501,0.0,0.0,0.0
1647719272,51.0,0.3,0.300313,138470.06,102507.79,110214.87,117505.375,120256.93,130494.14,132797.14,136901.84,137668.94,300.0,896.0,33.61997,0.44636812160667994,-0.8912704943531872,0.4534720563556539,0.0,0.0,0.0
1647719336,1.0,0.3,0.300251,897.99805,501.00098,584.0,597.999,606.0,693.0,702.0,718.999,798.00195,400.0,384.0,31.87917,0.4465663395038978,-0.8891502939943066,0.4576152911451257,0.0,0.0,0.0
1647719340,1.0,0.3,0.300065,817.999,499.99902,575.0,593.0,600.999,687.001,703.001,783.00195,793.001,400.0,255.99997,30.248959,0.4465787281224739,-0.8890171414857366,0.45787391511695635,0.0,0.0,0.0
1647719349,1.0,0.3,0.300336,977.999,492.99902,508.99902,590.0,597.999,626.0,695.999,710.0,786.0,400.0,512.0,30.26944,0.44660660251427015,-0.8887172733171145,0.45845567736455534,0.0,0.0,0.0
1647719363,1.0,0.3,0.290098,809.99805,492.0,508.99902,589.0,596.001,617.001,696.999,774.0,794.00195,400.0,640.0,30.420992,0.4466499626792865,-0.8882500550723011,0.4593602504179633,0.0,0.0,0.0
1647719380,1.0,0.3,0.299914,901.9971,495.0,508.0,582.001,591.999,605.001,692.999,706.001,782.0,400.0,1024.0,32.20685,0.44670261430823505,-0.8876814808855943,0.4604580203370969,0.0,0.0,0.0
1647719452,1.0,0.3,0.299861,1005.0,490.0,505.0,575.999,586.999,611.001,694.001,710.0,772.0,400.0,128.0,30.298113,0.44692560944260507,-0.8852583712271186,0.4650995766202214,0.0,0.0,0.0
1647719467,1.0,0.3,0.300442,805.99805,492.99902,510.0,585.001,594.0,614.999,689.999,779.001,794.00195,400.0,768.0,30.621696,0.44697206676226553,-0.884750499702994,0.46606496679680015,0.0,0.0,0.0
1647719489,1.0,0.3,0.300313,985.999,498.0,586.0,604.00195,611.0,693.999,703.001,789.001,801.0,400.0,896.0,32.948223,0.44704020416443413,-0.88400371728505,0.467479868899414,0.0,0.0,0.0
1647720143,10.999998,0.3,0.299985,29900.998,21394.0,22496.0,23205.0,23696.0,25303.0,26402.998,27896.004,28791.0,400.0,255.99997,31.645695,0.4490657433016288,-0.8607790432642863,0.5089788194778049,0.0,0.0,0.0
1647720147,10.999998,0.3,0.299982,29692.996,21597.0,22608.0,23302.998,23803.002,25702.998,26496.0,27797.0,29001.002,400.0,384.0,30.932993,0.4490781319202049,-0.8606309509115094,0.5092291884143634,0.0,0.0,0.0
1647720149,10.999998,0.3,0.299975,29401.0,21505.0,22513.998,23292.0,23612.0,24701.0,25609.004,27098.0,27505.998,400.0,512.0,31.031296,0.44908432622949296,-0.8605568774256738,0.5093543567256237,0.0,0.0,0.0
1647720160,1.0,0.1,0.6197021,19236.336,101.13,21337.707,25127.328,2001.666,18320.09,34160.28,5555.0923,18312.713,141.21417,65.0,62.81845,0.44911839493057726,-0.8601491478953655,0.5100425897656752,1.0,0.18333333333333332,13.816666666666666
1647720180,1.0,0.57228553,1.0624632,32409.357,101.13,17104.096,33616.562,6544.588,16228.59,36058.008,7204.365,27371.77,100.0,65.0,50.773182,0.44918033802345786,-0.859406411501453,0.5112930860770515,1.0,0.5166666666666667,13.483333333333333
1647720275,1.0,0.1,1.2449385,37839.75,101.13,20059.26,22744.637,10177.224,17966.791,37873.89,21912.672,24303.797,100.0,65.0,57.245758,0.44947456771464056,-0.8558536136777174,0.5172181280222035,1.0,2.1,11.9
1647720291,1.0,0.1,1.1810846,25512.926,101.13,23450.176,21376.777,11293.189,13610.445,34126.414,19035.959,23639.947,100.0,65.0,60.21981,0.449524122188945,-0.855251223843645,0.518213608576567,1.0,2.3666666666666667,11.633333333333333
1647720315,1.0,0.31230128,1.2249328,18452.574,101.13,18689.982,41108.246,13688.006,10340.606,40150.523,17730.646,24092.07,100.0,65.0,50.033638,0.4495984539004017,-0.8543454683112273,0.519705513513249,1.0,2.7666666666666666,11.233333333333333
1647720962,1.0,0.1,1.8822975,25129.324,4562.3926,11321.474,19115.586,26391.52,165.0,175.0,36479.426,24594.506,383.1277,751.5446,61.22351,0.4516023129550882,-0.8289562324756086,0.5593134761829405,1.0,13.55,0.45
1647720982,1.0,0.40648708,1.5423231,27124.418,3500.1323,12660.574,25696.371,15162.092,165.0,1091.0098,22173.523,26405.146,345.1961,522.22894,47.234333,0.4516642560479687,-0.8281418675002361,0.5605185521400887,1.0,13.883333333333333,0.11666666666666667
1647720984,1.0,0.8329082,1.9239987,39764.41,315.52637,16446.662,16935.025,19610.568,165.0,175.0,40464.688,18787.379,833.3285,664.9384,53.521084,0.4516704503572568,-0.8280603346224944,0.5606389945632418,1.0,13.916666666666666,0.08333333333333333
1647720989,21.0,0.3,0.300004,55504.004,42302.004,44394.004,46302.004,47102.004,49701.0,51596.004,53996.0,54805.992,400.0,640.0,31.756289,0.4516859361304769,-0.82785642579601,0.5609400487291448,0.0,0.0,0.0
1647721003,21.0,0.3,0.299994,57106.0,41835.0,43698.008,45399.992,46704.0,49797.996,51703.004,54206.004,55393.0,400.0,1024.0,31.526913,0.45172929629549335,-0.8272848988785263,0.5617826057182143,0.0,0.0,0.0
1647721128,21.0,0.3,0.299973,58489.0,43698.0,46205.996,47692.004,48600.004,51106.0,53002.0,55102.0,56698.996,400.0,128.0,31.830015,0.4521164406259969,-0.8221440410307378,0.5692795234308438,0.0,0.0,0.0
1647721146,21.0,0.3,0.299969,61004.996,43501.01,46091.004,48209.004,49002.996,51791.004,53500.996,55296.0,56396.99,400.0,768.0,31.944702,0.4521721894095894,-0.8213981517292407,0.5703552194341587,0.0,0.0,0.0
1647721181,21.0,0.3,0.299946,59197.004,44206.016,46700.992,48702.992,49596.99,51901.996,53494.004,55798.996,56502.0,400.0,896.0,32.116737,0.45228058982213043,-0.8199437835509464,0.5724440512540582,0.0,0.0,0.0
1647721832,31.0,0.3,0.300031,88086.02,65696.0,68505.0,70696.0,71902.016,74905.984,77909.016,81499.984,84809.016,400.0,255.99997,32.44032,0.45429683749539296,-0.7919345412270308,0.610605996049443,0.0,0.0,0.0
1647721862,31.0,0.3,0.299998,85061.984,66111.0,69107.96,71206.016,73101.02,75567.01,78463.99,80503.016,82102.016,400.0,640.0,32.40755,0.45438975213471383,-0.7906005219870866,0.6123322746954843,0.0,0.0,0.0
1647721866,31.0,0.3,0.300023,83700.99,66499.99,69999.016,71897.01,73005.0,75737.984,78391.99,80436.99,81628.016,400.0,512.0,32.46899,0.45440214075328994,-0.7904223683023982,0.6125622251553128,0.0,0.0,0.0
1647721869,31.0,0.3,0.29999,86048.0,66899.016,70198.0,71793.0,73192.016,76490.0,79497.984,83310.016,85104.01,400.0,384.0,32.05939,0.454411432217222,-0.7902887091465209,0.6127346539861489,0.0,0.0,0.0
1647721883,31.0,0.3,0.299971,86905.0,66703.99,70409.98,71898.016,72698.0,75993.03,78503.97,81699.0,83505.01,400.0,1024.0,31.81773,0.45445479238223846,-0.7896644691686715,0.6135389361177987,0.0,0.0,0.0
1647722024,31.0,0.3,0.299991,87699.0,68198.0,71302.99,73170.99,74163.0,78292.05,80596.0,82459.01,83604.01,400.0,128.0,32.866302,0.45489149118704647,-0.7833319555900521,0.621603609506464,0.0,0.0,0.0
1647722055,31.0,0.3,0.300021,87799.01,69787.01,72804.0,75076.02,76699.016,79308.99,81201.01,83395.02,85308.0,400.0,768.0,31.977472,0.45498750298101137,-0.7819286332415923,0.6233679591677257,0.0,0.0,0.0
1647722088,31.0,0.3,0.299941,87190.01,69194.04,72103.99,74196.97,75489.0,78705.01,80792.99,82995.0,84087.99,400.0,896.0,32.641026,0.45508970908426427,-0.78043040733833,0.6252426563357049,0.0,0.0,0.0
1647722740,41.0,0.3,0.300011,113394.0,92400.02,95295.945,97899.99,99002.95,102302.97,105193.97,108005.945,110506.06,400.0,255.99997,32.845825,0.4571090539121709,-0.749918670073619,0.6615300358071541,0.0,0.0,0.0
1647722770,41.0,0.3,0.300139,109600.99,92360.984,95397.99,97505.99,98800.97,102152.016,104894.03,107001.96,108095.99,400.0,640.0,33.660927,0.45720196855149176,-0.7484736518918557,0.6631645289245115,0.0,0.0,0.0
1647722781,41.0,0.3,0.30009,114683.945,91490.89,95456.93,97593.945,99198.99,103599.01,106004.016,108411.0,110602.97,400.0,384.0,32.92365,0.45723603725257606,-0.7479429189311212,0.6637630526180214,0.0,0.0,0.0
1647722784,1.0,0.58635503,1.5770593,20206.184,101.13,21645.086,36041.945,1289.4248,13173.449,56443.99,7119.8955,22689.762,139.45383,65.0,53.35357,0.45724532871650814,-0.7477980904985319,0.6639262126522416,1.0,0.05,15.516666666666667
1647722799,1.0,0.1,1.4043411,29231.846,101.13,17997.807,33745.207,9370.904,21206.566,50749.547,14596.447,30731.734,100.0,65.0,67.269035,0.45729178603616855,-0.7470734145852527,0.6647415386598999,1.0,0.3,15.266666666666667
1647722944,1.0,0.1,0.9333645,24066.18,101.13,12762.808,32282.105,12879.451,18185.656,33935.777,12508.309,23219.691,100.0,65.0,54.786182,0.4577408734595527,-0.7400225125962797,0.67258209971028,1.0,2.716666666666667,12.85
1647722978,1.0,0.43844253,0.8613174,12503.014,101.13,21198.316,27252.54,11722.658,15263.971,27292.582,20594.297,26179.965,100.0,65.0,49.714745,0.4578461767174497,-0.7383572595087806,0.6744097844268596,1.0,3.283333333333333,12.283333333333333
1647723010,1.0,0.1,1.4631859,22403.537,2408.228,18502.562,35849.367,16385.918,12538.133,36989.8,24442.148,16623.477,100.0,65.0,48.442997,0.4579452856660586,-0.7367858388357789,0.6761261921350612,1.0,3.816666666666667,11.75
1647723665,1.0,0.1,1.6850414,34617.38,787.9336,8130.2314,21521.316,26269.648,165.0,175.0,37446.695,23817.646,138.6998,103.14581,60.72561,0.45997392195789727,-0.703756447232244,0.7104413156475697,1.0,14.733333333333333,0.8333333333333334
1647723687,1.0,0.1,1.4405751,39421.047,101.13,9712.825,24488.812,26478.918,165.0,175.0,44835.586,19678.191,531.42303,469.60043,73.23541,0.4600420593600659,-0.7026189225292043,0.7115663354205987,1.0,15.1,0.4666666666666667
1647723705,1.0,1.2495062,1.9239987,21749.871,7664.133,11729.671,23158.113,17344.447,165.0,175.0,46953.766,23936.39,657.2722,828.28186,55.824646,0.4600978081436584,-0.7016868826810594,0.712485451552056,1.0,15.4,0.16666666666666666
1647723715,51.0,0.3,0.300053,142413.97,102507.79,110214.87,117505.375,120256.93,128803.055,133102.1,138001.84,140490.97,400.0,512.0,34.738174,0.4601287796900987,-0.7011685631415365,0.7129955442091017,0.0,0.0,0.0
1647723729,51.0,0.3,0.300073,139398.97,102507.79,110214.87,117505.375,120256.93,128600.22,131697.11,134606.02,137790.95,400.0,1024.0,34.054146,0.4601721398551151,-0.7004422928822086,0.7137090403952541,0.0,0.0,0.0
1647723914,51.0,0.3,0.300103,150196.9,102507.79,110214.87,117505.375,120256.93,130807.96,137599.88,140297.03,142907.9,400.0,128.0,34.566143,0.4607451134642604,-0.6907772524607713,0.7230676230358734,0.0,0.0,0.0
1647723937,1.0,0.3,0.299979,810.999,505.00098,592.00195,608.0,620.001,694.99805,706.001,786.0,792.0,500.0,255.99997,32.608257,0.460816348021073,-0.6895668786483062,0.7242220100709672,0.0,0.0,0.0
1647723953,1.0,0.3,0.300342,886.001,498.99902,577.0,596.001,605.0,696.999,703.999,783.999,794.99805,500.0,640.0,34.2016,0.4608659024953775,-0.6887237414789056,0.7250238671404533,0.0,0.0,0.0
1647723955,51.0,0.3,0.30003,150604.97,102507.79,110214.87,117505.375,120256.93,130807.96,137410.16,141702.05,144293.95,400.0,768.0,34.439167,0.46087209680466557,-0.6886182837476746,0.7251240302792392,0.0,0.0,0.0
1647723969,1.0,0.3,0.299929,809.99805,497.00098,572.0,593.0,601.999,690.999,702.0,773.001,796.001,500.0,384.0,33.542145,0.46091545696968195,-0.6878796718773927,0.7258247426327175,0.0,0.0,0.0
1647723979,1.0,0.3,0.289746,813.0,498.99902,518.0,593.0,599.999,685.001,696.999,712.00195,784.9971,500.0,512.0,31.584255,0.4609464285161222,-0.6873516553834761,0.7263247908763649,0.0,0.0,0.0
1647723989,51.0,0.3,0.300214,152491.98,102507.79,110214.87,117505.375,120256.93,130807.96,138638.56,145194.89,149511.05,400.0,896.0,34.697216,0.46097740006256255,-0.6868232753838674,0.7268244550033909,0.0,0.0,0.0
1647723992,1.0,0.3,0.299963,800.999,498.0,510.99805,590.999,601.999,688.999,698.99805,707.001,718.999,500.0,1024.0,33.140736,0.46098669152649463,-0.6866646905421451,0.7269742792992474,0.0,0.0,0.0
1647724188,1.0,0.3,0.300103,806.999,506.99902,590.999,602.0,608.0,694.99805,703.001,778.0,796.9971,500.0,128.0,33.82067,0.4615937338367242,-0.6762333461397156,0.7366874924747152,0.0,0.0,0.0
1647724219,1.0,0.3,0.30003,799.0,497.00098,515.0,593.99805,599.0,688.999,703.001,718.001,782.0,500.0,768.0,31.49824,0.4616897456306891,-0.6745708529412495,0.7382101085477732,0.0,0.0,0.0
1647724266,1.0,0.3,0.300086,892.0,508.00098,590.999,604.999,614.0,697.999,708.0,787.00195,794.99805,500.0,896.0,34.435074,0.46183531189895843,-0.6720437623526523,0.7405114323782529,0.0,0.0,0.0
1647724989,10.999998,0.3,0.300035,33304.0,22403.0,23408.0,24492.0,25104.0,27097.0,28596.004,30289.996,30809.002,500.0,255.99997,32.89088,0.46407455470659104,-0.6321983542829286,0.7748065828592041,0.0,0.0,0.0
1647725010,10.999998,0.3,0.299985,33192.008,22403.996,23799.002,24695.0,25402.0,27794.002,28797.002,30001.998,30901.0,500.0,640.0,32.530434,0.46413959495411566,-0.6310143615084456,0.7757711489673284,0.0,0.0,0.0
1647725032,10.999998,0.3,0.300014,33694.0,22508.0,23801.002,24795.998,25396.004,27700.002,29194.998,30692.002,31603.002,500.0,384.0,32.4608,0.46420773235628426,-0.6297724097164503,0.7767797061972818,0.0,0.0,0.0
1647725035,1.0,0.25059593,0.8157089,3732.4004,101.13,20218.793,19605.271,6616.7715,21857.684,52112.47,9718.158,19410.16,214.73969,65.0,60.41302,0.46421702382021635,-0.6296029276873745,0.7769170827363026,1.0,0.05,17.283333333333335
1647725043,1.0,0.1,0.7740965,10869.043,101.13,29673.312,22783.523,9178.266,15745.758,43107.04,19666.934,22569.662,100.0,65.0,63.064198,0.4642418010573686,-0.6291508291270176,0.7772832393721006,1.0,0.18333333333333332,17.15
1647725263,1.0,0.1,1.5629085,22608.209,101.13,23734.367,32241.096,20094.89,15299.885,48979.113,22390.238,18174.967,235.70514,164.05127,57.60668,0.4649231750790549,-0.6166352025018097,0.7872490247917441,1.0,3.85,13.483333333333333
1647725303,1.0,0.33990818,0.33967784,15184.22,101.13,24610.8,15592.961,29217.996,9799.445,37224.754,19567.0,12861.165,100.0,65.0,56.86805,0.465047061264816,-0.6143425822885512,0.7890394106678288,1.0,4.516666666666667,12.816666666666666
1647725346,1.0,0.1,0.8436693,5785.1343,1918.9541,12012.063,21745.504,18834.47,4151.0454,30180.393,28784.682,18015.514,100.0,65.0,58.098984,0.4651802389145092,-0.6118722183560574,0.790956628649155,1.0,5.233333333333333,12.1
1647726026,1.0,0.1,1.3858907,44424.527,6255.9805,9658.069,37756.31,20010.545,165.0,175.0,33992.297,24161.473,234.6474,65.0,48.2963,0.46728630407244864,-0.5720265811393507,0.8202350824428482,1.0,16.566666666666666,0.7666666666666667
1647726049,1.0,0.4508445,1.6835729,33295.195,3395.42,15548.666,39843.61,20300.387,165.0,2841.791,25999.48,22835.145,301.14047,643.6262,59.34998,0.46735753862926127,-0.570653850519753,0.821190710424186,1.0,16.95,0.38333333333333336
1647726070,1.0,1.1358539,1.7018864,34439.78,10429.921,17179.492,20006.936,18813.96,165.0,175.0,41017.453,18622.328,818.3102,656.7059,59.892685,0.4674225788767859,-0.5693990934128368,0.8220612339848168,1.0,17.3,0.03333333333333333
1647726072,21.0,0.3,0.299973,52820.996,42898.008,44699.0,45410.996,46105.992,47693.008,49104.996,50722.992,51602.008,500.0,512.0,32.23552,0.46742877318607395,-0.5692795234308449,0.822144041030737,0.0,0.0,0.0
1647726082,21.0,0.3,0.29999,59330.008,42894.0,44692.992,45602.0,46299.992,48900.0,50294.008,51999.996,53587.992,500.0,1024.0,32.35021,0.4674597447325142,-0.5686814929334982,0.8225578153509501,0.0,0.0,0.0
1647726327,21.0,0.3,0.300017,55001.996,44300.004,45899.0,46697.0,47405.004,48718.01,49998.996,51802.008,53998.01,500.0,128.0,32.4608,0.46821854762030124,-0.553936576354001,0.8325588684154461,0.0,0.0,0.0
1647726364,21.0,0.3,0.299993,54394.004,43984.0,45505.004,47003.996,47595.0,49191.0,50401.996,51603.99,52804.996,500.0,768.0,32.13312,0.4683331423421303,-0.5516943944111299,0.8340463387458377,0.0,0.0,0.0
1647726409,21.0,0.3,0.300009,56306.0,44206.016,45609.008,46606.008,47405.996,49399.984,50594.004,52189.996,53302.004,500.0,896.0,32.505856,0.4684725143011116,-0.5489620349198981,0.8358472852241637,0.0,0.0,0.0
1647727049,31.0,0.3,0.300045,76202.0,62604.01,64904.0,66288.0,67004.01,68809.99,70388.0,72205.01,73083.0,500.0,255.99997,33.5872,0.4704546932732898,-0.5094795142620102,0.8604827857356278,0.0,0.0,0.0
1647727084,31.0,0.3,0.299988,78907.0,63320.98,65294.99,66908.0,67812.01,70297.99,72102.97,73991.01,76103.984,500.0,640.0,32.968704,0.4705630936858308,-0.5072877037283039,0.8617767609108896,0.0,0.0,0.0
1647727099,31.0,0.3,0.300013,78893.0,62901.01,64895.004,65799.01,66999.02,69502.0,70999.99,73592.02,75606.98,500.0,384.0,32.976894,0.47060955100549123,-0.5063473494825106,0.86232961312484,0.0,0.0,0.0
1647727115,31.0,0.3,0.30002,78796.99,63400.027,66007.0,67497.0,68595.0,70799.984,72299.016,73514.01,74500.98,500.0,512.0,32.78029,0.4706591054797957,-0.5053436408826907,0.8629181911510652,0.0,0.0,0.0
1647727117,31.0,0.3,0.300021,76906.984,63405.01,64996.0,66407.984,67398.0,69093.0,70810.01,72800.0,74394.99,500.0,1024.0,32.882687,0.4706652997890838,-0.5052181291746923,0.8629916812769541,0.0,0.0,0.0
1647727393,31.0,0.3,0.30001,79702.99,65294.0,68000.99,69189.0,69997.0,72600.03,74411.984,76202.016,77597.984,500.0,128.0,32.96051,0.47152011447083564,-0.48779617716392615,0.8729575531171373,0.0,0.0,0.0
1647727435,31.0,0.3,0.29999,83998.984,65495.02,67804.016,69295.016,70311.02,72613.016,74394.984,76300.97,78487.0,500.0,768.0,32.69427,0.47165019496588484,-0.48512760889024525,0.874443367573014,0.0,0.0,0.0
1647727481,31.0,0.3,0.299969,81299.01,65490.02,67599.0,69207.0,69898.016,72302.016,73899.01,76204.016,77905.98,500.0,896.0,32.91136,0.47179266407951015,-0.4821996994032071,0.8760613277022657,0.0,0.0,0.0
1647728153,41.0,0.3,0.300137,112804.0,89379.97,92402.98,94987.97,96892.96,100598.99,103206.97,106311.99,110803.95,500.0,255.99997,34.299904,0.4738739520002973,-0.43882862500302244,0.8985707751078691,0.0,0.0,0.0
1647728195,41.0,0.3,0.300017,111594.01,90301.01,93067.95,95195.984,96097.0,99296.97,101094.984,104294.97,107299.0,500.0,640.0,33.525764,0.4740040324953465,-0.4360820541229427,0.8999069074476064,0.0,0.0,0.0
1647728218,41.0,0.3,0.300005,110290.03,90612.02,93491.95,95598.945,96589.02,99704.97,101688.02,103707.984,107087.016,500.0,384.0,34.258945,0.4740752670521592,-0.4345762540575234,0.900635042294786,0.0,0.0,0.0
1647728219,1.0,0.1,0.9673716,6222.098,101.13,21735.578,23440.854,6124.5747,18415.51,53722.844,20187.016,21936.39,100.0,65.0,73.23541,0.4740783642068032,-0.4345107568799246,0.9006666431902733,1.0,0.016666666666666666,19.533333333333335
1647728231,1.0,0.47788724,0.30139083,3594.3916,101.13,26658.676,30622.365,16603.703,23624.88,58286.363,17181.604,23110.621,100.0,65.0,55.44055,0.47411553006253154,-0.43372461161093495,0.901045482360876,1.0,0.21666666666666667,19.333333333333332
1647728527,1.0,0.1,0.71755826,18405.48,2603.9585,15465.262,26176.73,15417.43,12066.39,44001.562,29215.701,23910.2,100.0,65.0,50.40412,0.475032287837164,-0.41422996918813,0.9101722543707872,1.0,5.15,14.4
1647728559,1.0,0.5153189,1.4921695,2030.707,3681.1606,11387.096,26285.367,8466.85,9047.067,40340.96,19163.447,24392.648,100.0,382.84485,68.178955,0.47513139678577293,-0.41211078247233546,0.911133745928686,1.0,5.683333333333334,13.866666666666667
1647728609,1.0,0.1,1.7054816,11470.597,2688.6846,12766.291,26992.541,17364.297,8805.14,26210.36,17845.002,19479.637,100.0,65.0,59.188713,0.47528625451797435,-0.4087950896772777,0.9126261965644787,1.0,6.516666666666667,13.033333333333333
1647729312,1.0,0.1,1.9239987,46342.867,1564.7314,15286.989,27472.053,27224.414,165.0,175.0,48111.793,12743.584,257.7622,272.38293,48.38759,0.4774635542327264,-0.3616245700820926,0.9323238012155121,1.0,18.233333333333334,1.3166666666666667
1647729367,1.0,0.1,1.6457002,37948.742,3307.6934,14714.8125,38276.336,25361.371,165.0,175.0,34766.062,27117.473,610.10156,210.1268,54.659798,0.47763389773814796,-0.3578926599414049,0.9337627342960662,1.0,19.15,0.4
1647729387,1.0,0.71496546,1.9239987,36832.164,3551.67,19515.676,26020.666,25082.098,165.0,175.0,51951.977,14902.958,881.83276,687.62933,54.983498,0.4776958408310285,-0.3565341790319603,0.9342822802461824,1.0,19.483333333333334,0.06666666666666667
1647729391,51.0,0.3,0.300105,143801.95,102507.79,110214.87,117505.375,120256.93,127711.086,130408.84,133403.97,136604.97,500.0,384.0,34.725887,0.47770822944960467,-0.3562623922526645,0.9343859523057957,0.0,0.0,0.0
1647729392,51.0,0.3,0.300126,141795.06,102507.79,110214.87,117505.375,120256.93,129115.92,133006.88,134794.98,136000.86,500.0,512.0,34.553856,0.4777113266042487,-0.3561944408467114,0.9344118579672984,0.0,0.0,0.0
1647729675,1.0,0.3,0.300012,894.999,599.0,614.0,686.0,691.999,703.0,779.001,794.99805,799.00195,600.0,255.99997,33.394684,0.47858782136850875,-0.33688985339222,0.9415440651830208,0.0,0.0,0.0
1647729723,1.0,0.3,0.299987,879.999,595.0,607.0,617.999,681.0,698.99805,708.0,791.0,794.99805,600.0,640.0,32.48947,0.4787364847914221,-0.3336011988203198,0.9427142940178883,0.0,0.0,0.0
1647729739,1.0,0.3,0.300213,901.9971,591.0,604.001,614.999,684.0,696.999,706.001,789.001,799.00195,600.0,1024.0,34.13197,0.4787860392657266,-0.33250407535491194,0.9431018184015844,0.0,0.0,0.0
1647729743,1.0,0.3,0.299948,893.999,591.999,605.0,614.001,678.999,696.999,707.0,790.0,796.9971,600.0,512.0,31.698942,0.4787984278843027,-0.3322297240926621,0.9431985000143467,0.0,0.0,0.0
1647729748,1.0,0.3,0.299977,897.99805,593.999,607.0,618.999,685.0,698.99805,710.001,786.0,802.001,600.0,384.0,31.866879,0.47881391365752285,-0.33188674548516456,0.9433192397970401,0.0,0.0,0.0
1647729789,51.0,0.3,0.30161,160999.81,102507.79,110214.87,117505.375,120256.93,130807.96,138638.56,151036.95,156391.86,500.0,128.0,34.59072,0.478940896997928,-0.3290726698734863,0.9443046001912389,0.0,0.0,0.0
1647729829,51.0,0.3,0.300257,167502.78,102507.79,110214.87,117505.375,120256.93,130807.96,138638.56,151036.95,156305.08,500.0,768.0,33.890305,0.47906478318368917,-0.3263244107726124,0.9452578372771671,0.0,0.0,0.0
1647729872,51.0,0.3,0.301458,166213.06,102507.79,110214.87,117505.375,120256.93,130807.96,138638.56,151036.95,159055.95,500.0,896.0,34.574337,0.4791979608333824,-0.32336695326149134,0.9462736462241673,0.0,0.0,0.0
1647730128,1.0,0.3,0.301385,893.0,521.001,599.0,611.0,621.99805,694.99805,709.0029,792.0,802.001,600.0,128.0,33.66912,0.47999083242225365,-0.30569530496310526,0.9521293927421388,0.0,0.0,0.0
1647730162,1.0,0.3,0.300088,813.99805,510.00098,590.999,602.0,610.0,694.99805,707.0,792.99805,796.9971,600.0,768.0,32.8704,0.48009613568015064,-0.3033401856132962,0.9528823284079158,0.0,0.0,0.0
1647730208,1.0,0.3,0.301201,889.999,510.99902,596.001,606.001,616.0,696.999,711.0,791.0,794.00195,600.0,896.0,33.26771,0.48023860479377595,-0.3001508986158053,0.9538917328817378,0.0,0.0,0.0
1647730932,10.999998,0.3,0.300027,30502.998,22694.0,23890.0,24501.0,24806.998,26101.002,27294.998,28500.0,29399.002,600.0,255.99997,33.386497,0.48248094475605263,-0.24953504062554288,0.9683657694796985,0.0,0.0,0.0
1647730979,10.999998,0.3,0.300053,31795.998,22703.996,23511.0,24340.998,24901.996,26394.0,27596.004,29109.002,29895.002,600.0,640.0,33.394684,0.48262651102432197,-0.2462237768388177,0.9692130063712662,0.0,0.0,0.0
1647730981,10.999998,0.3,0.300019,29803.002,22292.0,23395.0,24301.996,24796.0,26096.998,26999.0,27900.0,28900.004,600.0,1024.0,32.661503,0.48263270533361,-0.24608280791738807,0.9692488079164678,0.0,0.0,0.0
1647730995,1.0,0.1,1.0631866,218.0,816.9033,24802.75,27285.736,153.0,23856.227,42716.562,21037.809,25208.822,291.852,65.0,52.67734,0.4826760654986264,-0.2450958798766752,0.9694988445931632,1.0,0.23333333333333334,20.133333333333333
1647731002,1.0,0.34636128,0.7493739,9823.002,101.13,20623.592,35298.75,3468.6714,23662.285,50023.883,14627.596,17570.281,100.0,65.0,71.13138,0.4826977455811346,-0.24460232052250222,0.9696234860991183,1.0,0.35,20.016666666666666
1647731371,1.0,0.1,1.3313677,19062.709,1301.9238,19232.445,23830.559,14031.375,12842.475,22136.418,28583.33,15547.7705,100.0,151.08374,46.653965,0.48384059564478116,-0.2184980803164592,0.9758373783054337,1.0,6.5,13.866666666666667
1647731414,1.0,0.75666064,0.99972653,18021.46,2367.2778,16571.611,27811.6,12891.453,8831.996,30932.738,33076.21,13791.972,100.0,65.0,52.769276,0.4839737732944744,-0.21544552644685272,0.9765158601548868,1.0,7.216666666666667,13.15
1647731458,1.0,0.1,0.65925944,18581.0,3320.9712,9571.816,30578.527,19222.742,11859.895,26697.004,25181.932,24499.941,100.0,65.0,58.334343,0.48411004809881164,-0.2123198024147499,0.977200236135134,1.0,7.95,12.416666666666666
1647732148,1.0,0.1,1.2834704,23177.361,6737.4355,11477.995,31468.62,29578.447,165.0,175.0,47135.438,17696.258,590.3313,107.45093,52.56052,0.4862470848031913,-0.1630389731268696,0.9866196294630144,1.0,19.45,0.9166666666666666
1647732173,1.0,0.1,1.8040444,39738.203,3687.1133,13092.329,19995.766,20385.898,165.0,175.0,31722.969,14010.77,591.68976,395.97443,64.59493,0.486324513669292,-0.16124497956380632,0.9869144119757638,1.0,19.866666666666667,0.5
1647732187,1.0,0.89193,1.9239987,30411.98,7673.8364,18016.906,26160.36,15073.746,165.0,175.0,47935.17,23560.62,813.8833,580.07513,54.50109,0.4863678738343084,-0.1602401099896064,0.9870780653780727,1.0,20.1,0.26666666666666666
1647732203,21.0,0.3,0.30001,51997.01,41607.0,43003.996,43894.004,44501.008,46168.0,47507.01,49057.0,49889.996,600.0,512.0,33.325054,0.4864174283086129,-0.15909148429681613,0.9872638449898973,0.0,0.0,0.0
1647732222,21.0,0.3,0.300051,51820.004,42391.0,43911.0,44993.004,45714.008,47408.01,48400.0,49692.008,50698.008,600.0,384.0,33.34144,0.4864762742468494,-0.15772721166243614,0.9874827222292009,0.0,0.0,0.0
1647732609,21.0,0.3,0.299989,54889.008,42998.008,44509.008,45310.0,46097.01,48000.992,49493.996,51200.0,52303.0,600.0,128.0,33.43565,0.48767487309408847,-0.12987726516538217,0.9915300782090077,0.0,0.0,0.0
1647732651,21.0,0.3,0.300001,55197.996,42897.004,44502.008,45687.0,46497.004,47902.004,49596.004,52402.0,52900.992,600.0,768.0,33.243137,0.48780495358913767,-0.12684820778095993,0.9919221401817576,0.0,0.0,0.0
1647732700,21.0,0.3,0.299967,56811.004,42899.004,44602.008,45491.0,46000.992,48088.992,49406.0,51701.0,52601.004,600.0,896.0,33.64864,0.48795671416669506,-0.12331281385542206,0.9923678501135846,0.0,0.0,0.0
1647733390,31.0,0.3,0.299994,81516.01,62992.004,65698.0,67203.0,68294.01,70923.99,73403.984,76905.01,78309.01,600.0,255.99997,33.939457,0.49009375087107476,-0.0733832498633584,0.9973038146119225,0.0,0.0,0.0
1647733432,31.0,0.3,0.300018,85706.984,63905.008,66505.0,67895.016,68805.99,71504.99,74602.0,78538.01,80289.0,600.0,1024.0,33.4848,0.49022383136612396,-0.07033682114558602,0.9975232987710783,0.0,0.0,0.0
1647733458,31.0,0.3,0.300006,84412.016,64684.008,67100.016,68600.016,69601.99,72708.984,75497.016,78409.01,80194.0,600.0,640.0,33.284096,0.49030435738686867,-0.06845060606588599,0.9976545065949499,0.0,0.0,0.0
1647733466,31.0,0.3,0.299998,82607.02,64096.008,66697.0,68608.016,69699.0,72500.016,74587.0,77400.0,79788.99,600.0,512.0,33.35373,0.4903291346240209,-0.06787018265002084,0.9976941607061017,0.0,0.0,0.0
1647733475,31.0,0.3,0.300027,82804.016,63484.99,66191.0,67892.0,69099.01,71806.0,74492.98,76795.016,80394.0,600.0,384.0,34.04595,0.4903570090158172,-0.06721717885871605,0.9977383679433579,0.0,0.0,0.0
1647733937,31.0,0.3,0.300014,85095.0,68097.016,71096.016,72897.01,74098.0,76905.99,78999.984,81902.99,83689.03,600.0,128.0,33.492992,0.49178789446135834,-0.03366394856588693,0.9994332086572636,0.0,0.0,0.0
1647733986,31.0,0.3,0.300029,86193.0,68003.02,71393.0,73197.984,74105.984,77003.99,78604.04,81710.0,82906.01,600.0,768.0,34.13197,0.49193965503891574,-0.030102381513001562,0.9995468206278512,0.0,0.0,0.0
1647734040,31.0,0.3,0.299981,84901.0,68700.016,71793.0,73601.99,74599.016,77783.016,79308.04,81101.01,82303.02,600.0,896.0,33.93536,0.49210690138969326,-0.026176948307873545,0.9996573249755573,0.0,0.0,0.0
1647734750,41.0,0.3,0.300023,112695.02,92108.016,94994.06,97289.95,98396.016,101901.99,104991.01,106709.984,108296.01,600.0,255.99997,35.00851,0.49430588118695357,0.025449970128760147,0.9996760970536633,0.0,0.0,0.0
1647734791,41.0,0.3,0.300045,110026.016,92589.96,95305.94,97092.95,98000.99,101205.94,104034.0,105805.055,107526.97,600.0,1024.0,34.76685,0.49443286452735874,0.028430490976360447,0.9995957718912396,0.0,0.0,0.0
1647734830,41.0,0.3,0.300207,112276.984,92396.94,95388.0,97196.93,98393.016,101401.99,103803.99,107601.99,109489.94,600.0,512.0,33.800194,0.4945536535584758,0.031265386409962216,0.9995111183036614,0.0,0.0,0.0
1647734851,1.0,0.13928539,0.78602207,218.0,101.13,23942.338,22500.781,153.0,21661.07,54588.23,18188.459,15887.766,100.0,65.0,62.266052,0.49461869380600043,0.03279176585106365,0.9994622054346872,1.0,0.35,23.65
1647734858,1.0,0.1,0.53445745,2202.8887,101.13,21610.602,25479.742,6622.4297,22722.977,52908.785,21757.904,23246.5,100.0,65.0,57.05606,0.4946403738885086,0.0333005421788146,0.9994453831453708,1.0,0.4666666666666667,23.533333333333335
1647735341,1.0,0.1,1.4735525,7953.123,1898.2129,8286.556,22522.064,10762.991,14540.174,29634.004,24147.027,11283.067,158.78848,227.98288,69.183716,0.4961362995815744,0.06837805440187687,0.9976594818254443,1.0,8.516666666666667,15.483333333333333
1647735407,1.0,0.14843017,0.3189324,14172.12,388.6963,16985.871,18654.004,31670.352,9596.411,32186.742,40080.28,24266.727,100.0,65.0,61.193848,0.4963407117880803,0.07316567017859657,0.9973198006192983,1.0,9.616666666666667,14.383333333333333
1647735462,1.0,0.1,0.674085,22651.082,4046.044,12304.476,22375.154,34168.164,7078.0015,29117.502,27447.984,16923.531,100.0,65.0,59.86391,0.49651105529350187,0.07715406714346495,0.9970191823246038,1.0,10.533333333333333,13.466666666666667
1647736172,1.0,0.1,1.2448708,25249.81,910.7715,14173.144,35220.69,22944.34,165.0,175.0,21715.996,24019.047,411.10794,404.0052,69.90268,0.4987100350907621,0.128507125684539,0.9917085855473361,1.0,22.366666666666667,1.6333333333333333
1647736217,1.0,0.1,1.2638954,45813.85,101.13,13182.373,21050.994,21887.734,165.0,175.0,33323.184,25272.148,427.1534,366.2163,73.23541,0.4988494070497434,0.13175179054511207,0.9912827375114311,1.0,23.116666666666667,0.8833333333333333
1647736248,1.0,0.9126921,1.9239987,32342.994,7047.6196,13628.744,28579.953,13962.981,165.0,175.0,39632.727,12672.088,749.8237,704.8149,65.34759,0.4989454188437083,0.13398618541829205,0.9909831997148363,1.0,23.633333333333333,0.36666666666666664
1647736270,51.0,0.3,0.300044,142106.0,102507.79,110214.87,117505.375,120256.93,130412.98,134200.03,136191.97,138896.97,600.0,640.0,35.037186,0.4990135562458769,0.1355714725670726,0.990767569022117,0.0,0.0,0.0
1647736283,51.0,0.3,0.300102,147902.1,102507.79,110214.87,117505.375,120256.93,130807.96,133711.97,136104.05,138106.12,600.0,384.0,35.38125,0.4990538192562493,0.13650807030455656,0.9906389588249224,0.0,0.0,0.0
1647736545,1.0,0.3,0.299991,821.999,501.00098,579.001,596.99805,604.00195,690.0,700.999,777.001,786.0,700.0,255.99997,32.43213,0.4998652737729848,0.1553569713368671,0.9878583964602599,0.0,0.0,0.0
1647736599,1.0,0.3,0.300017,801.99805,506.99902,594.0,604.00195,611.0,690.0,700.001,710.0,784.9971,700.0,1024.0,34.504704,0.5000325201237623,0.15923507431927456,0.9872406956292549,0.0,0.0,0.0
1647736607,1.0,0.3,0.30001,891.0,495.0,510.0,590.999,599.0,618.0,700.001,715.0,780.99805,700.0,512.0,33.50528,0.5000572973609145,0.15980940069416855,0.9871478893508159,0.0,0.0,0.0
1647736622,1.0,0.3,0.300048,805.99805,492.0,507.0,581.001,590.0,609.00195,694.001,715.0,784.0,700.0,640.0,33.243137,0.500103754680575,0.16088611670566103,0.9869729770623775,0.0,0.0,0.0
1647736641,1.0,0.3,0.30004,898.999,495.0,514.001,586.99805,596.001,672.001,696.999,713.999,779.00195,700.0,384.0,32.1536,0.5001626006188115,0.1622496820002796,0.9867497355919627,0.0,0.0,0.0
1647736795,51.0,0.3,0.30165,149196.02,102507.79,110214.87,117505.375,120256.93,130807.96,138638.56,142098.95,145003.02,600.0,128.0,35.135487,0.5006395624339919,0.1732900799916557,0.9848708281680829,0.0,0.0,0.0
1647736847,51.0,0.3,0.300279,149500.98,102507.79,110214.87,117505.375,120256.93,130807.96,138638.56,142703.94,146703.89,600.0,768.0,34.44736,0.5008006144754814,0.17701316712704562,0.9842084833324963,0.0,0.0,0.0
1647736917,51.0,0.3,0.30015,152893.86,102507.79,110214.87,117505.375,120256.93,130807.96,138638.56,141988.97,145196.94,600.0,896.0,35.2256,0.5010174153005633,0.18202100821292283,0.9832946417880812,0.0,0.0,0.0
1647737161,1.0,0.3,0.300913,893.0,498.0,521.0,593.99805,600.999,685.001,696.999,712.00195,779.99805,700.0,128.0,32.219135,0.5017731210337063,0.1994391960254446,0.979910203584351,0.0,0.0,0.0
1647737206,1.0,0.3,0.300008,896.99805,495.0,508.99902,585.001,592.999,628.001,695.999,708.00195,776.99805,700.0,768.0,32.845825,0.5019124929926876,0.20264487102750145,0.9792522944809715,0.0,0.0,0.0
1647737294,1.0,0.3,0.300021,808.999,506.99902,590.999,601.001,606.0,688.001,696.999,707.001,778.0,700.0,896.0,34.51699,0.5021850426013621,0.20890744350263263,0.9779354171156673,0.0,0.0,0.0
1647737969,10.999998,0.3,0.300012,29890.0,22052.0,22998.0,23499.0,23895.998,25193.0,26305.002,27699.0,28291.0,700.0,255.99997,34.103294,0.5042756219860813,0.2566408218981476,0.9665068486748779,0.0,0.0,0.0
1647738014,10.999998,0.3,0.300017,30295.998,21889.998,22706.0,23496.0,24009.998,25196.002,25906.0,27392.0,28101.0,700.0,1024.0,34.2016,0.5044149939450626,0.25980232831039207,0.9656618197922601,0.0,0.0,0.0
1647738032,10.999998,0.3,0.300021,29994.0,22008.002,22901.0,23499.0,24006.996,25202.0,26389.0,27602.0,28695.0,700.0,512.0,33.77152,0.5044707427286552,0.2610661537335159,0.9653209121192746,0.0,0.0,0.0
1647738041,1.0,0.33489513,0.8739928,218.0,101.13,18817.457,20813.824,15025.197,19250.195,47938.945,19978.691,22388.969,100.0,65.0,54.99375,0.5044986171204514,0.26169789883174177,0.9651498379770115,1.0,0.15,26.0
1647738061,1.0,0.7118937,0.5949553,218.0,101.13,24178.871,24151.637,7541.452,17865.473,48986.457,27457.287,17457.758,100.0,65.0,57.10547,0.5045605602133321,0.26310137507648607,0.9647681931079932,1.0,0.48333333333333334,25.666666666666668
1647738629,1.0,0.1,1.0600208,18362.246,1001.69434,9002.631,24927.19,19291.834,10305.675,25109.453,46347.12,10109.691,140.55817,65.0,52.378044,0.5063197440511402,0.30271646066161867,0.9530806599887035,1.0,9.95,16.2
1647738681,1.0,0.36644202,0.5653124,12918.104,2267.4478,12057.833,18425.062,16096.705,5063.9824,19607.617,22161.867,19830.031,100.0,208.25342,62.99325,0.5064807960926297,0.30631840667384996,0.9519291117162002,1.0,10.816666666666666,15.333333333333334
1647738761,1.0,0.1,0.92668605,13145.882,5829.993,16712.465,27726.098,26599.5,4765.4175,19259.91,30240.205,19351.008,100.0,65.0,46.60251,0.5067285684641519,0.311851290644841,0.950130923885307,1.0,12.15,14.0
1647739505,1.0,0.1,1.3824121,38431.42,4149.921,12501.281,25562.781,18984.465,165.0,2913.2617,25445.258,11446.091,335.04892,258.13232,53.351456,0.5090328515193092,0.36277690194127654,0.9318760214845585,1.0,24.55,1.6
1647739557,1.0,0.59760225,1.2767189,39653.07,1489.1787,12750.6,32948.008,21016.838,165.0,175.0,31025.006,15431.981,605.4745,326.6645,73.23541,0.5091939035607987,0.3662982323790788,0.9304975040030803,1.0,25.416666666666668,0.7333333333333333
1647739589,1.0,1.221873,1.7156104,22206.95,6815.4614,27483.445,25687.113,14894.516,165.0,175.0,25955.162,18749.17,792.3093,961.00824,73.23541,0.5092930125094076,0.36846260461245867,0.9296425705625808,1.0,25.95,0.2
1647739601,21.0,0.3,0.299998,64294.008,46105.992,48800.008,50197.98,51504.992,53798.008,56192.008,57402.992,58396.992,700.0,640.0,33.816574,0.5093301783651359,0.3692737303954896,0.9293206723407154,0.0,0.0,0.0
1647739619,21.0,0.3,0.300043,62998.992,45909.0,48401.992,50103.01,51410.99,54091.004,56297.01,58199.004,58994.0,700.0,384.0,33.45203,0.5093859271487284,0.37048989159329326,0.9288364981131985,0.0,0.0,0.0
1647740234,21.0,0.3,0.300031,62191.004,47696.996,49693.992,50998.008,51691.004,54106.0,55600.996,57296.0,59098.0,700.0,128.0,33.296383,0.511290677254806,0.4116469124853129,0.9113434146584422,0.0,0.0,0.0
1647740309,21.0,0.3,0.300015,63405.992,48195.996,49903.004,51498.984,52295.996,54309.004,56200.992,58605.004,60503.004,700.0,768.0,34.05824,0.5115229638531081,0.41661137231313916,0.9090846849767974,0.0,0.0,0.0
1647740374,21.0,0.3,0.300065,62396.0,47896.0,49797.996,50995.004,51998.008,53908.0,55906.004,57502.992,58199.004,700.0,896.0,33.34144,0.51172427890497,0.4209038847104138,0.9071052418742176,0.0,0.0,0.0
1647741094,31.0,0.3,0.300006,89239.0,69492.0,72103.99,73895.984,75197.01,78003.99,80733.0,84101.0,86095.99,700.0,255.99997,34.144257,0.5139542302486706,0.4678012708112274,0.8838336783735957,0.0,0.0,0.0
1647741143,31.0,0.3,0.299998,89198.01,69799.99,72606.03,74099.0,75206.0,77602.03,79980.016,82282.99,83700.016,700.0,1024.0,34.435074,0.514105990826228,0.47094772989802614,0.8821611166356721,0.0,0.0,0.0
1647741173,31.0,0.3,0.300007,88793.016,69602.0,72545.01,74088.0,75288.01,77893.99,79799.016,81588.01,84494.02,700.0,512.0,33.96403,0.5141989054655488,0.47287118460153016,0.8811315695022768,0.0,0.0,0.0
1647741187,31.0,0.3,0.300031,91600.984,69593.01,72286.0,73989.984,75297.016,78394.984,81802.984,84288.99,85898.01,700.0,640.0,34.16883,0.5142422656305652,0.4737680271138298,0.8806496786376915,0.0,0.0,0.0
1647741200,31.0,0.3,0.300035,90106.984,69502.0,71996.0,74094.01,75293.984,78095.99,80195.016,81697.03,82894.99,700.0,384.0,34.45555,0.5142825286409376,0.47460036974764036,0.8802013911801112,0.0,0.0,0.0
1647741824,31.0,0.3,0.300012,88785.984,69683.0,72407.0,74295.99,75208.03,78385.01,80601.01,83584.99,85701.01,700.0,128.0,34.05005,0.5162151531388114,0.5140403670491402,0.8577659943387738,0.0,0.0,0.0
1647741894,31.0,0.3,0.300006,89196.016,69401.016,72096.97,73797.03,74899.984,77598.0,80302.99,83198.01,85808.0,700.0,768.0,34.36544,0.5164319539638934,0.5184001831148645,0.8551381468198428,0.0,0.0,0.0
1647741965,31.0,0.3,0.299994,87149.99,69697.0,73103.0,74501.0,75402.98,77798.016,79907.02,82454.984,83601.984,700.0,896.0,34.402306,0.5166518519436194,0.522808558881274,0.852450122154068,0.0,0.0,0.0
1647742650,41.0,0.3,0.30002,116810.99,90598.06,93988.04,95502.016,96699.016,99595.984,102207.01,105297.98,108007.05,700.0,255.99997,35.364864,0.5187734028747789,0.5646069259743004,0.8253599330848638,0.0,0.0,0.0
1647742712,41.0,0.3,0.300059,114911.05,90991.97,93708.94,95493.96,96603.02,100100.016,102663.984,105705.96,106902.97,700.0,1024.0,35.926018,0.5189654264627087,0.5683225302562753,0.822805871152549,0.0,0.0,0.0
1647742753,41.0,0.3,0.300107,112388.0,90697.02,93497.99,95303.91,96598.984,99993.01,102700.05,106292.03,108494.97,700.0,640.0,35.299328,0.5190924098031139,0.5707732818308936,0.8211077035005769,0.0,0.0,0.0
1647742764,8.792679,0.1,1.0469533,218.0,1459.6973,19906.086,17435.268,153.0,20448.215,56221.594,22828.54,17777.332,100.0,65.0,66.96132,0.5191264785041982,0.5714299381493517,0.8206508549844008,1.0,0.18333333333333332,26.883333333333333
1647742787,1.0,0.1,0.58790493,218.0,101.13,23262.121,27216.562,5430.8384,28084.78,64434.848,29354.254,15763.565,100.0,65.0,57.392197,0.5191977130610108,0.5728017647176777,0.819693929669065,1.0,0.5666666666666667,26.5
1647743468,1.0,0.1,0.9163219,10671.516,101.13,2578.4502,24103.82,27057.854,13693.452,22122.105,34582.688,9600.129,132.64996,224.81427,53.777367,0.5213068753735943,0.6126771809492435,0.7903332663782335,1.0,11.916666666666666,15.15
1647743523,1.0,0.27278703,0.7862452,24371.031,101.13,11667.493,25277.186,11689.311,165.0,26527.559,23076.816,11042.879,100.0,129.341,52.441868,0.5214772188790159,0.615833377950032,0.7878764183567453,1.0,12.833333333333334,14.233333333333333
1647743607,1.0,0.1,1.5026835,16232.465,5828.764,13495.3,21328.557,26484.04,165.0,20806.312,25430.47,24195.496,100.0,210.11105,54.86276,0.5217373798691143,0.6206347211065673,0.784099829713649,1.0,14.233333333333333,12.833333333333334
1647744252,1.0,0.1,1.4865693,29497.332,5178.8423,13388.077,28013.291,20953.92,165.0,175.0,32870.32,11488.447,300.844,243.18506,43.73173,0.5237350446145127,0.6567173874517307,0.7541367734161843,1.0,24.983333333333334,2.0833333333333335
1647744316,1.0,0.15489542,1.9239987,28849.373,5844.2197,12322.457,31254.607,17472.982,165.0,175.0,30977.773,21153.457,526.79474,324.13086,58.075886,0.5239332625117304,0.6602201739125506,0.7510721150188452,1.0,26.05,1.0166666666666666
1647744360,1.0,0.88793117,1.2721153,22557.691,12472.426,18254.992,27001.502,14480.818,165.0,175.0,53962.62,12181.128,730.2721,782.31433,65.0813,0.5240695373160678,0.6626200482157374,0.7489557207890022,1.0,26.783333333333335,0.2833333333333333
1647744377,51.0,0.3,0.30047297,139897.9,102507.79,110214.87,117505.375,120256.93,125795.12,128502.9,131397.97,133597.0,700.0,384.0,36.335617,0.5241221889450162,0.6635454567627475,0.7481359681298025,0.0,0.0,0.0
1647744403,51.0,0.3,0.300078,143494.94,102507.79,110214.87,117505.375,120256.93,129502.086,132969.06,136091.97,137304.94,700.0,640.0,36.245502,0.524202714965761,0.6649588253802774,0.7468800175054101,0.0,0.0,0.0
1647744667,1.0,0.3,0.30002,911.999,499.99902,579.001,593.99805,601.999,676.0,694.001,702.001,710.999,800.0,255.99997,34.156544,0.5250203637917845,0.6791744676446935,0.7339768678231945,0.0,0.0,0.0
1647744740,1.0,0.3,0.299987,877.0,501.99902,589.0,601.001,608.0,693.999,703.001,777.001,787.0,800.0,1024.0,35.55328,0.5252464560807986,0.6830613491791835,0.7303610020103165,0.0,0.0,0.0
1647744774,1.0,0.3,0.300048,911.999,498.99902,579.001,594.999,604.00195,683.001,698.99805,706.001,787.999,800.0,512.0,32.70656,0.5253517593386955,0.6848651133218491,0.7286698680161345,0.0,0.0,0.0
1647744821,1.0,0.3,0.299994,875.999,498.99902,573.999,596.99805,604.00195,690.0,703.001,785.0,798.00195,800.0,640.0,35.59424,0.5254973256069648,0.6873516553834759,0.7263247908763651,0.0,0.0,0.0
1647744823,1.0,0.3,0.30032,806.999,525.001,600.0,608.999,620.001,696.999,708.0,788.0,794.00195,800.0,384.0,35.311615,0.525503519916253,0.687457287771653,0.7262248119485059,0.0,0.0,0.0
1647745170,51.0,0.3,0.300193,157705.08,102507.79,110214.87,117505.375,120256.93,130807.96,138638.56,145694.97,148496.83,700.0,128.0,36.130817,0.5265782325777308,0.705562431934713,0.708647764860917,0.0,0.0,0.0
1647745222,51.0,0.3,0.301537,154204.94,102507.79,110214.87,117505.375,120256.93,130807.96,138638.56,147094.1,147615.0,700.0,768.0,35.87277,0.5267392846192204,0.7082371653744133,0.7059745870655798,0.0,0.0,0.0
1647745327,51.0,0.3,0.30014,163391.94,102507.79,110214.87,117505.375,120256.93,130807.96,138638.56,146602.0,149688.89,700.0,896.0,36.50355,0.5270644858568433,0.7136071576447921,0.7005460902454033,0.0,0.0,0.0
1647745619,1.0,0.3,0.300005,884.999,582.0,603.0,617.999,685.99805,700.0,710.001,787.00195,794.00195,800.0,128.0,33.325054,0.5279688550128997,0.7283211400432843,0.6852359571461867,0.0,0.0,0.0
1647745683,1.0,0.3,0.300654,887.001,591.0,607.0,676.999,688.001,700.999,710.001,794.00195,802.001,800.0,768.0,35.180546,0.5281670729101174,0.731502473174016,0.6818387872072826,0.0,0.0,0.0
1647745799,1.0,0.3,0.300117,887.001,596.0,609.999,684.0,691.999,702.00195,716.0,792.0,796.9971,800.0,896.0,33.09568,0.5285263428488248,0.7372282045543016,0.6756438221501333,0.0,0.0,0.0
1647746407,10.999998,0.3,0.30002,32204.002,23591.002,24601.004,25497.004,25905.002,27405.004,28599.0,30006.002,30507.998,800.0,255.99997,33.83296,0.5304094128723942,0.7663715576884537,0.6423975681508867,0.0,0.0,0.0
1647746472,10.999998,0.3,0.300001,32597.0,23298.0,24398.996,25205.0,25704.0,27594.996,28803.0,30302.0,30803.0,800.0,1024.0,33.73875,0.530610727924256,0.7693995550468951,0.6387678175155977,0.0,0.0,0.0
1647746509,10.999998,0.3,0.299994,33094.0,23406.0,24602.002,25403.0,26094.0,27404.002,28502.006,30404.002,31097.0,800.0,512.0,32.83763,0.5307253226460851,0.7711155105088946,0.6366952720514004,0.0,0.0,0.0
1647746565,14.143404,0.1,0.69676864,218.0,101.13,18305.805,18677.152,153.0,23633.906,59489.047,16411.543,17281.344,107.63901,65.0,52.223534,0.5308987633061506,0.7737020090409892,0.6335496832971642,1.0,0.9333333333333333,28.016666666666666
1647746568,1.0,0.52028626,0.6222106,1656.9736,101.13,19374.86,20578.441,13357.892,19310.27,58593.402,21020.723,16643.646,100.0,65.0,70.84642,0.5309080547700827,0.7738402097265061,0.6333808726275503,1.0,0.9833333333333333,27.966666666666665
1647747319,1.0,0.1,1.2770073,13699.449,3667.5425,13444.755,23511.543,22081.602,901.0137,22281.23,30049.5,21178.994,100.0,138.41861,47.056454,0.5332340179077482,0.8072608579676389,0.5901948044445593,1.0,13.5,15.45
1647747370,1.0,0.1,0.8086636,31612.773,848.8467,11471.435,35869.086,16831.36,8322.818,19675.793,29941.934,22465.41,100.0,286.63202,58.62284,0.5333919727945936,0.8094442299108874,0.5871967631586286,1.0,14.35,14.6
1647747483,1.0,0.1,0.7322632,18681.785,101.13,11208.089,27555.248,23191.617,165.0,23436.707,16671.77,2159.5957,100.0,260.39822,42.682526,0.5337419512693689,0.8142421887127164,0.5805253294390567,1.0,16.233333333333334,12.716666666666667
1647748087,1.0,0.1,1.3500923,29401.242,5976.9453,18910.467,34655.625,19441.84,165.0,175.0,26284.293,3724.2686,100.0,489.67062,45.391716,0.5356126326743621,0.8389477101466523,0.5442120355520345,1.0,26.3,2.65
1647748148,1.0,0.37761933,1.6484461,39663.848,4721.598,21147.24,22340.066,16988.445,165.0,175.0,21115.625,1949.584,563.4707,559.47076,56.42637,0.5358015591076478,0.8413535968058328,0.540485083181662,1.0,27.316666666666666,1.6333333333333333
1647748184,1.0,1.4661453,1.5382651,30797.754,4029.6147,19251.805,31926.76,18269.107,165.0,175.0,35197.11,22133.742,690.60065,539.3739,73.23541,0.5359130566748328,0.8427656985567143,0.538280574920007,1.0,27.916666666666668,1.0333333333333334
1647748246,21.0,0.3,0.299994,58598.996,43096.996,44993.996,46394.008,47311.0,49595.004,51694.008,54597.992,55299.0,800.0,384.0,34.271233,0.5361050802627626,0.8451841058829459,0.534475282087811,0.0,0.0,0.0
1647748254,21.0,0.3,0.299998,61700.016,43806.004,45488.0,46704.004,47594.004,49795.992,51408.008,53203.0,55002.004,800.0,640.0,34.05824,0.5361298574999148,0.8454949079480626,0.5339834834841779,0.0,0.0,0.0
1647749031,21.0,0.3,0.299992,58809.992,44395.996,46192.0,47201.004,48201.0,50902.0,52398.992,54290.016,55404.008,800.0,128.0,33.673218,0.538536346658325,0.8743022126779523,0.4853819536266637,0.0,0.0,0.0
1647749086,21.0,0.3,0.300039,59489.0,44406.0,46394.01,47688.996,48304.992,51101.0,52701.0,54592.0,55698.01,800.0,768.0,34.14016,0.5387066901637466,0.8762366025437816,0.48188112264596017,0.0,0.0,0.0
1647749214,21.0,0.3,0.299976,62199.008,44997.992,46603.008,47897.004,48400.0,50897.004,52602.992,54891.008,56797.004,800.0,896.0,34.004993,0.5391031259581822,0.8806841296921872,0.4737039832092557,0.0,0.0,0.0
1647749810,31.0,0.3,0.300018,83393.984,66506.016,68603.01,70198.016,71111.016,74298.01,76402.0,78501.0,79898.99,800.0,255.99997,34.88563,0.5409490301260232,0.9003820636767303,0.43510014871203184,0.0,0.0,0.0
1647749848,31.0,0.3,0.300035,84104.97,65129.973,67701.0,69202.984,70200.0,72391.0,75191.016,77093.0,79909.99,800.0,1024.0,34.308098,0.5410667220024963,0.9015809965015487,0.4326103405459405,0.0,0.0,0.0
1647749891,31.0,0.3,0.300005,84597.0,65203.008,67997.0,69694.984,70601.0,73090.984,75208.0,76700.984,77806.984,800.0,512.0,34.381824,0.5411998996521895,0.9029293796821636,0.42978894274606844,0.0,0.0,0.0
1647749960,31.0,0.3,0.300011,84802.98,65496.01,67911.99,69506.03,70397.01,73398.0,75500.0,77564.99,80000.0,800.0,640.0,34.51699,0.5414136033226276,0.9050746076772699,0.4252528124984431,0.0,0.0,0.0
1647749978,31.0,0.3,0.299978,89300.97,66690.01,69201.016,70609.01,71907.016,74694.0,76995.984,79703.01,81292.016,800.0,384.0,34.63168,0.54146935210622,0.9056304867378263,0.424067708616216,0.0,0.0,0.0
1647750813,31.0,0.3,0.299967,86203.01,68395.98,71205.016,72901.0,73999.0,76097.0,78501.984,80190.02,81907.99,800.0,128.0,34.902016,0.5440554762339839,0.9296961514430762,0.3683273896846837,0.0,0.0,0.0
1647750864,31.0,0.3,0.300016,87415.01,68005.0,70806.03,72295.016,73504.0,76203.0,78405.0,80303.0,82101.0,800.0,768.0,34.525185,0.5442134311208293,0.9310558158625283,0.3648767843376198,0.0,0.0,0.0
1647751007,31.0,0.3,0.300027,87597.03,69008.0,71802.0,73494.01,74506.99,76896.01,78507.016,80798.01,82492.0,800.0,896.0,34.619392,0.5446563242349254,0.934799849817081,0.35517494391069154,0.0,0.0,0.0
1647751659,41.0,0.3,0.300081,118503.02,93998.914,97303.98,99504.945,100807.96,104599.99,107902.98,112207.01,114901.99,800.0,255.99997,35.209217,0.5466756690628319,0.950583488089216,0.3104690518749645,0.0,0.0,0.0
1647751694,41.0,0.3,0.300136,117390.0,93705.055,97504.97,99808.914,101005.97,104202.94,107296.016,111002.0,113608.984,800.0,1024.0,35.012608,0.546784069475373,0.9513706362340156,0.30804855544489146,0.0,0.0,0.0
1647751752,41.0,0.3,0.300113,119603.95,95103.97,98404.98,100206.984,101395.98,104498.016,107397.03,110007.03,111499.95,800.0,512.0,35.065857,0.5469637044447266,0.9526614812535862,0.30403306092549043,0.0,0.0,0.0
1647751824,1.0,0.16493255,0.9314753,218.0,101.13,23912.32,15048.243,3574.003,20432.92,57379.977,15680.279,9739.314,100.85257,65.0,58.08189,0.5471866995790967,0.9542403285162768,0.2990407922560867,1.0,1.2,30.783333333333335
1647751844,1.0,0.6086316,0.9854531,218.0,101.13,20772.836,22571.621,7264.781,30830.516,62124.66,18947.764,23084.094,100.0,65.0,63.46779,0.5472486426719773,0.9546742562655989,0.29765259015121226,1.0,1.5333333333333334,30.45
1647752652,1.0,0.2316289,0.96672297,19894.266,4474.9917,8023.9536,28220.209,26904.768,4681.528,25948.934,28870.07,9545.815,100.0,150.81287,55.771362,0.5497511436243523,0.9705064734685425,0.24107506083303867,1.0,15.0,16.983333333333334
1647752688,1.0,0.6135763,0.7626064,15854.33,5939.878,15141.664,18229.121,21705.357,2403.084,18967.57,27813.697,9007.983,100.0,65.0,47.34197,0.5498626411915374,0.9711342799096361,0.23853345757858083,1.0,15.6,16.383333333333333
1647752825,1.0,0.1,0.84633553,28655.285,469.87988,10336.148,28729.322,23907.436,165.0,16537.227,18440.469,13112.486,100.0,65.0,57.367004,0.5502869513777693,0.9734625337261243,0.2288464450925866,1.0,17.883333333333333,14.1
1647753496,1.0,0.1,1.0144198,35341.324,974.5918,13352.924,51846.215,17693.074,165.0,175.0,24811.32,11519.116,100.0,295.7467,50.762337,0.5523651421439124,0.9834662825860626,0.18109133335516306,1.0,29.066666666666666,2.9166666666666665
1647753536,1.0,0.45214763,0.8932862,26730.422,6723.2515,9794.927,26317.35,13923.529,165.0,175.0,37928.742,13321.323,748.4944,450.93256,63.521873,0.5524890283296735,0.9839888943350654,0.17822978377716658,1.0,29.733333333333334,2.25
1647753611,1.0,1.1972461,1.1157957,37582.746,9266.9,23462.277,29634.574,12306.309,165.0,175.0,28011.688,4932.3604,837.1084,489.87244,56.94122,0.5527213149279757,0.9849463464743544,0.17286033254283956,1.0,30.983333333333334,1.0
1647753671,51.0,0.3,0.300038,146698.9,102507.79,110214.87,117505.375,120256.93,128590.97,132391.0,136007.94,138294.95,800.0,640.0,36.728832,0.5529071442066174,0.9856912135889693,0.16856106149851144,0.0,0.0,0.0
1647753730,51.0,0.3,0.300093,149014.9,102507.79,110214.87,117505.375,120256.93,130807.96,134892.1,139095.98,140894.97,800.0,384.0,36.29056,0.553089876330615,0.9864053667342811,0.16433031515155172,0.0,0.0,0.0
1647753994,1.0,0.3,0.300098,805.99805,520.0,600.0,610.0,629.0,697.999,709.0029,787.00195,792.0,900.00006,255.99997,35.037186,0.5539075251566385,0.9893783059416917,0.14536357085579663,0.0,0.0,0.0
1647754035,1.0,0.3,0.300122,821.001,518.001,601.001,610.0,621.99805,696.999,706.001,788.0,794.00195,900.00006,1024.0,35.49184,0.5540345084970437,0.9898073241588861,0.14241299463681617,0.0,0.0,0.0
1647754091,1.0,0.3,0.300095,894.999,508.00098,593.0,601.001,608.0,688.001,700.001,713.001,786.0,900.00006,512.0,33.062912,0.5542079491571094,0.9903790823780139,0.13838089892786218,0.0,0.0,0.0
1647754174,1.0,0.3,0.300031,894.999,578.999,604.001,617.001,685.0,697.999,705.0,779.001,793.001,900.00006,640.0,35.84,0.5544650129925637,0.9911962938553057,0.13240055531419193,0.0,0.0,0.0
1647754231,1.0,0.3,0.300005,904.999,576.0,603.0,617.001,683.0,698.99805,709.0029,787.00195,801.0,900.00006,384.0,33.345535,0.5546415508072734,0.9917365978518923,0.12829076537753611,0.0,0.0,0.0
1647754706,51.0,0.3,0.301757,177003.89,102507.79,110214.87,117505.375,120256.93,130807.96,138638.56,151036.95,159055.95,800.0,128.0,36.343807,0.556112699263187,0.9955756415723199,0.09396351370539235,0.0,0.0,0.0
1647754753,51.0,0.3,0.300129,175209.83,102507.79,110214.87,117505.375,120256.93,130807.96,138638.56,151036.95,159055.95,800.0,768.0,35.88096,0.5562582655314563,0.9958909869698239,0.09056015720100108,0.0,0.0,0.0
1647754921,51.0,0.3,0.300174,174491.94,102507.79,110214.87,117505.375,120256.93,130807.96,138638.56,151036.95,159055.95,800.0,896.0,36.27008,0.556778587511653,0.9969230368034783,0.07838659764609428,0.0,0.0,0.0
1647755187,1.0,0.3,0.300707,889.999,501.00098,592.00195,608.0,671.99805,703.0,718.0,787.00195,794.99805,900.00006,128.0,35.55328,0.5576024306469647,0.9982527428108947,0.05908859001977969,0.0,0.0,0.0
1647755236,1.0,0.3,0.300056,883.999,506.99902,594.0,604.999,613.0,694.99805,703.999,720.99805,789.999,900.00006,768.0,34.26304,0.5577541912245221,0.998456959757338,0.055531067990213165,0.0,0.0,0.0
1647755411,1.0,0.3,0.300132,871.999,512.999,594.99805,607.0,616.99805,696.0,705.0,783.00195,794.00195,900.00006,896.0,33.14893,0.558296193287227,0.9990827949336161,0.042820192288617165,0.0,0.0,0.0
1647755966,10.999998,0.3,0.300053,32706.0,23712.0,25003.0,25890.0,26215.996,27799.002,29298.0,30206.0,30892.998,900.00006,255.99997,33.755135,0.5600151141146629,0.9999969432503657,0.0024725472543360816,0.0,0.0,0.0
1647756022,10.999998,0.3,0.299994,32799.0,23996.002,25101.998,25811.004,26395.0,27795.998,28700.002,29990.0,30799.996,900.00006,1024.0,33.984512,0.5601885547747285,0.9999987201840301,-0.001599884465141655,0.0,0.0,0.0
1647756072,10.999998,0.3,0.300048,32799.0,23903.0,25003.0,25807.002,26407.002,27791.0,28704.998,29703.0,30810.0,900.00006,512.0,34.066433,0.5603434125069299,0.9999862922474267,-0.005235963831419637,0.0,0.0,0.0
1647756152,3.7597523,0.5550289,0.89561915,218.0,101.13,15429.695,17437.008,1186.3398,16875.514,50925.65,21665.953,21580.957,190.96274,65.0,73.23541,0.5605911848784522,0.9999389079061936,-0.011053526829430688,1.0,1.3333333333333333,31.116666666666667
1647756185,1.0,0.20253009,0.4934417,218.0,101.13,24833.6,19374.715,13527.94,21400.799,67323.3,21857.611,19278.04,100.0,65.0,59.323067,0.5606933909817051,0.9999095019623053,-0.013453173807488327,1.0,1.8833333333333333,30.566666666666666
1647757084,1.0,0.31855094,0.49519217,11402.835,8126.4814,12150.853,18492.465,20263.258,3856.497,14776.298,27701.002,17748.566,100.0,363.54987,70.59001,0.5634777330066868,0.9968944687300867,-0.07874908390170714,1.0,16.866666666666667,15.583333333333334
1647757122,1.0,0.25640345,0.6183404,19261.719,3101.621,15624.276,17849.35,24213.195,165.0,15996.275,26607.48,17372.162,100.0,387.64337,64.47577,0.5635954248831598,0.9966730443630513,-0.0815036357476607,1.0,17.5,14.95
1647757290,1.0,0.15178561,0.64308727,19162.887,3399.9326,13042.379,20303.48,24872.945,165.0,14046.909,21785.016,25971.305,139.68411,393.83844,51.053654,0.5641157468633566,0.9956029323293272,-0.0936739085191021,1.0,20.3,12.15
1647757841,1.0,0.27073377,0.60237277,33079.49,4279.4185,21360.71,26879.744,25687.008,165.0,282.95508,21209.328,18186.348,254.12663,499.1332,44.245625,0.5658222790722164,0.9910512775645692,-0.1334817037561145,1.0,29.483333333333334,2.966666666666667
1647757857,1.0,0.20680124,0.8109114,32139.746,5068.4595,15274.387,41239.67,18134.975,165.0,175.0,32514.723,14769.387,434.08252,239.83066,61.329094,0.5658718335465208,0.9908952937149468,-0.13463475366178448,1.0,29.75,2.7
1647757919,1.0,0.84668076,1.9239987,36421.508,2199.6885,21281.457,22672.605,18394.98,165.0,175.0,29473.646,8920.071,1000.0,659.74805,63.539135,0.5660638571344506,0.9902781870765548,-0.13910108626596687,1.0,30.783333333333335,1.6666666666666667
1647758019,21.0,0.3,0.300004,59995.01,42995.0,44815.996,46099.992,46904.004,49103.004,50995.0,54199.0,55393.0,900.00006,640.0,34.67264,0.5663735725988535,0.9892404390474336,-0.1462988508267947,0.0,0.0,0.0
1647758054,21.0,0.3,0.300012,57095.004,43199.0,44806.004,45991.004,46697.01,49100.008,51190.008,53592.0,55106.0,900.00006,384.0,34.11149,0.5664819730113945,0.9888648647561474,-0.1488162600350051,0.0,0.0,0.0
1647759078,21.0,0.3,0.299989,60993.008,45996.992,48890.99,49998.004,50991.008,53007.016,54098.992,55999.004,57399.0,900.00006,128.0,33.984512,0.5696534593668796,0.9750525927128869,-0.221973965689396,0.0,0.0,0.0
1647759126,21.0,0.3,0.300062,62995.992,46099.996,48594.992,50599.996,51592.99,53786.004,55490.996,57699.992,58503.004,900.00006,768.0,34.148354,0.569802122789793,0.9742718186213432,-0.22537618206070623,0.0,0.0,0.0
1647759332,21.0,0.3,0.300013,63288.977,47099.99,49699.0,51015.996,51999.004,54299.004,56093.992,57409.008,58698.01,900.00006,896.0,33.775616,0.5704401366464629,0.9707863200131045,-0.2399456623392352,0.0,0.0,0.0
1647759971,31.0,0.3,0.300023,94289.984,72999.016,75990.984,77705.0,78693.0,81904.01,84207.984,86411.0,88304.0,900.00006,255.99997,34.205696,0.5724192184639971,0.9585922321483226,-0.28478225447681316,0.0,0.0,0.0
1647759992,31.0,0.3,0.300021,92197.984,73190.98,76020.99,77802.984,79300.0,81309.0,84098.99,86697.984,87907.016,900.00006,1024.0,34.88563,0.5724842587115218,0.9581562055409015,-0.28624584849995927,0.0,0.0,0.0
1647760080,31.0,0.3,0.300066,97996.99,73802.984,76800.016,78397.01,79707.016,83096.03,85598.01,88098.03,88900.03,900.00006,512.0,34.750465,0.5727568083201963,0.9563047559630355,-0.29237170472273666,0.0,0.0,0.0
1647760181,31.0,0.3,0.30002,94101.01,73610.96,76797.01,78998.01,80093.016,83099.016,85019.98,88198.0,90397.99,900.00006,640.0,35.549183,0.5730696209392431,0.9541315311369895,-0.29938774405473606,0.0,0.0,0.0
1647760194,31.0,0.3,0.300027,92195.99,73497.984,76298.984,77899.016,78897.97,81993.984,83898.0,86688.016,87492.01,900.00006,384.0,34.533375,0.5731098839496155,0.9538480676139709,-0.3002896333693417,0.0,0.0,0.0
1647761147,31.0,0.3,0.300028,89496.0,70693.0,73290.016,74792.0,75912.016,78800.99,82297.03,85002.0,85605.984,900.00006,128.0,34.439167,0.5760614723253746,0.9307636375245905,-0.36562145870010526,0.0,0.0,0.0
1647761199,31.0,0.3,0.299973,91094.99,70689.97,73491.02,75098.01,76399.016,79203.016,82003.01,85094.0,86700.01,900.00006,768.0,34.74227,0.5762225243668642,0.9293743711980781,-0.3691385622773336,0.0,0.0,0.0
1647761390,31.0,0.3,0.299983,87792.02,70108.0,73209.04,74992.03,75996.99,78509.01,80695.016,82805.01,84608.03,900.00006,896.0,34.869247,0.5768140809038736,0.9241575834353841,-0.3820114670777187,0.0,0.0,0.0
1647761993,41.0,0.3,0.300065,113796.984,91608.95,94816.95,96832.01,97904.99,100606.99,102801.06,105122.984,108409.01,900.00006,255.99997,35.139584,0.5786816651542228,0.906522805269654,-0.4221568470675762,0.0,0.0,0.0
1647762026,41.0,0.3,0.300048,113396.97,91893.9,95405.95,96998.0,98204.02,100698.99,102988.98,107070.96,108974.984,900.00006,1024.0,35.856384,0.5787838712574758,0.905507092128062,-0.4243311279010548,0.0,0.0,0.0
1647762093,41.0,0.3,0.300072,119805.95,91593.01,94505.984,96294.04,97600.086,100602.0,102904.0,105392.99,108089.95,900.00006,512.0,35.201023,0.5789913806186257,0.9034288504942144,-0.42873804600793536,0.0,0.0,0.0
1647762188,9.369247,0.1,0.43897176,218.0,101.13,19805.09,20001.707,153.0,27340.014,39495.23,14963.564,18341.652,100.0,65.0,63.12564,0.5792856103098084,0.9004453369045963,-0.4349691888476334,1.0,1.5833333333333333,35.96666666666667
1647762201,1.0,0.48186988,0.6167238,218.0,101.13,30222.633,22674.113,2504.4722,18714.959,49503.613,21259.758,13340.841,100.0,65.0,73.23541,0.5793258733201807,0.900033720500134,-0.43582026336861257,1.0,1.8,35.75
1647763206,1.0,0.11433202,0.9527943,15469.961,4766.1396,4742.5195,28376.09,14413.424,1450.1543,16873.496,26796.521,10187.749,205.29343,258.07117,61.69593,0.5824385137374294,0.8658071551953559,-0.5003778272590872,1.0,18.55,19.0
1647763270,1.0,0.1,0.77629304,23020.53,2187.2305,15538.379,23653.436,15795.13,165.0,17366.145,23363.637,12225.736,316.52386,395.3521,73.23541,0.5826367316346472,0.8634689220427406,-0.5044020426865335,1.0,19.616666666666667,17.933333333333334
1647763457,1.0,0.53714883,0.8344344,23368.188,2736.8286,14045.436,35740.227,24122.895,1925.5498,6228.436,32470.766,15010.654,328.95966,418.07556,49.00939,0.5832158995530806,0.856529917189825,-0.5160973754620262,1.0,22.733333333333334,14.816666666666666
1647764067,1.0,0.1,1.3678681,23467.582,5668.2744,17405.516,31032.574,16183.445,165.0,175.0,25872.312,5494.1533,225.66806,350.78094,49.279984,0.585105163885938,0.8328004895816635,-0.5535732512979123,1.0,32.9,4.65
1647764126,1.0,0.1,1.2611525,20321.77,4142.1265,18303.633,32364.527,18747.318,165.0,691.33887,32078.098,18132.285,652.94604,395.34903,48.201862,0.5852878960099357,0.8304176692728659,-0.557141359584281,1.0,33.88333333333333,3.6666666666666665
1647764230,1.0,0.95972097,1.6817757,25292.336,8253.852,25182.027,27050.629,14016.2,165.0,175.0,28109.672,27532.482,949.8254,668.0982,63.83006,0.5856100000929146,0.8261802472992943,-0.5634058918510498,1.0,35.61666666666667,1.9333333333333333
1647764346,51.0,0.3,0.30007,166994.25,102507.79,110214.87,117505.375,120256.93,130807.96,138638.56,145401.92,150004.95,900.00006,640.0,36.9664,0.5859692700316219,0.8213981517292407,-0.5703552194341588,0.0,0.0,0.0
1647764363,51.0,0.3,0.300077,162400.0,102507.79,110214.87,117505.375,120256.93,130807.96,138638.56,146110.02,148620.0,900.00006,384.0,36.102142,0.5860219216605704,0.820692408372131,-0.571370257224115,0.0,0.0,0.0
1647764619,1.0,0.3,0.300015,985.999,580.001,602.0,613.001,678.999,696.999,703.999,782.001,796.9971,1000.0,255.99997,34.83648,0.5868147932494417,0.8099136945659025,-0.5865490664510601,0.0,0.0,0.0
1647764669,1.0,0.3,0.299973,892.0,510.99902,597.001,606.001,615.0,691.999,703.001,785.0,793.001,1000.0,1024.0,33.386497,0.5869696509816431,0.8077755926484237,-0.5894901118097637,0.0,0.0,0.0
1647764774,1.0,0.3,0.300521,896.99805,510.00098,594.99805,608.0,621.001,697.999,708.0,789.001,798.00195,1000.0,512.0,34.607105,0.5872948522192661,0.8032508498326233,-0.5956408920173031,0.0,0.0,0.0
1647764884,1.0,0.3,0.300053,896.00195,505.99902,594.0,604.00195,613.0,694.99805,707.0,780.00195,796.9971,1000.0,640.0,33.624065,0.5876355392301092,0.798460415367078,-0.6020473113400917,0.0,0.0,0.0
1647764918,1.0,0.3,0.300018,812.0,517.001,599.0,610.0,677.001,700.999,711.0,790.0,799.00195,1000.0,384.0,33.206272,0.5877408424880063,0.7969693842468608,-0.604019702139905,0.0,0.0,0.0
1647765468,51.0,0.3,0.300197,171209.11,102507.79,110214.87,117505.375,120256.93,130807.96,138638.56,151036.95,159055.95,900.00006,128.0,36.491264,0.589444277542222,0.772179372466627,-0.6354046086841407,0.0,0.0,0.0
1647765546,51.0,0.3,0.300342,170492.11,102507.79,110214.87,117505.375,120256.93,130807.96,138638.56,151036.95,159055.95,900.00006,768.0,36.30285,0.5896858556044562,0.7685627509952409,-0.6397744116347789,0.0,0.0,0.0
1647765742,51.0,0.3,0.302037,171499.1,102507.79,110214.87,117505.375,120256.93,130807.96,138638.56,151036.95,159055.95,900.00006,896.0,36.143105,0.5902928979146858,0.7593659505768924,-0.6506637788477645,0.0,0.0,0.0
1647765988,1.0,0.3,0.300067,887.001,499.99902,581.001,600.001,608.0,690.0,702.0,711.00195,789.001,1000.0,128.0,35.17235,0.5910547979571168,0.7476049305567484,-0.6641437102067891,0.0,0.0,0.0
1647766051,1.0,0.3,0.300031,821.001,492.99902,510.0,586.99805,596.001,684.00195,702.0,715.0,786.0,1000.0,768.0,33.14893,0.5912499186996906,0.7445543277918749,-0.6675618720136653,0.0,0.0,0.0
1647766257,1.0,0.3,0.300821,807.999,493.99902,517.001,596.99805,606.999,696.999,706.001,791.0,794.99805,1000.0,896.0,35.422207,0.5918879325563605,0.7344705833086124,-0.6786405250604378,0.0,0.0,0.0
1647766756,10.999998,0.3,0.300036,33998.0,23098.004,24203.002,25000.0,25602.0,27199.0,29302.0,31006.0,31904.002,1000.0,255.99997,33.939457,0.5934334127237307,0.70936573673581,-0.7048405859095102,0.0,0.0,0.0
1647766806,10.999998,0.3,0.300004,33895.0,22996.0,24008.0,25091.002,25799.0,27602.996,29295.0,30997.998,32292.0,1000.0,1024.0,33.87392,0.5935882704559321,0.7067981803473906,-0.7074152474025546,0.0,0.0,0.0
1647766909,10.999998,0.3,0.300001,34297.0,23006.998,24199.0,25089.0,25598.002,27197.0,28813.002,30593.0,31610.002,1000.0,512.0,33.91488,0.5939072773842671,0.7014795993803291,-0.7126895338457083,0.0,0.0,0.0
1647767018,1.0,0.3143127,0.75940263,218.0,101.13,18593.324,18035.414,9867.421,25198.363,39887.363,18978.375,13878.303,100.0,65.0,64.51864,0.5942448672404662,0.6958083419958415,-0.7182275065806085,1.0,1.8166666666666667,35.71666666666667
1647767054,1.0,0.1,1.4064833,218.0,329.64844,20240.23,26724.557,2656.4302,31039.893,56005.844,27206.215,19983.502,177.50583,65.0,62.890144,0.5943563648076512,0.693925644432287,-0.7200466651538879,1.0,2.4166666666666665,35.11666666666667
1647768174,1.0,0.85430825,0.8091624,38495.164,6354.248,14024.148,27555.986,31449.586,1318.5918,18248.062,30418.338,7047.846,192.82648,234.4385,47.636322,0.5978251780089632,0.6330431608562742,-0.7741165005947731,1.0,21.083333333333332,16.45
1647768262,1.0,0.1,0.9482517,24405.957,150.66699,11624.13,16092.137,23080.166,165.0,7977.0312,30684.113,15090.202,100.0,74.02579,50.770798,0.5980977276176377,0.6280762418846684,-0.778151806770396,1.0,22.55,14.983333333333333
1647768465,1.0,0.4626796,1.3863703,28064.75,2342.213,15221.979,31666.225,20888.363,165.0,1324.835,27596.037,11945.955,223.90625,458.08597,48.76856,0.5987264500103755,0.616520695250769,-0.7873387024194278,1.0,25.933333333333334,11.6
1647768872,1.6874294,0.18883198,1.1896468,23289.309,9585.853,11846.802,31145.104,16220.717,165.0,6909.011,26647.64,17904.236,622.3377,438.74765,50.5798,0.5999869919504951,0.5929505179749561,-0.8052388982365614,1.0,32.71666666666667,4.816666666666666
1647768906,1.0,0.3438961,1.0437804,36539.062,7647.331,12201.543,26909.934,17798.715,165.0,2422.4238,23610.176,16959.023,424.7024,440.41498,45.068993,0.600092295208392,0.5909577142467576,-0.8067025349980298,1.0,33.28333333333333,4.25
1647769017,1.0,0.42447826,1.1414915,40625.42,7855.601,39061.797,27606.57,20958.021,165.0,175.0,30887.65,17804.06,669.9804,663.3445,65.88858,0.6004360793738792,0.5844267097082788,-0.8114464991480063,1.0,35.13333333333333,2.4
1647769161,21.0,0.3,0.300036,63298.996,42796.004,45508.008,47594.996,48803.016,52393.01,54798.004,56995.0,58408.0,1000.0,384.0,34.213886,0.6008820696426194,0.5758973726600126,-0.8175219973574378,0.0,0.0,0.0
1647769234,21.0,0.3,0.30001,61600.992,45593.996,48103.984,49998.004,51102.0,54101.004,55904.008,57810.01,58902.992,1000.0,640.0,34.41869,0.6011081619316334,0.5715492909334933,-0.8205677351891317,0.0,0.0,0.0
1647770504,21.0,0.3,0.300008,64798.0,48693.99,51406.992,53086.996,54005.0,56299.0,57893.01,59099.004,60402.016,1000.0,128.0,34.095104,0.6050415483295496,0.4934359313770729,-0.8697821460722452,0.0,0.0,0.0
1647770611,21.0,0.3,0.300017,61895.992,49207.992,51892.0,53199.996,53911.004,55796.004,57305.0,59595.004,60099.992,1000.0,768.0,34.643967,0.6053729438764607,0.4866530608126266,-0.8735953287430639,0.0,0.0,0.0
1647770849,21.0,0.3,0.299966,64796.008,50206.004,52290.984,53501.996,54102.996,56210.01,57695.992,59897.996,60903.01,1000.0,896.0,34.594814,0.6061100666817395,0.4714608707036438,-0.8818869810782797,0.0,0.0,0.0
1647771239,31.0,0.3,0.300008,93401.01,72897.99,76102.99,77903.99,79100.0,82594.02,84900.016,88003.016,89800.984,1000.0,255.99997,34.902016,0.6073179569929106,0.4462628933932236,-0.8949019108149833,0.0,0.0,0.0
1647771280,31.0,0.3,0.300035,93805.99,73011.01,76004.97,78096.0,79298.98,82704.98,85093.0,87506.98,89996.01,1000.0,1024.0,35.139584,0.6074449403333158,0.4435926704766357,-0.8962285103138635,0.0,0.0,0.0
1647771408,31.0,0.3,0.300083,93297.99,73499.95,76494.0,78403.99,79702.02,82707.0,85103.02,88390.01,89901.016,1000.0,512.0,34.893826,0.6078413761277515,0.43523109937232757,-0.9003187714021935,0.0,0.0,0.0
1647771553,31.0,0.3,0.300023,92293.016,73600.0,76393.98,78592.01,79891.01,82807.99,85190.02,87593.03,88790.0,1000.0,384.0,35.131393,0.6082904635511356,0.42571348955915334,-0.9048580136172574,0.0,0.0,0.0
1647771656,31.0,0.3,0.300048,95493.016,74695.97,77399.97,79304.0,80402.99,82995.99,85606.984,88100.016,89791.99,1000.0,640.0,35.467262,0.6086094704794706,0.41892388796210306,-0.9080213522240076,0.0,0.0,0.0
1647772922,31.0,0.3,0.300008,93605.99,74897.97,77401.96,79105.98,80159.0,82204.98,84389.01,86704.99,88001.01,1000.0,128.0,35.30752,0.6125304682588106,0.3336697540562023,-0.9426900313613555,0.0,0.0,0.0
1647773028,31.0,0.3,0.300039,89791.984,74704.984,77102.99,78759.99,79609.016,82096.02,83895.03,86187.984,87689.99,1000.0,768.0,34.291714,0.6128587666510776,0.32639315099942207,-0.9452341037968681,0.0,0.0,0.0
1647773260,31.0,0.3,0.299985,91307.016,74605.984,77399.97,79290.97,80099.01,82496.01,84298.99,86303.99,88303.016,1000.0,896.0,34.951168,0.6135773065284923,0.31039992267205907,-0.9506060635222036,0.0,0.0,0.0
1647773555,41.0,0.3,0.30024,117996.984,92766.016,95956.06,97405.04,98592.01,101991.984,104798.984,107708.02,110690.0,1000.0,1024.0,35.9424,0.6144909671484807,0.2899367047474333,-0.9570458229573962,0.0,0.0,0.0
1647773606,41.0,0.3,0.30005,120592.03,96801.94,100311.945,102499.96,103712.97,107793.984,110487.99,113390.02,115692.91,1000.0,255.99997,35.54509,0.6146489220353262,0.28638520364297326,-0.958114562635582,0.0,0.0,0.0
1647773679,41.0,0.3,0.300073,111803.98,92700.11,95550.97,97594.97,98596.914,101601.0,104000.03,106004.04,107792.98,1000.0,512.0,35.831806,0.6148750143243402,0.2812948398562011,-0.9596213904818265,0.0,0.0,0.0
1647773836,1.0,0.1,0.14174452,218.0,101.13,20551.266,14449.351,153.0,14556.221,44057.04,19145.484,17791.396,290.42313,65.0,59.508766,0.6153612676034527,0.27032039885364106,-0.9627704201748246,1.0,2.6166666666666667,40.983333333333334
1647773918,1.0,0.1,0.9529624,3088.544,101.13,19332.578,23293.496,3693.0088,14863.211,43510.047,22501.887,17975.07,155.06598,65.0,63.750732,0.615615234284263,0.26457442607798554,-0.9643652695247297,1.0,3.9833333333333334,39.61666666666667
1647775305,1.0,0.1,1.324195,34440.25,101.13,4718.856,35849.18,24491.504,165.0,3515.8994,27602.275,9590.153,100.0,237.54578,69.36756,0.6199109877755307,0.16612337814576564,-0.9861049757675087,1.0,27.1,16.5
1647775402,1.0,0.4264093,0.88769054,42274.25,3173.476,13126.034,26766.99,17334.219,165.0,175.0,18589.521,11629.572,109.79974,357.2432,51.282806,0.6202114117760014,0.15916327972891264,-0.9872522729201163,1.0,28.716666666666665,14.883333333333333
1647775689,1.0,0.1,1.1480666,24476.795,7702.617,14554.614,33307.562,21475.46,165.0,5942.841,28431.89,25308.76,260.04974,314.13467,55.10195,0.6211002951588376,0.13852494226228704,-0.9903589452169501,1.0,33.5,10.1
1647775916,1.0,0.84261364,1.0720255,31594.783,101.13,13236.242,34171.57,21083.984,165.0,175.0,33412.9,22336.168,350.39508,412.22107,53.2882,0.621803349263032,0.12215805821709987,-0.9925106592942101,1.0,37.28333333333333,6.316666666666666
1647776017,1.0,0.6520077,0.6023406,29221.33,4898.858,18309.246,33732.297,18442.889,165.0,2243.461,34227.227,11332.172,871.1979,412.34088,54.16938,0.622116161882079,0.11486491008292733,-0.9933811214391186,1.0,38.96666666666667,4.633333333333334
1647776087,1.0,1.1184918,0.8958869,18511.508,6932.29,15509.605,27138.34,11518.135,165.0,175.0,39236.91,16525.885,884.27625,458.9782,65.32924,0.622332962707161,0.10980659368127109,-0.9939529727226114,1.0,40.13333333333333,3.466666666666667
1647776295,51.0,0.3,0.301034,167190.0,102507.79,110214.87,117505.375,120256.93,130807.96,138638.56,151036.95,157697.66,1000.0,384.0,36.667393,0.6229771708731189,0.09475988689761089,-0.9955001576268846,0.0,0.0,0.0
1647776396,51.0,0.3,0.300128,174387.94,102507.79,110214.87,117505.375,120256.93,130807.96,138638.56,151036.95,158398.94,1000.0,640.0,36.540417,0.6232899834921658,0.08744552034739932,-0.9961693033672402,0.0,0.0,0.0
1647778260,51.0,0.3,0.300326,178604.28,102507.79,110214.87,117505.375,120256.93,130807.96,138638.56,151036.95,159055.95,1000.0,128.0,36.728832,0.629063079748635,-0.04797812852134395,-0.9988483864849507,0.0,0.0,0.0
1647778364,51.0,0.3,0.300444,178604.28,102507.79,110214.87,117505.375,120256.93,130807.96,138638.56,151036.95,159055.95,1000.0,768.0,36.425728,0.6293851838316139,-0.05553106799021298,-0.998456959757338,0.0,0.0,0.0
1647778709,51.0,0.3,0.300755,178604.28,102507.79,110214.87,117505.375,120256.93,130807.96,138638.56,151036.95,159055.95,1000.0,896.0,36.954113,0.6304537021838037,-0.08056135804721276,-0.996749651411822,0.0,0.0,0.0
1647778826,1.0,0.19999993,0.050906017,1306.998,710.0,804.999,896.001,908.0,1098.001,1187.0,1207.999,1307.0,100.0,384.0,26.10094,0.6308160692771551,-0.08903916422633415,-0.996028125724307,0.0,0.0,0.0
1647778831,1.0,0.19999993,0.049805984,1597.0,799.999,899.0,907.0,994.001,1094.001,1100.0,1104.999,1596.999,100.0,768.0,26.10094,0.6308315550503752,-0.08940132437890191,-0.9959956843276473,0.0,0.0,0.0
1647778832,1.0,0.19999993,0.05028799,1410.999,796.0,895.0,999.0,1010.0,1104.001,1197.999,1299.001,1410.999,100.0,896.0,26.10094,0.6308346522050192,-0.08947375499255279,-0.9959891802462176,0.0,0.0,0.0
1647778834,1.0,0.19999993,0.04155597,1293.0,810.999,901.001,989.999,1003.0,1099.001,1112.9971,1288.9971,1292.999,100.0,255.99997,26.10094,0.6308408465143073,-0.08961861479992425,-0.9959761562815361,0.0,0.0,0.0
1647778838,1.0,0.19999993,0.050655022,1611.999,900.001,996.999,1012.001,1086.0,1103.0,1208.999,1400.999,1612.0,100.0,128.0,26.10094,0.6308532351328834,-0.089908328724231,-0.9959500451458475,0.0,0.0,0.0
1647779166,10.999998,0.19999993,0.199953,44798.0,35395.0,36499.008,37402.0,38299.0,39895.0,41693.004,43709.0,44797.996,100.0,768.0,26.550274,0.6318691018561248,-0.1136367304839206,-0.9935223668770244,0.0,0.0,0.0
1647779169,10.999998,0.19999993,0.192598,46303.0,36601.004,38506.0,39006.0,39699.0,40996.0,42200.0,43092.0,46303.0,100.0,384.0,26.652672,0.6318783933200569,-0.11385348073402574,-0.9934975515444147,0.0,0.0,0.0
1647779173,10.999998,0.19999993,0.199903,43500.0,36397.0,38402.0,38999.008,39892.008,40493.008,42201.996,42906.0,43500.0,100.0,512.0,26.640388,0.631890781938633,-0.1141424726361226,-0.9934643908769514,0.0,0.0,0.0
1647779175,10.999998,0.19999993,0.199845,44100.992,36700.0,38298.992,39298.0,39502.992,41101.0,42393.004,43914.0,44101.0,100.0,896.0,26.73869,0.6318969762479211,-0.11428696496684647,-0.9934477790194444,0.0,0.0,0.0
1647779176,10.999998,0.19999993,0.199863,44003.0,36395.0,37801.996,38503.0,38991.0,40400.008,40997.0,42203.0,44003.0,100.0,1024.0,26.87795,0.631900073402565,-0.11435921022578963,-0.9934394652099008,0.0,0.0,0.0
1647779177,10.999998,0.19999993,0.19992,45793.0,36827.0,38597.0,39204.992,39401.0,40803.0,42198.008,43201.0,45793.004,100.0,255.99997,27.262974,0.6319031705572091,-0.1144314548799449,-0.9934311461465556,0.0,0.0,0.0
1647779182,12.683044,0.45042503,0.7752764,31201.822,1841.6514,24474.418,33847.316,7930.534,21705.273,20115.584,189.0,19407.502,100.0,65.0,43.302902,0.6319186563304292,-0.1147926690655246,-0.993389472024348,1.0,0.08333333333333333,6.216666666666667
1647779524,1.0,0.2756012,0.528541,16299.289,7110.7876,9795.563,13680.0205,25600.941,6694.569,175.0,29820.463,20232.768,100.0,564.3054,55.579712,0.632977883218687,-0.1394611523724859,-0.9902275430318722,1.0,5.783333333333333,0.5166666666666667
1647779530,1.0,0.1,0.60490286,21018.625,101.13,15719.994,16345.263,16357.233,10401.65,175.0,17634.68,25678.305,307.20166,373.59753,50.93415,0.6329964661465511,-0.13989320735730496,-0.9901665973639416,1.0,5.883333333333334,0.4166666666666667
1647779533,1.8529053,0.34064955,0.9313605,20200.45,4463.6777,19450.633,19299.453,16476.809,10017.714,175.0,28953.062,19790.0,109.07315,390.95435,42.73936,0.6330057576104833,-0.1401092248672204,-0.9901360538365961,1.0,5.933333333333334,0.36666666666666664
1647779535,11.54702,0.4064664,0.941445,20958.992,6293.1055,17324.713,16464.01,23875.346,2505.3564,175.0,32973.453,21221.297,332.83813,668.9208,55.257923,0.6330119519197713,-0.14025323283629607,-0.9901156653032855,1.0,5.966666666666667,0.3333333333333333
1647779536,1.7617321,0.15388155,1.1658887,27468.676,4495.878,18125.012,15064.4,20674.957,4040.725,175.0,25631.535,18830.828,184.9198,460.48706,44.464584,0.6330150490744153,-0.14032523570843156,-0.9901054631822679,1.0,5.983333333333333,0.31666666666666665
1647779539,26.329685,0.40659764,0.9663328,15122.413,4176.17,11976.014,15238.609,20054.902,165.0,175.0,37388.633,18818.59,477.6835,531.8901,56.332314,0.6330243405383474,-0.14054123987065617,-0.9900748254024131,1.0,6.033333333333333,0.26666666666666666
1647779547,3.4659157,1.0240684,1.048478,12539.295,10143.189,15736.02,15758.258,14722.229,3952.4673,175.0,38151.992,15455.825,382.46628,559.53284,43.482094,0.6330491177754997,-0.14111721823891607,-0.9899928942757671,1.0,6.166666666666667,0.13333333333333333
1647779555,21.0,0.19999993,0.199891,91568.984,75305.01,78995.984,80864.98,81702.01,83297.0,86767.05,90105.02,91568.99,100.0,128.0,28.59008,0.6330738950126519,-0.141693148844107,-0.9899106280723738,0.0,0.0,0.0
1647779902,31.0,0.19999993,0.200012,138402.02,102507.79,110214.87,117027.89,118627.03,123027.07,127296.91,137892.97,138402.03,100.0,512.0,29.540352,0.6341486076741297,-0.16662533764220824,-0.9860202821725423,0.0,0.0,0.0
1647779904,31.0,0.19999993,0.199994,133097.97,102507.79,110214.87,117505.375,120256.93,123456.05,125909.0,131998.94,133097.97,100.0,768.0,29.34784,0.6341548019834178,-0.16676874671610195,-0.985996037070505,0.0,0.0,0.0
1647779909,31.0,0.19999993,0.20000902,131797.0,102507.79,110214.87,117499.88,117802.945,122106.99,125398.01,130695.99,131797.0,100.0,896.0,29.446144,0.634170287756638,-0.16712725395997075,-0.9859353330638878,0.0,0.0,0.0
1647779910,31.0,0.19999993,0.200313,129409.05,102507.79,110214.87,117505.375,120256.93,123299.9,125196.96,127254.95,129408.98,100.0,640.0,29.360128,0.6341733849112821,-0.1671989527587053,-0.9859231766199597,0.0,0.0,0.0
1647779911,31.0,0.19999993,0.19998501,134198.03,102507.79,110214.87,117505.375,120256.93,125090.04,128604.92,133298.0,134197.92,100.0,384.0,29.298689,0.634176482065926,-0.16727065067320915,-0.9859110149619799,0.0,0.0,0.0
1647779921,31.0,0.19999993,0.200005,130700.97,102507.79,110214.87,117505.375,119697.95,123307.96,125794.945,127406.914,130701.1,100.0,1024.0,29.421568,0.6342074536123663,-0.16798758110211504,-0.9857891116235056,0.0,0.0,0.0
1647779922,31.0,0.19999993,0.200033,130111.97,102507.79,110214.87,117505.375,119595.89,123310.86,125396.086,129207.92,130111.96,100.0,128.0,29.446144,0.6342105507670104,-0.1680592692650519,-0.9857768926152087,0.0,0.0,0.0
1647780280,41.0,0.19999993,0.200288,176556.94,102507.79,110214.87,117505.375,120256.93,130807.96,138638.56,151036.95,159055.95,100.0,512.0,30.695423,0.6353193321295726,-0.19366362180567645,-0.9810679902988926,0.0,0.0,0.0
1647780282,41.0,0.19999993,0.200389,178604.28,102507.79,110214.87,117505.375,120256.93,130807.96,138638.56,151036.95,159055.95,100.0,768.0,30.695423,0.6353255264388606,-0.19380631031193252,-0.9810398126902267,0.0,0.0,0.0
1647780290,41.0,0.19999993,0.200986,178604.28,102507.79,110214.87,117505.375,120256.93,130807.96,138638.56,151036.95,159055.95,100.0,640.0,30.773249,0.6353503036760129,-0.19437702330901346,-0.9809268947324908,0.0,0.0,0.0
1647780291,41.0,0.19999993,0.201242,178604.28,102507.79,110214.87,117505.375,120256.93,130807.96,138638.56,151036.95,159055.95,100.0,255.99997,30.736383,0.6353534008306568,-0.19444835781178044,-0.9809127566426598,0.0,0.0,0.0
1647780295,41.0,0.19999993,0.20119399,171085.94,102507.79,110214.87,117505.375,120256.93,130807.96,138638.56,151036.95,159055.95,100.0,128.0,31.133698,0.6353657894492329,-0.19473368553567663,-0.9808561524085436,0.0,0.0,0.0
1647780297,41.0,0.19999993,0.200436,178604.28,102507.79,110214.87,117505.375,120256.93,130807.96,138638.56,151036.95,159055.95,100.0,896.0,30.65856,0.635371983758521,-0.19487634322004385,-0.9808278191676578,0.0,0.0,0.0
1647780305,41.0,0.19999993,0.20031399,178604.28,102507.79,110214.87,117505.375,120256.93,130807.96,138638.56,151036.95,159055.95,100.0,1024.0,30.777344,0.6353967609956733,-0.19544693270321556,-0.9807142787259217,0.0,0.0,0.0
1647780702,51.0,0.19999993,0.201358,178604.28,102507.79,110214.87,117505.375,120256.93,130807.96,138638.56,151036.95,159055.95,100.0,512.0,31.49005,0.6366263313893527,-0.22367541455210294,-0.9746636901644304,0.0,0.0,0.0
1647780712,18.588612,0.79297656,0.5905767,24923.055,1379.5278,14466.528,23688.895,15001.874,17897.447,9537.191,8729.31,16369.14,100.0,384.72687,62.312305,0.6366573029357929,-0.2243841507815034,-0.9745007711018312,1.0,0.16666666666666666,2.7666666666666666
1647780713,38.364124,0.7071411,0.9837564,32051.938,5946.7505,21818.645,26622.46,10626.764,30444.342,995.2197,7310.81,8121.6724,100.0,411.65988,48.658344,0.6366604000904369,-0.22445501788402572,-0.974484450849105,1.0,0.18333333333333332,2.75
1647780714,25.723284,0.6378021,0.87479556,35315.055,746.1006,20225.934,26367.46,13046.837,26842.172,175.0,11451.448,18552.746,100.0,315.10214,56.82428,0.636663497245081,-0.22452588379951838,-0.9744681254428208,1.0,0.2,2.7333333333333334
1647780716,14.800295,1.0515401,0.9975214,30530.033,1944.1294,23017.895,32136.795,11192.78,31633.904,5796.492,4495.3755,19174.0,100.0,494.94055,48.20293,0.636669691554369,-0.22466761206791516,-0.9744354591699241,1.0,0.23333333333333334,2.7
1647780718,31.123064,1.189163,0.7126846,32108.844,5748.6855,20262.895,26547.654,12818.988,22855.938,6676.837,15296.2,19081.113,100.0,180.73181,50.815674,0.6366758858636571,-0.22480933558369742,-0.9744027722838315,1.0,0.26666666666666666,2.6666666666666665
1647780725,33.471657,0.6139481,0.72354704,28396.352,323.4912,26569.008,20277.812,13972.633,23964.094,175.0,6379.758,2162.122,100.0,392.33942,42.267593,0.6366975659461652,-0.2253053304188,-0.9742882058635809,1.0,0.38333333333333336,2.55
1647780870,27.204498,0.4800465,0.76960313,19101.238,7867.735,10936.43,18732.863,18002.02,10886.338,175.0,28135.406,11823.687,369.43866,490.0324,44.653008,0.6371466533695493,-0.2355661886967904,-0.971858307955881,1.0,2.8,0.13333333333333333
1647780877,4.538147,0.4792605,1.0565267,6525.593,7626.3047,12116.527,6822.355,8494.967,8057.8384,175.0,20527.969,3707.2832,494.1833,628.9715,38.931168,0.6371683334520576,-0.23606088686753,-0.9717382660425158,1.0,2.9166666666666665,0.016666666666666666
1647780878,1.0,0.19999993,0.193311,1487.999,696.999,802.0,908.99805,1000.0,1192.999,1293.999,1390.999,1405.999,200.0,768.0,31.318016,0.6371714306067017,-0.23613155304413927,-0.9717210966408844,0.0,0.0,0.0
1647780879,1.0,0.19999993,0.20251702,1609.0,694.0,791.0,898.999,997.99805,1199.998,1293.999,1396.999,1518.999,200.0,255.99997,28.712963,0.6371745277613456,-0.23620221797196755,-0.9717039221003089,0.0,0.0,0.0
1647780880,1.0,0.19999993,0.200994,1495.998,703.999,810.0,901.00195,997.001,1107.001,1204.998,1385.998,1405.0,200.0,384.0,31.023106,0.6371776249159897,-0.23627288165064114,-0.9716867424208803,0.0,0.0,0.0
1647780884,1.0,0.19999993,0.200827,1493.0,701.001,800.0,923.0,997.99805,1192.001,1290.999,1387.0,1409.9971,200.0,896.0,31.367168,0.6371900135345658,-0.2365555238663151,-0.9716179723164518,0.0,0.0,0.0
1647780887,1.0,0.19999993,0.201213,1495.002,783.0,817.999,914.999,1006.99805,1189.998,1208.999,1401.998,1414.0,200.0,640.0,28.80307,0.6371993049984979,-0.2367674923936355,-0.9715663407846269,0.0,0.0,0.0
1647780895,1.0,0.19999993,0.201114,1510.001,705.001,812.001,984.99805,1008.0,1200.999,1297.999,1384.0,1391.9971,200.0,1024.0,30.33088,0.6372240822356501,-0.23733268667808016,-0.9714284306289188,0.0,0.0,0.0
1647781642,10.999998,0.19999993,0.19997,50304.004,42107.0,44094.004,45097.996,45397.996,46997.01,48603.996,49704.004,50001.01,200.0,512.0,29.372417,0.6395376567547394,-0.2897279028403197,-0.9571090545573949,0.0,0.0,0.0
1647781659,10.999998,0.19999993,0.200007,52694.004,42603.004,44201.008,45797.0,46492.996,47898.004,49904.0,50404.996,50998.01,200.0,384.0,29.016064,0.6395903083836879,-0.29091093102051774,-0.9567501399073718,0.0,0.0,0.0
1647781664,10.999998,0.19999993,0.199991,54701.004,42704.008,44907.004,45805.01,46305.996,48295.004,50300.0,51704.01,53706.008,200.0,255.99997,29.614082,0.6396057941569081,-0.2912587959497549,-0.9566442984630699,0.0,0.0,0.0
1647781668,10.999998,0.19999993,0.19998,54507.004,42787.008,44692.01,45795.996,46497.004,48508.008,49599.996,51105.99,51996.016,200.0,640.0,29.577213,0.6396181827754842,-0.29153706016957104,-0.9565595342411699,0.0,0.0,0.0
1647781670,10.999998,0.19999993,0.20002401,52295.996,43005.0,45495.008,46300.008,46897.004,48901.992,50001.996,51403.008,52295.0,200.0,128.0,30.12608,0.6396243770847723,-0.2916761830301935,-0.956517121777199,0.0,0.0,0.0
1647781673,10.999998,0.19999993,0.19997498,53592.996,43100.996,44491.004,46097.004,46698.992,48398.99,49698.99,51201.0,53105.004,200.0,896.0,29.442047,0.6396336685487043,-0.29188485575124357,-0.9564534651424896,0.0,0.0,0.0
1647781674,10.999998,0.19999993,0.199994,51596.004,42796.004,44199.008,45202.0,46099.0,47697.01,49605.0,51200.0,51503.0,200.0,1024.0,30.130178,0.6396367657033484,-0.291954410238153,-0.9564322361477013,0.0,0.0,0.0
1647782458,21.0,0.19999993,0.199952,99293.99,84411.016,87194.945,88902.99,90290.04,92999.01,95595.96,97502.0,99003.0,200.0,512.0,30.089216,0.6420649349442668,-0.34598059901854983,-0.9382416666844238,0.0,0.0,0.0
1647782471,21.0,0.19999993,0.200005,98993.016,83102.0,86093.945,87702.01,88494.01,90799.98,93203.01,96656.0,97462.016,200.0,896.0,30.085121,0.642105197954639,-0.3468674454479029,-0.9379141620044161,0.0,0.0,0.0
1647782475,21.0,0.19999993,0.200001,99531.984,83594.97,86498.97,88805.01,90136.96,92398.95,94399.99,98004.05,98297.06,200.0,640.0,30.019585,0.6421175865732152,-0.34714025893926354,-0.9378132226747398,0.0,0.0,0.0
1647782476,3.03117,0.20348,1.0803534,25032.488,3828.8198,19927.719,28438.795,4493.1567,19038.43,39976.41,16340.158,29004.258,100.0,65.0,66.7,0.6421206837278592,-0.34720845772338,-0.9377879754429312,1.0,0.016666666666666666,13.533333333333333
1647782480,1.0,0.18768138,1.0284793,24318.07,101.13,26418.371,24193.334,10063.303,15931.332,42587.523,10769.508,21144.895,100.0,65.0,48.51467,0.6421330723464354,-0.34748123449413126,-0.9376869369221449,1.0,0.08333333333333333,13.466666666666667
1647782488,1.0,0.47715917,0.69178665,16480.752,101.13,19599.678,25565.809,4047.829,14304.3125,43182.74,16828.441,27691.06,100.0,65.0,54.89186,0.6421578495835876,-0.34802669980519135,-0.9374846218593174,1.0,0.21666666666666667,13.333333333333334
1647782489,1.0,0.59637535,0.66645354,10273.833,101.13,21355.203,33602.766,20764.586,21504.223,38726.246,7567.264,19108.44,100.0,65.0,47.857674,0.6421609467382315,-0.3480948746904382,-0.9374593101645788,1.0,0.23333333333333334,13.316666666666666
1647783250,1.0,0.1,1.1818295,28490.031,101.13,8467.172,28924.514,38343.3,165.0,175.0,35228.78,20228.498,100.0,522.968,56.736443,0.6445178814223373,-0.39941586833300063,-0.9167698534113101,1.0,12.916666666666666,0.6333333333333333
1647783261,1.0,0.13457924,1.4489582,26505.545,6990.2407,11603.831,19050.332,20055.2,165.0,2093.329,40521.758,25766.367,323.36627,616.0634,54.02275,0.6445519501234216,-0.4001491036962126,-0.9164500503634214,1.0,13.1,0.45
1647783285,1.0,0.49584168,0.70278585,21267.64,101.13,17845.387,25072.312,22628.775,165.0,175.0,24276.195,22309.156,437.40997,372.32074,39.845142,0.6446262818348782,-0.40174800050325754,-0.9157502629492577,1.0,13.5,0.05
1647783286,1.0,0.4821803,1.9239987,24654.117,2337.0176,21622.973,11134.684,22943.898,165.0,175.0,49044.367,19636.943,685.08344,921.7418,59.878387,0.6446293789895223,-0.40181459467927083,-0.9157210445887619,1.0,13.516666666666667,0.03333333333333333
1647783288,31.0,0.19999993,0.199999,143442.9,102507.79,110214.87,117505.375,120256.93,130807.96,137445.81,140492.0,142589.97,200.0,1024.0,30.769152,0.6446355732988104,-0.40194777665595965,-0.9156625933395612,0.0,0.0,0.0
1647783296,31.0,0.19999993,0.20003101,153296.78,102507.79,110214.87,117505.375,120256.93,130807.96,138638.56,143298.88,147494.19,200.0,255.99997,30.650368,0.6446603505359626,-0.4024804195065629,-0.9154285946559793,0.0,0.0,0.0
1647783303,31.0,0.19999993,0.200086,146994.0,102507.79,110214.87,117505.375,120256.93,130807.96,138301.78,144801.12,146899.81,200.0,128.0,31.051777,0.6446820306184708,-0.4029463702598913,-0.9152235916399766,0.0,0.0,0.0
1647783318,31.0,0.19999993,0.19997601,145699.92,102507.79,110214.87,117505.375,120256.93,130807.96,138638.56,143110.88,145399.97,200.0,768.0,30.900223,0.6447284879381312,-0.40394448439323166,-0.914783500905152,0.0,0.0,0.0
1647784069,41.0,0.19999993,0.200633,178604.28,102507.79,110214.87,117505.375,120256.93,130807.96,138638.56,151036.95,159055.95,200.0,512.0,31.649792,0.6470544510757966,-0.45327760050720745,-0.8913694053973518,0.0,0.0,0.0
1647784072,41.0,0.19999993,0.20065498,178604.28,102507.79,110214.87,117505.375,120256.93,130807.96,138638.56,151036.95,159055.95,200.0,896.0,31.854591,0.6470637425397288,-0.45347205635565435,-0.891270494353187,0.0,0.0,0.0
1647784107,41.0,0.19999993,0.200495,178604.28,102507.79,110214.87,117505.375,120256.93,130807.96,138638.56,151036.95,159055.95,200.0,1024.0,31.760384,0.6471721429522698,-0.4557391106968582,-0.8901133989448967,0.0,0.0,0.0
1647784129,41.0,0.19999993,0.200425,178604.28,102507.79,110214.87,117505.375,120256.93,130807.96,138638.56,151036.95,159055.95,200.0,384.0,31.31392,0.6472402803544384,-0.45716260603385284,-0.8893831298401922,0.0,0.0,0.0
1647784139,41.0,0.19999993,0.200522,178604.28,102507.79,110214.87,117505.375,120256.93,130807.96,138638.56,151036.95,159055.95,200.0,640.0,31.469568,0.6472712519008786,-0.45780926275534106,-0.8890504366656659,0.0,0.0,0.0
1647784148,41.0,0.19999993,0.20124,178604.28,102507.79,110214.87,117505.375,120256.93,130807.96,138638.56,151036.95,159055.95,200.0,255.99997,31.629313,0.6472991262926749,-0.45839104680842996,-0.8887506108047812,0.0,0.0,0.0
1647784156,41.0,0.19999993,0.200391,178604.28,102507.79,110214.87,117505.375,120256.93,130807.96,138638.56,151036.95,159055.95,200.0,128.0,31.846397,0.6473239035298272,-0.458908023351132,-0.8884837793139259,0.0,0.0,0.0
1647784198,41.0,0.19999993,0.200555,178604.28,102507.79,110214.87,117505.375,120256.93,130807.96,138638.56,151036.95,159055.95,200.0,768.0,31.690752,0.6474539840248763,-0.4616195978554114,-0.8870779824095558,0.0,0.0,0.0
1647784916,51.0,0.19999993,0.20098399,178604.28,102507.79,110214.87,117505.375,120256.93,130807.96,138638.56,151036.95,159055.95,200.0,896.0,33.10387,0.6496777410592889,-0.5072877037283032,-0.8617767609108901,0.0,0.0,0.0
1647784924,51.0,0.19999993,0.20122398,178604.28,102507.79,110214.87,117505.375,120256.93,130807.96,138638.56,151036.95,159055.95,200.0,512.0,32.722942,0.6497025182964411,-0.5077889792472644,-0.8614814870645923,0.0,0.0,0.0
1647784981,51.0,0.19999993,0.20144899,178604.28,102507.79,110214.87,117505.375,120256.93,130807.96,138638.56,151036.95,159055.95,200.0,1024.0,32.649216,0.6498790561111507,-0.5113555825229006,-0.8593692269465233,0.0,0.0,0.0
1647785000,51.0,0.19999993,0.202633,178604.28,102507.79,110214.87,117505.375,120256.93,130807.96,138638.56,151036.95,159055.95,200.0,384.0,32.403458,0.6499379020493872,-0.5125425007998652,-0.8586618571206132,0.0,0.0,0.0
1647785013,11.191534,0.34800053,0.7973137,26382.195,6223.855,25435.082,24717.578,15176.15,19923.025,14348.952,3766.338,10461.037,100.0,437.90717,46.541485,0.6499781650597596,-0.5133540391157702,-0.8581769226234904,1.0,0.21666666666666667,4.283333333333333
1647785020,4.8622246,0.4225933,0.89915967,23099.688,101.13,26604.346,19943.078,7646.2295,24138.816,175.0,189.0,8388.657,100.0,503.44293,47.078396,0.6499998451422678,-0.5137908312911048,-0.8579154863278757,1.0,0.3333333333333333,4.166666666666667
1647785027,1.0,0.6556972,0.9007051,24532.531,101.13,16532.969,24678.7,12647.441,30092.346,175.0,8325.853,20917.824,100.0,506.8522,63.285553,0.650021525224776,-0.5142274903245626,-0.8576538277151813,1.0,0.45,4.05
1647785059,16.129087,0.32477522,0.86665547,32159.041,101.13,24842.98,23968.715,11361.021,23128.727,175.0,8572.561,12327.4,100.0,436.80582,59.28251,0.650120634173385,-0.5162219472294677,-0.8564548448100557,1.0,0.9833333333333333,3.5166666666666666
1647785160,11.456129,0.15536088,0.89239955,23714.688,4681.946,21015.562,17639.375,20787.71,15469.81,175.0,23887.59,15134.257,100.0,637.1492,50.43789,0.6504334467924318,-0.5224985647159488,-0.8526401643540923,1.0,2.6666666666666665,1.8333333333333333
1647785163,23.943867,0.55719024,0.92107856,24420.074,101.13,20802.34,20208.418,11815.068,7806.13,175.0,15258.028,13742.246,100.0,329.6214,42.869915,0.6504427382563639,-0.5226845695074633,-0.8525261525600243,1.0,2.716666666666667,1.7833333333333334
1647785211,8.558075,0.20098633,0.601406,21524.617,7091.066,23419.932,13203.622,23487.357,6920.496,175.0,23810.154,12403.165,200.70413,684.0428,45.791595,0.6505914016792772,-0.5256572567551469,-0.8506964490466935,1.0,3.5166666666666666,0.9833333333333333
1647785266,26.580067,0.45852855,1.3112915,24244.133,9366.279,17719.402,15051.898,18956.617,7430.653,175.0,38568.51,12939.618,530.39886,829.5542,41.543476,0.6507617451846989,-0.5290555845692675,-0.8485871719723735,1.0,4.433333333333334,0.06666666666666667
1647785270,1.0,0.19999993,0.20248899,1392.002,795.0,896.0,995.999,1010.0,1114.999,1207.998,1295.001,1381.998,300.0,128.0,29.765635,0.650774133803275,-0.5293024061848679,-0.8484332400412593,0.0,0.0,0.0
1647785271,1.0,0.19999993,0.20092,1498.001,788.0,897.0,989.001,1003.0,1114.999,1206.0,1300.999,1392.999,300.0,640.0,31.41632,0.650777230957919,-0.5293641045915484,-0.8483947458406306,0.0,0.0,0.0
1647785288,1.0,0.19999993,0.20081,1603.0,798.999,898.0,915.999,1001.00195,1192.001,1287.002,1305.0,1397.0,300.0,255.99997,31.645695,0.6508298825868675,-0.5304125489092387,-0.84773965812601,0.0,0.0,0.0
1647785316,1.0,0.19999993,0.201354,1498.001,797.999,901.001,998.001,1091.001,1185.0,1212.999,1308.0,1483.0,300.0,768.0,31.90784,0.6509166029169002,-0.5321376304173835,-0.8466578661382484,0.0,0.0,0.0
1647786144,10.999998,0.19999993,0.19993901,52897.004,34109.004,36901.0,39402.008,40899.0,44696.0,47290.004,48997.99,50901.01,300.0,512.0,30.302208,0.6534810469621559,-0.5821229701572896,-0.8131007610470274,0.0,0.0,0.0
1647786156,10.999998,0.19999993,0.199952,51400.0,34698.996,37603.996,39404.008,40692.008,44595.01,46502.996,48308.004,49206.01,300.0,896.0,30.957565,0.6535182128178842,-0.5828323126827837,-0.8125924533816677,0.0,0.0,0.0
1647786217,10.999998,0.19999993,0.199958,53191.008,35101.008,38398.0,40605.992,41793.996,44205.992,46401.992,48702.996,50900.004,300.0,1024.0,30.326786,0.65370713925117,-0.5864312630756562,-0.809998996102767,0.0,0.0,0.0
1647786282,10.999998,0.19999993,0.19997,50196.996,35908.0,38504.0,40301.992,42199.008,45006.004,47994.992,49495.004,49896.004,300.0,384.0,30.371841,0.6539084543030318,-0.590253508550111,-0.8072179356557211,0.0,0.0,0.0
1647786291,10.999998,0.19999993,0.199963,52902.004,36197.0,39196.992,41399.008,42300.0,45699.0,47208.004,49004.008,50997.004,300.0,128.0,30.543873,0.6539363286948281,-0.5907817049929032,-0.8068314427720813,0.0,0.0,0.0
1647786293,10.999998,0.19999993,0.199962,50297.004,34003.0,36793.0,39700.996,41199.0,44999.008,46595.008,48700.008,49596.004,300.0,768.0,30.720001,0.6539425230041161,-0.5908990476203373,-0.8067455085225937,0.0,0.0,0.0
1647786300,10.999998,0.19999993,0.199995,50993.996,36404.0,39296.008,41198.992,42194.0,45493.0,47200.008,49803.0,50503.0,300.0,640.0,30.244864,0.6539642030866243,-0.5913096483635824,-0.8064446042674825,0.0,0.0,0.0
1647786319,10.999998,0.19999993,0.199988,52599.0,36706.0,39391.008,41699.996,42705.0,45003.992,46500.01,48901.0,50797.0,300.0,255.99997,30.662659,0.6540230490248609,-0.5924233633855241,-0.8056268109459759,0.0,0.0,0.0
1647787245,21.0,0.19999993,0.199957,101298.98,76166.98,80002.0,82671.98,85398.0,90206.97,95403.01,99103.0,100302.97,300.0,512.0,30.785538,0.6568910142252313,-0.6452910379206015,-0.7639368274794408,0.0,0.0,0.0
1647787269,21.0,0.19999993,0.200001,105501.04,76405.0,80400.984,83391.97,85891.984,90998.97,95394.98,100404.03,101598.984,300.0,896.0,30.871552,0.656965345936688,-0.6466233757011502,-0.762809419184667,0.0,0.0,0.0
1647787336,21.0,0.19999993,0.199979,105097.99,76500.984,80596.016,84301.0,86004.016,91701.016,96003.97,100100.02,103106.016,300.0,1024.0,31.309826,0.6571728552978379,-0.6503323810180514,-0.7596497839132136,0.0,0.0,0.0
1647787431,21.0,0.19999993,0.200014,104199.97,76998.97,83300.95,86601.98,88704.96,92699.96,96198.98,98296.01,99395.984,300.0,768.0,30.982141,0.6574670849890206,-0.6555649322431787,-0.7551388081756867,0.0,0.0,0.0
1647787446,1.0,0.1,1.1177665,218.0,101.13,23731.363,20987.754,153.0,24189.629,44847.586,20493.34,18840.85,146.74661,65.0,73.23541,0.657513542308681,-0.6563882707046496,-0.754423248635247,1.0,0.25,21.033333333333335
1647787469,1.0,0.28615087,1.1040534,4731.2783,101.13,19366.064,33131.24,2468.3965,17754.445,53366.496,15777.775,22296.338,100.0,65.0,63.583252,0.6575847768654937,-0.6576492057130999,-0.7533243141070974,1.0,0.6333333333333333,20.65
1647787477,1.0,0.27851468,0.54926956,218.0,101.13,22348.291,27455.357,7515.615,18028.914,46929.543,29650.97,17691.93,100.0,65.0,59.872574,0.6576095541026459,-0.6580873607137054,-0.7529415818434185,1.0,0.7666666666666667,20.516666666666666
1647787511,1.0,0.17441064,0.86839557,218.0,101.13,18967.67,18005.867,11431.88,13797.754,57337.152,23484.441,11741.606,100.0,65.0,73.23541,0.6577148573605429,-0.6599470327462688,-0.7513121281926675,1.0,1.3333333333333333,19.95
1647788505,1.0,0.1,1.5016713,33743.375,4837.8,7710.5273,29252.982,34328.25,165.0,8090.5576,25809.123,20362.812,100.0,474.64612,45.2073,0.6607934290767072,-0.7124854515520558,-0.7016868826810596,1.0,17.9,3.3833333333333333
1647788518,1.0,0.7214362,1.0751958,36100.047,3210.023,14000.91,36888.344,16995.21,165.0,175.0,36342.34,21921.441,100.0,313.77002,54.660038,0.6608336920870796,-0.7131484984903307,-0.7010129949587146,1.0,18.116666666666667,3.1666666666666665
1647788570,1.0,0.1,1.5621452,35894.555,2775.5498,15531.303,31039.574,23970.574,165.0,175.0,34140.96,17084.43,609.5943,430.0834,53.897957,0.6609947441285691,-0.7157943065191419,-0.6983111847556078,1.0,18.983333333333334,2.3
1647788682,1.0,1.456316,1.6976782,28612.969,9437.311,18934.387,27299.934,14583.616,165.0,175.0,48676.258,14014.984,896.63184,634.6808,58.726025,0.6613416254487002,-0.7214581549694843,-0.6924580352830253,1.0,20.85,0.43333333333333335
1647788708,31.0,0.19999993,0.199958,158866.97,102507.79,110214.87,117505.375,120256.93,130807.96,138638.56,149562.92,153012.92,300.0,384.0,31.141888,0.661422151469445,-0.7227661457781697,-0.6910926844620551,0.0,0.0,0.0
1647788727,31.0,0.19999993,0.200323,153803.95,102507.79,110214.87,117505.375,120256.93,130807.96,138638.56,149597.95,151598.98,300.0,128.0,31.354881,0.6614809974076815,-0.7237203514276713,-0.6900933653712431,0.0,0.0,0.0
1647788729,31.0,0.19999993,0.199984,153944.97,102507.79,110214.87,117505.375,120256.93,130807.96,138638.56,147599.9,148947.05,300.0,640.0,31.612928,0.6614871917169696,-0.7238207137839641,-0.6899880972142003,0.0,0.0,0.0
1647788770,31.0,0.19999993,0.200084,155487.03,102507.79,110214.87,117505.375,120256.93,130807.96,138638.56,149298.98,153094.88,300.0,255.99997,31.891457,0.6616141750573747,-0.7258747647347948,-0.6878268865937172,0.0,0.0,0.0
1647789749,41.0,0.19999993,0.200686,178604.28,102507.79,110214.87,117505.375,120256.93,130807.96,138638.56,151036.95,159055.95,300.0,512.0,31.9488,0.6646462894538787,-0.772964316937241,-0.6344494973926171,0.0,0.0,0.0
1647789757,41.0,0.19999993,0.200435,178604.28,102507.79,110214.87,117505.375,120256.93,130807.96,138638.56,151036.95,159055.95,300.0,896.0,32.305153,0.6646710666910309,-0.7733332938617736,-0.6339996976378615,0.0,0.0,0.0
1647789795,41.0,0.19999993,0.20177302,178604.28,102507.79,110214.87,117505.375,120256.93,130807.96,138638.56,151036.95,159055.95,300.0,1024.0,32.428032,0.6647887585675041,-0.7750823576645314,-0.6318602209644087,0.0,0.0,0.0
1647789935,41.0,0.19999993,0.200461,178604.28,102507.79,110214.87,117505.375,120256.93,130807.96,138638.56,151036.95,159055.95,300.0,768.0,32.382977,0.665222360217668,-0.7814751005477468,-0.6239364288322081,0.0,0.0,0.0
1647789997,41.0,0.19999993,0.200555,178604.28,102507.79,110214.87,117505.375,120256.93,130807.96,138638.56,151036.95,159055.95,300.0,384.0,31.99795,0.6654143838055978,-0.7842803318596857,-0.6204066094571052,0.0,0.0,0.0
1647790010,41.0,0.19999993,0.20051101,178604.28,102507.79,110214.87,117505.375,120256.93,130807.96,138638.56,151036.95,159055.95,300.0,640.0,32.411648,0.6654546468159702,-0.7848665054383543,-0.6196648841438295,0.0,0.0,0.0
1647790024,41.0,0.19999993,0.20043302,178604.28,102507.79,110214.87,117505.375,120256.93,130807.96,138638.56,151036.95,159055.95,300.0,128.0,32.055298,0.6654980069809866,-0.785496984782947,-0.6188654836851856,0.0,0.0,0.0
1647790056,41.0,0.19999993,0.200543,178604.28,102507.79,110214.87,117505.375,120256.93,130807.96,138638.56,151036.95,159055.95,300.0,255.99997,32.55091,0.6655971159295955,-0.7869350219613376,-0.6170358751407484,0.0,0.0,0.0
1647791034,51.0,0.19999993,0.201615,178604.28,102507.79,110214.87,117505.375,120256.93,130807.96,138638.56,151036.95,159055.95,300.0,512.0,32.878593,0.6686261331714554,-0.8287934997112744,-0.5595545861096466,0.0,0.0,0.0
1647791048,51.0,0.19999993,0.20144,178604.28,102507.79,110214.87,117505.375,120256.93,130807.96,138638.56,151036.95,159055.95,300.0,896.0,33.226753,0.6686694933364717,-0.8293627574810686,-0.5587104943558857,0.0,0.0,0.0
1647791068,51.0,0.19999993,0.201899,178604.28,102507.79,110214.87,117505.375,120256.93,130807.96,138638.56,151036.95,159055.95,300.0,1024.0,33.673218,0.6687314364293524,-0.8301744914525838,-0.5575036445992473,0.0,0.0,0.0
1647791202,51.0,0.19999993,0.201798,178604.28,102507.79,110214.87,117505.375,120256.93,130807.96,138638.56,151036.95,159055.95,300.0,768.0,33.27181,0.6691464551516522,-0.8355677254168437,-0.5493874554826694,0.0,0.0,0.0
1647791290,1.5645485,0.4955959,0.86559117,26365.875,4478.058,25188.031,19997.838,16316.68,16152.583,14605.818,5822.7744,15346.666,100.0,250.68723,54.02189,0.6694190047603267,-0.8390664188283521,-0.5440289926047732,1.0,1.4666666666666666,5.716666666666667
1647791302,14.773251,0.51780546,1.5051297,41820.332,101.13,18819.18,30430.479,11433.8545,18317.664,9542.799,19609.777,26458.613,100.0,72.61789,59.941494,0.669456170616055,-0.8395408541326682,-0.5432965619642645,1.0,1.6666666666666667,5.516666666666667
1647791304,1.0,0.65821016,0.8109137,33656.266,101.13,24236.684,35133.14,10222.515,16986.945,3897.643,13180.882,11694.15,100.0,186.64697,46.195232,0.6694623649253431,-0.8396198645344127,-0.5431744499506714,1.0,1.7,5.483333333333333
1647791372,35.69434,0.42015523,1.6500429,40534.406,1636.9453,19408.209,32005.822,11785.603,15313.78,2321.4258,36119.59,26071.984,100.0,399.27615,59.31272,0.669672971441137,-0.8422956392983705,-0.5390158216777586,1.0,2.8333333333333335,4.35
1647791379,3.21101,0.8190328,0.92394507,16707.625,101.13,15139.398,19282.84,11708.838,7435.7456,175.0,13596.119,17233.143,100.0,431.2003,60.73358,0.6696946515236453,-0.8425699185087333,-0.5385869775850383,1.0,2.95,4.233333333333333
1647791384,9.973076,0.11301112,0.42218333,29460.068,3224.731,17654.797,18786.336,17482.291,15047.3125,175.0,29758.918,25581.514,100.0,153.89511,55.170387,0.6697101372968653,-0.8427656985567145,-0.5382805749200069,1.0,3.033333333333333,4.15
1647791401,1.4800415,0.689423,0.8147323,26786.93,101.13,13636.058,22335.062,11360.858,5538.0347,175.0,16052.175,13319.067,100.0,310.46158,49.055115,0.6697627889258139,-0.8434305171128619,-0.5372382737694051,1.0,3.316666666666667,3.8666666666666667
1647791562,1.0,0.7669277,1.0029949,18160.156,101.13,14976.072,12409.24,15115.039,1325.6865,175.0,23302.68,15172.759,394.07327,723.878,54.190987,0.6702614308235024,-0.8496626842492768,-0.5273265809669694,1.0,6.0,1.1833333333333333
1647791633,1.0,0.19999993,0.203328,1495.998,703.999,802.0,906.0,997.99805,1195.001,1276.001,1384.0,1415.998,400.0,128.0,29.9008,0.6704813288032285,-0.8523740737153921,-0.5229325371955996,0.0,0.0,0.0
1647791643,1.0,0.19999993,0.201468,1499.999,796.0,896.0,920.0,1001.00195,1189.998,1286.001,1315.002,1401.001,400.0,640.0,32.161793,0.6705123003496688,-0.8527541355654965,-0.5223125350553467,0.0,0.0,0.0
1647791671,1.0,0.19999993,0.201727,1690.0,901.00195,1004.0,1097.0,1110.002,1206.001,1292.001,1396.999,1410.999,400.0,384.0,31.776768,0.6705990206797016,-0.8538159088982389,-0.5205750605938343,0.0,0.0,0.0
1647791712,1.0,0.19999993,0.20141,1496.999,703.999,803.999,992.00195,1084.999,1194.001,1292.001,1382.0,1403.002,400.0,255.99997,32.68608,0.6707260040201067,-0.8553642601605066,-0.5180270093731303,0.0,0.0,0.0
1647792759,10.999998,0.19999993,0.199979,53094.004,36203.0,39396.992,41201.0,42594.984,45401.008,47496.0,49093.996,49593.008,400.0,1024.0,31.084543,0.6739687249324046,-0.8922905286351775,-0.4514616401289875,0.0,0.0,0.0
1647792761,10.999998,0.19999993,0.200001,53501.996,37395.992,40396.0,42096.0,42999.0,45596.996,47504.01,49896.996,50802.004,400.0,512.0,31.633408,0.6739749192416926,-0.8923561816310839,-0.4513318569575962,0.0,0.0,0.0
1647792767,10.999998,0.19999993,0.200025,54996.01,36604.008,39694.0,42001.996,43294.996,45702.996,47897.0,49398.0,49997.996,400.0,896.0,31.199234,0.6739935021695568,-0.8925530273519011,-0.45094245016959367,0.0,0.0,0.0
1647792951,10.999998,0.19999993,0.199964,52000.004,37209.0,40500.01,42103.004,42904.0,46296.992,47806.004,49298.008,49600.004,400.0,768.0,31.531008,0.6745633786240581,-0.8985069405675976,-0.4389593121826391,0.0,0.0,0.0
1647793080,10.999998,0.19999993,0.19997498,53697.0,39703.996,42505.984,43894.004,44697.0,47405.008,49100.0,50307.004,51599.996,400.0,128.0,31.137794,0.6749629115731378,-0.9025852843498606,-0.43051109680829514,0.0,0.0,0.0
1647793104,10.999998,0.19999993,0.199981,52897.004,39802.0,42592.004,43996.008,44899.008,47597.992,48600.008,50296.01,50695.008,400.0,640.0,31.04768,0.6750372432845945,-0.9033352928633007,-0.42893513340314604,0.0,0.0,0.0
1647793108,10.999998,0.19999993,0.199964,50599.0,39200.996,42091.0,43304.0,44303.0,46597.008,48005.004,49199.992,49699.0,400.0,384.0,31.141888,0.6750496319031706,-0.9034600268158437,-0.42867234567430973,0.0,0.0,0.0
1647793183,10.999998,0.19999993,0.199953,53301.0,40899.0,43594.004,45097.996,45899.0,47599.004,48803.004,50799.008,52401.004,400.0,255.99997,32.018433,0.6752819185014727,-0.9057846222367695,-0.4237383840524633,0.0,0.0,0.0
1647794348,21.0,0.19999993,0.200028,101593.02,82715.98,86102.96,88394.016,89201.01,92003.0,94596.96,97205.0,98297.06,400.0,1024.0,31.993856,0.6788901036617659,-0.9383925398806712,-0.3455711809400531,0.0,0.0,0.0
1647794354,21.0,0.19999993,0.20004,100899.016,82808.05,86703.02,88498.96,89498.97,91998.92,93805.0,98495.99,99700.0,400.0,512.0,32.29696,0.6789086865896301,-0.9385432344202252,-0.3451616970696808,0.0,0.0,0.0
1647794364,21.0,0.19999993,0.20002699,101601.0,83001.92,86103.984,88420.98,89507.945,92990.0,95603.984,98301.055,99494.95,400.0,896.0,31.842304,0.6789396581360704,-0.9387939948933656,-0.3444790779599765,0.0,0.0,0.0
1647794526,21.0,0.19999993,0.200023,102932.016,82208.01,85094.0,87402.03,88402.98,91399.98,93094.984,96200.98,98985.01,400.0,768.0,31.571968,0.679441397188403,-0.9427870520737242,-0.3333955225286282,0.0,0.0,0.0
1647794707,1.0,0.22256637,0.89338565,218.0,101.13,20388.195,25272.104,153.0,18484.29,43200.367,19624.875,19320.695,100.0,65.0,56.992184,0.6800019821789722,-0.9470936369589829,-0.3209573847597317,1.0,3.0166666666666666,26.083333333333332
1647794723,1.0,0.1,0.7878696,218.0,101.13,27399.164,20372.107,12610.211,26683.047,51877.906,40378.58,24607.477,232.94208,65.0,57.69998,0.6800515366532767,-0.9474664466358099,-0.31985517425752547,1.0,3.283333333333333,25.816666666666666
1647794724,1.0,0.7532955,0.51951635,218.0,101.13,18575.117,24430.375,153.0,17585.799,45799.797,31569.51,22325.586,100.0,65.0,67.13353,0.6800546338079206,-0.9474897046551206,-0.31978627170745194,1.0,3.3,25.8
1647794797,1.0,0.1,0.60940063,218.0,101.13,19467.0,25539.383,12139.157,17167.941,47252.863,40359.55,22611.23,112.535034,65.0,73.23541,0.6802807260969348,-0.9491739979627812,-0.3147518412834944,1.0,4.516666666666667,24.583333333333332
1647795828,1.0,0.1,1.9239987,32850.22,5593.58,15118.432,27254.344,26162.297,165.0,8981.762,27192.39,8212.911,210.78305,508.894,50.418777,0.6834738925349282,-0.970084240161046,-0.24276854613224944,1.0,21.7,7.4
1647795841,1.0,0.1,0.83444166,24353.906,2285.1016,16178.24,20872.273,19530.527,770.50586,175.0,39686.43,22101.977,217.87244,289.75677,59.88756,0.6835141555453005,-0.9703133167669901,-0.24185133306360493,1.0,21.916666666666668,7.183333333333334
1647795861,1.0,0.1,1.0426905,32021.174,1782.4912,21106.787,22179.174,20401.03,165.0,3055.5557,42958.75,24162.168,295.99835,264.87708,58.807575,0.6835760986381811,-0.9706640488485561,-0.24043981424241695,1.0,22.25,6.85
1647796020,1.0,1.2164414,1.717119,41676.42,2638.0835,22155.758,27585.5,16816.023,165.0,175.0,44555.76,19164.19,532.1035,465.3481,47.209312,0.6840685462265816,-0.9733792584604485,-0.22920039092241418,1.0,24.9,4.2
1647796272,31.0,0.19999993,0.20021698,145896.92,102507.79,110214.87,117505.375,120256.93,130807.96,135194.0,140110.84,142098.89,400.0,128.0,32.616447,0.6848490291968768,-0.9774158942860959,-0.2113247964553889,0.0,0.0,0.0
1647796285,31.0,0.19999993,0.200247,150103.97,102507.79,110214.87,117505.375,120256.93,130807.96,136304.0,139393.97,147497.88,400.0,384.0,31.920128,0.6848892922072491,-0.9776152411180574,-0.2104006661911566,0.0,0.0,0.0
1647796295,31.0,0.19999993,0.199911,147799.05,102507.79,110214.87,117505.375,120256.93,130807.96,136195.94,140298.88,142297.16,400.0,640.0,32.55091,0.6849202637536895,-0.9777679902810513,-0.20968966875302644,0.0,0.0,0.0
1647796374,31.0,0.19999993,0.200079,143394.02,102507.79,110214.87,117505.375,120256.93,130807.96,135293.12,139103.97,140800.94,400.0,255.99997,33.017857,0.6851649389705677,-0.9789565238128861,-0.20406892091690518,0.0,0.0,0.0
1647797352,41.0,0.19999993,0.201596,178604.28,102507.79,110214.87,117505.375,120256.93,130807.96,138638.56,151036.95,159055.95,400.0,1024.0,33.357822,0.6881939562124276,-0.9909831997148363,-0.13398618541829188,0.0,0.0,0.0
1647797392,41.0,0.19999993,0.20065698,178604.28,102507.79,110214.87,117505.375,120256.93,130807.96,138638.56,151036.95,159055.95,400.0,512.0,33.226753,0.6883178423981888,-0.9913687565335235,-0.13110296933775112,0.0,0.0,0.0
1647797466,41.0,0.19999993,0.20131102,178604.28,102507.79,110214.87,117505.375,120256.93,130807.96,138638.56,151036.95,159055.95,400.0,896.0,33.243137,0.6885470318418468,-0.9920599199341991,-0.12576611332211324,0.0,0.0,0.0
1647797565,41.0,0.19999993,0.200313,178604.28,102507.79,110214.87,117505.375,120256.93,130807.96,138638.56,151036.95,159055.95,400.0,768.0,33.050625,0.6888536501516057,-0.9929396527372348,-0.11862059695541698,0.0,0.0,0.0
1647797859,41.0,0.19999993,0.201054,178604.28,102507.79,110214.87,117505.375,120256.93,130807.96,138638.56,151036.95,159055.95,400.0,128.0,33.15712,0.6897642136169501,-0.9952486655831865,-0.0973657725018743,0.0,0.0,0.0
1647797875,41.0,0.19999993,0.20053901,178604.28,102507.79,110214.87,117505.375,120256.93,130807.96,138638.56,151036.95,159055.95,400.0,384.0,32.78848,0.6898137680912546,-0.9953612820670029,-0.09620768244756922,0.0,0.0,0.0
1647797892,41.0,0.19999993,0.20032,178604.28,102507.79,110214.87,117505.375,120256.93,130807.96,138638.56,151036.95,159055.95,400.0,640.0,33.53395,0.689866419720203,-0.9954794605355862,-0.0949770690839545,0.0,0.0,0.0
1647797978,41.0,0.19999993,0.201284,178604.28,102507.79,110214.87,117505.375,120256.93,130807.96,138638.56,151036.95,159055.95,400.0,255.99997,33.93536,0.6901327750195895,-0.996053984026992,-0.08874942762608057,0.0,0.0,0.0
1647799145,51.0,0.19999993,0.20095,178604.28,102507.79,110214.87,117505.375,120256.93,130807.96,138638.56,151036.95,159055.95,400.0,1024.0,34.39411,0.6937471544891708,-0.9999920011591458,-0.0039997022047922786,0.0,0.0,0.0
1647799203,51.0,0.19999993,0.201186,178604.28,102507.79,110214.87,117505.375,120256.93,130807.96,138638.56,151036.95,159055.95,400.0,512.0,34.74227,0.6939267894585245,-0.9999999762017642,0.00021816615476865942,0.0,0.0,0.0
1647799324,51.0,0.19999993,0.201635,178604.28,102507.79,110214.87,117505.375,120256.93,130807.96,138638.56,151036.95,159055.95,400.0,896.0,34.664448,0.694301545170452,-0.9999593423115644,0.009017412257603665,0.0,0.0,0.0
1647799396,51.0,0.19999993,0.20168099,178604.28,102507.79,110214.87,117505.375,120256.93,130807.96,138638.56,151036.95,159055.95,400.0,768.0,34.381824,0.6945245403048219,-0.9998984202718829,0.014253039598380724,0.0,0.0,0.0
1647799666,1.0,0.62307006,1.4180318,21015.99,730.7676,22899.098,36695.15,12205.376,9206.527,26836.762,15274.504,18659.852,107.60565,89.35669,52.858715,0.6953607720587096,-0.9994258405383034,0.033881990264824954,1.0,4.5,9.966666666666667
1647799721,1.0,0.1,1.1056024,26412.668,101.13,20774.508,26569.643,20342.074,14806.006,14986.494,22007.719,24035.953,100.0,345.77765,53.438385,0.6955311155641313,-0.9992823284188944,0.03787912498610425,1.0,5.416666666666667,9.05
1647799812,1.0,0.1,1.9239987,25750.422,101.13,9376.887,23704.215,13102.029,465.7246,19250.072,39293.816,29028.715,100.0,339.69193,56.43428,0.6958129566367378,-0.9990097760809875,0.044491204688288495,1.0,6.933333333333334,7.533333333333333
1647799814,1.0,0.1,0.79984164,31480.59,101.13,22156.91,17649.236,21019.373,5747.5444,4343.3613,24741.004,20879.39,100.0,241.78577,49.67776,0.6958191509460259,-0.9990032945310736,0.04463650429929562,1.0,6.966666666666667,7.5
1647799820,1.0,0.17436439,0.5720885,33097.71,1751.7788,12726.733,26680.736,16894.092,997.8086,10390.19,37121.64,19192.426,100.0,65.0,49.255188,0.69583773387389,-0.9989837230844637,0.04507239745457948,1.0,7.066666666666666,7.4
1647799850,1.0,0.15736133,1.2262406,24918.63,186.34961,17025.291,19128.3,21128.016,3996.1182,3261.417,36303.402,20280.273,100.0,403.53864,60.36718,0.695930648513211,-0.9988830130412104,0.0472517328540771,1.0,7.566666666666666,6.9
1647799900,1.0,0.11634874,1.1000227,45891.79,101.13,12384.455,38482.863,18961.492,1753.0,6745.369,34554.67,24021.738,100.0,109.82193,57.950737,0.6960855062454123,-0.9987045980408904,0.05088345361690244,1.0,8.4,6.066666666666666
1647799933,1.0,0.87550056,1.3923284,27141.473,2102.3271,18294.822,11142.744,15924.539,165.0,175.0,36329.42,19513.562,498.99997,343.43652,45.97141,0.6961877123486653,-0.9985796107806014,0.05328002377310492,1.0,8.95,5.516666666666667
1647800264,1.0,0.19999993,0.20502701,1400.0029,899.001,999.0,1085.999,1096.999,1192.001,1203.0,1293.998,1304.9971,500.0,640.0,31.916033,0.6972128705358387,-0.9970079501749866,0.07729907688887125,0.0,0.0,0.0
1647800275,1.0,0.19999993,0.202318,1585.998,898.0,1000.999,1094.0,1105.0,1199.998,1293.999,1395.999,1489.001,500.0,128.0,33.501183,0.697246939236923,-0.9969457963623348,0.07809660117745248,0.0,0.0,0.0
1647800286,1.0,0.19999993,0.202199,1590.002,903.0,1005.0,1096.0,1101.998,1197.001,1286.001,1307.0,1399.002,500.0,384.0,33.21037,0.6972810079380074,-0.9968830045960054,0.07889407549138615,0.0,0.0,0.0
1647800386,1.0,0.19999993,0.203234,1406.999,893.0,999.0,1084.001,1098.001,1194.001,1283.0,1303.0,1391.9971,500.0,255.99997,34.156544,0.6975907234024102,-0.9962829157985411,0.08614146323320145,0.0,0.0,0.0
1647801453,10.999998,0.19999993,0.200014,51895.008,39098.992,40800.996,41598.004,42507.0,44108.0,45996.008,47505.008,48700.008,500.0,1024.0,32.71885,0.7008953874075886,-0.9866077703254486,0.16311072169985297,0.0,0.0,0.0
1647801476,10.999998,0.19999993,0.200006,52502.0,38403.0,40606.0,41704.0,42306.99,43994.996,45399.004,46904.004,48193.0,500.0,512.0,32.976894,0.7009666219644013,-0.9863335702112215,0.16476070003002938,0.0,0.0,0.0
1647801665,10.999998,0.19999993,0.199995,50046.004,38504.992,40595.996,41704.0,42496.008,44297.996,45550.996,47192.992,47850.008,500.0,768.0,33.325054,0.7015519841921227,-0.9839759304975322,0.17830134099752482,0.0,0.0,0.0
1647801697,10.999998,0.19999993,0.199992,49802.004,40603.008,42102.004,43194.992,43531.004,45199.008,46701.0,48202.016,48504.004,500.0,896.0,33.12845,0.7016510931407316,-0.9835583404898923,0.18059067210896892,0.0,0.0,0.0
1647802072,10.999998,0.19999993,0.20001602,51506.004,38999.0,41006.004,41901.996,42992.004,44499.0,46590.99,47998.0,49094.0,500.0,384.0,32.681984,0.7028125261322423,-0.9782683933118155,0.20734259245779468,0.0,0.0,0.0
1647802081,10.999998,0.19999993,0.199938,49406.0,39406.004,41799.0,42798.996,43303.004,45199.008,46494.008,47802.004,48893.996,500.0,640.0,32.964607,0.7028404005240385,-0.9781324783825281,0.2079828231687731,0.0,0.0,0.0
1647802116,10.999998,0.19999993,0.20002002,50904.008,40296.008,42299.996,43493.004,44098.0,45499.996,46702.008,47999.008,49096.004,500.0,128.0,34.504704,0.7029488009365795,-0.9775999377647907,0.21047175982130562,0.0,0.0,0.0
1647802220,10.999998,0.19999993,0.200014,52007.008,40206.0,41995.0,43105.0,43800.004,45797.996,47601.992,49470.004,50492.008,500.0,255.99997,33.263615,0.7032709050195586,-0.9759801759455133,0.2178593494926599,0.0,0.0,0.0
1647803179,21.0,0.19999993,0.200018,92405.99,72097.984,76003.0,79100.01,80792.01,84306.98,87400.99,89399.04,89793.984,500.0,1024.0,32.77619,0.7062410763231819,-0.9584263903335597,0.2853398926056136,0.0,0.0,0.0
1647803190,21.0,0.19999993,0.20007199,91301.02,70804.016,75591.98,78507.984,80301.0,83795.02,85498.99,87997.016,89492.01,500.0,512.0,32.161793,0.7062751450242662,-0.9581978281773966,0.2861064873017042,0.0,0.0,0.0
1647803358,21.0,0.19999993,0.200059,95003.01,69901.03,74403.05,77492.01,79597.984,83302.0,85902.96,87999.99,91692.99,500.0,768.0,32.99328,0.706795467004463,-0.9546309543537911,0.2977914387445854,0.0,0.0,0.0
1647803473,21.0,0.19999993,0.200061,93401.01,73901.99,77947.016,80201.0,81397.05,84989.02,87795.0,89799.03,91297.016,500.0,896.0,32.61235,0.7071516397885262,-0.9521071594345772,0.30576454495807803,0.0,0.0,0.0
1647803885,1.0,0.1,0.8476647,218.0,101.13,20352.5,25079.984,5290.55,20424.11,41725.348,36226.42,17033.887,100.0,65.0,64.42441,0.708427667501866,-0.9425200531812429,0.33414959127795907,1.0,6.866666666666666,34.55
1647803903,1.0,0.26891512,0.9933425,218.0,101.13,30638.139,29747.693,5483.098,23944.4,45732.305,33821.37,21719.043,210.50061,65.0,54.41284,0.7084834162854585,-0.9420818450227958,0.33538306051207306,1.0,7.166666666666667,34.25
1647803917,1.0,0.16105795,0.47618732,218.0,101.13,18199.281,25781.328,2944.6938,24805.857,23314.197,43543.92,18450.791,100.0,65.0,65.924,0.7085267764504749,-0.9417399004046202,0.3363420282776091,1.0,7.4,34.016666666666666
1647804069,1.0,0.5614587,1.5798136,218.0,3487.9614,28110.828,23758.703,9221.867,15165.42,23780.562,30153.824,18027.793,181.93906,65.0,63.27802,0.7089975439563673,-0.9379646019088516,0.34673102769433484,1.0,9.933333333333334,31.483333333333334
1647805108,1.0,0.4239733,1.8190478,18970.432,3432.6191,13806.248,34087.258,28319.053,165.0,5800.9863,27243.016,4070.4277,326.8921,396.87677,60.718937,0.7122154876315129,-0.9091149794068757,0.4165452607076884,1.0,27.25,14.166666666666666
1647805123,1.0,0.70129037,1.4132909,29612.408,1729.9839,12398.574,28789.963,20741.07,165.0,6493.384,23029.797,12325.793,144.67734,414.46985,58.084274,0.7122619449511733,-0.9086600582210393,0.4175367032893484,1.0,27.5,13.916666666666666
1647805323,1.0,0.5172472,1.2853531,35908.465,3516.497,24998.457,26964.418,24458.996,165.0,175.0,25449.207,3408.1367,319.15674,137.03195,41.47821,0.712881375879979,-0.9024913399193473,0.4307080001237278,1.0,30.833333333333332,10.583333333333334
1647805536,1.0,0.46598265,1.6411474,27391.215,101.13,25773.322,27317.377,11854.861,165.0,175.0,32344.969,15309.264,622.4016,737.5748,49.70044,0.7135410698191571,-0.895711760239413,0.4446351791849271,1.0,34.38333333333333,7.033333333333333
1647805958,31.0,0.19999993,0.20016,160512.03,102507.79,110214.87,117505.375,120256.93,130807.96,138638.56,147405.97,152294.83,500.0,384.0,33.43565,0.7148480690789372,-0.8816468676099262,0.47190973801523245,0.0,0.0,0.0
1647805979,31.0,0.19999993,0.200033,157706.06,102507.79,110214.87,117505.375,120256.93,130807.96,138638.56,148303.12,150189.89,500.0,640.0,33.230846,0.7149131093264618,-0.8809251566535897,0.47325560575110825,0.0,0.0,0.0
1647806008,31.0,0.19999993,0.20008,154686.83,102507.79,110214.87,117505.375,120256.93,130807.96,138638.56,149504.9,150803.98,500.0,128.0,33.792,0.7150029268111386,-0.8799251309347614,0.4751123698131244,0.0,0.0,0.0
1647806186,31.0,0.19999993,0.200255,156303.06,102507.79,110214.87,117505.375,120256.93,130807.96,138638.56,150306.94,152401.9,500.0,255.99997,33.808384,0.7155542203377757,-0.8737014791800202,0.48646246029744655,0.0,0.0,0.0
1647807248,41.0,0.19999993,0.202045,178604.28,102507.79,110214.87,117505.375,120256.93,130807.96,138638.56,151036.95,159055.95,500.0,1024.0,33.574913,0.718843398569734,-0.8335645770432962,0.5524220269853752,0.0,0.0,0.0
1647807275,41.0,0.19999993,0.201978,178604.28,102507.79,110214.87,117505.375,120256.93,130807.96,138638.56,151036.95,159055.95,500.0,512.0,34.430977,0.7189270217451228,-0.8324782928005551,0.5540576612735116,0.0,0.0,0.0
1647807510,41.0,0.19999993,0.20084798,178604.28,102507.79,110214.87,117505.375,120256.93,130807.96,138638.56,151036.95,159055.95,500.0,768.0,34.39411,0.7196548530864695,-0.8228885216108303,0.5682028519825838,0.0,0.0,0.0
1647807762,41.0,0.19999993,0.20021202,178604.28,102507.79,110214.87,117505.375,120256.93,130807.96,138638.56,151036.95,159055.95,500.0,896.0,33.861633,0.7204353360567647,-0.8123380674655879,0.5831868175347192,0.0,0.0,0.0
1647808149,41.0,0.19999993,0.20051199,178604.28,102507.79,110214.87,117505.375,120256.93,130807.96,138638.56,151036.95,159055.95,500.0,384.0,34.238464,0.7216339349040037,-0.7956056680831508,0.6058148404537176,0.0,0.0,0.0
1647808182,41.0,0.19999993,0.200576,178604.28,102507.79,110214.87,117505.375,120256.93,130807.96,138638.56,151036.95,159055.95,500.0,640.0,34.23027,0.7217361410072566,-0.7941495272161562,0.6077224106632532,0.0,0.0,0.0
1647808216,41.0,0.19999993,0.200691,178604.28,102507.79,110214.87,117505.375,120256.93,130807.96,138638.56,151036.95,159055.95,500.0,128.0,34.848766,0.7218414442651536,-0.7926444773219952,0.6096841252410473,0.0,0.0,0.0
1647808407,41.0,0.19999993,0.200736,178604.28,102507.79,110214.87,117505.375,120256.93,130807.96,138638.56,151036.95,159055.95,500.0,255.99997,34.758656,0.7224330008021631,-0.784099829713649,0.6206347211065674,0.0,0.0,0.0
1647809387,51.0,0.19999993,0.201824,178604.28,102507.79,110214.87,117505.375,120256.93,130807.96,138638.56,151036.95,159055.95,500.0,1024.0,34.738174,0.725468212353311,-0.7379157012241759,0.6748928936407855,0.0,0.0,0.0
1647809417,51.0,0.19999993,0.201882,178604.28,102507.79,110214.87,117505.375,120256.93,130807.96,138638.56,151036.95,159055.95,500.0,512.0,34.820095,0.7255611269926319,-0.7364415583971422,0.6765011685618796,0.0,0.0,0.0
1647809694,51.0,0.19999993,0.20167902,178604.28,102507.79,110214.87,117505.375,120256.93,130807.96,138638.56,151036.95,159055.95,500.0,768.0,35.045376,0.7264190388290278,-0.7226656227773289,0.6911977992267159,0.0,0.0,0.0
1647809911,1.0,0.19999993,0.20053901,1791.998,801.0,912.999,1005.999,1092.001,1196.0,1292.999,1388.0,1397.998,600.0,1024.0,33.88211,0.727091121386782,-0.7116685196738805,0.7025154219696444,0.0,0.0,0.0
1647809931,1.0,0.5583208,1.2143223,7638.6597,101.13,19830.61,40096.727,2312.4243,22152.969,56849.984,9564.715,23803.078,100.0,65.0,52.14705,0.7271530644796625,-0.710646000039622,0.7035497584589776,1.0,0.3333333333333333,16.533333333333335
1647809949,1.0,0.35679686,0.84340703,16766.176,101.13,16617.21,30697.143,11564.2,13844.404,62417.652,22683.64,22429.812,100.0,65.0,66.12677,0.727208813263255,-0.7097244469860955,0.704479388875417,1.0,0.6333333333333333,16.233333333333334
1647810217,1.0,0.1,0.8952285,19187.35,1229.6162,18222.898,23664.016,24830.535,7350.63,32155.283,22871.582,25764.04,100.0,65.0,56.086002,0.7280388507078547,-0.6958605711341059,0.7181769040709369,1.0,5.1,11.766666666666667
1647810392,1.0,0.1690312,1.2785863,31265.9,1150.0767,15213.117,30817.922,22366.885,3636.7104,17934.498,26338.184,27009.61,100.0,357.8258,68.71046,0.7285808527705597,-0.6866646905421451,0.7269742792992474,1.0,8.016666666666667,8.85
1647810426,1.0,0.4080499,1.0521996,31359.102,2571.4468,21611.885,29225.418,21385.143,5222.7227,15556.615,25804.906,25467.19,100.0,403.61804,48.41107,0.7286861560284567,-0.684865113321849,0.7286698680161345,1.0,8.583333333333334,8.283333333333333
1647810486,1.0,0.1,1.7210699,30684.457,6940.5713,14831.325,23778.377,24187.496,165.0,12802.028,34524.29,29775.66,100.0,234.09787,45.198975,0.7288719853070984,-0.6816791818989464,0.7316512099119246,1.0,9.583333333333334,7.283333333333333
1647810498,1.0,0.1,1.3764855,38196.22,101.13,9521.292,20873.152,21954.588,165.0,6495.775,28823.607,14817.086,100.0,65.0,45.563244,0.7289091511628267,-0.681040436286352,0.7322458085526303,1.0,9.783333333333333,7.083333333333333
1647810694,1.0,0.104900956,1.9239987,32633.441,7060.32,12309.537,23029.78,23133.924,165.0,175.0,48447.656,24661.36,336.57327,926.8777,35.549007,0.7295161934730563,-0.6705345278789483,0.7418783235289707,1.0,13.05,3.816666666666667
1647810923,1.0,0.19999993,0.202371,1603.999,810.999,999.0,1096.0,1102.999,1206.001,1301.998,1392.999,1401.999,600.0,384.0,31.973375,0.7302254418865388,-0.6580873607137061,0.752941581843418,0.0,0.0,0.0
1647810987,1.0,0.19999993,0.20236802,1594.9971,904.99805,1005.999,1099.001,1112.001,1216.001,1299.0,1390.999,1394.999,600.0,640.0,31.768576,0.7304236597837567,-0.6545758964907267,0.7559962934653592,0.0,0.0,0.0
1647811056,1.0,0.19999993,0.202276,1507.0,919.0,1098.001,1111.0,1193.999,1291.001,1306.999,1400.001,1485.0,600.0,128.0,33.10387,0.7306373634541946,-0.6507742172658507,0.759271307334881,0.0,0.0,0.0
1647811273,1.0,0.19999993,0.203451,1511.001,987.0,1097.001,1109.0,1193.999,1291.999,1307.999,1393.999,1401.999,600.0,255.99997,32.54272,0.7313094460119488,-0.6387118635120075,0.769446005518918,0.0,0.0,0.0
1647812178,10.999998,0.19999993,0.200036,53201.0,41103.0,43101.0,44497.992,44999.996,47100.008,48702.996,50104.996,51300.01,600.0,1024.0,34.07872,0.7341123709647946,-0.5867257482486657,0.8097857101369741,0.0,0.0,0.0
1647812196,10.999998,0.19999993,0.200014,52599.0,41395.0,42998.004,44095.008,44705.004,46307.0,48030.996,49603.004,50502.004,600.0,512.0,32.69427,0.7341681197483871,-0.5856652388662802,0.810553038353261,0.0,0.0,0.0
1647812474,10.999998,0.19999993,0.20002198,52901.0,41103.0,42995.016,44000.996,44797.0,46695.008,47909.004,48899.0,49804.0,600.0,768.0,33.439743,0.735029128739427,-0.5691599414063195,0.8222268306850335,0.0,0.0,0.0
1647812801,10.999998,0.19999993,0.200008,54098.004,41904.0,43506.01,44497.992,45405.004,47000.996,48095.0,49303.0,49902.008,600.0,896.0,32.403458,0.7360418983080245,-0.5494482182296156,0.8355277706242329,0.0,0.0,0.0
1647813212,10.999998,0.19999993,0.199963,50899.004,41693.992,43204.004,44099.0,44793.996,46103.0,47500.0,48906.01,49303.008,600.0,384.0,32.75571,0.7373148288667202,-0.5242336411199481,0.8515744767888017,0.0,0.0,0.0
1647813245,10.999998,0.19999993,0.200028,54398.004,41106.0,42802.008,44003.0,44496.996,46298.0,47800.0,49199.0,50203.008,600.0,640.0,32.751617,0.7374170349699731,-0.5221885014698243,0.8528300938244964,0.0,0.0,0.0
1647813337,10.999998,0.19999993,0.19999,53405.004,41498.992,43103.008,43999.0,44500.004,46894.996,48000.0,49598.01,50404.0,600.0,128.0,33.308674,0.7377019731972237,-0.5164710580012595,0.8563046456997998,0.0,0.0,0.0
1647813529,10.999998,0.19999993,0.199994,50905.004,41093.008,42564.992,43791.996,44400.01,45901.99,46897.0,48503.008,49402.004,600.0,255.99997,33.660927,0.7382966268888772,-0.5044648345847074,0.8634322386078851,0.0,0.0,0.0
1647814323,21.0,0.19999993,0.200135,95091.016,74491.97,77392.984,79501.99,80594.99,83796.98,85504.016,88600.99,90105.97,600.0,1024.0,33.603584,0.7407557676762359,-0.4537961014681179,0.8911055483456142,0.0,0.0,0.0
1647814335,21.0,0.19999993,0.200177,96104.01,74101.016,77299.01,79087.0,80307.984,83792.01,85693.05,89705.99,91096.99,600.0,512.0,33.513474,0.7407929335319642,-0.4530182924840116,0.8915012207926978,0.0,0.0,0.0
1647814609,21.0,0.19999993,0.200071,94800.0,74399.0,77200.98,78698.96,79800.01,82699.01,86103.0,89200.99,90406.016,600.0,768.0,33.656834,0.741641553904428,-0.435165625192866,0.900350419920212,0.0,0.0,0.0
1647815020,21.0,0.19999993,0.200026,94494.01,76890.99,80001.02,81901.984,82901.016,85101.01,87392.016,90599.0,92300.0,600.0,896.0,33.234943,0.7429144844631237,-0.40806491041087084,0.9129529171273664,0.0,0.0,0.0
1647815393,1.0,0.13391042,0.8018271,218.0,101.13,19187.32,17285.74,6164.859,19381.998,46715.93,25381.129,15465.92,134.92633,65.0,68.26228,0.7440697231453464,-0.38315368767009655,0.9236846061425978,1.0,6.216666666666667,42.35
1647815443,1.0,0.44182846,0.6218959,218.0,101.13,19704.746,25148.387,8412.626,19258.984,56315.375,25679.527,27810.037,100.0,65.0,56.74317,0.7442245808775478,-0.37979255018421015,0.9250716830735736,1.0,7.05,41.516666666666666
1647815534,1.0,0.4407452,0.7260479,218.0,101.13,19953.71,25016.934,4571.125,14040.44,24131.422,33485.867,22512.617,264.51373,65.0,63.658585,0.7445064219501544,-0.3736624254536835,0.9275647642100634,1.0,8.566666666666666,40.0
1647815733,1.0,0.4895726,0.5454798,218.0,101.13,18708.312,20407.547,8175.4375,15657.627,30247.676,35172.195,14335.608,146.7049,65.0,67.82909,0.7451227557243161,-0.36020033843803273,0.9328749735034844,1.0,11.883333333333333,36.68333333333333
1647816601,1.0,0.5651456,0.93696105,17144.502,101.13,8862.817,25989.715,25884.867,1064.0635,27453.168,14467.939,8209.592,103.93973,293.18994,53.499245,0.7478110859553329,-0.3006364424553495,0.9537388161691812,1.0,26.35,22.216666666666665
1647816619,1.0,0.29518205,1.4024493,8669.473,5047.3247,16409.281,30240.24,19510.664,165.0,11703.017,19428.088,14195.055,116.92059,175.0499,56.266563,0.7478668347389253,-0.29938774405473595,0.9541315311369895,1.0,26.65,21.916666666666668
1647816949,1.0,0.1,1.6352308,25940.938,4241.6787,16010.504,26245.867,24911.91,165.0,1644.8574,22598.066,17982.553,261.6548,349.91272,56.937706,0.7488888957714548,-0.27640622169887663,0.961040894346412,1.0,32.15,16.416666666666668
1647817503,1.0,0.719117,1.738425,21962.568,4805.8076,15779.438,23809.002,13685.635,165.0,175.0,29232.982,19564.445,642.44617,485.94995,52.559746,0.7506047194442466,-0.23747397270533221,0.9713939017142053,1.0,41.38333333333333,7.183333333333334
1647817934,31.0,0.19999993,0.200454,162805.94,102507.79,110214.87,117505.375,120256.93,130807.96,138638.56,151036.95,156598.02,600.0,384.0,33.95584,0.7519395930958229,-0.20691572262300137,0.9783587704576482,0.0,0.0,0.0
1647817969,31.0,0.19999993,0.200028,163298.92,102507.79,110214.87,117505.375,120256.93,130807.96,138638.56,151036.95,158193.88,600.0,640.0,33.439743,0.7520479935083638,-0.20442486605580554,0.9788822575458531,0.0,0.0,0.0
1647818103,31.0,0.19999993,0.200054,162501.98,102507.79,110214.87,117505.375,120256.93,130807.96,138638.56,151036.95,155206.97,600.0,128.0,33.697792,0.7524630122306637,-0.19487634322004377,0.9808278191676578,0.0,0.0,0.0
1647818306,31.0,0.19999993,0.200089,157700.95,102507.79,110214.87,117505.375,120256.93,130807.96,138638.56,151036.95,153999.75,600.0,255.99997,34.824192,0.7530917346234015,-0.18037608867009444,0.98359771585546,0.0,0.0,0.0
1647819158,41.0,0.19999993,0.20109698,178604.28,102507.79,110214.87,117505.375,120256.93,130807.96,138638.56,151036.95,159055.95,600.0,512.0,34.89792,0.7557305103801137,-0.119126041828704,0.9928791397537899,0.0,0.0,0.0
1647819167,41.0,0.19999993,0.201,178604.28,102507.79,110214.87,117505.375,120256.93,130807.96,138638.56,151036.95,159055.95,600.0,1024.0,34.9184,0.75575838477191,-0.11847617848282811,0.9929568949013371,0.0,0.0,0.0
1647819469,41.0,0.19999993,0.200893,178604.28,102507.79,110214.87,117505.375,120256.93,130807.96,138638.56,151036.95,159055.95,600.0,768.0,35.09043,0.7566937254744066,-0.09664198156596984,0.9953192087963553,0.0,0.0,0.0
1647820058,41.0,0.19999993,0.200701,178604.28,102507.79,110214.87,117505.375,120256.93,130807.96,138638.56,151036.95,159055.95,600.0,896.0,34.7136,0.7585179495597395,-0.053933581141637536,0.9985445252091859,0.0,0.0,0.0
1647820422,41.0,0.19999993,0.201525,178604.28,102507.79,110214.87,117505.375,120256.93,130807.96,138638.56,151036.95,159055.95,600.0,384.0,34.97165,0.7596453138501659,-0.02748547388587421,0.9996222029973468,0.0,0.0,0.0
1647820482,41.0,0.19999993,0.200566,178604.28,102507.79,110214.87,117505.375,120256.93,130807.96,138638.56,151036.95,159055.95,600.0,640.0,34.295807,0.7598311431288076,-0.023123551404393896,0.9997326149378385,0.0,0.0,0.0
1647820588,41.0,0.19999993,0.200589,178604.28,102507.79,110214.87,117505.375,120256.93,130807.96,138638.56,151036.95,159055.95,600.0,128.0,34.930687,0.7601594415210746,-0.015416464328868848,0.9998811592522366,0.0,0.0,0.0
1647820789,41.0,0.19999993,0.20053901,178604.28,102507.79,110214.87,117505.375,120256.93,130807.96,138638.56,151036.95,159055.95,600.0,255.99997,35.352577,0.7607819696045244,-0.0007999424885156039,0.9999996800459563,0.0,0.0,0.0
1647821623,51.0,0.19999993,0.201724,178604.28,102507.79,110214.87,117505.375,120256.93,130807.96,138638.56,151036.95,159055.95,600.0,512.0,35.569664,0.7633649965776441,0.05981452421168241,0.9982095084166099,0.0,0.0,0.0
1647821636,51.0,0.19999993,0.20184,178604.28,102507.79,110214.87,117505.375,120256.93,130807.96,138638.56,151036.95,159055.95,600.0,1024.0,35.414017,0.7634052595880165,0.060758191312591595,0.9981525144928617,0.0,0.0,0.0
1647822027,51.0,0.19999993,0.20213199,178604.28,102507.79,110214.87,117505.375,120256.93,130807.96,138638.56,151036.95,159055.95,600.0,768.0,35.270657,0.7646162470538317,0.0891115972001464,0.9960216479798212,0.0,0.0,0.0
1647822356,1.0,0.19999993,0.20071098,1509.0,1007.999,1105.001,1192.998,1199.999,1291.001,1301.998,1392.999,1405.0,700.0,1024.0,32.464897,0.765635210931717,0.1129141906453055,0.9936047431201783,0.0,0.0,0.0
1647822360,14.580011,0.6102847,0.95500636,218.0,101.13,28057.807,35708.586,153.0,31542.785,47893.812,14790.223,16167.182,100.0,65.0,68.89667,0.7656475995502932,0.11320321376790671,0.9935718556765875,1.0,0.06666666666666667,25.216666666666665
1647822766,1.0,0.1,0.7503209,15991.201,101.13,17543.488,16881.25,22495.2,11208.015,33331.062,31882.098,19361.006,100.0,65.0,72.2157,0.7669050443357688,0.14248497508003952,0.9897969649763736,1.0,6.833333333333333,18.45
1647822820,1.0,0.19608593,0.7489996,5198.6035,695.0635,22639.262,24657.783,15020.489,9131.343,37451.895,22252.312,21809.51,100.0,65.0,43.16002,0.7670722906865463,0.14637079003469441,0.9892297972789839,1.0,7.733333333333333,17.55
1647823244,1.0,0.47273415,0.6860157,29505.34,3856.104,12466.141,29678.594,31756.195,165.0,11250.5205,32554.371,23924.719,256.62634,278.3523,47.819717,0.7683854842556144,0.1767984419341452,0.9842470781920862,1.0,14.8,10.483333333333333
1647823286,1.0,0.1,1.3905817,26891.002,1457.25,16622.074,30081.621,22185.281,289.14453,12130.64,31916.791,27998.465,100.0,187.74832,57.722313,0.7685155647506635,0.17980382422176167,0.9837024879480736,1.0,15.5,9.783333333333333
1647823406,1.0,0.53151244,1.8363358,26764.04,3340.1367,22442.34,38310.746,18475.871,165.0,1878.0205,20980.496,18676.488,100.0,281.44284,50.064407,0.768887223307947,0.18838129252400262,0.9820959671167508,1.0,17.5,7.783333333333333
1647823496,1.0,0.4268347,0.8263339,29030.156,101.13,18218.129,23027.969,22145.54,165.0,175.0,36351.062,20772.555,100.0,109.072845,54.815315,0.7691659672259096,0.1948050148929731,0.9808419883816907,1.0,19.0,6.283333333333333
1647823705,1.0,0.45646623,1.9239987,48432.273,5606.4043,22087.979,24190.414,25517.312,165.0,175.0,40768.93,16227.844,914.4221,631.88885,43.463074,0.7698132725465116,0.20968966875302658,0.9777679902810513,1.0,22.483333333333334,2.8
1647823873,1.0,0.19999993,0.20139599,1495.998,895.999,995.0,1007.001,1090.0,1117.0,1204.998,1295.001,1301.001,700.0,384.0,33.726463,0.7703335945267084,0.2216194118957894,0.975133240265639,0.0,0.0,0.0
1647823902,1.0,0.19999993,0.202843,1313.999,815.0,993.0,1005.999,1092.001,1185.0,1203.0,1299.001,1303.998,700.0,640.0,34.390015,0.7704234120113851,0.22367541455210288,0.9746636901644304,0.0,0.0,0.0
1647824038,1.0,0.19999993,0.200018,1408.998,894.00195,996.999,1014.0,1100.001,1197.001,1212.999,1307.0,1380.998,700.0,128.0,34.39411,0.770844625042973,0.23330393591510143,0.972403863364663,0.0,0.0,0.0
1647824312,1.0,0.19999993,0.20271501,1491.0,809.0,909.999,1000.99805,1012.99805,1109.999,1202.001,1302.0,1394.999,700.0,255.99997,35.262463,0.7716932454154368,0.2526323059274016,0.9675623587148292,0.0,0.0,0.0
1647825002,10.999998,0.19999993,0.200021,51901.004,41400.992,43097.004,44097.996,44897.008,46595.992,47796.996,49495.004,50297.996,700.0,1024.0,33.705982,0.7738302821198165,0.30084450883090935,0.9536732047752463,0.0,0.0,0.0
1647825008,10.999998,0.19999993,0.20002002,53197.004,41491.0,42995.99,44106.996,44811.0,46398.008,48199.0,49495.004,50608.004,700.0,512.0,33.447937,0.7738488650476807,0.30126059861471594,0.9535418458160623,0.0,0.0,0.0
1647825400,10.999998,0.19999993,0.200035,51804.004,41300.0,42999.0,43999.0,44697.0,46205.996,47706.0,48991.996,49997.996,700.0,768.0,33.046528,0.7750629496681399,0.328317175213561,0.9445675372676048,0.0,0.0,0.0
1647826151,10.999998,0.19999993,0.200008,53406.008,41500.996,42905.996,43996.008,44800.0,46304.996,47601.992,49693.004,50698.008,700.0,896.0,33.54624,0.7773889128058054,0.3793888753762827,0.9252373107699016,0.0,0.0,0.0
1647826502,10.999998,0.19999993,0.19997498,53099.0,41093.008,43002.992,44202.004,44802.996,46302.0,47702.984,48802.996,49900.008,700.0,384.0,33.419266,0.7784760140858593,0.40287981225668473,0.9152528923068304,0.0,0.0,0.0
1647826524,10.999998,0.19999993,0.20004702,52500.0,40900.004,42802.992,44107.996,44805.996,46300.004,47800.996,49506.004,50599.004,700.0,640.0,33.153023,0.7785441514880279,0.40434359552874494,0.9146071597986136,0.0,0.0,0.0
1647826689,10.999998,0.19999993,0.200018,53596.0,41510.008,43398.0,44397.996,45198.996,46998.008,48598.0,50198.992,51199.008,700.0,128.0,33.886208,0.7790551820042927,0.4152887220521042,0.9096896599040412,0.0,0.0,0.0
1647826960,10.999998,0.19999993,0.200013,53198.004,41300.0,43200.992,44305.0,45399.0,47095.004,48597.004,50099.004,50504.0,700.0,255.99997,34.435074,0.7798945109128244,0.433134785866963,0.9013291614454623,0.0,0.0,0.0
1647827695,21.0,0.19999993,0.200052,100500.016,80098.01,83303.016,85404.96,86495.0,89704.016,92302.99,94608.99,95896.016,700.0,1024.0,33.800194,0.7821709195761853,0.4806699502857462,0.8769015901982948,0.0,0.0,0.0
1647827711,21.0,0.19999993,0.20018001,99101.0,80899.01,84098.99,86000.016,87198.97,90597.984,93198.0,95898.99,97594.03,700.0,512.0,34.443264,0.7822204740504898,0.4816899460077951,0.8763417118424796,0.0,0.0,0.0
1647828131,21.0,0.19999993,0.19999799,102895.99,81799.01,84310.97,86094.97,87497.96,91002.01,93391.96,95598.016,96894.016,700.0,768.0,33.05472,0.7835212790009818,0.5082274543465339,0.8612228832587078,0.0,0.0,0.0
1647828896,21.0,0.19999993,0.199984,101104.016,82004.99,85203.93,87102.98,88401.984,91299.97,93605.98,95707.98,96699.0,700.0,896.0,33.538048,0.7858906023036636,0.5553283448118791,0.8316311859523419,0.0,0.0,0.0
1647829271,1.8911991,0.1,0.020769387,218.0,101.13,17883.53,21475.652,4159.2837,16790.959,63458.094,24882.027,10545.879,100.0,65.0,52.26116,0.7870520352951743,0.5777982716551577,0.8161796109143579,1.0,6.25,47.766666666666666
1647829310,1.0,1.0212649,0.9757023,218.0,101.13,13212.479,20792.057,9616.796,20296.076,34483.508,15399.258,19204.68,100.0,65.0,59.26129,0.7871728243262914,0.5801107606988877,0.8145376021531221,1.0,6.9,47.11666666666667
1647829506,1.0,0.48383385,0.87139165,218.0,101.13,13274.159,22150.613,8368.893,20373.484,31477.1,31974.13,22846.025,188.20383,65.0,43.414738,0.787779866636521,0.591661469903397,0.806186520001266,1.0,10.166666666666666,43.85
1647829785,1.0,0.28194702,0.25193417,218.0,5628.496,24661.879,28717.227,5522.305,10222.7,35078.22,19731.047,13430.404,289.21555,65.0,73.23541,0.788643972782205,0.6078956527491955,0.7940169238552977,1.0,14.816666666666666,39.2
1647830531,1.0,0.1,1.0929523,19984.322,6334.7686,10576.859,23926.664,17296.906,1944.123,23445.387,19191.717,13948.208,235.77097,287.52606,43.690865,0.7909544501466502,0.6500561215770588,0.7598862012171245,1.0,27.25,26.766666666666666
1647830558,1.0,0.45509782,1.17174,14719.171,2038.1611,18241.18,21484.39,23779.105,2865.359,20938.02,17670.057,14742.219,311.9936,204.83026,69.09857,0.791038073322039,0.6515469006005152,0.7586083550277193,1.0,27.7,26.316666666666666
1647830973,1.0,0.1,1.0253026,16268.3125,1990.9126,14752.894,12985.134,30626.066,165.0,175.0,21545.217,2543.8662,258.54523,410.0835,52.021767,0.7923233924993108,0.6741412655743835,0.7386024330109999,1.0,34.61666666666667,19.4
1647831782,1.0,0.37333518,1.3980881,26617.535,7562.297,21032.096,31127.877,12247.173,165.0,175.0,33693.082,23822.484,753.859,436.49265,62.02567,0.7948289906063299,0.716403425356419,0.6976862705669289,1.0,48.1,5.916666666666667
1647832137,31.0,0.19999993,0.200103,155829.02,102507.79,110214.87,117505.375,120256.93,130807.96,138638.56,146287.95,151400.84,700.0,384.0,34.185215,0.7959284805049601,0.7341744006115982,0.6789609336969251,0.0,0.0,0.0
1647832169,31.0,0.19999993,0.20035198,155892.9,102507.79,110214.87,117505.375,120256.93,130807.96,138638.56,145897.98,148405.03,700.0,640.0,34.062336,0.796027589453569,0.7357524250928207,0.6772505954002797,0.0,0.0,0.0
1647832359,31.0,0.19999993,0.200283,163600.95,102507.79,110214.87,117505.375,120256.93,130807.96,138638.56,146089.95,150104.11,700.0,128.0,34.738174,0.7966160488359344,0.7450395955632411,0.6670202403547904,0.0,0.0,0.0
1647832647,31.0,0.19999993,0.20014599,161103.9,102507.79,110214.87,117505.375,120256.93,130807.96,138638.56,147302.02,149094.9,700.0,255.99997,35.192833,0.7975080293734147,0.7588452140122472,0.6512710197534561,0.0,0.0,0.0
1647833510,41.0,0.19999993,0.200761,178604.28,102507.79,110214.87,117505.375,120256.93,130807.96,138638.56,151036.95,159055.95,700.0,1024.0,35.10272,0.8001808738312113,0.7981976466717257,0.602395648098257,0.0,0.0,0.0
1647833526,41.0,0.19999993,0.200648,178604.28,102507.79,110214.87,117505.375,120256.93,130807.96,138638.56,151036.95,159055.95,700.0,512.0,35.278847,0.8002304283055157,0.7988980253555459,0.6014664953952211,0.0,0.0,0.0
1647833949,41.0,0.19999993,0.200553,178604.28,102507.79,110214.87,117505.375,120256.93,130807.96,138638.56,151036.95,159055.95,700.0,768.0,34.545666,0.8015405247199398,0.8170191208666183,0.5766105758120796,0.0,0.0,0.0
1647834816,41.0,0.19999993,0.20145202,178604.28,102507.79,110214.87,117505.375,120256.93,130807.96,138638.56,151036.95,159055.95,700.0,896.0,34.54157,0.8042257577963126,0.8517269341430477,0.5239859059700791,0.0,0.0,0.0
1647835219,41.0,0.19999993,0.200671,178604.28,102507.79,110214.87,117505.375,120256.93,130807.96,138638.56,151036.95,159055.95,700.0,384.0,34.869247,0.805473911117856,0.8667154363752646,0.49880291934674426,0.0,0.0,0.0
1647835222,41.0,0.19999993,0.200588,178604.28,102507.79,110214.87,117505.375,120256.93,130807.96,138638.56,151036.95,159055.95,700.0,640.0,34.664448,0.8054832025817881,0.8668242376638675,0.49861381950208217,0.0,0.0,0.0
1647835476,41.0,0.19999993,0.200435,178604.28,102507.79,110214.87,117505.375,120256.93,130807.96,138638.56,151036.95,159055.95,700.0,128.0,35.352577,0.8062698798613713,0.8758859370345622,0.4825182124076633,0.0,0.0,0.0
1647835781,41.0,0.19999993,0.201348,178604.28,102507.79,110214.87,117505.375,120256.93,130807.96,138638.56,151036.95,159055.95,700.0,255.99997,36.261887,0.8072145120278,0.8863719798361149,0.46297377178562277,0.0,0.0,0.0
1647836757,51.0,0.19999993,0.201737,178604.28,102507.79,110214.87,117505.375,120256.93,130807.96,138638.56,151036.95,159055.95,700.0,1024.0,36.143105,0.8102373349603719,0.9169730590096271,0.39894913090584233,0.0,0.0,0.0
1647836795,51.0,0.19999993,0.20162702,178604.28,102507.79,110214.87,117505.375,120256.93,130807.96,138638.56,151036.95,159055.95,700.0,512.0,36.27008,0.810355026836845,0.9180720275166208,0.39641361264659053,0.0,0.0,0.0
1647837200,51.0,0.19999993,0.202142,178604.28,102507.79,110214.87,117505.375,120256.93,130807.96,138638.56,151036.95,159055.95,700.0,768.0,35.774464,0.8116093744676766,0.9293475242268224,0.3692061473126844,0.0,0.0,0.0
1647837418,1.0,0.19999993,0.200768,1495.002,786.0,892.0,993.999,1010.0,1189.998,1215.999,1312.0029,1397.0,800.0,1024.0,35.254272,0.8122845541800747,0.9350836702525794,0.35442704415290516,0.0,0.0,0.0
1647837483,1.0,0.1,0.7943109,218.0,101.13,23149.908,19979.953,1018.876,32511.94,48405.63,20074.746,19675.035,100.0,65.0,65.54147,0.8124858692319367,0.9367485703549929,0.35000302275534256,1.0,1.0833333333333333,27.233333333333334
1647837859,1.0,0.78170645,0.36421874,8848.213,101.13,19316.047,15483.258,20866.0,9826.344,43392.562,22005.156,23771.574,100.0,65.0,61.51348,0.8136503993780914,0.945967516591104,0.3242614031217089,1.0,7.35,20.966666666666665
1647838053,1.0,0.1,0.43899578,218.0,2883.9404,12618.45,19882.322,16341.848,8621.499,33210.28,33800.28,14995.414,100.0,164.0469,58.977272,0.8142512473790329,0.9504479299251564,0.3108837925993973,1.0,10.583333333333334,17.733333333333334
1647838437,1.0,0.15383983,0.8958267,38446.484,101.13,11502.826,27051.117,25887.078,165.0,15148.819,28621.566,30326.338,100.0,92.31714,61.776634,0.8154405547623398,0.9587577495143255,0.2842245199595311,1.0,16.983333333333334,11.333333333333334
1647838465,1.0,0.19669807,1.055706,22885.977,1798.8398,16324.213,19303.283,26821.49,3999.768,11326.967,29059.066,22720.44,226.52469,152.59543,38.075954,0.8155272750923727,0.9593345044535282,0.2822716928154566,1.0,17.45,10.866666666666667
1647838708,1.0,0.1,1.3208163,32636.703,6323.9375,15218.533,21912.426,23379.639,165.0,2278.204,38047.47,10633.078,212.4845,406.21692,45.829407,0.8162798836708716,0.9641726105874128,0.26527566227050187,1.0,21.5,6.816666666666666
1647838780,1.0,0.42373687,0.72559965,33719.133,101.13,13431.534,22397.768,22485.742,165.0,670.04395,28430.625,11112.334,124.39145,459.8749,61.278725,0.8165028788052416,0.9655483677208332,0.2602236530210786,1.0,22.7,5.616666666666666
1647839032,1.0,0.8484323,1.6596792,38554.242,7353.269,13208.74,31878.25,18321.424,165.0,175.0,42194.074,10582.83,647.28534,634.43915,47.86436,0.8172833617755368,0.9701548176252554,0.2424863497983082,1.0,26.9,1.4166666666666667
1647839117,1.0,0.19999993,0.20167099,1599.0,798.999,907.0,1003.0,1083.001,1188.0,1208.999,1299.001,1307.999,800.0,384.0,32.82944,0.8175466199202792,0.9716351725503841,0.2364848651879972,0.0,0.0,0.0
1647839147,1.0,0.19999993,0.20170702,1507.0,797.999,990.001,1008.0,1094.0,1198.0,1293.999,1392.999,1404.002,800.0,640.0,34.279423,0.8176395345596001,0.9721487897628039,0.23436452496637714,0.0,0.0,0.0
1647839373,1.0,0.19999993,0.20332702,1690.998,792.0,900.0,997.001,1008.0,1115.999,1207.998,1320.0,1395.998,800.0,128.0,35.434498,0.8183394915091505,0.9758691472414859,0.2183561482124448,0.0,0.0,0.0
1647839693,1.0,0.19999993,0.202235,1498.001,783.0,891.0,987.999,1006.99805,1192.001,1208.999,1307.0,1388.998,800.0,255.99997,36.07347,0.8193305809952397,0.9806858417489415,0.19558956974534766,0.0,0.0,0.0
1647840333,10.999998,0.19999993,0.200008,53393.01,39695.004,41698.008,42890.0,43896.008,46301.0,47800.0,49400.0,50713.004,800.0,1024.0,34.02547,0.8213127599674179,0.9887237339654672,0.14975105306268818,0.0,0.0,0.0
1647840405,10.999998,0.19999993,0.199995,53899.0,39897.0,41694.996,42995.0,43804.008,46396.004,47601.992,49291.0,50198.0,800.0,512.0,34.009087,0.821535755101788,0.989494271882712,0.144572078601996,0.0,0.0,0.0
1647840777,10.999998,0.19999993,0.20001602,55196.996,39698.992,41898.0,43296.99,44001.004,46493.996,48596.004,50106.0,51398.008,800.0,768.0,33.81248,0.8226878966293666,0.9930427906396041,0.11775404858733086,0.0,0.0,0.0
1647841751,10.999998,0.19999993,0.200013,53099.0,40593.0,42594.992,43791.996,44699.996,46805.99,48599.01,49706.0,50801.004,800.0,896.0,33.251328,0.8257045252526504,0.9988864466428942,0.047179091906612916,0.0,0.0,0.0
1647842084,10.999998,0.19999993,0.19997601,53795.008,40607.004,43009.0,44203.0,44805.996,46797.004,48509.004,50099.004,51107.004,800.0,384.0,33.726463,0.8267358777491118,0.999735967547884,0.022978145945577767,0.0,0.0,0.0
1647842116,10.999998,0.19999993,0.19997299,53096.0,40690.008,42602.0,43906.0,45193.996,47196.004,48890.996,50394.008,51105.0,800.0,640.0,33.726463,0.8268349866977208,0.9997867330790687,0.020651594589352357,0.0,0.0,0.0
1647842337,10.999998,0.19999993,0.19999999,54302.996,40699.008,42697.004,43906.0,44797.0,46798.004,48401.0,50700.008,51800.0,800.0,128.0,33.923073,0.8275194578740511,0.9999895049963164,0.004581473258891809,0.0,0.0,0.0
1647842681,10.999998,0.19999993,0.200011,55200.004,40707.0,43107.0,44202.004,45203.0,46986.996,48802.0,50601.996,51301.0,800.0,255.99997,35.241985,0.828584879071597,0.9997912147648896,-0.020433474470736398,0.0,0.0,0.0
1647843363,21.0,0.19999993,0.2001,99800.0,80098.01,83306.04,84701.99,85895.95,88999.01,91400.98,94005.0,96101.0,800.0,1024.0,34.705406,0.8306971385388244,0.9975488080179128,-0.06997410679702493,0.0,0.0,0.0
1647843441,21.0,0.19999993,0.20011601,101201.02,80005.0,83000.01,84994.97,85991.03,88593.01,90709.99,93996.99,96603.98,800.0,512.0,33.972225,0.8309387166010586,0.9971358464854506,-0.07563136686417732,0.0,0.0,0.0
1647843814,21.0,0.19999993,0.20021202,99595.016,80073.99,82797.0,84905.016,86301.984,89391.01,91802.99,94889.04,95803.0,800.0,768.0,34.422783,0.8320939552832812,0.9947177571646012,-0.10264786204020801,0.0,0.0,0.0
1647844830,21.0,0.19999993,0.199993,99800.0,80606.02,83791.0,85503.984,86706.984,88896.99,90895.01,93393.98,94695.01,800.0,896.0,33.714176,0.8352406644016143,0.9844265680898916,-0.17579627993435454,0.0,0.0,0.0
1647845133,14.582336,0.1,0.5999827,218.0,101.13,21087.664,15098.019,153.0,22847.613,41373.414,23620.84,20058.396,100.0,65.0,53.258137,0.8361791022587549,0.9803142734349096,-0.1974434736824322,1.0,5.05,53.88333333333333
1647845194,1.0,0.1,0.5186293,218.0,101.13,15819.16,13719.065,7797.353,21461.867,25974.215,24598.65,26552.186,267.57343,65.0,45.364223,0.8363680286920406,0.9794287625975012,-0.20179023513720293,1.0,6.066666666666666,52.86666666666667
1647845445,1.0,0.22763544,0.6152705,218.0,3223.141,11576.857,17601.834,5674.492,18417.91,29446.107,35297.484,23282.959,100.0,65.0,56.271008,0.8371454145076918,0.9755824837308996,-0.21963337050058898,1.0,10.25,48.68333333333333
1647845763,1.0,0.13838392,1.1903275,218.0,101.13,19373.516,34102.355,11044.615,15379.415,22054.785,22188.68,16892.201,100.0,65.0,71.28494,0.8381303096844929,0.9702429240149527,-0.2421335755299433,1.0,15.55,43.38333333333333
1647846421,1.0,0.5289666,0.69522905,9632.613,101.13,21427.309,18639.469,15063.945,3350.8784,39608.31,25268.678,1547.1816,221.62607,200.95349,54.518093,0.8401682374402636,0.9575504000487309,-0.2882659039264188,1.0,26.516666666666666,32.416666666666664
1647846542,1.0,0.2778772,0.9834299,19711.498,3176.642,11240.677,17782.883,19892.871,9513.06,13945.74,22339.59,9063.096,100.0,200.4141,52.220367,0.840542993152191,0.954976804132329,-0.29668047385900437,1.0,28.533333333333335,30.4
1647846955,1.0,0.4492198,1.203185,25143.527,4953.7856,7934.0293,22874.17,29514.088,4269.1235,4467.954,18599.828,12183.021,291.08075,356.60257,57.73236,0.8418221180201748,0.9456368930136194,-0.3252243326867602,1.0,35.416666666666664,23.516666666666666
1647848036,1.0,0.63875854,1.55778,17354.629,5942.4346,26714.57,30471.545,13962.443,165.0,175.0,45694.023,21916.865,870.64734,790.46533,62.013577,0.8451701421903697,0.9171760269869007,-0.39848229009646585,1.0,53.43333333333333,5.5
1647848366,31.0,0.19999993,0.200461,153909.0,102507.79,110214.87,117505.375,120256.93,130807.96,138638.56,146903.83,149093.97,800.0,384.0,33.70189,0.8461922032228991,0.9073499603033527,-0.42037608107206126,0.0,0.0,0.0
1647848429,31.0,0.19999993,0.20034,153303.95,102507.79,110214.87,117505.375,120256.93,130807.96,138638.56,144695.14,146700.0,800.0,640.0,34.545666,0.8463873239654729,0.9054144958880677,-0.42452866880312845,0.0,0.0,0.0
1647848695,31.0,0.19999993,0.200073,152994.92,102507.79,110214.87,117505.375,120256.93,130807.96,138638.56,145399.94,147401.88,800.0,128.0,35.26656,0.8472111671007845,0.8970335029463004,-0.4419625488566761,0.0,0.0,0.0
1647849024,31.0,0.19999993,0.20032902,151892.95,102507.79,110214.87,117505.375,120256.93,130807.96,138638.56,146406.9,149293.95,800.0,255.99997,35.40992,0.84823013097867,0.8862035792312148,-0.4632960351198615,0.0,0.0,0.0
1647849820,41.0,0.19999993,0.20081201,178604.28,102507.79,110214.87,117505.375,120256.93,130807.96,138638.56,151036.95,159055.95,800.0,1024.0,35.012608,0.8506954660753167,0.8579154863278756,-0.5137908312911049,0.0,0.0,0.0
1647849946,41.0,0.19999993,0.20079699,178604.28,102507.79,110214.87,117505.375,120256.93,130807.96,138638.56,151036.95,159055.95,800.0,512.0,35.46317,0.8510857075604642,0.8531716827124379,-0.5216302136740425,0.0,0.0,0.0
1647850357,41.0,0.19999993,0.20082402,178604.28,102507.79,110214.87,117505.375,120256.93,130807.96,138638.56,151036.95,159055.95,800.0,768.0,35.323902,0.8523586381191599,0.8372020648204564,-0.546893684970273,0.0,0.0,0.0
1647851444,41.0,0.19999993,0.20048898,178604.28,102507.79,110214.87,117505.375,120256.93,130807.96,138638.56,151036.95,159055.95,800.0,896.0,35.06176,0.8557252452172189,0.7914013854951865,-0.6112968567204475,0.0,0.0,0.0
1647851761,41.0,0.19999993,0.201526,178604.28,102507.79,110214.87,117505.375,120256.93,130807.96,138638.56,151036.95,159055.95,800.0,384.0,34.226177,0.856707043239376,0.7771001939317371,-0.629376905034858,0.0,0.0,0.0
1647851831,41.0,0.19999993,0.200517,178604.28,102507.79,110214.87,117505.375,120256.93,130807.96,138638.56,151036.95,159055.95,800.0,640.0,35.299328,0.856923844064458,0.7738862684371003,-0.6333245957046831,0.0,0.0,0.0
1647852113,41.0,0.19999993,0.20040402,178604.28,102507.79,110214.87,117505.375,120256.93,130807.96,138638.56,151036.95,159055.95,800.0,128.0,35.971073,0.857797241674074,0.7607364714252932,-0.6490608762230198,0.0,0.0,0.0
1647852479,41.0,0.19999993,0.200334,178604.28,102507.79,110214.87,117505.375,120256.93,130807.96,138638.56,151036.95,159055.95,800.0,255.99997,36.077568,0.8589308002737884,0.7431934840631538,-0.6690765615727925,0.0,0.0,0.0
1647853431,51.0,0.19999993,0.201857,178604.28,102507.79,110214.87,117505.375,120256.93,130807.96,138638.56,151036.95,159055.95,800.0,1024.0,36.061184,0.8618792914949036,0.695129028438966,-0.7188849934596626,0.0,0.0,0.0
1647853539,51.0,0.19999993,0.20179,178604.28,102507.79,110214.87,117505.375,120256.93,130807.96,138638.56,151036.95,159055.95,800.0,512.0,36.405247,0.8622137841964587,0.6894615375335399,-0.7243222958475648,0.0,0.0,0.0
1647853945,51.0,0.19999993,0.20421898,178604.28,102507.79,110214.87,117505.375,120256.93,130807.96,138638.56,151036.95,159055.95,800.0,768.0,36.347904,0.8634712289819343,0.667778425842086,-0.7443601104169041,0.0,0.0,0.0
1647854166,1.0,0.19999993,0.20105702,1396.9971,783.999,886.0,987.0,1003.0,1114.001,1210.0029,1302.0,1313.001,900.00006,1024.0,34.750465,0.8641557001582646,0.6557296623719865,-0.7549957681242463,0.0,0.0,0.0
1647854249,1.0,0.32730943,0.620098,218.0,3295.6099,20337.023,26027.375,153.0,26171.455,50516.934,16704.594,20938.77,100.0,65.0,63.970848,0.864412763993719,0.6511606433028763,-0.7589399295157584,1.0,1.3833333333333333,33.9
1647854682,1.0,0.86946297,0.25795552,218.0,955.35645,16767.23,16560.55,10628.482,14392.931,32177.152,32796.883,27579.604,100.0,65.0,64.73381,0.8657538319545833,0.6269438020422563,-0.7790644832623294,1.0,8.6,26.683333333333334
1647855168,1.0,0.29851985,0.40662113,14001.046,1326.6685,11575.931,22185.062,28309.004,4265.937,19236.297,33718.3,4383.3867,170.67435,262.5403,62.008484,0.8672590491115811,0.599023598515586,-0.8007313709487334,1.0,16.7,18.583333333333332
1647855443,1.0,0.97611034,1.0324557,22071.172,2437.0312,11732.473,23945.188,19027.34,165.0,5743.171,24019.951,9166.587,100.0,363.4706,44.879868,0.868110766638689,0.5828914045323628,-0.8125500664711618,1.0,21.283333333333335,14.0
1647855593,1.0,0.20062447,1.0882939,18156.91,101.13,12922.748,23968.8,12634.16,165.0,7333.1567,25397.355,11707.658,190.9581,309.96234,36.847385,0.8685753398352933,0.5739933549396662,-0.8188599565768901,1.0,23.783333333333335,11.5
1647855935,1.0,0.668098,1.0035623,27947.44,3003.9106,17475.418,31305.533,24580.842,165.0,9640.331,26047.438,20534.195,260.62842,290.745,52.73064,0.8696345667235511,0.5534521195219033,-0.8328809947385718,1.0,29.483333333333334,5.8
1647855957,1.0,0.36180228,0.557467,28091.996,11040.756,9716.111,25583.959,18059.66,165.0,175.0,27860.73,12062.847,352.20023,366.72882,62.238045,0.8697027041257197,0.552118897840248,-0.8337653882523967,1.0,29.85,5.433333333333334
1647856267,1.0,0.5687908,1.3417704,33853.098,5939.591,24763.705,21639.896,15796.109,165.0,175.0,38578.035,10769.368,906.9483,696.0277,63.22065,0.8706628220653685,0.5331839253553688,-0.845999350911477,1.0,35.016666666666666,0.26666666666666666
1647856283,1.0,0.19999993,0.20004201,1485.999,701.001,796.0,889.001,904.999,1096.001,1191.001,1292.999,1304.9971,900.00006,640.0,33.11616,0.870712376539673,0.5321991997077338,-0.8466191657589898,0.0,0.0,0.0
1647856677,1.0,0.19999993,0.201688,1508.0,793.999,892.0,907.0,997.001,1103.0,1203.0,1297.999,1390.998,900.00006,128.0,33.84525,0.8719326554694202,0.5077263292029567,-0.861518412243227,0.0,0.0,0.0
1647857006,1.0,0.19999993,0.204002,1487.999,716.0,889.0,987.0,1000.0,1109.001,1212.999,1307.0,1394.999,900.00006,255.99997,34.80371,0.8729516193473056,0.48697067686018364,-0.8734183189505099,0.0,0.0,0.0
1647857442,10.999998,0.19999993,0.200028,52998.996,39595.992,41902.99,43391.0,44200.0,46905.008,48606.0,49900.996,51399.004,900.00006,1024.0,33.73875,0.874301978772102,0.4590372432243062,-0.8884170244502461,0.0,0.0,0.0
1647857526,10.999998,0.19999993,0.200001,52799.996,39794.996,41996.008,43598.996,44400.01,46695.008,48294.99,50199.992,50995.996,900.00006,512.0,34.19341,0.8745621397622004,0.4536016815975958,-0.8912045300893804,0.0,0.0,0.0
1647857936,10.999998,0.19999993,0.199988,54905.008,39304.996,41699.0,42900.992,43698.992,46503.0,48100.0,50207.004,50802.004,900.00006,768.0,34.164738,0.8758319731662522,0.4268318171875682,-0.9043310233738299,0.0,0.0,0.0
1647859027,10.999998,0.19999993,0.200071,52499.004,40106.004,42206.008,43598.0,44501.008,46587.0,48395.0,49895.996,50698.008,900.00006,384.0,33.97632,0.8792109688828873,0.353814957452924,-0.9353154419138955,0.0,0.0,0.0
1647859275,10.999998,0.19999993,0.200015,53698.004,40102.004,42301.008,43796.008,44698.004,47197.01,48599.01,50299.0,51199.008,900.00006,896.0,34.73408,0.8799790632346064,0.3368898533922199,-0.9415440651830208,0.0,0.0,0.0
1647859595,10.999998,0.19999993,0.200033,53995.996,40103.004,42197.0,43396.0,44211.0,46499.996,48598.0,49807.0,51500.996,900.00006,640.0,33.722366,0.8809701527206955,0.314889889715869,-0.9491282091238927,0.0,0.0,0.0
1647859981,10.999998,0.19999993,0.199979,52109.004,40102.004,42296.0,43697.996,44501.008,46255.008,48000.0,49798.0,50800.0,900.00006,128.0,34.435074,0.8821656544132905,0.28812663081763484,-0.9575923164967848,0.0,0.0,0.0
1647860340,10.999998,0.19999993,0.200001,53495.0,40596.0,42404.004,43600.992,44397.0,46600.996,48199.0,49996.008,50694.0,900.00006,255.99997,34.2016,0.8832775329304967,0.2630312144579748,-0.964787323828813,0.0,0.0,0.0
1647860843,21.0,0.19999993,0.20002699,108094.03,79326.05,82498.984,84291.96,85795.98,89200.03,92002.99,95006.98,98694.01,900.00006,1024.0,33.632256,0.8848354017164431,0.22757198991854063,-0.9737612589359446,0.0,0.0,0.0
1647860948,21.0,0.19999993,0.20004,99689.0,79695.0,82891.97,85001.945,86497.984,89705.0,93004.96,95602.03,97008.01,900.00006,512.0,34.19341,0.8851606029540661,0.22012996654356812,-0.9754705520053015,0.0,0.0,0.0
1647861384,21.0,0.19999993,0.200021,102997.01,80101.0,83504.03,85904.016,87196.99,90503.96,93200.984,95993.984,97696.016,900.00006,768.0,33.828865,0.8865109623788625,0.18909544298989112,-0.9819587126964436,0.0,0.0,0.0
1647862525,21.0,0.19999993,0.20009,106597.02,81494.984,84494.984,86195.0,87301.96,90399.01,92497.02,94600.04,97596.0,900.00006,384.0,34.25075,0.8900448158276991,0.10705945050606921,-0.9942526208450941,0.0,0.0,0.0
1647862776,21.0,0.19999993,0.200013,103796.02,81705.016,84900.04,86696.99,87693.01,91197.0,94284.01,97701.016,100104.0,900.00006,896.0,34.381824,0.8908222016433502,0.08889429686644143,-0.9960410654107696,0.0,0.0,0.0
1647863079,1.0,0.1,0.75870395,218.0,101.13,16968.934,27674.396,153.0,29768.22,41727.93,36525.164,21685.016,196.33878,65.0,42.8174,0.8917606395004909,0.06692694569241846,-0.9977578784155423,1.0,5.05,60.55
1647863471,1.0,0.7945244,1.0097842,218.0,101.13,22302.834,17856.7,704.83984,18321.883,31517.771,27126.033,3355.2998,100.0,65.0,42.778282,0.8929747241209501,0.038460477435884495,-0.9992601221280693,1.0,11.583333333333334,54.016666666666666
1647863822,1.0,0.1,1.3418176,218.0,101.13,17887.412,27101.37,13780.111,16595.19,15342.4,34874.832,14627.671,590.8205,65.0,55.5523,0.8940618254010041,0.01294416378962537,-0.9999162208024167,1.0,17.433333333333334,48.166666666666664
1647864253,1.0,0.37187225,1.0702707,6355.388,101.13,8216.297,23804.629,17795.953,8446.545,30876.492,23409.246,13275.517,245.85059,65.0,69.84925,0.8953966990525803,-0.01839764118857857,-0.9998307490764106,1.0,24.616666666666667,40.983333333333334
1647864377,1.0,0.32004476,0.8782817,3753.1914,101.13,19905.23,27322.906,27812.334,4942.2734,25633.742,22552.645,17130.982,100.0,65.0,65.18448,0.89578074622844,-0.027412779235266038,-0.9996241991541615,1.0,26.683333333333334,38.916666666666664
1647864848,1.0,0.45203492,1.5332761,10278.6875,101.13,19557.414,29530.594,26077.746,4502.247,7328.3135,9390.311,8228.582,100.0,91.48642,39.841946,0.8972395060657774,-0.06162922045777928,-0.998099112907013,1.0,34.53333333333333,31.066666666666666
1647866105,1.0,0.24145591,1.534805,19436.05,9723.221,15443.447,33439.97,18701.086,165.0,175.0,27590.7,9258.865,392.86987,304.0221,39.101673,0.9011326294533213,-0.15248275451231452,-0.9883061315080147,1.0,55.483333333333334,10.116666666666667
1647866370,1.0,0.71395653,1.4767145,17844.879,5562.793,40379.074,27057.857,10304.677,165.0,175.0,29480.967,21423.863,946.0986,579.2457,55.5828,0.9019533754339888,-0.17149924889577395,-0.9851842505989351,1.0,59.9,5.7
1647866712,31.0,0.19999993,0.200333,152594.03,102507.79,110214.87,117505.375,120256.93,130807.96,138638.56,146395.88,147803.95,900.00006,640.0,34.361343,0.9030126023222466,-0.1959461442425173,-0.9806146585466131,0.0,0.0,0.0
1647867146,31.0,0.19999993,0.200259,158194.98,102507.79,110214.87,117505.375,120256.93,130807.96,138638.56,146803.0,149794.97,900.00006,128.0,35.446785,0.904356767437755,-0.22679296410126892,-0.9739429918810241,0.0,0.0,0.0
1647867547,31.0,0.19999993,0.20007,156397.02,102507.79,110214.87,117505.375,120256.93,130807.96,138638.56,147791.81,150496.9,900.00006,255.99997,35.393536,0.9055987264500104,-0.2550941941524767,-0.9669162073880542,0.0,0.0,0.0
1647868165,41.0,0.19999993,0.20074499,178604.28,102507.79,110214.87,117505.375,120256.93,130807.96,138638.56,151036.95,159055.95,900.00006,1024.0,35.299328,0.90751276802002,-0.29827735919374015,-0.9544792386387503,0.0,0.0,0.0
1647868238,41.0,0.19999993,0.200526,178604.28,102507.79,110214.87,117505.375,120256.93,130807.96,138638.56,151036.95,159055.95,900.00006,512.0,35.098625,0.9077388603090341,-0.30334018561329623,-0.9528823284079158,0.0,0.0,0.0
1647868740,41.0,0.19999993,0.200811,178604.28,102507.79,110214.87,117505.375,120256.93,130807.96,138638.56,151036.95,159055.95,900.00006,768.0,35.50003,0.9092936319403364,-0.3379167180033272,-0.9411760152563705,0.0,0.0,0.0
1647869973,41.0,0.19999993,0.20082802,178604.28,102507.79,110214.87,117505.375,120256.93,130807.96,138638.56,151036.95,159055.95,900.00006,384.0,35.155968,0.9131124236164236,-0.4208379170427777,-0.9071358484698397,0.0,0.0,0.0
1647870183,41.0,0.19999993,0.20074302,178604.28,102507.79,110214.87,117505.375,120256.93,130807.96,138638.56,151036.95,159055.95,900.00006,896.0,35.47136,0.9137628260916696,-0.43464174893686636,-0.9006034366362933,0.0,0.0,0.0
1647870533,41.0,0.19999993,0.20051101,178604.28,102507.79,110214.87,117505.375,120256.93,130807.96,138638.56,151036.95,159055.95,900.00006,640.0,35.160065,0.9148468302170796,-0.45742129775403684,-0.8892501090025308,0.0,0.0,0.0
1647870987,41.0,0.19999993,0.20057902,178604.28,102507.79,110214.87,117505.375,120256.93,130807.96,138638.56,151036.95,159055.95,900.00006,128.0,37.146626,0.9162529384254685,-0.48652599637560934,-0.8736661003213531,0.0,0.0,0.0
1647871405,41.0,0.19999993,0.201571,178604.28,102507.79,110214.87,117505.375,120256.93,130807.96,138638.56,151036.95,159055.95,900.00006,255.99997,36.18816,0.9175475490666725,-0.5128546851725774,-0.8584754346494351,0.0,0.0,0.0
1647872262,51.0,0.19999993,0.201936,178604.28,102507.79,110214.87,117505.375,120256.93,130807.96,138638.56,151036.95,159055.95,900.00006,512.0,36.225025,0.9202018105966049,-0.5653269733138327,-0.8248669063817635,0.0,0.0,0.0
1647872309,51.0,0.19999993,0.201921,178604.28,102507.79,110214.87,117505.375,120256.93,130807.96,138638.56,151036.95,159055.95,900.00006,1024.0,35.987457,0.9203473768648742,-0.5681430083381711,-0.8229298403123153,0.0,0.0,0.0
1647872826,51.0,0.19999993,0.204105,178604.28,102507.79,110214.87,117505.375,120256.93,130807.96,138638.56,151036.95,159055.95,900.00006,768.0,36.67149,0.921948605815837,-0.5986741565326767,-0.8009926680687459,0.0,0.0,0.0
1647873186,1.0,0.19999993,0.200942,1595.9971,898.0,1004.0,1098.0,1108.999,1204.999,1299.0,1395.001,1405.0,1000.0,512.0,33.087486,0.9230635814876873,-0.6194365495184747,-0.7850467254378214,0.0,0.0,0.0
1647873254,1.0,0.19999993,0.201,1500.998,907.001,1016.999,1102.001,1113.999,1206.001,1299.0,1390.999,1399.002,1000.0,1024.0,33.284096,0.9232741880034812,-0.6233110940645792,-0.7819739637711842,0.0,0.0,0.0
1647873714,1.0,0.1,1.4429613,1621.9912,101.13,24586.121,23981.69,6595.4316,18657.484,51992.03,26712.566,17189.598,100.0,65.0,61.454903,0.9246988791397344,-0.6491161968240529,-0.7606892683748584,1.0,7.666666666666667,32.416666666666664
1647874207,1.0,0.1,0.74120075,11387.997,101.13,15054.899,22619.43,21081.893,9319.897,29562.58,33966.906,15879.453,157.63428,65.0,54.871494,0.9262257763792404,-0.675965434311104,-0.736933329153052,1.0,15.883333333333333,24.2
1647874442,1.0,0.33274734,0.885476,14436.234,887.46387,14338.43,21298.127,11167.046,4593.832,16255.266,30426.473,13546.663,100.0,324.0416,51.7516,0.9269536077205871,-0.6884600698383578,-0.7252742462256353,1.0,19.8,20.283333333333335
1647874762,1.0,0.14834225,0.76307666,25052.91,6494.7686,6452.496,22592.244,18919.727,165.0,17709.559,22285.94,9660.278,183.52673,332.50793,47.596794,0.9279446972066763,-0.7051500379965114,-0.7090581244958121,1.0,25.133333333333333,14.95
1647875018,1.0,0.3316462,0.9102329,24191.633,101.13,14953.777,29129.182,14562.887,165.0,175.0,23019.578,11489.717,311.54337,421.3526,63.574425,0.9287375687955476,-0.7182275065806085,-0.6958083419958415,1.0,29.4,10.683333333333334
1647875209,1.0,0.2255776,1.1451709,22797.152,7673.847,15221.658,39698.496,20954.27,165.0,6462.8145,17715.297,17365.81,192.55334,430.22836,48.69907,0.929329125332557,-0.7278226298507926,-0.6857654259855014,1.0,32.583333333333336,7.5
1647875239,1.0,0.8346953,1.5475212,27616.13,3409.4302,16023.178,22187.652,19809.781,165.0,175.0,24066.637,13451.267,540.2998,489.68607,55.26877,0.9294220399718779,-0.7293170046476636,-0.6841759325873426,1.0,33.083333333333336,7.0
1647875554,1.0,0.56532425,1.1222112,30205.998,4781.7563,22115.031,24703.547,17714.55,165.0,175.0,37698.203,14436.123,802.92615,513.66156,65.7713,0.9303976436847469,-0.7447970109132658,-0.6672911002963134,1.0,38.333333333333336,1.75
1647875659,51.0,0.19999993,0.20566502,178604.28,102507.79,110214.87,117505.375,120256.93,130807.96,138638.56,151036.95,159055.95,900.00006,255.99997,36.85171,0.9307228449223698,-0.7498705602689163,-0.6615845696825021,0.0,0.0,0.0
1647876139,1.0,0.19999993,0.203795,1597.0,904.99805,1005.0,1102.001,1184.0,1207.999,1300.999,1392.999,1403.002,1000.0,128.0,35.889153,0.9322094791515035,-0.772502727892485,-0.6350114450926607,0.0,0.0,0.0
1647876607,1.0,0.19999993,0.204496,1598.0,984.999,1091.001,1106.002,1188.0,1210.0,1300.999,1395.001,1479.998,1000.0,255.99997,35.823616,0.9336589475249089,-0.793663130147291,-0.6083574901690653,0.0,0.0,0.0
1647876958,10.999998,0.19999993,0.200045,54603.004,41395.0,43206.0,44593.0,45301.004,47498.992,48870.0,50696.01,51604.008,1000.0,512.0,34.38592,0.9347460488049629,-0.8089314959187214,-0.5879029128271943,0.0,0.0,0.0
1647877065,10.999998,0.19999993,0.19999999,54702.004,41803.0,43707.0,44921.0,45606.004,47501.0,49092.008,50499.996,51399.004,1000.0,1024.0,33.918976,0.9350774443518739,-0.8134815854595865,-0.5815906723101373,0.0,0.0,0.0
1647877487,10.999998,0.19999993,0.20002401,53999.004,41497.0,43492.016,44697.004,45598.004,47596.008,48897.0,50306.004,51600.992,1000.0,768.0,34.60301,0.936384443611654,-0.8309440121182641,-0.556356044925192,0.0,0.0,0.0
1647878838,10.999998,0.19999993,0.199986,53998.004,41799.992,43504.0,44994.996,45697.0,47395.992,48700.0,50197.992,51698.008,1000.0,384.0,35.08224,0.9405686995357365,-0.8815095573328255,-0.4721661787240653,0.0,0.0,0.0
1647879073,10.999998,0.19999993,0.200007,54204.004,42292.0,43996.004,45195.0,45900.996,47600.0,49006.996,50803.008,52200.0,1000.0,896.0,34.271233,0.9412965308770832,-0.8894496120387273,-0.45703324566617415,0.0,0.0,0.0
1647879359,10.999998,0.19999993,0.19999999,53301.0,41791.996,43393.996,44505.004,45388.996,47499.996,49095.0,50193.01,51204.996,1000.0,640.0,34.557953,0.9421823171052753,-0.8987621646731554,-0.4384365077773793,0.0,0.0,0.0
1647879950,10.999998,0.19999993,0.20001602,54694.016,41605.01,43504.996,44603.996,45306.008,47397.0,48497.0,50508.996,51599.996,1000.0,128.0,35.08224,0.9440127354998963,-0.91676985341131,-0.3994158683330009,0.0,0.0,0.0
1647880376,10.999998,0.19999993,0.199981,55203.01,41404.008,43005.0,43997.008,44697.0,46703.0,47900.0,49398.0,50497.004,1000.0,255.99997,34.42688,0.9453321233782525,-0.9287017227881883,-0.37082760157551803,0.0,0.0,0.0
1647880690,21.0,0.19999993,0.20024201,98993.016,78496.01,81890.96,83803.0,85006.98,87805.01,90198.016,93395.04,95001.98,1000.0,512.0,34.430977,0.9463046299364773,-0.9369266195410536,-0.3495261214778859,0.0,0.0,0.0
1647880859,21.0,0.19999993,0.20011601,101098.016,79500.99,82891.0,84700.984,85926.99,88603.01,91799.97,94503.01,96405.02,1000.0,1024.0,34.07872,0.9468280490713182,-0.9411514387704943,-0.3379851613610106,0.0,0.0,0.0
1647881209,21.0,0.19999993,0.200073,100798.99,78004.984,81202.945,83094.016,84391.01,87204.016,89504.98,92102.0,93606.0,1000.0,768.0,35.1232,0.9479120531967281,-0.9494483093071295,-0.31392341096807885,0.0,0.0,0.0
1647882707,21.0,0.19999999,0.200013,107397.016,81096.96,84307.97,86294.984,87796.92,90599.97,93599.97,97999.01,100295.99,1000.0,384.0,34.33677,0.952551590853483,-0.9779506067077541,-0.20883632547987319,0.0,0.0,0.0
1647882973,21.0,0.19999993,0.20004702,105097.99,81502.04,84508.0,86894.03,87999.99,91501.0,94000.0,97400.984,99097.04,1000.0,896.0,34.476032,0.9533754339887945,-0.9818071330355505,-0.18988089298429417,0.0,0.0,0.0
1647883272,4.8803844,0.1,0.0,218.0,101.13,25868.059,15883.535,4886.2534,18370.08,36265.535,23347.473,18837.828,253.11676,65.0,43.652145,0.954301483227359,-0.9857034690888535,-0.1684893795650029,1.0,4.983333333333333,66.46666666666667
1647883882,1.0,0.64269114,1.2002385,218.0,6228.034,19576.656,26239.195,9512.323,11058.37,28999.898,27284.795,16189.271,100.0,65.509094,49.09395,0.9561907475602164,-0.9922055838661755,-0.1246117143160375,1.0,15.15,56.3
1647884359,1.0,0.1,0.9971316,8872.658,101.13,16463.5,26877.953,14581.947,23289.504,19882.42,32567.97,5003.972,439.60632,65.0,51.46444,0.957668090325418,-0.9959304064896339,-0.09012560917626258,1.0,23.1,48.35
1647884703,7.1629505,0.14464647,0.8018013,471.1504,101.13,11254.182,28363.17,22963.18,18225.93,25498.32,22534.795,6411.971,542.4031,324.02124,72.98533,0.9587335115229638,-0.9978731682405355,-0.06518542862937977,1.0,28.833333333333332,42.61666666666667
1647884960,1.0,0.1,0.94512653,7315.773,4953.6875,20307.668,23633.367,24607.418,11007.604,21786.293,16843.809,12638.064,265.3704,424.53662,61.341335,0.9595294802664792,-0.9989171113385246,-0.046525312197746305,1.0,33.11666666666667,38.333333333333336
1647885275,1.0,0.1,1.5530584,21633.766,101.13,9363.791,14744.306,18862.625,5181.277,11688.479,10516.021,14403.086,494.38092,204.36508,57.78649,0.9605050839793482,-0.9997207142600404,-0.023632466637970438,1.0,38.36666666666667,33.083333333333336
1647886708,1.0,0.1,1.2548426,19672.2,6218.9653,22886.084,30759.129,23200.33,165.0,175.0,23428.133,27108.934,809.40625,695.7309,43.234497,0.9649433065842411,-0.9967555073634456,0.08048887215410558,1.0,62.25,9.2
1647886939,1.0,0.66130966,1.6745244,4708.3037,10377.085,34211.234,38182.855,15499.953,165.0,175.0,35899.75,18332.398,782.7693,581.2337,73.23541,0.9656587493070117,-0.9952628163339718,0.09722101842179305,1.0,66.1,5.35
1647887260,31.0,0.20000005,0.200087,154197.03,102507.79,110214.87,117505.375,120256.93,130807.96,138299.97,141606.92,144403.9,1000.0,640.0,35.31981,0.9666529359477448,-0.9927223535385425,0.12042561515266179,0.0,0.0,0.0
1647887942,31.0,0.20000005,0.200108,154389.9,102507.79,110214.87,117505.375,120256.93,130807.96,138638.56,145899.9,149001.08,1000.0,128.0,34.811905,0.9687651954149723,-0.9855314177470378,0.16949284537558984,0.0,0.0,0.0
1647888439,31.0,0.20000005,0.200009,159300.94,102507.79,110214.87,117505.375,120256.93,130807.96,138638.56,148196.05,150502.95,1000.0,255.99997,34.816,0.9703044812730545,-0.9787631623282753,0.20499432204125603,0.0,0.0,0.0
1647888943,41.0,0.20000005,0.202013,178604.28,102507.79,110214.87,117505.375,120256.93,130807.96,138638.56,151036.95,159055.95,1000.0,512.0,35.590145,0.9718654472136449,-0.9705940666758557,0.24072215879229852,0.0,0.0,0.0
1647889321,41.0,0.20000005,0.20065,178604.28,102507.79,110214.87,117505.375,120256.93,130807.96,138638.56,151036.95,159055.95,1000.0,1024.0,35.659775,0.9730361716690876,-0.9636110165374357,0.26730845255563807,0.0,0.0,0.0
1647889570,41.0,0.20000005,0.20182398,178604.28,102507.79,110214.87,117505.375,120256.93,130807.96,138638.56,151036.95,159055.95,1000.0,768.0,35.69664,0.9738073631754507,-0.9586129395635146,0.2847125429295267,0.0,0.0,0.0
1647891181,41.0,0.19999999,0.20066899,178604.28,102507.79,110214.87,117505.375,120256.93,130807.96,138638.56,151036.95,159055.95,1000.0,384.0,35.34848,0.9787968793069807,-0.9187625011360951,0.39481067172272183,0.0,0.0,0.0
1647891408,41.0,0.19999999,0.200749,178604.28,102507.79,110214.87,117505.375,120256.93,130807.96,138638.56,151036.95,159055.95,1000.0,896.0,35.557377,0.9794999334111751,-0.9121201161722733,0.4099230338415721,0.0,0.0,0.0
1647891701,41.0,0.19999999,0.201303,178604.28,102507.79,110214.87,117505.375,120256.93,130807.96,138638.56,151036.95,159055.95,1000.0,640.0,36.09805,0.9804073997218755,-0.9031792679349281,0.4292635670220888,0.0,0.0,0.0
1647892360,41.0,0.19999999,0.200635,178604.28,102507.79,110214.87,117505.375,120256.93,130807.96,138638.56,151036.95,159055.95,1000.0,128.0,35.29523,0.9824484246322903,-0.8815782217958232,0.4720379633623913,0.0,0.0,0.0
1647892786,41.0,0.19999999,0.201679,178604.28,102507.79,110214.87,117505.375,120256.93,130807.96,138638.56,151036.95,159055.95,1000.0,255.99997,35.98336,0.9837678125106465,-0.8665340092243812,0.4991180329917164,0.0,0.0,0.0
1647893417,51.0,0.19999999,0.202163,178604.28,102507.79,110214.87,117505.375,120256.93,130807.96,138638.56,151036.95,159055.95,1000.0,512.0,37.101566,0.9857221170910285,-0.842726551460218,0.5383418611476991,0.0,0.0,0.0
1647893991,51.0,0.19999999,0.202071,178604.28,102507.79,110214.87,117505.375,120256.93,130807.96,138638.56,151036.95,159055.95,1000.0,1024.0,36.511745,0.9874998838567008,-0.8195272737125658,0.5730401797790877,0.0,0.0,0.0
1647894093,51.000004,0.19999993,0.202482,178604.28,102507.79,110214.87,117505.375,120256.93,130807.96,138638.56,151036.95,159055.95,1000.0,768.0,37.015553,0.9878157936303917,-0.8152541558758509,0.5791033252599692,0.0,0.0,0.0
1647895989,51.0,0.19999999,0.20359698,178604.28,102507.79,110214.87,117505.375,120256.93,130807.96,138638.56,151036.95,159055.95,1000.0,384.0,36.581375,0.9936879988354699,-0.727922362690431,0.6856595612220256,0.0,0.0,0.0
1647896258,51.0,0.20000005,0.203588,178604.28,102507.79,110214.87,117505.375,120256.93,130807.96,138638.56,151036.95,159055.95,1000.0,896.0,36.74112,0.9945211334347135,-0.7143709101682935,0.699767248951624,0.0,0.0,0.0
1647896571,1.0,0.1,0.26451328,49448.797,32967.504,5107.67,30215.5,153.0,165.0,54445.38,38016.363,198.0,100.0,1024.0,73.23541,0.9954905428382944,-0.6982591288782461,0.7158450872487656,1.0,5.216666666666667,0.0
1647897452,30.72838,0.1,0.0,218.0,26946.387,4046.7866,91541.01,153.0,165.0,175.0,189.0,198.0,1000.0,1024.0,38.849693,0.9982191360796836,-0.6509950528002793,0.7590819726680128,1.0,19.9,0.0
1647898027,31.0,0.9,0.258153,13214.0,9328.0,9875.0,10203.0,10393.0,11001.0,11600.0,12250.0,12615.0,500.0,512.0,39.071743,1.0,-0.618694100100527,0.7856319815923988,1.0,29.483333333333334,0.0
