time,c,cpu_limit,cpu_usage,lat100_ms,lat50_ms,lat66_ms,lat75_ms,lat80_ms,lat90_ms,lat95_ms,lat98_ms,lat99_ms,n,ram_limit_mb,ram_usage_mb,t_norm,sin_day,cos_day,is_gap,time_since_last_obs,time_to_next_obs
1647575150,31.0,0.9,0.258153,13214.0,9328.0,9875.0,10203.0,10393.0,11001.0,11600.0,12250.0,12615.0,500.0,512.0,39.071743,0.0,0.8334842217000437,0.552543258195295,0.0,0.0,0.0
1647575478,10.999998,0.8,0.79988015,9103.0,6827.0,7078.0,7203.0,7294.0,7695.0,8119.0,8491.0,8587.0,600.0,128.0,32.99328,0.0010158667232413581,0.846425596706649,0.5325070039349653,0.0,0.0,0.0
1647575491,10.999998,0.8,0.7999699,9212.0,6884.0,7085.0,7203.0,7291.0,7501.0,7804.9995,8315.0,8511.0,600.0,640.0,34.091007,0.001056129733613729,0.8469286434102706,0.5317065666053398,0.0,0.0,0.0
1647575493,11.0,0.8,0.80008304,8793.0,6791.0,6921.0,7103.0,7199.9995,7405.0,7678.0005,7977.0005,8200.0,600.0,1024.0,33.3824,0.0010623240429017862,0.8470059680373869,0.5315833802039424,0.0,0.0,0.0
1647575500,11.0,0.8,0.7999878,8104.0,6795.0,6923.0,7021.0005,7104.0,7380.0,7511.0005,7688.9995,7909.0005,600.0,895.99994,33.304577,0.0010840041254099857,0.8472764631208279,0.531152139260928,0.0,0.0,0.0
1647575504,10.999998,0.8,0.7999821,8011.9995,6811.0,6999.0,7108.999,7199.0,7405.9995,7603.0,7786.0,7902.9995,600.0,768.0,33.394688,0.0010963927439861,0.8474309331664164,0.5309056540598307,0.0,0.0,0.0
1647575528,10.999996,0.8,0.799943,8327.0,6801.0,6928.0,7093.0,7183.0005,7396.0,7578.0,7727.0,7893.001,600.0,384.0,32.80896,0.0011707244554427848,0.848356247153269,0.5294258001986885,0.0,0.0,0.0
1647575529,10.999998,0.8,0.7999331,8204.0,6887.0,7020.0,7190.0,7281.0005,7502.0,7693.0,7898.0,8085.0005,600.0,512.0,33.046528,0.0011738216100868133,0.8483947458406307,0.5293641045915484,0.0,0.0,0.0
1647575532,11.0,0.8,0.79987204,8006.0005,6788.0,6997.0,7100.0005,7188.0,7414.0,7621.0,7810.0,7970.999,600.0,256.0,34.156544,0.0011831130740188988,0.8485102149815037,0.5291790009741906,0.0,0.0,0.0
1647575868,21.0,0.8,0.799798,15108.0,13312.0,13679.0,13796.0,13911.0,14203.0,14405.0,14592.0,14712.0,600.0,128.00006,34.83648,0.0022237570344124853,0.8611859216380057,0.5082900828980423,0.0,0.0,0.0
1647575887,21.0,0.8,0.799814,15291.0,13492.0,13788.0,13912.0,14099.0,14394.0,14599.0,14926.0,15105.0,600.0,640.0,34.28352,0.002282602972649027,0.8618874134098069,0.5070996811335544,0.0,0.0,0.0
1647575892,21.0,0.8,0.8000289,15387.0,13403.0,13688.0,13886.0,13978.0,14283.0,14492.0,14687.0,14892.0,600.0,896.0,33.87392,0.00229808874586917,0.8620717430769583,0.5067862565108241,0.0,0.0,0.0
1647575895,21.0,0.8,0.7999121,15196.0,13382.0,13694.0,13813.0,13911.0,14180.0,14403.0,14700.0,14815.0,600.0,768.0,33.746944,0.0023073802098012557,0.8621822861700442,0.5065981695728835,0.0,0.0,0.0
1647575922,21.0,0.8,0.79994106,15895.0,13422.0,13771.0,13972.0,14028.0,14392.001,14620.0,14986.0,15383.0,600.0,384.0,33.296383,0.0023910033851900258,0.8631753267195234,0.5049043031532253,0.0,0.0,0.0
1647575926,21.0,0.79999995,0.799894,15506.0,13401.0,13700.001,13907.0,14081.0,14378.0,14596.0,14911.0,15104.0,600.0,255.99997,33.1776,0.00240339200376614,0.863322160906544,0.5046531942707341,0.0,0.0,0.0
1647575931,21.0,0.8,0.7999941,15994.0,13713.0,14031.0,14208.0,14308.0,14605.0,14881.0,15116.0,15204.0,600.0,512.0,34.349056,0.002418877776986283,0.863505600911143,0.5043392481208316,0.0,0.0,0.0
1647576272,1.0,0.1,1.1698041,7371.769,2541.6309,19785.445,13907.959,19155.277,8886.501,31242.047,29761.41,28766.086,100.0,65.0,73.23541,0.003475007510600012,0.8757455411211258,0.48277297688092125,1.0,5.683333333333334,14.283333333333333
1647576294,1.0,0.1,1.2545953,18948.213,4274.393,18555.615,15274.682,19655.727,11939.487,18051.898,35454.766,25813.21,100.0,65.0,73.23541,0.0035431449127686396,0.8765168013138988,0.4813712673336988,1.0,6.05,13.916666666666666
1647576296,1.0,0.5747537,1.326924,7203.9023,101.13,22707.799,23486.652,14750.881,9149.699,24563.242,21947.945,21466.057,100.0,65.59668,55.315998,0.0035493392220566967,0.8765868046555682,0.4812437780415875,1.0,6.083333333333333,13.883333333333333
1647576301,1.0,0.36897814,1.7398638,17466.643,2619.3384,16747.203,27254.48,18623.469,7718.4443,34260.117,23507.744,32134.7,100.0,244.63507,54.24021,0.003564824995276839,0.8767617318795383,0.48092501027872575,1.0,6.166666666666667,13.8
1647576332,1.0,0.952063,0.59546834,13394.207,1240.1763,11775.129,23327.36,17349.887,3369.3726,35690.383,24655.402,22888.05,100.0,65.0,55.206375,0.003660836789241724,0.8778436924672036,0.4789472325794833,1.0,6.683333333333334,13.283333333333333
1647576333,1.0,0.1,1.2113465,23585.166,101.13,20750.387,21597.592,10854.131,10286.202,25094.498,25818.395,30254.775,100.0,65.0,61.405216,0.003663933943885752,0.8778785201715686,0.47888339271828656,1.0,6.7,13.266666666666667
1647576347,1.0,0.1,0.9225168,12855.071,101.13,16911.17,16482.713,16184.252,11978.83,22481.43,29394.691,17317.512,100.0,200.14612,69.56634,0.0037072941089021515,0.8783656204698506,0.4779893688949729,1.0,6.933333333333334,13.033333333333333
1647576689,1.0,0.20581597,1.2936985,21050.236,1984.0654,8986.864,23525.79,24572.715,165.0,15999.004,28134.328,13845.88,100.0,305.16534,58.58922,0.004766520997159909,0.8899807921543416,0.45599801490393643,1.0,12.633333333333333,7.333333333333333
1647576706,1.0,0.3474366,0.9069052,37080.836,101.13,17983.355,19844.75,25667.04,165.0,12150.834,27211.215,15853.055,100.0,65.0,42.396957,0.004819172626108394,0.8905438507926354,0.45489740581302973,1.0,12.916666666666666,7.05
1647576711,1.0,0.1,0.7728957,21296.594,1909.3076,12592.355,24257.508,16823.52,165.0,4183.148,32820.86,23851.373,100.0,296.86035,54.468555,0.004834658399328537,0.8907091972828913,0.4545735648667523,1.0,13.0,6.966666666666667
1647576715,1.0,0.20947742,0.92081785,23150.156,101.13,17655.604,29666.697,15638.518,165.0,5735.864,32572.945,23803.383,100.0,282.65253,47.81944,0.004847047017904651,0.8908413896869152,0.4543144488354798,1.0,13.066666666666666,6.9
1647576716,1.0,0.23931539,1.6746205,33058.375,2330.4375,15096.562,28991.01,24601.191,1815.624,2301.0156,43046.31,31743.854,100.0,436.3932,60.6468,0.004850144172548679,0.8908744260103283,0.45424966382020365,1.0,13.083333333333334,6.883333333333334
1647576749,1.0,0.3685181,1.6014823,28192.352,1693.0591,21231.826,28886.29,17125.184,165.0,13986.958,28014.828,19207.703,100.0,462.9662,45.9116,0.0049523502758016215,0.8919619805508965,0.45211041267783497,1.0,13.633333333333333,6.333333333333333
1647576753,1.0,0.22251874,1.2675298,31967.338,4430.155,14686.615,26454.066,24686.834,165.0,10800.43,28237.033,33405.977,109.59851,399.9643,54.474136,0.004964738894377735,0.8920934563999999,0.4518509323308977,1.0,13.7,6.266666666666667
1647576772,1.0,0.5810275,1.2522768,29887.254,1984.9868,9945.015,29029.123,15903.671,165.0,6800.7666,22655.568,27881.863,100.0,231.77899,71.59713,0.005023584832614277,0.8927169356469163,0.450617878927567,1.0,14.016666666666667,5.95
1647577109,1.0,0.7456926,1.8684494,32732.352,3658.206,12403.389,18608.164,20724.271,165.0,175.0,56834.258,17842.805,974.7521,507.41888,57.777634,0.006067325947651892,0.9034911983595281,0.4286066430736509,1.0,19.633333333333333,0.3333333333333333
1647577129,51.0,0.8,0.79994893,38174.0,34597.008,35297.0,35812.0,36084.004,36511.996,36990.0,37695.0,37909.0,600.0,768.0,36.85581,0.0061292690405324625,0.9041136256109671,0.42729211551887075,0.0,0.0,0.0
1647577134,51.0,0.8,0.79981196,39711.008,35601.004,36175.0,36507.0,36713.0,37477.004,38089.0,38510.0,38783.0,600.0,1024.0,35.024895,0.006144754813752606,0.9042689336375934,0.42696334228822225,0.0,0.0,0.0
1647577139,51.0,0.8,0.800091,39893.004,35193.992,35902.0,36220.008,36594.0,37286.008,37711.0,38300.0,38910.0,600.0,896.0,35.38125,0.006160240586972748,0.9044241221086355,0.4266345126077167,0.0,0.0,0.0
1647577144,51.0,0.8,0.8001139,40220.008,35496.0,36108.004,36512.0,36789.004,37484.0,37892.0,38617.0,38910.0,600.0,640.0,35.946495,0.006175726360192891,0.9045791910035754,0.4263056265208296,0.0,0.0,0.0
1647577168,51.0,0.8,0.7999121,39305.004,34908.0,35587.004,35980.004,36162.004,36877.0,37206.0,37982.0,38299.004,600.0,255.99997,36.069378,0.006250058071649575,0.9053218565535381,0.42472618949913465,0.0,0.0,0.0
1647577188,51.0,0.8,0.800002,41776.0,35886.0,36574.0,37007.0,37272.0,38119.0,38689.0,39698.992,40399.0,600.0,384.0,35.40173,0.006312001164530146,0.9059386379797358,0.4234090034652324,0.0,0.0,0.0
1647577211,51.0,0.8,0.79999506,42703.004,36075.0,36780.0,37267.0,37484.0,38383.0,40194.0,41524.0,42188.0,600.0,512.0,36.139008,0.0063832357213428025,0.9066455673637976,0.42189313241575455,0.0,0.0,0.0
1647577238,1.0,0.8,0.799953,308.99805,169.0,190.99902,201.99902,209.0,233.0,257.99902,284.99902,295.0,700.0,128.0,35.770367,0.0064668588967315725,0.9074722043586779,0.42011212588593755,0.0,0.0,0.0
1647577261,1.0,0.8,0.79994893,329.99902,174.0,194.00195,203.99902,212.00195,237.0,257.99902,281.00098,296.99902,700.0,768.0,35.86867,0.006538093453544229,0.9081736172189715,0.41859369439518435,0.0,0.0,0.0
1647577267,1.0,0.8,0.7998011,320.0,175.00195,195.00195,207.00098,214.00098,238.99805,261.99902,287.99805,302.99805,700.0,1024.0,34.496513,0.0065566763814084005,0.9083561767163394,0.4181973890655875,0.0,0.0,0.0
1647577272,1.0,0.8,0.799829,334.99902,179.00098,199.00098,206.00098,210.99902,233.0,255.0,280.0,291.0,700.0,896.0,33.705982,0.006572162154628543,0.9085081775267217,0.41786707380107685,0.0,0.0,0.0
1647577277,1.0,0.8,0.79999304,308.0,178.00195,196.0,203.99902,210.0,229.00195,245.99805,276.0,288.00098,700.0,640.0,32.61235,0.006587647927848685,0.9086600582210391,0.41753670328934883,0.0,0.0,0.0
1647577300,1.0,0.8,0.799875,310.00195,172.00098,196.0,206.00098,214.00098,235.99902,259.0,287.99805,296.99902,700.0,255.99997,32.731136,0.006658882484661342,0.9093571617513851,0.4160162885891191,0.0,0.0,0.0
1647577313,1.0,0.8,0.79989004,318.99902,160.00195,186.99902,198.00098,205.0,224.0,249.99902,289.00098,295.0,700.0,384.0,34.881535,0.006699145495033713,0.9097500515782648,0.4151564086622589,0.0,0.0,0.0
1647577331,1.0,0.8,0.79970086,314.00195,148.99805,169.99902,185.0,195.0,216.0,237.00195,269.99805,285.00195,700.0,512.0,35.00032,0.006754894278626226,0.9102927104752561,0.41396519328998127,0.0,0.0,0.0
1647577701,10.999998,0.8,0.80004394,8602.0,7099.0,7308.9995,7477.0,7519.0,7723.0005,7996.9995,8309.0,8507.0,700.0,128.0,33.39059,0.007900841496916782,0.9211004899672032,0.38932491235750405,0.0,0.0,0.0
1647577720,1.0,0.23384207,1.1019591,22177.523,601.4619,23630.893,31013.342,2032.9707,18261.49,54091.47,10088.568,24376.936,100.0,65.0,50.517487,0.007959687435153325,0.9216375481630238,0.38805183908345287,1.0,0.31666666666666665,15.416666666666666
1647577729,1.0,0.46428603,1.3100699,16795.855,101.13,23138.727,26773.406,10269.976,18415.662,46394.004,21200.617,22686.02,100.0,65.0,63.15956,0.00798756182694958,0.9218913300795337,0.3874485456472745,1.0,0.4666666666666667,15.266666666666667
1647577732,1.0,0.3370288,1.1049259,14932.077,101.13,22476.44,25286.256,10220.355,16818.773,38365.617,16106.271,17031.135,100.0,65.0,73.23541,0.007996853290881668,0.9219758362995211,0.38724741094008464,1.0,0.5166666666666667,15.216666666666667
1647577737,1.0,0.5097983,1.2459124,15228.611,101.13,31185.764,19947.658,9358.936,17997.535,38554.254,7430.2515,16047.075,100.0,65.0,43.98919,0.00801233906410181,0.9221165824801885,0.3869121454736952,1.0,0.6,15.133333333333333
1647577759,1.0,0.44054675,1.5106548,14939.395,101.13,22557.996,23346.473,9225.312,21738.453,44929.832,24370.402,27970.951,142.55573,65.0,65.962906,0.008080476466270437,0.9227344170715781,0.38543637030199285,1.0,0.9666666666666667,14.766666666666667
1647577775,1.0,0.5181335,1.2597616,22306.627,101.13,19024.385,30522.793,11103.077,17044.898,49891.36,18422.504,26400.473,100.0,65.0,58.06343,0.008130030940574894,0.9231822679273065,0.3843624593851418,1.0,1.2333333333333334,14.5
1647577792,1.0,0.21269011,1.1376898,24325.195,101.13,22396.562,34061.562,10838.74,20263.555,51559.53,9624.418,26906.424,100.0,65.0,57.54467,0.008182682569523378,0.9236567399777081,0.3832208588969974,1.0,1.5166666666666666,14.216666666666667
1647578160,1.0,0.13998282,1.1664001,21605.902,2563.249,13859.424,24798.7,22748.832,5504.8906,15340.232,34483.664,21873.328,100.0,312.57098,51.682144,0.009322435478525879,0.9335804264972017,0.3583679495453004,1.0,7.65,8.083333333333334
1647578180,1.0,0.1000365,1.0080867,19686.916,5397.076,9973.629,19057.727,21716.332,5964.6196,15264.3545,26027.258,31659.828,135.83682,372.3819,67.01964,0.009384378571406449,0.9341006639206086,0.35700973328899344,1.0,7.983333333333333,7.75
1647578188,1.0,0.1,1.687887,23154.988,3767.5933,20714.99,13879.179,19915.945,11839.046,11117.475,29415.889,24424.316,100.0,744.1076,62.408997,0.009409155808558677,0.9343082056728519,0.3564662351645327,1.0,8.116666666666667,7.616666666666666
1647578190,1.0,0.18735927,0.4161663,28434.39,4512.6934,22005.73,27410.885,24027.297,15223.631,13673.541,28294.633,30066.672,100.0,275.00787,46.193226,0.009415350117846734,0.9343600417027955,0.35633034177452566,1.0,8.15,7.583333333333333
1647578197,1.0,0.1,1.3354083,26763.887,2140.4165,19464.502,20502.078,12900.371,949.124,10304.571,31516.568,23479.469,216.44464,394.83344,49.44185,0.009437030200354933,0.9345413121475611,0.3558546555681333,1.0,8.266666666666667,7.466666666666667
1647578215,1.0,0.18024433,0.5310489,21086.084,2006.6455,15844.234,21394.684,34406.203,5804.479,8849.094,24746.793,25237.55,243.10681,176.13287,43.181778,0.009492778983947448,0.9350063240138689,0.3546310393268927,1.0,8.566666666666666,7.166666666666667
1647578238,1.0,0.87898844,0.89129555,31703.803,101.13,21205.238,22087.71,25381.281,2369.9355,6546.0547,23628.21,22500.346,100.0,74.03912,48.94255,0.009564013540760103,0.9355981742734768,0.3530666456862455,1.0,8.95,6.783333333333333
1647578254,1.0,0.28158784,1.1315933,22232.443,712.38574,11109.735,21131.719,20962.617,8929.1875,1411.4375,25907.941,25236.074,100.0,376.80487,62.690727,0.00961356801506456,0.9360083525450386,0.35197778902357285,1.0,9.216666666666667,6.516666666666667
1647578625,1.0,1.2990252,1.632992,26525.166,3150.5684,14306.662,17743.525,24341.703,165.0,175.0,53928.12,18913.95,1000.0,750.18915,51.755093,0.010762612387999144,0.9451628733632678,0.32659936132162215,1.0,15.4,0.3333333333333333
1647578645,31.0,0.8,0.800099,23921.002,20171.002,20605.0,20908.0,21099.0,21700.0,22203.004,22686.004,23192.002,700.0,768.0,35.4304,0.010824555480879716,0.9456368930136194,0.3252243326867603,0.0,0.0,0.0
1647578654,31.0,0.8,0.800048,23704.0,20185.0,20676.0,21001.0,21215.0,21713.0,22104.0,22782.0,23004.0,700.0,896.0,35.11501,0.010852429872675973,0.9458495492860077,0.3246053451738836,0.0,0.0,0.0
1647578656,31.0,0.8,0.7999772,23401.0,20183.998,20687.0,20903.0,21113.0,21603.0,22210.0,22911.0,23188.0,700.0,1024.0,33.734657,0.01085862418196403,0.9458967512152869,0.3244677735004905,0.0,0.0,0.0
1647578665,31.0,0.8,0.80008304,23380.002,20202.998,20614.0,20912.0,21205.0,21804.0,22323.998,22721.0,23000.0,700.0,640.0,34.76685,0.010886498573760287,0.9461089122652236,0.3238486160728734,0.0,0.0,0.0
1647578683,31.0,0.8,0.8000239,24001.0,20210.0,20710.0,21083.0,21288.0,21789.0,22285.998,22702.0,22816.002,700.0,255.99997,35.201023,0.0109422473573528,0.9465320184253835,0.3226098853035496,0.0,0.0,0.0
1647578706,31.0,0.8,0.800099,23794.996,20200.0,20696.002,21085.0,21284.0,21989.0,22607.0,23301.0,23497.0,700.0,384.0,34.189312,0.011013481914165455,0.947070293774975,0.3210262585038529,0.0,0.0,0.0
1647578724,31.0,0.8,0.8000971,23921.002,20407.004,20836.0,21108.0,21315.0,21832.0,22290.0,22695.0,23002.0,700.0,512.0,34.59891,0.01106923069775797,0.9474897046551207,0.3197862717074516,0.0,0.0,0.0
1647579099,41.0,0.8,0.79994714,30693.998,27182.998,27703.0,28010.002,28214.996,28912.998,29397.004,29988.0,30211.998,700.0,128.0,35.823616,0.01223066368926867,0.9558571416992454,0.2938317965478696,0.0,0.0,0.0
1647579123,41.0,0.8,0.80008996,31508.0,27406.0,28011.002,28399.0,28688.002,29188.998,29703.996,30291.002,30686.002,700.0,768.0,35.92192,0.012304995400725353,0.9563685188152519,0.29216306443341056,0.0,0.0,0.0
1647579132,41.0,0.8,0.7999772,31209.0,27214.002,27927.0,28316.002,28612.0,29224.004,29760.002,30419.998,30813.998,700.0,1024.0,34.504704,0.01233286979252161,0.9565595342411698,0.2915370601695714,0.0,0.0,0.0
1647579145,41.0,0.8,0.80011296,32403.996,27512.0,28179.0,28505.002,28770.002,29324.0,30004.0,30600.998,31093.994,700.0,640.0,35.659775,0.01237313280289398,0.9568347219876236,0.2906326113822516,0.0,0.0,0.0
1647579162,41.0,0.8,0.80001223,31501.0,27400.996,28004.002,28411.004,28611.004,29324.998,29897.998,30505.0,30902.998,700.0,255.99997,35.71712,0.012425784431842467,0.9571932924935185,0.28944947884806693,0.0,0.0,0.0
1647579188,41.0,0.8,0.800074,31896.998,27609.0,28183.0,28503.996,28700.004,29257.996,29797.002,30507.002,31116.996,700.0,384.0,34.840576,0.012506310452587209,0.9577388645361036,0.28763912695788646,0.0,0.0,0.0
1647579206,41.0,0.8,0.80005205,31815.002,27695.0,28217.0,28626.002,28889.002,29443.0,29918.998,30592.002,30991.998,700.0,512.0,34.951168,0.012562059236179722,0.958114562635582,0.28638520364297343,0.0,0.0,0.0
1647579585,51.0,0.8,0.8000891,39419.0,34609.0,35330.004,35715.008,36020.0,36915.0,37514.0,38225.0,38512.0,700.0,128.0,36.64691,0.013735880846266535,0.9656429238803546,0.25987255253258246,0.0,0.0,0.0
1647579608,51.0,0.8,0.80008996,39290.996,34586.992,35304.0,35900.004,36292.0,36919.0,37475.0,37989.0,38115.0,700.0,768.0,36.2496,0.013807115403079192,0.966076237631913,0.2582570484671572,0.0,0.0,0.0
1647579615,1.0,0.904585,0.7984499,27050.926,101.13,34124.754,24264.562,10887.627,21853.027,30357.691,189.0,17696.203,100.0,65.0,44.644993,0.013828795485587391,0.9662075793313611,0.25776522970065496,1.0,0.11666666666666667,10.85
1647579621,1.0,1.2005136,1.5740263,31571.97,751.06445,19963.592,33077.32,10193.994,27239.219,27266.844,14292.751,25295.684,100.0,65.0,56.459854,0.013847378413451562,0.966319958650536,0.25734361758867536,1.0,0.21666666666666667,10.75
1647579637,1.0,0.71807474,0.9977219,27052.871,101.13,18973.777,36657.55,11611.945,30810.996,26096.086,22840.002,33231.56,100.0,65.0,65.36516,0.013896932887756019,0.9666187373501227,0.25621907931232285,1.0,0.48333333333333334,10.483333333333333
1647579654,1.0,0.9333287,1.0682329,24574.023,101.13,22316.559,28470.13,15764.407,24829.383,30853.848,7482.128,24705.082,100.0,65.0,55.680233,0.013949584516704503,0.9669347558045656,0.2550238773471323,1.0,0.7666666666666667,10.2
1647579685,17.916725,0.31343722,1.5711274,39554.547,101.13,21963.078,22441.781,9575.755,26382.924,23691.383,20863.11,26706.852,100.0,65.0,60.865295,0.014045596310669388,0.9675072198697975,0.25284338927449806,1.0,1.2833333333333334,9.683333333333334
1647579717,1.0,1.0584543,1.7463392,29355.105,2635.022,15278.715,36657.156,3763.8716,17443.324,25363.191,12193.038,20945.34,100.0,98.528076,55.454315,0.0141447052592783,0.9680929928951864,0.25059121514378874,1.0,1.8166666666666667,9.15
1647579728,1.0,0.3019333,1.4527854,29586.617,101.13,21209.705,26122.297,13500.375,31511.145,11672.349,12486.006,27507.145,100.0,69.746796,61.047638,0.014178773960362615,0.968293141710161,0.24981671624826485,1.0,2.0,8.966666666666667
1647579759,1.0,0.42463434,0.9144542,28081.309,101.13,24288.574,19008.23,18098.965,19515.78,18384.201,14287.634,30932.982,100.0,65.0,49.256798,0.0142747857543275,0.9688538633948393,0.2476331790873231,1.0,2.5166666666666666,8.45
1647579760,1.0,0.58156335,1.4447547,20853.914,101.13,24860.656,17620.812,14056.545,19092.543,19290.914,13768.095,20087.791,100.0,199.85107,43.421535,0.014277882908971529,0.9688718692259007,0.2475627213913862,1.0,2.533333333333333,8.433333333333334
1647579769,1.0,0.6662302,1.3403357,25745.617,101.13,22342.33,31773.59,11260.513,18421.932,18982.432,13992.819,28365.32,100.0,211.15738,53.46891,0.014305757300767784,0.9690336911196237,0.24692854325710875,1.0,2.683333333333333,8.283333333333333
1647579785,1.0,1.0483348,1.4411503,13539.505,101.13,25029.387,19398.35,13019.532,18534.822,15925.361,18809.203,23167.188,142.16696,267.53357,50.375267,0.014355311775072242,0.9693203494956829,0.2458008544606125,1.0,2.95,8.016666666666667
1647579797,12.576035,0.18832648,0.8980367,25989.0,101.13,24808.371,16502.701,16960.22,25843.496,175.0,16506.09,22073.29,100.0,274.82898,65.24279,0.014392477630800583,0.9695344820893788,0.24495486939369068,1.0,3.15,7.816666666666666
1647579830,1.8309307,0.48444745,0.97232354,30504.953,3169.019,24445.719,23255.531,18168.344,16332.486,10426.296,22119.95,24638.79,100.0,155.95511,56.528442,0.014494683734053526,0.9701195391540989,0.24262745053154788,1.0,3.7,7.266666666666667
1647579856,1.0,0.4871954,0.46167892,20797.922,4233.015,20933.566,24844.105,20155.18,22714.2,9568.612,10143.736,23634.676,100.0,103.789215,48.268776,0.014575209754798266,0.9705765582999899,0.24079274174805673,1.0,4.133333333333334,6.833333333333333
1647580237,1.0,0.4680889,0.87363553,25515.977,4756.9883,3978.6777,16592.69,28655.014,165.0,175.0,42500.508,13573.698,417.74347,308.36423,51.735123,0.01575522567417314,0.976874849768255,0.21381189838325018,1.0,10.483333333333333,0.48333333333333334
1647580264,1.0,0.6415359,1.6179178,21934.818,7028.783,18793.898,7238.9414,16762.195,165.0,175.0,32861.508,14680.984,807.8716,561.3342,41.31562,0.015838848849561906,0.977292785100112,0.21189339817763642,1.0,10.933333333333334,0.03333333333333333
1647580266,10.999998,0.8,0.79995096,8681.0,6795.0,6989.001,7104.0,7196.0005,7407.0,7617.0,8091.0005,8214.0,800.0,896.0,33.308674,0.015845043158849964,0.9773235934086957,0.2117512544631425,0.0,0.0,0.0
1647580276,10.999998,0.8,0.800105,8704.0,6790.0,6996.9995,7174.0,7295.0,7517.9995,7886.9995,8294.0,8416.0,800.0,1024.0,33.488895,0.01587601470529025,0.9774773248242297,0.21104046876006388,0.0,0.0,0.0
1647580301,10.999998,0.8,0.7999259,8896.0,6900.0,7101.9995,7212.9995,7377.0005,7605.0,7891.0,8202.0,8419.999,800.0,640.0,34.545666,0.015953443571390964,0.9778593915797152,0.2092630170368122,0.0,0.0,0.0
1647580306,10.999998,0.8,0.7999141,8683.0,6812.0,6998.0,7181.0,7213.0,7523.0,7793.0,8104.999,8205.999,800.0,255.99997,34.46784,0.015968929344611107,0.9779354171156673,0.2089074435026328,0.0,0.0,0.0
1647580341,10.999998,0.8,0.80007505,8411.0,6880.0,7078.0,7201.0,7293.0,7511.0,7792.0,8075.001,8214.0,800.0,384.0,33.787903,0.016077329757152103,0.9784639750407657,0.20641765803202003,0.0,0.0,0.0
1647580368,10.999998,0.8,0.799953,8498.999,6898.0,7087.0,7190.0,7275.9995,7500.0005,7704.0,7889.9995,8007.0,800.0,512.0,34.45555,0.016160952932540874,0.978867388761685,0.20449605184179023,0.0,0.0,0.0
1647580752,21.0,0.8,0.80001605,16002.0,13201.0,13588.0,13794.0,13906.0,14316.0,14707.001,15006.0,15296.0,800.0,128.0,33.681408,0.01735026031584783,0.9841956079692419,0.17708474031958338,0.0,0.0,0.0
1647580784,21.0,0.8,0.8000361,15690.0,13277.0,13602.0,13807.0,14007.0,14411.001,14650.0,15009.0,15386.0,800.0,896.0,33.636353,0.017449369264456744,0.9846050375849674,0.1747939357137565,0.0,0.0,0.0
1647580785,21.0,0.8,0.8000511,15502.0,13394.0,13700.0,13903.0,14077.0,14484.0,14789.0,15093.0,15202.0,800.0,768.0,34.091007,0.01745246641910077,0.9846177463551272,0.1747223327527145,0.0,0.0,0.0
1647580795,21.0,0.8,0.799994,16086.0,13280.0,13598.0,13796.0,13917.0,14307.0,14705.0,14998.0,15410.001,800.0,1024.0,33.83296,0.017483437965541058,0.9847445476525166,0.17400625238375905,0.0,0.0,0.0
1647580823,21.0,0.8,0.80008304,16914.0,13391.0,13698.0,13991.999,14101.0,14585.0,15005.0,15602.0,16205.0,800.0,640.0,35.50003,0.017570158295573856,0.9850968205129117,0.1720007389965295,0.0,0.0,0.0
1647580826,21.0,0.8,0.80009806,16391.0,13300.0,13624.999,13901.0,14086.0,14510.0,14981.0,15599.0,15904.0,800.0,255.99997,34.26304,0.01757944975950594,0.9851343218091895,0.17178582011780927,0.0,0.0,0.0
1647580864,21.0,0.8,0.80001605,16821.0,13386.0,13784.999,13986.0,14117.0,14591.001,14985.0,15681.0,16194.0,800.0,384.0,34.31219,0.017697141635979026,0.9856052791343153,0.1690628100516741,0.0,0.0,0.0
1647580891,21.0,0.8,0.800022,17482.0,13401.0,13790.0,13984.0,14097.0,14597.0,15199.0,15909.0,16108.0,800.0,512.0,33.804287,0.017780764811367797,0.9859353330638878,0.16712725395997116,0.0,0.0,0.0
1647581808,41.0,0.8,0.799981,32746.998,27723.998,28295.002,28597.004,28770.002,29213.0,29655.0,29958.0,30344.998,800.0,768.0,36.102142,0.02062085561994196,0.9948807088287882,0.10105629718294655,0.0,0.0,0.0
1647581810,41.0,0.8,0.8000419,31883.002,27871.998,28412.002,28777.998,28995.002,29584.002,29973.0,30430.0,30700.996,800.0,640.0,36.118526,0.020627049929230017,0.9948953963485203,0.10091159658097096,0.0,0.0,0.0
1647581811,1.0,0.38918132,1.6680291,25768.477,101.13,22548.727,25794.834,153.0,23242.43,42524.39,10290.61,30496.854,100.0,65.0,48.99375,0.020630147083874045,0.994902732216154,0.1008392454792863,1.0,0.016666666666666666,12.55
1647581812,1.0,0.40671524,1.611354,21397.766,101.13,23999.85,23241.078,10772.821,19709.396,37972.48,16685.607,23821.008,100.0,65.0,40.16287,0.020633244238518072,0.9949100628222477,0.10076689384431316,1.0,0.03333333333333333,12.533333333333333
1647581816,1.0,0.78090477,1.352905,27342.98,101.13,19198.762,23880.27,13803.178,17997.479,43280.68,19034.984,26028.45,100.0,65.0,52.494904,0.020645632857094188,0.9949393326304478,0.10047748197919361,1.0,0.1,12.466666666666667
1647581818,1.0,1.1835889,0.98330235,17657.9,101.13,16497.05,30947.844,11666.348,18649.426,37429.82,15086.44,33489.945,100.0,65.0,46.153297,0.020651827166382246,0.9949539359643013,0.10033277285685407,1.0,0.13333333333333333,12.433333333333334
1647581822,1.0,0.39585948,1.5370852,19873.02,101.13,31487.693,26431.373,14720.123,21097.61,32755.139,12791.845,15528.567,100.0,65.0,51.426613,0.02066421578495836,0.9949830794899706,0.10004334824792178,1.0,0.2,12.366666666666667
1647582373,1.0,0.18109,1.4257779,35817.043,101.13,19917.518,16572.656,29770.87,165.0,175.0,21954.8,15956.135,100.0,412.62323,45.871178,0.02237074799381808,0.9981920668448325,0.06010488905273265,1.0,9.383333333333333,3.183333333333333
1647582376,1.0,0.66858596,1.3678751,27008.55,3796.5688,13390.639,25948.398,19143.262,857.27637,175.0,25471.795,23217.223,100.0,454.0933,41.003242,0.022380039457750165,0.9982051559421498,0.05988711589739803,1.0,9.433333333333334,3.1333333333333333
1647582379,3.3921108,0.30268753,1.3230714,28426.072,101.13,24033.791,15589.723,26631.168,165.0,175.0,29066.158,18926.0,100.0,681.0823,55.86588,0.02238933092168225,0.9982181975284237,0.05966933989164821,1.0,9.483333333333333,3.0833333333333335
1647582381,2.6186142,0.1,0.87365043,25684.133,8914.318,12116.785,13386.035,19806.816,165.0,175.0,39868.742,27152.438,257.49783,251.80588,52.270603,0.02239552523097031,0.9982268655239421,0.05952415430936972,1.0,9.516666666666667,3.05
1647582390,3.857664,0.20304328,1.7374806,23500.596,7425.2227,9905.957,25522.54,20021.512,3291.4072,175.0,45222.957,21682.918,100.0,463.54944,52.61207,0.022423399622766564,0.9982656101847159,0.058870803651189206,1.0,9.666666666666666,2.9
1647582392,1.0,0.1,1.3202559,30145.098,3208.8174,14753.715,16839.648,20082.55,453.95117,175.0,39822.4,19955.504,100.0,268.83887,44.01981,0.022429593932054622,0.998274162037345,0.058725611181465305,1.0,9.7,2.8666666666666667
1647582393,1.0,0.1,0.96160674,24886.979,2444.6265,14277.701,13149.102,26597.863,165.0,175.0,29250.914,28269.207,100.0,604.02094,53.459732,0.02243269108669865,0.9982784300446162,0.058653014480555966,1.0,9.716666666666667,2.85
1647582401,1.0,0.4739076,1.0782799,23151.32,7171.6094,12815.689,19031.926,20945.535,165.0,175.0,26916.254,22230.84,258.15314,365.72217,47.631947,0.022457468323850878,0.9983123840427709,0.058072229738826614,1.0,9.85,2.716666666666667
1647582548,1.0,0.35202926,1.1896533,29284.033,2005.5879,17458.172,24301.19,25768.633,165.0,175.0,33519.574,26247.309,232.2262,465.63278,44.391754,0.022912750056523074,0.9988761299900921,0.04739701399894833,1.0,12.3,0.26666666666666666
1647582554,1.0,0.16448003,1.8239781,41020.688,1488.561,12667.613,14513.994,20544.86,165.0,175.0,32373.469,35187.746,463.50412,435.134,63.470413,0.022931332984387244,0.9988967157522256,0.04696116756871919,1.0,12.4,0.16666666666666666
1647582556,1.0,1.1090728,1.9239987,19189.576,8401.541,8522.087,16283.988,14710.08,165.0,175.0,52934.46,23104.246,812.485,713.6513,47.178825,0.022937527293675302,0.9989035354118327,0.04681588343437975,1.0,12.433333333333334,0.13333333333333333
1647582564,1.0,0.8,0.79987895,362.00098,193.00098,206.00195,215.0,220.0,240.99902,257.99902,290.00098,305.99902,900.00006,1024.0,36.093952,0.022962304530827527,0.9989306027408966,0.04623473702432982,0.0,0.0,0.0
1647582573,1.0,0.8,0.7998911,336.00098,196.99902,209.0,220.00098,225.0,244.99902,257.99902,273.0,280.00098,900.00006,640.0,36.511745,0.022990178922623786,0.9989606493482885,0.045580928617632854,0.0,0.0,0.0
1647582575,1.0,0.8,0.7999519,315.0,196.99902,210.99902,218.99805,224.0,244.00195,260.00195,276.0,292.00195,900.00006,512.0,35.21331,0.02299637323191184,0.998967268259602,0.045435635199128056,0.0,0.0,0.0
1647582576,1.0,0.8,0.79987407,339.99707,198.0,210.0,218.99805,223.0,242.0,255.99902,268.00195,287.0,900.00006,384.0,33.11616,0.02299947038655587,0.9989705697907147,0.045362988129253684,0.0,0.0,0.0
1647582586,1.0,0.8,0.799868,341.99902,201.00098,216.00098,224.0,231.0,250.00098,261.99902,274.99902,288.00098,900.00006,255.99997,33.10387,0.023030441932996155,0.9990032945310736,0.04463650429929543,0.0,0.0,0.0
1647583123,10.999998,0.8,0.800074,9587.0,6890.0,7084.0,7188.0,7213.0,7410.999,7695.9995,8244.0,8815.001,900.00006,896.0,34.811905,0.024693613976839477,0.9999843222919903,0.00559956875383056,0.0,0.0,0.0
1647583126,10.999998,0.8,0.800055,8997.0,6886.0,6999.999,7105.0005,7185.9995,7380.0,7510.0,7971.9995,8696.0,900.00006,128.0,35.414017,0.024702905440771562,0.999985520130511,0.005381405886146909,0.0,0.0,0.0
1647583128,10.999998,0.8,0.7999871,8502.999,6821.0,7006.0,7106.0005,7190.9995,7376.0,7501.0005,7706.0,7875.999,900.00006,768.0,35.06995,0.02470909975005962,0.9999862922474267,0.005235963831419759,0.0,0.0,0.0
1647583135,10.999998,0.8,0.80008996,8283.0,6819.0,7005.0005,7112.001,7198.0,7382.999,7492.0,7700.9995,7885.9995,900.00006,1024.0,35.02899,0.02473077983256782,0.9999888280711614,0.004726915787816884,0.0,0.0,0.0
1647583148,10.999998,0.8,0.8000711,7919.0005,6900.0,7090.9995,7189.0,7207.9995,7396.9995,7504.0,7599.0,7690.0,900.00006,640.0,35.40173,0.02477104284294019,0.9999928499607506,0.003781537699914474,0.0,0.0,0.0
1647583155,10.999998,0.8,0.80004704,8303.0,6986.0,7131.0,7218.0,7298.0,7482.9995,7592.0,7702.999,7796.0,900.00006,512.0,33.841152,0.02479272292544839,0.9999946454016965,0.003272486506526483,0.0,0.0,0.0
1647583158,10.999998,0.8,0.80011797,8106.0,6892.0,7013.0,7108.0005,7189.0,7315.0005,7495.0005,7614.0005,7787.9995,900.00006,255.99997,33.50528,0.024802014389380476,0.9999953355493857,0.0030543214420708006,0.0,0.0,0.0
1647583159,10.999998,0.8,0.8001059,8282.0,7014.0,7194.0,7285.0,7314.0,7483.9995,7599.0,7786.0,7875.999,900.00006,384.0,35.241985,0.024805111544024504,0.9999955550216727,0.002981599721100583,0.0,0.0,0.0
1647583706,21.0,0.8,0.800055,15409.0,13305.0,13586.0,13712.0,13817.0,14096.0,14302.0,14580.0,14919.0,900.00006,128.0,34.279423,0.026499255134308113,0.9993230535973926,-0.03678905474163103,0.0,0.0,0.0
1647583712,21.0,0.8,0.80004513,15413.0,13278.0,13513.001,13698.999,13805.0,14088.0,14298.0,14504.0,14699.0,900.00006,1024.0,35.217407,0.026517838062172283,0.9993069062160519,-0.03722508816514572,0.0,0.0,0.0
1647583713,21.0,0.8,0.7999772,15867.0,13416.0,13699.0,13875.0,13998.999,14296.001,14489.0,14809.0,14995.0,900.00006,768.0,34.930687,0.02652093521681631,0.9993041964888351,-0.037297759715613325,0.0,0.0,0.0
1647583735,1.0,0.1,0.66611993,1550.4004,101.13,19900.066,17266.066,153.0,15986.496,55060.984,12237.776,20451.953,272.62866,65.0,54.082783,0.026589072618984938,0.999243245457012,-0.03889648324125844,1.0,0.36666666666666664,20.233333333333334
1647583741,1.0,0.84433573,0.8653084,218.0,101.13,20471.312,21299.219,14257.153,13431.326,59850.88,18739.332,12994.422,100.0,65.0,68.19062,0.02660765554684911,0.999226178544146,-0.039332481641291425,1.0,0.4666666666666667,20.133333333333333
1647583747,1.0,0.18216097,0.99415934,13083.537,101.13,21128.1,26268.84,10040.035,19874.223,69231.56,19790.42,25524.07,100.0,65.0,71.47246,0.026626238474713283,0.9992089213927202,-0.03976847255297511,1.0,0.5666666666666667,20.033333333333335
1647583748,1.0,0.1,1.0594798,17938.793,101.13,24918.58,26537.191,8314.466,21417.58,57497.242,19477.584,20889.787,100.0,65.0,73.23541,0.02662933562935731,0.9992060267056305,-0.03984113697106017,1.0,0.5833333333333334,20.016666666666666
1647584302,1.0,0.9457842,0.9661515,18698.178,2199.8984,10410.493,23478.85,31854.828,165.0,22732.191,39065.03,11401.845,100.0,111.46173,39.060036,0.028345159302149116,0.9967905323739996,-0.08005394786991155,1.0,9.816666666666666,10.783333333333333
1647584304,1.0,0.5667012,1.5229523,30219.81,2044.4883,12659.699,28977.4,17160.703,5397.371,13115.1455,32752.223,29036.78,100.0,336.8157,64.44874,0.02835135361143717,0.9967788784562471,-0.08019892432885897,1.0,9.85,10.75
1647584307,1.0,0.30978346,1.4050168,13404.386,4913.556,17285.348,23933.621,15480.933,5832.007,16009.396,26242.074,29514.459,100.0,373.16785,53.35139,0.02836064507536926,0.9967613580437309,-0.08041638583533343,1.0,9.9,10.7
1647584315,1.0,0.4938706,0.6856934,20401.924,101.13,20834.906,28493.684,24939.602,258.6289,16363.359,22786.805,24137.46,100.0,142.42957,52.777977,0.028385422312521485,0.9967144050057105,-0.08099626444542089,1.0,10.033333333333333,10.566666666666666
1647584334,1.0,0.66611314,0.9899088,25973.297,1959.3936,8777.028,27245.352,16695.0,8807.492,22521.355,23034.156,26486.223,100.0,162.8919,57.33306,0.028444268250758027,0.9966015395273318,-0.0823733659124856,1.0,10.35,10.25
1647584341,1.0,0.70368767,1.0902842,16807.074,101.13,13455.784,16043.851,23335.145,4858.254,13286.504,22446.078,38738.0,100.0,65.500916,73.23541,0.02846594833326623,0.9965594778798135,-0.08288067958163493,1.0,10.466666666666667,10.133333333333333
1647584349,1.0,0.8285004,1.0090538,20376.57,101.13,16819.465,30474.666,13609.648,4937.8604,7744.3813,25972.379,27070.434,100.0,166.11194,46.027412,0.028490725570418457,0.9965110912080515,-0.08346044032557343,1.0,10.6,10.0
1647584353,1.0,0.1,1.1432023,16483.795,6394.6533,10671.06,26759.127,21947.008,2663.295,15807.215,17175.406,26661.912,100.0,236.08765,47.79631,0.02850311418899457,0.996486771390047,-0.08375031011668041,1.0,10.666666666666666,9.933333333333334
1647584910,1.0,0.15275753,1.3346198,29773.967,6491.7305,15704.602,32800.492,34680.188,165.0,2191.7646,36260.258,18807.238,328.2683,564.63025,49.95134,0.03022822932571846,0.992277912105967,-0.1240344514504853,1.0,19.95,0.65
1647584916,1.0,0.41609442,1.0748568,27740.082,101.13,16479.842,31429.668,18686.422,165.0,175.0,25091.648,25135.424,314.4093,433.9624,61.49095,0.030246812253582632,0.9922236974107375,-0.12446740254606918,1.0,20.05,0.55
1647584924,1.0,0.69628894,0.84951186,31826.84,1319.9785,12769.586,27569.357,24736.125,165.0,175.0,36692.094,19343.61,745.36865,371.9077,60.662834,0.03027158949073486,0.9921511172993979,-0.12504463379752262,1.0,20.183333333333334,0.4166666666666667
1647584930,1.0,1.0624777,1.710564,27610.703,3751.5264,21643.621,34976.844,13513.837,165.0,175.0,39582.496,20628.555,812.09937,713.77454,61.642002,0.030290172418599035,0.9920964618410523,-0.12547752947227478,1.0,20.283333333333335,0.31666666666666665
1647584949,41.0,0.8,0.8000182,31507.0,27562.002,28098.0,28532.0,28797.998,29452.996,30013.002,30689.006,31009.998,900.00006,640.0,36.80256,0.030349018356835577,0.9919221401817575,-0.12684820778096073,0.0,0.0,0.0
1647584954,41.0,0.8,0.7999761,32503.0,27492.0,28087.004,28472.0,28722.0,29411.002,29994.004,30597.996,31118.002,900.00006,255.99997,35.250175,0.030364504130055717,0.9918759513006431,-0.1272088724556754,0.0,0.0,0.0
1647584971,41.0,0.8,0.80008304,32804.0,27914.0,28586.998,28908.0,29100.002,29810.004,30583.996,31096.0,31481.002,900.00006,384.0,34.59072,0.030417155759004205,0.9917179282269019,-0.12843500626130558,0.0,0.0,0.0
1647584978,41.0,0.8,0.8000871,32575.998,27998.996,28683.0,29090.998,29295.002,29900.002,30372.998,30906.998,31210.994,900.00006,512.0,35.46317,0.030438835841512402,0.9916524193340706,-0.12893982793878955,0.0,0.0,0.0
1647585510,1.0,0.8,0.7199249,329.99902,164.00195,190.99902,203.0,210.0,226.99805,241.00098,263.99902,273.0,1000.0,512.0,35.909634,0.03208652211213558,0.9859231766199597,-0.16719895275870536,0.0,0.0,0.0
1647585515,1.0,0.8,0.727466,308.0,175.00195,198.00098,207.99902,215.0,231.0,245.99805,263.99902,282.99902,1000.0,896.0,33.56672,0.03210200788535572,0.9858623161908311,-0.16755743348132826,0.0,0.0,0.0
1647585519,1.0,0.8,0.716287,299.00098,178.00195,200.0,212.00195,217.0,237.0,249.99902,263.0,273.99707,1000.0,768.0,36.487167,0.03211439650393184,0.9858135340000066,-0.1678442021114162,0.0,0.0,0.0
1647585522,1.0,0.8,0.7241199,322.99902,185.00098,205.00098,212.00195,219.00195,238.0,255.0,265.99902,278.0,1000.0,128.0,33.83296,0.032123687967863926,0.9857768926152087,-0.16805926926505196,0.0,0.0,0.0
1647585523,1.0,0.8,0.752582,339.99707,187.0,206.00195,214.0,219.00195,238.0,255.0,269.0,283.99902,1000.0,640.0,33.73056,0.03212678512250795,0.985764668393634,-0.16813095653920745,0.0,0.0,0.0
1647586135,10.999998,0.8,0.80013514,9003.0,6789.0,6905.0005,7000.999,7087.0,7220.0,7393.9995,7680.999,8105.0,1000.0,512.0,34.213886,0.03402224376465341,0.9773081918386495,-0.2118223268805003,0.0,0.0,0.0
1647586136,10.999998,0.8,0.7999661,7886.999,6716.0,6896.0,6990.0005,7020.0005,7198.9995,7387.9995,7503.001,7610.0005,1000.0,896.0,34.873344,0.034025340919297445,0.977292785100112,-0.21189339817763628,0.0,0.0,0.0
1647586141,10.999998,0.8,0.80011797,7791.0,6708.0,6889.0,6983.9995,7007.0,7185.0,7297.0,7411.0005,7496.0,1000.0,1024.0,34.701313,0.03404082669251758,0.9772156738829075,-0.2122487378468361,0.0,0.0,0.0
1647586142,10.999998,0.8,0.799955,7777.0015,6704.0005,6884.999,6979.0,7018.0,7199.999,7310.0,7420.9995,7500.9995,1000.0,640.0,35.09043,0.034043923847161615,0.9772002361351342,-0.21231980241474896,0.0,0.0,0.0
1647586143,10.999998,0.8,0.8000169,7892.0,6708.0,6893.0,6993.0,7017.0005,7196.0,7302.0005,7497.0,7594.999,1000.0,255.99997,34.975742,0.03404702100180564,0.9771847932194405,-0.21239086585980899,0.0,0.0,0.0
1647586145,10.999998,0.8,0.7999588,7887.999,6712.0,6897.0,6996.0,7021.0,7202.0,7387.9995,7491.0005,7516.999,1000.0,384.0,33.95584,0.0340532153110937,0.9771538918846184,-0.2125329893798688,0.0,0.0,0.0
1647586776,21.0,0.8,0.8000879,16291.0,13224.001,13515.0,13776.001,13896.0,14189.0,14414.0,14797.0,15103.0,1000.0,896.0,34.553856,0.0360075198914757,0.9663760793213294,-0.25713279315469595,0.0,0.0,0.0
1647586779,18.819813,0.1,0.9731163,218.0,101.13,16623.287,21121.898,153.0,25289.553,33833.38,24526.36,14756.637,100.0,65.0,67.95988,0.03601681135540779,0.9663199586505361,-0.257343617588675,1.0,0.05,33.266666666666666
1647586786,2.200714,0.1,0.93104815,1672.1162,101.13,19030.693,23666.684,5623.14,32119.096,42816.062,25669.371,18455.55,262.64368,65.0,63.71666,0.03603849143791599,0.9661888315600038,-0.2578354936169855,1.0,0.16666666666666666,33.15
1647586787,1.0,0.216003,0.8969768,3813.331,101.13,14708.986,27845.994,3160.995,27896.174,68806.28,30031.117,19066.512,100.0,65.0,73.13707,0.036041588592560014,0.96617007867896,-0.2579057561697535,1.0,0.18333333333333332,33.13333333333333
1647587427,1.0,0.1,1.303848,218.0,6247.9756,13049.887,19993.906,14684.484,14134.602,32352.77,26853.516,11273.098,106.92288,265.85403,64.005554,0.03802376756473828,0.9531246782323078,-0.3025778374973284,1.0,10.85,22.466666666666665
1647587428,1.0,0.1,1.0995686,9431.318,101.13,19044.482,22917.71,9433.182,13337.882,36822.81,25482.506,20174.477,100.0,363.6477,70.38994,0.038026864719382304,0.953102671630746,-0.30264714987974756,1.0,10.866666666666667,22.45
1647587430,1.0,0.2134546,0.77280295,2629.044,5177.362,17163.205,22108.305,11481.343,8743.781,22280.326,27587.492,22268.238,100.0,111.328,59.869812,0.03803305902867036,0.953058643306297,-0.30278576984257466,1.0,10.9,22.416666666666668
1647587431,1.0,0.19847614,0.9824425,8824.435,101.13,14067.923,28795.646,9911.755,16081.413,34235.93,26826.387,14644.759,100.0,71.77179,61.812035,0.038036156183314386,0.9530366215836429,-0.3028550774222487,1.0,10.916666666666666,22.4
1647587437,1.0,0.1,0.42857555,218.0,4781.8228,10772.242,19393.111,11273.598,11267.092,29537.178,32742.31,21857.55,245.06178,65.0,73.23541,0.038054739111178564,0.952904385409041,-0.3032708892528557,1.0,11.016666666666667,22.3
1647587439,1.0,0.40916595,0.57937574,218.0,101.13,12510.891,19770.389,10734.986,4066.641,31836.006,33629.977,19165.453,172.21085,65.0,73.23541,0.03806093342046662,0.9528602663674751,-0.30340948036952353,1.0,11.05,22.266666666666666
1647588095,1.0,0.6344619,1.2621615,16330.037,3789.647,9638.975,15546.27,17605.918,165.0,9098.73,22129.68,5206.6357,100.0,327.51025,57.93799,0.04009266686694933,0.9373073358880719,-0.3485038853304296,1.0,21.983333333333334,11.333333333333334
1647588102,1.0,0.9645699,0.7769668,27272.002,5215.5044,13882.188,18896.705,29158.857,165.0,6047.316,32366.457,15985.218,143.08194,444.07748,50.421883,0.040114346949457536,0.9371298070264327,-0.34898098054564664,1.0,22.1,11.216666666666667
1647588104,1.0,0.573771,0.95275867,26775.793,3544.0518,16642.562,30313.025,19925.012,165.0,8464.167,25175.02,9479.145,121.951385,512.1419,51.93451,0.04012054125874559,0.9370790398884511,-0.3491172768594227,1.0,22.133333333333333,11.183333333333334
1647588105,1.0,0.28881216,1.1218449,24120.582,3273.3604,13385.65,22595.12,24908.777,165.0,10709.31,22174.691,7325.986,358.1177,438.32233,57.287796,0.04012363841338962,0.9370536488857836,-0.349185422247033,1.0,22.15,11.166666666666666
1647588107,1.0,0.32175547,1.6681187,26338.168,101.13,15368.604,26585.756,14943.308,165.0,175.0,22456.07,15090.375,100.0,160.10449,52.27902,0.04012983272267768,0.9370028520137673,-0.3493217074818941,1.0,22.183333333333334,11.133333333333333
1647588109,1.0,0.6838007,1.1032289,32552.418,101.13,12799.29,22657.957,25589.52,165.0,7390.276,21611.594,17913.021,247.90567,381.9004,57.634888,0.04013602703196573,0.9369520353204044,-0.3494579853272087,1.0,22.216666666666665,11.1
1647588116,1.0,0.95450014,1.3197749,25056.398,2613.31,18740.367,19807.016,16247.383,165.0,1254.7402,33469.93,6615.2075,280.4672,522.15497,48.10593,0.04015770711447393,0.9367740208160539,-0.34993489955150725,1.0,22.333333333333332,10.983333333333333
1647588775,51.0,0.8,0.8000711,37984.004,34287.0,34802.004,35202.004,35403.996,36005.0,36503.0,37105.0,37480.996,1000.0,640.0,37.31456,0.04219873202488873,0.9189346823245125,-0.39440974838503595,0.0,0.0,0.0
1647588776,51.0,0.8,0.7999772,38401.0,34307.996,34892.0,35312.0,35493.008,36184.996,36711.996,37180.0,37420.0,1000.0,128.0,36.368385,0.04220182917953276,0.9189059976083491,-0.39447657415796517,0.0,0.0,0.0
1647588786,51.0,0.8,0.800009,38009.0,34426.004,35110.004,35499.0,35787.004,36210.004,36687.0,37119.0,37384.0,1000.0,896.0,37.208065,0.042232800725973046,0.918618883192027,-0.39514471708860405,0.0,0.0,0.0
1647588788,51.0,0.8,0.800053,38392.004,34216.008,34908.996,35296.004,35513.008,36111.996,36531.0,37098.996,37295.0,1000.0,384.0,36.347904,0.04223899503526111,0.9185614020065447,-0.395278320609379,0.0,0.0,0.0
1647588797,51.0,0.8,0.80001223,38614.008,34696.008,35313.004,35704.008,35900.0,36421.0,36998.0,37418.0,37801.0,1000.0,255.99997,36.380672,0.04226686942705736,0.9183024962278891,-0.39587943293587224,0.0,0.0,0.0
1647588807,51.0,0.8,0.800084,38583.0,34779.0,35401.0,35788.004,35999.0,36605.004,37001.0,37368.0,37694.0,1000.0,512.0,36.409344,0.04229784097349765,0.9180143617835452,-0.3965471366170106,0.0,0.0,0.0
1647588869,1.0,0.7,0.0,343.99805,211.0,232.0,253.99902,267.00098,283.00098,293.0,308.99805,344.00098,100.0,896.0,26.10094,0.042489864561427414,0.9162170979720282,-0.4006822049751086,0.0,0.0,0.0
1647588870,1.0,0.7,0.0,336.00098,228.00098,251.0,266.99902,275.99902,289.99902,297.00098,307.00098,336.0,100.0,128.0,26.10094,0.04249296171607145,0.916187957117136,-0.4007488331031408,0.0,0.0,0.0
1647588871,1.0,0.7,0.0,318.99902,232.00098,255.99902,269.99902,276.99902,298.0,302.99902,311.0,318.99902,100.0,1024.0,26.10094,0.042496058870715475,0.9161588114169866,-0.40081545911181427,0.0,0.0,0.0
1647588949,10.999998,0.7,0.16061598,8725.0,7706.0,7894.0,8091.0,8113.0,8287.0,8412.0,8502.0,8725.0,100.0,512.0,26.845184,0.0427376369329497,0.9138705312724702,-0.40600572911200766,0.0,0.0,0.0
1647588950,10.999998,0.7,0.16450702,8748.0,7696.0,7933.0,8010.0,8099.0,8293.0,8404.0,8515.0,8748.0,100.0,255.99997,26.365953,0.042740734087593726,0.9138410032861833,-0.4060721865788174,0.0,0.0,0.0
1647588951,10.999998,0.7,0.235305,8818.0,7779.0,7917.0,8023.0,8115.0005,8377.0,8503.999,8599.0,8818.0,100.0,768.0,26.546177,0.042743831242237754,0.9138114704670508,-0.4061386418981162,0.0,0.0,0.0
1647589031,21.0,0.7,0.350307,16692.0,15104.001,15507.0,15639.0,15716.0,16011.999,16282.001,16391.0,16692.0,100.0,512.0,28.311552,0.04299160361376004,0.9114332003940959,-0.4114480784003929,0.0,0.0,0.0
1647589032,21.0,0.7,0.349867,17407.0,15011.999,15484.999,15696.0,15995.0,16407.0,16818.0,16990.0,17407.0,100.0,896.0,27.51283,0.042994700768404066,0.9114032766354453,-0.41151435860510877,0.0,0.0,0.0
1647589033,21.0,0.7,0.351705,17306.0,15101.0,15492.0,15694.0,15990.0,16308.0,16604.0,16884.0,17306.0,100.0,768.0,27.795456,0.042997797923048094,0.9113733480568412,-0.4115806366335324,0.0,0.0,0.0
1647589114,31.0,0.7,0.535702,25881.0,22325.004,22906.996,23205.0,23484.0,24293.0,24896.0,25283.0,25881.0,100.0,640.0,28.782593,0.043248667449214406,0.9089331407142397,-0.4169418972846793,0.0,0.0,0.0
1647589115,10.832382,0.53127164,1.4076588,18917.523,3160.6401,17167.502,21897.496,7050.963,25132.729,6744.8457,4259.6045,21913.367,100.0,321.01358,57.56676,0.043251764603858434,0.9089028174404168,-0.4170079956653978,1.0,0.016666666666666666,6.183333333333334
1647589116,20.39459,0.765074,1.1321894,43890.734,101.13,22064.773,33366.848,11052.983,39794.125,11184.08,8708.141,27086.691,100.0,232.50488,53.359863,0.04325486175850246,0.9088724893598641,-0.4170740918407709,1.0,0.03333333333333333,6.166666666666667
1647589198,21.973839,0.5934441,0.46653917,19245.729,1580.2417,21210.875,15411.742,26389.943,19559.227,1903.5957,22801.535,17987.596,100.0,280.60358,57.206463,0.0435088284393128,0.906369244784975,-0.42248644014679804,1.0,1.4,4.8
1647589199,18.700106,1.0508418,1.0594957,20147.764,1504.8169,20356.002,22995.39,19546.664,19985.297,5591.8633,16007.471,18615.006,100.0,491.67273,63.401077,0.043511925593956835,0.9063385183073968,-0.4225523520610821,1.0,1.4166666666666667,4.783333333333333
1647589200,6.6132355,1.0618956,0.98129976,19100.791,8364.65,19672.41,18314.621,17703.184,27109.89,1339.2012,17439.963,22849.309,100.0,522.20465,51.96089,0.04351502274860086,0.90630778703665,-0.42261826174069933,1.0,1.4333333333333333,4.766666666666667
1647589283,31.80066,0.46480754,1.2257279,37565.14,101.13,25759.812,20125.922,22941.957,16625.07,5396.6274,22809.621,26822.383,100.0,624.267,60.622704,0.04377208658405523,0.9037403986831861,-0.42808094069691527,1.0,2.816666666666667,3.3833333333333333
1647589284,5.633724,0.46260133,0.84843504,22156.45,580.1748,23147.957,12679.615,21813.467,15704.041,175.0,14332.164,24630.484,100.0,542.3447,52.566853,0.04377518373869926,0.9037092653689986,-0.42814666142132285,1.0,2.8333333333333335,3.3666666666666667
1647589285,9.083181,1.075851,1.0245792,19716.947,4515.7524,19739.188,19726.152,17009.256,17700.668,591.8096,16229.855,23089.812,100.0,456.1737,51.68743,0.043778280893343284,0.9036781272755475,-0.42821237988147814,1.0,2.85,3.35
1647589286,26.666573,0.74109715,0.94743705,20511.387,101.13,21071.348,16520.611,19423.797,16011.543,175.0,19772.412,22416.559,100.0,418.09958,62.559334,0.04378137804798731,0.9036469844029973,-0.42827809607703404,1.0,2.8666666666666667,3.3333333333333335
1647589338,7.5356464,0.6218826,0.55205464,14559.967,1749.8169,13877.046,13733.036,25405.232,17947.459,175.0,22623.623,24910.734,100.0,630.8484,70.24601,0.0439424300894768,0.9020209735252284,-0.4316922090107711,1.0,3.7333333333333334,2.466666666666667
1647589339,14.386232,1.0781734,1.0769305,20049.805,6178.094,17332.977,20135.719,18887.191,14831.124,175.0,23420.922,26379.969,100.0,385.81586,51.512646,0.043945527244120826,0.9019895775967451,-0.4317578046855033,1.0,3.75,2.45
1647589340,34.48228,0.7995851,1.3887827,20238.732,8150.8438,21636.434,20627.97,15336.464,16650.14,175.0,24004.287,19988.094,100.0,526.9028,44.603085,0.04394862439876485,0.9019581768980925,-0.43182339807688647,1.0,3.7666666666666666,2.433333333333333
1647589341,37.85488,0.59236556,1.3979278,12613.932,997.7324,23425.951,13965.536,18104.549,7659.4346,1233.4678,13556.373,15722.131,100.0,587.88464,51.57872,0.04395172155340888,0.9019267714294371,-0.4318889891845726,1.0,3.783333333333333,2.4166666666666665
1647589483,4.1236706,0.23598886,1.2679859,18537.656,2351.6177,10895.108,12477.268,19972.049,7732.3975,175.0,30366.947,24218.77,396.92126,461.14233,56.281998,0.04439151751286093,0.8974188464147332,-0.44117957126282437,1.0,6.15,0.05
1647589484,32.885456,0.9139378,1.0942091,17978.143,6640.745,16849.408,16936.697,30186.965,7518.087,175.0,39647.28,23546.828,253.37042,714.44586,56.21608,0.04439461466750496,0.897386760557967,-0.4412448322363425,1.0,6.166666666666667,0.03333333333333333
1647589485,10.236744,1.1444739,1.0533924,13475.224,5390.517,14660.714,11681.3545,20355.402,3933.1553,175.0,33293.547,21294.281,355.4344,649.3598,53.98712,0.044397711822148994,0.8973546699553735,-0.4413100908763391,1.0,6.183333333333334,0.016666666666666666
1647589486,10.999998,0.7,0.6227669,8408.0,7500.0,7622.0,7717.0,7806.0,7916.0,8008.0,8091.0005,8220.0,200.0,896.0,29.630465,0.04440080897679302,0.8973225746071228,-0.4413753471824683,0.0,0.0,0.0
1647589487,10.999998,0.7,0.624483,8405.0,7503.0,7698.0,7806.0,7894.0,8018.0,8211.0,8392.0,8402.0,200.0,128.0,30.0032,0.04440390613143705,0.8972904745133846,-0.4414406011543853,0.0,0.0,0.0
1647589488,10.999998,0.7,0.621917,8211.999,7591.0,7697.0,7800.0,7886.0,7992.0,8098.0,8193.0,8205.0,200.0,384.0,30.957565,0.044407003286081076,0.8972583696743285,-0.44150585279174515,0.0,0.0,0.0
1647589634,21.0,0.7,0.64791906,16813.0,14797.999,15101.0,15296.0,15403.0,15788.0,16020.001,16223.0,16584.0,200.0,640.0,30.33907,0.044859187864109244,0.8925202315314127,-0.4510073572649491,0.0,0.0,0.0
1647589636,21.0,0.7,0.647639,17014.0,15009.0,15383.0,15504.999,15634.0,15907.999,16096.0,16504.0,16806.0,200.0,1024.0,29.028353,0.0448653821733973,0.8924546257303382,-0.45113716429986334,0.0,0.0,0.0
1647589638,21.0,0.7,0.64783,16801.0,14993.0,15206.999,15484.0,15602.0,15908.999,16094.001,16304.0,16322.0,200.0,896.0,29.806593,0.04487157648268536,0.8923890010502896,-0.45126696179142806,0.0,0.0,0.0
1647589639,21.0,0.7,0.6480479,17093.0,15001.0,15387.999,15603.0,15715.0,16109.0,16312.0,16580.0,16894.0,200.0,255.99997,30.18752,0.04487467363732939,0.892356181631084,-0.451331856957596,0.0,0.0,0.0
1647589640,21.0,0.7,0.647646,17202.0,15074.999,15389.0,15592.998,15706.0,16185.0,16488.0,16817.0,16900.0,200.0,128.0,29.663235,0.044877770791973415,0.8923233574926555,-0.45139674973689675,0.0,0.0,0.0
1647589641,21.0,0.7,0.6741431,16724.0,15001.0,15456.0,15596.0,15644.0,15997.0,16198.0,16410.0,16508.0,200.0,384.0,29.290497,0.04488086794661744,0.8922905286351777,-0.45146164012898726,0.0,0.0,0.0
1647589790,31.0,0.7,0.6728379,25290.0,22484.0,23105.998,23442.0,23514.0,23991.0,24376.0,24597.0,24980.0,200.0,640.0,31.571968,0.04534234398857769,0.8873463916683286,-0.4611034387132644,0.0,0.0,0.0
1647589792,31.0,0.7,0.6740009,25084.002,22799.0,23223.0,23510.0,23698.0,24014.998,24332.0,24513.0,24900.0,200.0,512.0,31.105026,0.045348538297865754,0.8872793175064592,-0.4612324931368907,0.0,0.0,0.0
1647589793,31.0,0.7,0.673589,25684.002,22506.0,23198.0,23582.0,23845.002,24415.0,24772.0,25008.0,25311.002,200.0,1024.0,30.773249,0.04535163545250978,0.8872457733868752,-0.46129701669003437,0.0,0.0,0.0
1647589795,31.0,0.7,0.6739789,25290.0,22735.0,23206.0,23576.0,23803.002,24489.0,24855.0,25181.002,25226.0,200.0,768.0,30.212097,0.045357829761797835,0.8871786710712949,-0.46142605647727697,0.0,0.0,0.0
1647589796,31.0,0.7,0.67378706,25143.0,22706.0,23111.0,23421.002,23605.0,24103.0,24393.0,24751.0,25113.0,200.0,128.0,30.683136,0.04536092691644186,0.8871451128756536,-0.4614905727106935,0.0,0.0,0.0
1647589798,31.0,0.7,0.6741431,25605.0,22697.0,23201.0,23582.0,23701.002,24277.0,24800.998,25292.002,25529.0,200.0,384.0,30.273537,0.045367121225729924,0.8870779824095558,-0.4616195978554114,0.0,0.0,0.0
1647589949,41.0,0.7,0.674601,33429.0,29841.002,30501.0,30995.998,31133.004,31890.002,32150.998,32784.004,33143.0,200.0,512.0,31.793152,0.04583479157697823,0.8819555429543926,-0.4713326004553712,0.0,0.0,0.0
1647589951,24.708569,0.70497876,1.4440256,21553.016,2690.8481,15607.515,16583.723,7462.382,18473.77,4374.5225,5484.163,15802.401,100.0,422.43805,58.759903,0.04584098588626629,0.8818869810782798,-0.4714608707036436,1.0,0.03333333333333333,3.933333333333333
1647589952,23.016201,1.0114545,0.89354694,31793.74,4119.5557,28865.75,26823.824,17208.309,34979.42,175.0,11579.816,14704.135,100.0,433.27332,57.913754,0.04584408304091032,0.881852693144348,-0.4715250020879702,1.0,0.05,3.9166666666666665
1647589953,36.158493,1.466214,1.0206877,26600.25,101.13,27382.738,27534.615,14902.475,23756.947,4543.8433,9643.087,10715.792,100.0,450.508,59.320343,0.045847180195554345,0.8818184005467409,-0.47158913097863875,1.0,0.06666666666666667,3.9
1647589954,36.02163,1.0987731,1.2239257,27519.143,3659.0425,22908.89,18362.033,14735.942,26670.105,175.0,12738.032,17124.723,100.0,267.19254,58.063805,0.04585027735019837,0.8817841032856403,-0.4716532573753088,1.0,0.08333333333333333,3.8833333333333333
1647589955,28.879946,1.3020753,0.82777524,21344.445,101.13,20594.594,25148.062,16138.73,29408.855,175.0,11215.698,19605.654,100.0,447.85315,73.23541,0.0458533745048424,0.881749801361227,-0.4717173812776425,1.0,0.1,3.8666666666666667
1647589956,19.505041,0.91955453,0.7302522,29397.316,2464.083,26240.305,18880.926,14934.972,27034.207,924.9795,3672.8945,15763.16,100.0,212.729,45.806915,0.04585647165948643,0.8817154947736825,-0.47178150268530067,1.0,0.11666666666666667,3.85
1647590114,30.527348,1.107492,0.87649155,22094.062,5561.126,19211.111,20500.338,17524.629,19450.086,175.0,16486.355,16419.402,100.0,522.1819,49.649643,0.046345822093242936,0.8762366025437818,-0.48188112264595984,1.0,2.75,1.2166666666666666
1647590115,19.050205,0.5586968,0.6645087,17584.7,7063.2275,17987.838,16591.607,25792.07,16326.996,175.0,21748.744,17990.828,100.0,775.83124,57.799454,0.04634891924788696,0.8762015568426862,-0.4819448430956109,1.0,2.7666666666666666,1.2
1647590118,11.520973,0.5125228,0.7145479,13357.819,8168.224,15436.052,15012.911,21598.172,18142.457,175.0,13965.031,16018.875,100.0,685.3101,45.86663,0.04635821071181905,0.8760963919374061,-0.4821359891506327,1.0,2.816666666666667,1.15
1647590119,19.484377,1.3401332,0.292435,13490.838,1999.8433,16056.423,19119.09,17421.668,8846.795,175.0,14872.303,10384.32,100.0,451.3753,57.23468,0.04636130786646308,0.8760613277022662,-0.4821996994032065,1.0,2.8333333333333335,1.1333333333333333
1647590121,21.068718,0.6026225,0.7553504,8042.1113,3213.4517,13641.565,13555.16,23982.158,10842.587,175.0,18244.617,17687.316,101.301605,644.4645,65.3631,0.04636750217575114,0.875991185333029,-0.4823271122576822,1.0,2.8666666666666667,1.1
1647590122,25.220287,1.4874264,0.48183426,15444.708,6353.7915,15943.336,21672.172,21319.266,14791.616,175.0,18986.795,11664.571,100.0,527.2234,49.91034,0.04637059933039517,0.8759561071993027,-0.48239081485891044,1.0,2.8833333333333333,1.0833333333333333
1647590180,17.71455,0.5994625,0.8025336,15012.0,4371.682,15790.85,9842.197,21137.305,12311.497,175.0,23608.898,16060.111,100.0,485.6068,49.994095,0.04655023429974882,0.8739136552935591,-0.4860811898144695,1.0,3.85,0.11666666666666667
1647590181,9.611212,1.1585735,0.37442994,13866.639,6751.702,20134.121,19554.484,18308.895,19110.012,175.0,17871.809,6158.4346,109.8725,734.0593,45.224503,0.046553331454392846,0.8738783041611027,-0.48614474132352326,1.0,3.8666666666666667,0.1
1647590183,28.060257,0.83735114,0.91647315,10240.327,6347.5664,13390.679,11475.018,20140.387,2373.2676,175.0,28500.443,17852.33,447.03818,625.0905,59.466454,0.04655952576368091,0.8738075880318688,-0.4862718366283697,1.0,3.9,0.06666666666666667
1647590186,14.105995,1.0173833,1.1859453,7527.865,5345.327,15303.233,7507.884,9013.713,4883.809,175.0,19153.79,10015.445,504.9168,395.1712,37.1894,0.04656881722761299,0.8737014791800202,-0.4864624602974466,1.0,3.95,0.016666666666666666
1647590187,1.0,0.7,0.673261,400.0,192.00098,206.00195,216.0,226.99902,263.00098,282.00195,310.00098,348.99902,300.0,1024.0,31.748096,0.046571914382257024,0.8736661003213528,-0.4865259963756098,0.0,0.0,0.0
1647590190,1.0,0.7,0.664567,355.00098,193.00098,213.00098,235.0,247.99902,276.00098,292.0,333.00195,336.99902,300.0,384.0,32.088062,0.046581205846189105,0.8735599360238168,-0.486716589170808,0.0,0.0,0.0
1647590191,1.0,0.7,0.67320395,341.0,196.99902,218.99902,234.0,243.00098,264.00098,281.00098,290.99902,305.99902,300.0,128.0,32.698368,0.04658430300083313,0.8735245386847507,-0.4867801149549904,0.0,0.0,0.0
1647590398,10.999998,0.7,0.648073,8507.0,7502.0005,7703.0,7810.0,7891.0,8096.0,8278.0,8384.0,8411.0,300.0,768.0,29.925377,0.04722541401214704,0.8660981166764035,-0.49987403642276423,0.0,0.0,0.0
1647590401,10.999998,0.7,0.649397,8883.0,7596.0,7796.0,7903.0,7995.0,8116.0,8300.0,8478.0,8632.0,300.0,255.99997,30.91251,0.04723470547607913,0.8659890404684013,-0.5000629778224115,0.0,0.0,0.0
1647590404,10.999998,0.7,0.6484699,8803.0,7603.0,7797.0005,7904.0005,8000.9995,8200.0,8312.0,8599.0,8685.0,300.0,896.0,30.208,0.04724399694001121,0.8658799230423762,-0.5002518954208257,0.0,0.0,0.0
1647590406,10.999998,0.7,0.6481671,8610.0,7615.0,7810.0,7911.0,7998.0,8107.0,8283.0,8408.0,8411.0,300.0,1024.0,30.248959,0.047250191249299266,0.8658071551953559,-0.5003778272590872,0.0,0.0,0.0
1647590407,10.999998,0.7,0.648476,8510.0,7607.0,7798.0,7899.9995,7984.0,8117.0,8207.0,8396.0,8502.0,300.0,384.0,30.43328,0.0472532884039433,0.8657707644035217,-0.5004407892090149,0.0,0.0,0.0
1647590408,10.999998,0.7,0.64833,8894.0,7618.0005,7787.0,7884.0,7911.0,8111.0,8298.0,8406.0,8414.0,300.0,128.0,32.48947,0.04725638555858733,0.8657343690330618,-0.5005037485123627,0.0,0.0,0.0
1647590616,21.0,0.7,0.6750931,17206.0,14492.0,14882.0,15085.0,15292.999,15586.001,15893.0,16291.999,16606.0,300.0,768.0,31.019009,0.04790059372454526,0.8580649057236447,-0.5135412520581698,0.0,0.0,0.0
1647590617,21.0,0.7,0.673895,16895.0,14692.0,14991.0,15215.0,15374.0,15786.0,16071.0,16484.0,16721.0,300.0,512.0,30.793728,0.04790369087918929,0.8580275576810189,-0.5136036509410207,0.0,0.0,0.0
1647590618,21.0,0.7,0.674981,16974.0,14517.0,14898.0,15109.0,15213.001,15684.0,15982.0,16291.999,16685.0,300.0,255.99997,31.100927,0.04790678803383332,0.8579902051007172,-0.5136660471076799,0.0,0.0,0.0
1647590624,21.0,0.7,0.67487204,16798.0,14802.001,15096.0,15300.0,15391.0,15710.0,15890.0,16191.0,16310.0,300.0,896.0,30.793728,0.04792537096169749,0.8577659943387738,-0.5140403670491402,0.0,0.0,0.0
1647590625,21.0,0.7,0.674758,17001.0,14586.0,14824.0,15013.0,15207.0,15698.0,15983.0,16209.0,16402.0,300.0,1024.0,30.470144,0.047928468116341515,0.8577286100002721,-0.5141027441932217,0.0,0.0,0.0
1647590626,21.0,0.7,0.674333,17203.0,14686.0,14986.0,15186.0,15300.0,15517.0,15797.0,16106.0,16419.0,300.0,384.0,31.260672,0.04793156527098555,0.8576912211256752,-0.5141651186184727,0.0,0.0,0.0
1647590628,21.0,0.7,0.673898,17284.0,14710.0,14995.0,15127.0,15289.0,15694.0,15898.0,16296.0,16492.0,300.0,128.0,31.088642,0.0479377595802736,0.8576164297689879,-0.5142898593111619,0.0,0.0,0.0
1647590845,1.0,0.6410043,1.0359231,21110.19,4765.002,23394.383,23352.258,13220.4,16173.553,17495.48,6062.265,21640.812,100.0,348.08484,47.41116,0.04860984213802779,0.8493941362737221,-0.5277590371218835,1.0,3.6166666666666667,8.066666666666666
1647590846,1.0,0.81592476,0.8934324,24614.744,101.13,16120.926,26343.477,17269.203,12543.646,20178.8,19475.91,33814.53,100.0,154.54514,59.88611,0.048612939292671825,0.849355754307518,-0.527820805410991,1.0,3.6333333333333333,8.05
1647590849,1.0,0.5154768,0.4035164,29013.16,5750.297,17668.998,26651.293,22126.016,24511.164,9631.093,20415.545,31335.7,100.0,65.0,38.920883,0.04862223075660391,0.8492405814588259,-0.5280060935287351,1.0,3.683333333333333,8.0
1647590853,1.0,0.25714302,1.0079932,26432.621,698.77246,21727.145,19675.582,23780.727,17331.238,20779.027,17924.63,28392.652,100.0,65.0,45.46854,0.04863461937518002,0.8490869547846317,-0.5282531052578497,1.0,3.75,7.933333333333334
1647590855,1.0,0.2154398,0.81589425,27218.86,101.13,12844.104,16301.321,22059.01,11056.699,6433.2,23222.637,34843.96,100.0,65.0,73.23541,0.04864081368446808,0.84901011450436,-0.5283765943617238,1.0,3.783333333333333,7.9
1647590858,1.0,1.0771012,0.63340855,30086.635,101.13,24035.723,24289.12,22339.508,14287.794,15233.024,19557.457,27665.965,100.0,65.0,42.64757,0.048650105148400166,0.8488948204095556,-0.5285618070593339,1.0,3.8333333333333335,7.85
1647590860,1.0,0.5688133,0.58032167,25360.045,101.13,14215.668,27243.363,19419.463,18814.021,7643.7324,17621.977,35794.703,100.0,65.0,51.601517,0.04865629945768822,0.848817935232459,-0.5286852682151312,1.0,3.8666666666666667,7.816666666666666
1647591078,1.0,0.29175776,1.016777,17328.312,101.13,12839.096,15908.682,25596.309,4088.875,175.0,23652.309,19554.496,100.0,165.02869,42.17867,0.04933147917008644,0.8403301586908134,-0.5420749250746362,1.0,7.5,4.183333333333334
1647591082,4.0905704,0.4457974,0.8791797,30228.1,2937.6733,16566.102,20559.973,29675.38,5855.673,5084.6753,37692.75,35590.227,100.0,168.91571,45.348175,0.04934386778866256,0.8401724399364524,-0.5423193442716462,1.0,7.566666666666666,4.116666666666666
1647591085,1.0,1.176578,0.8519894,18679.717,101.13,17555.129,23784.66,25894.64,1627.9834,782.3076,25732.023,21762.059,100.0,529.601,61.394142,0.04935315925259464,0.8400541042158343,-0.5425026285559658,1.0,7.616666666666666,4.066666666666666
1647591088,7.919407,0.3317573,0.8954507,42970.707,1634.981,19578.0,22510.137,23669.045,7612.4736,175.0,33969.17,35403.742,100.0,65.0,54.565857,0.04936245071652673,0.8399357285116046,-0.5426858870190748,1.0,7.666666666666667,4.016666666666667
1647591089,1.0,0.6419327,0.82300377,21784.059,2728.1938,15902.125,16437.717,22085.938,3625.558,175.0,32163.043,19713.992,100.0,490.41644,56.355125,0.049365547871170756,0.8398962610592549,-0.54274696743389,1.0,7.683333333333334,4.0
1647591091,1.0,0.5439154,1.1863531,28414.473,1906.7104,15400.305,23089.941,22528.541,3784.315,175.0,27560.68,23432.91,100.0,314.55832,50.55111,0.04937174218045881,0.8398173128293978,-0.5428691196522505,1.0,7.716666666666667,3.966666666666667
1647591096,1.0,0.5274316,0.80025876,26249.203,5450.2695,15528.583,19450.252,25249.59,3263.671,175.0,23861.771,23170.945,100.0,166.2279,44.183006,0.049387227953678954,0.8396198645344134,-0.5431744499506704,1.0,7.8,3.8833333333333333
1647591321,1.0,0.5094424,1.0304974,23975.885,3227.983,9385.873,17907.162,26508.834,165.0,175.0,40951.53,24828.834,349.47418,294.6072,51.50024,0.050084087748585374,0.8306201966877156,-0.5568393743751071,1.0,11.55,0.13333333333333333
1647591323,1.0,1.3257918,1.6929876,7918.6064,1310.6631,12469.761,5942.569,17237.55,165.0,175.0,37940.367,19451.348,938.7865,678.9399,48.25329,0.050090282057873435,0.8305391988984736,-0.5569601772955421,1.0,11.583333333333334,0.1
1647591329,51.0,0.7,0.674629,45992.0,39995.0,40995.996,41607.992,41803.0,42584.004,43408.0,44186.004,44796.008,300.0,768.0,33.67731,0.050108864985737606,0.8302961001223075,-0.5573225153550565,0.0,0.0,0.0
1647591332,51.0,0.7,0.674937,44898.0,39200.996,40121.004,40802.996,41202.0,42208.008,43282.0,43900.008,44196.0,300.0,1024.0,32.968704,0.05011815644966969,0.8301744914525839,-0.5575036445992471,0.0,0.0,0.0
1647591333,51.0,0.7,0.674987,44998.0,39908.008,40712.008,41284.992,41699.0,42505.016,43175.996,43806.008,44291.0,300.0,255.99997,33.87392,0.050121253604313715,0.8301339464483066,-0.5575640151176904,0.0,0.0,0.0
1647591336,51.0,0.7,0.674743,45007.996,39271.99,40376.0,40896.0,41219.008,42333.0,43315.0,44501.0,44893.008,300.0,384.0,34.03776,0.0501305450682458,0.8300122850953675,-0.5577451089796901,0.0,0.0,0.0
1647591343,51.0,0.7,0.67405593,45401.0,39319.0,40408.992,41001.0,41494.01,42321.0,42890.004,43609.004,43882.0,300.0,128.0,34.000896,0.050152225150754,0.8297282549820811,-0.5581675580722966,0.0,0.0,0.0
1647591405,1.0,0.7,0.674279,336.00098,186.00098,202.00098,217.0,224.0,257.99902,279.99902,297.0,302.99805,400.0,640.0,33.40288,0.05034424873868377,0.8272031821607088,-0.5619029234869645,0.0,0.0,0.0
1647591408,1.0,0.7,0.673876,337.0,188.00098,205.00098,217.0,226.99902,257.0,277.0,290.00098,307.0,400.0,512.0,30.322687,0.05035354020261586,0.827080574274562,-0.5620833778521304,0.0,0.0,0.0
1647591414,1.0,0.7,0.674339,322.99902,186.00098,205.00098,217.0,233.00195,260.00195,277.0,289.00098,304.99805,400.0,768.0,33.275906,0.05037212313048003,0.8268352404097546,-0.5624442063143181,0.0,0.0,0.0
1647591416,1.0,0.7,0.674603,352.99902,186.00098,201.0,210.0,217.0,245.99902,270.99805,287.00195,298.0,400.0,255.99997,30.84288,0.05037831743976808,0.8267534274707872,-0.5625644586758978,0.0,0.0,0.0
1647591418,1.0,0.7,0.67439795,336.00098,189.0,206.00195,217.0,227.99902,255.0,274.0,292.00098,314.00195,400.0,1024.0,30.007298,0.05038451174905614,0.8266715970426881,-0.5626846991369959,0.0,0.0,0.0
1647591422,1.0,0.7,0.6743771,339.99707,188.00098,207.0,218.99805,233.99902,257.99902,282.00195,302.00195,314.00195,400.0,896.0,32.33792,0.05039690036763226,0.82650788372602,-0.5629251443475729,0.0,0.0,0.0
1647591424,1.0,0.7,0.674708,373.99805,174.0,193.0,203.0,212.00195,254.00195,275.00098,298.0,312.0,400.0,128.0,33.357822,0.050403094676920314,0.8264260008409137,-0.5630453490919662,0.0,0.0,0.0
1647591429,1.0,0.7,0.67334294,343.99805,206.0,224.0,245.99902,254.00098,277.0,291.00098,302.99902,320.0,400.0,384.0,30.527489,0.05041858045014046,0.8262212171472904,-0.5633458088382748,0.0,0.0,0.0
1647591693,10.999998,0.7,0.674744,9035.0,7604.0,7806.0,7906.0,8005.0,8180.0,8390.0,8587.0,8816.0,400.0,640.0,31.830015,0.05123622927616399,0.8152541558758506,-0.5791033252599697,0.0,0.0,0.0
1647591694,10.999998,0.7,0.674387,8800.0,7602.0,7803.0,7904.0005,7999.0,8193.0,8299.0,8405.0,8580.0,400.0,512.0,31.330303,0.051239326430808016,0.8152120401379239,-0.5791626106838769,0.0,0.0,0.0
1647591700,10.999998,0.7,0.67365897,8985.0,7592.0,7772.9995,7890.0,7987.0,8188.0,8302.001,8493.0,8607.0,400.0,768.0,32.096256,0.051257909358672187,0.8149592551819881,-0.5795182588954547,0.0,0.0,0.0
1647591704,3.3224907,0.65858024,1.3102537,29832.672,101.13,28154.004,31365.611,3782.956,23768.285,33822.742,3706.3389,21505.898,213.52692,65.0,53.600563,0.0512702979772483,0.8147906456768707,-0.5797552964117433,1.0,0.06666666666666667,10.016666666666667
1647591705,1.0,1.0248595,1.010703,35691.227,101.13,31496.775,29842.404,7868.9126,26510.746,26056.166,8162.9346,23735.656,100.0,65.0,39.132767,0.05127339513189233,0.8147484825274895,-0.5798145481265136,1.0,0.08333333333333333,10.0
1647591709,1.0,0.8527946,1.0093843,23555.094,101.13,28625.877,23149.53,17148.168,22463.355,28573.217,7015.273,21789.605,100.0,65.0,44.894295,0.051285783750468446,0.814579786844247,-0.5800515243189877,1.0,0.15,9.933333333333334
1647591711,1.0,0.9701147,0.98156035,20803.598,101.13,20827.31,31872.764,7439.9673,31225.854,17200.295,8477.891,28940.598,100.0,65.0,45.09211,0.0512919780597565,0.8144954131543177,-0.5801699940108737,1.0,0.18333333333333332,9.9
1647591717,1.0,1.4047735,0.6743735,25044.25,1144.5879,24457.46,36015.844,11482.23,20637.479,30631.05,10446.737,29367.578,100.0,65.0,41.01262,0.05131056098762067,0.8142421887127165,-0.5805253294390564,1.0,0.2833333333333333,9.8
1647591990,1.0,0.37258536,1.1500523,18985.94,101.13,23896.094,16771.377,23244.89,16745.547,175.0,18457.379,16681.67,100.0,585.0277,49.589108,0.05215608420544046,0.802557246598051,-0.5965751134039661,1.0,4.833333333333333,5.25
1647591991,1.0,0.6345825,0.7600843,28339.957,3633.2988,16773.031,18292.254,17451.562,13809.367,175.0,21008.402,32031.459,100.0,69.2608,54.936584,0.05215918136008449,0.8025138603094102,-0.5966334754363758,1.0,4.85,5.233333333333333
1647592000,8.76627,0.31564867,0.8635206,28592.69,101.13,17820.434,19507.824,26453.172,12948.78,6994.3926,24724.773,31278.098,100.0,304.62756,64.52117,0.05218705575188075,0.802123192755044,-0.597158591702786,1.0,5.0,5.083333333333333
1647592002,13.756565,0.37725234,1.5754794,32216.666,7189.596,17396.766,19026.123,18550.152,17786.648,3042.5918,33578.914,27719.896,100.0,553.66846,69.20658,0.0521932500611688,0.8020363310747833,-0.5972752494755668,1.0,5.033333333333333,5.05
1647592004,1.0,0.33898783,1.7051071,34200.69,1383.8984,17636.168,18366.67,16280.733,11849.494,5176.973,28760.36,28876.934,100.0,281.98245,55.832516,0.052199444370456864,0.8019494524282561,-0.5973918946135948,1.0,5.066666666666666,5.016666666666667
1647592008,25.571918,0.3022173,1.2059938,36755.484,101.13,23761.207,16726.855,27394.943,11524.742,2769.9287,35027.9,32150.527,100.0,200.08069,56.13542,0.05221183298903297,0.8017756442437539,-0.5976251469755212,1.0,5.133333333333334,4.95
1647592012,1.0,0.24993598,1.0667061,28633.781,361.41504,20174.404,19791.43,20786.598,12823.414,175.0,20768.918,26692.469,100.0,549.2234,55.50444,0.05222422160760909,0.8016017682162448,-0.597858348768828,1.0,5.2,4.883333333333334
1647592018,3.247055,0.4542929,1.1306237,17025.973,4565.2485,18214.414,20558.682,18089.418,12032.831,2988.6914,24330.617,26649.469,100.0,374.04242,44.096745,0.05224280453547326,0.8013408270015278,-0.598208056599464,1.0,5.3,4.783333333333333
1647592292,1.0,0.13655764,1.5952083,23156.668,101.13,12257.111,11945.984,27918.309,165.0,175.0,35612.387,22294.486,292.20422,669.88196,51.20551,0.05309142490793708,0.7892627397690879,-0.6140556388570934,1.0,9.866666666666667,0.21666666666666667
1647592293,1.0,0.7829781,0.5030836,24956.324,4658.485,5082.0396,17056.14,22755.854,165.0,175.0,34298.176,31513.844,247.88147,223.11777,52.663166,0.053094522062581105,0.7892180822959185,-0.6141130340394616,1.0,9.883333333333333,0.2
1647592303,1.0,1.2860038,1.3370892,15044.82,10457.333,12690.647,6594.8613,22816.848,165.0,175.0,50033.09,20380.5,664.7929,907.2549,57.469345,0.05312549360902139,0.7887712780454483,-0.6146868071876523,1.0,10.05,0.03333333333333333
1647592305,31.0,0.7,0.698094,26004.0,22777.004,23176.998,23479.0,23604.004,23995.0,24203.0,24815.0,25012.0,400.0,1024.0,32.182274,0.053131687918309446,0.7886818671308181,-0.6148015228177681,0.0,0.0,0.0
1647592306,31.0,0.7,0.70004594,25694.0,22510.002,23089.0,23393.0,23680.0,24099.0,24606.0,25100.0,25314.998,400.0,255.99997,33.01376,0.05313478507295348,0.7886371554169721,-0.614858875755914,0.0,0.0,0.0
1647592309,31.0,0.7,0.699836,25788.0,22588.002,23098.0,23416.0,23588.0,24093.0,24390.002,24895.0,25422.002,400.0,896.0,32.415745,0.05314407653688556,0.7885029952521503,-0.6150309150590624,0.0,0.0,0.0
1647592314,31.0,0.7,0.69984007,26010.002,22600.0,23114.998,23479.0,23682.0,24071.0,24309.998,24775.002,25108.0,400.0,128.0,33.173504,0.053159562310105705,0.7882793115806889,-0.6153175821751523,0.0,0.0,0.0
1647592320,31.0,0.7,0.7000429,25913.0,22605.002,22999.0,23325.0,23587.0,24197.002,24607.0,25194.0,25497.0,400.0,384.0,33.05472,0.053178145237969876,0.788010753606722,-0.6156614753256583,0.0,0.0,0.0
1647592602,41.0,0.7,0.69720995,34399.0,30726.0,31512.998,31888.998,32004.0,32700.998,33201.992,33605.996,33804.0,400.0,640.0,33.47661,0.054051542847585926,0.7752201897336977,-0.6316911091896495,0.0,0.0,0.0
1647592604,41.0,0.7,0.697278,34803.0,30516.994,31213.0,31703.996,32013.996,32822.0,33396.0,34094.0,34304.0,400.0,512.0,33.398785,0.05405773715687398,0.7751283057869315,-0.6318038537140156,0.0,0.0,0.0
1647592616,41.0,0.7,0.70005,34779.004,30706.0,31417.998,31895.998,32181.998,32697.002,33106.008,33794.0,34200.0,400.0,1024.0,33.386497,0.05409490301260232,0.7745766578362446,-0.6324800401081707,0.0,0.0,0.0
1647592617,41.0,0.7,0.699891,36380.0,30782.998,31411.998,31981.998,32187.998,32907.0,33803.0,34705.0,35405.0,400.0,768.0,33.529858,0.05409800016724635,0.7745306605416411,-0.6325363672398048,0.0,0.0,0.0
1647592618,41.0,0.7,0.69995797,36996.0,30716.0,31405.0,31903.0,32216.002,33086.0,33695.004,34487.996,34885.996,400.0,255.99997,33.93536,0.054101097321890376,0.7744846591509347,-0.6325926910262721,0.0,0.0,0.0
1647592619,41.0,0.7,0.69990593,35107.0,30611.004,31491.002,31892.0,32189.0,32809.0,33223.0,33697.0,34204.0,400.0,896.0,33.62816,0.05410419447653441,0.7744386536643681,-0.6326490114672754,0.0,0.0,0.0
1647592628,41.0,0.7,0.699928,34803.0,31002.998,31793.004,32189.998,32500.0,33099.004,33611.0,34000.008,34484.0,400.0,128.0,33.579006,0.05413206886833066,0.7740244200117378,-0.6331557448412617,0.0,0.0,0.0
1647592632,41.0,0.7,0.7000429,35294.0,30822.002,31690.996,32112.0,32396.996,33198.0,33877.0,34582.004,34688.996,400.0,384.0,33.153023,0.05414445748690678,0.7738402097265062,-0.63338087262755,0.0,0.0,0.0
1647592924,51.0,0.7,0.70001894,45200.0,39501.0,40404.0,40907.008,41295.0,42378.0,43272.0,44028.0,44315.0,400.0,640.0,35.414017,0.05504882664296311,0.7602170166520589,-0.6496692139794245,0.0,0.0,0.0
1647592925,51.0,0.7,0.700013,45080.0,39213.008,40197.0,40708.992,41181.0,42077.004,42890.004,43594.0,44092.0,400.0,512.0,34.85696,0.055051923797607136,0.7601697693634277,-0.649724496803032,0.0,0.0,0.0
1647592938,51.0,0.7,0.699888,45695.992,39399.992,40486.0,41003.004,41389.004,42114.008,42795.008,43404.0,43707.996,400.0,255.99997,35.08224,0.05509218680797951,0.7595551888680606,-0.6504428607215278,0.0,0.0,0.0
1647592939,4.4278965,1.1484725,1.0716466,26847.258,101.13,20869.78,30788.027,5727.9062,21666.475,24928.658,8157.2715,26503.08,100.0,65.02652,61.564186,0.05509528396262354,0.7595078853200007,-0.650498095413615,1.0,0.016666666666666666,8.0
1647592940,1.0,1.0297067,0.9152616,33386.105,101.13,19751.098,31969.2,14035.393,24976.254,19002.803,8445.817,26419.29,100.0,65.0,58.740524,0.055098381117267566,0.7594605777552861,-0.6505533266655448,1.0,0.03333333333333333,7.983333333333333
1647592941,1.0,0.86398697,0.9659691,39378.312,101.13,15320.684,30209.56,7861.837,26880.066,16059.854,14644.605,27858.428,100.0,65.0,63.39231,0.05510147827191159,0.7594132661741666,-0.6506085544770253,1.0,0.05,7.966666666666667
1647592945,1.0,0.8862825,1.2854921,21103.295,101.13,32643.3,23939.963,12174.066,28704.635,8232.781,1124.8389,14520.738,100.0,65.0,42.686256,0.05511386689048771,0.7592239796906439,-0.6508294313126142,1.0,0.11666666666666667,7.9
1647592956,1.0,1.0885766,1.5175431,37633.625,101.13,28729.908,31417.05,14254.893,27804.32,21707.084,12238.044,23006.926,100.0,185.03812,52.669968,0.05514793559157202,0.758703110658978,-0.6514365585967605,1.0,0.3,7.716666666666667
1647593033,1.0,0.9063625,0.9331187,29604.195,101.13,23793.295,22254.227,16745.736,16769.268,10005.404,14789.9375,24768.322,100.0,144.2703,57.214188,0.05538641649916222,0.7550434521345221,-0.6556747557964877,1.0,1.5833333333333333,6.433333333333334
1647593036,1.0,1.2773465,0.6550318,24834.844,2273.3828,19822.973,26604.11,23567.523,27267.516,15063.541,12884.691,31039.684,100.0,94.57315,51.90482,0.05539570796309431,0.7549003881255688,-0.6558394651192208,1.0,1.6333333333333333,6.383333333333334
1647593051,13.069572,0.66001,1.2363569,25975.316,101.13,31197.973,17658.027,20734.527,20702.305,12652.999,10474.84,21609.096,100.0,414.19156,62.32814,0.05544216528275473,0.7541845292581262,-0.6566625433414781,1.0,1.8833333333333333,6.133333333333334
1647593054,1.0,0.924458,0.79017735,27679.246,101.13,20439.727,21505.57,17018.297,26249.496,7380.513,9757.216,22697.434,100.0,239.56192,55.15693,0.05545145674668682,0.7540412497678034,-0.6568270652528024,1.0,1.9333333333333333,6.083333333333333
1647593055,12.484982,0.41770658,0.9076811,31431.076,1309.1357,19896.992,27419.8,13106.762,23422.633,10382.389,19524.781,27213.621,100.0,146.68228,52.539383,0.05545455390133085,0.7539934819618695,-0.6568818989430414,1.0,1.95,6.066666666666666
1647593058,10.050016,1.0527442,0.63557947,16096.572,2360.3853,24905.105,25714.012,12478.241,20758.703,2563.5312,12640.512,19642.66,100.0,130.14215,48.761787,0.055463845365262936,0.7538501546201255,-0.657046379169091,1.0,2.0,6.016666666666667
1647593065,4.8200817,0.6444338,0.4695537,20830.066,2387.7065,19607.844,22020.426,18330.703,22932.924,7902.352,13186.647,23377.797,100.0,108.07132,43.284164,0.055485525447771133,0.7535155846321536,-0.6574300447321098,1.0,2.1166666666666667,5.9
1647593073,11.205534,1.1148347,0.8312036,24463.453,343.62988,22280.25,24214.102,10804.686,16947.645,5581.454,7744.1826,21953.715,100.0,65.0,39.728104,0.05551030268492336,0.7531329798387888,-0.6578683110464788,1.0,2.25,5.766666666666667
1647593397,1.0,0.22719425,1.0966836,11708.552,101.13,10289.002,10867.712,21870.527,165.0,175.0,24917.225,17251.602,278.1995,543.29,61.741478,0.0565137807895886,0.7374247101820192,-0.6754293425762351,1.0,7.65,0.36666666666666664
1647593401,2.7367592,0.5261949,0.8871356,29696.816,5712.248,20860.904,18333.434,31009.152,6495.614,175.0,35946.37,27317.676,159.1919,584.16254,55.183456,0.05652616940816472,0.7372282045543016,-0.6756438221501332,1.0,7.716666666666667,0.3
1647593418,1.0,0.96035916,1.2588911,10738.805,8910.271,18794.332,2064.0146,17550.8,165.0,175.0,32338.172,9228.541,656.89996,580.9448,37.65419,0.0565788210371132,0.7363923598965803,-0.6765547223144226,1.0,8.0,0.016666666666666666
1647593419,10.999998,0.7,0.700035,9004.0,7808.0,7997.0,8099.0,8191.0,8379.0,8485.0,8698.0,8798.0,500.0,768.0,32.95232,0.05658191819175723,0.7363431575016097,-0.6766082724890079,0.0,0.0,0.0
1647593420,10.999998,0.7,0.70006806,8947.0,7731.0,7915.0,8083.0,8108.0,8298.0,8481.0,8678.0,8792.0,500.0,255.99997,32.796673,0.056585015346401264,0.7362939512124907,-0.6766618190853525,0.0,0.0,0.0
1647593428,10.999998,0.7,0.69993407,8880.0,7800.0005,7924.0,8010.0,8100.0005,8300.0,8419.0,8622.0,8706.0,500.0,128.0,33.439743,0.05660979258355349,0.7359001607414243,-0.6770900630054659,0.0,0.0,0.0
1647593437,10.999998,0.7,0.6998229,8887.0,7797.0,7993.0,8094.0,8180.0,8299.0,8501.0,8606.0,8790.0,500.0,384.0,33.107967,0.05663766697534975,0.735456848744989,-0.677571563478051,0.0,0.0,0.0
1647593768,21.0,0.7,0.6999891,17264.0,15186.0,15497.0,15684.0,15784.0,16016.0,16369.0,16699.0,16810.0,500.0,640.0,32.088062,0.05766282516252319,0.7189355427681762,-0.6950767478089221,0.0,0.0,0.0
1647593774,21.0,0.7,0.70000196,17987.0,15220.0,15586.0,15709.999,15817.0,16179.999,16305.0,16695.0,16984.0,500.0,512.0,33.001472,0.05768140809038736,0.7186321898951271,-0.6953903764408406,0.0,0.0,0.0
1647593792,21.0,0.7,0.7000669,17804.0,15295.001,15606.0,15800.0,15899.0,16208.0,16497.0,16695.0,17007.0,500.0,896.0,33.21037,0.05773715687397987,0.7177213106025768,-0.6963304677428093,0.0,0.0,0.0
1647593793,21.0,0.7,0.70007,17200.0,15286.0,15593.0,15784.0,15805.0,16197.999,16410.0,16799.0,16994.0,500.0,255.99997,32.96051,0.05774025402862391,0.7176706701241878,-0.696382660068083,0.0,0.0,0.0
1647593796,21.0,0.7,0.700035,17213.0,15424.0,15710.999,15919.0,16084.0,16309.0,16506.0,16696.0,16801.0,500.0,768.0,33.091583,0.05774954549255599,0.7175187259176972,-0.6965392149458957,0.0,0.0,0.0
1647593800,21.0,0.7,0.699924,17104.0,15219.0,15499.0,15693.0,15797.0,16091.0,16313.0,16525.0,16709.0,500.0,128.0,33.288193,0.057761934111132104,0.7173160805192894,-0.696747903210655,0.0,0.0,0.0
1647593810,21.0,0.7,0.699909,17990.0,15288.0,15602.0,15789.0,15897.0,16209.0,16502.0,16884.0,17386.0,500.0,384.0,32.722942,0.05779290565757239,0.7168092015141246,-0.6972693659015022,0.0,0.0,0.0
1647594152,31.0,0.7,0.700006,26675.0,23177.0,23705.0,24026.0,24287.996,24809.0,25396.0,25919.998,26079.0,500.0,640.0,33.41107,0.058852132545830146,0.6992475587756223,-0.714879606329858,0.0,0.0,0.0
1647594160,31.0,0.7,0.6999619,26994.002,23406.0,23902.002,24205.002,24398.0,24909.004,25387.0,25682.0,25906.0,500.0,512.0,33.44384,0.05887690978298237,0.6988315403678999,-0.7152862910660517,0.0,0.0,0.0
1647594178,31.0,0.7,0.70004094,27095.998,23201.004,23788.0,24093.0,24216.996,24808.0,25379.0,25881.0,26293.0,500.0,255.99997,34.009087,0.05893265856657489,0.697894634355381,-0.716200446340247,0.0,0.0,0.0
1647594179,31.0,0.7,0.699967,27003.0,23398.004,23920.0,24200.996,24401.0,24988.0,25487.002,25999.0,26402.002,500.0,896.0,32.915455,0.05893575572121892,0.6978425489437998,-0.7162511967763966,0.0,0.0,0.0
1647594182,31.0,0.7,0.7000039,26791.0,23379.002,23809.002,24195.004,24396.0,24985.0,25394.998,25796.0,26248.0,500.0,768.0,33.632256,0.058945047185151,0.697686270566929,-0.7164034253564188,0.0,0.0,0.0
1647594188,1.0,0.7196655,0.9419067,26036.836,101.13,31482.227,34988.773,3656.1182,20248.846,44554.08,8287.092,22801.203,100.0,65.0,64.13812,0.05896363011301517,0.6973736141984128,-0.7167077802143934,1.0,0.1,15.35
1647594196,1.0,0.4899247,1.1416568,16320.189,101.13,31961.924,29661.748,11998.478,23853.18,42164.43,11320.477,29564.762,100.0,65.0,56.47345,0.0589884073501674,0.6969565325194294,-0.7171133744245003,1.0,0.23333333333333334,15.216666666666667
1647594550,1.0,0.1,1.1174852,23670.957,3288.8384,8349.371,19663.832,29149.406,5820.1226,14132.461,28971.656,24381.303,100.0,65.0,52.85035,0.0600848000941535,0.6782665516898561,-0.7348159530513418,1.0,6.133333333333334,9.316666666666666
1647594560,1.0,0.7521759,1.5133971,24916.816,313.12793,19156.076,21882.457,19058.01,7065.6543,22069.635,32556.357,22103.854,100.0,237.4689,51.960873,0.060115771640593785,0.6777319991457323,-0.7353090080598286,1.0,6.3,9.15
1647594581,1.0,0.5639339,0.5012626,20214.203,5419.3574,19342.586,22233.77,28821.139,12494.612,20852.457,21371.836,41643.47,100.0,404.79156,55.326828,0.060180811888118385,0.6766082724890081,-0.7363431575016096,1.0,6.65,8.8
1647594582,1.0,0.6332401,1.207739,21401.477,3242.2812,17301.934,22046.812,24309.547,8584.938,19425.836,33105.92,23735.113,100.0,311.728,53.480995,0.06018390904276241,0.6765547223144227,-0.7363923598965801,1.0,6.666666666666667,8.783333333333333
1647594583,1.0,0.2125333,1.0979793,27621.156,1455.5488,12595.829,25943.117,25357.203,15812.697,8740.284,28838.332,42041.574,100.0,408.87628,54.891594,0.06018700619740644,0.6765011685618798,-0.736441558397142,1.0,6.683333333333334,8.766666666666667
1647594593,1.0,0.4180582,1.5595708,20022.38,101.13,13660.458,21795.86,15464.105,165.0,28298.732,31351.307,21116.828,100.0,311.91223,52.002914,0.060217977743846726,0.6759654343111039,-0.7369333291530521,1.0,6.85,8.6
1647594600,1.0,0.78934014,0.12387185,16442.559,6483.2266,13112.923,25101.36,29222.818,7311.819,16438.621,32590.613,22681.703,100.0,97.92297,56.32283,0.06023965782635493,0.6755902076156604,-0.737277336810124,1.0,6.966666666666667,8.483333333333333
1647594959,1.0,0.1,1.5798314,35755.316,2282.1128,12887.693,20771.73,26750.275,165.0,175.0,43144.37,31310.229,100.0,392.88452,55.036045,0.06135153634356117,0.6561139112851396,-0.7546618682682437,1.0,12.95,2.5
1647594972,1.0,0.6330641,0.8637471,23423.598,5871.0244,17551.914,28688.092,25961.926,165.0,175.0,39380.04,20400.227,100.0,313.75134,38.067005,0.06139179935393354,0.6554001709117939,-0.7552818122851835,1.0,13.166666666666666,2.283333333333333
1647594994,1.0,0.63794005,1.2542138,32867.7,101.13,12239.781,22629.402,21563.965,165.0,175.0,42453.934,25793.883,223.27325,355.5299,45.04386,0.06145993675610217,0.6541909684819093,-0.7563294102153516,1.0,13.533333333333333,1.9166666666666667
1647594995,1.0,0.33516914,1.0452529,29421.416,591.2754,15999.137,19314.607,22784.594,165.0,175.0,30422.463,32949.133,114.77637,174.27127,49.534798,0.0614630339107462,0.6541359649252897,-0.7563769823251235,1.0,13.55,1.9
1647594997,1.0,0.88479847,0.9562217,23126.883,101.13,13010.082,22666.324,24037.746,165.0,175.0,34178.047,18927.422,321.68506,619.4821,73.23541,0.061469228220034255,0.654025947434153,-0.7564721145441241,1.0,13.583333333333334,1.8666666666666667
1647595011,1.0,0.50029576,1.4410051,31573.666,5066.2734,10528.576,26343.082,18766.516,165.0,175.0,41426.85,29843.46,341.18207,204.2799,55.689247,0.06151258838505065,0.6532554377393774,-0.7571375918972287,1.0,13.816666666666666,1.6333333333333333
1647595019,1.0,1.7456939,1.9239987,22486.54,2990.6816,16352.042,11915.153,20457.254,165.0,175.0,52752.152,23784.945,714.53986,661.41486,59.955353,0.06153736562220288,0.6528148424169289,-0.7575175123521306,1.0,13.95,1.5
1647595109,1.0,0.7,0.69995403,356.00098,231.0,251.0,266.0,270.00098,280.0,291.00098,301.00098,308.0,600.0,640.0,32.186367,0.06181610954016545,0.6478429550818452,-0.7617739202354084,0.0,0.0,0.0
1647595126,1.0,0.7,0.69981194,345.0,238.00195,262.0,269.99902,274.99805,287.00098,295.0,305.99902,318.00098,600.0,512.0,33.94355,0.06186876116911393,0.6469006982810928,-0.7625742498691093,0.0,0.0,0.0
1647595135,1.0,0.7,0.699548,369.99902,213.0,234.0,250.99902,262.0,279.0,293.99902,307.99805,316.0,600.0,1024.0,31.854591,0.06189663556091019,0.6464014560814542,-0.7629974820245319,0.0,0.0,0.0
1647595139,1.0,0.7,0.699877,367.00195,223.00098,243.0,259.99805,267.00098,280.0,289.99902,305.0,316.0,600.0,768.0,34.26304,0.06190902417948631,0.6461794817658851,-0.7631854803026406,0.0,0.0,0.0
1647595140,1.0,0.7,0.699749,349.00098,222.0,243.0,257.99902,265.00195,280.0,289.99902,302.99902,308.0,600.0,896.0,31.793152,0.061912121334130335,0.6461239796429639,-0.7632324697825289,0.0,0.0,0.0
1647595142,1.0,0.7,0.699697,364.99902,226.99805,250.00098,263.99805,270.00098,285.00098,293.0,302.00195,314.00195,600.0,255.99997,34.59072,0.06191831564341839,0.6460129651463408,-0.7633264366329996,0.0,0.0,0.0
1647595151,1.0,0.7,0.700035,331.0,218.0,238.99902,257.00098,265.00195,286.00098,293.99902,303.9961,314.00195,600.0,128.0,34.914303,0.06194619003521465,0.6455132308317899,-0.7637490876073793,0.0,0.0,0.0
1647595160,1.0,0.7,0.6997429,343.99805,220.00098,237.99902,255.00098,263.00098,278.00098,288.0,299.0,309.0,600.0,384.0,34.88973,0.06197406442701091,0.6450132199998785,-0.7641714114159128,0.0,0.0,0.0
1647595616,10.999998,0.7,0.699988,11792.0,8996.0,9309.0,9584.0,9788.0,10119.0,10401.0,11000.0,11497.0,600.0,640.0,33.083393,0.06338636694468791,0.61932236254926,-0.7851368105282053,0.0,0.0,0.0
1647595622,10.999998,0.7,0.7000439,11336.0,8794.0,9087.0,9307.0,9519.0,10084.0,10297.0,10607.0,11032.0,600.0,512.0,32.731136,0.06340494987255209,0.6189797230444545,-0.7854069661390904,0.0,0.0,0.0
1647595640,10.999998,0.7,0.69997895,10904.0,9015.0,9316.0,9523.0,9605.0,9976.0,10280.0,10418.0,10603.0,600.0,1024.0,33.746944,0.0634606986561446,0.6179510977210733,-0.7862165355837542,0.0,0.0,0.0
1647595642,10.999998,0.7,0.7000669,10908.0,8902.0,9198.0,9404.0,9616.0,10101.0,10319.0,10509.0,10599.0,600.0,255.99997,34.717697,0.06346689296543266,0.6178367406255817,-0.7863064046115597,0.0,0.0,0.0
1647595643,10.999998,0.7,0.6999549,10997.0,8993.0,9374.0,9594.0,9713.0,10108.0,10388.0,10591.0,10694.0,600.0,896.0,33.112064,0.06346999012007669,0.6177795571765436,-0.7863513328880124,0.0,0.0,0.0
1647595648,10.999998,0.7,0.7001101,11093.0,8800.0,9105.0,9314.0,9513.0,10005.0,10211.0,10485.0,10584.0,600.0,128.0,33.144833,0.06348547589329682,0.6174935909305218,-0.7865759118862778,0.0,0.0,0.0
1647595654,10.999998,0.7,0.6999549,10985.0,8783.0,9113.0,9387.0,9542.0,9902.0,10202.0,10394.0,10492.0,600.0,384.0,33.19808,0.063504058821161,0.6171503236733982,-0.7868452694080457,0.0,0.0,0.0
1647596126,21.0,0.7,0.6999549,20403.0,17501.0,18003.0,18295.0,18501.0,19004.0,19295.0,19709.0,20007.0,600.0,640.0,33.058815,0.06496591581314247,0.5897837883282714,-0.8075611946008505,0.0,0.0,0.0
1647596132,1.0,0.35353136,1.1171472,13261.552,101.13,24330.043,29720.95,8099.6704,17062.25,60299.492,19740.756,20914.84,100.0,65.0,72.75148,0.06498449874100663,0.5894313671522701,-0.807818459443089,1.0,0.1,18.033333333333335
1647596153,1.0,0.5339165,0.9280654,14196.433,101.13,22226.035,30905.32,6824.2207,14345.881,47619.027,18695.629,21814.82,100.0,65.0,60.06037,0.06504953898853123,0.5881970097489058,-0.8087176749165593,1.0,0.45,17.683333333333334
1647596157,1.0,0.4362012,1.3201706,18235.041,101.13,22137.54,31731.303,12566.371,13076.627,57798.383,17782.475,17290.516,100.0,65.0,60.328644,0.06506192760710736,0.5879617384310266,-0.8088887402734477,1.0,0.5166666666666667,17.616666666666667
1647596163,1.0,0.889768,0.5197046,10229.594,101.13,19743.906,30723.426,8396.061,25130.973,49842.855,19405.555,24752.492,100.0,65.0,59.38177,0.06508051053497152,0.5876087381774161,-0.8091452099700923,1.0,0.6166666666666667,17.516666666666666
1647596166,14.602047,0.67712593,1.4449829,20347.605,101.13,26520.197,35375.242,6584.3247,13101.082,55276.08,20137.668,18902.678,100.0,65.0,66.73549,0.0650898019989036,0.587432196094256,-0.8092733870527806,1.0,0.6666666666666666,17.466666666666665
1647596172,1.0,0.2863847,1.3817457,11746.843,470.04395,18873.352,28414.03,10688.224,23739.049,59062.926,26771.094,20147.855,100.0,65.0,61.305603,0.06510838492676778,0.5870790280572405,-0.8095296256563843,1.0,0.7666666666666667,17.366666666666667
1647596654,1.0,0.41702065,0.6536565,20459.45,4943.936,9493.878,28622.656,24118.926,1807.5605,12846.071,23948.232,21219.11,100.0,71.246,48.18389,0.06660121346518953,0.5583485634117861,-0.829606461966151,1.0,8.8,9.333333333333334
1647596666,1.0,0.24694657,0.8592037,23270.625,5568.907,13921.033,29172.84,24119.969,9348.011,18395.367,34023.61,27806.637,100.0,538.99713,59.458176,0.06663837932091787,0.5576243826874582,-0.8300933970538684,1.0,9.0,9.133333333333333
1647596682,1.0,0.1,1.0078844,22716.793,101.13,15469.593,18020.902,19853.72,3955.2021,4607.3623,29822.84,28454.824,100.0,339.26514,64.29447,0.06668793379522232,0.5566581479089278,-0.8307416604255514,1.0,9.266666666666667,8.866666666666667
1647596683,1.0,0.50538385,1.2567362,20332.734,7059.551,14549.088,17423.951,18271.11,6124.6187,13573.333,32461.656,32087.662,100.0,371.26315,53.982727,0.06669103094986636,0.556597733198672,-0.8307821395516998,1.0,9.283333333333333,8.85
1647596686,1.0,0.6714375,1.2122741,24662.033,101.13,18595.25,24667.615,16735.469,3098.4907,14246.34,37572.57,26425.246,100.0,294.07892,56.57952,0.06670032241379845,0.5564164714077917,-0.8309035505677552,1.0,9.333333333333334,8.8
1647596689,1.0,0.1,0.6282722,25555.887,1116.3594,18521.129,21472.727,16441.852,165.0,7843.501,22442.93,19386.645,100.0,65.0,32.278915,0.06670961387773053,0.5562351831334501,-0.8310249220357336,1.0,9.383333333333333,8.75
1647596693,1.0,0.17269272,0.9408343,27094.02,134.89941,12966.888,26706.426,19325.582,3944.4126,15377.275,50841.934,30741.959,165.67554,65.0,62.575703,0.06672200249630664,0.5559934242527479,-0.8311866891304889,1.0,9.45,8.683333333333334
1647596699,1.0,0.36426687,0.69735813,14919.334,101.13,15257.641,30515.771,28881.664,165.0,11398.705,23105.396,17795.16,100.0,210.29242,58.34907,0.06674058542417081,0.5556306977270041,-0.8314292078965008,1.0,9.55,8.583333333333334
1647597178,1.0,0.29318857,1.6813767,34225.22,5013.7534,11977.836,25413.133,33936.72,165.0,175.0,45824.12,25405.184,534.3568,438.49634,61.529808,0.06822412249866049,0.5263375968034042,-0.8502756812888494,1.0,17.533333333333335,0.6
1647597199,1.0,1.72786,1.8586011,34022.79,3301.145,20328.281,25458.363,16325.537,165.0,175.0,47829.707,20832.8,1000.0,724.0475,54.146587,0.06828916274618509,0.5250384738973902,-0.8510784928122079,1.0,17.883333333333333,0.25
1647597214,41.0,0.7,0.7000849,40200.0,35593.992,36302.0,36806.0,37195.0,38021.996,38712.0,39387.0,39815.0,600.0,768.0,35.50003,0.06833562006584551,0.5241097790885192,-0.8516507144738291,0.0,0.0,0.0
1647597216,41.0,0.7,0.7000741,40999.0,35585.008,36425.008,36909.0,37308.0,38297.008,39007.0,39811.0,40289.008,600.0,1024.0,34.689026,0.06834181437513356,0.5239859059700791,-0.8517269341430477,0.0,0.0,0.0
1647597218,41.0,0.7,0.700021,41003.992,35196.0,36100.004,36686.0,36987.004,37804.0,38706.0,39604.992,40191.0,600.0,896.0,34.361343,0.06834800868442162,0.5238620217672478,-0.8518031357948452,0.0,0.0,0.0
1647597219,41.0,0.7,0.7000091,42319.0,35398.004,36279.992,36921.0,37389.0,38395.004,38912.0,39396.004,39904.0,600.0,255.99997,35.135487,0.06835110583906565,0.5238000755100043,-0.8518412298637075,0.0,0.0,0.0
1647597225,41.0,0.7,0.70003796,40411.004,35297.0,36290.008,36793.004,37095.0,38097.0,38888.0,39700.996,39899.0,600.0,128.0,34.62349,0.06836968876692982,0.5234283398055937,-0.8520696996656788,0.0,0.0,0.0
1647597235,41.0,0.7,0.700006,41602.0,35652.0,36503.0,37286.0,37797.0,38608.004,39504.004,40299.0,40900.0,600.0,384.0,35.422207,0.06840066031337011,0.5228085588812742,-0.8524501221540679,0.0,0.0,0.0
1647597712,51.0,0.7,0.70005393,54426.0,44407.996,45311.992,46105.0,46599.0,48223.0,50441.004,51828.0,52622.992,600.0,640.0,35.446785,0.06987800307857171,0.4929298291597194,-0.8700690682495096,0.0,0.0,0.0
1647597740,51.0,0.7,0.69995195,54425.004,45017.0,46009.996,46611.992,47091.008,48504.0,50024.008,51209.008,52611.0,600.0,512.0,35.794945,0.06996472340860452,0.49115715866730514,-0.8710709761493949,0.0,0.0,0.0
1647597747,51.0,0.7,0.70005894,49899.0,44488.996,45514.996,46077.004,46392.016,47207.004,47991.0,48712.004,48995.0,600.0,768.0,35.79904,0.06998640349111271,0.4907136725653445,-0.8713208889711253,0.0,0.0,0.0
1647597753,51.0,0.7,0.7000301,50607.0,44707.99,45789.01,46322.0,46687.992,47597.992,48292.008,49322.0,49641.0,600.0,1024.0,35.364864,0.07000498641897689,0.49033344040608073,-0.8715349202525028,0.0,0.0,0.0
1647597754,51.0,0.7,0.699926,50237.992,44604.008,45486.996,46008.008,46386.0,47297.01,47897.996,48495.004,49114.0,600.0,896.0,35.30752,0.07000808357362091,0.4902700593016378,-0.8715705760019486,0.0,0.0,0.0
1647597761,51.0,0.7,0.69999206,51098.004,44607.004,45507.004,46093.004,46597.008,47404.0,48065.004,48902.004,49015.996,600.0,128.0,35.59424,0.07002976365612912,0.48982631899114215,-0.8718200371771618,0.0,0.0,0.0
1647597762,51.0,0.7,0.6999609,51081.0,45102.0,46091.004,46713.996,47088.004,48000.0,48601.0,49207.004,49691.008,600.0,255.99997,36.143105,0.07003286081077315,0.4897629171537519,-0.871855656046944,0.0,0.0,0.0
1647597781,51.0,0.7,0.70001894,51094.0,45085.004,45806.0,46403.008,46705.004,47688.008,48405.008,48996.004,49299.008,600.0,384.0,36.081665,0.07009170674900969,0.48855779050483394,-0.8725315383050831,0.0,0.0,0.0
1647597860,1.0,0.7,0.699873,347.0,201.00098,217.99902,228.0,241.0,263.00098,275.00098,289.00098,298.0,700.0,640.0,34.82829,0.07033638196588794,0.4835370251127219,-0.8753239088161244,0.0,0.0,0.0
1647597880,1.0,0.7,0.69985795,308.99805,189.0,204.0,210.0,218.0,238.0,264.0,280.0,290.00098,700.0,512.0,35.422207,0.07039832505876852,0.4822634071056688,-0.8760262588340786,0.0,0.0,0.0
1647597896,1.0,0.34960955,1.0512676,8306.352,101.13,17498.113,36280.367,5311.7456,27039.938,51476.777,10472.882,23715.277,138.73318,65.0,69.26184,0.07044787953307297,0.4812437780415876,-0.8765868046555682,1.0,0.26666666666666666,19.116666666666667
1647597901,1.0,0.18877989,1.2653991,17076.16,101.13,23099.023,30174.252,10078.54,15639.1,56517.223,14768.843,21942.389,100.0,65.0,65.89091,0.0704633653062931,0.4809250102787258,-0.8767617318795383,1.0,0.35,19.033333333333335
1647597913,1.0,0.21445817,0.7712805,17587.975,101.13,28779.504,30772.473,8552.168,15518.143,54636.625,25089.857,22589.531,100.0,65.0,54.71293,0.07050053116202146,0.4801597083043404,-0.8771810842243981,1.0,0.55,18.833333333333332
1647597931,1.0,0.5323209,1.0305073,9709.491,101.13,20416.342,24194.363,11246.461,22950.65,58530.387,21074.48,17768.14,100.0,65.0,65.13753,0.07055627994561396,0.4790110699077693,-0.8778088601203649,1.0,0.85,18.533333333333335
1647598431,1.0,0.1,1.0288875,16042.504,101.13,6032.3066,22200.441,27827.42,1105.0371,18812.428,39919.367,21199.879,100.0,200.67532,49.06066,0.07210485726762823,0.4467834506694765,-0.8946421341563763,1.0,9.183333333333334,10.2
1647598454,1.0,0.1,0.771448,30534.084,101.13,15653.896,21956.01,22335.258,1364.9287,21417.156,28373.07,24654.79,100.0,253.40869,66.62531,0.07217609182444089,0.4452864415284738,-0.8953881755925243,1.0,9.566666666666666,9.816666666666666
1647598464,1.0,0.1,0.9276056,32257.66,1707.3525,22398.547,24019.016,28255.762,4224.2266,11512.554,31871.771,28804.879,100.0,295.67438,49.992493,0.07220706337088117,0.4446351791849278,-0.8957117602394127,1.0,9.733333333333333,9.65
1647598467,1.0,0.5035309,1.3264256,30266.81,101.13,14918.105,22671.418,18859.137,165.0,22023.523,32740.31,28181.986,100.0,65.0,68.30929,0.07221635483481326,0.44443975461288227,-0.8958087432703707,1.0,9.783333333333333,9.6
1647598469,1.0,0.36218637,0.83119214,18634.727,1331.9912,14623.687,23870.973,19834.562,6666.6445,19032.262,31219.582,19920.578,100.0,259.62094,55.20186,0.07222254914410131,0.44430945981218634,-0.8958733749372191,1.0,9.816666666666666,9.566666666666666
1647598480,1.0,0.5791084,1.0233746,25848.543,101.13,12875.081,26596.723,16531.113,165.0,15731.598,26622.75,23466.652,100.0,249.86923,51.0528,0.07225661784518563,0.4435926704766357,-0.8962285103138635,1.0,10.0,9.383333333333333
1647598481,1.0,0.22455484,0.6409278,18015.883,4514.381,23628.355,21314.055,18500.951,1712.5801,16140.012,25927.691,21504.635,100.0,207.64288,42.614536,0.07225971499982965,0.4435274937272443,-0.896260766913307,1.0,10.016666666666667,9.366666666666667
1647598497,1.0,0.17069745,0.85498047,23320.512,3676.8516,7118.7637,23656.473,14794.839,165.0,17245.732,28212.352,27414.469,100.0,65.0,57.279922,0.07230926947413412,0.44248434697064754,-0.8967762277658566,1.0,10.283333333333333,9.1
1647598999,1.0,0.5321716,1.7294604,25943.594,1908.6108,14687.652,40094.03,17321.602,165.0,175.0,36827.055,17190.115,441.47424,396.42914,58.241196,0.07386404110543643,0.40945866202195663,-0.9123286710912845,1.0,18.65,0.7333333333333333
1647599029,1.0,0.5463684,1.5355245,30058.01,905.5293,15499.842,39308.16,20960.553,165.0,175.0,44682.61,15145.755,433.1561,493.44403,57.834938,0.07395695574475729,0.40746729676552573,-0.9132197994276049,1.0,19.15,0.23333333333333334
1647599037,1.0,0.4289344,1.8057457,31282.941,4620.7563,18180.488,29944.814,20969.262,165.0,175.0,29032.25,18768.855,648.0882,403.08093,55.91607,0.07398173298190952,0.4069359380958859,-0.9134566997324073,1.0,19.283333333333335,0.1
1647599042,1.0,1.3458562,1.3467139,27568.857,3892.6206,20812.873,18985.129,21141.324,165.0,175.0,49483.75,24627.66,787.2246,689.4934,70.41531,0.07399721875512966,0.40660376897336353,-0.9136046054265793,1.0,19.366666666666667,0.016666666666666666
1647599043,21.0,0.7,0.700137,19787.0,16907.0,17325.002,17603.0,17803.0,18306.002,18693.0,19110.0,19385.0,700.0,896.0,34.074623,0.07400031590977368,0.40653732869648546,-0.913634172071254,0.0,0.0,0.0
1647599049,21.0,0.7,0.69998085,19887.0,16702.0,17117.0,17481.0,17605.0,18100.0,18416.0,19009.0,19145.0,700.0,255.99997,34.349056,0.07401889883763786,0.40613864189811616,-0.9138114704670508,0.0,0.0,0.0
1647599051,21.0,0.7,0.70007104,19406.0,16797.0,17183.998,17481.0,17623.0,18210.0,18507.0,18808.0,18971.0,700.0,128.0,34.353153,0.07402509314692592,0.40600572911200783,-0.9138705312724702,0.0,0.0,0.0
1647599072,21.0,0.7,0.7001059,20091.0,16980.0,17398.002,17695.998,17916.0,18310.0,18684.0,19014.0,19412.0,700.0,384.0,33.81248,0.07409013339445052,0.4046096268563812,-0.9144895023209069,0.0,0.0,0.0
1647599595,31.0,0.7,0.7001209,30916.0,25913.0,26596.002,27011.004,27272.998,28106.0,28701.0,29294.002,29787.998,700.0,640.0,34.57843,0.07570994527327744,0.3695440431941072,-0.9292132156506125,0.0,0.0,0.0
1647599627,31.0,0.7,0.70007503,31295.998,26000.002,26781.002,27375.998,27603.004,28402.0,29085.998,29802.0,30311.998,700.0,512.0,34.955265,0.07580905422188636,0.367380667185854,-0.9300706668732633,0.0,0.0,0.0
1647599633,31.0,0.7,0.7000959,31698.998,25704.004,26396.998,26882.004,27201.0,28203.004,28915.0,29988.0,30503.0,700.0,768.0,34.74227,0.07582763714975052,0.36697481234135554,-0.9302308783882778,0.0,0.0,0.0
1647599638,31.0,0.7,0.70007104,30698.0,25802.002,26500.0,26992.002,27219.0,28088.998,28784.0,29335.0,29813.0,700.0,896.0,35.127296,0.07584312292297067,0.3666365465971698,-0.9303642526985338,0.0,0.0,0.0
1647599640,31.0,0.7,0.700076,30504.998,25907.0,26511.002,26986.0,27208.0,27987.002,28700.002,29518.0,29921.0,700.0,1024.0,35.30752,0.07584931723225873,0.3665012267242976,-0.9304175679820245,0.0,0.0,0.0
1647599643,31.0,0.7,0.700063,30922.0,25701.0,26496.0,26820.0,27222.002,28007.998,28511.0,29419.002,29909.0,700.0,255.99997,35.17645,0.07585860869619081,0.36629823237907894,-0.9304975040030802,0.0,0.0,0.0
1647599651,31.0,0.7,0.700084,32337.0,25916.0,26681.996,27178.998,27490.004,28233.0,28919.002,29704.998,30136.0,700.0,128.0,34.594814,0.07588338593334304,0.3657568289160577,-0.9307104501945112,0.0,0.0,0.0
1647599666,31.0,0.7,0.700095,30211.0,25708.0,26499.0,26904.002,27203.0,28083.0,28698.0,29412.002,29704.004,700.0,384.0,34.492416,0.07592984325300346,0.36474136389957573,-0.9311088751916594,0.0,0.0,0.0
1647600204,41.0,0.7,0.7000039,40396.004,35098.0,35971.0,36499.0,36698.004,37489.004,38187.0,38999.0,39408.0,700.0,640.0,35.58605,0.07759611245149081,0.32804239776812183,-0.9446630008984904,0.0,0.0,0.0
1647600238,41.0,0.7,0.70008093,40825.992,35107.0,35911.0,36709.0,37184.004,38006.0,38591.0,39392.004,39703.996,700.0,512.0,35.405823,0.07770141570938778,0.3257056711154978,-0.9454712136301153,0.0,0.0,0.0
1647600240,41.0,0.7,0.69997704,40384.0,34914.0,35698.008,36182.0,36409.0,37187.0,37816.0,38692.996,39211.0,700.0,768.0,35.536896,0.07770761001867585,0.3255681544571566,-0.9455185755993168,0.0,0.0,0.0
1647600247,41.0,0.7,0.6999719,39598.0,35008.0,35793.0,36230.0,36592.0,37582.0,38006.0,38505.0,38708.0,700.0,896.0,34.725887,0.07772929010118404,0.32508679193642104,-0.945684184973232,0.0,0.0,0.0
1647600249,1.0,1.0749867,0.7387717,18806.295,794.374,26080.408,32935.066,5797.914,16409.188,36484.656,13732.385,15474.633,100.0,65.0,50.125484,0.0777354844104721,0.32494924430919997,-0.9457314569278532,1.0,0.03333333333333333,13.666666666666666
1647600253,1.0,0.94824094,1.1853931,18826.162,101.13,18319.738,37442.04,7497.3535,18618.625,38862.23,10919.268,26395.027,100.0,65.0,53.091816,0.07774787302904822,0.32467412843575055,-0.9458259408181221,1.0,0.1,13.6
1647600264,1.0,0.6127734,0.8354577,25366.293,101.13,23200.922,23477.316,12522.159,20681.352,38496.13,14349.408,26132.281,100.0,65.0,65.13733,0.07778194173013253,0.32391741819814945,-0.9460853588275453,1.0,0.2833333333333333,13.416666666666666
1647600273,1.0,0.414863,0.6661677,17449.523,101.13,21352.727,25633.39,13528.399,19142.248,31854.082,9277.334,23854.34,100.0,65.0,52.382782,0.07780981612192879,0.3232981374450254,-0.9462971596304078,1.0,0.43333333333333335,13.266666666666667
1647600834,1.0,0.44140536,1.4095838,31578.709,101.13,8016.8174,24162.232,28729.768,165.0,2725.0752,34513.66,21069.766,100.0,235.13705,45.425148,0.0795473198772288,0.2844336816870549,-0.958695718526972,1.0,9.783333333333333,3.9166666666666665
1647600869,1.0,0.432757,0.97834766,24440.992,2046.8428,8569.602,18719.492,21374.215,165.0,175.0,37718.977,29382.365,100.0,315.1947,58.890755,0.07965572028976979,0.28199262178153667,-0.9594165733719505,1.0,10.366666666666667,3.3333333333333335
1647600875,1.0,0.3710357,1.2010227,48315.875,101.13,13826.47,23759.254,18552.305,165.0,175.0,31181.334,28016.867,100.0,65.0,44.445347,0.07967430321763395,0.2815739704985242,-0.9595395245312703,1.0,10.466666666666667,3.2333333333333334
1647600876,1.0,0.1,0.7836441,20999.236,3759.608,14353.545,14391.115,26830.107,165.0,175.0,34919.17,25042.693,128.70233,651.1104,65.72308,0.07967740037227798,0.2815041900706755,-0.9595599986309626,1.0,10.483333333333333,3.216666666666667
1647600889,1.0,0.3382821,1.5103467,33678.87,101.13,18546.73,32149.287,20786.818,278.0791,175.0,26141.904,35171.633,100.0,292.33704,48.21406,0.07971766338265036,0.2805969091681844,-0.9598257000962527,1.0,10.7,3.0
1647600891,1.0,0.56523,1.4058943,33988.004,2272.726,16369.701,22966.928,19627.531,165.0,1669.5781,26017.373,28179.11,100.0,445.4461,49.371613,0.07972385769193842,0.28045730521153844,-0.959866501110171,1.0,10.733333333333333,2.966666666666667
1647600901,1.0,0.5189041,1.5373702,19095.21,3464.7437,13941.699,17903.59,17818.973,165.0,1547.333,45603.57,25960.805,100.0,382.14252,51.35309,0.0797548292383787,0.279759196495523,-0.9600702015874565,1.0,10.9,2.8
1647600921,1.0,0.44033286,0.8853953,25278.791,1244.7363,18253.39,21819.787,24233.916,165.0,175.0,25432.348,19640.527,254.15756,344.58484,46.657684,0.07981677233125928,0.27836253558109436,-0.9604760792361587,1.0,11.233333333333333,2.466666666666667
1647601005,1.0,0.5370357,0.9776802,18038.152,218.82324,17525.75,19096.803,38369.39,165.0,175.0,39485.82,18803.17,180.42654,440.41684,55.309853,0.08007693332135767,0.2724901639604823,-0.9621585682956784,1.0,12.633333333333333,1.0666666666666667
1647601043,1.0,0.28561676,0.8375565,31739.756,3364.917,11177.922,27568.908,14889.5,165.0,175.0,35454.047,22541.484,470.11127,215.94418,48.757866,0.08019462519783076,0.26983026136484667,-0.9629079032035092,1.0,13.266666666666667,0.43333333333333335
1647601044,1.0,0.17037845,1.2299534,23319.75,9322.278,13230.568,19054.965,26184.059,165.0,175.0,38660.83,26934.598,315.4715,236.28891,41.30457,0.08019772235247478,0.269760236012642,-0.9629275232676672,1.0,13.283333333333333,0.4166666666666667
1647601058,1.0,1.4716682,1.75812,19487.39,5280.674,20550.59,11372.481,20250.441,165.0,175.0,45661.156,12884.773,576.96466,712.6633,48.30415,0.08024108251749118,0.2687797314545417,-0.9632016694126025,1.0,13.516666666666667,0.18333333333333332
1647601069,1.0,0.7,0.699844,342.99707,200.0,217.99902,230.00098,239.00195,262.00098,275.00098,287.99805,296.99902,800.0,128.0,35.647488,0.0802751512185755,0.2680091395170073,-0.9634163695595759,0.0,0.0,0.0
1647601095,1.0,0.7,0.699774,308.99805,205.00098,221.0,232.0,243.99902,264.99805,276.0,289.00098,295.0,800.0,384.0,33.357822,0.08035567723932023,0.2661870595303778,-0.9639213916801365,0.0,0.0,0.0
1647601674,10.999998,0.7,0.700037,11985.0,8986.0,9303.0,9523.0,9700.0,10198.0,10506.0,10889.0,11448.0,800.0,640.0,33.861633,0.08214892977821275,0.2253761820607064,-0.9742718186213432,0.0,0.0,0.0
1647601709,10.999998,0.7,0.70003796,10799.0,8910.0,9205.0,9494.0,9613.0,9989.0,10282.0,10582.0,10694.0,800.0,768.0,34.05824,0.08225733019075375,0.2228956680884737,-0.9748423057845782,0.0,0.0,0.0
1647601714,10.999998,0.7,0.700058,11314.0,9004.0,9308.0,9509.0,9703.0,10175.0,10400.0,10620.0,10716.0,800.0,512.0,33.275906,0.0822728159639739,0.22254119069641995,-0.9749232884916739,0.0,0.0,0.0
1647601715,10.999998,0.7,0.7000791,11397.0,9090.0,9404.0,9602.0,9771.0,10104.0,10398.0,10596.0,10812.0,800.0,896.0,33.90259,0.08227591311861793,0.22247029168578436,-0.9749394695657992,0.0,0.0,0.0
1647601719,10.999998,0.7,0.700114,11187.0,9096.0,9397.0,9606.0,9795.0,10199.0,10475.0,10790.0,10880.0,800.0,255.99997,33.538048,0.08228830173719404,0.22218668388165674,-0.9750041423018021,0.0,0.0,0.0
1647601731,10.999998,0.7,0.700052,11106.0,9091.0,9391.0,9588.0,9703.0,10100.0,10385.0,10678.0,10820.0,800.0,1024.0,32.78848,0.08232546759292238,0.22133574776205017,-0.9751976654825493,0.0,0.0,0.0
1647601742,10.999998,0.7,0.700174,11308.0,9085.0,9316.0,9597.0,9708.0,10096.0,10402.0,10694.0,10902.0,800.0,128.0,34.066433,0.08235953629400669,0.22055557489746175,-0.9753744093329751,0.0,0.0,0.0
1647601759,10.999998,0.7,0.700063,11108.0,8914.0,9211.0,9405.0,9522.0,9998.0,10292.0,10489.0,10684.0,800.0,384.0,33.94355,0.08241218792295518,0.21934957577125017,-0.9756463312127877,0.0,0.0,0.0
1647602341,21.0,0.7,0.699993,21306.0,17116.0,17704.0,18097.0,18296.002,18909.0,19588.0,20296.0,20686.0,800.0,640.0,34.5088,0.08421473192577979,0.17787198354442993,-0.984053635464028,0.0,0.0,0.0
1647602372,21.0,0.7,0.7001091,20711.0,17185.0,17604.0,17904.0,18090.0,18598.0,19096.998,19502.0,19892.998,800.0,768.0,34.127872,0.08431074371974467,0.1756530990349858,-0.984452126210008,0.0,0.0,0.0
1647602380,21.0,0.7,0.7001159,20790.0,17190.998,17614.0,17914.0,18182.0,18814.0,19392.0,20089.0,20200.0,800.0,512.0,33.984512,0.08433552095689689,0.17508033831016648,-0.984554150434194,0.0,0.0,0.0
1647602381,21.0,0.7,0.70006394,20806.0,17233.0,17695.002,17991.0,18115.0,18598.0,19000.0,19404.002,19694.0,800.0,896.0,33.804287,0.08433861811154093,0.1750087390489852,-0.984566880032273,0.0,0.0,0.0
1647602384,21.0,0.7,0.7000921,20908.0,17099.0,17587.0,17896.0,18108.0,18716.0,19279.0,19704.0,20189.0,800.0,255.99997,34.848766,0.08434790957547302,0.17479393571375657,-0.9846050375849674,0.0,0.0,0.0
1647602399,21.0,0.7,0.70005995,21302.0,17199.0,17704.0,18006.998,18297.0,18818.0,19408.002,19999.0,20308.0,800.0,1024.0,34.463745,0.08439436689513344,0.17371979444848704,-0.9847951223563078,0.0,0.0,0.0
1647602404,10.150778,0.43050253,1.0998151,4593.032,101.13,22499.285,24459.422,159.98242,26609.49,56016.75,21234.11,19264.303,100.0,65.0,70.76957,0.08440985266835359,0.173361701361114,-0.9848582235536137,1.0,0.08333333333333333,23.0
1647602428,1.0,0.11452949,0.886906,6326.4375,101.13,26110.008,18286.934,15375.367,16913.357,63764.82,22821.207,27666.395,100.0,65.0,73.23541,0.08448418437981027,0.171642536322254,-0.985159296624086,1.0,0.48333333333333334,22.6
1647603011,1.0,0.5228201,1.11016,17434.822,6907.8633,7676.4385,22076.926,26439.117,3799.7163,26374.668,25921.994,14713.807,100.0,98.012146,43.211205,0.0862898255372789,0.129733051588035,-0.9915489576040389,1.0,10.2,12.883333333333333
1647603044,1.0,0.3392412,1.5526342,19601.1,3214.1738,11201.882,23371.879,18512.59,1842.9756,16713.957,34780.805,23433.574,100.0,455.5449,57.49328,0.08639203164053184,0.12735313361902556,-0.9918574390291252,1.0,10.75,12.333333333333334
1647603053,1.0,0.55824697,1.1352928,11396.213,4149.6797,21101.832,23888.11,23627.477,5955.5337,23928.402,33093.863,21710.248,100.0,474.5635,47.439793,0.0864199060323281,0.12670393721255013,-0.9919405790141052,1.0,10.9,12.183333333333334
1647603055,1.0,0.1,1.0954549,33004.195,4460.7812,19353.697,20868.764,18443.27,5090.7837,21495.68,29040.156,32766.465,100.0,355.83026,62.038673,0.08642610034161616,0.12655966396384608,-0.9919589968629542,1.0,10.933333333333334,12.15
1647603071,1.0,0.7727392,1.5558865,23743.086,2333.0327,16913.945,28719.77,20232.473,14183.123,13297.574,35253.66,26411.785,100.0,313.28442,66.73022,0.08647565481592061,0.12540538184989272,-0.9921055842011386,1.0,11.2,11.883333333333333
1647603074,1.0,0.18209058,1.1848626,12912.485,3267.687,10859.638,17082.592,22475.027,165.0,20576.566,33184.85,22449.086,100.0,253.55426,59.621746,0.0864849462798527,0.12518893500503603,-0.9921329198007215,1.0,11.25,11.833333333333334
1647603098,1.0,0.13272113,0.5876599,22790.088,3195.8599,17666.266,32927.96,23287.559,8605.644,12924.17,17810.824,21524.744,100.0,124.139435,63.984917,0.08655927799130939,0.12345714660376299,-0.9923499044956153,1.0,11.65,11.433333333333334
1647603689,1.0,0.48776928,0.91510093,21209.51,4500.134,15409.883,33155.285,16021.547,165.0,2266.5498,25249.996,17975.13,298.35394,466.0632,65.32312,0.08838969638593025,0.08070632855489843,-0.9967379236946835,1.0,21.5,1.5833333333333333
1647603722,1.0,0.1,1.0368658,26158.621,3938.27,11244.651,33832.062,15796.236,165.0,268.00098,38651.992,22227.727,250.52756,289.8048,54.911045,0.08849190248918319,0.0783140991497959,-0.9969287346016042,1.0,22.05,1.0333333333333334
1647603729,1.0,0.18718886,1.481468,33535.047,7474.2485,18747.918,36620.184,17039.393,165.0,5434.071,38098.164,14406.599,353.6151,337.65887,44.521812,0.08851358257169138,0.0778065981005923,-0.9969684715636763,1.0,22.166666666666668,0.9166666666666666
1647603731,1.0,0.1,1.3059078,37912.83,5771.8994,26052.018,44147.35,17936.244,165.0,5020.5615,22285.205,25383.244,400.8371,212.19907,52.970947,0.08851977688097945,0.07766159409174911,-0.996979777529679,1.0,22.2,0.8833333333333333
1647603734,1.0,0.1,1.6732596,26953.094,7655.2803,19349.473,31805.008,14324.047,165.0,175.0,23892.555,8054.5405,265.14514,188.10736,54.61091,0.08852906834491153,0.07744408499909423,-0.9969966969346754,1.0,22.25,0.8333333333333334
1647603753,1.0,0.43070206,1.3842393,39564.75,7953.7783,14695.566,28229.459,14481.016,165.0,175.0,34395.78,9973.744,646.3748,469.29895,58.97039,0.08858791428314808,0.07606644224107034,-0.9971027511569637,1.0,22.566666666666666,0.5166666666666667
1647603758,1.0,1.2889595,1.9239987,27105.225,9400.933,21132.691,21499.227,8473.89,165.0,175.0,43051.96,24760.59,715.0114,746.8231,63.43937,0.08860340005636821,0.07570388042917052,-0.9971303437805741,1.0,22.65,0.43333333333333335
1647603784,41.0,0.7,0.70007104,43305.0,34104.016,35287.0,36223.0,36804.004,38395.004,39584.004,40886.996,41401.0,800.0,384.0,35.741695,0.08868392607711295,0.0738183987441748,-0.997271700193506,0.0,0.0,0.0
1647604381,51.0,0.7,0.700006,51011.008,43115.0,44415.008,45300.0,45902.0,47318.008,48405.992,49612.004,50096.0,800.0,640.0,35.909634,0.09053292739959799,0.030465824995200463,-0.9995358090170465,0.0,0.0,0.0
1647604419,51.0,0.7,0.70000005,51103.004,43402.996,44607.004,45600.004,46285.004,47486.0,48384.004,49199.0,49894.0,800.0,768.0,36.642815,0.09065061927607107,0.027703556964017346,-0.9996161828079523,0.0,0.0,0.0
1647604430,51.0,0.7,0.70006806,52211.004,43612.008,44920.004,46002.0,46691.0,48009.99,48988.008,49902.004,50309.008,800.0,512.0,36.491264,0.09068468797715538,0.02690391264331621,-0.999638024229011,0.0,0.0,0.0
1647604431,51.0,0.7,0.70000094,52189.996,43903.0,45006.004,45917.008,46502.004,47764.0,48410.996,49375.99,50199.008,800.0,896.0,36.048897,0.09068778513179941,0.026831216843693762,-0.9996399780934567,0.0,0.0,0.0
1647604456,51.0,0.7,0.700055,53105.004,43811.004,45198.0,46292.004,46795.01,48624.996,49597.992,50334.008,51024.008,800.0,128.0,36.01613,0.09076521399790013,0.02501377673626676,-0.999687106535534,0.0,0.0,0.0
1647604464,51.0,0.7,0.700029,51386.004,43699.008,45286.004,46432.996,47015.004,48284.008,49208.004,50090.004,50590.008,800.0,1024.0,35.610622,0.09078999123505235,0.02443217815265353,-0.9997014897811831,0.0,0.0,0.0
1647604487,51.0,0.7,0.700063,51613.008,43576.004,44769.008,45697.996,46205.004,47706.992,48801.0,50195.996,50601.004,800.0,384.0,36.36429,0.09086122579186501,0.022760036846914907,-0.9997409568096763,0.0,0.0,0.0
1647604582,1.0,0.7,0.6856129,355.00098,215.00098,227.00098,240.00098,250.99805,268.00098,276.0,284.0,293.0,900.00006,640.0,32.86221,0.09115545548304772,0.015852743306426727,-0.9998743373692819,0.0,0.0,0.0
1647604613,1.0,0.7,0.699909,343.99805,192.00098,207.0,216.0,224.0,250.00098,268.0,279.00098,296.99902,900.00006,896.0,35.442688,0.09125146727701261,0.013598604606608302,-0.9999075347014609,0.0,0.0,0.0
1647604614,1.0,0.7,0.69989693,305.99805,207.0,223.0,234.0,245.00098,264.99805,272.0,284.99902,292.00195,900.00006,768.0,35.647488,0.09125456443165664,0.013525889242814218,-0.9999085209758897,0.0,0.0,0.0
1647604618,1.0,0.7,0.69985104,318.0,199.00195,215.00098,222.00098,226.99902,254.00195,266.00098,277.99902,291.0,900.00006,512.0,35.934208,0.09126695305023275,0.013235027076166318,-0.9999124131934223,0.0,0.0,0.0
1647604619,1.0,0.7,0.69993794,339.99707,198.0,212.00195,223.00098,232.0,257.0,270.99805,284.0,290.00098,900.00006,255.99997,33.181698,0.09127005020487677,0.01316231135856012,-0.999913373027734,0.0,0.0,0.0
1647604652,1.0,0.7,0.700055,305.99805,208.00195,221.0,232.0,241.0,262.00098,276.0,286.00098,291.0,900.00006,128.0,35.270657,0.09137225630812972,0.01076265592818402,-0.999942080941377,0.0,0.0,0.0
1647604653,1.0,0.7,0.699924,313.00293,200.0,215.00098,226.99902,234.99902,260.00195,270.99805,283.00098,290.00098,900.00006,1024.0,35.074047,0.09137535346277376,0.010689938059615874,-0.999942860979707,0.0,0.0,0.0
1647604680,1.0,0.7,0.700076,318.99902,204.0,218.99902,231.00098,243.00098,262.00098,273.0,283.00098,293.0,900.00006,384.0,35.70483,0.09145897663816252,0.008726535498374403,-0.9999619230641713,0.0,0.0,0.0
1647605318,1.0,0.3142085,0.46119007,218.0,101.13,22106.977,20755.9,12078.157,10633.547,26630.223,25556.29,20084.03,109.381714,65.0,73.23541,0.09343496130105272,-0.037661114501529244,-0.999290568580782,1.0,10.633333333333333,26.1
1647605353,1.0,0.1,1.1120813,218.0,7509.9062,11861.901,29882.799,5898.1934,13148.26,23908.996,30860.516,30185.102,234.83887,65.0,69.89553,0.09354336171359372,-0.04020445589330314,-0.9991914740060203,1.0,11.216666666666667,25.516666666666666
1647605354,1.0,0.30808038,1.0885414,2704.0059,3722.1626,19804.436,16907.75,5617.0938,10284.978,26327.871,26388.137,22958.479,100.0,65.0,57.14401,0.09354645886823774,-0.04027711904142536,-0.9991885476133735,1.0,11.233333333333333,25.5
1647605355,1.0,0.23254484,0.4361806,218.0,101.13,20548.844,15357.853,9284.381,12753.805,20881.422,33732.297,21480.41,168.47803,65.0,71.31723,0.09354955602288177,-0.04034978197654217,-0.9991856159365213,1.0,11.25,25.483333333333334
1647605391,1.0,0.1,0.6220238,10383.041,4090.543,23946.043,24523.172,22489.799,12439.781,42841.91,38160.742,20871.71,100.0,65.0,56.98329,0.09366105359006681,-0.04296550253745954,-0.9990765564218308,1.0,11.85,24.883333333333333
1647605396,1.0,0.2641533,0.6650599,218.0,101.13,21362.102,18442.549,14678.844,15692.622,28250.406,28429.215,18393.129,100.0,65.0,71.294464,0.09367653936328695,-0.043328774176439974,-0.9990608676794258,1.0,11.933333333333334,24.8
1647605417,1.0,0.2347815,1.0099285,4459.4463,5395.4077,9027.656,22597.64,14920.393,6020.7837,27055.156,20411.387,18440.11,100.0,171.15903,66.95855,0.09374157961081155,-0.04485445194439399,-0.9989935325820524,1.0,12.283333333333333,24.45
1647606064,1.0,0.5234633,1.2273695,23120.02,4448.2295,14293.246,25519.33,24174.924,165.0,12909.268,19859.684,4599.6836,100.0,377.605,43.305016,0.095745438665498,-0.09179128269963147,-0.9957782687026044,1.0,23.066666666666666,13.666666666666666
1647606102,1.0,0.28086722,1.1614192,16825.73,6809.716,14237.641,30503.252,19461.256,165.0,12097.294,22613.086,17456.988,100.0,383.3085,57.554993,0.0958631305419711,-0.09454270020103171,-0.9955208073358878,1.0,23.7,13.033333333333333
1647606106,1.0,0.18905556,1.6814986,18635.55,7822.3643,9787.873,20819.906,21010.457,165.0,11933.834,31183.22,16339.515,100.0,446.7812,56.36616,0.0958755191605472,-0.0948322814613736,-0.9954932638611026,1.0,23.766666666666666,12.966666666666667
1647606107,1.0,0.5373727,1.2376182,14718.997,5300.5996,19707.969,30252.799,21748.018,165.0,12819.307,19016.473,15654.012,100.0,300.2108,52.172195,0.09587861631519123,-0.09490467552361499,-0.9954863648306577,1.0,23.783333333333335,12.95
1647606109,1.0,0.71111,1.0407717,23531.965,6096.436,16073.396,24315.914,26859.92,165.0,10534.027,27877.322,27050.742,346.28088,395.08005,69.27041,0.09588481062447929,-0.09504946214200657,-0.9954725509759248,1.0,23.816666666666666,12.916666666666666
1647606141,1.0,0.46889475,0.9439968,13597.996,3959.3433,9799.368,20959.98,22545.55,165.0,8094.269,26291.887,13723.697,368.82452,531.69147,50.106224,0.0959839195730882,-0.09736577250187399,-0.9952486655831865,1.0,24.35,12.383333333333333
1647606152,1.0,0.29260325,1.0288876,24502.203,4752.52,12923.263,19025.973,15016.293,165.0,7158.382,28362.773,19326.586,285.06055,519.68744,64.50979,0.09601798827417252,-0.09816188304354045,-0.995170460131,1.0,24.533333333333335,12.2
1647606178,1.0,0.35703737,1.2207596,23486.195,559.6113,17124.844,21873.36,20369.883,165.0,175.0,15378.062,11843.904,103.269745,382.15625,59.725006,0.09609851429491725,-0.10004334824792116,-0.9949830794899706,1.0,24.966666666666665,11.766666666666667
1647606839,1.0,0.9031477,0.5484078,34499.992,7565.13,17572.133,21504.18,12362.365,165.0,175.0,30728.336,16656.594,781.8272,553.7525,72.585495,0.09814573351462012,-0.14773748747562043,-0.9890266097504106,1.0,35.983333333333334,0.75
1647606884,31.0,0.7,0.700114,31491.002,26590.002,27211.0,27718.0,27995.002,28708.002,29302.0,30289.996,30581.0,900.00006,512.0,35.127296,0.0982851054736014,-0.15097327263572463,-0.9885378449759317,0.0,0.0,0.0
1647606885,31.0,0.7,0.700112,31308.002,26292.002,27005.002,27505.0,27783.004,28493.002,29201.998,29900.994,30313.0,900.00006,896.0,34.832382,0.09828820262824543,-0.1510451607371812,-0.9885268632757934,0.0,0.0,0.0
1647606889,31.0,0.7,0.700035,31494.996,26613.996,27305.002,27798.0,28080.998,28900.998,29479.0,30095.0,30618.998,900.00006,768.0,34.770943,0.09830059124682154,-0.1513327051511875,-0.988482884197609,0.0,0.0,0.0
1647606891,31.0,0.7,0.700017,31413.998,26595.004,27384.002,27795.0,28117.002,28890.996,29406.004,30197.0,30885.998,900.00006,255.99997,34.238464,0.0983067855561096,-0.15147647255777585,-0.9884608632927524,0.0,0.0,0.0
1647606917,31.0,0.7,0.700055,31448.0,26395.0,27011.002,27488.002,27803.004,28501.0,28918.0,29596.002,30404.998,900.00006,128.0,35.590145,0.09838731157685435,-0.15334515614234545,-0.9881726888999107,0.0,0.0,0.0
1647606936,31.0,0.7,0.700052,32306.0,26672.0,27307.998,27784.004,28079.998,28698.0,29317.0,30502.0,31385.0,900.00006,1024.0,34.95936,0.09844615751509088,-0.15471038629946807,-0.9879598657693891,0.0,0.0,0.0
1647606959,31.0,0.7,0.7000561,32282.0,26502.998,27195.0,27669.998,27980.0,28805.002,29589.998,30286.998,30785.996,900.00006,384.0,35.23789,0.09851739207190355,-0.1563626379036136,-0.9876997142187617,0.0,0.0,0.0
1647607616,41.0,0.7,0.7000239,44317.0,34632.008,35600.008,36200.0,36811.004,37991.0,39575.0,41602.996,42299.0,900.00006,640.0,35.02899,0.10055222267303028,-0.20335694974483073,-0.9791046680465161,0.0,0.0,0.0
1647607668,41.0,0.7,0.69998085,41701.0,34902.0,36013.0,36816.0,37286.004,38493.0,39281.008,40198.0,40786.0,900.00006,896.0,35.196926,0.10071327471451977,-0.20705801694903828,-0.9783286654377106,0.0,0.0,0.0
1647607670,41.0,0.7,0.699907,41063.0,34811.996,35899.0,36588.996,37100.004,38406.0,39065.0,39947.0,40104.0,900.00006,768.0,36.274178,0.10071946902380782,-0.20720030689497243,-0.9782985397222206,0.0,0.0,0.0
1647607678,41.0,0.7,0.70001006,41908.004,35089.004,36090.008,36695.0,37095.0,38296.0,39080.004,40082.992,40597.0,900.00006,255.99997,35.684353,0.10074424626096005,-0.20776942281748653,-0.9781778299174892,0.0,0.0,0.0
1647607696,41.0,0.7,0.70000505,41788.0,34798.0,35599.0,36206.0,36706.996,38192.004,39300.0,40182.996,40776.0,900.00006,128.0,36.122623,0.10079999504455257,-0.2090496762333565,-0.977905022416149,0.0,0.0,0.0
1647607718,41.0,0.7,0.7000091,40905.0,35115.008,36107.004,36804.004,37280.0,38021.996,38680.0,39376.0,39711.996,900.00006,1024.0,35.741695,0.1008681324467212,-0.21061394374199022,-0.9775693155482356,0.0,0.0,0.0
1647607743,41.0,0.7,0.69997895,41597.004,35184.0,35980.0,36706.0,37082.0,38299.004,39208.0,39917.0,40624.004,900.00006,384.0,36.06528,0.10094556131282191,-0.21239086585980935,-0.9771847932194404,0.0,0.0,0.0
1647608392,51.0,0.7,0.7000471,53368.01,43493.0,44484.996,45110.004,45484.008,46495.984,47304.996,48308.004,49221.992,900.00006,640.0,36.175873,0.10295561467679643,-0.2582570484671568,-0.9660762376319131,0.0,0.0,0.0
1647608444,51.0,0.7,0.69996595,48875.996,43302.0,44301.0,45004.0,45400.008,46391.992,47097.0,48085.0,48505.004,900.00006,896.0,36.114433,0.10311666671828591,-0.26190845563272014,-0.9650927213838489,0.0,0.0,0.0
1647608446,3.3285122,0.24975151,1.1206032,15461.918,101.13,24859.793,21275.125,9959.264,13788.946,43249.17,11285.947,17729.795,100.0,65.0,73.23541,0.10312286102757397,-0.2620488199084813,-0.9650546181354568,1.0,0.03333333333333333,16.15
1647608447,1.0,0.1,0.6799847,25468.252,101.13,25345.543,31163.902,16172.436,21047.322,44438.133,13659.911,23028.229,100.0,65.0,64.84616,0.103125958182218,-0.26211899996778065,-0.9650355588556779,1.0,0.05,16.133333333333333
1647608462,1.0,1.0864809,1.1469892,15428.963,101.13,17898.844,31093.195,913.5303,16178.936,43326.85,22784.154,20428.445,100.0,65.0,68.02672,0.10317241550187843,-0.2631715343035866,-0.9647490572849999,1.0,0.3,15.883333333333333
1647608481,1.0,0.1,1.7231525,15447.631,101.13,23204.438,28992.387,9658.364,17713.785,49445.168,12214.922,31745.148,100.0,65.0,61.462982,0.10323126144011496,-0.2645042947570088,-0.9643845073699066,1.0,0.6166666666666667,15.566666666666666
1647608508,1.0,0.7812384,0.90205026,9858.601,101.13,11026.914,21268.352,5220.092,10412.953,45555.957,21519.635,29948.764,100.0,65.0,59.161724,0.10331488461550374,-0.2663973482191174,-0.963863295733281,1.0,1.0666666666666667,15.116666666666667
1647608536,1.0,0.3704403,0.74320406,23124.285,101.13,25201.703,28775.893,12352.21,11520.253,62479.754,13835.672,23019.008,100.0,65.0,54.29409,0.10340160494553653,-0.26835942986964495,-0.9633188550007932,1.0,1.5333333333333334,14.65
1647608595,1.0,0.2746421,1.1348834,29988.258,101.13,17758.514,37807.31,7361.88,16163.444,42331.01,20965.625,28159.229,100.0,65.0,47.965694,0.10358433706953422,-0.2724901639604821,-0.9621585682956784,1.0,2.5166666666666666,13.666666666666666
1647608647,1.0,0.34465295,1.1513132,19235.902,101.13,17219.596,26802.043,12219.17,10806.77,33513.773,18654.492,21358.434,100.0,65.0,47.780136,0.1037453891110237,-0.27612665454442026,-0.9611212569962785,1.0,3.3833333333333333,12.8
1647608652,1.0,0.5853101,0.45689723,10595.176,2778.9678,25091.965,31659.523,15812.365,14543.98,30927.443,24299.164,29537.127,100.0,65.0,39.371338,0.10376087488424385,-0.2764761098339806,-0.9610207909775255,1.0,3.466666666666667,12.716666666666667
1647608654,1.0,0.1,1.2067509,15954.91,708.73145,23243.957,24339.43,11368.917,11408.866,32623.477,13877.644,23389.064,100.0,65.0,55.945717,0.1037670691935319,-0.27661588171739054,-0.9609805689927922,1.0,3.5,12.683333333333334
1647608666,1.0,0.42170215,0.7487391,19142.607,101.13,20364.691,31028.293,17105.047,11311.904,30726.773,22717.977,21650.785,100.0,65.0,50.322163,0.10380423504926024,-0.2774543900322679,-0.9607388102142133,1.0,3.7,12.483333333333333
1647608685,1.0,0.29879558,0.395311,16831.322,101.13,18241.139,28430.713,16716.873,14866.585,23484.55,23943.96,26194.82,100.0,65.0,60.832947,0.10386308098749679,-0.27878159581888023,-0.9603545292404667,1.0,4.016666666666667,12.166666666666666
1647608709,1.0,0.18359661,0.76726115,18957.383,101.13,20764.906,30540.28,18252.537,17511.578,18597.975,15059.101,27806.47,100.0,65.0,39.325825,0.10393741269895347,-0.28045730521153817,-0.9598665011101711,1.0,4.416666666666667,11.766666666666667
1647608740,1.0,0.13979119,0.7368239,17314.6,6040.6733,14072.689,27272.3,14115.195,12111.761,22468.797,21670.254,38051.562,100.0,65.0,51.690876,0.10403342449291836,-0.28262049801724776,-0.9592318041539714,1.0,4.933333333333334,11.25
1647609367,1.0,0.1,1.2939205,23538.574,371.5869,11521.253,30245.598,33796.5,165.0,175.0,44555.195,15760.666,348.10956,141.28378,45.604736,0.10597534045472425,-0.326049432611352,-0.9453527212071775,1.0,15.383333333333333,0.8
1647609412,1.0,1.4723818,1.5318061,28374.748,9191.603,20828.438,16278.414,13105.58,165.0,175.0,50452.51,17678.184,885.452,783.5585,58.126457,0.10611471241370553,-0.329141340771672,-0.9442806668544189,1.0,16.133333333333333,0.05
1647609415,10.999998,0.7,0.7001329,9896.0,8206.0,8417.0,8604.0,8715.0,9080.0,9302.0,9502.0,9616.0,1000.0,768.0,35.95469,0.10612400387763761,-0.3293473430207981,-0.9442088368815136,0.0,0.0,0.0
1647609418,10.999998,0.7,0.7001091,10478.0,8296.0,8504.0,8703.0,8801.0,9020.0,9298.0,9593.0,9782.001,1000.0,512.0,34.512897,0.1061332953415697,-0.329553329594154,-0.9441369619675987,0.0,0.0,0.0
1647609430,10.999998,0.7,0.70012903,9814.0,8289.0,8496.0,8611.0,8716.0,9004.0,9279.0,9503.0,9610.0,1000.0,255.99997,33.959934,0.10617046119729805,-0.3303771189337868,-0.9438490129703005,0.0,0.0,0.0
1647609453,10.999998,0.7,0.7000849,9912.0,8301.0,8512.0,8700.0,8800.0,9113.0,9313.0,9597.0,9696.0,1000.0,128.0,34.332672,0.1062416957541107,-0.3319553447184792,-0.9432951018174724,0.0,0.0,0.0
1647609479,10.999998,0.7,0.70005995,9909.0,8302.0,8579.0,8707.0,8875.0,9188.0,9397.0,9592.0,9700.0,1000.0,1024.0,33.47661,0.10632222177485544,-0.33373830752747374,-0.9426657637194094,0.0,0.0,0.0
1647609507,10.999998,0.7,0.70014393,9993.0,8299.0,8509.0,8710.0,8808.0,9100.0,9378.0,9526.0,9690.0,1000.0,384.0,34.369537,0.10640894210488824,-0.3356570868191453,-0.9419842461889077,0.0,0.0,0.0
1647610151,21.0,0.7,0.70006394,19398.0,16196.001,16693.0,16986.0,17185.0,17695.0,18187.0,18705.0,18908.0,1000.0,640.0,34.19341,0.10840350969564261,-0.3793888753762824,-0.9252373107699017,0.0,0.0,0.0
1647610203,21.0,0.7,0.700118,20002.0,16199.001,16704.002,17087.0,17288.0,17804.0,18284.0,18697.0,19306.998,1000.0,512.0,33.923073,0.1085645617371321,-0.3828849825029763,-0.9237960219516511,0.0,0.0,0.0
1647610208,21.0,0.7,0.7000439,19904.0,16398.998,16916.0,17202.0,17395.0,17906.998,18399.0,18913.0,19103.0,1000.0,896.0,34.152447,0.10858004751035225,-0.38322085889699703,-0.9236567399777084,0.0,0.0,0.0
1647610214,21.0,0.7,0.70007205,20401.0,16499.0,16897.0,17208.0,17397.0,17908.0,18355.0,18904.0,19408.0,1000.0,768.0,34.381824,0.10859863043821641,-0.3836238436860589,-0.9234894404136597,0.0,0.0,0.0
1647610221,21.0,0.7,0.70012903,20596.0,16205.999,16702.0,17096.0,17296.998,17997.0,18493.0,19198.0,19596.0,1000.0,255.99997,35.192833,0.10862031052072461,-0.38409390029114193,-0.9232940353750468,0.0,0.0,0.0
1647610253,21.0,0.7,0.700077,21209.0,16493.0,16906.0,17206.0,17407.0,18193.0,18897.0,19696.0,20116.998,1000.0,128.0,34.14016,0.10871941946933353,-0.3862414611214755,-0.9223977090771354,0.0,0.0,0.0
1647610277,21.0,0.7,0.7001511,22093.0,16426.002,16914.0,17289.0,17505.0,18196.0,18687.0,19809.0,20210.998,1000.0,1024.0,34.05824,0.10879375118079021,-0.38785075972853017,-0.92172218600726,0.0,0.0,0.0
1647610301,21.0,0.7,0.7001101,21519.0,16294.0,16780.0,17083.0,17309.0,18290.002,19107.0,19979.0,20401.0,1000.0,384.0,34.39411,0.10886808289224689,-0.38945887687490865,-0.9210438552117564,0.0,0.0,0.0
1647610949,31.0,0.7,0.7000669,31190.002,24324.002,24997.0,25305.998,25606.0,26405.0,27099.0,28376.0,29474.002,1000.0,640.0,34.906113,0.11087503910157738,-0.4324136357913584,-0.9016753559800215,0.0,0.0,0.0
1647610996,31.0,0.7,0.70006394,30492.998,24093.0,24716.0,25220.0,25610.002,26615.004,27905.0,28875.002,29312.0,1000.0,512.0,34.65216,0.11102060536984672,-0.43549297306952905,-0.9001921297184632,0.0,0.0,0.0
1647611009,1.0,0.19384193,1.226477,218.0,101.13,19482.977,19981.357,2806.1138,20229.08,37236.54,21714.611,17174.941,100.0,65.0,63.09309,0.1110608683802191,-0.4363438079777756,-0.8997800182486018,1.0,0.21666666666666667,27.85
1647611018,1.0,0.1,1.2155116,1887.2822,101.13,15882.543,28008.773,10297.496,17014.324,54570.305,23372.354,24007.385,100.0,65.0,65.08804,0.11108874277201534,-0.43693261912264697,-0.8994942391959072,1.0,0.36666666666666664,27.7
1647611023,1.0,0.1,1.346923,218.0,101.13,8447.434,27100.484,153.0,21988.35,54189.117,25427.766,18491.297,154.56863,65.0,62.099876,0.1111042285452355,-0.4372596555664115,-0.8993353065536476,1.0,0.45,27.616666666666667
1647611048,1.0,0.48395002,0.850109,218.0,101.13,22191.605,22334.387,8427.25,26529.2,45567.9,20570.27,13842.034,100.0,65.0,69.348915,0.1111816574113362,-0.4388939697533752,-0.8985388602136934,1.0,0.8666666666666667,27.2
1647611081,1.0,0.44547105,0.5448122,218.0,101.13,16826.6,32240.143,7882.5557,15837.354,50960.6,34008.79,17472.268,100.0,65.0,73.23541,0.11128386351458915,-0.44104904231660286,-0.8974830038901057,1.0,1.4166666666666667,26.65
1647611095,1.0,0.3955555,0.82557356,218.0,101.13,23172.543,21705.848,8781.376,19938.23,58733.8,26254.242,17601.898,100.0,65.0,62.112656,0.11132722367960554,-0.441962548856676,-0.8970335029463004,1.0,1.65,26.416666666666668
1647611756,1.0,0.47813323,1.0502597,5916.2974,4909.0034,12446.362,23018.125,19798.621,165.0,20800.543,32802.977,11476.12,100.0,270.51407,60.71141,0.11337444289930841,-0.48455518317873814,-0.874760695535996,1.0,12.666666666666666,15.4
1647611803,1.0,0.36171144,0.669068,11829.725,849.5703,7140.4775,20841.098,15787.268,1459.8789,12913.009,37941.117,19948.008,453.14038,105.623566,68.58496,0.11352000916757775,-0.4875422234709711,-0.8730994103382396,1.0,13.45,14.616666666666667
1647611818,1.0,0.5357059,0.39875272,13557.456,2735.9053,13934.068,27293.635,22541.414,2911.9106,15522.34,32261.193,31819.355,244.02325,109.39194,72.639175,0.11356646648723817,-0.48849433692897565,-0.8725670649229894,1.0,13.7,14.366666666666667
1647611824,1.0,0.46804175,0.70639414,1152.2451,6500.5947,13481.39,20712.559,17042.273,7914.632,24084.96,26563.268,19780.578,100.0,230.70398,73.23541,0.11358504941510235,-0.4888750196213658,-0.8723538360036076,1.0,13.8,14.266666666666667
1647611829,1.0,0.4938632,0.5758213,19250.139,273.958,11877.239,16826.945,18564.678,165.0,22345.008,26468.477,24578.76,100.0,65.0,60.992935,0.11360053518832249,-0.48919218410254905,-0.8721760183661196,1.0,13.883333333333333,14.183333333333334
1647611857,1.0,0.70909977,0.8029766,17450.244,1975.7798,11948.213,17406.154,14309.826,3861.581,9965.661,24011.758,16800.123,100.0,192.00827,49.619263,0.11368725551835529,-0.49096710877323413,-0.8711781092881359,1.0,14.35,13.716666666666667
1647611895,1.0,0.68108284,0.9903972,9845.494,101.13,19857.21,24928.967,20126.56,165.0,12707.402,25361.328,20842.305,100.0,305.37482,50.217518,0.11380494739482837,-0.4933726777297609,-0.8698180274458363,1.0,14.983333333333333,13.083333333333334
1647611902,1.0,0.34808058,0.77807045,13266.863,9378.925,8763.622,24310.094,17388.326,165.0,11535.649,19851.53,14590.058,150.11511,328.96756,58.24637,0.11382662747733657,-0.49381539844901323,-0.869566761240701,1.0,15.1,12.966666666666667
1647612604,1.0,0.20988035,1.0565003,30146.904,2528.4082,10161.796,27423.713,17893.406,165.0,281.30957,35133.047,7563.6294,550.86475,285.4205,73.01933,0.1160008300374446,-0.5375449182381821,-0.8432351160123173,1.0,26.8,1.2666666666666666
1647612661,1.0,1.2635732,1.2818823,46160.49,5442.162,20755.957,27527.678,13705.166,165.0,175.0,39131.555,21421.652,1000.0,596.67175,65.42628,0.11617736785215423,-0.5410356320204437,-0.8409996699667837,1.0,27.75,0.31666666666666665
1647612680,51.0,0.7,0.699988,51496.0,43312.0,44396.996,45096.996,45431.996,46385.992,47202.0,47894.004,48306.004,1000.0,896.0,36.548607,0.11623621379039077,-0.5421971404079571,-0.8402513082009656,0.0,0.0,0.0
1647612687,51.0,0.7,0.700099,51016.0,43382.004,44322.004,45004.0,45311.996,46317.992,47097.0,48113.0,48508.004,1000.0,768.0,36.401154,0.11625789387289896,-0.5426248037342671,-0.8399751915219569,0.0,0.0,0.0
1647612691,51.0,0.7,0.70000505,50585.0,43411.0,44317.996,44909.0,45378.004,46362.0,46994.0,47715.004,48711.008,1000.0,255.99997,36.92544,0.11627028249147509,-0.5428691196522505,-0.8398173128293978,0.0,0.0,0.0
1647612725,51.0,0.7,0.699985,51209.0,43309.008,44300.0,45081.996,45486.992,46578.0,47609.996,48595.004,49404.004,1000.0,128.0,36.663296,0.11637558574937205,-0.5449439482282479,-0.8384724761668738,0.0,0.0,0.0
1647612786,51.0,0.7,0.7000471,63389.008,43905.0,45081.016,45897.0,46402.008,48211.996,54875.992,59118.0,60723.004,1000.0,1024.0,36.30285,0.11656451218265779,-0.548658075987399,-0.8360468381937733,0.0,0.0,0.0
1647612790,51.0,0.7,0.7000489,63396.004,43511.004,44786.992,45697.996,46258.008,48297.0,56085.008,60506.01,61804.008,1000.0,384.0,36.29875,0.11657690080123391,-0.5489012489384802,-0.8358872046596817,0.0,0.0,0.0
1647612855,1.0,0.6000001,0.0,384.99805,250.0,285.00098,292.00098,295.99805,312.0,327.0,351.00195,384.99805,100.0,896.0,26.10094,0.11677821585309577,-0.5528462850773277,-0.8332832562077545,0.0,0.0,0.0
1647612856,1.0,0.6000001,0.0,379.99805,259.0,288.0,295.0,300.0,316.00098,367.0,375.0,380.00293,100.0,128.0,26.10094,0.11678131300773979,-0.552906881683839,-0.8332430498879984,0.0,0.0,0.0
1647612959,10.999998,0.6000001,0.228529,13104.0,10004.0,10594.0,11293.0,11597.0,12306.0,12696.0,12991.0,13104.0,100.0,768.0,26.10094,0.11710031993607473,-0.5591326126785556,-0.8290782360183219,0.0,0.0,0.0
1647612960,10.999998,0.6000001,0.229861,12918.0,10196.0,10798.0,11112.0,11404.0,12205.0,12517.0,12787.0,12918.0,100.0,255.99997,26.10094,0.11710341709071875,-0.5591929034707467,-0.8290375725550418,0.0,0.0,0.0
1647612961,10.999998,0.6000001,0.231792,13290.0,10102.0,10588.0,11096.0,11857.0,12269.0,12793.0,12964.0,13290.0,100.0,1024.0,26.140675,0.11710651424536278,-0.5592531913056478,-0.8289969047073991,0.0,0.0,0.0
1647613064,21.0,0.6000001,0.393345,23994.0,19614.0,20582.0,21397.0,21724.0,22382.0,22707.0,23297.0,23994.002,100.0,512.0,29.106178,0.11742552117369773,-0.5654469393623422,-0.8247846741821526,0.0,0.0,0.0
1647613065,21.0,0.6000001,0.395198,24096.0,19086.0,20187.0,21096.0,21477.998,22191.0,23183.998,23402.002,24096.0,100.0,128.0,28.139523,0.11742861832834176,-0.5655069179012091,-0.8247435515394317,0.0,0.0,0.0
1647613066,21.0,0.6000001,0.391264,22903.0,19995.0,20904.0,21200.0,21492.998,22196.0,22598.0,22894.002,22903.0,100.0,640.0,27.410433,0.11743171548298578,-0.5655668934493947,-0.8247024245350568,0.0,0.0,0.0
1647613067,21.0,0.6000001,0.394423,23609.0,19787.998,20913.0,21771.0,21901.998,22687.0,22892.998,23306.0,23609.0,100.0,1024.0,28.278784,0.11743481263762981,-0.5656268660065812,-0.824661293169246,0.0,0.0,0.0
1647613168,31.0,0.6000001,0.556547,32622.0,28634.994,29103.0,29492.004,29904.0,30698.0,31431.004,31927.004,32622.004,100.0,512.0,28.995586,0.11774762525667669,-0.5716686316270886,-0.8204845980355829,0.0,0.0,0.0
1647613169,1.0,1.0672294,0.7549872,20991.498,101.13,18429.973,25096.434,7083.4795,15511.958,17895.621,4869.4946,19367.963,100.0,77.752045,59.299667,0.11775072241132072,-0.5717282974391418,-0.8204430229500036,1.0,0.016666666666666666,7.766666666666667
1647613275,1.0,0.8016742,0.7609161,35586.332,101.13,22312.45,32414.234,16438.793,24894.75,5628.9526,8744.305,19713.977,100.0,65.0,39.03694,0.11807902080358774,-0.5780356642313028,-0.8160115016816102,1.0,1.7833333333333334,6.0
1647613276,1.0,0.5380629,0.72417283,32300.377,101.13,25028.002,22380.361,14238.88,16052.338,349.48535,5391.228,18819.848,100.0,65.0,46.39415,0.11808211795823177,-0.578095004733775,-0.8159694635841813,1.0,1.8,5.983333333333333
1647613277,1.0,1.0335661,0.9677739,25816.246,2759.2983,24222.578,29256.127,14500.666,22666.502,10973.429,14086.671,23651.996,100.0,194.26901,46.32972,0.1180852151128758,-0.5781543421789928,-0.8159274211715011,1.0,1.8166666666666667,5.966666666666667
1647613278,1.0,0.92454875,0.88416016,30590.771,3290.31,21288.418,22741.277,14811.215,20561.135,10804.133,16124.166,32016.697,100.0,74.85068,52.148865,0.11808831226751983,-0.5782136765666428,-0.8158853744437915,1.0,1.8333333333333333,5.95
1647613385,1.0,0.6325629,0.8710213,30169.262,4081.8188,17050.01,24192.32,21077.361,13417.956,5401.6196,24394.719,27120.316,100.0,261.07587,55.984688,0.11841970781443088,-0.5845447236356677,-0.8113614891462996,1.0,3.6166666666666667,4.166666666666667
1647613386,3.41148,0.65630937,1.1744221,23834.95,3499.5117,17356.176,20096.844,18981.723,12204.067,7589.8745,17250.75,26569.406,100.0,285.91022,51.30571,0.11842280496907491,-0.5846037259624733,-0.8113189777090102,1.0,3.6333333333333333,4.15
1647613390,6.043787,0.792567,1.1203763,17873.56,101.13,19394.82,21425.576,16072.625,11819.397,175.0,15969.482,14886.65,100.0,521.799,46.00318,0.11843519358765102,-0.5848397043498281,-0.8111488890555207,1.0,3.7,4.083333333333333
1647613442,1.0,0.54693604,1.0337642,19974.307,3506.0527,23122.158,20717.201,20685.023,9482.94,175.0,22198.93,19828.537,164.70679,549.89795,55.557236,0.1185962456291405,-0.5879029128271944,-0.8089314959187214,1.0,4.566666666666666,3.216666666666667
1647613443,16.678326,0.32430774,1.3734514,29934.299,4110.4478,17371.88,16127.477,12321.66,8614.39,175.0,28243.605,25637.36,100.0,96.42175,42.94778,0.11859934278378453,-0.5879617384310264,-0.8088887402734478,1.0,4.583333333333333,3.2
1647613444,6.2288723,0.8354294,0.90972114,18432.848,2384.2837,19647.066,20296.639,19836.832,10199.828,175.0,20706.336,21994.441,100.0,425.38916,50.07733,0.11860243993842856,-0.5880205609254242,-0.808845980350369,1.0,4.6,3.183333333333333
1647613445,5.045597,0.37196606,0.93424106,23591.328,3334.2158,18244.855,20009.846,14778.254,11825.236,175.0,25096.375,26784.17,100.0,440.42896,53.005074,0.11860553709307259,-0.5880793803100774,-0.8088032161497104,1.0,4.616666666666666,3.1666666666666665
1647613446,20.015862,0.1998207,1.4452207,21100.043,498.86035,13238.222,23994.027,15516.449,3241.7368,175.0,29660.21,26024.816,100.0,453.4099,60.562912,0.11860863424771663,-0.5881381965846756,-0.8087604476716981,1.0,4.633333333333334,3.15
1647613631,1.0,0.1,1.1172158,24839.938,891.62695,18896.129,10031.567,23917.746,165.0,175.0,28655.229,14486.474,390.9149,515.91174,55.72216,0.1191816078568619,-0.5989653661031404,-0.8007749310567426,1.0,7.716666666666667,0.06666666666666667
1647613632,6.832222,0.7239139,1.0826601,21037.523,3774.2754,13430.214,20434.727,24858.678,3358.0166,175.0,41545.406,23855.457,357.8764,632.6189,58.5714,0.11918470501150592,-0.5990235985155854,-0.8007313709487338,1.0,7.733333333333333,0.05
1647613633,1.0,0.78092676,1.8641404,14918.953,12644.684,15215.839,4103.8623,19115.705,165.0,175.0,37395.742,18113.957,481.5857,987.98535,49.2769,0.11918780216614996,-0.5990818277600962,-0.8006878066060594,1.0,7.75,0.03333333333333333
1647613635,10.999998,0.6000001,0.553968,11995.0,9905.0,10200.0,10398.0,10579.0,10887.0,11180.0,11683.0,11952.0,200.0,512.0,30.654465,0.11919399647543802,-0.5991982767440835,-0.8006006652176356,0.0,0.0,0.0
1647613636,10.999998,0.6000001,0.555541,11814.0,10014.0,10401.0,10501.0,10702.0,10986.0,11201.0,11405.0,11592.0,200.0,640.0,29.323263,0.11919709363008205,-0.5992564964829434,-0.8005570881723476,0.0,0.0,0.0
1647613821,21.0,0.6000001,0.57794,21800.0,18791.0,19393.0,19701.0,19889.0,20297.0,20687.0,21311.0,21794.0,200.0,1024.0,29.528065,0.11977006723922733,-0.6099722985959354,-0.7924227375243539,0.0,0.0,0.0
1647613822,21.0,0.6000001,0.57727695,21509.0,19001.0,19503.998,19801.998,19997.0,20408.0,20698.004,21111.0,21491.0,200.0,768.0,29.933567,0.11977316439387135,-0.6100299235906224,-0.7923783769917119,0.0,0.0,0.0
1647613825,21.0,0.6000001,0.57815,22504.998,18895.0,19612.0,20105.0,20385.0,21103.0,21587.998,22190.0,22203.0,200.0,384.0,29.872128,0.11978245585780344,-0.6102027792166163,-0.7922452702517809,0.0,0.0,0.0
1647613826,21.0,0.6000001,0.577639,22400.998,19124.0,19910.0,20203.0,20593.0,21186.0,21414.0,21700.0,21806.0,200.0,255.99997,29.75744,0.11978555301244746,-0.6102603913049096,-0.7922008929585845,0.0,0.0,0.0
1647613827,21.0,0.6000001,0.578032,22777.0,18994.0,19407.0,19799.0,20004.0,20695.0,21111.0,21692.0,22106.0,200.0,896.0,30.28173,0.11978865016709149,-0.610318000165843,-0.7921565114758359,0.0,0.0,0.0
1647614016,31.0,0.6000001,0.5773419,33205.996,28283.0,28991.998,29490.002,29705.002,31002.004,31396.002,32394.998,32606.002,200.0,768.0,30.74048,0.12037401239481288,-0.6211477802783103,-0.7836934573258398,0.0,0.0,0.0
1647614018,31.0,0.6000001,0.5782881,33199.008,28602.0,29801.0,30322.0,30602.0,31891.004,32209.002,32788.0,32805.0,200.0,1024.0,30.12608,0.12038020670410095,-0.6212617573010044,-0.7836031067544768,0.0,0.0,0.0
1647614019,31.0,0.6000001,0.5779309,33890.0,28106.002,28998.996,29620.0,29808.002,30898.0,31992.998,32610.002,33706.0,200.0,128.0,30.547968,0.12038330385874497,-0.6213187408841909,-0.7835579252525519,0.0,0.0,0.0
1647614020,31.0,0.6000001,0.578295,35116.0,28105.0,29025.998,29681.002,30018.002,30906.0,31198.002,32593.004,32909.0,200.0,640.0,30.441471,0.120386401013389,-0.6213757211815355,-0.7835127396067831,0.0,0.0,0.0
1647614022,31.0,0.6000001,0.57822704,33279.0,28215.998,29101.998,29902.0,30291.0,30909.002,31717.004,32402.0,33199.0,200.0,255.99997,30.695423,0.12039259532267706,-0.6214896719174919,-0.783422355884671,0.0,0.0,0.0
1647614025,31.0,0.6000001,0.576993,33591.004,28686.0,29497.998,30043.002,30389.002,31307.004,32089.002,33000.0,33525.0,200.0,896.0,30.814207,0.12040188678660914,-0.6216605733700775,-0.7832867492286503,0.0,0.0,0.0
1647614213,41.0,0.6000001,0.5782881,45681.996,36906.992,38291.992,39416.008,40384.0,42293.0,43393.0,44688.0,45481.0,200.0,1024.0,31.141888,0.1209841518596865,-0.6323110386452481,-0.7747146251410049,0.0,0.0,0.0
1647614215,41.0,0.6000001,0.578127,46505.0,37507.004,38806.0,40094.0,40706.0,43104.0,44110.008,44707.004,46215.008,200.0,768.0,31.784962,0.12099034616897457,-0.6324237096316679,-0.7746226510345019,0.0,0.0,0.0
1647614216,41.0,0.6000001,0.57793,47009.0,37503.0,38800.0,39688.996,40202.0,41996.008,42815.004,44902.996,45207.0,200.0,384.0,31.4368,0.1209934433236186,-0.6324800401081707,-0.7745766578362446,0.0,0.0,0.0
1647614217,17.013294,1.1385429,1.0605024,23325.332,101.13,16815.678,25725.754,10305.632,25749.182,4331.3774,2611.5977,16836.844,100.0,632.5322,73.23541,0.12099654047826262,-0.6325363672398047,-0.7745306605416412,1.0,0.016666666666666666,4.566666666666666
1647614219,7.225773,1.3549622,0.65850705,24668.98,101.13,21770.453,30023.232,9546.337,23300.877,175.0,1949.502,6585.5063,100.0,128.45734,49.101143,0.12100273478755068,-0.6326490114672754,-0.7744386536643683,1.0,0.05,4.533333333333333
1647614222,12.020679,1.2146742,0.8938408,25511.617,101.13,17662.242,31068.697,11063.58,26094.617,5351.632,9534.01,18483.77,100.0,348.23877,57.834442,0.12101202625148276,-0.6328179527145189,-0.7743006126319447,1.0,0.1,4.483333333333333
1647614224,46.785446,1.1956567,1.2449483,25732.45,4661.229,17059.385,30138.297,10419.728,27665.727,5720.946,16840.812,20437.428,100.0,289.50928,61.24002,0.12101822056077081,-0.6329305634798993,-0.7742085648021579,1.0,0.13333333333333333,4.45
1647614407,18.659887,0.5813869,0.82885635,16599.86,2361.4722,15057.021,13417.91,21849.688,11505.222,175.0,21019.486,25225.54,100.0,527.119,56.493385,0.12158499986062804,-0.6431774846525626,-0.7657171300395483,1.0,3.183333333333333,1.4
1647614410,14.214729,0.69109213,0.93758214,22397.525,5274.759,21580.238,15323.8545,16200.475,7222.8994,175.0,15199.869,12009.703,100.0,268.48483,44.64386,0.12159429132456012,-0.6433445229079742,-0.7655767922581712,1.0,3.2333333333333334,1.35
1647614411,24.538748,0.63833445,1.0610191,22189.592,8161.234,19867.836,19482.79,22100.598,15794.523,175.0,21099.574,16266.98,100.0,646.9123,54.65893,0.12159738847920415,-0.6434001955221866,-0.7655300048998811,1.0,3.25,1.3333333333333333
1647614412,32.31973,1.1864815,1.1049691,20285.316,2648.1196,11607.51,20307.965,15347.953,3796.7822,282.60352,24010.3,19811.533,100.0,261.14246,60.25835,0.12160048563384819,-0.6434558647337789,-0.7654832134930882,1.0,3.2666666666666666,1.3166666666666667
1647614414,20.547976,0.81588495,0.7892742,23361.787,3204.122,20039.805,19067.469,16165.856,8484.738,175.0,16996.371,12435.116,100.0,280.626,42.534435,0.12160667994313624,-0.643567192947926,-0.7653896185349832,1.0,3.3,1.2833333333333334
1647614416,6.3602943,0.29498428,1.0266094,20333.008,3015.8403,19617.664,19433.291,16511.76,14464.295,175.0,11947.733,13021.815,100.0,438.48138,40.31087,0.1216128742524243,-0.6436785075480607,-0.7652960073858358,1.0,3.3333333333333335,1.25
1647614420,1.0,0.52999854,0.64856136,20614.367,4258.155,19033.945,20460.168,15917.037,9051.151,175.0,13347.904,17899.854,100.0,322.89807,42.74858,0.12162526287100041,-0.6439010958968748,-0.7651087365223349,1.0,3.4,1.1833333333333333
1647614483,6.9333134,0.58010125,1.0770625,16094.209,5671.128,18705.59,17561.363,18054.748,12798.444,175.0,21601.834,15053.091,100.0,655.0491,45.351974,0.12182038361357421,-0.6473996633690229,-0.7621506910511043,1.0,4.45,0.13333333333333333
1647614485,13.212587,0.66101307,1.136134,18078.889,8103.886,22027.512,17062.793,16678.594,6555.638,175.0,24771.496,12466.255,100.0,619.431,44.412804,0.12182657792286226,-0.6475105068457166,-0.7620565225259889,1.0,4.483333333333333,0.1
1647614487,7.5136585,0.39376318,0.66878855,12828.856,7764.045,17341.02,12554.305,21234.93,10105.97,175.0,22323.826,18795.418,100.0,733.05566,49.17248,0.12183277223215032,-0.647621336624981,-0.7619623378803397,1.0,4.516666666666667,0.06666666666666667
1647614489,4.773571,0.53978217,0.82756937,20053.654,6847.628,14765.193,18902.62,21749.617,6953.8755,175.0,23984.793,15403.216,112.91803,650.9496,52.829254,0.12183896654143839,-0.6477321527044717,-0.7618681371161488,1.0,4.55,0.03333333333333333
1647614490,10.932577,0.8233431,1.1630499,13178.199,8892.446,17453.885,14028.583,14081.617,8348.1045,175.0,27030.734,14364.435,340.7635,717.6947,50.232296,0.12184206369608241,-0.6477875556060695,-0.7618210306902229,1.0,4.566666666666666,0.016666666666666666
1647614491,1.0,0.6000001,0.578315,450.99902,213.99902,238.99902,263.99805,274.99805,302.0,313.0,366.00098,399.0,300.0,255.99997,31.985664,0.12184516085072644,-0.647842955081845,-0.7617739202354086,0.0,0.0,0.0
1647614499,1.0,0.6000001,0.57716393,461.99902,231.0,271.00195,285.00098,295.99805,310.0,348.0,376.0,398.00195,300.0,512.0,32.11264,0.12186993808787866,-0.6482860275232847,-0.7613968915868247,0.0,0.0,0.0
1647614742,10.999998,0.6000001,0.578403,11544.0,9113.0,9303.0,9414.0,9515.0,9892.0,10213.0,10810.0,10954.0,300.0,768.0,30.224384,0.1226225466663776,-0.6616391000590621,-0.7498224464985257,0.0,0.0,0.0
1647614743,10.999998,0.6000001,0.577829,11367.0,9099.0,9315.0,9489.0,9585.0,9802.0,10092.0,10306.0,10401.001,300.0,128.0,31.088642,0.12262564382102163,-0.6616936269365453,-0.7497743287627018,0.0,0.0,0.0
1647614745,10.999998,0.6000001,0.57749605,10805.0,9011.0,9298.0,9492.0,9585.0,9812.0,10008.0,10285.0,10323.0,300.0,1024.0,29.92947,0.12263183813030969,-0.66180267019313,-0.7496780813957703,0.0,0.0,0.0
1647614748,10.999998,0.6000001,0.578318,10594.0,9081.0,9324.0,9488.0,9595.0,9814.0,10093.0,10214.0,10300.0,300.0,896.0,29.708288,0.12264112959424177,-0.6619662088277266,-0.7495336806109827,0.0,0.0,0.0
1647614750,10.999998,0.6000001,0.577991,10541.0,9103.0,9382.0,9490.0,9596.0,9793.0,9994.0,10210.0,10386.0,300.0,640.0,29.536257,0.12264732390352982,-0.6620752170805735,-0.7494373936011677,0.0,0.0,0.0
1647614751,10.999998,0.6000001,0.577793,11049.0,9176.0,9396.0,9514.0,9611.0,9903.0,10095.0,10210.0,10300.0,300.0,255.99997,29.827072,0.12265042105817385,-0.662129715955067,-0.7493892441510369,0.0,0.0,0.0
1647614758,10.999998,0.6000001,0.577742,10478.0,9084.0,9298.0,9408.0,9505.0,9896.0,10012.0,10200.0,10299.0,300.0,512.0,30.511105,0.12267210114068205,-0.6625111100135985,-0.749052087046388,0.0,0.0,0.0
1647615008,21.0,0.6000001,0.578403,20956.0,17899.0,18298.0,18609.0,18797.0,19301.0,19788.0,20257.0,20571.0,300.0,768.0,30.875648,0.12344638980168919,-0.676019023827642,-0.7368841696108839,0.0,0.0,0.0
1647615011,21.0,0.6000001,0.5785401,21133.0,17904.0,18296.0,18514.0,18695.0,19190.998,19601.0,20310.0,20829.0,300.0,1024.0,29.58541,0.12345568126562127,-0.6761797709253756,-0.736736667603362,0.0,0.0,0.0
1647615012,21.0,0.6000001,0.57863903,20877.0,17884.0,18283.0,18498.004,18687.0,19088.0,19311.0,19716.0,20106.0,300.0,384.0,30.908417,0.1234587784202653,-0.6762333461397151,-0.7366874924747158,0.0,0.0,0.0
1647615016,21.0,0.6000001,0.578235,20604.0,18000.0,18505.0,18789.0,18890.0,19295.002,19513.0,19918.0,20292.0,300.0,640.0,30.15475,0.12347116703884142,-0.6764476112316625,-0.736490753003035,0.0,0.0,0.0
1647615019,21.0,0.6000001,0.578048,20789.0,18005.0,18388.0,18593.998,18701.0,19396.0,19698.0,20283.998,20496.0,300.0,255.99997,30.466045,0.1234804585027735,-0.6766082724890082,-0.7363431575016095,0.0,0.0,0.0
1647615023,21.0,0.6000001,0.577626,19989.0,17891.0,18212.0,18431.002,18611.998,19095.0,19394.0,19693.0,19898.0,300.0,512.0,30.26944,0.12349284712134961,-0.6768224374021102,-0.7361463089828453,0.0,0.0,0.0
1647615281,31.0,0.6000001,0.578519,31389.998,26892.002,27416.004,27779.996,28000.002,28685.998,29294.002,30199.006,30577.998,300.0,1024.0,30.449663,0.12429191301950898,-0.6905142919948871,-0.7233187489280226,0.0,0.0,0.0
1647615284,1.0,0.96424437,0.98105156,34160.12,3170.8013,18390.098,41939.184,4530.089,32116.184,22954.516,10807.305,30539.957,100.0,65.0,56.187706,0.12430120448344106,-0.6906720792319907,-0.7231680848664153,1.0,0.05,9.516666666666667
1647615285,1.0,0.901213,0.4814906,36312.82,101.13,14992.602,39814.38,13576.4795,25183.072,26026.504,13964.272,28293.756,100.0,65.0,57.19233,0.12430430163808509,-0.6907246676728285,-0.7231178558632477,1.0,0.06666666666666667,9.5
1647615288,1.0,0.57327145,1.0299438,30408.318,101.13,22383.887,36363.38,9476.8,21505.453,23837.812,8727.838,23802.918,100.0,65.0,54.73562,0.12431359310201717,-0.6908824110768583,-0.7229671459095682,1.0,0.11666666666666667,9.45
1647615292,1.0,0.9561718,0.65930295,32945.664,101.13,23067.293,33675.445,10662.001,24739.648,17957.584,8297.461,20876.184,100.0,65.0,50.844753,0.1243259817205933,-0.6910926844620549,-0.7227661457781699,1.0,0.18333333333333332,9.383333333333333
1647615293,1.0,0.46878526,0.6260312,30128.732,101.13,27759.674,21728.406,12022.318,16475.594,27310.707,16571.37,23463.379,100.0,65.0,44.664177,0.12432907887523732,-0.6911452436719451,-0.7227158861887897,1.0,0.2,9.366666666666667
1647615295,1.0,0.8341802,0.93534946,45174.203,2184.4863,23686.03,34466.605,12902.875,21607.621,32428.992,15624.083,27362.203,100.0,65.0,49.47046,0.12433527318452538,-0.6912503511260893,-0.722615355544053,1.0,0.23333333333333334,9.333333333333334
1647615559,1.0,0.3100568,0.9927268,21639.914,101.13,16041.963,21275.434,19117.902,12414.16,1362.7998,16058.244,23051.67,100.0,406.93542,50.914944,0.1251529220105489,-0.704995328730656,-0.709211947493804,1.0,4.633333333333334,4.933333333333334
1647615562,1.0,0.37655342,1.144404,27105.64,101.13,29265.697,22352.332,19757.219,9676.628,1233.0215,17541.373,15351.136,100.0,317.57755,43.216614,0.125162213474481,-0.7051500379965114,-0.7090581244958121,1.0,4.683333333333334,4.883333333333334
1647615564,12.893055,0.23384035,1.0167794,24967.81,101.13,18832.54,19194.824,19888.34,9956.899,175.0,21387.273,25694.604,100.0,376.5775,58.173203,0.12516840778376906,-0.7052531588616178,-0.7089555570807734,1.0,4.716666666666667,4.85
1647615569,1.0,0.33222544,0.7602124,18771.805,144.61719,11973.315,15426.877,16560.816,3906.522,175.0,24664.113,22328.8,100.0,338.2259,62.208977,0.1251838935569892,-0.7055108957493524,-0.7086990729350127,1.0,4.8,4.766666666666667
1647615572,9.547392,0.26763326,0.91192603,21521.156,101.13,17775.316,15082.355,17398.717,6480.0967,175.0,22889.55,28641.457,100.0,227.27576,56.23301,0.12519318502092128,-0.705665493111068,-0.7085451374699522,1.0,4.85,4.716666666666667
1647615573,24.139944,0.49838185,0.5159279,22909.46,4052.3413,19491.492,20152.3,29809.082,11437.871,4232.399,27234.727,27058.129,100.0,140.66815,52.862118,0.1251962821755653,-0.7057170181015169,-0.708493818153626,1.0,4.866666666666666,4.7
1647615844,1.0,0.13374758,1.6259433,16460.547,1684.252,18821.492,16056.436,21306.781,165.0,175.0,28700.85,20837.137,100.0,610.11707,44.69971,0.12603561108409703,-0.7195418378310087,-0.6944490936064172,1.0,9.383333333333333,0.18333333333333332
1647615845,1.0,0.31256622,1.5787321,15373.641,7216.0605,14035.975,10368.13,24442.832,165.0,175.0,35258.47,29365.113,167.75443,570.7535,47.34197,0.12603870823874108,-0.719592337691529,-0.6943967652111007,1.0,9.4,0.16666666666666666
1647615846,8.581797,0.63038355,1.3239502,22541.934,4510.949,12282.849,15724.395,21421.469,165.0,175.0,41688.64,25475.729,371.79614,328.40234,58.060257,0.1260418053933851,-0.7196428337464873,-0.6943444331434692,1.0,9.416666666666666,0.15
1647615849,1.0,0.5791445,1.1628942,13535.916,6539.419,12160.333,7660.961,25901.13,165.0,175.0,38130.06,23619.23,701.4702,790.3386,50.453526,0.1260510968573172,-0.7197942990753216,-0.6941874149094512,1.0,9.466666666666667,0.1
1647615855,51.0,0.6000001,0.577882,52090.01,46708.0,47801.004,48427.0,48804.996,49698.996,50497.996,51097.996,51403.008,300.0,896.0,33.03424,0.12606967978518135,-0.7200971269467752,-0.6938732793262758,0.0,0.0,0.0
1647615860,51.0,0.6000001,0.599828,52608.004,46518.0,47818.004,48438.996,48885.996,49770.996,50594.004,51538.008,52194.008,300.0,512.0,33.058815,0.1260851655584015,-0.720349378782404,-0.6936113987585589,0.0,0.0,0.0
1647615861,51.0,0.6000001,0.59354395,52589.008,47121.01,48200.0,48996.01,49497.01,50296.992,51100.004,52094.992,52395.004,300.0,640.0,32.690174,0.12608826271304552,-0.7203998177219005,-0.6935590116394225,0.0,0.0,0.0
1647615951,1.0,0.6000001,0.599955,424.99902,228.00098,272.00098,284.00098,292.0,312.0,356.0,385.00195,398.00195,400.0,768.0,31.694847,0.12636700663100808,-0.7249236886645212,-0.6888291846408835,0.0,0.0,0.0
1647615954,1.0,0.6000001,0.577574,481.9961,239.00195,272.00098,284.00098,290.99902,310.0,347.00195,383.0,404.00098,400.0,1024.0,31.326208,0.12637629809494016,-0.7250739506271217,-0.6886710144343077,0.0,0.0,0.0
1647615955,1.0,0.6000001,0.57846797,462.99902,226.00098,258.00098,276.0,284.00098,305.0,352.99902,379.0,405.0,400.0,128.0,33.43565,0.12637939524958422,-0.725124030279239,-0.6886182837476749,0.0,0.0,0.0
1647615956,1.0,0.6000001,0.58946806,460.99707,239.00195,279.00195,292.00098,297.00195,322.99902,360.99902,389.99902,405.0,400.0,384.0,30.355455,0.12638249240422825,-0.7251741060965404,-0.6885655494192862,0.0,0.0,0.0
1647615959,1.0,0.6000001,0.5998781,451.99902,220.99805,264.00098,276.0,285.0,301.00195,333.0,385.99805,396.00195,400.0,896.0,32.72704,0.12639178386816033,-0.7253243105368988,-0.6884073245863762,0.0,0.0,0.0
1647615967,1.0,0.6000001,0.59354395,460.99707,225.0,267.00098,284.00098,290.0,305.0,333.99805,385.99805,416.00195,400.0,640.0,32.280575,0.12641656110531255,-0.7257246869132616,-0.6879852315309163,0.0,0.0,0.0
1647615970,1.0,0.6000001,0.5784289,450.00098,243.99902,280.0,290.99902,295.99805,321.99902,359.0,379.99805,399.99902,400.0,512.0,32.84992,0.12642585256924463,-0.7258747647347948,-0.6878268865937172,0.0,0.0,0.0
1647616292,10.999998,0.6000001,0.599978,11444.0,9097.0,9296.0,9487.0,9593.0,9981.0,10200.0,10644.0,10954.0,400.0,768.0,31.17056,0.12742313636462183,-0.7417807903886409,-0.6706424226146175,0.0,0.0,0.0
1647616293,10.999998,0.6000001,0.5999241,11091.0,8995.0,9292.0,9398.0,9487.0,9738.0,10015.0,10206.0,10502.0,400.0,128.0,31.690752,0.12742623351926585,-0.7418295589203876,-0.6705884770199851,0.0,0.0,0.0
1647616294,10.999998,0.6000001,0.599969,10787.0,9019.0,9301.0,9480.0,9508.0,9703.0,10003.0,10207.0,10602.0,400.0,1024.0,30.572544,0.12742933067390988,-0.7418783235289707,-0.6705345278789482,0.0,0.0,0.0
1647616299,10.999998,0.6000001,0.59991294,10987.0,9075.0,9235.0,9400.0,9498.0,9819.0,10193.0,10411.0,10680.0,400.0,896.0,31.797249,0.12744481644713002,-0.7421220877154129,-0.6702647289876718,0.0,0.0,0.0
1647616308,10.999998,0.6000001,0.599955,10702.0,9094.0,9308.0,9475.0,9545.0,9823.0,10095.0,10394.0,10683.0,400.0,255.99997,30.887936,0.1274726908389263,-0.742560615972611,-0.6697788676917005,0.0,0.0,0.0
1647616309,10.999998,0.6000001,0.59981406,11394.0,9093.0,9390.0,9500.0,9596.0,9881.0,10195.0,10414.0,10601.0,400.0,640.0,30.793728,0.12747578799357032,-0.7426093217028096,-0.6697248653888349,0.0,0.0,0.0
1647616310,1.0,0.16320014,0.90043175,6814.6943,891.49023,29995.96,27026.426,490.54297,16008.006,46991.383,12810.465,14444.618,100.0,65.0,49.22754,0.12747888514821434,-0.7426580235057211,-0.6696708595441314,1.0,0.016666666666666666,17.683333333333334
1647616640,1.0,0.1,1.5204253,27047.418,817.6094,9190.56,34857.137,23518.25,10956.896,31497.408,26179.273,32806.89,100.0,65.0,51.740208,0.12850094618074376,-0.7585135833488689,-0.6516572288214553,1.0,5.516666666666667,12.183333333333334
1647616641,1.0,0.1,0.35820347,17743.32,927.6113,22242.367,16404.176,25659.535,4559.4136,34211.17,23829.785,18950.441,100.0,65.0,50.19012,0.12850404333538779,-0.7585609711941174,-0.6516020664339834,1.0,5.533333333333333,12.166666666666666
1647616642,1.0,0.6622133,1.0384635,14263.926,101.13,14410.981,25476.059,12194.736,10087.806,30838.1,21454.453,36269.633,100.0,65.0,56.554543,0.1285071404900318,-0.7586083550277197,-0.6515469006005148,1.0,5.55,12.15
1647616649,1.0,0.1,1.7569888,17060.389,101.13,11486.282,23915.432,12225.286,13482.514,25177.36,22138.389,28237.723,100.0,199.82748,50.586296,0.12852882057254,-0.7589399295157581,-0.6511606433028767,1.0,5.666666666666667,12.033333333333333
1647616656,1.0,0.43630528,0.7671107,16229.32,4128.725,11564.962,24330.99,18454.836,8413.168,32600.24,34133.934,30483.074,100.0,65.0,51.66021,0.1285505006550482,-0.7592713073348805,-0.6507742172658513,1.0,5.783333333333333,11.916666666666666
1647616657,1.0,0.1,0.87064385,23043.248,101.13,9083.012,24423.814,16575.625,9270.702,28055.861,35529.29,31975.986,100.0,65.0,51.124695,0.12855359780969225,-0.7593186309637137,-0.6507189997774705,1.0,5.8,11.9
1647616662,1.0,0.1,1.0379827,20719.316,2616.6914,17378.453,24685.459,22617.586,7254.383,21200.496,29687.168,25667.172,100.0,65.0,57.575768,0.12856908358291239,-0.7595551888680604,-0.650442860721528,1.0,5.883333333333334,11.816666666666666
1647617001,1.0,0.20586002,1.0518742,36878.258,384.5664,13040.811,24252.25,30173.033,165.0,15862.26,33257.133,20174.678,100.0,85.218414,51.303,0.12961901900723805,-0.7753579849051185,-0.631521967348622,1.0,11.533333333333333,6.166666666666667
1647617004,1.0,0.1,1.6062294,22403.21,4075.7925,14646.652,24449.965,26105.943,165.0,8747.49,38634.42,28313.703,100.0,445.24994,52.262386,0.12962831047117013,-0.7754957431722342,-0.631352795449378,1.0,11.583333333333334,6.116666666666666
1647617005,1.0,0.231412,0.8124312,19524.188,101.13,16175.681,30954.82,15600.742,402.2754,4784.0967,27005.055,21604.596,100.0,290.85736,47.436977,0.12963140762581415,-0.7755416543925162,-0.6312963981380846,1.0,11.6,6.1
1647617015,1.0,0.1,0.76166093,26019.752,101.13,14113.086,27064.404,20921.572,165.0,3230.712,32591.963,26412.492,100.0,74.55365,58.158005,0.12966237917225445,-0.7760005409755583,-0.6307322414508718,1.0,11.766666666666667,5.933333333333334
1647617018,1.0,0.7198438,1.6852553,15469.845,4849.086,20548.691,44501.95,18304.816,842.2549,6321.218,28928.559,24674.484,100.0,256.10132,48.710785,0.12967167063618654,-0.7761381269359211,-0.6305629293864333,1.0,11.816666666666666,5.883333333333334
1647617023,1.0,0.24785,1.3565716,23247.137,7015.0967,17671.04,27414.648,13465.08,165.0,6731.172,34990.36,27179.367,100.0,109.9603,49.450138,0.12968715640940667,-0.776367354774544,-0.6302806759217494,1.0,11.9,5.8
1647617369,1.0,0.11290437,1.1600932,24502.166,101.13,13020.128,24442.234,19116.527,165.0,175.0,34212.48,25168.959,512.40424,143.68488,72.03381,0.13075877191624055,-0.7919789436540172,-0.6105484033298809,1.0,17.666666666666668,0.03333333333333333
1647617370,1.0,0.98157966,1.3707681,28244.21,5869.1323,18012.799,25352.568,20062.523,165.0,175.0,46696.69,35067.02,879.13574,575.2582,61.19828,0.13076186907088458,-0.7920233418926264,-0.6104908073814347,1.0,17.683333333333334,0.016666666666666666
1647617371,41.0,0.6000001,0.6000229,41386.004,36415.0,37489.008,38093.0,38320.0,38913.0,39704.004,40890.0,41085.996,400.0,384.0,33.406975,0.1307649662255286,-0.7920677359426219,-0.6104332082044103,0.0,0.0,0.0
1647617382,41.0,0.6000001,0.599997,42206.004,36208.996,37296.0,37885.0,38294.0,38989.0,39490.996,40502.0,41002.0,400.0,896.0,33.66912,0.13079903492661293,-0.7925557939769909,-0.6097994042580736,0.0,0.0,0.0
1647617391,41.0,0.6000001,0.599965,42009.0,36909.0,37709.0,38213.0,38614.0,39318.004,40091.0,40595.0,41399.0,400.0,640.0,32.739326,0.13082690931840918,-0.792954736972422,-0.6092805471316124,0.0,0.0,0.0
1647617394,41.0,0.6000001,0.599967,41604.0,36691.0,37580.0,38092.0,38581.0,39306.0,39908.0,40701.99,41004.996,400.0,512.0,33.23904,0.13083620078234126,-0.7930876424956413,-0.6091075367459392,0.0,0.0,0.0
1647617397,41.0,0.6000001,0.599964,42485.0,36929.996,38106.004,38676.0,38906.004,39699.0,40593.008,41301.0,42109.0,400.0,255.99997,32.92365,0.13084549224627334,-0.7932205102706867,-0.6089344973688972,0.0,0.0,0.0
1647617755,51.0,0.6000001,0.599993,55608.008,47470.004,48990.996,49707.996,50401.004,51706.004,52612.008,53288.99,55204.008,400.0,768.0,34.934784,0.13195427360883558,-0.8088032161497101,-0.5880793803100781,0.0,0.0,0.0
1647617757,51.0,0.6000001,0.600067,55491.996,47619.996,48893.99,49396.016,49913.0,51693.0,52686.996,53714.0,54807.01,400.0,1024.0,34.25485,0.13196046791812363,-0.8088887402734476,-0.5879617384310266,0.0,0.0,0.0
1647617759,51.0,0.6000001,0.600043,55701.0,48083.992,49393.004,50186.0,50692.01,51791.004,52596.004,53606.992,54407.996,400.0,384.0,34.377728,0.13196666222741169,-0.808974247285963,-0.5878440841142399,0.0,0.0,0.0
1647617762,51.0,0.6000001,0.59990793,55298.004,48690.992,50082.004,50611.004,51100.004,52201.0,53097.004,54283.016,54813.996,400.0,128.0,34.738174,0.13197595369134377,-0.8091024757172379,-0.5876675793237504,0.0,0.0,0.0
1647617774,51.0,0.6000001,0.600073,55887.996,48604.984,49914.996,50674.992,51095.004,52013.01,52600.99,53980.992,54208.008,400.0,896.0,34.873344,0.1320131195470721,-0.8096150042771018,-0.5869612805367902,0.0,0.0,0.0
1647617778,51.0,0.6000001,0.599965,54207.0,47896.0,49006.0,49818.0,50310.99,51397.0,51910.0,53189.0,53515.004,400.0,640.0,33.84525,0.13202550816564823,-0.8097857101369746,-0.586725748248665,0.0,0.0,0.0
1647617780,51.0,0.6000001,0.599985,54505.004,47821.992,48996.98,49797.008,50094.992,51013.996,51909.004,52903.0,53492.01,400.0,512.0,34.63168,0.13203170247493629,-0.8098710373725183,-0.5866079634859733,0.0,0.0,0.0
1647617790,51.0,0.6000001,0.6000459,55391.996,48388.008,49700.996,50389.996,50992.0,52386.984,53212.0,54597.992,55009.008,400.0,255.99997,34.066433,0.13206267402137656,-0.8102974165341236,-0.5860188535858937,0.0,0.0,0.0
1647617889,1.0,0.6000001,0.59998596,453.0,236.99902,277.99902,289.00195,295.00195,310.0,358.0,388.00195,399.99902,500.0,768.0,34.545666,0.1323692923311354,-0.8144954131543176,-0.5801699940108739,0.0,0.0,0.0
1647617894,1.0,0.6000001,0.600043,470.99902,251.00098,281.00098,290.99902,297.00195,310.0,333.99805,369.99902,383.99805,500.0,384.0,34.291714,0.13238477810435553,-0.8147063150693135,-0.5798737967749367,0.0,0.0,0.0
1647617902,1.0,0.6000001,0.59990793,444.99707,270.0,288.0,299.0,303.00098,313.99805,352.00098,382.00098,394.0,500.0,128.0,31.60064,0.13240955534150775,-0.8150435340759811,-0.5793997217473746,0.0,0.0,0.0
1647617903,4.570036,0.1,1.4984555,27074.328,101.13,17773.195,33547.66,4959.5635,20658.219,44730.98,15564.867,24909.234,100.0,65.0,66.12492,0.13241265249615178,-0.8150856670575567,-0.5793404485769468,1.0,0.016666666666666666,14.566666666666666
1647617915,1.0,0.13137662,1.1290524,26975.32,101.13,24010.062,27606.521,9341.844,20765.746,43617.945,17222.648,23926.205,100.0,65.0,67.947754,0.13244981835188013,-0.8155909265476738,-0.5786289316419522,1.0,0.21666666666666667,14.366666666666667
1647617916,1.0,0.29594332,1.0566715,21093.42,101.13,15383.162,29072.648,13891.154,17373.832,50451.46,16572.5,29419.44,100.0,65.0,69.460724,0.13245291550652416,-0.8156330034743638,-0.5785696186660586,1.0,0.23333333333333334,14.35
1647617928,1.0,0.6090475,0.9170464,20032.012,101.13,19487.805,31775.324,12077.449,22106.068,34899.39,11796.197,25746.75,100.0,65.0,64.35259,0.1324900813622525,-0.8161375900801602,-0.5778576243835054,1.0,0.43333333333333335,14.15
1647618320,1.0,0.22268993,1.5054832,25388.922,2762.6118,5383.147,28231.111,22537.777,165.0,17206.498,28807.639,25103.963,100.0,124.59808,57.053516,0.13370416598271168,-0.8322767767222774,-0.554360322289372,1.0,6.966666666666667,7.616666666666666
1647618322,1.0,0.1,1.3907722,34748.04,101.13,15052.699,19148.479,20844.398,11250.401,6499.8853,27814.309,27803.625,100.0,321.7506,55.13597,0.13371036029199973,-0.8323573963595599,-0.5542392666759859,1.0,7.0,7.583333333333333
1647618328,1.0,0.15667659,0.6569468,27125.379,101.13,10857.382,21575.496,15252.834,4021.293,8448.996,22005.418,25041.025,100.0,140.01532,57.65763,0.13372894321986392,-0.8325991496185203,-0.5538760294998483,1.0,7.1,7.483333333333333
1647618336,1.0,0.1,0.92988026,21829.688,6996.5654,13427.6875,21355.574,18731.275,165.0,12471.162,21932.9,24090.633,100.0,234.7109,49.442196,0.13375372045701614,-0.8329212407100994,-0.5533915492433441,1.0,7.233333333333333,7.35
1647618339,1.0,0.68457824,0.96711636,18727.531,101.13,10604.119,19812.314,20992.25,165.0,7081.2573,28743.336,22820.594,100.0,215.81885,67.46373,0.13376301192094822,-0.8330419521944228,-0.5532098208492913,1.0,7.283333333333333,7.3
1647618351,1.0,0.17885786,0.40299582,17679.613,4217.752,17810.297,18538.48,27633.713,10514.245,14402.121,26983.512,23569.27,100.0,146.5167,56.226395,0.13380017777667658,-0.8335244015757156,-0.5524826440512364,1.0,7.483333333333333,7.1
1647618352,1.0,0.44246915,1.2919118,30271.615,2304.4497,15016.4,33359.953,13040.943,165.0,12339.792,31960.72,25448.674,100.0,65.0,50.269814,0.1338032749313206,-0.8335645770432966,-0.5524220269853748,1.0,7.5,7.083333333333333
1647618361,1.0,0.1,0.76757467,18593.277,6130.3906,11882.378,34338.555,22588.059,5273.0425,12888.126,30175.785,23519.016,100.0,109.64755,40.318302,0.13383114932311685,-0.8339259578523696,-0.5518763419644005,1.0,7.65,6.933333333333334
1647618756,1.0,0.1,1.1734998,26271.523,1034.2334,14656.436,26259.512,31234.623,165.0,175.0,31825.996,21876.836,280.26965,367.7824,45.52447,0.13505452540750812,-0.8494325137479078,-0.5276972660417243,1.0,14.233333333333333,0.35
1647618759,1.0,0.32106143,1.5485177,20283.062,7316.842,16849.887,30187.342,22952.643,165.0,175.0,42559.07,33286.375,450.07538,407.4812,56.230885,0.1350638168714402,-0.8495476192163269,-0.5275119360582003,1.0,14.283333333333333,0.3
1647618767,1.0,0.6407722,1.1606635,23347.352,4924.7983,11413.893,18866.582,23061.121,165.0,175.0,40176.555,28938.773,282.2345,364.09503,58.191833,0.13508859410859245,-0.8498543694327209,-0.5270176000439761,1.0,14.416666666666666,0.16666666666666666
1647618775,1.0,0.6167818,1.9239987,20505.21,2039.5015,14517.792,20670.234,20698.016,165.0,175.0,45725.195,20444.365,627.6586,680.8628,57.830673,0.13511337134574467,-0.8501608320041834,-0.5265230856533782,1.0,14.55,0.03333333333333333
1647618777,21.0,0.6000001,0.60007197,21496.0,18083.0,18477.0,18708.0,18902.0,19292.0,19605.998,19970.998,20194.0,500.0,896.0,33.009663,0.13511956565503272,-0.8502374026903714,-0.5263994292040325,0.0,0.0,0.0
1647618787,21.0,0.6000001,0.60001993,21014.0,17813.998,18380.0,18676.0,18787.0,19194.002,19502.0,19880.0,20219.002,500.0,512.0,32.98099,0.13515053720147302,-0.8506199863002569,-0.5257809799779284,0.0,0.0,0.0
1647618791,21.0,0.6000001,0.600025,20708.0,18010.0,18487.0,18703.0,18895.0,19392.0,19616.0,19985.0,20087.0,500.0,640.0,31.432705,0.13516292582004913,-0.8507728937975078,-0.5255335224126189,0.0,0.0,0.0
1647618801,21.0,0.6000001,0.59993696,21291.0,18087.0,18486.0,18702.0,18885.0,19289.0,19622.0,20085.0,20304.0,500.0,255.99997,32.915455,0.1351938973664894,-0.8511548475606635,-0.5249146839953933,0.0,0.0,0.0
1647619199,31.0,0.6000001,0.599969,32490.006,26896.004,27409.0,27788.0,27984.0,28705.004,29304.996,30007.996,30485.996,500.0,1024.0,32.968704,0.13642656491481275,-0.8659890404684012,-0.5000629778224117,0.0,0.0,0.0
1647619207,31.0,0.6000001,0.60000795,31195.998,27201.0,27717.004,28191.998,28386.998,29008.002,29500.0,29912.0,30497.0,500.0,768.0,33.1776,0.136451342151965,-0.8662798187467008,-0.49955908122281517,0.0,0.0,0.0
1647619214,31.0,0.6000001,0.600006,32207.0,27121.0,27786.998,28201.0,28404.002,28912.0,29381.998,30085.0,30383.998,500.0,384.0,32.997375,0.1364730222344732,-0.866534009224381,-0.4991180329917167,0.0,0.0,0.0
1647619220,31.0,0.6000001,0.59993696,31300.002,26891.0,27493.0,27808.0,28002.996,28795.002,29099.998,30181.998,30579.0,500.0,896.0,33.091583,0.13649160516233735,-0.8667517080553431,-0.4987398887026636,0.0,0.0,0.0
1647619223,31.0,0.6000001,0.599972,30887.002,27087.998,27694.0,28088.0,28398.998,29286.998,29824.0,30397.002,30610.998,500.0,128.0,33.234943,0.13650089662626944,-0.8668604955919296,-0.4985507809462484,0.0,0.0,0.0
1647619235,31.0,0.6000001,0.59991294,30993.0,27077.998,27718.0,28197.002,28388.998,28989.0,29490.998,30184.002,30416.002,500.0,512.0,33.345535,0.1365380624819978,-0.8672952330915158,-0.4977941127180326,0.0,0.0,0.0
1647619239,31.0,0.6000001,0.599856,31962.998,27096.998,27788.0,28170.996,28491.002,29103.0,29690.002,30396.002,30709.0,500.0,640.0,32.251904,0.1365504511005739,-0.8674399988337016,-0.49754180570419176,0.0,0.0,0.0
1647619247,31.0,0.6000001,0.599977,31903.0,26998.002,27698.998,28082.002,28275.998,28792.998,29206.002,29798.0,30404.998,500.0,255.99997,32.93184,0.13657522833772612,-0.8677293101080535,-0.49703706539794534,0.0,0.0,0.0
1647619651,41.0,0.6000001,0.59992504,41815.0,36257.008,37003.996,37509.0,37895.0,38902.0,39489.0,40217.992,40503.992,500.0,1024.0,33.787903,0.13782647881391366,-0.8819555429543925,-0.4713326004553714,0.0,0.0,0.0
1647619662,41.0,0.6000001,0.59998596,42307.004,36588.0,37410.996,38102.008,38390.004,39303.996,40002.004,40707.0,41199.0,500.0,768.0,34.095104,0.13786054751499796,-0.8823322997424768,-0.4706269359388091,0.0,0.0,0.0
1647619668,41.0,0.6000001,0.599963,42502.0,36214.992,37210.008,37702.008,38010.0,39184.004,40003.0,40988.0,41685.0,500.0,384.0,33.857536,0.13787913044286215,-0.8825375654836711,-0.4702419010574822,0.0,0.0,0.0
1647619677,41.0,0.6000001,0.600033,41878.0,36400.0,37197.008,37789.0,38099.0,38907.0,39508.004,40315.0,40796.996,500.0,128.0,33.59539,0.1379070048346584,-0.8828451490407057,-0.46966418089449224,0.0,0.0,0.0
1647619681,1.0,0.8700705,1.1683023,24121.184,101.13,22873.283,23432.953,4049.8076,8391.889,22678.17,9406.35,11740.93,100.0,65.0,59.763367,0.1379193934532345,-0.8829817314596439,-0.46940735178363946,1.0,0.06666666666666667,10.316666666666666
1647619692,1.0,0.7714354,1.3067518,30721.775,101.13,20223.332,36213.805,15106.928,22901.14,21787.148,13778.368,21689.883,100.0,65.0,60.82622,0.13795346215431883,-0.8833569478311816,-0.4687008669912817,1.0,0.25,10.133333333333333
1647619697,1.0,0.69321144,1.0896574,24184.922,101.13,20591.83,28233.766,8109.6045,20330.14,17562.248,10142.037,25442.082,100.0,65.0,39.59007,0.13796894792753897,-0.8835273138765452,-0.46837963836411256,1.0,0.3333333333333333,10.05
1647619706,1.0,0.90892017,0.8578129,26890.176,1273.022,22830.527,37965.633,16353.552,22495.504,33122.617,11426.076,23176.688,100.0,65.0,44.83649,0.13799682231933522,-0.8838336783735956,-0.46780127081122763,1.0,0.48333333333333334,9.9
1647620113,1.0,0.117935956,1.4633403,34341.23,101.13,10592.006,16446.5,21436.441,165.0,175.0,25998.582,22458.422,100.0,400.46695,59.631073,0.13925736425945484,-0.8972904745133847,-0.44144060115438516,1.0,7.266666666666667,3.1166666666666667
1647620132,1.0,0.1,1.7735204,38474.746,3755.3726,14120.825,24921.148,17003.223,2192.8594,175.0,34728.62,31795.79,100.0,363.77954,45.957462,0.1393162101976914,-0.8978995646516512,-0.4402003768721413,1.0,7.583333333333333,2.8
1647620134,1.0,0.10859454,1.3825579,36339.008,3167.025,12151.949,21700.305,18628.934,165.0,175.0,36657.08,22969.191,100.0,242.33066,46.2683,0.13932240450697944,-0.8979635797038885,-0.4400697780186436,1.0,7.616666666666666,2.7666666666666666
1647620139,1.0,0.1,1.3451507,17481.857,2973.961,15593.37,16501.367,24363.8,5959.6987,175.0,30821.459,27102.318,100.0,586.78217,52.132698,0.13933789028019958,-0.8981235342261628,-0.43974324016306,1.0,7.7,2.683333333333333
1647620147,1.0,0.20736927,1.260691,22674.436,101.13,13317.475,19784.824,22128.588,165.0,175.0,23198.656,31239.336,174.68674,461.09143,62.127266,0.1393626675173518,-0.8983792144673917,-0.43922065868188886,1.0,7.833333333333333,2.55
1647620158,1.0,0.1,1.4888413,31824.775,1821.5586,17469.455,15951.995,21085.535,165.0,175.0,36651.17,31255.59,100.0,458.68707,59.167168,0.13939673621843612,-0.8987302782940426,-0.43850186644701156,1.0,8.016666666666667,2.3666666666666667
1647620162,10.370235,0.1,1.039766,31037.393,101.13,16016.958,16263.111,30874.424,165.0,946.1543,36566.992,34868.047,141.09131,471.40106,61.30158,0.13940912483701223,-0.8988577952912135,-0.4382404178578454,1.0,8.083333333333334,2.3
1647620174,11.540058,0.1,1.5183167,31996.236,101.13,17974.781,16294.744,19016.354,165.0,175.0,34091.926,35242.74,100.0,305.34418,63.104607,0.1394462906927406,-0.8992398898933636,-0.43745584968608126,1.0,8.283333333333333,2.1
1647620269,1.0,0.1,1.5004091,22676.137,6145.5703,15875.676,16922.422,26100.312,165.0,175.0,34798.555,21123.953,249.18279,708.6795,49.793236,0.1397405203839233,-0.9022406114459345,-0.4312329753829899,1.0,9.866666666666667,0.5166666666666667
1647620288,1.0,0.4873194,1.3377409,12212.791,3433.5771,7434.142,17601.98,16735.117,165.0,175.0,30440.002,23157.768,239.13324,518.6631,61.943398,0.13979936632215983,-0.9028355927930364,-0.42998592114864237,1.0,10.183333333333334,0.2
1647620292,1.0,0.18665206,1.3643576,28538.111,3966.3306,9259.445,19852.082,10825.851,165.0,175.0,25510.406,20314.957,242.86685,263.7179,48.476437,0.13981175494073594,-0.9029606324284813,-0.42972327873220567,1.0,10.25,0.13333333333333333
1647620295,1.0,0.7778269,1.7983862,24216.04,1733.602,17251.041,12784.793,22935.145,165.0,175.0,34760.78,18923.736,492.21567,772.207,49.141632,0.13982104640466803,-0.9030543620149469,-0.4295262730564652,1.0,10.3,0.08333333333333333
1647620300,1.0,0.6000001,0.599921,419.99902,222.0,268.0,285.00098,290.99902,309.0,360.00098,389.0,405.0,600.0,896.0,34.74227,0.13983653217788816,-0.9032104824741843,-0.42919788483722876,0.0,0.0,0.0
1647620322,1.0,0.6000001,0.57796896,456.0,233.99902,279.00195,295.99902,304.00098,349.99902,377.0,397.0,401.0,600.0,640.0,33.849342,0.1399046695800568,-0.9038959935594076,-0.4277523031232577,0.0,0.0,0.0
1647620323,1.0,0.6000001,0.60002697,474.99805,260.0,292.00098,302.99902,309.0,354.0,379.00293,396.0,406.99805,600.0,512.0,34.676735,0.13990776673470082,-0.9039270981945564,-0.4276865688206361,0.0,0.0,0.0
1647620362,1.0,0.6000001,0.599946,458.0,297.0,309.00098,322.0,349.0,380.0,402.00098,419.0,443.0,600.0,255.99997,34.004993,0.14002855576581794,-0.9051364486185122,-0.4251211702353429,0.0,0.0,0.0
1647620775,10.999998,0.6000001,0.60000694,11597.0,9097.0,9391.0,9501.0,9606.0,9894.0,10201.0,10407.0,10905.0,600.0,1024.0,32.28877,0.14130768063380172,-0.9174944964474913,-0.3977484745270113,0.0,0.0,0.0
1647620793,10.999998,0.6000001,0.599947,10814.0,9086.0,9297.0,9485.0,9598.0,9896.0,10169.0,10491.0,10599.0,600.0,384.0,33.27181,0.14136342941739424,-0.9180143617835452,-0.39654713661701063,0.0,0.0,0.0
1647620797,10.999998,0.6000001,0.60003793,11393.0,9011.0,9291.0,9407.0,9513.0,9839.0,10108.0,10709.0,11180.0,600.0,768.0,32.940033,0.14137581803597035,-0.918129673828812,-0.39628008029044204,0.0,0.0,0.0
1647620798,10.999998,0.6000001,0.59998393,10892.0,9008.0,9295.0,9421.0,9587.0,9804.0,10187.0,10487.0,10592.0,600.0,128.0,32.739326,0.14137891519061438,-0.9181584897016952,-0.39621331096860185,0.0,0.0,0.0
1647620804,10.999998,0.6000001,0.600015,11394.0,9006.0,9293.0,9477.0,9595.0,9878.0,10122.0,10595.0,10717.0,600.0,896.0,33.542145,0.14139749811847854,-0.9183312829644171,-0.3958126510470928,0.0,0.0,0.0
1647620827,10.999998,0.6000001,0.6000459,11208.0,9083.0,9308.0,9492.0,9600.0,9820.0,10108.0,10490.0,10690.0,600.0,640.0,32.038914,0.1414687326752912,-0.9189920371773379,-0.3942760905820266,0.0,0.0,0.0
1647620829,10.999998,0.6000001,0.60008,11694.0,9093.0,9308.0,9487.0,9586.0,9807.0,10100.0,10613.0,10996.0,600.0,512.0,33.685505,0.14147492698457928,-0.9190493725898172,-0.394142424438506,0.0,0.0,0.0
1647620868,10.999998,0.6000001,0.599977,10794.0,9097.0,9378.0,9494.0,9584.0,9803.0,10087.0,10304.0,10594.0,600.0,255.99997,32.673794,0.14159571601569637,-0.9201635257593654,-0.39153427163160764,0.0,0.0,0.0
1647621791,31.0,0.6000001,0.600063,31388.998,27117.002,27796.002,28217.0,28503.998,29303.004,29810.998,30508.998,30941.998,600.0,1024.0,33.9968,0.1444543897521347,-0.9443524518828964,-0.3289353228565789,0.0,0.0,0.0
1647621796,31.0,0.6000001,0.600034,31660.0,27489.0,28085.998,28412.0,28609.0,29294.0,29802.002,30300.998,30748.002,600.0,384.0,33.460224,0.14446987552535487,-0.94447199371124,-0.32859192487813105,0.0,0.0,0.0
1647621800,31.0,0.6000001,0.59993494,33551.0,27603.002,28186.004,28600.0,28990.0,29897.0,30697.998,31260.996,31994.002,600.0,128.0,34.152447,0.14448226414393098,-0.9445675372676046,-0.3283171752135614,0.0,0.0,0.0
1647621801,31.0,0.6000001,0.6000229,32943.0,27606.998,28297.002,28798.002,29082.0,29803.002,30310.0,30986.0,31686.998,600.0,512.0,34.32448,0.144485361298575,-0.9445914106686555,-0.32824848345574953,0.0,0.0,0.0
1647621802,1.0,0.23137933,0.86979437,7832.861,101.13,24121.309,29204.104,153.0,14762.426,48883.945,14628.206,15776.041,100.0,65.0,71.95414,0.14448845845321903,-0.9446152790742374,-0.3281797899619974,1.0,0.016666666666666666,18.85
1647621804,1.0,0.3474145,1.3624467,7679.0596,101.13,17553.021,39962.74,7293.3022,18035.453,56559.85,21753.77,16808.15,100.0,65.0,61.436634,0.1444946527625071,-0.9446630008984905,-0.32804239776812144,1.0,0.05,18.816666666666666
1647621805,1.0,0.23789954,0.7813015,2747.9902,101.13,20640.59,24509.725,11206.073,12534.141,39594.02,24255.344,16081.015,100.0,65.0,51.93777,0.1444977499171511,-0.944686854316909,-0.32797369906872587,1.0,0.06666666666666667,18.8
1647621806,1.0,0.45147094,0.9001944,7864.5264,101.13,26075.166,34948.58,16651.535,16526.578,56621.195,22749.055,18745.486,100.0,65.0,66.18863,0.14450084707179514,-0.9447107027393542,-0.32790499863484157,1.0,0.08333333333333333,18.783333333333335
1647622341,1.0,0.9364098,1.5463638,12734.761,2533.0117,9086.981,25108.445,21284.742,165.0,21533.283,29353.453,22648.848,100.0,196.0824,51.21247,0.1461578248063504,-0.9567501399073718,-0.290910931020518,1.0,9.0,9.866666666666667
1647622346,1.0,0.23707795,1.1820245,15665.453,874.5078,18576.547,18919.076,20648.074,7797.54,13758.83,32561.996,29116.234,100.0,665.61487,59.08886,0.14617331057957056,-0.9568558548574224,-0.2905630276292417,1.0,9.083333333333334,9.783333333333333
1647622353,1.0,0.1,1.2131518,29118.295,1661.6187,11539.852,25063.547,17755.426,3281.163,12297.159,33004.938,29331.693,100.0,252.75241,63.634357,0.14619499066207875,-0.9570036432505418,-0.29007589835281017,1.0,9.2,9.666666666666666
1647622358,1.0,0.1,0.3778955,34095.016,101.13,13644.783,21650.102,15162.916,165.0,17588.96,31489.895,21529.98,100.0,65.0,57.750824,0.1462104764352989,-0.9571090545573948,-0.28972790284031996,1.0,9.283333333333333,9.583333333333334
1647622359,1.0,0.1,1.145628,21290.154,6466.4497,14082.816,23763.402,21603.684,165.0,16388.357,27421.63,27702.162,100.0,65.0,50.78663,0.1462135735899429,-0.9571301216342069,-0.28965829913967306,1.0,9.3,9.566666666666666
1647622364,1.0,0.283549,0.59220576,11224.973,4375.9937,14523.453,22949.617,19613.219,675.45215,21715.688,38729.754,23679.033,100.0,201.4939,53.437847,0.14622905936316305,-0.9572353810893433,-0.2893102576659526,1.0,9.383333333333333,9.483333333333333
1647622365,1.0,0.2182796,0.8129889,24424.54,1540.1875,19811.266,27098.67,20279.473,165.0,24208.787,25105.777,18659.217,100.0,80.62015,55.409534,0.14623215651780708,-0.9572564177938069,-0.28924064477968625,1.0,9.4,9.466666666666667
1647622894,1.0,0.1960401,1.9239987,34335.66,5986.382,18120.688,33864.53,17773.428,165.0,175.0,33698.78,33627.6,278.02368,370.09393,53.036552,0.1478705513244982,-0.9676724982446072,-0.252210103170037,1.0,18.216666666666665,0.65
1647622903,1.0,0.1,1.7758105,36880.375,101.13,17884.783,31939.195,17540.633,165.0,175.0,25957.121,28192.965,358.46884,283.4256,65.344795,0.14789842571629444,-0.9678373620992603,-0.2515767090267802,1.0,18.366666666666667,0.5
1647622917,1.0,0.1,1.5776153,24203.838,5042.354,12491.843,27485.637,19377.629,165.0,1051.0791,34367.4,17479.744,602.5645,278.84338,56.416817,0.14794178588131085,-0.9680929928951865,-0.2505912151437884,1.0,18.6,0.26666666666666666
1647622923,1.0,0.5941516,0.9531317,26678.316,5702.7734,9190.154,18282.25,18102.32,165.0,175.0,35365.562,16498.57,477.16608,464.04532,62.464603,0.147960368809175,-0.9682022417806174,-0.25016878104788964,1.0,18.7,0.16666666666666666
1647622928,1.0,1.093271,1.8916203,29764.07,8770.054,26686.484,30134.068,20998.836,165.0,175.0,41227.016,16908.422,912.1466,749.00146,55.948917,0.14797585458239515,-0.968293141710161,-0.24981671624826496,1.0,18.783333333333335,0.08333333333333333
1647622933,51.0,0.6000001,0.600021,55784.004,47324.996,48478.996,49098.996,49494.004,51004.996,51898.0,52792.99,53479.996,600.0,255.99997,35.815426,0.1479913403556153,-0.9683839136193247,-0.2494646184197676,0.0,0.0,0.0
1647622936,51.0,0.6000001,0.600039,55851.01,47496.0,48590.0,49302.996,49801.0,50898.99,51798.992,52801.996,53815.004,600.0,640.0,35.332096,0.14800063181954737,-0.9684383153100475,-0.24925334388817544,0.0,0.0,0.0
1647623081,1.0,0.6000001,0.581789,459.0,245.00098,279.00195,295.0,302.00098,341.0,373.00098,398.99902,405.0,700.0,1024.0,31.81773,0.14844971924293152,-0.9710127275889701,-0.23902778679523562,0.0,0.0,0.0
1647623095,1.0,0.6000001,0.5999011,405.99805,230.00098,267.00098,284.00098,290.0,313.99805,360.99902,382.00098,399.0,700.0,128.0,34.668545,0.14849307940794793,-0.9712555805741179,-0.2380390665492393,0.0,0.0,0.0
1647623098,1.0,0.6000001,0.59993494,419.0,270.0,292.00098,302.00098,307.00098,345.00098,377.0,395.0,404.00098,700.0,384.0,34.37363,0.14850237087188,-0.9713074895277823,-0.2378271657890178,0.0,0.0,0.0
1647623102,1.0,0.6000001,0.59995294,454.99707,228.00098,268.99902,285.00098,290.0,309.0,352.99902,379.99805,399.99902,700.0,768.0,32.079872,0.14851475949045612,-0.9713766295509824,-0.23754461383532466,0.0,0.0,0.0
1647623112,1.0,0.6000001,0.599874,394.99805,226.99805,272.00098,286.99902,295.00195,320.99902,363.00098,379.99805,387.0,700.0,896.0,33.47251,0.14854573103689642,-0.971549119997646,-0.2368381460656191,0.0,0.0,0.0
1647623113,1.0,0.6000001,0.5998759,405.99805,231.0,272.00098,286.0,290.99902,310.0,342.0,376.0,392.0,700.0,255.99997,34.975742,0.14854882819154044,-0.9715663407846269,-0.23676749239363537,0.0,0.0,0.0
1647623115,1.0,0.6000001,0.599888,450.99902,249.00098,283.0,295.0,302.00098,329.00098,372.00098,388.00195,399.0,700.0,512.0,35.037186,0.1485550225008285,-0.9716007669441207,-0.2366261812936101,0.0,0.0,0.0
1647623135,1.0,0.6000001,0.599956,458.0,272.00098,294.0,303.99902,309.0,362.00098,388.99805,405.00098,415.00098,700.0,640.0,34.51699,0.14861696559370907,-0.9719438979914394,-0.23521279547934135,0.0,0.0,0.0
1647623667,10.999998,0.6000001,0.599997,11287.0,9015.0,9300.0,9477.0,9584.0,9895.0,10154.0,10495.0,10638.0,700.0,1024.0,33.468414,0.15026465186433224,-0.9803142734349095,-0.19744347368243242,0.0,0.0,0.0
1647623681,10.999998,0.6000001,0.60001695,10798.0,9005.0,9206.0,9393.0,9497.0,9792.0,10003.0,10286.0,10495.0,700.0,384.0,33.366016,0.15030801202934863,-0.9805147842544097,-0.1964453050050529,0.0,0.0,0.0
1647623683,10.999998,0.6000001,0.6000319,11180.0,9084.0,9304.0,9496.0,9594.0,9891.0,10109.0,10685.0,10985.0,700.0,128.0,33.173504,0.1503142063386367,-0.9805433456948471,-0.1963026928331741,0.0,0.0,0.0
1647623689,10.999998,0.6000001,0.600009,11502.0,9081.0,9295.0,9481.0,9583.0,9890.0,10207.0,10494.0,10721.0,700.0,768.0,32.997375,0.15033278926650087,-0.9806289055593351,-0.19587483141409626,0.0,0.0,0.0
1647623703,10.999998,0.6000001,0.600003,11087.0,9101.0,9384.0,9506.0,9601.0,9882.0,10086.0,10307.0,10599.0,700.0,255.99997,34.16064,0.15037614943151725,-0.9808278191676578,-0.1948763432200437,0.0,0.0,0.0
1647623705,10.999998,0.6000001,0.6000229,11285.0,9104.0,9397.0,9575.0,9660.0,9921.0,10204.0,10499.0,10802.0,700.0,896.0,33.0752,0.15038234374080534,-0.9808561524085435,-0.19473368553567738,0.0,0.0,0.0
1647623728,1.0,0.1,0.8443427,218.0,101.13,17924.715,21358.754,153.0,19160.072,33883.773,12062.948,14555.127,100.0,65.0,66.31884,0.150453578297618,-0.9811804931926033,-0.19309282684325674,1.0,0.38333333333333336,40.266666666666666
1647624266,1.0,0.5555593,1.3268014,218.0,101.13,18708.824,21467.697,9744.907,16688.744,28725.965,19596.629,19348.842,100.0,65.0,73.23541,0.15211984749610533,-0.9879823570332307,-0.15456669172581072,1.0,9.35,31.3
1647624281,1.0,0.38562053,1.040119,218.0,5859.8633,18638.879,33670.04,12469.358,12283.9795,28709.898,36251.043,18359.623,100.0,65.0,54.149757,0.15216630481576576,-0.988150375299204,-0.1534888784115718,1.0,9.6,31.05
1647624291,1.0,0.2420497,0.9190141,4563.9385,101.13,25028.305,13235.429,14939.466,12722.145,27556.871,32289.125,16662.291,100.0,65.0,58.71659,0.15219727636220604,-0.9882617342600969,-0.15277023465723183,1.0,9.766666666666667,30.883333333333333
1647624293,1.0,0.1,0.44291002,218.0,101.13,16693.559,22361.25,7216.2793,15847.9375,30762.564,23114.242,21173.818,100.0,65.0,62.69655,0.1522034706714941,-0.9882839433371288,-0.15262649619910304,1.0,9.8,30.85
1647624315,1.0,0.31226116,1.0081979,218.0,395.90137,27342.87,14862.124,4103.948,17514.146,41365.03,25796.18,18488.912,100.0,65.0,57.153877,0.15227160807366272,-0.9885268632757933,-0.15104516073718147,1.0,10.166666666666666,30.483333333333334
1647624316,1.0,0.7151288,0.9696151,218.0,4005.1313,16254.475,24411.072,14212.124,13081.212,48535.12,27338.234,16357.855,100.0,65.0,54.959694,0.15227470522830674,-0.9885378449759317,-0.1509732726357245,1.0,10.183333333333334,30.466666666666665
1647624338,1.0,0.82561797,0.6400988,218.0,750.6279,24305.283,21752.93,7479.71,16536.648,27109.129,30436.115,23527.611,231.71774,65.0,73.23541,0.15234284263047537,-0.9887781196229525,-0.14939153307633726,1.0,10.55,30.1
1647625479,1.0,0.26900482,0.9466765,19689.912,5392.5674,8616.795,32994.51,21150.62,165.0,8971.592,14511.043,4744.01,100.0,425.72903,41.623043,0.15587669607931193,-0.9977578784155423,-0.06692694569241851,1.0,29.566666666666666,11.083333333333334
1647625484,1.0,0.44851616,1.3555835,25031.217,3125.4194,8533.219,25220.045,15653.635,165.0,1884.6904,20256.201,15857.626,100.0,482.5104,61.80342,0.1558921818525321,-0.997782147781194,-0.06656414627370805,1.0,29.65,11.0
1647625485,1.0,0.48760703,1.3856244,30464.283,5570.618,18050.992,22093.32,10939.338,165.0,607.04395,33647.71,15713.077,311.523,305.13318,51.880997,0.15589527900717612,-0.9977869858241235,-0.0664915853323587,1.0,29.666666666666668,10.983333333333333
1647625486,1.0,0.69656634,0.61693794,33691.438,1430.3813,15123.438,22306.895,19721.426,165.0,5927.708,26314.14,16045.471,318.38397,619.0399,66.120995,0.15589837616182015,-0.9977918185902598,-0.06641902403936795,1.0,29.683333333333334,10.966666666666667
1647625488,1.0,0.8953496,0.77811277,13188.206,4243.1235,10183.181,26565.82,18768.79,165.0,175.0,20106.766,15976.63,100.0,474.91644,47.4675,0.1559045704711082,-0.9978014682920501,-0.06627390039999975,1.0,29.716666666666665,10.933333333333334
1647625490,1.0,0.5959752,0.788229,16113.109,1308.79,13719.775,25585.914,19858.387,165.0,1200.7959,19476.451,11320.521,131.44733,404.88538,53.64465,0.15591076478039625,-0.9978110968863604,-0.06612877535867608,1.0,29.75,10.9
1647626133,1.0,0.1,1.006952,33828.78,8217.634,14262.938,28354.055,18183.744,165.0,175.0,24882.629,20582.547,807.5526,365.91605,62.303383,0.1579022352165066,-0.9998115000956044,-0.01941556789221533,1.0,40.46666666666667,0.18333333333333332
1647626134,1.0,0.7410414,0.827798,20669.193,12725.05,28455.785,29219.332,8325.06,165.0,175.0,31543.824,18611.938,941.7601,921.2632,69.67785,0.15790533237115062,-0.9998129093917942,-0.019342859496872918,1.0,40.483333333333334,0.16666666666666666
1647626144,51.0,0.6000001,0.600054,54507.004,47109.004,48298.0,49081.992,49407.004,50720.996,51613.0,52789.004,53401.008,700.0,128.0,36.13491,0.15793630391759092,-0.9998267115395677,-0.018615769980693125,0.0,0.0,0.0
1647626145,51.0,0.6000001,0.600022,53101.0,47184.996,48205.008,48914.01,49284.008,50400.992,51009.99,51976.99,52295.996,700.0,768.0,35.684353,0.15793940107223495,-0.9998280626727719,-0.018543060481258155,0.0,0.0,0.0
1647626146,51.0,0.6000001,0.60003,54701.004,47288.996,48338.992,49092.0,49491.004,50697.004,51699.004,52510.0,53811.996,700.0,255.99997,36.466686,0.15794249822687897,-0.9998294085183886,-0.018470350883758268,0.0,0.0,0.0
1647626147,51.0,0.6000001,0.60000694,55295.008,46996.0,48103.0,48904.008,49383.008,50489.004,51793.996,52977.004,53113.008,700.0,640.0,35.88096,0.157945595381523,-0.9998307490764106,-0.018397641188578874,0.0,0.0,0.0
1647626151,51.0,0.6000001,0.600026,56803.996,47288.004,48214.992,48997.0,49418.0,50591.0,51699.004,52801.996,53114.02,700.0,512.0,37.527554,0.1579579840000991,-0.9998360584324101,-0.01810680143874611,0.0,0.0,0.0
1647626152,51.0,0.6000001,0.599963,55196.996,47584.004,48509.0,49209.0,49698.996,51120.008,52010.0,53383.992,53811.996,700.0,896.0,36.21683,0.15796108115474314,-0.9998373725523528,-0.01803409126093175,0.0,0.0,0.0
1647626340,1.0,0.6000001,0.59994304,468.99805,236.0,277.0,290.99902,297.99805,320.00195,360.99902,392.99805,402.00098,800.0,1024.0,32.833534,0.15854334622782051,-0.9999904807207345,-0.004363309284746483,0.0,0.0,0.0
1647626354,1.0,0.6000001,0.599939,454.00195,230.00098,268.99902,285.00098,294.0,310.0,362.0,385.99805,399.0,800.0,512.0,32.735233,0.1585867063928369,-0.9999944047755279,-0.003345208160578437,0.0,0.0,0.0
1647626355,1.0,0.6000001,0.6000041,419.99902,246.99902,281.00098,290.99902,299.0,318.0,356.0,379.0,394.0,800.0,768.0,34.95936,0.15858980354748092,-0.9999946454016965,-0.0032724865065272717,0.0,0.0,0.0
1647626356,1.0,0.6000001,0.58371794,451.99902,230.00098,268.99902,285.00098,292.99902,310.99902,349.99902,374.00195,386.0,800.0,896.0,33.01376,0.15859290070212495,-0.9999948807393964,-0.0031997648351686837,0.0,0.0,0.0
1647626366,1.0,0.6000001,0.59997493,458.0,272.99902,293.0,302.99902,310.99902,352.0,380.0,399.99805,422.99902,800.0,128.0,35.250175,0.15862387224856525,-0.9999969432503657,-0.002472547254336426,0.0,0.0,0.0
1647626369,1.0,0.6000001,0.59998894,464.0,272.00098,290.00098,301.00098,307.00098,351.0,377.99902,397.99902,407.99707,800.0,640.0,34.471935,0.15863316371249733,-0.9999974588783296,-0.002254381707604634,0.0,0.0,0.0
1647626993,10.999998,0.6000001,0.5998889,10284.0,8812.0,9072.0,9205.0,9297.0,9498.0,9615.0,9904.0,9995.0,800.0,1024.0,33.59539,0.16056578821037112,-0.9990702967755926,0.04311081187740989,0.0,0.0,0.0
1647626998,10.999998,0.6000001,0.6000229,10888.0,8906.0,9119.0,9298.0,9401.0,9681.0,9813.0,10081.0,10215.0,800.0,384.0,33.12845,0.1605812739835913,-0.9990545551976355,0.043474081230712926,0.0,0.0,0.0
1647627017,10.999998,0.6000001,0.599947,10997.0,8999.0,9197.0,9307.0,9407.0,9685.0,9810.0,10088.0,10110.0,800.0,768.0,33.427456,0.1606401199218278,-0.9989935325820524,0.044854451944393935,0.0,0.0,0.0
1647627019,10.999998,0.6000001,0.60003,11002.0,9007.0,9213.0,9397.0,9501.0,9699.0,9899.0,10199.0,10387.0,800.0,512.0,33.087486,0.16064631423111586,-0.9989869982001386,0.044999749189036965,0.0,0.0,0.0
1647627022,1.0,0.1,1.002285,2982.8447,101.13,23591.156,22699.387,153.0,23449.697,37511.234,10503.358,17049.32,191.94565,65.0,64.61865,0.16065560569504797,-0.9989771570037643,0.04521769327018371,1.0,0.05,23.416666666666668
1647627029,1.0,0.1,1.5802412,1805.3721,101.13,14617.638,28048.264,153.0,25285.998,37755.758,27394.152,18499.008,100.0,65.0,66.92915,0.16067728577755616,-0.9989540093049739,0.045726221071919454,1.0,0.16666666666666666,23.3
1647627035,1.0,0.48966926,0.89484334,218.0,101.13,17744.453,30211.285,8203.923,22753.365,59231.35,24919.059,15871.94,100.0,65.0,73.23541,0.16069586870542032,-0.9989339623844308,0.04616209261873394,1.0,0.26666666666666666,23.2
1647627674,1.0,0.1,0.9942125,14113.19,101.13,11305.698,17535.959,24307.781,5283.76,21241.629,39650.734,9558.416,100.0,408.32626,52.508038,0.16267495052295455,-0.9957112528954977,0.09251540875593754,1.0,10.916666666666666,12.55
1647627678,1.0,0.23106521,1.15916,16782.828,3381.2769,15109.666,18659.012,17630.473,6414.6587,20131.057,25109.61,20797.86,100.0,236.17245,55.71953,0.16268733914153066,-0.9956842991278239,0.09280504550041603,1.0,10.983333333333333,12.483333333333333
1647627702,1.0,0.1,1.2034,16148.587,3617.6968,15564.439,18005.004,23784.27,3789.5933,12492.784,46554.727,24540.664,100.0,262.5257,56.273636,0.16276167085298737,-0.9955208073358878,0.09454270020103166,1.0,11.383333333333333,12.083333333333334
1647627710,1.0,0.11681938,0.89453936,24741.588,101.13,18814.186,17634.615,21791.318,7852.668,15312.018,40605.668,25562.707,100.0,494.48798,73.23541,0.1627864480901396,-0.9954656361517099,0.095121854697391,1.0,11.516666666666667,11.95
1647627712,1.0,0.5535517,1.390615,21360.559,3388.8257,17364.418,31684.506,21086.492,5827.4507,24318.389,24828.527,14991.986,100.0,286.92584,54.76777,0.16279264239942765,-0.995451790709766,0.09526663829862134,1.0,11.55,11.916666666666666
1647627716,1.0,0.14138693,0.7206986,8891.83,4566.61,10260.816,30172.463,17978.852,10814.583,16482.93,30944.43,27523.5,100.0,93.06033,63.902496,0.16280503101800375,-0.9954240366528473,0.09555619945221153,1.0,11.616666666666667,11.85
1647627719,1.0,0.1,1.1390474,19835.777,5493.0093,14888.271,26858.781,12191.457,3183.8462,21813.037,33203.004,24241.37,100.0,327.6349,66.717186,0.16281432248193584,-0.9954031658349125,0.09577336501258359,1.0,11.666666666666666,11.8
1647627729,1.0,0.5475119,0.752679,23534.87,4798.9785,21251.477,31429.922,21150.258,165.0,30539.781,35199.74,24635.344,100.0,75.29675,62.168213,0.16284529402837614,-0.9953332542752706,0.09649721723344877,1.0,11.833333333333334,11.633333333333333
1647628367,1.0,0.1768561,1.1419202,24371.516,5084.558,17446.934,32116.338,24859.895,165.0,175.0,33273.047,12457.965,199.43042,65.0,42.44833,0.16482127869126634,-0.9897866005593229,0.1425569547697319,1.0,22.466666666666665,1.0
1647628374,1.0,0.1,1.3659667,25279.04,6864.873,10069.241,37113.242,17405.607,165.0,175.0,31401.783,15163.3,459.19104,205.6499,48.176895,0.16484295877377453,-0.9897139030775081,0.14306079146672246,1.0,22.583333333333332,0.8833333333333333
1647628413,1.0,0.827053,1.1933031,22076.129,10134.423,16921.543,24658.832,10276.313,165.0,2193.2031,31269.303,16742.475,470.08096,254.45615,56.67221,0.16496374780489165,-0.9893041797926704,0.14586719934499198,1.0,23.233333333333334,0.23333333333333334
1647628422,1.0,0.12457454,1.5329602,42632.89,6686.6934,14287.419,29236.77,20685.18,165.0,175.0,32790.023,26716.36,606.5801,422.02914,57.01481,0.1649916221966879,-0.9892084980475244,0.14651466612786884,1.0,23.383333333333333,0.08333333333333333
1647628426,1.0,1.1314938,1.6401243,41258.473,8063.0225,20622.324,25632.633,16839.988,165.0,175.0,41899.94,15955.394,789.812,372.2224,52.135452,0.16500401081526403,-0.9891658368079442,0.14680240901306565,1.0,23.45,0.016666666666666666
1647628427,31.0,0.6000001,0.600037,32599.0,27196.996,27985.002,28385.998,28696.002,29481.004,30089.008,30594.0,30991.998,800.0,896.0,34.492416,0.16500710796990806,-0.9891551584199071,0.1468743427944053,0.0,0.0,0.0
1647628429,31.0,0.6000001,0.60005,31788.002,27094.0,27710.0,28122.004,28411.006,29100.002,29697.998,30124.0,30308.004,800.0,255.99997,34.852863,0.1650133022791961,-0.9891337859504572,0.14701820802647242,0.0,0.0,0.0
1647628452,31.0,0.6000001,0.6000459,33409.004,27516.002,28180.998,28595.998,28805.006,29600.998,30594.0,31877.004,32582.998,800.0,640.0,34.353153,0.16508453683600877,-0.9888864987445045,0.14867243389692328,0.0,0.0,0.0
1647629105,41.0,0.6000001,0.600073,45787.992,37209.0,38002.0,38697.992,39183.0,40601.004,41706.0,42924.004,43699.0,800.0,1024.0,35.074047,0.16710697881855938,-0.9807142787259215,0.19544693270321592,0.0,0.0,0.0
1647629113,41.0,0.6000001,0.59998894,43919.992,37414.996,38301.004,38797.996,39101.0,40207.0,41494.0,42316.0,42790.992,800.0,384.0,35.96288,0.16713175605571162,-0.9806004063479135,0.19601745603467802,0.0,0.0,0.0
1647629149,41.0,0.6000001,0.59997493,45007.0,37111.0,38289.008,38891.008,39295.0,40392.008,41302.0,42379.0,43085.004,800.0,768.0,35.201023,0.16724325362289663,-0.9800838739715458,0.19858398722184809,0.0,0.0,0.0
1647629153,41.0,0.6000001,0.6000319,45607.992,36699.004,37701.0,38204.0,38618.0,39499.996,40392.0,40966.0,41791.0,800.0,128.0,35.590145,0.16725564224147277,-0.9800260667666841,0.19886907365858264,0.0,0.0,0.0
1647629162,41.0,0.6000001,0.599983,43802.0,36992.0,37992.0,38701.004,39112.0,40183.0,41109.0,42191.0,42884.0,800.0,255.99997,35.89325,0.167283516633269,-0.9798956973656204,0.19951045657895813,0.0,0.0,0.0
1647629163,41.0,0.6000001,0.6000401,43899.0,37504.996,38389.0,38922.996,39400.004,40297.0,41390.0,42014.0,42415.0,800.0,512.0,35.15187,0.16728661378791304,-0.9798811859647144,0.19958171607736194,0.0,0.0,0.0
1647629167,41.0,0.6000001,0.600096,44290.0,37387.0,38286.992,38903.004,39289.008,40301.0,41205.0,41807.996,42283.996,800.0,896.0,35.434498,0.16729900240648915,-0.9798230885408726,0.19986674351233422,0.0,0.0,0.0
1647629185,41.0,0.6000001,0.600088,44005.0,36999.0,37996.0,38506.0,38991.0,39989.0,40979.008,41609.0,42897.992,800.0,640.0,35.06995,0.16735475119008167,-0.9795606242100455,0.2011491573366042,0.0,0.0,0.0
1647629836,51.0,0.6000001,0.59999907,53185.996,46099.996,47183.004,47702.0,48189.004,49017.004,49813.992,50408.008,51096.008,800.0,1024.0,36.0448,0.16937099886334425,-0.9689438413104366,0.24728087751901756,0.0,0.0,0.0
1647629850,51.0,0.6000001,0.60001004,52600.0,46488.996,47501.0,48005.992,48402.996,49212.0,50106.996,50805.0,51593.0,800.0,384.0,35.86867,0.16941435902836063,-0.9686915803565932,0.24826723937371603,0.0,0.0,0.0
1647629901,51.0,0.6000001,0.600075,55696.0,46490.004,47603.992,48292.0,48613.992,49507.008,50301.008,51608.996,52498.008,800.0,255.99997,37.19987,0.1695723139152061,-0.9677641404548232,0.25185823085564896,0.0,0.0,0.0
1647629903,51.0,0.6000001,0.600047,53008.0,47207.992,48374.004,48996.01,49317.004,50218.008,51098.992,51706.0,52004.008,800.0,128.0,36.429825,0.16957850822449416,-0.9677274989241115,0.2519989837798635,0.0,0.0,0.0
1647629904,51.0,0.6000001,0.600055,54994.004,47510.992,48499.992,49191.008,49619.008,50690.0,51494.004,52415.996,53501.996,800.0,768.0,36.143105,0.1695816053791382,-0.9677091704819712,0.2520693582431136,0.0,0.0,0.0
1647629919,1.0,0.29336482,1.18474,14715.885,101.13,28193.54,21896.945,6101.461,8961.047,52195.16,14931.729,15627.242,100.0,65.0,66.07584,0.16962806269879863,-0.9674336297769847,0.25312481501529654,1.0,0.25,16.6
1647629925,1.0,0.22617668,0.9536725,13132.101,101.13,21109.652,37343.945,15740.177,20641.752,52465.453,18184.762,21106.0,100.0,65.0,54.081215,0.1696466456266628,-0.9673230911516228,0.25354691345955904,1.0,0.35,16.5
1647629945,1.0,0.348692,0.6200941,11060.311,101.13,18587.082,23758.549,8894.818,15081.355,32154.645,18665.84,18636.291,100.0,65.0,73.23541,0.16970858871954336,-0.9669532991074457,0.2549535591930945,1.0,0.6833333333333333,16.166666666666668
1647630092,1.0,0.18109816,0.7997047,12098.578,101.13,20389.488,24131.475,19121.664,15916.024,39707.68,24932.95,18781.234,100.0,65.0,60.636795,0.17016387045221554,-0.9641726105874127,0.2652756622705021,1.0,3.1333333333333333,13.716666666666667
1647630098,1.0,0.1,0.9244939,23271.184,3674.3647,19341.758,30039.59,9345.914,17156.424,46827.633,29385.547,37733.08,100.0,65.0,46.16975,0.17018245338007973,-0.9640567704653573,0.26569633667008913,1.0,3.2333333333333334,13.616666666666667
1647630143,1.0,0.1,1.2113377,20441.646,101.13,20108.953,20582.75,16873.576,13113.691,35764.92,17706.89,19748.682,100.0,65.0,52.449238,0.170321825339061,-0.9631821206520231,0.26884977674580945,1.0,3.9833333333333334,12.866666666666667
1647630144,1.0,0.1,1.1976688,20020.104,101.13,24234.488,33792.18,15349.123,11033.544,50398.68,15552.588,19791.07,100.0,65.0,51.079887,0.17032492249370504,-0.9631625667976582,0.2689198206152655,1.0,4.0,12.85
1647630150,1.0,0.119804144,1.2593338,21767.637,1300.334,24098.504,23850.025,14156.006,5097.4653,43994.156,22359.844,22195.035,100.0,65.0,56.642822,0.1703435054215692,-0.9630451367077626,0.2693400539532262,1.0,4.1,12.75
1647630157,1.0,0.1,1.1167065,19878.328,101.13,16980.838,29892.47,16167.5625,8680.762,37957.184,24403.082,23796.703,100.0,65.0,60.469604,0.1703651855040774,-0.9629079032035092,0.2698302613648468,1.0,4.216666666666667,12.633333333333333
1647630161,5.881937,0.1,1.020322,13122.266,101.13,14762.961,20402.691,10637.934,12137.596,34405.957,31065.46,20180.393,100.0,65.0,73.23541,0.17037757412265353,-0.9628293720245608,0.27011034849999743,1.0,4.283333333333333,12.566666666666666
1647630182,1.0,0.1,0.7336416,16150.176,101.13,12970.207,35354.727,12451.623,7433.56,30955.639,21810.883,22780.535,100.0,65.0,60.524376,0.17044261437017813,-0.962415746860793,0.27158043043338354,1.0,4.633333333333334,12.216666666666667
1647630842,1.0,0.25301123,1.5224329,27200.305,1340.8477,11618.227,28749.768,17633.574,165.0,175.0,36619.113,10685.981,215.50037,247.09653,39.649967,0.17248673643523696,-0.9482774950843972,0.3174425811331256,1.0,15.633333333333333,1.2166666666666666
1647630852,1.0,0.1,1.6938131,31298.738,4460.0605,17981.164,29982.582,22188.166,165.0,6496.762,24287.434,22264.38,371.97665,145.9147,49.802547,0.17251770798167723,-0.9480463935971774,0.3181321039872993,1.0,15.8,1.05
1647630887,1.0,0.1,1.2586852,35524.086,4529.4546,16603.986,22146.906,21879.465,165.0,175.0,32969.316,12802.277,100.0,340.9421,46.781544,0.17262610839421824,-0.9472335908759757,0.32054410666272537,1.0,16.383333333333333,0.4666666666666667
1647630903,1.0,0.1,1.0752243,20264.65,7670.395,12796.087,25519.13,21660.379,165.0,175.0,44234.598,21789.438,532.21075,394.0502,65.99264,0.17267566286852268,-0.946859979747703,0.32164604575865596,1.0,16.65,0.2
1647630907,1.0,0.7706834,1.9239987,20049.895,9458.293,16397.006,12073.885,12479.407,165.0,175.0,50312.676,18188.568,834.7946,715.3676,65.48089,0.17268805148709881,-0.9467663766472194,0.3219214625499447,1.0,16.716666666666665,0.13333333333333333
1647630915,10.999998,0.6000001,0.600043,10896.999,9107.0,9310.0,9495.0,9593.0,9807.0,10089.0,10298.0,10406.0,900.00006,128.0,34.615295,0.17271282872425103,-0.9465789301195717,0.3224722143901501,0.0,0.0,0.0
1647630940,10.999998,0.6000001,0.600037,10785.0,9110.0,9313.0,9510.0,9605.0,9908.0,10105.0,10384.0,10495.0,900.00006,640.0,33.673218,0.17279025759035174,-0.9459910950443836,0.32419260956525203,0.0,0.0,0.0
1647631606,21.0,0.6000001,0.599941,20881.0,17603.0,18088.0,18297.0,18418.0,18806.0,19109.0,19500.0,19597.0,900.00006,1024.0,33.406975,0.17485296258327473,-0.929186339192379,0.3696116165088229,0.0,0.0,0.0
1647631616,21.0,0.6000001,0.59990203,20513.0,17606.0,18005.002,18288.0,18497.0,18880.0,19194.0,19510.0,19776.0,900.00006,384.0,34.144257,0.17488393412971504,-0.9289173043635582,0.3702872420890849,0.0,0.0,0.0
1647631652,21.0,0.6000001,0.60001993,21499.0,17597.0,18000.002,18293.002,18496.002,18903.0,19279.0,19503.0,19782.0,900.00006,255.99997,34.082817,0.17499543169690004,-0.9279447123904451,0.3727178701734252,0.0,0.0,0.0
1647631674,21.0,0.6000001,0.600026,20596.0,17794.0,18192.0,18492.0,18689.0,19009.0,19382.998,19881.0,20018.0,900.00006,768.0,34.16883,0.17506356909906867,-0.9273472192616117,0.3742019974930068,0.0,0.0,0.0
1647631682,21.0,0.6000001,0.599956,20689.0,17883.0,18300.0,18598.002,18714.0,19210.0,19605.998,20106.0,20290.0,900.00006,512.0,33.53395,0.17508834633622092,-0.9271293604397052,0.37474144287850414,0.0,0.0,0.0
1647631683,21.0,0.6000001,0.600067,20201.0,17690.0,18115.0,18408.002,18598.0,19008.0,19381.0,19778.0,19904.998,900.00006,128.0,34.04595,0.17509144349086495,-0.9271021060214109,0.3748088646372505,0.0,0.0,0.0
1647631691,21.0,0.6000001,0.59995794,20895.0,17905.0,18315.998,18608.0,18798.0,19113.998,19487.0,19780.0,20000.0,900.00006,896.0,33.718273,0.17511622072801716,-0.9268838941800126,0.37534816731895104,0.0,0.0,0.0
1647631715,21.0,0.6000001,0.599955,20703.0,17896.0,18301.998,18593.998,18785.002,19193.0,19515.0,19891.0,20003.0,900.00006,640.0,33.992702,0.17519055243947385,-0.9262273766519595,0.3769653123835523,0.0,0.0,0.0
1647632881,41.0,0.6000001,0.60000795,44941.0,36997.0,37906.0,38508.004,38840.0,39699.0,40533.0,41699.996,42841.992,900.00006,128.0,35.590145,0.1788018347544111,-0.8909735067115492,0.4540552943619588,0.0,0.0,0.0
1647632884,41.0,0.6000001,0.60000694,43536.004,37194.008,38000.008,38488.004,38791.0,39582.0,40198.0,41197.0,41713.0,900.00006,384.0,35.74989,0.17881112621834322,-0.8908744260103285,0.4542496638202032,0.0,0.0,0.0
1647632888,41.0,0.6000001,0.600037,44858.0,37313.004,38116.992,38716.0,39203.0,40191.008,40986.0,41804.0,42595.0,900.00006,1024.0,35.00851,0.17882351483691933,-0.8907422524501034,0.45450878946409407,0.0,0.0,0.0
1647632890,41.0,0.6000001,0.60005796,45845.0,37302.0,38209.0,38787.0,39189.01,40101.008,41001.004,42103.0,42700.996,900.00006,255.99997,35.569664,0.17882970914620738,-0.8906761374051664,0.4546383378653996,0.0,0.0,0.0
1647632895,41.0,0.6000001,0.6000769,46046.0,37504.0,38384.0,38854.0,39205.996,40387.0,41203.004,42811.996,43747.0,900.00006,512.0,34.791424,0.17884519491942752,-0.8905107673649699,0.4549621667864838,0.0,0.0,0.0
1647633709,51.0,0.6000001,0.600021,53111.004,46003.98,46993.992,47696.996,48002.0,49117.996,49901.0,50809.0,51500.996,900.00006,1024.0,36.323326,0.18136627879966674,-0.8620348862608758,0.5068489467969712,0.0,0.0,0.0
1647633721,1.0,0.19063467,0.7621347,7825.7705,1003.2969,19154.875,25852.896,5520.5396,16484.004,54775.668,13609.281,19802.979,100.0,65.0,64.99938,0.1814034446553951,-0.861592248931889,0.5076010210593451,1.0,0.2,18.366666666666667
1647633727,1.0,0.1,0.39059046,17380.246,101.13,19829.758,33385.133,9963.898,26164.586,45393.6,19392.89,17134.367,100.0,65.0,73.23541,0.18142202758325926,-0.8613706841938168,0.5079769132662192,1.0,0.3,18.266666666666666
1647633736,1.0,0.2648927,0.8304182,12377.299,101.13,18127.848,30350.584,6637.2217,12182.541,49030.965,21381.963,18046.682,100.0,65.0,71.46156,0.1814499019750555,-0.8610380296133618,0.5085405702198591,1.0,0.45,18.116666666666667
1647633737,1.0,0.35421282,1.0833158,9126.371,101.13,20729.96,20809.541,2904.8965,13751.852,54523.547,18758.81,17315.717,100.0,65.0,73.23541,0.18145299912969953,-0.8610010452227199,0.5086031853276026,1.0,0.4666666666666667,18.1
1647633739,1.0,0.1,0.856019,18569.492,101.13,19366.043,33933.613,8027.5234,13943.332,59071.156,21645.408,17519.996,100.0,65.0,73.23541,0.18145919343898761,-0.8609270627814274,0.5087284074735204,1.0,0.5,18.066666666666666
1647633972,1.0,0.60938716,1.1788173,6023.7876,2019.29,19046.605,32058.486,11579.59,11001.725,41963.04,33348.047,20228.887,100.0,65.0,50.684414,0.18218083047104625,-0.8521838737361157,0.5232424345789513,1.0,4.383333333333334,14.183333333333334
1647633977,1.0,0.1,1.1483436,20047.383,101.13,18744.018,27761.426,14832.24,10903.489,35489.727,21243.021,18759.912,100.0,65.0,60.99817,0.18219631624426638,-0.8519935610875461,0.5235522627831551,1.0,4.466666666666667,14.1
1647633981,1.0,0.25715983,0.79149795,19246.924,101.13,21793.125,35800.67,15070.401,15416.771,33785.023,22910.867,22909.84,100.0,65.0,69.60114,0.18220870486284252,-0.8518412298637077,0.5238000755100041,1.0,4.533333333333333,14.033333333333333
1647633992,1.0,0.16022229,0.87563133,18723.291,101.13,16747.611,25850.508,6744.9697,9848.338,35930.08,17594.29,20191.41,100.0,65.0,60.03,0.18224277356392682,-0.8514219473777731,0.5244813319112898,1.0,4.716666666666667,13.85
1647633994,1.0,0.1,0.7879623,13526.5625,290.83105,21311.477,28315.42,10977.381,13664.529,37223.805,25428.285,28607.158,100.0,65.0,61.717033,0.18224896787321487,-0.851345655654999,0.5246051606659622,1.0,4.75,13.816666666666666
1647633997,1.0,0.1,1.449702,18057.88,101.13,21776.527,27865.36,6387.5537,15765.927,29306.387,17338.05,25398.291,100.0,65.0,60.12568,0.18225825933714696,-0.8512311843037994,0.524790882989359,1.0,4.8,13.766666666666667
1647634005,1.0,0.1,0.65477204,15236.296,101.13,19399.484,27435.87,14707.216,6790.631,37408.617,24910.584,19918.004,100.0,65.0,51.239197,0.1822830365742992,-0.8509257293058022,0.5252860203787919,1.0,4.933333333333334,13.633333333333333
1647634012,1.0,0.1,0.8444433,16269.568,1869.2388,10650.158,30807.896,16286.844,10684.049,24201.273,31972.455,27727.438,100.0,65.0,69.57875,0.1823047166568074,-0.8506582199228271,0.5257191197566692,1.0,5.05,13.516666666666667
1647634805,1.0,0.1,1.7170203,21406.295,7181.618,12331.92,28341.447,24832.541,165.0,763.51074,35038.188,17315.209,548.30444,479.02777,45.978912,0.184760760289522,-0.8189434318649215,0.5738742505160035,1.0,18.266666666666666,0.3
1647634807,1.0,0.15804571,1.5478108,38676.766,4129.208,11671.8955,29396.686,19765.848,165.0,175.0,33686.023,17252.234,219.43695,419.307,70.49097,0.18476695459881007,-0.8188599565768903,0.573993354939666,1.0,18.3,0.26666666666666666
1647634822,1.0,0.7478563,1.9239987,34875.805,6660.5923,21371.383,16055.588,13699.011,165.0,175.0,41029.79,16521.15,714.5764,677.6814,54.950806,0.1848134119184705,-0.8182333398950342,0.5748862509090101,1.0,18.55,0.016666666666666666
1647634823,10.999998,0.6000001,0.600006,12797.0,9095.0,9389.0,9590.0,9702.0,10084.0,10484.0,11108.0,11894.0,1000.0,128.0,34.16064,0.18481650907311453,-0.8181915308235308,0.5749457529964433,0.0,0.0,0.0
1647634829,10.999998,0.6000001,0.600009,11603.0,9003.0,9268.0,9399.0,9498.0,9821.0,10205.0,10791.0,11086.0,1000.0,512.0,34.36544,0.1848350920009787,-0.8179405855351781,0.5753027016574579,0.0,0.0,0.0
1647634835,10.999998,0.6000001,0.600055,11411.0,8999.0,9205.0,9398.0,9505.0,9878.0,10205.0,10685.0,11006.0,1000.0,384.0,34.873344,0.18485367492884286,-0.8176894845224842,0.5756595407889581,0.0,0.0,0.0
1647634840,10.999998,0.6000001,0.60001993,11892.0,9121.0,9401.0,9590.0,9715.0,10117.0,10494.0,10888.0,11008.0,1000.0,896.0,35.188736,0.18486916070206302,-0.8174801147569668,0.5759568230144829,0.0,0.0,0.0
1647634853,10.999998,0.6000001,0.600068,11610.0,9108.0,9387.0,9576.0,9691.0,10000.0,10393.0,10894.0,11102.0,1000.0,640.0,33.681408,0.18490942371243538,-0.8169352476165602,0.5767294003271114,0.0,0.0,0.0
1647635662,21.0,0.6000001,0.59996593,21905.0,17713.0,18215.0,18588.0,18807.002,19404.0,20003.0,20580.0,20896.0,1000.0,768.0,33.9968,0.18741502181945446,-0.7816112037615168,0.6237659225658875,0.0,0.0,0.0
1647635689,21.0,0.6000001,0.59994304,22301.0,17979.0,18487.0,18789.0,18913.0,19610.004,20297.0,20797.998,21206.0,1000.0,255.99997,34.16064,0.18749864499484323,-0.7803849363456473,0.6252994091831529,0.0,0.0,0.0
1647635694,21.0,0.6000001,0.600015,22508.0,17904.0,18312.0,18695.0,18882.0,19487.0,20091.0,20524.0,20991.0,1000.0,512.0,34.66035,0.1875141307680634,-0.780157519481096,0.6255831238109795,0.0,0.0,0.0
1647635696,21.0,0.6000001,0.599974,22592.0,18094.0,18511.0,18885.0,19104.0,19716.0,20291.0,21187.0,21399.0,1000.0,128.0,34.42688,0.18752032507735145,-0.7800665238525667,0.6256965865054507,0.0,0.0,0.0
1647635697,21.0,0.6000001,0.600021,22190.0,17888.0,18305.0,18695.0,18904.0,19500.0,19999.0,20609.0,20895.0,1000.0,384.0,33.94355,0.18752342223199547,-0.7800210198501126,0.6257533128893447,0.0,0.0,0.0
1647635713,21.0,0.6000001,0.6000509,22600.0,18100.0,18510.002,18815.0,19087.0,19693.0,20195.0,20888.0,21203.0,1000.0,896.0,35.590145,0.1875729767062999,-0.7792923949556935,0.6266604847636553,0.0,0.0,0.0
1647635728,21.0,0.6000001,0.600068,22403.0,18101.0,18601.0,18920.0,19190.002,19785.0,20312.998,21012.002,21312.0,1000.0,640.0,33.775616,0.18761943402596035,-0.7786083508997457,0.6275101878927374,0.0,0.0,0.0
1647636566,31.0,0.6000001,0.600054,34292.0,27687.998,28492.002,28909.002,29124.004,29995.0,30799.0,31303.998,31782.998,1000.0,1024.0,35.086334,0.19021484961765625,-0.738945511850791,0.6737651894507258,0.0,0.0,0.0
1647636572,31.0,0.6000001,0.60006994,33411.996,27794.998,28498.002,29000.0,29211.002,30019.0,30816.998,31693.996,32387.002,1000.0,768.0,34.69312,0.19023343254552044,-0.7386514559941914,0.6740875511071697,0.0,0.0,0.0
1647636592,31.0,0.6000001,0.600025,33194.0,27596.998,28495.002,28990.998,29298.998,30104.998,30810.0,31701.002,32109.998,1000.0,255.99997,34.586624,0.190295375638401,-0.7376702544676819,0.6751611627408566,0.0,0.0,0.0
1647636595,31.0,0.6000001,0.6000229,33695.0,27593.998,28292.0,28701.0,29087.0,29910.0,30589.0,31297.996,32100.996,1000.0,512.0,34.36544,0.1903046671023331,-0.7375229395977073,0.6753220813561159,0.0,0.0,0.0
1647636601,1.0,0.1,0.32759413,218.0,101.13,23060.34,25173.719,5449.1445,26598.5,33403.164,13522.734,16351.023,100.0,65.0,73.194374,0.19032325003019726,-0.737228204554302,0.6756438221501327,1.0,0.1,31.416666666666668
1647636602,1.0,0.41278315,0.959038,218.0,101.13,12893.521,24306.37,8910.332,20733.918,48879.72,31524.643,15797.276,100.0,65.0,63.727337,0.1903263471848413,-0.7371790683996502,0.6756974331114658,1.0,0.11666666666666667,31.4
1647636624,1.0,0.1,0.38079482,6998.683,101.13,16887.922,30733.547,3266.1035,18272.27,54543.305,24082.4,14911.816,100.0,65.0,69.74817,0.19039448458700992,-0.7360970871197345,0.6768759696826605,1.0,0.48333333333333334,31.033333333333335
1647636644,1.0,0.16687506,0.22811744,218.0,101.13,17811.297,26191.348,4145.6147,18290.018,35106.46,32032.793,19184.21,100.0,65.0,73.23541,0.1904564276798905,-0.7351118327059871,0.6779458631894179,1.0,0.8166666666666667,30.7
1647637475,1.0,0.1,1.3544154,20763.484,6079.689,7558.8604,25906.418,16351.18,165.0,26543.148,29533.191,10976.39,100.0,340.23535,63.443108,0.1930301631890782,-0.6928252069697138,0.7211055627211409,1.0,14.666666666666666,16.85
1647637488,1.0,0.24335754,0.56484514,18064.336,6539.158,17038.459,18088.914,17895.621,4936.043,23624.928,23369.555,9667.387,100.0,232.62439,50.83654,0.19307042619945056,-0.6921431738704072,0.7217602280983617,1.0,14.883333333333333,16.633333333333333
1647637508,1.0,0.1,0.41134518,29877.945,3559.0625,11820.824,29684.625,25135.92,165.0,22301.848,29728.367,20184.11,100.0,65.0,53.72793,0.19313236929233113,-0.6910926844620551,0.7227661457781697,1.0,15.216666666666667,16.3
1647637510,1.0,0.7268211,0.44333315,21523.672,101.13,11301.477,25986.12,16348.843,3852.8066,12348.154,25794.777,4951.737,100.0,83.79111,70.70043,0.19313856360161918,-0.690987555078028,0.7228666534896248,1.0,15.25,16.266666666666666
1647637518,1.0,0.38286304,0.4419618,22489.713,3150.4443,20504.11,28729.158,16946.838,9739.503,18317.281,26156.504,19505.215,100.0,165.40881,56.06143,0.19316334083877143,-0.6905668913927422,0.7232685313990681,1.0,15.383333333333333,16.133333333333333
1647637547,1.0,0.1,0.68589103,14941.226,942.77246,15598.353,17305.791,21378.176,1940.04,14419.154,20618.484,18552.477,100.0,115.509796,62.714546,0.19325315832344825,-0.689040027248157,0.7247232857096969,1.0,15.866666666666667,15.65
1647637563,1.0,0.1,0.6633438,12469.517,5754.8975,18617.06,30009.107,29406.281,4075.8706,16367.093,26807.81,18007.586,100.0,65.0,60.546684,0.1933027127977527,-0.6881963071748379,0.7255245294205539,1.0,16.133333333333333,15.383333333333333
1647638405,1.0,0.15075165,1.2546743,18214.602,1924.2959,18549.598,41602.605,17149.146,165.0,175.0,20248.873,2199.1758,486.70038,393.93326,50.120773,0.19591051700802473,-0.642509025580653,0.7662781166439505,1.0,30.166666666666668,1.35
1647638427,1.0,0.66067123,1.453942,21085.188,11257.43,19220.04,43238.64,16658.637,165.0,175.0,25217.203,8141.1895,577.24304,178.78961,52.156494,0.19597865441019335,-0.6412822468325444,0.7673050761577195,1.0,30.533333333333335,0.9833333333333333
1647638431,1.0,0.3222506,0.92900205,21730.652,4153.8174,14519.164,30042.238,13811.417,165.0,175.0,27399.855,14098.234,487.6021,410.57562,53.52804,0.19599104302876946,-0.6410590197052349,0.7674915851359956,1.0,30.6,0.9166666666666666
1647638437,1.0,0.72534955,1.5185357,28749.098,6697.1104,17911.803,38925.82,27264.11,165.0,2018.1523,31864.73,19030.264,490.3968,472.97107,62.59203,0.19600962595663365,-0.640724077313018,0.7677712268321741,1.0,30.7,0.8166666666666667
1647638452,1.0,0.91734177,1.565497,28859.354,9429.826,28435.877,25884.469,13381.705,165.0,175.0,33435.168,14873.1045,1000.0,653.7098,73.23541,0.19605608327629406,-0.6398861877884374,0.7684696914502098,1.0,30.95,0.5666666666666667
1647638486,51.0,0.6000001,0.600033,55605.004,47085.004,48194.004,48931.01,49299.008,50405.008,51204.996,52300.004,53079.992,1000.0,896.0,36.79027,0.19616138653419105,-0.6379841541909304,0.770049491267466,0.0,0.0,0.0
1647638501,51.0,0.6000001,0.600047,56109.0,46821.0,48079.996,48700.0,49080.008,50308.996,51497.0,52598.004,53418.99,1000.0,640.0,35.684353,0.19620784385385145,-0.6371437810959986,0.770744965738145,0.0,0.0,0.0
1647638570,1.0,0.5,0.0,410.0,294.0,303.00098,311.0,318.99902,367.00195,387.99902,399.99805,410.0,100.0,384.0,26.10094,0.19642154752428945,-0.6332683154324813,0.773932323054999,0.0,0.0,0.0
1647638571,1.0,0.5,0.05153899,515.0,299.00098,314.00195,335.99902,359.00098,389.0,404.99902,475.99902,515.001,100.0,255.99997,26.10094,0.19642464467893347,-0.6332120318112414,0.7739783735799596,0.0,0.0,0.0
1647638572,1.0,0.5,0.048918024,473.0,301.00098,316.0,361.0,371.99902,404.0,428.00098,463.00195,473.00293,100.0,640.0,26.10094,0.1964277418335775,-0.6331557448412624,0.7740244200117373,0.0,0.0,0.0
1647638675,10.999998,0.5,0.193026,12390.0,10394.0,10703.0,10895.0,11019.0,11382.0,11893.0,12087.0,12390.0,100.0,384.0,26.337276,0.19674674876191242,-0.6273403069691162,0.7787452338550105,0.0,0.0,0.0
1647638676,10.999998,0.5,0.19250101,12086.0,10491.0,10697.0,10887.0,10910.0,11400.0,11603.0,11892.0,12086.0,100.0,896.0,26.10094,0.19674984591655645,-0.6272836733588014,0.7787908532703042,0.0,0.0,0.0
1647638677,10.999998,0.5,0.19164298,12408.0,10592.0,10794.0,10984.0,11292.0,11490.0,11894.0,12296.0,12408.0,100.0,255.99997,26.18163,0.19675294307120048,-0.6272270364310997,0.7788364685669643,0.0,0.0,0.0
1647638678,10.999998,0.5,0.19384101,11920.0,10408.0,10786.0,10895.0,10985.0,11503.0,11631.0,11887.0,11920.0,100.0,640.0,26.271744,0.1967560402258445,-0.6271703961863089,0.7788820797447508,0.0,0.0,0.0
1647638679,10.999998,0.5,0.193107,12503.0,10666.0,10865.0,11007.0,11109.0,11598.0,11797.0,12111.0,12503.0,100.0,768.0,26.611713,0.19675913738048856,-0.6271137526247302,0.7789276868034212,0.0,0.0,0.0
1647638784,21.0,0.5,0.37761298,23184.0,20618.004,21291.0,21517.0,21892.0,22287.0,22806.0,23098.002,23184.0,100.0,896.0,27.619328,0.19708433861811153,-0.6211477802783106,0.7836934573258396,0.0,0.0,0.0
1647638785,21.0,0.5,0.375025,23993.004,20993.0,21308.0,21689.0,21803.0,22682.0,23191.0,23607.0,23993.0,100.0,512.0,27.828224,0.19708743577275556,-0.6210907868394053,0.7837386263948003,0.0,0.0,0.0
1647638787,21.0,0.5,0.377044,23193.0,20698.0,21353.0,21700.998,21800.0,22485.0,22896.0,23146.002,23193.0,100.0,640.0,27.721727,0.1970936300820436,-0.6209767901079869,0.7838289520980845,0.0,0.0,0.0
1647638788,21.0,0.5,0.378757,23702.0,21108.0,21555.0,21797.0,22051.998,22906.0,23395.0,23696.0,23702.0,100.0,255.99997,27.602943,0.19709672723668767,-0.6209197868160766,0.7838741087319302,0.0,0.0,0.0
1647638789,21.0,0.5,0.377019,24399.0,20902.002,21600.0,21802.0,21990.0,22461.0,22986.0,24100.002,24399.002,100.0,768.0,28.041218,0.1970998243913317,-0.6208627802404333,0.7839192612202608,0.0,0.0,0.0
1647638896,31.0,0.5,0.46182197,35382.0,31246.002,32340.0,32746.996,33176.0,33901.0,34530.0,35092.0,35381.996,100.0,896.0,28.983295,0.19743121993824272,-0.6147441666282467,0.788726574673722,0.0,0.0,0.0
1647638897,21.64161,0.4381232,1.1526577,23090.354,6203.9316,21594.012,22030.766,13429.23,25226.945,7272.946,8348.143,12955.347,100.0,401.3888,59.762634,0.19743431709288675,-0.6146868071876522,0.7887712780454483,1.0,0.016666666666666666,4.0
1647638898,3.4278297,1.0475265,0.91964483,32409.38,6737.421,20114.75,27334.484,6858.0244,26746.867,4853.5293,2193.001,10475.282,100.0,252.87378,39.966763,0.1974374142475308,-0.6146294444962892,0.7888159772457598,1.0,0.03333333333333333,3.9833333333333334
1647638900,19.892082,0.8075993,1.3590965,38505.562,3536.3477,23182.996,23397.07,9033.467,20010.879,8838.292,9886.676,23177.59,100.0,65.0,51.459923,0.19744360855681886,-0.6145147093624681,0.7889053631311942,1.0,0.06666666666666667,3.95
1647638901,24.935127,0.59638304,1.483737,26248.207,2257.516,19120.41,22726.646,10971.969,22501.537,175.0,8544.205,15705.305,100.0,284.42126,60.709007,0.1974467057114629,-0.6144573369206168,0.7889500498158446,1.0,0.08333333333333333,3.933333333333333
1647638903,35.16698,0.5482215,1.4693907,44458.086,1393.0503,28269.332,27675.906,12108.867,28245.477,6179.6523,6754.3135,17158.754,100.0,269.4898,49.046013,0.19745290002075094,-0.6143425822885512,0.7890394106678288,1.0,0.11666666666666667,3.9
1647639013,11.675989,0.57742774,0.8928412,16392.992,4409.006,18827.016,17253.164,18726.389,18979.28,175.0,14532.5205,19750.725,100.0,498.25882,50.04497,0.19779358703159408,-0.6080111313993952,0.7939285006185552,1.0,1.95,2.066666666666667
1647639014,11.029354,0.5072466,0.86668265,19942.55,10849.527,13245.6875,22459.953,13269.248,20396.61,175.0,15006.111,27345.242,100.0,526.508,54.03469,0.1977966841862381,-0.6079533936818756,0.7939727143363872,1.0,1.9666666666666666,2.05
1647639015,25.246656,0.5143299,1.4457582,21299.59,5286.2354,17326.924,15980.867,15757.061,16462.535,175.0,20887.723,20456.867,100.0,588.0663,55.032963,0.19779978134088214,-0.6078956527491958,0.7940169238552974,1.0,1.9833333333333334,2.033333333333333
1647639016,12.459204,0.67237735,1.0756083,29081.8,5645.465,26643.057,24778.248,17039.783,24408.203,1912.4004,7637.935,14825.336,100.0,547.2826,51.372223,0.19780287849552616,-0.6078379086016616,0.7940611291750517,1.0,2.0,2.0166666666666666
1647639017,21.361088,0.7143554,1.121266,22264.828,2141.5698,19862.291,20134.781,13843.39,18532.598,175.0,9902.967,17972.062,100.0,553.53357,52.29002,0.1978059756501702,-0.6077801612395792,0.7941053302954155,1.0,2.0166666666666666,2.0
1647639022,1.0,0.5043303,0.7559334,22893.248,6943.4688,17637.432,22296.314,19303.201,17486.348,175.0,9795.167,19008.191,100.0,349.60858,50.105988,0.19782146142339033,-0.6074913762216219,0.7943262728982089,1.0,2.1,1.9166666666666667
1647639129,4.5646133,0.43895376,0.88836884,18601.373,8474.8545,16708.057,19796.137,18012.29,11853.693,175.0,18248.758,16971.75,100.0,350.48145,40.96811,0.19815285697030138,-0.6012921885711358,0.7990292259757046,1.0,3.8833333333333333,0.13333333333333333
1647639130,24.751637,0.50625575,1.0862372,9229.902,1678.6357,16371.393,13662.278,15354.129,1327.3594,175.0,17994.883,12732.13,319.95844,622.2462,48.888725,0.1981559541249454,-0.6012340799361668,0.7990729510647391,1.0,3.9,0.11666666666666667
1647639132,20.857307,0.38663197,0.8939228,19623.232,10349.254,20679.361,12109.23,20501.543,4909.122,175.0,28335.453,9900.75,100.0,458.60345,51.32662,0.19816214843423346,-0.6011178531276635,0.7991603885648918,1.0,3.933333333333333,0.08333333333333333
1647639133,15.066352,0.29057372,1.0873281,16685.81,5380.092,18443.725,12572.003,22717.771,9389.607,175.0,23651.639,14907.838,576.10583,645.7283,57.400906,0.1981652455888775,-0.6010597349547436,0.7992041009755476,1.0,3.95,0.06666666666666667
1647639134,7.8798885,1.0648743,0.9160744,2142.2705,10762.5625,14421.562,15987.645,17861.707,15166.381,175.0,27441.102,19646.9,530.4321,771.9523,50.02424,0.19816834274352152,-0.6010016136031205,0.7992478091596157,1.0,3.966666666666667,0.05
1647639137,51.0,0.5,0.46391398,61651.004,53545.984,54455.02,55154.996,55595.004,56947.996,58752.984,60059.0,61651.0,100.0,255.99997,31.133698,0.1981776342074536,-0.6008272304791106,0.7993789083499775,0.0,0.0,0.0
1647639145,51.0,0.5,0.463248,62846.004,55437.01,56283.0,56851.996,57537.984,59277.992,60031.996,62641.008,62845.99,100.0,768.0,31.866879,0.19820241144460585,-0.6003620690288244,0.7997283201634346,0.0,0.0,0.0
1647639196,1.0,0.5,0.463146,487.00293,292.00098,304.00098,312.0,324.0,372.00195,385.0,394.00098,405.0,200.0,512.0,30.789633,0.1983603663314513,-0.5973918946135953,0.8019494524282557,0.0,0.0,0.0
1647639197,1.0,0.5,0.46250802,413.00098,289.0,305.0,314.99805,320.99902,373.00098,386.00098,401.0,412.0,200.0,128.0,30.273537,0.19836346348609532,-0.5973335736240795,0.8019928938721879,0.0,0.0,0.0
1647639198,1.0,0.5,0.46293503,447.00098,283.0,299.00098,303.99902,312.99805,364.0,383.0,402.00195,435.00098,200.0,640.0,31.186943,0.19836656064073935,-0.597275249475567,0.8020363310747832,0.0,0.0,0.0
1647639201,1.0,0.5,0.463183,481.00098,294.0,306.0,322.0,339.99805,382.0,408.99902,428.0,458.0,200.0,896.0,30.715906,0.19837585210467143,-0.5971002580791349,0.8021666172322496,0.0,0.0,0.0
1647639202,1.0,0.5,0.46287602,497.99902,299.00098,314.00195,332.00098,364.0,384.0,394.00098,432.0,496.99902,200.0,1024.0,31.133698,0.19837894925931546,-0.5970419212977202,0.8022100374672003,0.0,0.0,0.0
1647639206,1.0,0.5,0.46408498,484.99902,299.00098,311.99902,325.99902,358.00098,384.99902,397.0,460.00293,475.99902,200.0,255.99997,31.055872,0.1983913378778916,-0.5968085426006043,0.8023836759798536,0.0,0.0,0.0
1647639210,1.0,0.5,0.46112198,487.00293,323.0,370.00195,386.00098,388.99902,405.00098,434.99902,485.0,485.99902,200.0,384.0,31.268864,0.1984037264964677,-0.5965751134039664,0.8025572465980508,0.0,0.0,0.0
1647639213,1.0,0.5,0.446499,462.99902,296.0,308.0,316.99805,327.0,372.00195,383.99902,404.0,409.0,200.0,768.0,31.350784,0.19841301796039978,-0.5964000083780596,0.8026873799971259,0.0,0.0,0.0
1647639409,10.999998,0.5,0.46303397,13197.0,11111.0,11482.0,11631.0,11790.0,12187.0,12405.0,12696.0,13099.0,200.0,128.0,29.167614,0.19902006027062938,-0.5848986912151393,0.8111063561671904,0.0,0.0,0.0
1647639410,10.999998,0.5,0.463602,13288.0,11208.0,11588.0,11798.0,11898.0,12204.0,12499.0,12728.0,13131.0,200.0,512.0,29.003777,0.1990231574252734,-0.5848397043498285,0.8111488890555205,0.0,0.0,0.0
1647639414,10.999998,0.5,0.463346,13743.0,11305.0,11601.0,11810.0,11995.0,12388.0,12787.0,13092.0,13348.0,200.0,640.0,28.884993,0.19903554604384951,-0.5846037259624737,0.81131897770901,0.0,0.0,0.0
1647639416,10.999998,0.5,0.46396804,13698.0,11293.0,11620.0,11790.0,11895.0,12200.0,12419.0,13148.0,13499.0,200.0,896.0,29.134848,0.19904174035313757,-0.5844857182174987,0.8114039962927067,0.0,0.0,0.0
1647639423,10.999998,0.5,0.463439,13093.0,11305.0,11597.0,11790.0,11904.0,12289.0,12409.0,12908.0,12995.0,200.0,255.99997,28.852226,0.19906342043564576,-0.5840725937583677,0.8117014261539601,0.0,0.0,0.0
1647639425,10.999998,0.5,0.46171504,13498.0,11203.0,11621.0,11897.0,11998.0,12395.0,12600.0,13083.0,13406.0,200.0,384.0,29.450241,0.19906961474493384,-0.5839545303941394,0.8117863674835641,0.0,0.0,0.0
1647639428,1.0,0.8906494,1.1874045,26014.785,101.13,15082.08,40152.58,8852.862,27569.973,31852.045,5841.9575,21398.559,100.0,65.0,50.23948,0.19907890620886592,-0.583777412186764,0.8119137472789366,1.0,0.05,10.716666666666667
1647639623,1.0,0.39263886,0.97080445,12100.556,975.4092,15281.605,25038.117,16514.848,9607.167,17163.508,13443.264,25079.805,100.0,65.0,45.8881,0.1996828513644515,-0.5722055150600696,0.8201102660830679,1.0,3.3,7.466666666666667
1647639624,1.0,0.30152714,1.1882296,42997.695,2659.3008,23883.703,28708.055,14685.151,21180.152,17851.785,16334.228,28924.918,100.0,65.0,59.82115,0.19968594851909552,-0.5721458734455159,0.8201518758737724,1.0,3.316666666666667,7.45
1647639628,1.0,0.1,1.2650014,28234.646,1408.1655,10478.224,22863.36,12868.415,17138.46,12967.582,17624.887,36776.28,100.0,65.0,46.571236,0.19969833713767163,-0.5719072767325416,0.8203182716606818,1.0,3.3833333333333333,7.383333333333334
1647639630,1.0,0.4385841,1.565579,33283.344,2085.3013,22893.922,30076.545,15766.582,17109.285,24771.055,13598.251,28269.98,100.0,206.99045,44.29213,0.19970453144695968,-0.5717879602276124,0.8204014435255136,1.0,3.4166666666666665,7.35
1647639633,1.0,0.3405524,1.1503029,32286.373,101.13,19387.39,25876.465,12837.964,20637.82,9178.209,19014.12,31933.002,100.0,206.57715,63.352936,0.19971382291089176,-0.5716089627917676,0.820526168782032,1.0,3.466666666666667,7.3
1647639636,1.0,0.41533658,1.3073504,29483.291,2997.8252,14941.332,25664.432,15163.387,10729.963,16723.68,22787.777,26516.643,100.0,65.0,47.881268,0.19972311437482385,-0.5714299381493516,0.8206508549844009,1.0,3.5166666666666666,7.25
1647639640,1.0,0.10571277,0.8707615,28108.84,5358.4844,15019.015,22353.955,17906.537,11901.079,20593.121,19624.555,35444.13,100.0,65.0,50.80877,0.19973550299339995,-0.5711911963195286,0.8208170424930672,1.0,3.5833333333333335,7.183333333333334
1647639645,1.0,0.34899247,0.7561128,25388.633,6649.4297,19531.39,25499.59,22275.053,11324.147,14669.685,15148.682,22164.953,100.0,65.0,42.903618,0.19975098876662012,-0.5708927010679044,0.8210246792072651,1.0,3.6666666666666665,7.1
1647639842,1.0,0.27233338,1.1017753,28591.473,4264.197,14841.295,19879.52,25755.148,11483.982,3157.537,32953.703,28546.389,100.0,510.41797,66.00098,0.20036112823149374,-0.5590723189293935,0.8291188950970244,1.0,6.95,3.816666666666667
1647639849,1.0,0.1,1.1948322,25137.828,8286.99,17789.09,20057.09,11865.375,165.0,5785.8076,23656.908,17781.22,100.0,164.51117,38.101765,0.20038280831400193,-0.5586501799168556,0.8294033858617077,1.0,7.066666666666666,3.7
1647639851,1.0,0.35677004,1.0759711,25253.602,101.13,15402.268,18526.105,24320.775,3627.269,175.0,22104.242,23647.465,100.0,238.47037,52.348186,0.20038900262328999,-0.5585295421758536,0.8294846294638807,1.0,7.1,3.6666666666666665
1647639855,9.746008,0.48335287,1.010372,24523.934,4223.4946,16264.065,21179.91,29014.01,2607.087,175.0,35067.945,28044.908,100.0,442.3372,61.593063,0.2004013912418661,-0.5582882312510223,0.8296470640257849,1.0,7.166666666666667,3.6
1647639857,1.0,0.1324575,1.3066299,20696.188,101.13,14717.025,19057.352,18601.174,423.45605,1575.168,28900.957,29082.963,176.77597,280.91373,51.45723,0.20040758555115415,-0.5581675580722965,0.8297282549820812,1.0,7.2,3.566666666666667
1647639863,1.0,0.37807977,1.1281235,31695.373,3719.8066,25394.156,21735.828,22332.46,5611.4634,175.0,27574.92,20886.45,100.0,554.72705,51.836163,0.2004261684790183,-0.557805467701516,0.8299717225317337,1.0,7.3,3.466666666666667
1647639871,1.0,0.5731298,1.4105151,27461.676,6215.194,22271.777,17844.934,20286.227,6247.073,175.0,22211.19,28103.139,100.0,652.0549,42.2057,0.20045094571617056,-0.5573225153550567,0.8302961001223073,1.0,7.433333333333334,3.3333333333333335
1647640071,41.0,0.5,0.48165503,51517.0,44402.996,45685.004,46306.008,46820.004,48112.0,49204.004,49994.004,51399.004,200.0,512.0,31.354881,0.20107037664497626,-0.5451878269259415,0.8383139229261134,0.0,0.0,0.0
1647640078,41.0,0.5,0.481781,55122.0,44995.992,46193.996,46986.004,47290.0,48685.004,49507.0,51211.996,52227.016,200.0,128.0,31.154177,0.20109205672748445,-0.5447610089435383,0.8385913445384576,0.0,0.0,0.0
1647640081,41.0,0.5,0.48159298,52495.004,44512.008,46098.004,46507.0,46995.004,47916.992,48696.004,49693.996,51206.004,200.0,640.0,31.649792,0.20110134819141653,-0.5445780437301277,0.8387101729960518,0.0,0.0,0.0
1647640085,41.0,0.5,0.48186797,51100.992,44304.008,45586.0,46316.0,46991.996,48301.0,49020.004,50388.996,50782.008,200.0,255.99997,31.076351,0.20111373680999267,-0.5443340497937612,0.8388685488413087,0.0,0.0,0.0
1647640087,41.0,0.5,0.48196697,52617.0,44718.0,46315.996,47001.996,47515.0,48704.004,49324.008,50689.0,50805.0,200.0,896.0,31.100927,0.20111993111928073,-0.5442120355520345,0.8389477101466521,0.0,0.0,0.0
1647640090,41.0,0.5,0.48159903,50987.004,45929.0,47020.004,48003.008,48300.008,49227.0,49936.0,50632.004,50804.0,200.0,1024.0,30.879745,0.2011292225832128,-0.5440289926047733,0.8390664188283521,0.0,0.0,0.0
1647640103,41.0,0.5,0.481813,52007.008,44782.0,45707.004,46513.004,47000.0,48101.0,48910.996,50176.004,51397.008,200.0,768.0,31.5392,0.20116948559358516,-0.5432355073939177,0.8395803615535995,0.0,0.0,0.0
1647640307,51.0,0.5,0.48211807,67018.984,56393.996,58209.01,59904.99,60417.996,62102.992,64315.004,65815.0,67007.01,200.0,512.0,32.4608,0.201801305140967,-0.5307207606770923,0.8475467386441462,0.0,0.0,0.0
1647640311,51.0,0.5,0.48178297,64299.0,55210.0,57323.01,58126.996,58723.0,59993.004,60919.004,61613.004,62521.008,200.0,640.0,32.239616,0.2018136937595431,-0.5304741968742834,0.8477010831953584,0.0,0.0,0.0
1647640315,51.0,0.5,0.48154303,66102.0,56411.0,58611.004,59797.0,60404.99,62195.992,63692.99,65015.008,65992.0,200.0,128.0,32.063484,0.20182608237811922,-0.5302275881848977,0.8478553560175383,0.0,0.0,0.0
1647640317,51.0,0.5,0.481401,63698.008,55698.996,57607.01,58309.004,58797.008,60387.99,62097.992,63099.0,63682.996,200.0,255.99997,32.27648,0.20183227668740727,-0.530104267014259,0.8479324655261616,0.0,0.0,0.0
1647640320,51.0,0.5,0.48194006,66719.01,55388.992,56920.004,58419.996,59028.99,60707.0,61998.004,63008.004,65698.016,200.0,896.0,32.19456,0.20184156815133936,-0.529919264233205,0.8480480961564258,0.0,0.0,0.0
1647640325,51.0,0.5,0.48131704,64244.004,55731.004,57996.992,58884.0,59304.004,60531.008,62012.004,62497.0,63511.008,200.0,1024.0,31.981567,0.20185705392455952,-0.529610870219604,0.8482407241728221,0.0,0.0,0.0
1647640340,51.0,0.5,0.481672,65094.99,56589.004,57990.99,58800.0,59298.977,61400.008,62005.98,63602.01,64495.004,200.0,768.0,32.54272,0.20190351124421993,-0.5286852682151311,0.8488179352324591,0.0,0.0,0.0
1647640399,1.0,0.5,0.48154303,470.99902,283.0,297.0,308.0,317.0,372.00195,389.99805,402.00195,459.99902,300.0,512.0,32.329727,0.20208624336821762,-0.5250384738973903,0.8510784928122079,0.0,0.0,0.0
1647640402,1.0,0.5,0.48123002,461.99902,276.0,297.0,305.99902,313.99902,360.99805,383.0,395.0,404.00098,300.0,640.0,32.108543,0.2020955348321497,-0.5248527848802176,0.8511930181829971,0.0,0.0,0.0
1647640412,1.0,0.19094676,1.3186631,33129.363,101.13,19833.824,31288.94,7135.4854,22142.418,37680.72,10249.624,27364.246,100.0,65.0,53.10906,0.20212650637858998,-0.5242336411199481,0.8515744767888017,1.0,0.16666666666666666,10.65
1647640413,1.0,0.1,1.4037406,46213.33,101.13,24574.234,29713.72,12522.514,22018.418,40824.492,14776.707,28668.117,100.0,65.0,54.60619,0.20212960353323403,-0.5241717114902738,0.8516125978831908,1.0,0.18333333333333332,10.633333333333333
1647640418,1.0,0.40926164,1.401538,32479.902,984.60156,20019.867,36941.97,10906.822,25589.977,31676.287,13485.226,30172.447,100.0,65.0,57.870987,0.20214508930645417,-0.5238620217672475,0.8518031357948455,1.0,0.26666666666666666,10.55
1647640419,1.0,0.62850904,1.4806511,23984.234,101.13,18141.266,36078.293,5807.839,16109.703,40551.504,11132.057,25501.826,100.0,65.0,58.224472,0.2021481864610982,-0.5238000755100044,0.8518412298637075,1.0,0.2833333333333333,10.533333333333333
1647640436,1.0,0.6124556,0.79101205,30179.486,101.13,19112.133,31520.826,14375.63,19379.66,36177.383,14830.119,31323.955,100.0,65.0,52.04502,0.2022008380900467,-0.5227465655766408,0.8524881396112364,1.0,0.5666666666666667,10.25
1647640437,1.0,0.556328,1.1845728,21832.36,101.13,19766.547,33249.28,8574.306,14171.055,27111.809,10368.293,12371.664,100.0,65.0,44.871967,0.2022039352446907,-0.5226845695074632,0.8525261525600243,1.0,0.5833333333333334,10.233333333333333
1647640712,1.0,0.7365949,1.315401,19855.924,6936.047,10667.523,26439.824,18689.11,5645.689,8838.688,23802.848,21669.744,100.0,308.0014,50.159477,0.20305565277179854,-0.505531888400047,0.8628079217361663,1.0,5.166666666666667,5.65
1647640720,1.0,0.11556983,1.3432903,21640.918,1098.8457,12597.887,13530.658,19644.48,7282.086,175.0,29244.268,28270.012,100.0,322.49387,73.23541,0.2030804300089508,-0.5050298415746904,0.8631018822358361,1.0,5.3,5.516666666666667
1647640725,1.0,0.35262066,0.90051365,43804.33,2548.2056,22680.543,26281.271,23061.43,9143.049,10495.913,24676.438,28554.64,100.0,79.00864,54.349503,0.20309591578217093,-0.5047159754954724,0.8632854592078183,1.0,5.383333333333334,5.433333333333334
1647640727,1.0,0.15709269,1.5412593,31200.525,101.13,23145.527,21774.027,10290.49,11327.668,175.0,19644.928,21966.23,100.0,163.17194,58.319584,0.20310211009145898,-0.5045904103771395,0.8633588580395929,1.0,5.416666666666667,5.4
1647640734,1.0,0.27967304,0.88135386,30981.084,101.13,21011.832,21751.062,17461.758,6444.12,175.0,18312.523,21441.535,100.0,234.34268,55.992973,0.20312379017396717,-0.504150848421876,0.8636156101156942,1.0,5.533333333333333,5.283333333333333
1647640747,1.0,0.1792382,1.5282006,21112.746,1484.2891,16299.942,23006.781,18035.762,7763.958,5862.2915,17373.578,23496.947,100.0,137.6232,40.43423,0.20316405318433955,-0.5033341725567373,0.8640918416098052,1.0,5.75,5.066666666666666
1647640751,1.0,0.1,0.7550459,32029.45,101.13,14827.729,20685.945,23546.299,2728.0908,7746.6006,23746.047,33142.95,100.0,226.55786,61.29873,0.20317644180291566,-0.5030827971373043,0.8642382190255797,1.0,5.816666666666666,5.0
1647641035,1.0,0.1,1.5040005,19082.625,3206.3857,10576.952,17704.67,21805.469,165.0,175.0,43019.36,19664.895,419.9833,530.38477,61.064934,0.20405603372181977,-0.48512760889024525,0.874443367573014,1.0,10.55,0.26666666666666666
1647641038,1.0,0.35683894,1.9239987,23058.025,5164.834,15385.861,13737.22,21125.55,165.0,175.0,33173.113,25795.44,152.71503,808.24176,62.587894,0.20406532518575185,-0.4849368233979967,0.8745491851878088,1.0,10.6,0.21666666666666667
1647641047,1.0,0.53231573,1.9239987,18556.645,9921.8125,15567.83,10056.411,20589.334,165.0,175.0,41301.484,18703.508,671.09717,717.8357,41.81001,0.2040931995775481,-0.4843643284698927,0.8748663882593215,1.0,10.75,0.06666666666666667
1647641051,21.0,0.5,0.49995294,27896.0,21796.0,22583.0,23097.0,23316.0,24403.998,25789.0,27085.0,27295.0,300.0,255.99997,29.945854,0.20410558819612423,-0.48410981966450484,0.8750072471153599,0.0,0.0,0.0
1647641052,21.0,0.5,0.500015,27697.0,21801.0,22504.004,23087.0,23697.0,24397.002,25291.0,26703.0,27005.0,300.0,128.0,31.051777,0.20410868535076826,-0.484046186061784,0.875042450261152,0.0,0.0,0.0
1647641060,21.0,0.5,0.499914,28508.004,21901.0,22698.0,23185.996,23497.998,24505.0,25310.0,26188.998,26802.0,300.0,384.0,30.8224,0.20413346258792048,-0.48353702511272123,0.8753239088161249,0.0,0.0,0.0
1647641072,21.0,0.5,0.499922,27787.0,21984.0,22582.0,23108.0,23397.002,24409.0,25796.998,26711.0,27503.0,300.0,1024.0,30.691326,0.20417062844364883,-0.482772976880921,0.8757455411211259,0.0,0.0,0.0
1647641078,21.0,0.5,0.49993303,27597.998,22011.998,22785.004,23286.0,23597.0,24511.0,25503.0,26006.0,26900.0,300.0,768.0,31.064064,0.204189211371513,-0.48239081485891067,0.8759561071993026,0.0,0.0,0.0
1647641363,31.0,0.5,0.49996102,38697.0,32321.0,33195.0,33884.004,34288.0,35286.0,35882.0,36307.0,37482.0,300.0,640.0,31.391747,0.20507190044506113,-0.46413363301622534,0.8857651893719689,0.0,0.0,0.0
1647641366,31.0,0.5,0.49995998,37797.0,33014.008,33881.008,34318.004,34604.0,35589.0,36295.0,37206.0,37654.004,300.0,512.0,32.05939,0.2050811919089932,-0.4639403779852703,0.885866426542334,0.0,0.0,0.0
1647641378,31.0,0.5,0.49999002,38596.008,32988.0,33908.0,34487.0,34798.0,35501.0,36666.0,37201.0,37787.0,300.0,896.0,31.522816,0.20511835776472154,-0.4631671371341988,0.8862709535344765,0.0,0.0,0.0
1647641380,31.0,0.5,0.500015,39001.0,32694.002,33778.0,34303.0,34793.004,35690.0,36491.0,37198.0,38292.004,300.0,128.0,31.555584,0.20512455207400962,-0.4630382293507045,0.8863383090895736,0.0,0.0,0.0
1647641383,31.0,0.5,0.500017,39603.992,33312.0,34207.0,34704.996,35102.0,36093.992,36803.0,37606.0,38696.0,300.0,255.99997,31.088642,0.2051338435379417,-0.4628448493104931,0.8864393072662938,0.0,0.0,0.0
1647641391,31.0,0.5,0.499905,37789.0,32987.004,33711.0,34198.0,34593.0,35481.996,36106.0,37004.0,37403.004,300.0,384.0,31.506432,0.20515862077509392,-0.462329061527111,0.8867084294555121,0.0,0.0,0.0
1647641406,31.0,0.5,0.500055,39107.0,33015.004,34217.0,34807.0,35186.0,36209.0,37403.0,38413.0,38896.0,300.0,1024.0,31.256577,0.20520507809475436,-0.46136153780361044,0.8872122245750944,0.0,0.0,0.0
1647641410,31.0,0.5,0.49982607,38710.004,33082.0,33914.0,34707.004,34986.0,35782.0,36779.996,37192.0,37502.008,300.0,768.0,31.465473,0.20521746671333047,-0.46110343871326515,0.8873463916683282,0.0,0.0,0.0
1647641700,41.0,0.5,0.49996102,53169.0,44481.016,45592.004,46599.004,47191.016,48867.996,49976.008,50673.992,51381.0,300.0,640.0,32.37069,0.20611564156009873,-0.4422886902190014,0.8968727415326883,0.0,0.0,0.0
1647641712,41.0,0.5,0.499911,53296.0,45881.99,47113.004,47880.996,48397.992,49792.004,50580.0,51095.004,51805.996,300.0,512.0,32.333824,0.2061528074158271,-0.4415058527917454,0.8972583696743284,0.0,0.0,0.0
1647641717,41.0,0.5,0.49999002,51406.004,44801.996,45916.996,46988.008,47385.996,48199.0,48991.0,50106.0,51105.0,300.0,896.0,31.784962,0.20616829318904722,-0.44117957126282464,0.897418846414733,0.0,0.0,0.0
1647641721,2.4617004,0.87854975,1.8041179,32430.729,4490.826,21491.959,29668.852,4048.6895,17693.082,28844.97,14577.242,29152.035,100.0,65.0,52.755215,0.20618068180762333,-0.44091850404043587,0.8975471423801338,1.0,0.06666666666666667,8.166666666666666
1647641727,1.0,0.32652456,1.405114,35602.45,101.13,24488.205,21554.957,11976.199,28256.885,20948.2,13460.621,22113.92,100.0,65.0,47.538902,0.2061992647354875,-0.4405268332598726,0.8977394439245879,1.0,0.16666666666666666,8.066666666666666
1647641737,1.0,0.31803322,0.8424908,27125.254,2536.8057,18917.809,22118.84,12683.027,24159.395,18977.367,2948.204,32811.7,100.0,65.0,58.782883,0.2062302362819278,-0.43987386228445285,0.8980595666652398,1.0,0.3333333333333333,7.9
1647641745,1.0,1.1647651,1.5130968,25249.17,3583.5742,13914.561,40221.656,8525.492,21426.496,27186.977,15680.27,30262.984,100.0,65.0,54.879234,0.20625501351908002,-0.4393513179959942,0.8983153229101587,1.0,0.4666666666666667,7.766666666666667
1647641752,1.0,0.45490465,1.3331636,35167.67,5699.9375,16033.518,37871.086,8435.723,21150.408,24667.59,6425.3438,28922.367,100.0,65.0,37.299995,0.20627669360158823,-0.43889396975337513,0.8985388602136936,1.0,0.5833333333333334,7.65
1647642046,1.0,0.18941766,1.5048118,28345.426,625.3096,17761.613,22264.06,27160.982,18154.496,175.0,29089.516,33001.07,100.0,515.09503,55.63372,0.2071872570669326,-0.41958410889146897,0.9077164620991248,1.0,5.483333333333333,2.75
1647642060,1.0,0.26601952,1.4125384,27288.252,2496.46,15364.668,12413.758,16554.521,371.9922,175.0,20868.805,16510.135,100.0,446.26797,52.37274,0.20723061723194902,-0.4186597375374281,0.9081431738250813,1.0,5.716666666666667,2.5166666666666666
1647642069,12.975721,0.1,1.9239987,29719.025,4225.672,19038.969,14183.801,14519.871,3399.3774,175.0,22407.035,21751.0,100.0,442.971,49.30913,0.20725849162374527,-0.4180652695922447,0.9084169914531343,1.0,5.866666666666666,2.3666666666666667
1647642072,16.192928,0.7207787,1.5429533,20326.154,3491.085,14563.297,19005.395,16651.803,6458.9756,175.0,24662.547,13555.911,100.0,542.55695,54.104702,0.20726778308767735,-0.4178670738010768,0.9085081775267217,1.0,5.916666666666667,2.316666666666667
1647642074,1.0,0.64279336,1.3902328,19014.03,5697.337,15739.936,17234.531,19254.4,2437.9473,175.0,25651.305,18433.7,100.0,444.29828,50.20849,0.2072739773969654,-0.41773493222360597,0.9085689442195013,1.0,5.95,2.283333333333333
1647642094,6.3586445,0.37947643,1.4311478,21256.01,2471.5752,16364.131,22536.121,16028.295,12780.816,175.0,22519.402,24424.254,103.087006,629.3404,56.612335,0.20733592048984598,-0.41641303088844306,0.909175553843316,1.0,6.283333333333333,1.95
1647642098,1.0,0.665301,1.1988878,21778.104,2824.3882,12441.463,18730.758,16359.102,5035.91,175.0,31437.82,30625.326,100.0,681.2811,63.305367,0.20734830910842209,-0.41614854482636093,0.9092966450168516,1.0,6.35,1.8833333333333333
1647642107,1.0,0.16552907,1.339995,19159.812,2280.8452,16300.814,11513.055,14502.571,165.0,175.0,20725.805,14929.038,100.0,376.45862,38.355473,0.20737618350021836,-0.41555332247395943,0.9095688188261807,1.0,6.5,1.7333333333333334
1647642187,1.0,0.3256513,1.3744895,20183.424,3338.3218,17766.81,19588.648,10907.34,165.0,175.0,14842.959,24123.402,324.50375,438.73035,41.639355,0.20762395587174062,-0.4102546629691586,0.9119710036574968,1.0,7.833333333333333,0.4
1647642198,1.0,0.1,1.057154,28416.07,9742.736,12648.517,18500.297,26770.62,165.0,175.0,32580.871,23729.875,100.0,352.12833,42.10725,0.20765802457282495,-0.40952500735239983,0.9122988920047075,1.0,8.016666666666667,0.21666666666666667
1647642206,1.0,0.9342481,1.6892052,13180.49,4291.555,15299.462,4474.611,10777.578,165.0,175.0,23198.348,17968.525,727.85785,602.72705,49.965797,0.20768280180997717,-0.4089941840967207,0.9125369895927823,1.0,8.15,0.08333333333333333
1647642211,1.0,0.5,0.499914,541.0,306.0,326.0,372.0,383.99902,402.00098,427.0,475.0,493.00098,400.0,128.0,32.98509,0.2076982875831973,-0.4086623492541727,0.9126856437471013,0.0,0.0,0.0
1647642234,1.0,0.5,0.49980897,490.99902,314.00098,361.99902,380.99902,387.0,406.99902,423.00098,477.00098,484.00098,400.0,384.0,30.191616,0.20776952214000996,-0.4071352137472571,0.9133678983448976,0.0,0.0,0.0
1647642235,1.0,0.5,0.499892,491.99902,306.0,327.99902,372.0,382.99805,404.0,415.99902,474.00195,484.00098,400.0,1024.0,32.8704,0.20777261929465402,-0.40706879068279805,0.913397503637953,0.0,0.0,0.0
1647642241,1.0,0.5,0.49991804,488.00098,302.0,317.00098,364.99902,379.0,399.00098,416.99805,472.0,481.99805,400.0,768.0,33.345535,0.20779120222251818,-0.40667020709991936,0.9135750339503093,0.0,0.0,0.0
1647642595,10.999998,0.5,0.499958,12898.0,10896.0,11202.0,11495.0,11599.0,11891.0,12203.0,12416.0,12615.0,400.0,640.0,31.301632,0.20888759496650428,-0.38301933913772973,0.92374032381752,0.0,0.0,0.0
1647642605,10.999998,0.5,0.49996704,13297.0,10890.0,11286.0,11493.0,11600.0,11893.0,12113.0,12414.0,12505.0,400.0,512.0,30.91251,0.20891856651294455,-0.3823474749969466,0.9240186190567046,0.0,0.0,0.0
1647642618,10.999998,0.5,0.5000429,13287.0,11003.0,11307.0,11504.0,11695.0,11993.0,12320.0,12988.0,13187.0,400.0,896.0,31.547392,0.20895882952331693,-0.38147374937158324,0.9243796722886037,0.0,0.0,0.0
1647642620,10.999998,0.5,0.49992096,13098.0,10902.0,11238.0,11406.0,11585.0,12007.0,12203.0,12501.0,12997.0,400.0,255.99997,30.80192,0.20896502383260498,-0.38133929976371245,0.9244351456190539,0.0,0.0,0.0
1647642623,10.999998,0.5,0.500022,12888.0,10994.0,11301.0,11508.0,11609.0,11906.0,12184.0,12497.0,12688.0,400.0,128.0,31.526913,0.20897431529653707,-0.38113761022745696,0.92451831894782,0.0,0.0,0.0
1647642640,10.999998,0.5,0.49994302,12994.0,10807.0,11118.0,11321.0,11495.0,11905.0,12216.0,12507.0,12711.0,400.0,1024.0,30.949375,0.20902696692548556,-0.37999436047779916,0.924988803178216,0.0,0.0,0.0
1647642642,10.999998,0.5,0.49991804,12894.0,10906.0,11208.0,11493.0,11595.0,11992.0,12194.0,12500.0,12697.0,400.0,384.0,31.420414,0.2090331612347736,-0.3798598222910795,0.9250440613338315,0.0,0.0,0.0
1647642659,10.999998,0.5,0.49995202,13405.0,11192.0,11518.0,11800.0,11913.0,12307.0,12704.0,12905.0,13207.0,400.0,768.0,32.661503,0.2090858128637221,-0.37871592355594835,0.9255129654657276,0.0,0.0,0.0
1647643020,21.0,0.5,0.49999604,27365.0,21510.0,22287.0,22692.002,23011.0,23792.998,24808.0,25517.0,26699.0,400.0,640.0,31.698942,0.2102038856902164,-0.3542910379977158,0.9351352096860117,0.0,0.0,0.0
1647643031,21.0,0.5,0.499911,27400.0,21619.002,22410.0,22902.002,23201.0,24004.998,24806.0,25310.0,25895.998,400.0,512.0,31.522816,0.21023795439130072,-0.35354287025413095,0.9354183229403146,0.0,0.0,0.0
1647643043,21.0,0.5,0.50002694,27493.0,21692.0,22287.0,22696.0,22910.002,23710.998,24421.0,25096.0,26510.0,400.0,896.0,31.666178,0.21027512024702905,-0.3527264292576626,0.9357264910769274,0.0,0.0,0.0
1647643047,21.0,0.5,0.49996102,26300.0,21704.0,22493.0,22891.0,23209.996,23947.0,24478.0,24956.0,25495.002,400.0,255.99997,31.031296,0.21028750886560515,-0.35245422253556946,0.9358290554459437,0.0,0.0,0.0
1647643049,7.3508472,0.1,1.2168722,14042.123,101.13,27283.025,19108.455,7799.798,17551.36,43467.555,14576.099,12507.399,311.75146,65.0,65.37666,0.21029370317489324,-0.35231810798936536,0.9358803079362199,1.0,0.03333333333333333,14.816666666666666
1647643065,1.0,0.40838364,0.77466834,32530.766,101.13,26286.021,35727.96,13348.234,23676.146,31427.787,19369.766,24910.281,100.0,65.0,57.846386,0.21034325764919767,-0.3512289235560497,0.936289615053835,1.0,0.3,14.55
1647643067,1.0,0.35865992,1.1960721,15326.088,101.13,17654.393,31607.113,7109.659,17121.898,50510.406,10968.453,21415.146,100.0,65.0,53.72814,0.21034945195848573,-0.3510927420371262,0.9363406893267279,1.0,0.3333333333333333,14.516666666666667
1647643090,1.0,0.27992934,1.2804637,21065.201,101.13,22686.32,32012.752,12861.469,18006.941,49965.023,10083.686,25935.174,100.0,65.0,63.609673,0.21042068651529838,-0.34952612147788514,0.9369266195410538,1.0,0.7166666666666667,14.133333333333333
1647643453,1.0,0.55401874,0.9034277,25965.094,101.13,10460.6,31490.963,24600.781,4124.1143,20664.168,24145.223,19705.818,100.0,211.27591,50.172794,0.21154495365108075,-0.3246741284357511,0.9458259408181219,1.0,6.766666666666667,8.083333333333334
1647643466,1.0,0.1,1.7536945,28056.387,2319.7974,20241.734,20517.803,14987.832,11155.839,14087.643,25332.23,23585.719,100.0,360.34155,47.119404,0.21158521666145313,-0.32377981223492525,0.9461324606994078,1.0,6.983333333333333,7.866666666666666
1647643477,1.0,0.1,1.2506615,36754.156,847.3379,24011.586,22789.633,26978.797,8170.878,20479.156,18590.049,27122.592,100.0,125.901245,47.960323,0.21161928536253743,-0.323022857085188,0.9463911632092314,1.0,7.166666666666667,7.683333333333334
1647643483,1.0,0.1,1.3710288,26127.477,2822.2412,14723.811,32206.896,16042.154,12190.877,8411.781,25150.943,24078.715,100.0,65.0,48.73503,0.2116378682904016,-0.32260988530355,0.9465320184253834,1.0,7.266666666666667,7.583333333333333
1647643489,1.0,0.5447161,0.84637344,32187.768,101.13,23945.21,25126.752,30333.314,11788.893,15179.005,23819.027,25311.215,100.0,374.46838,58.387188,0.2116564512182658,-0.32219685210154364,0.9466726934351999,1.0,7.366666666666666,7.483333333333333
1647643494,1.0,0.1,1.4209373,19314.562,101.13,16514.32,23162.824,17606.006,3454.4692,17113.045,26684.521,21176.74,100.0,410.66827,60.87952,0.21167193699148593,-0.321852610904934,0.9467897849331061,1.0,7.45,7.4
1647643495,1.0,0.23052323,0.9554746,21078.328,3560.417,12844.555,26512.992,19279.273,9531.942,12305.584,23285.121,29108.36,100.0,65.0,51.82608,0.21167503414612995,-0.3217837575578055,0.9468131882118982,1.0,7.466666666666667,7.383333333333334
1647643524,1.0,0.35000634,0.81738675,21094.08,101.13,10146.437,24145.637,19229.709,1081.4326,6830.885,28943.746,26788.3,100.0,65.0,65.34328,0.21176485163080677,-0.319786271707452,0.9474897046551206,1.0,7.95,6.9
1647643898,1.0,0.1,1.239059,25943.893,6012.7944,12146.614,26238.625,27935.582,165.0,175.0,34527.133,24595.691,177.66995,197.60349,46.63043,0.21292318746767344,-0.29390130766376604,0.9558357711205039,1.0,14.183333333333334,0.6666666666666666
1647643907,1.0,0.25752604,1.8052676,26479.102,4262.5283,15122.805,25230.723,14677.979,165.0,175.0,29506.85,22131.5,401.24957,361.38116,71.21193,0.21295106185946971,-0.29327565171014985,0.9560279243379802,1.0,14.333333333333334,0.5166666666666667
1647643929,1.0,0.1,1.5985632,25509.234,7891.1094,10455.266,14304.856,23819.959,165.0,175.0,42767.844,15046.025,448.09155,609.52783,70.18031,0.21301919926163834,-0.29174574214689697,0.9564959079573505,1.0,14.7,0.15
1647643930,1.0,1.2467031,1.8876754,20917.312,6841.0444,16748.293,15324.768,19185.59,165.0,175.0,44425.203,17707.945,740.72974,650.4342,48.57336,0.21302229641628237,-0.29167618303019427,0.9565171217771988,1.0,14.716666666666667,0.13333333333333333
1647643938,41.0,0.5,0.500009,54891.99,44697.004,45812.992,46998.992,47414.004,48918.996,50196.996,51760.0,52202.996,400.0,128.0,34.16883,0.2130470736534346,-0.2911196545964484,0.9566866502192055,0.0,0.0,0.0
1647643939,41.0,0.5,0.499879,51285.004,44497.01,45505.004,46299.004,46806.01,48007.996,49080.984,49912.004,50804.0,400.0,384.0,32.878593,0.21305017080807861,-0.29105008161023255,0.9567078185081781,0.0,0.0,0.0
1647643942,41.0,0.5,0.499976,52283.004,44596.016,45901.004,46686.0,47124.992,48507.004,49904.0,50930.99,51599.996,400.0,1024.0,33.632256,0.2130594622720107,-0.2908413534177537,0.9567712930173696,0.0,0.0,0.0
1647643976,41.0,0.5,0.500078,53793.004,44995.992,46409.0,47313.004,47868.01,49206.996,50812.996,51806.008,53099.984,400.0,768.0,33.349632,0.21316476552990768,-0.2884748021549752,0.95748748739691,0.0,0.0,0.0
1647644348,51.0,0.5,0.49998504,66107.0,55665.0,57296.965,58506.004,59098.0,61406.992,62096.01,64299.0,64683.004,400.0,640.0,34.848766,0.2143169070574863,-0.262469879463623,0.9649401859049872,0.0,0.0,0.0
1647644365,51.0,0.5,0.499911,66984.99,56585.0,58092.008,59406.996,59991.0,61598.01,62915.008,64303.02,64684.996,400.0,512.0,34.46784,0.21436955868643479,-0.26127674787211713,0.9652639333474395,0.0,0.0,0.0
1647644383,51.0,0.5,0.499978,65190.984,56298.0,57771.008,58799.008,59509.008,60789.004,61990.008,63289.992,63712.008,400.0,255.99997,34.934784,0.21442530747002728,-0.2600129968535859,0.9656051167362449,0.0,0.0,0.0
1647644389,51.0,0.5,0.4999,63974.996,55999.0,57402.98,58303.99,58687.992,60290.992,60990.004,62004.0,62704.0,400.0,384.0,34.51699,0.21444389039789147,-0.25959164740152446,0.9657184768861796,0.0,0.0,0.0
1647644391,51.0,0.5,0.500062,66797.0,57491.004,59007.0,60085.984,60590.027,62205.992,63503.0,64497.992,65596.0,400.0,896.0,34.680832,0.21445008470717952,-0.2594511865974122,0.9657562227462968,0.0,0.0,0.0
1647644393,51.0,0.5,0.49997902,63915.008,56094.984,57705.008,58596.992,59180.0,60601.996,61911.99,62812.996,63406.0,400.0,1024.0,34.6112,0.21445627901646758,-0.2593107203048719,0.9657939481768192,0.0,0.0,0.0
1647644396,51.0,0.5,0.500009,66293.01,56799.996,58402.992,59294.992,60103.01,61207.992,62605.99,63985.996,64607.008,400.0,128.0,34.67264,0.21446557048039966,-0.2591000105817623,0.965850498015366,0.0,0.0,0.0
1647644442,51.0,0.5,0.49996102,66568.0,57883.01,59208.992,60294.996,60689.992,62188.99,63502.008,64782.01,65686.0,400.0,768.0,34.705406,0.21460803959402497,-0.25586758989118286,0.9667118373348272,0.0,0.0,0.0
1647644506,1.0,0.5,0.499871,526.999,295.00098,308.0,320.99902,359.00098,393.0,419.00098,477.00098,483.0,500.0,640.0,34.332672,0.2148062574912428,-0.25136555368396757,0.9678922245896763,0.0,0.0,0.0
1647644531,1.0,0.5,0.499893,557.0,302.0,321.0,370.0,381.00098,405.00098,423.00098,483.99805,489.0,500.0,512.0,34.14016,0.2148836863573435,-0.24960546151165194,0.9683476202188733,0.0,0.0,0.0
1647644549,1.0,0.5,0.49989706,496.99902,298.00098,313.00098,327.99902,367.00098,391.0,404.99902,473.0,481.99805,500.0,896.0,31.162369,0.21493943514093602,-0.24833768395681433,0.9686735232920147,0.0,0.0,0.0
1647644552,1.0,0.5,0.49997902,526.999,297.0,311.99902,332.99902,369.99902,393.0,415.00098,472.0,485.0,500.0,1024.0,34.377728,0.2149487266048681,-0.24812634626901256,0.9687276791168868,0.0,0.0,0.0
1647644553,1.0,0.1,0.99198973,15827.83,101.13,19237.066,30980.31,3490.1284,20806.01,43749.496,11749.672,24291.2,100.0,65.0,63.60778,0.21495182375951213,-0.2480558977481508,0.9687457208124116,1.0,0.016666666666666666,17.133333333333333
1647644554,1.0,0.1,1.5997062,17734.008,101.13,22184.508,35435.688,9629.756,19842.738,66557.04,22248.383,21035.629,100.0,65.0,55.098743,0.21495492091415616,-0.24798544791544705,0.9687637573847274,1.0,0.03333333333333333,17.116666666666667
1647644603,1.0,0.5374898,1.7478892,8153.2295,101.13,14428.824,28151.805,7312.2524,17975.635,53199.168,16572.818,25506.768,100.0,65.0,60.604572,0.21510668149171355,-0.24453180686603768,0.9696412715178901,1.0,0.85,16.3
1647645003,1.0,0.1,1.3301464,14236.528,2454.689,17260.852,17796.004,28152.857,7048.249,18945.959,26347.504,17476.879,100.0,363.10535,55.329666,0.216345543349325,-0.21622661404143323,0.9763432036841231,1.0,7.516666666666667,9.633333333333333
1647645028,1.0,0.1,1.3016216,15940.153,101.13,17190.18,16552.387,26631.648,6530.5654,15958.135,29787.672,21937.271,100.0,507.63303,57.630363,0.2164229722154257,-0.21445121563655534,0.9767347009869177,1.0,7.933333333333334,9.216666666666667
1647645050,1.0,0.1,1.1079743,32723.535,101.13,18354.037,25210.14,20461.857,3293.8354,10977.012,30043.133,26306.95,100.0,234.0741,56.788364,0.21649110961759432,-0.2128882785037899,0.977076548114677,1.0,8.3,8.85
1647645051,1.0,0.24915206,1.1898243,42803.938,101.13,14345.549,31218.584,19495.379,165.0,26401.855,21343.691,37711.227,100.0,65.0,58.472107,0.21649420677223835,-0.21281722292922095,0.9770920272035252,1.0,8.316666666666666,8.833333333333334
1647645052,1.0,0.1,1.3031266,23371.053,5284.6523,15901.553,27054.5,19852.117,7063.498,18828.066,27555.28,21947.414,100.0,271.06348,52.894432,0.21649730392688238,-0.21274616622916878,0.9771075011250251,1.0,8.333333333333334,8.816666666666666
1647645053,1.0,0.1,0.4640341,18964.98,101.13,13249.464,13752.638,23838.32,11289.0625,6781.0356,18002.17,19246.271,100.0,228.6983,63.08728,0.2165004010815264,-0.21267510840400833,0.9771229698790953,1.0,8.35,8.8
1647645055,1.0,0.13753486,1.0320717,18769.19,3674.2358,20948.143,26157.951,18796.709,3424.6543,22404.453,35879.117,22119.324,100.0,139.73917,54.318893,0.21650659539081446,-0.2125329893798691,0.9771538918846183,1.0,8.383333333333333,8.766666666666667
1647645109,1.0,0.1,1.4032552,19429.248,4312.2656,16736.643,23965.277,22428.953,425.6211,8651.154,21513.895,20793.842,100.0,467.83408,59.59604,0.216673841741592,-0.20869408612144,0.9779809703761811,1.0,9.283333333333333,7.866666666666666
1647645520,2.5512238,0.27596062,1.5014399,23078.203,1500.5693,17278.785,23311.83,30359.695,165.0,759.00195,44162.84,24862.621,418.05606,567.66705,67.80861,0.21794677230028772,-0.17937458593745823,0.9837808485225586,1.0,16.133333333333333,1.0166666666666666
1647645544,1.0,0.1,1.6255662,31105.309,4086.0254,14699.635,33452.195,20026.512,165.0,175.0,29005.877,15309.205,438.57312,424.86533,67.59365,0.2180211040117444,-0.17765729211365602,0.9840924176919783,1.0,16.533333333333335,0.6166666666666667
1647645570,1.0,0.30335253,0.9360539,26486.627,3342.393,12063.195,36149.203,21820.625,165.0,175.0,36610.953,25966.46,472.04755,399.62036,70.130806,0.21810163003248914,-0.17579627993435398,0.9844265680898917,1.0,16.966666666666665,0.18333333333333332
1647645571,1.0,0.26836407,1.7127968,28234.465,4508.7573,18304.559,27450.006,17719.096,165.0,175.0,25781.598,14586.103,411.3908,238.64035,50.17693,0.21810472718713317,-0.1757246899493299,0.984439349753052,1.0,16.983333333333334,0.16666666666666666
1647645578,1.0,1.3323467,1.8055577,29635.277,2169.415,15738.285,24215.21,17389.47,165.0,175.0,51017.953,21554.363,672.99225,699.74725,63.732826,0.2181264072696414,-0.17522353405441593,0.9845286756176688,1.0,17.1,0.05
1647645581,21.0,0.5,0.499992,27403.0,21700.0,22288.0,22604.0,22811.0,23795.0,24605.0,25604.0,26003.0,500.0,896.0,32.28877,0.21813569873357347,-0.1750087390489849,0.984566880032273,0.0,0.0,0.0
1647645583,21.0,0.5,0.49996802,26800.0,21500.998,22195.0,22603.002,22897.002,23599.0,24296.0,25306.002,25516.002,500.0,128.0,33.071102,0.21814189304286152,-0.17486553775040148,0.984592323607727,0.0,0.0,0.0
1647645643,21.0,0.5,0.50002,28306.002,21791.0,22489.0,22900.0,23197.998,24406.002,25394.998,26593.0,27304.0,500.0,768.0,32.608257,0.21832772232150324,-0.1705677923292262,0.9853459434228843,0.0,0.0,0.0
1647646066,31.0,0.5,0.500022,40207.004,33067.0,33999.008,34714.0,35555.996,37001.004,37895.996,39095.0,39806.0,500.0,640.0,33.32096,0.2196378187359273,-0.1401812292224326,0.9901258621880795,0.0,0.0,0.0
1647646091,31.0,0.5,0.500019,41580.0,33206.0,34490.996,35208.0,35782.0,36996.992,37889.996,39350.0,40078.992,500.0,512.0,33.144833,0.219715247602028,-0.13838089892786304,0.9903790823780138,0.0,0.0,0.0
1647646106,31.0,0.5,0.49993303,39206.0,32391.0,33295.0,33927.0,34392.996,35488.0,36830.0,37634.0,38279.996,500.0,1024.0,32.854015,0.21976170492168845,-0.13730048082219037,0.9905294432605198,0.0,0.0,0.0
1647646114,31.0,0.5,0.50003,40597.008,32898.0,33892.0,34591.0,35083.0,36484.0,37509.996,39108.0,39610.004,500.0,255.99997,33.255424,0.21978648215884067,-0.1367241909483166,0.9906091538086695,0.0,0.0,0.0
1647646122,31.0,0.5,0.50000393,40791.0,33095.0,34084.004,34656.008,34995.0,36017.0,37192.0,38197.0,38872.0,500.0,384.0,33.44384,0.21981125939599291,-0.13614785479825403,0.9906885290714905,0.0,0.0,0.0
1647646127,31.0,0.5,0.50002694,42588.0,33015.004,34097.004,34791.0,35293.004,36410.004,37596.0,39009.0,39793.0,500.0,896.0,32.99328,0.21982674516921305,-0.13578762129151387,0.9907379683367306,0.0,0.0,0.0
1647646128,31.0,0.5,0.499999,41904.0,33106.0,34096.0,34795.0,35386.0,36391.0,37299.0,38197.0,39101.0,500.0,128.0,33.828865,0.21982984232385708,-0.13571557243430415,0.9907478404714436,0.0,0.0,0.0
1647646199,31.0,0.5,0.5000471,42302.0,33402.008,34692.004,35410.0,35808.0,37311.0,38501.996,39691.0,40410.004,500.0,768.0,33.468414,0.2200497403035831,-0.13059829177977378,0.9914353666196325,0.0,0.0,0.0
1647646627,41.0,0.5,0.500022,54705.996,45015.984,46218.996,47015.0,47487.008,48609.004,49479.004,50803.008,51989.004,500.0,640.0,33.980415,0.22137532249122732,-0.09968155558534961,0.9950193905025594,0.0,0.0,0.0
1647646656,41.0,0.5,0.499986,54802.008,45376.004,46688.0,47516.0,47991.008,49406.0,50607.992,53108.992,54000.0,500.0,512.0,33.910786,0.22146513997590414,-0.09758289975914985,0.9952273999818312,0.0,0.0,0.0
1647646668,41.0,0.5,0.49994302,52997.004,45385.992,46518.0,47502.0,48016.0,49294.004,50507.004,51510.004,52304.0,500.0,1024.0,33.787903,0.22150230583163247,-0.09671436296578445,0.9953121781612654,0.0,0.0,0.0
1647646680,41.0,0.5,0.5000479,53496.996,44899.0,46008.0,47011.0,47599.0,48798.992,49813.992,51114.996,52808.008,500.0,384.0,34.66035,0.22153947168736082,-0.09584575252022448,0.9953961983671787,0.0,0.0,0.0
1647646684,41.0,0.5,0.499987,53499.0,45800.01,47072.0,47806.01,48196.0,49593.004,50792.0,51799.992,52693.008,500.0,255.99997,34.238464,0.22155186030593693,-0.09555619945221194,0.9954240366528473,0.0,0.0,0.0
1647646693,1.0,0.1871599,1.1322627,22150.754,101.13,25688.793,25198.41,7211.408,16324.859,53869.293,6433.408,21942.176,145.85254,65.0,56.96788,0.2215797346977332,-0.09490467552361624,0.9954863648306576,1.0,0.15,13.116666666666667
1647646696,1.0,0.1,1.6116718,31656.443,101.13,25319.76,36655.285,8920.021,22079.576,37740.54,10761.828,19475.133,100.0,65.0,60.088543,0.2215890261616653,-0.09468749183271158,0.995507046127967,1.0,0.2,13.066666666666666
1647646768,1.0,0.54854465,0.8419465,20418.072,101.13,18224.055,28586.484,14019.07,18747.168,30472.54,5556.2886,16129.114,100.0,65.0,44.417946,0.22181202129603533,-0.08947375499255271,0.9959891802462176,1.0,1.4,11.866666666666667
1647647207,1.0,0.13114929,1.6631399,28749.27,1812.3345,8279.447,16595.207,24974.355,165.0,5446.684,41097.805,18512.816,100.0,353.158,62.56623,0.22317167218476386,-0.05763662827295713,0.9983376277999968,1.0,8.716666666666667,4.55
1647647232,1.0,0.1,1.6796925,33781.438,1377.8613,8128.8535,22095.8,14132.531,165.0,175.0,28754.475,30590.299,100.0,65.0,48.915558,0.22324910105086457,-0.05582150499316413,0.998440764181981,1.0,9.133333333333333,4.133333333333334
1647647249,1.0,0.1565175,1.2016848,27777.393,101.13,11264.477,11433.947,21139.088,165.0,175.0,30256.105,17437.854,100.0,192.01956,62.365868,0.22330175267981306,-0.05458711540673696,0.9985090118930182,1.0,9.416666666666666,3.85
1647647252,8.894815,0.8671779,1.2626797,30580.46,101.13,10831.635,23624.14,29596.854,165.0,3363.2227,45127.156,29424.385,100.0,496.81165,72.48952,0.22331104414374514,-0.054369273236032294,0.9985208971913335,1.0,9.466666666666667,3.8
1647647261,1.0,0.1,1.6954805,22117.355,5259.081,6090.211,16794.582,14945.047,165.0,5384.182,42449.258,31058.05,100.0,391.8298,59.98993,0.2233389185355414,-0.05371573123868397,0.9985562679275983,1.0,9.616666666666667,3.65
1647647278,1.0,0.25727975,1.251304,31263.709,5305.0957,12347.748,24063.766,22105.266,165.0,6684.093,31709.691,33630.523,191.48615,418.12845,51.489803,0.22339157016448988,-0.05248120046711777,0.9986219122358222,1.0,9.9,3.3666666666666667
1647647284,1.0,0.1,1.457645,14719.241,101.13,15313.021,16152.27,25668.361,165.0,5087.1533,25154.973,25067.281,259.7252,557.8479,64.20397,0.22341015309235404,-0.05204546447632672,0.9986447164169264,1.0,10.0,3.2666666666666666
1647647377,1.0,0.1,1.3654729,22906.39,940.6211,15158.3125,18596.666,27399.9,165.0,175.0,41175.953,17966.633,439.6395,441.44525,59.45923,0.22369818847424872,-0.04529034081947747,0.9989738660387746,1.0,11.55,1.7166666666666666
1647647411,1.0,0.3948093,1.4259822,31524.297,3597.849,12184.129,23630.54,17545.342,165.0,175.0,26399.156,24965.008,161.85645,303.9657,54.749996,0.22380349173214567,-0.0428201922886169,0.9990827949336161,1.0,12.116666666666667,1.15
1647647440,1.0,0.5574993,1.7462319,22693.656,1074.834,16677.05,16970.248,31857.764,165.0,1994.3652,32273.223,23910.406,285.9788,615.7667,60.348793,0.22389330921682252,-0.0407130934435965,0.9991708782897213,1.0,12.6,0.6666666666666666
1647647456,1.0,0.1,0.83841026,27782.688,101.13,17737.477,22171.355,25305.941,165.0,175.0,36849.86,18561.967,178.58322,241.02518,47.481262,0.22394286369112695,-0.03955047803836517,0.9992175737480485,1.0,12.866666666666667,0.4
1647647466,1.0,0.49519545,1.550285,22028.828,6968.125,11895.882,20161.113,27956.826,165.0,175.0,42479.418,17301.287,574.0251,482.85263,57.169155,0.22397383523756725,-0.0388238161190476,0.9992460714468455,1.0,13.033333333333333,0.23333333333333334
1647647467,1.0,0.52290213,1.9239987,22242.973,7252.4443,15815.605,16441.258,10394.124,165.0,175.0,42775.24,17060.521,566.8256,966.17413,48.57276,0.22397693239221128,-0.038751148791516615,0.9992488921521694,1.0,13.05,0.21666666666666667
1647647480,1.0,0.5,0.499833,505.99902,305.00098,327.0,374.0,385.0,401.0,419.99902,478.0,493.00098,600.0,128.0,32.51405,0.22401719540258364,-0.037806455024391165,0.9992850804242445,0.0,0.0,0.0
1647647489,1.0,0.5,0.499893,562.001,329.00195,378.99902,391.99902,398.0,419.00098,472.00098,485.0,498.00098,600.0,896.0,31.985664,0.2240450697943799,-0.03715241641781299,0.9993096106584373,0.0,0.0,0.0
1647647590,1.0,0.5,0.500014,511.00098,326.00098,378.0,390.0,396.00098,410.00098,464.99902,488.00098,493.00098,600.0,768.0,32.595966,0.22435788241342677,-0.029811623859401566,0.999555534766761,0.0,0.0,0.0
1647648029,10.999998,0.5,0.49994302,14719.0,11097.0,11409.0,11614.0,11798.0,12317.0,12896.0,13692.0,14193.0,600.0,640.0,33.41107,0.2257175333021553,0.0021089379495311737,0.9999977761878899,0.0,0.0,0.0
1647648055,10.999998,0.5,0.500014,14898.0,11003.0,11387.0,11511.0,11703.0,12195.0,12683.0,13407.0,14206.0,600.0,512.0,32.428032,0.22579805932290006,0.003999702204792417,0.9999920011591458,0.0,0.0,0.0
1647648074,10.999998,0.5,0.49995998,14712.0,11092.0,11392.0,11687.0,11797.0,12208.0,12894.0,13499.0,13901.0,600.0,1024.0,32.452606,0.22585690526113658,0.005381405886147109,0.999985520130511,0.0,0.0,0.0
1647648080,10.999998,0.5,0.499976,13896.0,11095.0,11405.0,11598.0,11698.0,12086.0,12300.0,12709.0,12893.0,600.0,255.99997,32.98099,0.22587548818900077,0.005817731354993834,0.9999830768577442,0.0,0.0,0.0
1647648081,10.999998,0.5,0.5000111,13697.0,11003.0,11388.0,11590.0,11699.0,12111.0,12506.0,12815.0,13096.0,600.0,384.0,33.611774,0.2258785853436448,0.005890452161027005,0.9999826511361778,0.0,0.0,0.0
1647648105,10.999998,0.5,0.49999303,14194.0,11199.0,11504.0,11800.0,11909.0,12297.0,12711.0,13191.0,13497.0,600.0,128.0,34.185215,0.22595291705510148,0.007635741275791754,0.9999708473026447,0.0,0.0,0.0
1647648108,10.999998,0.5,0.49997702,13889.0,11186.0,11499.0,11692.0,11812.0,12293.0,12604.0,13099.0,13308.0,600.0,896.0,32.95232,0.22596220851903356,0.007853900888711332,0.9999691576447897,0.0,0.0,0.0
1647648213,10.999998,0.5,0.500062,14393.0,11113.0,11507.0,11702.0,11890.0,12221.0,12701.0,13209.0,13507.0,600.0,768.0,33.95584,0.22628740975665657,0.015489177697862698,0.9998800354913804,0.0,0.0,0.0
1647648649,21.0,0.5,0.49996296,25494.0,21214.0,21807.0,22293.0,22587.0,23196.0,23908.998,24599.0,24906.998,600.0,640.0,33.45203,0.227637769181453,0.04717909190661298,0.9988864466428942,0.0,0.0,0.0
1647648676,21.0,0.5,0.499947,26561.0,21305.0,21906.0,22299.0,22500.0,23107.0,23712.0,24404.0,24904.0,600.0,512.0,32.714752,0.22772139235684177,0.04914030865287662,0.9987918852621401,0.0,0.0,0.0
1647648693,21.0,0.5,0.49998304,25134.0,21302.0,21803.996,22196.0,22383.0,23095.0,23505.0,23996.0,24606.0,600.0,1024.0,32.878593,0.22777404398579026,0.050375052110840715,0.9987303710836224,0.0,0.0,0.0
1647648700,21.0,0.5,0.500008,24800.0,21312.0,21891.0,22203.0,22497.0,23196.0,23610.002,24192.002,24599.0,600.0,255.99997,33.00557,0.22779572406829846,0.050883453616902524,0.9987045980408904,0.0,0.0,0.0
1647648702,21.0,0.5,0.500002,26113.998,21400.0,21902.0,22297.0,22512.0,23274.998,23901.996,24301.002,24909.0,600.0,384.0,33.296383,0.2278019183775865,0.05102870877395161,0.9986971867792875,0.0,0.0,0.0
1647648734,1.0,0.1,1.2295523,218.0,101.13,22341.57,17843.492,1521.8125,18795.836,59866.35,19587.576,20298.584,304.66937,65.0,73.23541,0.22790102732619544,0.05335264239070329,0.998575733507444,1.0,0.5333333333333333,23.566666666666666
1647648838,1.0,0.1,0.9170326,218.0,101.13,20184.832,26343.652,9748.352,19803.8,42360.215,24335.457,23206.395,100.0,65.0,73.23541,0.22822313140917438,0.06090336606789875,0.9981436670147237,1.0,2.2666666666666666,21.833333333333332
1647649284,1.0,0.35217905,1.2427897,16874.611,715.99414,10871.52,20274.217,23414.016,780.749,21796.363,40531.668,17815.566,100.0,151.37106,54.390297,0.22960446238041113,0.0932394858855002,0.9956437105068296,1.0,9.7,14.4
1647649316,1.0,0.1,1.284044,14690.826,1746.0083,13059.387,21543.926,14466.917,7227.7896,26974.082,32892.39,34598.773,100.0,378.13043,63.561253,0.22970357132902003,0.09555619945221204,0.9954240366528473,1.0,10.233333333333333,13.866666666666667
1647649322,1.0,0.1,0.8364662,10145.417,297.55176,10237.168,18351.69,22517.66,3596.996,21928.74,30837.523,22047.797,100.0,65.0,63.57936,0.2297221542568842,0.09599052601448149,0.9953822476392992,1.0,10.333333333333334,13.766666666666667
1647649337,1.0,0.1,0.8937081,23046.559,101.13,22772.68,14842.307,23380.639,11148.788,18862.207,39950.78,20367.63,100.0,311.57397,69.05271,0.22976861157654463,0.09707626228509991,0.9952769460309802,1.0,10.583333333333334,13.516666666666667
1647649338,1.0,0.1,0.6954189,17637.016,8025.7793,16390.402,13377.982,18906.191,3073.6206,14547.768,20369.55,19116.32,100.0,65.0,52.82729,0.22977170873118866,0.09714864061033167,0.9952698838142168,1.0,10.6,13.5
1647649367,1.0,0.3173675,1.3121808,12610.254,101.13,10980.338,24546.045,16022.703,2608.204,20071.713,26247.207,18290.61,100.0,65.0,52.934673,0.22986152621586547,0.09924738699800947,0.9950627900660678,1.0,11.083333333333334,13.016666666666667
1647649375,1.0,0.44233677,0.8974185,16875.477,101.13,12824.33,29427.557,24792.004,6023.7856,33333.156,27053.416,15721.601,100.0,139.97372,60.34462,0.22988630345301772,0.09982627423455422,0.995004881883726,1.0,11.216666666666667,12.883333333333333
1647649480,1.0,0.29778165,1.4161121,21194.531,825.7998,15911.293,18604.771,20632.648,165.0,20918.828,28500.736,11990.521,100.0,186.03741,60.386574,0.2302115046906407,0.1074209638756072,0.9942136272049561,1.0,12.966666666666667,11.133333333333333
1647649939,1.0,0.1,1.7765418,31736.486,7217.193,12922.368,23015.305,18732.777,165.0,4965.559,38300.53,12898.376,206.04785,357.84747,49.75528,0.2316330986722498,0.14054123987065625,0.990074825402413,1.0,20.616666666666667,3.4833333333333334
1647649973,1.0,0.42333323,1.7186344,20402.213,5299.47,10506.132,25886.15,15070.65,165.0,5855.499,34842.188,10327.158,320.45984,447.61414,46.801434,0.23173840193014678,0.14298881706240885,0.9897243041347893,1.0,21.183333333333334,2.9166666666666665
1647649978,1.0,0.3701501,1.5221281,27321.406,101.13,22301.883,37515.92,17417.594,165.0,991.1699,20234.969,8166.6104,100.0,369.28564,44.12341,0.2317538877033669,0.14334868151440847,0.989672246507944,1.0,21.266666666666666,2.8333333333333335
1647649996,1.0,0.42209908,1.6073347,19505.508,2558.628,16112.814,28256.846,23198.465,165.0,175.0,40917.047,16598.531,381.57675,359.3463,72.61218,0.23180963648695943,0.1446440362737062,0.9894837556880106,1.0,21.566666666666666,2.533333333333333
1647650028,1.0,0.1,1.1592807,37970.91,4590.392,10993.822,30737.547,23071.494,165.0,175.0,26418.07,21397.242,256.79645,267.40747,73.23541,0.23190874543556833,0.14694627579900177,0.9891444748007258,1.0,22.1,2.0
1647650041,1.0,0.9995951,1.3184884,30284.73,2615.5654,24814.11,26032.24,20722.457,165.0,175.0,40978.0,14174.53,1000.0,527.99347,62.641266,0.2319490084459407,0.14788133400191128,0.9890051117430158,1.0,22.316666666666666,1.7833333333333334
1647650148,41.0,0.5,0.50005007,54203.01,44803.008,46007.008,46776.0,47202.0,48891.0,49700.0,50898.0,53002.99,600.0,768.0,34.88563,0.23228040399285177,0.1555724849074569,0.9878244793179196,0.0,0.0,0.0
1647650615,51.0,0.5,0.50000393,68793.0,56609.004,58099.016,58707.01,59401.0,60885.0,62012.004,63107.01,64186.992,600.0,640.0,35.536896,0.23372677521161309,0.1890240324372089,0.9819724615085583,0.0,0.0,0.0
1647650641,51.0,0.5,0.49997997,65902.0,55893.008,57180.996,57889.0,58310.99,60017.992,61107.0,62289.01,63395.01,600.0,512.0,34.807808,0.23380730123235782,0.19088038081517816,0.9816133048302944,0.0,0.0,0.0
1647650643,51.0,0.5,0.500008,64600.004,55715.996,56919.0,57698.004,58397.992,59690.008,60590.008,61884.01,62097.004,600.0,1024.0,35.332096,0.23381349554164588,0.1910231486636565,0.9815855320218522,0.0,0.0,0.0
1647650666,51.0,0.5,0.499989,64693.99,55908.996,57394.0,58263.992,58703.008,60012.992,60789.004,62010.01,63005.01,600.0,384.0,35.7376,0.23388473009845856,0.19266468772170336,0.9812646524282318,0.0,0.0,0.0
1647650668,51.0,0.5,0.49999702,64801.004,56202.984,57879.992,58598.0,59088.0,60498.004,61292.99,62487.008,62800.99,600.0,255.99997,35.188736,0.23389092440774661,0.1928074048418729,0.9812366201065582,0.0,0.0,0.0
1647650703,51.0,0.5,0.50000507,64788.008,56408.98,57704.004,58491.0,59085.996,60316.0,61113.977,62405.016,63100.0,600.0,896.0,35.155968,0.2339993248202876,0.195304291526602,0.9807426949568843,0.0,0.0,0.0
1647650718,51.0,0.5,0.500051,64889.008,56606.023,58107.996,59002.99,59417.0,61081.004,62097.01,63107.01,63703.996,600.0,128.0,35.827713,0.23404578213994803,0.19637399943837477,0.980529067567391,0.0,0.0,0.0
1647650838,1.0,0.5,0.49992806,500.99707,300.00098,316.0,357.0,371.99902,394.00195,404.0,433.99805,472.00195,700.0,640.0,33.550335,0.23441744069723144,0.20492314383351412,0.9787780673479504,0.0,0.0,0.0
1647650843,51.0,0.5,0.500018,70087.0,57891.99,59498.0,60500.0,61004.996,62794.004,63985.0,65995.0,67908.016,600.0,768.0,35.52051,0.2344329264704516,0.2052790240273446,0.9787034904885038,0.0,0.0,0.0
1647650859,1.0,0.5,0.49997997,512.0,297.0,311.0,327.00098,371.99902,396.0,409.99902,467.00098,487.00195,700.0,512.0,32.32563,0.23448248094475604,0.20641765803202,0.9784639750407657,0.0,0.0,0.0
1647650873,1.0,0.5,0.499879,569.0,305.00098,329.0,371.0,382.0,399.00098,409.99902,472.0,483.0,700.0,1024.0,32.448513,0.23452584110977245,0.20741373359459797,0.978253312346219,0.0,0.0,0.0
1647650887,1.0,0.5,0.48168796,507.0,298.00098,318.00098,358.99902,374.00098,396.0,407.99902,463.99902,476.99805,700.0,384.0,32.567295,0.23456920127478886,0.20840959416344587,0.978041635647802,0.0,0.0,0.0
1647650896,1.0,0.5,0.49989706,507.99805,304.00098,333.0,375.0,385.0,402.00098,431.99805,483.0,499.99902,700.0,255.99997,32.567295,0.2345970756665851,0.20904967623335624,0.9779050224161491,0.0,0.0,0.0
1647650924,1.0,0.5,0.49992096,560.999,297.0,317.00098,364.0,378.00098,398.0,418.0,478.0,483.0,700.0,896.0,32.055298,0.2346837959966179,0.21104046876006388,0.9774773248242297,0.0,0.0,0.0
1647650935,1.0,0.5,0.49985504,555.99805,296.0,313.00098,333.99902,365.0,395.0,409.99902,477.00098,492.0,700.0,128.0,35.241985,0.23471786469770223,0.21182232688050015,0.9773081918386495,0.0,0.0,0.0
1647651062,1.0,0.1,1.1336089,218.0,101.13,19037.488,19778.836,6728.578,17734.957,49095.055,29895.68,13219.437,100.0,65.0,51.785435,0.23511120333749386,0.22083929047690987,0.975310211051671,1.0,2.1166666666666667,33.2
1647651553,1.0,0.49259654,0.5047297,218.0,101.13,17718.4,18020.428,20446.82,15065.182,44462.04,28060.627,14348.18,100.0,65.0,62.824806,0.23663190626771186,0.2555160666411683,0.9668048095082202,1.0,10.3,25.016666666666666
1647651578,1.0,0.15200889,0.70883,218.0,101.13,14743.899,23761.402,11193.146,16463.193,35220.156,34070.0,21874.172,309.51306,268.35858,65.93297,0.23670933513381257,0.2572733441378143,0.9663386706513125,1.0,10.716666666666667,24.6
1647651584,1.0,0.16796362,0.71500015,2816.0654,423.80078,13089.502,23778.336,10952.82,12079.52,37016.55,36241.09,30664.104,100.0,148.87573,73.23541,0.23672791806167673,0.2576949644211338,0.9662263219929328,1.0,10.816666666666666,24.5
1647651612,1.0,0.3623157,0.7943666,3828.838,101.13,13600.879,24172.73,11266.922,12620.213,26824.977,30996.275,24048.438,305.48608,65.0,53.43335,0.23681463839170955,0.2596618757444915,0.9656995962952725,1.0,11.283333333333333,24.033333333333335
1647651649,1.0,0.1,1.0886651,218.0,6279.9805,16433.125,14913.725,16946.305,10897.527,20844.473,28431.594,24432.535,104.66376,65.0,67.79137,0.23692923311353858,0.26225935592736205,0.9649974249854583,1.0,11.9,23.416666666666668
1647651656,1.0,0.36874092,0.74012685,218.0,2363.5576,15415.143,17526.016,12518.977,15343.92,30825.277,33396.18,20268.674,107.73819,102.44089,73.23541,0.2369509131960468,0.26275055807724274,0.9648637956883331,1.0,12.016666666666667,23.3
1647651790,1.0,0.1511172,1.285107,4323.371,5767.7183,14018.909,20821.797,14737.586,5674.319,23956.473,33264.062,5905.286,165.14014,129.7013,58.292793,0.23736593191834662,0.27214029522691946,0.9622575849084304,1.0,14.25,21.066666666666666
1647652283,1.0,0.108205736,0.8165717,27816.695,819.0762,9188.294,27709.807,25062.074,2010.5068,8130.295,37895.617,21343.293,246.7299,430.24286,45.506584,0.23889282915785268,0.3064568559104759,0.9518845494415097,1.0,22.466666666666665,12.85
1647652308,1.0,0.43526405,0.42976665,26369.352,5857.1543,24553.633,23094.781,21760.809,165.0,4899.0156,34313.47,14627.173,175.29697,273.90604,52.310173,0.23897025802395339,0.3081869234362516,0.9513258223252946,1.0,22.883333333333333,12.433333333333334
1647652309,1.0,0.33253002,0.63800216,16156.508,7360.8594,10043.143,14124.668,15480.105,165.0,14882.779,29300.967,5035.4844,348.5711,358.7168,52.96244,0.2389733551785974,0.3082561049873462,0.9513034078242494,1.0,22.9,12.416666666666666
1647652334,1.0,0.32081378,0.7017387,42713.0,4699.0513,14763.344,27232.957,21704.43,165.0,6169.183,25729.797,6366.2017,137.49182,262.90265,49.441574,0.23905078404469812,0.3099851129948911,0.9507414105431322,1.0,23.316666666666666,12.0
1647652385,1.0,0.5589382,1.0315977,29797.285,5939.733,12085.294,21659.145,18521.148,165.0,15183.08,22819.727,9931.257,285.21075,372.95618,54.313557,0.2392087389315436,0.3135091061210582,0.9495851938500174,1.0,24.166666666666668,11.15
1647652393,1.0,0.60537183,0.7609229,21266.434,101.13,15366.16,30338.95,28402.19,165.0,4783.476,20862.578,7195.066,131.51074,458.50214,39.844234,0.23923351616869581,0.3140614993061832,0.9494026409556444,1.0,24.3,11.016666666666667
1647652522,1.0,0.3273297,1.2756369,21014.195,8921.72,10834.952,30940.973,23353.75,165.0,5769.0005,20451.314,13598.459,488.08725,236.71637,51.453854,0.2396330491177755,0.32295403272355455,0.9464146515917815,1.0,26.45,8.866666666666667
1647653030,1.0,0.5927422,1.276188,39819.906,1059.501,17508.56,25023.475,13341.941,165.0,175.0,23629.441,18786.092,850.53235,557.0084,60.784897,0.241206403676942,0.35768893599898355,0.9338407921395997,1.0,34.916666666666664,0.4
1647653054,31.0,0.5,0.500035,39480.0,32408.006,33400.0,33992.0,34490.0,35702.0,36679.0,37686.0,38199.0,700.0,1024.0,34.2016,0.24128073538839867,0.35931825003147216,0.9332150851729307,0.0,0.0,0.0
1647653060,31.0,0.5,0.50003,41810.0,32693.004,33715.0,34310.0,34705.0,35802.0,36893.0,38005.0,38802.0,700.0,512.0,34.45965,0.24129931831626286,0.3597254077106289,0.9330582141792771,0.0,0.0,0.0
1647653082,31.0,0.5,0.49999002,40297.0,32590.004,33595.0,34294.0,34698.0,35709.0,36681.0,37690.0,38291.0,700.0,384.0,34.185215,0.2413674557184315,0.36121773267024576,0.9324815009449607,0.0,0.0,0.0
1647653089,31.0,0.5,0.500007,41292.008,32802.008,33716.0,34217.0,34687.008,36104.996,37391.004,38307.0,39496.0,700.0,255.99997,34.725887,0.24138913580093968,0.36169236962591533,0.9322975006693894,0.0,0.0,0.0
1647653142,31.0,0.5,0.50000614,40204.008,32523.004,33501.008,34292.0,34783.0,35984.996,37086.0,38211.996,39510.004,700.0,128.0,34.246655,0.24155328499707318,0.3652829993287004,0.9308965197063681,0.0,0.0,0.0
1647653147,31.0,0.5,0.49998403,40612.0,33090.0,34006.0,34587.0,34999.004,36498.0,37605.0,39194.0,39706.008,700.0,896.0,33.5872,0.24156877077029335,0.3656214587001052,0.9307636375245905,0.0,0.0,0.0
1647653288,31.0,0.5,0.500013,40809.992,33496.0,34206.0,34791.0,35099.004,35990.0,36990.0,37887.0,38510.0,700.0,768.0,34.930687,0.24200546957510136,0.37514594369121707,0.9269657603881744,0.0,0.0,0.0
1647653817,41.0,0.5,0.50006306,56099.004,45396.0,46708.008,47399.0,48004.996,49497.992,51110.992,53104.99,53808.996,700.0,640.0,34.533375,0.24364386438179245,0.41051992721998193,0.9118516268315261,0.0,0.0,0.0
1647653841,41.0,0.5,0.5000789,54510.016,45599.0,46894.996,47694.0,48207.0,49493.992,50295.004,51494.992,52094.0,700.0,1024.0,35.29523,0.24371819609324913,0.41211078247233524,0.9111337459286861,0.0,0.0,0.0
1647653846,41.0,0.5,0.5000789,54898.004,45404.992,46678.008,47391.996,48012.0,49709.004,50813.996,52598.004,53100.992,700.0,512.0,35.168255,0.24373368186646927,0.4124420528009631,0.9109838379912827,0.0,0.0,0.0
1647653875,41.0,0.5,0.50006497,54590.004,45691.004,46809.0,47589.0,48097.004,49398.996,50395.996,51906.996,52800.01,700.0,384.0,34.988033,0.2438234993511461,0.4143623439946807,0.9101119974372571,0.0,0.0,0.0
1647653887,41.0,0.5,0.50000614,55701.0,45998.996,47384.004,48095.004,48584.004,49694.996,50520.0,52582.0,53098.0,700.0,255.99997,35.446785,0.24386066520687444,0.4151564086622589,0.9097500515782648,0.0,0.0,0.0
1647653941,41.0,0.5,0.500018,55710.008,46092.996,47389.996,48191.004,48786.008,50112.996,51308.004,52504.004,53418.008,700.0,128.0,34.848766,0.244027911557652,0.41872577846559106,0.9081127256284788,0.0,0.0,0.0
1647654088,41.0,0.5,0.500089,57810.996,46001.004,47388.992,48315.004,48891.0,50092.004,51376.008,53192.992,54192.0,700.0,768.0,35.68845,0.24448319329032417,0.4284095216729553,0.9035846843212592,0.0,0.0,0.0
1647654613,51.0,0.5,0.500031,68407.016,57287.992,58890.016,59797.0,60389.996,62001.0,63290.992,64521.008,65378.0,700.0,640.0,35.5328,0.24610919947843915,0.4625869749899201,0.8865739058700494,0.0,0.0,0.0
1647654630,51.0,0.5,0.499954,67165.0,56400.0,57891.0,58809.016,59399.004,60892.004,62051.99,63164.0,63903.004,700.0,512.0,36.253696,0.24616185110738764,0.4636826702625929,0.8860013438466962,0.0,0.0,0.0
1647654642,1.0,0.12701923,1.3709188,16077.0,1196.9707,25406.36,31562.719,153.0,19369.836,63735.344,12529.062,20931.781,100.0,65.0,56.1644,0.246199016963116,0.46445567563855655,0.8855963670697458,1.0,0.2,17.566666666666666
1647654666,1.0,0.5373149,1.0116379,4046.375,101.13,15224.09,30938.45,8462.486,16141.641,43428.035,19823.154,25482.73,100.0,65.0,61.503895,0.24627334867457268,0.46600062469247183,0.8847843905642923,1.0,0.6,17.166666666666668
1647654696,1.0,0.1,1.0057173,9112.65,101.13,18773.707,29156.998,2847.9956,14933.804,52394.63,11890.081,11390.92,100.0,65.0,64.47838,0.24636626331389352,0.4679298142605734,0.8837656300886935,1.0,1.1,16.666666666666668
1647654741,1.0,0.6944363,1.0729595,10561.359,101.13,14347.0,28257.918,12257.755,10743.172,52164.363,16734.205,26357.777,100.0,65.0,73.23541,0.2465056352728748,0.470819419783781,0.8822296038755806,1.0,1.85,15.916666666666666
1647654745,1.0,0.67446333,1.0520415,21817.445,101.13,17317.523,39495.2,7579.3867,22412.197,45847.805,19175.406,24186.254,100.0,65.0,61.611626,0.24651802389145092,0.471076030049849,0.8820926107345384,1.0,1.9166666666666667,15.85
1647654860,1.0,0.24221659,1.5860853,18782.646,5259.0444,18184.32,25545.643,12617.6875,14446.312,44015.875,14790.334,27661.734,100.0,255.36783,59.838932,0.24687419667551422,0.4784364427967643,0.8781221840973946,1.0,3.8333333333333335,13.933333333333334
1647654885,1.0,0.1,1.1208214,16410.463,4270.896,11657.082,21712.3,8114.2725,12603.77,45107.0,24327.047,25583.11,100.0,65.0,52.290245,0.24695162554161493,0.4800321224090111,0.8772509113449243,1.0,4.25,13.516666666666667
1647654894,1.0,0.13755655,0.68143857,19310.822,101.13,18920.041,27030.709,19702.738,17968.861,35385.297,19484.979,26998.469,100.0,65.0,56.22152,0.24697949993341117,0.48060617893160446,0.8769365431847179,1.0,4.4,13.366666666666667
1647654909,1.0,0.1,0.5688303,24038.668,101.13,23941.207,22630.691,15223.24,8417.262,36543.633,24562.244,25766.828,100.0,65.0,67.98977,0.2470259572530716,0.4815624821780444,0.876411761535935,1.0,4.65,13.116666666666667
1647654929,1.0,0.1,0.34950334,21738.36,291.0791,18578.984,20837.986,22853.207,12010.061,28369.443,27948.207,21056.027,100.0,65.0,47.80839,0.24708790034595218,0.48283666161721933,0.8757104305638588,1.0,4.983333333333333,12.783333333333333
1647654950,1.0,0.32161462,0.18800417,36647.22,101.13,15778.762,31522.11,21367.3,16353.049,28720.322,20628.012,29682.078,100.0,65.0,69.24093,0.24715294059347678,0.4841734507070126,0.8749720393420947,1.0,5.333333333333333,12.433333333333334
1647654984,1.0,0.1,0.7480539,20584.383,4013.7563,14226.252,21400.023,13724.427,12227.718,24914.64,20781.7,26563.23,100.0,65.0,45.81727,0.24725824385137374,0.4863353804234905,0.8737722230354652,1.0,5.9,11.866666666666667
1647654988,1.0,0.32240093,0.5382278,16428.256,2280.3618,16700.89,28846.852,17377.693,13647.827,23427.766,20981.328,23604.953,100.0,65.0,38.472473,0.24727063246994985,0.4865895298807817,0.8736307168423051,1.0,5.966666666666667,11.8
1647655166,1.0,0.1,0.4025995,21020.748,5601.958,11730.54,17784.482,22509.654,3775.5015,10868.922,23941.143,12657.685,100.0,101.84918,54.011024,0.24782192599658692,0.49785718289087016,0.8672590301887705,1.0,8.933333333333334,8.833333333333334
1647655658,1.0,0.22875059,1.9239987,31690.896,4895.267,11166.069,26275.457,20179.996,165.0,175.0,36557.17,14406.206,692.7588,404.8181,53.775593,0.24934572608144898,0.528561807059334,0.8488948204095554,1.0,17.133333333333333,0.6333333333333333
1647655678,1.0,0.83976114,1.9239987,18813.885,2076.4946,17050.992,15996.157,17386.777,165.0,175.0,44397.484,15714.572,1000.0,883.31775,66.76562,0.24940766917432955,0.5297959150329105,0.8481251608191099,1.0,17.466666666666665,0.3
1647655696,10.999998,0.5,0.49996802,13699.0,10815.0,11197.0,11401.0,11591.0,11993.0,12305.0,12809.0,13093.0,800.0,1024.0,33.931263,0.24946341795792207,0.5309056540598307,0.8474309331664165,0.0,0.0,0.0
1647655732,10.999998,0.5,0.49998504,14598.0,10820.0,11117.0,11313.0,11493.0,11811.0,12209.0,12805.0,13104.0,800.0,384.0,32.77619,0.24957491552510708,0.5331224011366227,0.8460381229036443,0.0,0.0,0.0
1647655747,10.999998,0.5,0.500003,14113.0,10796.0,11088.0,11293.0,11491.0,11905.0,12280.0,12911.0,13197.0,800.0,255.99997,33.611774,0.24962137284476751,0.5340449681969408,0.8454560733376563,0.0,0.0,0.0
1647655785,10.999998,0.5,0.499927,14205.0,10807.0,11116.0,11390.0,11502.0,11985.0,12406.0,12999.0,13306.0,800.0,128.0,34.353153,0.2497390647212406,0.5363792915089503,0.8439770468681933,0.0,0.0,0.0
1647655787,10.999998,0.5,0.5,14112.0,10796.0,11107.0,11308.0,11498.0,12000.0,12294.0,12993.0,13197.0,800.0,896.0,33.288193,0.24974525903052866,0.5365020373208963,0.8438990247360922,0.0,0.0,0.0
1647655972,10.999998,0.5,0.499976,14012.0,10910.0,11214.0,11501.0,11612.0,12096.0,12404.0,12909.0,13288.0,800.0,768.0,35.37715,0.25031823263967395,0.547806605195044,0.8366049983741917,0.0,0.0,0.0
1647656473,21.0,0.5,0.499922,27896.0,21086.0,21679.998,21979.0,22210.0,22904.0,23486.0,24284.0,25008.0,800.0,640.0,33.734657,0.2518699071163322,0.5779169740558547,0.8160955649298216,0.0,0.0,0.0
1647656500,21.0,0.5,0.500001,27796.0,21192.0,21805.0,22188.0,22402.002,23196.998,23791.0,24681.998,25200.998,800.0,512.0,33.959934,0.251953530291721,0.5795182588954548,0.814959255181988,0.0,0.0,0.0
1647656516,21.0,0.5,0.49993896,26308.004,21288.0,21891.0,22189.0,22410.002,23102.0,23579.998,24586.0,25077.0,800.0,1024.0,33.456127,0.25200308476602545,0.580466114541132,0.8142844035529119,0.0,0.0,0.0
1647656549,21.0,0.5,0.499976,25308.0,21194.998,21792.002,22093.0,22300.0,22898.0,23495.0,24300.0,24799.0,800.0,384.0,33.931263,0.2521052908692784,0.5824185834486384,0.8128890414156666,0.0,0.0,0.0
1647656565,21.0,0.5,0.49995202,26510.0,21198.0,21784.002,22102.0,22402.002,23085.0,23886.0,24498.0,25208.0,800.0,255.99997,34.11968,0.25215484534358285,0.5833640283284532,0.8122108165078815,0.0,0.0,0.0
1647656608,21.0,0.5,0.50000507,26892.0,21212.002,21880.002,22203.0,22489.0,23095.0,23575.0,24396.002,24796.0,800.0,896.0,33.939457,0.2522880229932761,0.5859009944060005,0.8103826409505943,0.0,0.0,0.0
1647656610,21.0,0.5,0.500019,27607.0,21298.996,21915.002,22299.0,22504.0,23279.998,23991.0,24910.0,25512.0,800.0,128.0,35.52461,0.2522942173025641,0.5860188535858938,0.8102974165341235,0.0,0.0,0.0
1647656800,21.0,0.5,0.49997407,25496.0,21507.0,22013.0,22308.0,22508.0,23089.002,23504.002,24005.0,24490.0,800.0,768.0,34.14016,0.25288267668492953,0.5971585917027862,0.8021231927550438,0.0,0.0,0.0
1647657335,31.0,0.5,0.50005794,39606.0,32808.0,33906.0,34502.0,34916.0,36089.0,36803.0,38194.0,38703.008,800.0,640.0,34.545666,0.25453965441948484,0.6279064605500522,0.7782888132303495,0.0,0.0,0.0
1647657360,31.0,0.5,0.50002503,40690.0,33001.0,33900.008,34406.0,34795.0,35696.0,36502.0,37384.996,38696.0,800.0,512.0,34.402306,0.2546170832855855,0.6293203910498374,0.7771459614569709,0.0,0.0,0.0
1647657375,1.0,0.2782681,1.2036803,218.0,101.13,19865.77,17311.72,153.0,27074.2,52032.78,17920.977,19898.86,100.0,65.0,73.23541,0.254663540605246,0.6301677512011247,0.7764590171709757,1.0,0.25,30.216666666666665
1647657411,1.0,0.1,0.6641617,218.0,101.13,17722.773,22055.883,4555.887,22463.09,51464.227,25262.504,17008.848,100.0,65.0,65.4768,0.25477503817243097,0.6321983542829283,0.7748065828592043,1.0,0.85,29.616666666666667
1647657436,1.0,0.10768515,1.3260387,1323.3652,101.13,20690.312,20080.277,5998.866,30012.775,59372.79,22221.012,19392.506,100.0,65.0,73.23541,0.2548524670385317,0.6336059468197145,0.7736559339620508,1.0,1.2666666666666666,29.2
1647657483,1.0,0.4392565,0.77011335,218.0,101.13,23266.473,23046.832,6724.0093,23200.328,68122.234,17708.494,18107.568,100.0,65.0,65.55281,0.25499803330680104,0.6362465475085071,0.7714857942849661,1.0,2.05,28.416666666666668
1647657487,1.0,0.1,0.7410301,3325.7568,101.13,25437.682,26604.918,1147.706,13897.234,47344.414,25365.281,15114.948,210.70663,65.0,73.23541,0.25501042192537715,0.63647093670775,0.7713006850291002,1.0,2.1166666666666667,28.35
1647657682,1.0,0.5291817,0.91466403,218.0,101.13,13091.506,23002.027,10679.501,20663.291,41396.723,25493.098,11508.216,100.0,65.0,59.762688,0.25561436708096275,0.6473442364948732,0.7621977692678389,1.0,5.366666666666666,25.1
1647658228,1.0,0.72392344,0.57860535,15028.165,740.57715,5249.203,20572.938,19435.605,1289.0312,21615.965,17352.254,12404.697,100.0,272.0253,57.71589,0.2573054135166023,0.6770900630054659,0.7359001607414244,1.0,14.466666666666667,16.0
1647658247,1.0,0.39587015,0.8318726,20267.088,2435.142,4416.502,20811.225,13161.239,6400.601,24510.926,24618.428,10637.515,100.0,89.197205,54.427147,0.2573642594548388,0.6781062235773687,0.734963910369509,1.0,14.783333333333333,15.683333333333334
1647658265,1.0,0.9471309,0.5618735,6200.126,4454.9565,11877.152,21942.938,22666.898,2606.4492,16118.898,24320.164,20445.957,186.29608,333.4007,58.417274,0.25742000823843136,0.6790677078533042,0.7340756419817099,1.0,15.083333333333334,15.383333333333333
1647658300,1.0,0.53943026,0.92518616,22706.814,2126.4585,14048.604,23589.771,15250.372,165.0,20508.398,19211.152,17027.31,100.0,141.90234,50.844795,0.2575284086509724,0.6809339282475905,0.732344854123592,1.0,15.666666666666666,14.8
1647658326,1.0,0.5305118,0.39893106,29544.139,101.13,16930.46,26978.635,16189.684,165.0,17601.932,18426.219,6919.352,100.0,129.40323,55.74195,0.2576089346717171,0.6823174083831899,0.731056054086995,1.0,16.1,14.366666666666667
1647658374,1.0,0.7488864,1.070127,18292.738,4093.4429,17085.182,17428.031,22688.293,165.0,20586.719,32259.725,20458.043,264.62854,350.90265,53.134483,0.25775759809463045,0.6848651133218491,0.7286698680161345,1.0,16.9,13.566666666666666
1647658382,1.0,0.1,0.9295572,20965.873,3377.9004,21650.352,18049.666,17760.674,1729.1797,9479.625,23308.547,16077.717,100.0,246.74545,56.07581,0.25778237533178266,0.6852889203421461,0.7282713063524443,1.0,17.033333333333335,13.433333333333334
1647658578,1.0,0.36346406,1.885042,18224.22,6202.705,9096.393,24390.236,23260.238,165.0,8558.272,28715.316,17675.875,100.0,328.79034,38.25307,0.2583894176420123,0.6955993886477422,0.7184298786331811,1.0,20.3,10.166666666666666
1647659135,1.0,0.1,1.4736295,34730.887,8113.5596,16372.528,23741.273,23427.414,165.0,175.0,31438.027,24166.574,688.556,435.5818,63.723312,0.2601145327787362,0.7241217089741869,0.6896722051759828,1.0,29.583333333333332,0.8833333333333333
1647659153,1.0,1.1298841,1.4369489,34176.82,2853.255,17961.441,21967.17,17473.387,165.0,175.0,34042.023,17815.336,805.9579,700.2695,73.23541,0.2601702815623287,0.7250238671404532,0.6887237414789057,1.0,29.883333333333333,0.5833333333333334
1647659188,51.0,0.5,0.49998796,69000.0,58093.008,59590.992,60596.984,61192.01,62504.008,64186.008,65503.984,66883.0,800.0,1024.0,36.143105,0.2602786819748697,0.726774505883469,0.686876129733622,0.0,0.0,0.0
1647659205,51.0,0.5,0.5,68784.99,56998.008,58584.992,59581.984,60142.996,61907.0,62891.0,64046.996,64786.008,800.0,384.0,36.614143,0.26033133360381816,0.7276231179845748,0.6859771119901927,0.0,0.0,0.0
1647659248,51.0,0.5,0.500034,67596.0,58006.004,59505.008,60498.0,61187.016,62799.0,64102.99,65502.004,66503.0,800.0,255.99997,36.79027,0.2604645112535114,0.7297646405083219,0.6836984492184838,0.0,0.0,0.0
1647659310,51.0,0.5,0.5000471,73201.0,58504.0,60214.996,61292.01,62007.004,63503.98,66396.0,68999.016,70014.0,800.0,896.0,36.27008,0.2606565348414412,0.7328398495562994,0.6804011720318391,0.0,0.0,0.0
1647659323,51.0,0.5,0.50002503,74597.0,59026.996,60900.992,61814.008,62589.0,64308.02,66706.0,70494.0,71914.0,800.0,128.0,36.9664,0.26069679785181354,0.733482764174357,0.6797080510477602,0.0,0.0,0.0
1647659450,1.0,0.5,0.49987698,574.0,325.00195,381.0,394.00098,401.00098,433.00098,482.00098,493.99902,501.00098,900.00006,640.0,33.398785,0.2610901364916052,0.7397289728574233,0.6729049314095575,0.0,0.0,0.0
1647659461,1.0,0.5,0.49983895,569.0,318.0,378.0,391.0,398.99902,430.99902,484.00098,496.00098,505.00098,900.00006,512.0,35.4304,0.2611242051926895,0.7402670214235135,0.672312975475529,0.0,0.0,0.0
1647659497,1.0,0.5,0.49984604,559.99805,318.0,373.99902,389.0,398.0,428.0,481.00098,493.0,504.00195,900.00006,1024.0,33.021957,0.2612357027598745,0.7420245938131627,0.6703726591802585,0.0,0.0,0.0
1647659529,1.0,0.5,0.49994603,512.0,360.00098,387.99902,396.99805,402.00098,426.00098,474.99805,490.0,499.0,900.00006,384.0,35.434498,0.26133481170848344,0.743582611234066,0.6686440759255463,0.0,0.0,0.0
1647659561,51.0,0.5,0.5000641,82296.98,60498.02,63047.99,64942.992,66697.0,70709.01,73590.99,75604.0,76708.0,800.0,768.0,37.974014,0.2614339206570923,0.7451366018440503,0.6669118716834341,0.0,0.0,0.0
1647659586,1.0,0.5,0.499835,565.999,376.00098,396.00098,405.0,410.99902,466.99805,481.00098,498.0,511.99902,900.00006,255.99997,33.910786,0.26151134952319305,0.746347849720593,0.6655560736838385,0.0,0.0,0.0
1647659617,1.0,0.5,0.49994504,557.0,316.00098,373.99902,389.0,396.99902,414.0,466.99902,490.0,495.99707,900.00006,896.0,32.821247,0.26160736131715795,0.7478463705977965,0.6638718294849565,0.0,0.0,0.0
1647659621,1.0,0.5,0.49994904,516.99805,306.0,359.99902,385.0,391.0,411.0,436.0,485.0,493.00098,900.00006,128.0,36.15539,0.26161974993573406,0.7480394514424703,0.6636542617098515,0.0,0.0,0.0
1647659869,1.0,0.5,0.5000641,565.999,320.00098,377.0,390.0,396.99902,416.00098,470.00293,488.99902,492.0,900.00006,768.0,35.57376,0.2623878442874531,0.7598862012171245,0.6500561215770587,0.0,0.0,0.0
1647660361,10.999998,0.5,0.499954,14894.0,10995.0,11302.0,11505.0,11706.0,12009.0,12399.0,12988.0,13592.0,900.00006,640.0,34.41869,0.2639116443723152,0.7826534253248435,0.6224577221203779,0.0,0.0,0.0
1647660373,10.999998,0.5,0.500018,13398.0,11002.0,11302.0,11517.0,11697.0,11996.0,12289.0,12711.0,13002.0,900.00006,512.0,34.361343,0.2639488102280435,0.7831963240788572,0.6217744912340532,0.0,0.0,0.0
1647660406,6.150154,0.1,0.9166331,218.0,101.13,20450.719,16636.69,153.0,20886.852,37047.203,20643.51,16988.414,100.0,65.0,44.975533,0.26405101633129646,0.7846862190266622,0.6198931663356526,1.0,0.55,39.93333333333333
1647660434,1.0,0.1,1.0870887,8321.055,101.13,25560.465,20608.332,4981.131,23875.518,55672.2,24183.287,21652.844,100.0,65.0,38.643272,0.2641377366613292,0.785946828718256,0.6182940905650938,1.0,1.0166666666666666,39.46666666666667
1647660493,1.0,0.1,1.1423681,218.0,101.13,15300.824,22709.639,12030.884,24411.385,45307.94,22572.543,11973.512,100.0,65.0,49.30321,0.26432046878532695,0.7885924395324213,0.6149162254423804,1.0,2.0,38.483333333333334
1647660532,15.158179,0.49541482,0.6642095,218.0,101.13,23316.066,25302.176,153.0,24540.484,35592.195,25453.98,13578.588,288.97552,65.0,44.986572,0.264441257816444,0.7903332663782334,0.6126771809492437,1.0,2.65,37.833333333333336
1647660537,9.13942,0.1,1.2616115,218.0,101.13,15745.916,17521.844,2450.4595,18983.691,37135.39,25992.617,22074.39,202.85507,65.0,66.92651,0.2644567435896642,0.7905559898369583,0.6123897671686775,1.0,2.7333333333333334,37.75
1647660782,1.0,0.37078327,0.93497086,218.0,101.13,13072.642,28582.406,8511.651,19372.473,38728.773,33984.426,12002.994,100.0,65.0,63.2965,0.26521554647745116,0.8013408270015276,0.5982080565994643,1.0,6.816666666666666,33.666666666666664
1647661799,1.0,0.67906624,1.465485,9714.783,4806.499,7989.263,20320.66,29962.072,1462.8936,5288.1895,23866.512,9176.937,100.0,628.09515,73.23541,0.26836535275042817,0.8433523700526364,0.5373609400827353,1.0,23.766666666666666,16.716666666666665
1647661803,3.432228,0.61153156,1.7637349,21224.883,3053.8657,11725.331,25212.215,32612.637,1859.4971,6737.7695,23607.156,10658.766,186.13138,268.22388,55.733864,0.2683777413690043,0.8435086463311688,0.5371155960913433,1.0,23.833333333333332,16.65
1647661804,1.0,0.44212937,0.89064133,14539.161,1556.7871,7948.515,20072.422,24128.543,165.0,21342.809,23887.072,12792.2705,566.49677,461.14966,50.536503,0.2683808385236483,0.8435477042490863,0.5370542529913491,1.0,23.85,16.633333333333333
1647661805,1.0,0.1,0.7591938,19842.744,101.13,15483.412,19425.883,22470.83,165.0,10294.423,25531.184,9032.623,204.52325,333.60178,57.0959,0.26838393567829233,0.8435867577059045,0.5369929070511449,1.0,23.866666666666667,16.616666666666667
1647661807,1.0,0.11829013,1.0941322,20480.44,6402.673,17623.594,19357.934,12717.213,165.0,11471.978,16986.686,9558.605,100.0,430.5733,55.175575,0.2683901299875804,0.8436648512354163,0.5368702066514054,1.0,23.9,16.583333333333332
1647661810,1.0,0.1,0.7982497,18700.568,101.13,12876.473,23337.777,26267.53,165.0,7351.6206,14464.1875,13025.668,254.36386,385.26184,57.05468,0.2683994214515125,0.8437819580662762,0.5366861347583342,1.0,23.95,16.533333333333335
1647662779,1.0,0.12518805,1.1596814,26994.29,10999.345,17596.643,34190.883,17395.799,165.0,175.0,14033.479,16672.02,593.86163,527.4431,52.331787,0.27140056430157616,0.8794755728774757,0.4759440268685341,1.0,40.1,0.38333333333333336
1647662789,1.0,0.1,1.2067341,29580.713,9636.876,14009.648,35795.688,19015.543,165.0,175.0,27566.5,20428.104,453.89514,720.38104,53.71734,0.27143153584801644,0.8798214565552903,0.47530432838858866,1.0,40.266666666666666,0.21666666666666667
1647662791,1.0,0.6001026,1.4984585,21045.902,9431.64,17107.293,32399.66,9837.417,165.0,175.0,25872.89,13600.648,803.39795,392.41943,61.156487,0.2714377301573045,0.8798905774615087,0.47517635851802736,1.0,40.3,0.18333333333333332
1647662795,1.0,1.0972394,1.5510876,25619.977,7460.3223,28810.13,28549.516,13252.895,165.0,175.0,41086.785,8597.387,788.7876,832.05164,56.898087,0.2714501187758806,0.8800287634329006,0.47492038862398805,1.0,40.36666666666667,0.11666666666666667
1647662802,41.0,0.5,0.500028,53588.008,44815.008,45904.004,46589.0,47005.0,48397.99,49592.99,50797.0,51318.004,900.00006,128.0,36.306946,0.2714717988583888,0.880270409695677,0.47447234462527405,0.0,0.0,0.0
1647662811,41.0,0.5,0.50004405,54692.0,45004.0,46163.02,46887.004,47300.992,48311.996,49668.992,50896.008,51590.004,900.00006,768.0,36.130817,0.27149967325018504,0.8805807625569433,0.4738961074060773,0.0,0.0,0.0
1647663793,51.0,0.5,0.500066,67899.0,56685.004,58205.02,59291.0,59712.004,61495.004,62713.996,64407.99,65608.0,900.00006,640.0,36.519936,0.2745410791106211,0.9121499242046258,0.4098567015110226,0.0,0.0,0.0
1647663805,51.0,0.5,0.500031,68696.0,57495.99,59097.992,60114.008,60899.008,62495.0,63898.0,65316.004,66200.01,900.00006,384.0,36.143105,0.2745782449663494,0.9125072442834423,0.4090605445777411,0.0,0.0,0.0
1647663811,51.0,0.5,0.499999,70100.0,57807.0,59384.996,60401.992,61095.992,62917.0,64500.996,65596.0,67002.99,900.00006,512.0,36.4544,0.2745968278942136,0.9126856437471015,0.4086623492541721,0.0,0.0,0.0
1647663816,51.0,0.5,0.49996397,68405.0,57519.008,59101.996,59905.99,60500.984,62092.0,63308.98,64593.99,65502.008,900.00006,1024.0,35.766273,0.2746123136674337,0.9128341772330428,0.408330460381385,0.0,0.0,0.0
1647663822,51.0,0.5,0.500028,69106.0,57692.0,59295.008,60196.0,60696.01,62396.992,63811.004,65011.992,66089.0,900.00006,255.99997,37.474304,0.2746308965952979,0.9130122581062643,0.40793212247590926,0.0,0.0,0.0
1647663825,51.0,0.5,0.500039,68490.0,57807.0,59388.996,60308.992,60796.01,62495.996,63706.984,65217.992,66003.016,900.00006,896.0,36.114433,0.27464018805922996,0.9131012333607504,0.40773292439423675,0.0,0.0,0.0
1647663834,51.0,0.5,0.50005794,69184.02,57908.02,59406.008,60490.996,61001.004,62703.016,64115.0,65889.99,66500.016,900.00006,128.0,36.601856,0.27466806245102626,0.9133678983448977,0.4071352137472569,0.0,0.0,0.0
1647663852,51.0,0.5,0.5000429,67796.0,58110.996,59808.008,60894.992,61517.992,63010.004,64182.996,65495.996,66289.0,900.00006,768.0,36.839424,0.27472381123461875,0.9139000544257558,0.40593926949803766,0.0,0.0,0.0
1647664133,1.0,0.5,0.499954,569.0,312.99902,378.0,391.99902,398.99902,425.00098,477.99902,491.99707,498.00098,1000.0,640.0,35.78675,0.27559411168959075,0.9220039952879827,0.3871803619413019,0.0,0.0,0.0
1647664147,1.0,0.5,0.49993807,563.0,317.00098,377.0,391.0,398.0,423.0,473.00098,488.00098,499.0,1000.0,384.0,35.86867,0.2756374718546072,0.9223977090771353,0.3862414611214759,0.0,0.0,0.0
1647664151,1.0,0.5,0.499847,569.0,314.00098,375.00195,390.0,396.99902,425.00098,479.0,491.99707,499.99902,1000.0,512.0,33.574913,0.2756498604731833,0.92251002313751,0.38597313016689494,0.0,0.0,0.0
1647664156,1.0,0.5,0.49982607,565.999,316.00098,373.00098,391.0,400.00098,435.0,479.0,498.0,507.99902,1000.0,1024.0,32.84992,0.27566534624640343,0.92265030594131,0.3856376705489324,0.0,0.0,0.0
1647664178,1.0,0.5,0.49996102,572.999,318.0,375.00195,388.0,396.99902,426.00098,481.00098,496.99805,502.99805,1000.0,128.0,35.995647,0.27573348364857203,0.9232661008369987,0.3841610431124491,0.0,0.0,0.0
1647664182,1.0,0.5,0.500034,569.999,338.00098,391.00098,399.99902,405.0,463.0,481.00098,496.00098,505.00098,1000.0,896.0,35.08224,0.2757458722671482,0.9233778096915741,0.3838924596409665,0.0,0.0,0.0
1647664198,1.0,0.255983,0.98734033,218.0,101.13,16339.878,25049.457,153.0,35914.54,40431.75,19399.48,18184.348,326.34448,65.0,51.718193,0.27579542674145263,0.9238238636905516,0.38281780114809344,1.0,0.26666666666666666,51.63333333333333
1647665170,1.0,0.1,1.6719862,2530.21,101.13,11446.391,17365.084,24736.207,18726.21,23881.172,23642.445,15268.449,100.0,282.6444,73.23541,0.27880586105544836,0.9485541548832949,0.3166149321394021,1.0,16.466666666666665,35.43333333333333
1647665185,1.0,0.65759003,0.54526585,2905.9873,1971.7358,19925.824,32512.254,10497.543,6905.1455,14762.967,20738.453,13144.642,204.37836,65.0,60.041656,0.27885231837510877,0.9488989637811435,0.31558003190169065,1.0,16.716666666666665,35.18333333333333
1647665194,1.0,0.46409094,0.6145652,218.0,101.13,18708.35,20730.738,15644.668,9658.74,11064.583,20606.258,14720.342,128.01672,65.0,73.23541,0.27888019276690507,0.9491053071751956,0.31495891143429744,1.0,16.866666666666667,35.03333333333333
1647665196,1.0,0.1,0.65127766,218.0,101.13,19243.582,18889.617,19128.023,8026.463,24308.184,32595.254,15908.721,192.13843,65.0,58.280228,0.2788863870761931,0.9491511060531284,0.3148208663321462,1.0,16.9,35.0
1647665229,1.0,0.1,1.1834627,3362.4365,6002.699,23618.508,13244.766,11037.298,10785.565,31095.94,34112.25,14640.764,262.31158,130.72455,50.81428,0.278988593179446,0.9499038880088219,0.31254216282883135,1.0,17.45,34.45
1647665235,1.0,0.1,1.0451093,218.0,101.13,18941.184,13834.297,17750.715,13771.729,21672.46,17353.14,20333.824,100.0,65.0,67.5528,0.27900717610731024,0.9500401698251654,0.31212765932959374,1.0,17.55,34.35
1647665256,1.0,0.28805482,1.1904694,218.0,4224.344,15161.763,18604.215,21527.252,12718.669,32449.02,19803.393,22863.387,100.0,65.0,65.32872,0.2790722163548348,0.9505157316277837,0.31067642963073194,1.0,17.9,34.0
1647666222,4.166401,0.40451398,1.3419082,21149.154,101.13,8426.666,22814.244,34460.324,165.0,4009.1558,18196.04,6231.015,125.66333,324.95465,50.447247,0.2820640677409664,0.969978220057977,0.2431918021092792,1.0,34.0,17.9
1647666235,1.0,0.83510447,1.2285651,18872.125,857.624,23485.82,26493.988,23763.549,966.8584,12142.8545,14015.029,11739.735,194.32379,309.50223,51.573524,0.2821043307513387,0.9702076968518016,0.2422746890814693,1.0,34.21666666666667,17.683333333333334
1647666237,1.0,0.18432987,1.3812057,22763.459,3355.6235,24123.117,23986.68,16416.479,165.0,3257.7695,21723.629,14585.996,340.83487,276.91635,34.527607,0.2821105250606268,0.9702429240149526,0.2421335755299434,1.0,34.25,17.65
1647666241,1.0,0.1,1.0016809,21437.875,1977.228,24965.541,13639.826,30860.543,3068.5396,175.0,28407.441,8614.977,191.72171,346.21765,49.011784,0.2821229136792029,0.97031331676699,0.24185133306360523,1.0,34.31666666666667,17.583333333333332
1647666289,1.0,0.5226165,1.1287544,15251.529,3757.3086,19850.197,26661.73,19184.725,165.0,4145.677,19957.744,13929.151,108.97333,335.353,58.003674,0.2822715771021163,0.9711516239842459,0.23846283407013724,1.0,35.11666666666667,16.783333333333335
1647666291,1.0,0.1,1.5652494,26725.512,6657.216,22210.348,28197.473,29197.39,165.0,4129.3916,21535.34,14805.731,100.0,511.99228,50.105057,0.28227777141140437,0.971186296725577,0.23832158327029349,1.0,35.15,16.75
1647666323,1.0,0.1,0.76504505,18370.43,7081.717,8879.263,23210.527,33340.28,165.0,175.0,21434.82,8488.9,100.0,460.2466,47.649036,0.28237688036001324,0.9717382660425158,0.23606088686752996,1.0,35.68333333333333,16.216666666666665
1647667282,1.0,0.67346144,1.4295603,19723.57,10040.644,17042.79,41131.324,9705.296,165.0,175.0,21973.28,16033.107,749.7393,765.3157,62.240967,0.2853470516636366,0.9858257373680817,0.1677725112844117,1.0,51.666666666666664,0.23333333333333334
1647667296,31.0,0.5,0.50000507,39310.0,32599.998,33480.0,33907.0,34303.0,35369.0,36005.0,37068.0,37494.0,1000.0,384.0,34.59072,0.285390411828653,0.9859960370705049,0.16676874671610234,0.0,0.0,0.0
1647667297,31.0,0.5,0.49997407,39201.0,32486.998,33419.0,34007.0,34397.004,35409.0,36214.0,37192.0,37580.0,1000.0,512.0,35.160065,0.285393508983297,0.9860081622287742,0.1666970426199439,0.0,0.0,0.0
1647667299,31.0,0.5,0.500028,39487.0,32403.0,33416.0,34000.0,34399.0,35300.0,35985.0,36820.0,37310.004,1000.0,255.99997,35.393536,0.2853997032925851,0.9860323969017454,0.16655363178327562,0.0,0.0,0.0
1647667305,31.0,0.5,0.499992,40400.0,32702.998,33596.0,34101.0,34416.0,35305.0,35982.996,36804.0,37195.0,1000.0,1024.0,34.74227,0.2854182862204493,0.9861049757675088,0.16612337814576558,0.0,0.0,0.0
1647667348,31.0,0.5,0.500067,38702.0,32413.0,33300.0,33795.008,34098.0,35112.0,35802.0,36785.0,36994.008,1000.0,896.0,34.377728,0.2855514638701425,0.9866196294630144,0.16303897312686963,0.0,0.0,0.0
1647667356,31.0,0.5,0.49996102,38893.996,32686.006,33494.004,34091.0,34492.004,35409.0,36106.0,37188.0,37884.0,1000.0,128.0,35.09043,0.28557624110729474,0.9867143147198253,0.1624649535345566,0.0,0.0,0.0
1647667393,31.0,0.5,0.499989,39011.0,32797.0,33712.004,34402.0,34709.0,35798.0,36591.0,37303.0,37787.0,1000.0,768.0,35.60653,0.2856908358291238,0.9871478893508159,0.15980940069416869,0.0,0.0,0.0
1647669438,51.0,0.5,0.49997902,74754.016,60511.996,61991.008,62885.004,63401.008,65067.02,65991.984,67419.0,69165.984,1000.0,640.0,36.10624,0.2920245170761621,0.9999306051466773,0.011780699936749442,0.0,0.0,0.0
1647669440,51.0,0.5,0.500022,72342.0,60489.008,61997.016,62797.004,63414.992,64899.008,66486.0,67639.99,68606.016,1000.0,512.0,36.274178,0.29203071138545017,0.9999323080037622,0.011635265801397166,0.0,0.0,0.0
1647669442,51.0,0.5,0.49998403,70407.0,60686.99,62109.996,62999.008,63604.99,65006.008,66096.016,67300.984,68357.01,1000.0,1024.0,36.09805,0.2920369056947382,0.9999339897082917,0.011489831419912623,0.0,0.0,0.0
1647669443,51.0,0.5,0.49999702,72051.01,60499.996,62202.02,63206.99,64002.004,65700.984,67104.016,69201.984,69794.0,1000.0,384.0,36.225025,0.29204000284938225,0.999934822628337,0.011417114137832272,0.0,0.0,0.0
1647669446,51.0,0.5,0.500067,73857.01,60801.0,62395.996,63304.0,63802.02,65207.008,66493.0,68382.0,69451.984,1000.0,896.0,36.069378,0.29204929431331433,0.9999372896595422,0.01119896193085303,0.0,0.0,0.0
1647669447,51.0,0.5,0.5000429,78934.99,60707.992,62508.01,63503.01,64092.004,65783.0,67051.0,68300.0,68992.99,1000.0,128.0,36.593662,0.29205239146795836,0.9999381014269527,0.011126244409562364,0.0,0.0,0.0
1647669456,51.0,0.5,0.49999604,73653.016,61195.01,62690.996,63598.004,64204.004,65894.016,67187.0,68889.016,69653.99,1000.0,255.99997,37.42925,0.29208026585975466,0.9999451693655121,0.010471784116245868,0.0,0.0,0.0
1647669465,51.0,0.5,0.50007707,72396.0,61510.008,63306.02,64300.02,64951.0,66605.98,67688.984,68699.0,69586.01,1000.0,768.0,36.880383,0.2921081402515509,0.999951808959328,0.009817319337149733,0.0,0.0,0.0
1647669539,1.0,0.40000004,0.03524798,570.99805,307.00098,378.99902,391.0,396.99902,465.00098,498.0,506.0,571.0,100.0,1024.0,26.10094,0.29233732969520904,0.9999901607677061,0.004436030633049861,0.0,0.0,0.0
1647669540,1.0,0.53135526,1.484631,17688.426,8376.276,25113.04,19342.336,12524.479,22081.855,15192.994,11855.487,18695.445,100.0,449.46912,56.824272,0.29234042684985306,0.9999904807207345,0.004363309284746804,1.0,0.016666666666666666,7.383333333333334
1647669541,1.0,0.8318094,1.4125111,29239.494,101.13,27516.525,24694.113,9876.633,27675.18,17525.078,4877.6514,15127.39,100.0,247.871,42.493034,0.2923435240044971,0.9999907953853163,0.004290587913368178,1.0,0.03333333333333333,7.366666666666666
1647669542,12.946751,0.5975696,1.0841316,40241.703,101.13,23560.309,22130.246,11461.717,29917.412,20138.562,15453.76,34815.47,100.0,79.086395,58.980682,0.2923466211591411,0.99999110476145,0.0042178665192990124,1.0,0.05,7.35
1647669543,1.0,0.8405223,1.1045429,32286.064,101.13,20645.336,23380.617,9237.583,20000.543,15781.953,11682.073,23946.762,100.0,65.0,56.196396,0.29234971831378515,0.999991408849134,0.004145145102923673,1.0,0.06666666666666667,7.333333333333333
1647669681,14.150093,1.2800479,1.6032679,23778.34,101.13,23476.496,24809.875,14022.059,17192.93,6779.7017,16980.29,11010.803,100.0,437.78354,57.683,0.2927771256546611,0.9999826511361778,-0.0058904521610268,1.0,2.3666666666666667,5.033333333333333
1647669683,1.5645027,0.79484516,1.1340305,34104.93,1060.8564,24114.967,22191.043,12875.947,18018.82,175.0,14229.86,17827.809,100.0,268.98218,43.23216,0.29278331996394913,0.9999817838278319,-0.006035893679253935,1.0,2.4,5.0
1647669684,16.035929,0.24184394,1.1479378,27203.605,2292.7983,23224.203,16915.18,16098.4,16004.568,3663.5703,18810.703,14417.1455,100.0,250.32697,45.64006,0.29278641711859316,0.9999813422410571,-0.006108614390678142,1.0,2.4166666666666665,4.983333333333333
1647669686,31.27793,0.8302114,0.91365385,22612.807,1278.5796,21339.982,22804.62,21986.832,22613.338,4625.576,15417.234,21899.676,100.0,327.05383,61.62869,0.2927926114278812,0.999980443202315,-0.006254055716226697,1.0,2.45,4.95
1647669829,35.87466,0.8473295,1.6838388,12338.037,3535.9814,20249.379,14574.633,19793.297,10534.255,175.0,26566.348,8554.847,100.0,783.97797,59.5101,0.2932355045419773,0.9998613361725142,-0.016652580199915272,1.0,4.833333333333333,2.566666666666667
1647669830,7.4448605,0.757519,0.64671636,17792.047,1021.6826,15556.139,17155.086,22152.084,12974.744,175.0,21947.842,25449.613,100.0,605.3094,60.40841,0.2932386016966213,0.9998601225188275,-0.0167252921240661,1.0,4.85,2.55
1647669831,1.0,0.14370662,1.217127,19394.781,5578.253,13428.912,16043.396,17770.242,14377.051,175.0,29505.68,27857.865,100.0,465.2147,62.207924,0.29324169885126533,0.9998589035773836,-0.01679800395976505,1.0,4.866666666666666,2.533333333333333
1647669832,11.543585,0.4165312,1.2558624,24337.984,101.13,18711.69,15423.789,15816.594,13015.553,175.0,18737.445,18614.404,100.0,675.58655,58.00943,0.29324479600590936,0.9998576793481891,-0.016870715706627813,1.0,4.883333333333334,2.5166666666666666
1647669834,34.21904,0.90086246,0.95312035,19917.197,4271.2266,21684.477,23004.822,21216.186,13622.828,175.0,27261.047,21358.395,100.0,431.39386,53.236458,0.2932509903151974,0.9998552150265739,-0.01701613893230684,1.0,4.916666666666667,2.4833333333333334
1647669979,15.75559,0.6950859,1.2215403,7678.31,2039.7485,12783.133,13458.38,26578.76,4704.1616,175.0,32444.035,21554.824,309.1284,823.53125,69.03889,0.2937000777385816,0.9996202015540334,-0.02755816839112398,1.0,7.333333333333333,0.06666666666666667
1647669981,1.0,0.29957277,1.1145734,25136.992,1810.001,11044.913,9300.68,19589.137,165.0,175.0,27073.598,17988.5,697.83,273.22025,50.83297,0.29370627204786964,0.9996161828079523,-0.02770355696401694,1.0,7.366666666666666,0.03333333333333333
1647669982,1.0,0.6944705,1.684851,11520.004,4312.023,14695.163,8012.0093,16259.397,1474.7275,175.0,28594.855,22392.586,633.8124,736.56476,47.87419,0.29370936920251367,0.9996141655052058,-0.02777625103089027,1.0,7.383333333333334,0.016666666666666666
1647669983,31.0,0.40000004,0.384758,51889.004,42889.0,45591.008,46105.0,46729.008,47938.008,48593.0,49697.0,51889.004,100.0,512.0,28.99149,0.2937124663571577,0.999612142916003,-0.02784894495086898,0.0,0.0,0.0
1647669985,31.0,0.40000004,0.373181,50603.004,43284.996,45088.996,45694.004,46557.996,47490.004,48397.0,49801.004,50603.004,100.0,384.0,28.905472,0.29371866066644575,0.9996080818782709,-0.027994332348605013,0.0,0.0,0.0
1647669986,31.0,0.40000004,0.371517,51592.004,42788.0,44206.0,45306.0,46195.004,49002.008,50594.004,50702.004,51591.996,100.0,128.0,29.118465,0.2937217578210898,0.9996060434297631,-0.02806702582559345,0.0,0.0,0.0
1647670134,41.0,0.40000004,0.385071,68707.0,58688.984,60598.02,61943.008,62706.99,64504.01,65608.0,66244.0,68707.0,100.0,768.0,30.945282,0.294180136708406,0.9992460714468455,-0.03882381611904752,0.0,0.0,0.0
1647670135,41.0,0.40000004,0.384673,68548.01,57757.004,60189.0,61604.0,62194.004,63973.004,65500.004,68300.0,68548.0,100.0,896.0,30.400513,0.29418323386305,0.999243245457012,-0.03889648324125844,0.0,0.0,0.0
1647670137,41.0,0.40000004,0.385299,66834.0,59838.01,61112.02,61886.01,62496.996,64125.008,65822.0,66699.0,66834.016,100.0,640.0,30.285824,0.29418942817233806,0.9992375776238758,-0.0390418168681844,0.0,0.0,0.0
1647670138,41.0,0.40000004,0.384013,67399.0,59184.008,61083.016,62596.004,63496.008,64087.996,65004.008,66608.0,67399.0,100.0,512.0,31.256577,0.2941925253269821,0.999234735780603,-0.03911448337213063,0.0,0.0,0.0
1647670140,41.0,0.40000004,0.371029,68594.01,59330.0,61131.004,62030.996,62703.992,63808.02,64997.992,68023.0,68594.0,100.0,384.0,30.84288,0.29419871963627015,0.9992290362407229,-0.03925981575906855,0.0,0.0,0.0
1647670142,41.0,0.40000004,0.38471496,68006.016,59308.02,61812.0,62902.004,63312.004,65001.004,66505.0,67404.99,68006.0,100.0,128.0,30.826496,0.2942049139455582,0.9992233155631645,-0.03940514731550481,0.0,0.0,0.0
1647670293,51.0,0.40000004,0.38541704,85330.99,71999.02,74733.0,76347.99,77932.0,80638.0,81731.0,83738.99,85330.98,100.0,896.0,31.043583,0.29467258429680654,0.9987303710836224,-0.050375052110840854,0.0,0.0,0.0
1647670295,51.0,0.40000004,0.385036,92529.03,74208.984,76125.016,78535.99,79326.04,82790.016,84428.016,85937.0,92528.96,100.0,768.0,31.363071,0.2946787786060946,0.9987230337657483,-0.05052031102180401,0.0,0.0,0.0
1647670297,51.0,0.40000004,0.384879,88038.016,72531.98,75640.0,77826.97,79532.016,82427.02,84538.01,86232.99,88038.016,100.0,255.99997,31.4368,0.29468497291538265,0.9987156753208999,-0.05066556886406159,0.0,0.0,0.0
1647670299,51.0,0.40000004,0.385278,90099.0,74294.01,76291.984,78686.01,79599.0,83395.99,85897.01,87485.02,90099.0,100.0,640.0,31.440895,0.2946911672246707,0.9987082957492325,-0.05081082563454058,0.0,0.0,0.0
1647670302,51.0,0.40000004,0.38448304,92901.98,73781.0,77010.03,78202.0,79406.99,82800.99,85595.0,91897.03,92902.01,100.0,384.0,31.551489,0.2947004586886028,0.9986971867792875,-0.05102870877395148,0.0,0.0,0.0
1647670304,51.0,0.40000004,0.38471496,92446.02,73846.97,77557.02,78451.03,79652.0,81956.02,85543.99,87553.0,92445.99,100.0,128.0,31.29344,0.29470665299789084,0.998689754391257,-0.051173962851540175,0.0,0.0,0.0
1647670383,1.0,0.40000004,0.38541704,600.00195,399.0,416.00098,471.99902,483.0,501.00098,516.001,587.00195,596.9971,200.0,896.0,30.48653,0.2949513282147691,0.9983792783499226,-0.05691060148590744,0.0,0.0,0.0
1647670386,1.0,1.0425937,1.2065696,24739.316,1451.4326,20142.523,33265.9,8004.897,29572.254,28548.564,11020.369,27267.531,100.0,65.0,48.287296,0.2949606196787012,0.9983668386231653,-0.05712841269969379,1.0,0.05,9.316666666666666
1647670388,1.0,0.36698622,1.1933993,20590.225,129.50781,20022.648,26481.764,14176.695,31117.027,17133.24,6470.021,29780.012,100.0,65.0,44.51618,0.29496681398798924,0.9983585190726578,-0.057273618665574226,1.0,0.08333333333333333,9.283333333333333
1647670389,1.0,0.70321167,1.123936,34941.48,101.13,20294.734,30946.062,8950.807,31791.771,24807.426,19518.445,28048.975,100.0,65.0,58.89718,0.29496991114263327,0.9983543513776691,-0.057346221194369724,1.0,0.1,9.266666666666667
1647670390,1.0,0.9881869,1.9239987,26907.553,101.13,31154.654,37913.14,11045.715,26299.285,24722.252,7480.0747,14145.642,100.0,148.40881,47.459465,0.2949730082972773,0.9983501784028866,-0.057418823419889464,1.0,0.11666666666666667,9.25
1647670391,1.0,0.7806817,1.0638329,37594.477,101.13,19259.19,33220.21,8912.669,30058.037,25387.543,13991.02,32724.768,100.0,65.0,50.21123,0.2949761054519213,0.9983460001483323,-0.05749142534174972,1.0,0.13333333333333333,9.233333333333333
1647670393,1.0,0.27054632,1.3876451,35085.074,2265.8164,25973.246,38579.496,10708.708,28746.62,31865.38,8146.3555,25089.14,100.0,65.0,43.660736,0.2949822997612094,0.9983376277999968,-0.057636628272957485,1.0,0.16666666666666666,9.2
1647670657,1.0,0.54202217,0.53245187,25727.254,633.3613,15561.646,20286.941,27954.256,11828.627,11850.488,21403.512,26052.05,100.0,359.8856,53.067665,0.2957999485872329,0.9970471704253044,-0.07679153564615065,1.0,4.566666666666666,4.8
1647670658,1.0,0.5390768,1.122776,20835.955,2301.7769,17122.943,14293.927,16164.871,5162.632,3605.4834,15485.584,16139.559,100.0,428.98785,46.981083,0.29580304574187694,0.9970415833508077,-0.07686404275937084,1.0,4.583333333333333,4.783333333333333
1647670660,20.974667,0.47283578,1.1765367,31146.232,101.13,12202.249,22537.879,17396.96,10720.704,1362.7559,29349.064,40142.125,100.0,294.30676,68.36152,0.295809240051165,0.99703039338329,-0.0770090557659422,1.0,4.616666666666666,4.75
1647670662,1.0,0.1,1.1274718,27500.145,2039.0767,24154.383,18659.217,19510.055,12011.963,494.38574,23019.277,23981.256,136.08813,382.9085,48.92231,0.29581543436045304,0.9970191823246038,-0.07715406714346498,1.0,4.65,4.716666666666667
1647670664,1.0,0.3580972,0.96466005,20317.535,1779.145,27808.285,18130.4,18675.666,13887.555,175.0,16431.395,23299.582,100.0,589.48914,61.96083,0.2958216286697411,0.9970079501749864,-0.07729907688887136,1.0,4.683333333333334,4.683333333333334
1647670666,2.0324097,0.547475,1.0571736,16960.68,101.13,20906.219,17954.684,19840.188,15770.782,175.0,20591.36,27011.594,100.0,564.25714,52.17506,0.29582782297902915,0.9969966969346754,-0.07744408499909426,1.0,4.716666666666667,4.65
1647670671,6.5453186,0.4057796,0.89811075,16840.29,1016.43066,22220.668,27416.18,18340.809,10695.784,6760.6006,12713.005,18729.223,100.0,340.23654,45.56597,0.2958433087522493,0.9969684715636763,-0.07780659810059233,1.0,4.8,4.566666666666666
1647670939,10.143408,0.37521315,1.0339453,28436.23,1412.7891,12307.701,16145.678,26242.766,165.0,175.0,45859.375,16276.716,203.4111,501.86105,53.35375,0.29667334619684893,0.9952628163339718,-0.09722101842179295,1.0,9.266666666666667,0.1
1647670940,1.0,1.0185134,1.4393011,9298.123,9143.569,7415.923,16083.393,18041.057,165.0,175.0,36078.055,18694.633,657.66516,609.3469,56.096123,0.29667644335149296,0.9952557435902826,-0.09729339571910174,1.0,9.283333333333333,0.08333333333333333
1647670942,1.0,0.75611484,1.4466395,19821.156,7017.26,9303.035,9237.973,18580.406,165.0,175.0,35326.906,19577.799,733.68146,825.43976,48.67527,0.29668263766078107,0.9952415823127209,-0.097438148769728,1.0,9.316666666666666,0.05
1647670945,21.0,0.40000004,0.39994,35894.0,28307.998,29301.0,30002.002,30298.004,31290.998,31900.0,33494.0,33600.0,200.0,640.0,29.462528,0.29669192912471315,0.9952203009214822,-0.09765527447995097,0.0,0.0,0.0
1647670946,21.0,0.40000004,0.385349,33186.0,28190.0,29101.0,29708.0,30007.0,30914.998,31790.0,32596.0,32993.0,200.0,384.0,29.384706,0.2966950262793572,0.9952131965979136,-0.09772764868430321,0.0,0.0,0.0
1647670951,21.0,0.40000004,0.385571,33901.996,28013.002,28998.996,29506.998,29889.0,30799.002,31510.002,33002.0,33605.996,200.0,128.0,29.171711,0.2967105120525773,0.9951775960330952,-0.09808951194592362,0.0,0.0,0.0
1647671227,31.0,0.40000004,0.385111,52687.008,42802.004,44195.004,45011.996,46299.992,47996.99,49100.0,51396.0,52391.0,200.0,1024.0,30.588928,0.29756532673432917,0.9930084953622011,-0.11804290803981937,0.0,0.0,0.0
1647671229,31.0,0.40000004,0.39783904,53699.004,42590.0,44385.0,45108.004,46401.004,48006.01,49299.992,51404.992,53499.996,200.0,896.0,30.601217,0.2975715210436172,0.9929913162141845,-0.11818733402197357,0.0,0.0,0.0
1647671230,31.0,0.40000004,0.38543904,54768.992,42909.004,44605.008,46168.008,46900.996,49063.008,50867.996,52964.992,53171.0,200.0,255.99997,31.17056,0.29757461819826125,0.992982718763006,-0.11825954607569215,0.0,0.0,0.0
1647671231,31.0,0.40000004,0.38532698,53197.004,43603.992,44995.992,46014.0,46671.004,48274.008,50171.0,51503.996,52874.008,200.0,512.0,30.744576,0.2975777153529053,0.9929741160604418,-0.11833175750399505,0.0,0.0,0.0
1647671234,31.0,0.40000004,0.38944703,50995.008,42719.0,44314.0,45203.0,45592.004,46998.008,48508.008,49993.004,50802.004,200.0,384.0,30.6176,0.29758700681683736,0.9929482764448879,-0.11854838803259365,0.0,0.0,0.0
1647671236,31.0,0.40000004,0.386468,54391.004,42884.01,44600.0,45581.004,46178.008,48280.996,50189.992,52183.992,53789.0,200.0,640.0,30.425089,0.2975932011261254,0.9929310237784236,-0.11869280525091538,0.0,0.0,0.0
1647671242,31.0,0.40000004,0.397186,49599.004,43104.0,44306.996,45013.004,45617.004,47600.0,48305.0,48986.016,49488.004,200.0,128.0,30.236671,0.2976117840539896,0.9928791397537899,-0.11912604182870391,0.0,0.0,0.0
1647671525,41.0,0.40000004,0.38957402,67504.0,58096.996,60103.0,61305.004,62000.008,63907.99,64707.98,65606.0,66405.016,200.0,1024.0,31.657984,0.2984882788182497,0.9902173985122754,-0.1395331633826937,0.0,0.0,0.0
1647671526,41.0,0.40000004,0.399282,70080.0,58304.984,60387.0,61588.984,61989.008,64197.99,66012.01,67194.984,67886.016,200.0,896.0,31.670273,0.2984913759728937,0.9902072487559171,-0.1396051736549805,0.0,0.0,0.0
1647671530,41.0,0.40000004,0.39998,72414.984,58487.004,60398.004,61427.992,62415.99,63712.004,65311.984,67115.99,67818.01,200.0,512.0,31.481857,0.2985037645914698,0.9901665973639416,-0.13989320735730457,0.0,0.0,0.0
1647671533,41.0,0.40000004,0.39640403,70890.0,59899.99,61480.992,62681.008,63308.992,65180.992,66201.0,68005.984,68875.984,200.0,255.99997,31.481857,0.2985130560554019,0.9901360538365961,-0.14010922486722047,0.0,0.0,0.0
1647671542,41.0,0.40000004,0.399916,68906.0,59598.0,61806.008,63201.004,63794.996,66310.016,67496.99,67995.984,68402.0,200.0,640.0,31.30573,0.29854093044719815,0.9900441404984899,-0.14075723734361392,0.0,0.0,0.0
1647671543,41.0,0.40000004,0.39978004,69507.0,58694.023,60591.992,61998.016,63087.03,64609.008,65507.996,66902.0,68980.984,200.0,128.0,31.219711,0.2985440276018422,0.9900339017254193,-0.14082923501298567,0.0,0.0,0.0
1647671828,1.0,0.28449947,1.6519651,27930.744,101.13,15217.736,24597.3,13020.828,5909.2656,18739.043,14114.607,24378.014,100.0,182.12643,63.13765,0.29942671667539034,0.9869026833003121,-0.16131674957872175,1.0,4.75,8.9
1647671831,1.0,0.476373,1.110755,14495.882,101.13,23470.57,20627.076,20776.19,13453.928,11957.485,19893.646,21093.564,100.0,339.26947,60.29458,0.2994360081393224,0.9868674659588138,-0.1615320545032146,1.0,4.8,8.85
1647671835,1.0,0.16280943,1.7745601,30336.24,101.13,13785.041,20111.645,20394.852,14626.867,17173.553,30514.318,30345.559,100.0,431.20145,67.179344,0.2994483967578985,0.9868204364371361,-0.16181911577443525,1.0,4.866666666666666,8.783333333333333
1647671836,1.0,0.43019813,1.1289446,27652.865,101.13,18133.568,24013.227,16350.814,13245.0,13409.233,17928.25,26583.11,100.0,65.0,50.57315,0.29945149391254255,0.9868086660095693,-0.16189087895373924,1.0,4.883333333333334,8.766666666666667
1647671837,1.0,0.7417107,1.4843197,18602.695,1124.3936,21043.693,27680.256,18662.402,14463.853,20941.408,29913.797,20881.744,100.0,323.47992,57.70719,0.2994545910671866,0.9867968903632678,-0.16196264127688448,1.0,4.9,8.75
1647671839,1.0,0.77838504,0.80923605,22207.59,4331.5938,13893.49,30243.72,15104.735,21680.04,13933.08,11897.928,30596.111,100.0,208.69693,46.20984,0.29946078537647464,0.9867733234147106,-0.1621061633531776,1.0,4.933333333333334,8.716666666666667
1647671852,1.0,0.4394551,0.9378511,21589.613,101.13,13233.188,25591.328,17738.615,8620.611,17425.143,23772.23,23350.994,100.0,183.90442,52.646103,0.299501048386847,0.9866196294630144,-0.16303897312686952,1.0,5.15,8.5
1647671853,1.0,0.1,1.316156,33187.438,732.83203,17538.535,28183.951,16077.93,20790.352,12888.035,10957.439,35608.84,100.0,142.98935,53.473824,0.299504145541491,0.9866077703254487,-0.16311072169985266,1.0,5.166666666666667,8.483333333333333
1647671947,1.0,0.386833,1.2262311,28646.518,101.13,18951.125,21767.406,17820.936,10001.609,6834.685,26340.732,25970.656,100.0,389.59094,53.054356,0.2997952780780297,0.9854697232609326,-0.16985118349902928,1.0,6.733333333333333,6.916666666666667
1647671952,1.0,0.3020841,0.87283015,35125.863,101.13,13621.992,27938.299,15104.046,4241.8457,11817.963,22286.5,29606.334,100.0,65.0,64.02521,0.2998107638512499,0.9854078984834901,-0.1702094991660325,1.0,6.816666666666666,6.833333333333333
1647671953,1.0,0.18334538,0.70647323,28575.816,365.54004,25250.676,27197.908,23510.55,13557.658,14109.947,27981.668,32046.074,100.0,65.0,52.3363,0.2998138610058939,0.9853955178937601,-0.170281159600492,1.0,6.833333333333333,6.816666666666666
1647671955,1.0,0.69928205,0.41811574,28412.797,101.13,19356.04,24513.703,27784.205,11464.908,7873.1675,23200.014,27696.871,100.0,437.20395,61.603935,0.29982005531518197,0.9853707410805824,-0.1704244777674375,1.0,6.866666666666666,6.783333333333333
1647671967,9.39484,0.14862984,1.3586838,23034.918,101.13,16417.375,25985.377,14744.918,3383.0547,2508.1455,27294.105,21518.68,100.0,398.2232,56.413013,0.2998572211709103,0.9852216424849652,-0.17128431095470267,1.0,7.066666666666666,6.583333333333333
1647671969,1.0,0.23120111,1.1067488,22127.742,5794.4316,18648.086,24465.578,24432.656,2747.4844,23754.996,21896.139,23603.607,116.58545,252.72461,45.38079,0.29986341548019835,0.9851967197711768,-0.17142760382188502,1.0,7.1,6.55
1647672354,1.0,0.1,1.6789938,38030.42,4486.9043,10483.548,25890.139,25484.207,165.0,175.0,40462.477,33372.273,568.60236,454.635,50.144173,0.30105582001814934,0.9800116020081155,-0.1989403426394125,1.0,13.516666666666667,0.13333333333333333
1647672356,1.0,1.2935327,1.9239987,29526.121,5418.335,18745.258,20443.625,20796.514,165.0,175.0,49731.44,16690.805,713.3795,1024.0,49.4339,0.3010620143274374,0.9799826569426903,-0.19908287744440892,1.0,13.55,0.1
1647672362,10.999998,0.40000004,0.399915,18406.0,14499.999,15112.0,15590.0,15807.0,16330.999,17005.0,17505.0,18299.0,300.0,255.99997,29.794306,0.30108059725530156,0.9798956973656203,-0.1995104565789587,0.0,0.0,0.0
1647672364,10.999998,0.40000004,0.39992803,18710.0,14495.0,15093.0,15490.0,15705.0,16415.0,16905.0,17607.0,18091.0,300.0,512.0,30.240768,0.3010867915645896,0.97986666938171,-0.19965297452027794,0.0,0.0,0.0
1647672375,10.999998,0.40000004,0.399886,18688.0,14408.0,15001.0,15487.0,15796.0,16397.0,16999.0,17486.0,17809.0,300.0,128.0,30.162945,0.3011208602656739,0.9797066449721294,-0.20043674762242034,0.0,0.0,0.0
1647672376,10.999998,0.40000004,0.39999104,17901.0,14599.0,15099.0,15509.0,15811.0,16595.0,17041.0,17503.0,17636.002,300.0,640.0,30.875648,0.30112395742031794,0.9796920662099379,-0.20050799337009678,0.0,0.0,0.0
1647672760,21.0,0.40000004,0.399951,36306.0,27476.0,28395.998,28998.998,29697.998,30801.998,32503.004,33600.0,34703.0,300.0,1024.0,30.257153,0.3023132648036249,0.9737115872561709,-0.22778442625225348,0.0,0.0,0.0
1647672764,21.0,0.40000004,0.39998204,35509.0,27791.0,28703.002,29393.998,29858.0,31580.998,32797.0,33614.0,34298.996,300.0,896.0,30.75277,0.302325653422201,0.9736452862576257,-0.22806765783053523,0.0,0.0,0.0
1647672769,21.0,0.40000004,0.39991802,35700.0,27506.0,28309.002,29294.002,29790.0,31210.0,32884.0,33792.0,34093.0,300.0,384.0,30.609406,0.30234113919542116,0.973562294154902,-0.22842167016253975,0.0,0.0,0.0
1647672770,21.0,0.40000004,0.399932,35992.008,27496.998,28501.002,29393.998,29897.996,31004.002,33104.0,34513.004,34999.0,300.0,768.0,30.806019,0.3023442363500652,0.9735456802879626,-0.22849246900641643,0.0,0.0,0.0
1647672771,21.0,0.40000004,0.39981198,35400.0,27512.0,28489.998,29303.0,29797.996,31906.0,33594.0,34105.0,35296.0,300.0,255.99997,31.473663,0.3023473335047092,0.9735290612724298,-0.2285632666419116,0.0,0.0,0.0
1647672774,21.0,0.40000004,0.399967,36486.996,27597.996,28496.0,29385.004,30001.994,31689.004,32898.004,34997.0,35496.996,300.0,512.0,30.437374,0.3023566249686413,0.973479173335151,-0.2287756522943624,0.0,0.0,0.0
1647672783,21.0,0.40000004,0.39994496,35399.0,27402.996,28494.002,29389.0,29895.004,31295.996,32604.002,33694.004,34588.0,300.0,640.0,30.98624,0.30238449936043754,0.9733292315277803,-0.22941274387779903,0.0,0.0,0.0
1647673189,31.0,0.40000004,0.399877,54487.0,43092.008,44417.0,45301.008,46087.996,47387.992,49108.992,51078.996,52985.996,300.0,1024.0,30.756865,0.30364194414591317,0.9661325575882088,-0.2580462771831174,0.0,0.0,0.0
1647673195,31.0,0.40000004,0.40000498,59076.004,42498.0,44305.004,45591.01,46192.004,50505.0,51897.008,54176.996,56285.004,300.0,896.0,31.70304,0.30366052707377733,0.966019871693797,-0.25846780745907216,0.0,0.0,0.0
1647673200,31.0,0.40000004,0.399922,54457.996,43201.01,44695.0,45700.008,46598.008,48393.008,49898.004,51645.004,53854.996,300.0,768.0,31.60064,0.30367601284699747,0.9659258262890683,-0.25881904510252085,0.0,0.0,0.0
1647673202,31.0,0.40000004,0.399917,55762.008,43110.008,44507.0,45594.996,46603.008,49189.0,51295.0,52865.996,53065.996,300.0,384.0,30.867456,0.3036822071562855,0.9658881723684103,-0.2589595305811548,0.0,0.0,0.0
1647673203,31.0,0.40000004,0.399902,57654.016,42804.008,44406.992,45399.992,46212.0,48806.02,51308.004,53064.0,56064.004,300.0,512.0,30.900223,0.30368530431092955,0.9658693377458868,-0.25902977126639737,0.0,0.0,0.0
1647673204,1.0,0.2735647,1.5571607,20352.951,101.13,28977.346,27298.053,153.0,20112.883,51645.84,11188.307,26481.57,156.85446,65.0,62.146618,0.3036884014655736,0.9658504980153663,-0.2591000105817616,1.0,0.016666666666666666,14.783333333333333
1647673213,1.0,0.57173073,0.4490484,17623.502,101.13,20004.43,25535.383,10958.823,14953.492,41029.227,14846.918,23089.443,100.0,65.0,52.689507,0.3037162758573698,0.965680710597266,-0.25973210271423774,1.0,0.16666666666666666,14.633333333333333
1647673218,1.0,0.84328616,0.79877234,13110.136,101.13,23632.908,33521.434,8751.391,23243.992,42214.062,6201.535,25054.723,100.0,65.0,49.49595,0.30373176163058996,0.9655862055042407,-0.26008321695165637,1.0,0.25,14.55
1647673623,1.0,1.2805736,1.0527638,17331.43,101.13,7631.4395,26878.672,24573.93,2429.6758,11934.528,37083.16,21180.246,100.0,378.26538,57.664318,0.30498610926142156,0.9575084633446679,-0.28840517093722984,1.0,7.0,7.8
1647673629,1.0,0.12245369,1.140407,28761.99,101.13,15044.711,19161.734,23897.48,5087.0737,10327.103,22035.29,24224.355,100.0,470.53525,53.582207,0.3050046921892857,0.9573825317052974,-0.28882293535236303,1.0,7.1,7.7
1647673635,1.0,0.77488875,1.1424347,25478.004,2574.5518,19521.34,25951.074,22170.99,10994.606,12852.954,35453.516,23088.555,100.0,261.95978,41.513634,0.3050232751171499,0.9572564177938069,-0.28924064477968625,1.0,7.2,7.6
1647673639,1.0,0.3431841,1.0108469,20450.182,532.7334,19550.377,13834.645,24305.693,3538.1729,10609.373,22783.36,30017.252,100.0,436.85028,61.649834,0.305035663735726,0.9571722406023799,-0.28951908714317914,1.0,7.266666666666667,7.533333333333333
1647673642,1.0,0.48356992,1.0343204,23128.096,101.13,14515.707,22952.406,16315.945,11228.213,7338.919,22610.54,29938.857,100.0,589.97327,59.437515,0.3050449551996581,0.957109054557395,-0.2897279028403193,1.0,7.316666666666666,7.483333333333333
1647673648,1.0,0.33020288,1.4444181,23332.785,5027.705,8746.372,21862.145,14196.528,6688.0176,10859.656,42969.45,30644.96,100.0,415.62045,58.945118,0.30506353812752224,0.9569825458053929,-0.2901454928545833,1.0,7.416666666666667,7.383333333333334
1647673656,1.0,0.24890214,1.113584,18385.643,8254.85,15449.252,22004.34,19045.69,8642.8125,9057.681,20850.346,17889.928,100.0,304.7322,49.737225,0.30508831536467446,0.9568135840576074,-0.2907021935982523,1.0,7.55,7.25
1647674061,1.0,0.3137328,1.7433752,23738.812,1858.0728,14427.955,24240.14,22029.637,165.0,175.0,32472.596,17970.621,449.43976,583.6883,48.333595,0.30634266299550605,0.9478379735804068,-0.3187525307177781,1.0,14.3,0.5
1647674072,1.0,0.1,0.81482005,28966.162,345.89453,16132.2,24118.793,20872.145,165.0,175.0,32976.492,20634.793,364.82916,65.0,42.136497,0.30637673169659035,0.9475826866231714,-0.31951064459891265,1.0,14.483333333333333,0.31666666666666665
1647674077,1.0,0.51336074,1.4281765,28564.383,3122.9546,15024.461,27485.482,25613.031,165.0,175.0,38896.88,14895.432,223.51138,656.7115,62.168343,0.3063922174698105,0.9474664466358098,-0.31985517425752563,1.0,14.566666666666666,0.23333333333333334
1647674080,1.0,0.38466215,1.1165113,29683.715,2718.37,12754.965,21097.445,16573.43,165.0,175.0,44195.023,26926.414,721.5027,470.5265,70.520874,0.3064015089337426,0.9473966425143293,-0.3200618717569716,1.0,14.616666666666667,0.18333333333333332
1647674084,1.0,0.7216771,1.88444,22976.262,3585.0532,17182.447,21559.992,23767.486,165.0,175.0,33869.133,31274.213,418.034,674.2924,66.6786,0.3064138975523187,0.9473035002086716,-0.3203374447241524,1.0,14.683333333333334,0.11666666666666667
1647674087,1.0,1.443594,1.4760556,21870.422,1916.7466,17575.164,16182.271,19800.045,165.0,175.0,44383.6,18011.0,822.5304,493.59726,38.21727,0.30642318901625076,0.9472335908759756,-0.3205441066627257,1.0,14.733333333333333,0.06666666666666667
1647674091,51.0,0.40000004,0.399932,92568.0,73574.97,75613.95,77087.01,77810.01,79698.03,81262.01,82859.98,84763.984,300.0,512.0,33.345535,0.3064355776348269,0.9471403083007703,-0.32081963217970594,0.0,0.0,0.0
1647674114,51.0,0.40000004,0.39992,90584.01,73805.984,76302.0,77984.01,79102.03,81984.0,83283.0,84984.99,86987.97,300.0,640.0,33.222656,0.30650681219163955,0.9466023784577583,-0.3224033763751783,0.0,0.0,0.0
1647674234,1.0,0.40000004,0.399937,686.9971,398.0,425.0,487.00098,496.00098,516.999,592.999,607.0,678.00195,400.0,1024.0,32.41984,0.30687847074892294,0.9437528702310048,-0.33065165950096187,0.0,0.0,0.0
1647674252,1.0,0.40000004,0.39998204,693.99805,401.99902,419.99902,481.99902,494.00098,572.0,596.00195,616.00195,667.999,400.0,384.0,30.109695,0.3069342195325155,0.9433192397970401,-0.33188674548516445,0.0,0.0,0.0
1647674254,1.0,0.40000004,0.39988196,681.0,411.00098,484.0,498.0,506.0,580.999,598.001,612.999,615.999,400.0,896.0,32.14541,0.30694041384180354,0.9432709588492916,-0.33202394219624903,0.0,0.0,0.0
1647674259,1.0,0.40000004,0.399939,700.001,403.00098,466.0,490.99805,496.99902,519.001,592.001,609.00195,670.00195,400.0,255.99997,32.722942,0.3069558996150237,0.9431501691836591,-0.33236690323922935,0.0,0.0,0.0
1647674268,1.0,0.40000004,0.399911,697.001,409.0,477.00098,492.99902,500.0,573.001,594.0,612.999,680.999,400.0,128.0,32.210945,0.3069837740068199,0.9429324335619231,-0.3329841223496842,0.0,0.0,0.0
1647674269,1.0,0.40000004,0.399778,707.0,405.0,478.0,490.99805,498.99902,568.999,598.001,609.00195,684.999,400.0,512.0,32.80896,0.30698687116146395,0.9429082157798807,-0.33305269345075383,0.0,0.0,0.0
1647674274,1.0,0.40000004,0.39978403,701.99805,478.0,497.0,512.001,518.0,586.0,597.0,675.001,693.999,400.0,768.0,32.587776,0.3070023569346841,0.9427870520737242,-0.3333955225286282,0.0,0.0,0.0
1647674291,1.0,0.40000004,0.39990097,707.999,403.00098,425.0,485.99902,493.0,508.99902,575.999,598.001,612.99805,400.0,640.0,32.415745,0.3070550085636326,0.9423741632005626,-0.3345608114110789,0.0,0.0,0.0
1647674768,10.999998,0.40000004,0.399994,17797.0,14397.0,14807.0,15095.001,15300.0,15885.0,16296.0,16596.0,16989.0,400.0,1024.0,30.666752,0.3085323513288342,0.930204188767093,-0.3670424596693881,0.0,0.0,0.0
1647674786,10.999998,0.40000004,0.39993,17400.0,14398.0,14893.0,15194.998,15295.001,15788.998,16013.0,16493.0,16604.0,400.0,384.0,30.900223,0.3085881001124267,0.929722934508352,-0.36825977929876996,0.0,0.0,0.0
1647674794,10.999998,0.40000004,0.399947,17400.0,14494.0,14894.0,15106.0,15306.998,15805.0,16190.0,16609.0,17097.0,400.0,255.99997,30.777344,0.30861287734957893,0.9295085323266159,-0.3688006078249066,0.0,0.0,0.0
1647674795,10.999998,0.40000004,0.399967,18243.0,14598.0,15095.0,15305.0,15513.0,16090.0,16511.0,17181.0,17643.998,400.0,896.0,31.186943,0.30861597450422296,0.9294817099317467,-0.3688682026176237,0.0,0.0,0.0
1647674802,10.999998,0.40000004,0.399983,17399.0,14408.0,14809.0,15103.0,15302.0,15811.0,16202.0,16600.0,16998.0,400.0,128.0,31.076351,0.30863765458673115,0.9292938155398988,-0.36934131152539185,0.0,0.0,0.0
1647674812,10.999998,0.40000004,0.40001303,17798.0,14598.0,15104.0,15414.0,15595.001,15935.0,16300.0,16795.0,16997.0,400.0,512.0,31.162369,0.3086686261331715,0.9290249772539723,-0.37001701533612785,0.0,0.0,0.0
1647674818,1.0,0.1,0.92374134,15106.509,101.13,30265.555,24664.127,5099.784,29542.16,57343.586,15169.637,26322.445,100.0,65.0,69.06435,0.30868720906103564,0.9288634384423239,-0.37042234371741556,1.0,0.1,18.616666666666667
1647674829,1.0,0.1,1.2158525,17944.148,101.13,11615.942,37235.79,7501.9253,16280.316,57088.75,13169.627,26189.58,100.0,65.0,73.23541,0.30872127776211994,0.9285668246772756,-0.3711652625297277,1.0,0.2833333333333333,18.433333333333334
1647675309,1.0,0.1,1.1492957,20951.86,5171.4165,10277.514,20082.174,21452.277,9089.133,17273.373,32276.115,24325.64,100.0,65.0,42.830048,0.31020791199125364,0.915047686000979,-0.4033456735162208,1.0,8.283333333333333,10.433333333333334
1647675329,1.0,0.71011734,0.8214537,23766.154,101.13,18411.883,27417.502,21653.887,165.0,23015.719,25827.451,18300.334,100.0,291.23642,58.364643,0.3102698550841342,0.9144600758604041,-0.4046761293397276,1.0,8.616666666666667,10.1
1647675334,1.0,0.1,1.3019966,19823.291,2970.4692,14664.309,19853.812,15895.896,2691.8545,16852.023,30313.861,35135.176,100.0,173.63696,53.41459,0.3102853408573544,0.9143128710192148,-0.40500860964749963,1.0,8.7,10.016666666666667
1647675342,1.0,0.7585661,0.46645525,29780.207,101.13,14824.338,29268.303,24293.559,165.0,18504.748,31127.281,26404.8,100.0,149.90445,54.00727,0.3103101180945066,0.9140770918436977,-0.40554046674354005,1.0,8.833333333333334,9.883333333333333
1647675343,1.0,0.51007706,0.940827,17300.746,3897.5015,12524.193,23304.027,18629.162,3758.2974,13995.191,28323.883,24536.463,100.0,147.80368,48.031197,0.3103132152491506,0.9140475976916985,-0.4056069392330892,1.0,8.85,9.866666666666667
1647675358,1.0,0.20008051,1.0169803,20351.21,829.3838,16761.176,26985.002,11101.657,1945.4756,15587.624,20040.412,22150.285,100.0,72.3064,47.82793,0.31035967256881103,0.9136046054265794,-0.40660376897336337,1.0,9.1,9.616666666666667
1647675367,1.0,0.21790165,0.75666106,25926.504,3289.4277,16218.689,22092.484,23912.076,2509.1826,22090.352,36481.582,24667.586,100.0,108.851715,56.675507,0.3103875469606073,0.9133382882214994,-0.4072016346585819,1.0,9.25,9.466666666666667
1647675379,1.0,0.22286808,0.577983,22002.02,5602.406,13522.774,40410.688,24276.363,5657.9893,17411.479,16327.797,21185.734,100.0,65.0,52.960182,0.31042471281633566,0.9129825900309683,-0.4079985175222391,1.0,9.45,9.266666666666667
1647675870,1.0,0.1,1.4159933,21453.387,6566.875,16562.627,31344.475,28657.193,165.0,175.0,37377.797,15599.527,613.3286,347.41498,40.01021,0.31194541574655366,0.8978355306052577,-0.4403309664136459,1.0,17.633333333333333,1.0833333333333333
1647675893,1.0,0.14155638,1.5247207,28775.77,101.13,16211.611,26301.137,14674.657,165.0,175.0,25922.56,14739.524,388.0781,365.71686,66.288086,0.3120166503033663,0.8970977743052231,-0.44183207594810847,1.0,18.016666666666666,0.7
1647675894,1.0,0.6535235,0.8017379,23849.23,101.13,20331.098,23575.81,21746.55,165.0,175.0,33803.86,20136.256,142.82584,182.46756,60.141975,0.3120197474580103,0.8970656409978262,-0.4418973135708785,1.0,18.033333333333335,0.6833333333333333
1647675901,1.0,0.25654793,1.5244036,19150.47,5158.4688,13766.383,19868.223,23409.316,165.0,175.0,27665.074,19667.484,564.93396,452.87094,73.23541,0.3120414275405185,0.8968405750199597,-0.4423539114757188,1.0,18.15,0.5666666666666667
1647675907,1.0,0.1,1.8232249,38956.023,7824.5796,12952.008,29441.92,20703.898,165.0,175.0,37756.168,14454.533,519.9572,158.0275,47.386436,0.3120600104683827,0.896647476347833,-0.44274518987682093,1.0,18.25,0.4666666666666667
1647675924,1.0,1.1094328,1.776912,27358.215,3824.9502,18527.658,26460.98,14018.535,165.0,175.0,43171.227,14861.107,861.5317,547.2883,49.291706,0.3121126620973312,0.896099436520778,-0.44385335401137194,1.0,18.533333333333335,0.18333333333333332
1647675935,31.0,0.40000004,0.39992297,54920.004,42909.992,44107.008,45090.0,45932.004,48097.0,49995.004,52189.004,53087.004,400.0,768.0,32.77619,0.3121467307984155,0.8957440926535958,-0.4445700400119046,0.0,0.0,0.0
1647675944,31.0,0.40000004,0.39990804,54802.008,42699.01,44097.004,45195.0,45942.0,47898.004,50499.992,52900.992,53702.008,400.0,640.0,32.29696,0.31217460519021173,0.8954529304094407,-0.4451562078879113,0.0,0.0,0.0
1647676442,41.0,0.40000004,0.400015,69590.0,57401.992,58903.01,60189.984,60805.996,62147.992,63444.996,65990.0,66611.0,400.0,1024.0,32.882687,0.313716988202938,0.8787477034384564,-0.477286573980076,0.0,0.0,0.0
1647676474,41.0,0.40000004,0.40002298,74189.0,57908.02,59656.996,60606.0,61596.98,63585.996,65984.984,67894.99,68697.984,400.0,384.0,32.546818,0.31381609715154685,0.8776346287555155,-0.4793302185437182,0.0,0.0,0.0
1647676476,41.0,0.40000004,0.40000603,70792.0,58100.984,59707.99,60801.977,61596.98,63705.004,65585.0,67512.0,68700.984,400.0,255.99997,32.874496,0.31382229146083496,0.8775649037187093,-0.47945786025590653,0.0,0.0,0.0
1647676489,41.0,0.40000004,0.400073,70188.0,58099.008,60098.99,61093.0,61738.01,63394.008,65203.98,67304.0,69098.984,400.0,896.0,33.357822,0.3138625544712073,0.8771112385479944,-0.48028728404237725,0.0,0.0,0.0
1647676505,41.0,0.40000004,0.399964,73999.984,58002.016,59906.992,61100.99,62093.996,64109.016,65903.016,68012.99,68408.01,400.0,512.0,33.554432,0.31391210894551175,0.8765518053025543,-0.4813075239603396,0.0,0.0,0.0
1647676521,41.0,0.40000004,0.399975,70303.016,58796.004,60717.008,62186.99,62814.008,63994.992,65702.984,66798.0,68206.0,400.0,768.0,33.91488,0.31396166341981624,0.875991185333029,-0.4823271122576822,0.0,0.0,0.0
1647676533,41.0,0.40000004,0.399937,73101.016,59299.0,61194.0,62092.99,63103.0,65186.008,66398.99,68294.0,70097.99,400.0,640.0,33.058815,0.31399882927554457,0.8755699420247288,-0.4830913750242422,0.0,0.0,0.0
1647677026,51.0,0.40000004,0.399967,88484.984,73193.984,75291.984,76321.0,77397.0,80004.01,81694.984,83800.016,85605.01,400.0,1024.0,34.533375,0.3155257265150506,0.8576912211256752,-0.5141651186184727,0.0,0.0,0.0
1647677067,51.0,0.40000004,0.399975,91005.01,73229.98,75404.984,76803.99,77801.99,80801.98,82991.99,83804.016,86283.01,400.0,128.0,34.72179,0.3156527098554558,0.8561543741325137,-0.5167201250713618,0.0,0.0,0.0
1647677071,51.0,0.40000004,0.39993,89207.99,73800.04,75692.984,77003.03,77889.98,80010.016,81700.0,83892.02,86696.0,400.0,255.99997,34.13197,0.3156650984740319,0.856004030120912,-0.5169691484187009,0.0,0.0,0.0
1647677072,51.0,0.40000004,0.399984,89498.0,74294.01,76409.984,77809.04,78419.0,81299.99,83397.03,85400.016,87788.99,400.0,384.0,34.177025,0.31566819562867593,0.8559664328000783,-0.5170313974213838,0.0,0.0,0.0
1647677092,51.0,0.40000004,0.400073,86188.0,74929.03,77302.97,78985.984,79708.0,81599.0,83298.99,85302.984,85803.0,400.0,896.0,34.033665,0.31573013872155653,0.8552135360251053,-0.5182758028303424,0.0,0.0,0.0
1647677107,51.0,0.40000004,0.39998,90489.016,74200.99,76297.984,77606.01,78394.97,81285.99,82885.98,84309.03,85989.03,400.0,512.0,34.57843,0.31577659604121694,0.8546476761233879,-0.5192083875448207,0.0,0.0,0.0
1647677129,51.0,0.40000004,0.399994,89556.98,74906.0,77395.0,78589.016,79412.04,81756.02,83883.984,85600.0,86455.0,400.0,768.0,35.00851,0.31584473344338554,0.8538159088982388,-0.5205750605938345,0.0,0.0,0.0
1647677150,1.0,0.6018179,1.1551721,13859.965,101.13,24911.135,29021.117,4770.647,18702.535,44131.676,9807.008,22793.406,100.0,65.0,56.21878,0.31590977369091017,0.8530199105401705,-0.5218783691838929,1.0,0.35,14.55
1647677243,1.0,0.5642601,0.75143886,18446.977,101.13,22138.418,29126.688,25071.121,25682.957,38173.535,19117.207,27647.0,136.81396,65.0,58.113304,0.3161978090728048,0.8494708867298727,-0.5276354921708393,1.0,1.9,13.0
1647677287,1.0,0.5813384,0.8588253,27398.281,101.13,10448.54,27046.062,11791.307,15600.861,35086.016,15615.765,34180.953,100.0,65.0,58.60096,0.31633408387714207,0.8477782285733932,-0.5303508981391089,1.0,2.6333333333333333,12.266666666666667
1647677290,1.0,0.6397183,0.77525246,24943.125,101.13,16271.363,30271.95,12574.057,12472.851,41529.844,21775.021,28369.992,100.0,65.0,43.47698,0.31634337534107415,0.8476625037816421,-0.5305358420339173,1.0,2.683333333333333,12.216666666666667
1647677293,1.0,0.20106536,1.1475328,21676.242,1842.0181,19250.844,25020.227,16572.611,16662.93,34171.6,33341.47,26157.32,100.0,65.0,45.642742,0.31635266680500623,0.8475467386441463,-0.530720760677092,1.0,2.7333333333333334,12.166666666666666
1647677306,1.0,0.66461957,1.0472951,21879.934,101.13,24441.3,30557.146,20171.396,17568.928,44052.176,17457.156,25765.496,100.0,87.28476,46.797348,0.3163929298153786,0.8470446236319646,-0.5315217827861652,1.0,2.95,11.95
1647677321,1.0,0.39677733,1.0380422,20556.162,101.13,15954.201,28153.084,8968.772,8475.784,49051.27,16142.509,24434.219,100.0,65.0,45.868084,0.31643938713503905,0.8464643194705744,-0.5324454487205401,1.0,3.2,11.7
1647677340,1.0,0.35827547,1.0028538,19411.574,2356.087,6594.663,19975.604,15803.578,13759.811,27899.787,24985.465,34435.336,100.0,65.0,57.039234,0.31649823307327557,0.8457278217039732,-0.5336145159156115,1.0,3.5166666666666666,11.383333333333333
1647677362,1.0,0.47608408,0.3711446,15691.901,5458.3193,14280.439,23408.387,18539.99,9738.668,31442.902,19476.654,25344.71,100.0,65.0,51.757893,0.3165663704754442,0.8448730177536132,-0.5349668997909148,1.0,3.8833333333333333,11.016666666666667
1647677903,1.0,0.1,1.4552258,27978.953,101.13,9980.024,22804.746,29728.809,165.0,1046.1631,38776.65,22491.172,215.01376,383.7599,50.974865,0.31824193113786364,0.8231776611202785,-0.5677838833857016,1.0,12.9,2.0
1647677944,1.0,0.2755239,1.3359224,23762.852,6484.737,15959.107,18729.086,15400.004,165.0,175.0,34862.01,15863.261,317.6479,530.9977,44.619312,0.3183689144782688,0.8214810978450672,-0.5702357458834576,1.0,13.583333333333334,1.3166666666666667
1647677947,1.0,0.112758934,1.484262,24346.715,5210.8164,12273.574,22057.555,18593.242,165.0,175.0,42893.664,17948.307,253.70137,466.06296,56.408463,0.3183782059422009,0.8213566721552754,-0.5704149516851846,1.0,13.633333333333333,1.2666666666666666
1647677952,1.0,0.1,1.5452006,27159.748,1672.771,16959.36,25153.68,23062.771,165.0,175.0,32946.57,24159.947,297.26373,365.84644,46.379208,0.31839369171542103,0.8211492091337041,-0.5707135676844316,1.0,13.716666666666667,1.1833333333333333
1647677959,1.0,0.32256353,1.129872,27061.184,4349.345,16599.861,18504.504,21036.39,165.0,175.0,41785.215,21745.885,416.01184,350.99088,48.15718,0.3184153717979292,0.8208585785185623,-0.5711315033094264,1.0,13.833333333333334,1.0666666666666667
1647677985,1.0,0.48394755,1.4225947,31416.389,2643.7349,14119.326,27450.38,24893.523,165.0,175.0,35428.297,25339.445,549.2676,539.1555,53.299522,0.318495897818674,0.8197772316385034,-0.5726825390101496,1.0,14.266666666666667,0.6333333333333333
1647678003,1.0,0.9786283,1.8684771,25924.664,3705.0737,16392.29,17643.85,19270.045,165.0,175.0,44439.24,17538.615,1000.0,705.04346,45.418957,0.3185516466022665,0.8190268898290337,-0.5737551339526121,1.0,14.566666666666666,0.3333333333333333
1647678023,10.999998,0.40000004,0.39992297,17109.0,14292.0,14615.001,14899.0,15096.0,15697.0,16092.0,16791.0,16996.0,500.0,640.0,31.821823,0.3186135896951471,0.8181915308235305,-0.5749457529964438,0.0,0.0,0.0
1647678572,21.0,0.40000004,0.39998502,35114.0,27495.998,28405.002,29096.0,29398.996,30497.004,31689.002,32488.998,32704.998,500.0,1024.0,32.423935,0.3203139275947187,0.7945912653928571,-0.6071447281837983,0.0,0.0,0.0
1647678614,21.0,0.40000004,0.400001,33490.0,27695.0,28487.0,28906.0,29290.0,30295.998,31297.0,32202.0,32893.0,500.0,128.0,32.71885,0.3204440080897679,0.792733143899409,-0.6095688333267696,0.0,0.0,0.0
1647678618,21.0,0.40000004,0.399935,34412.0,27600.998,28417.002,28902.002,29303.004,30399.998,31394.002,32103.994,32900.0,500.0,384.0,32.055298,0.320456396708344,0.7925557939769908,-0.6097994042580738,0.0,0.0,0.0
1647678628,21.0,0.40000004,0.40001,36891.008,27799.0,28703.002,29304.002,29804.002,31113.004,32603.0,33497.0,34004.0,500.0,255.99997,32.362495,0.32048736825478435,0.7921121258037702,-0.6103756057991113,0.0,0.0,0.0
1647678633,21.0,0.40000004,0.39991397,35618.0,27718.0,28588.002,29113.0,29502.002,30909.996,32194.0,33412.0,34891.0,500.0,896.0,32.518143,0.3205028540280045,0.7918901346118998,-0.6106635855398185,0.0,0.0,0.0
1647678662,21.0,0.40000004,0.39998698,34689.0,27793.996,28803.996,29400.002,29993.0,31204.002,31889.998,32800.0,33786.0,500.0,512.0,32.9728,0.3205926715126813,0.7906005219870869,-0.6123322746954841,0.0,0.0,0.0
1647678681,21.0,0.40000004,0.399976,35098.0,27910.998,28887.0,29495.002,29901.0,31005.002,31991.004,32807.008,33994.0,500.0,768.0,32.661503,0.32065151745091786,0.7897536964371172,-0.6134240775873651,0.0,0.0,0.0
1647678704,21.0,0.40000004,0.39993596,35801.996,27987.996,28888.0,29501.0,30016.0,31392.0,32287.006,33495.0,34505.004,500.0,640.0,32.600063,0.3207227520077305,0.7887265746737222,-0.6147441666282465,0.0,0.0,0.0
1647679265,31.0,0.40000004,0.399961,51117.004,42193.008,43288.004,44388.004,44807.0,46006.992,47304.996,48490.0,49268.004,500.0,1024.0,33.3824,0.3224602557630305,0.7629974820245317,-0.6464014560814544,0.0,0.0,0.0
1647679304,31.0,0.40000004,0.399952,53093.004,41802.004,43399.004,44109.004,44707.004,46188.004,47597.004,48798.0,49692.016,500.0,128.0,32.792576,0.3225810447941476,0.7611611178073944,-0.6485628363837986,0.0,0.0,0.0
1647679315,31.0,0.40000004,0.399935,51303.008,42405.008,43693.004,44590.996,45139.004,46707.996,47791.996,48995.008,49112.008,500.0,384.0,32.989185,0.3226151134952319,0.7606420613015211,-0.6491715139922368,0.0,0.0,0.0
1647679330,31.0,0.40000004,0.399977,53802.0,42699.01,44102.01,45209.004,45700.0,46997.01,48385.0,49690.0,51007.996,500.0,255.99997,32.82944,0.3226615708148924,0.7599334726229396,-0.6500008593742318,0.0,0.0,0.0
1647679336,31.0,0.40000004,0.399989,53005.996,42897.004,44399.0,45445.996,45998.996,47287.992,48805.008,50383.004,51600.992,500.0,896.0,33.554432,0.32268015374275655,0.7596497839132138,-0.6503323810180511,0.0,0.0,0.0
1647679366,31.0,0.40000004,0.399976,54296.996,42797.992,43898.008,44792.992,45485.0,47096.004,48506.0,49395.0,50494.0,500.0,512.0,33.1776,0.32277306838207737,0.7582291720468178,-0.6519881307640478,0.0,0.0,0.0
1647679392,31.0,0.40000004,0.399966,53788.004,43192.004,44496.01,45396.0,46088.996,47601.008,48894.008,50504.008,51398.008,500.0,768.0,33.345535,0.32285359440282213,0.7569950556517564,-0.6534206039901055,0.0,0.0,0.0
1647679394,1.0,0.51506937,0.7683675,218.0,101.13,26567.127,22863.549,153.0,13580.483,64100.61,11379.716,19149.393,100.0,65.0,73.23541,0.3228597887121102,0.7569000114708596,-0.6535306975463452,1.0,0.03333333333333333,24.4
1647679982,1.0,0.45624924,1.1551439,11735.769,2908.8506,15157.533,29372.088,24623.426,7737.4795,17536.193,27881.986,9204.502,100.0,192.61313,53.28813,0.32468091564279894,0.7282713063524444,-0.685288920342146,1.0,9.833333333333334,14.6
1647680009,1.0,0.1545732,1.1840129,18051.266,3291.2485,13731.799,26789.16,18394.375,8954.416,17032.25,33799.652,21432.295,100.0,347.6963,50.452793,0.32476453881818773,0.7269243417115443,-0.6867175557878494,1.0,10.283333333333333,14.15
1647680023,1.0,0.1,1.1054972,16787.0,1260.7876,14625.645,25619.875,19965.41,6415.643,18117.623,25442.809,34445.645,100.0,80.95099,71.96019,0.3248078989832041,0.7262248119485056,-0.6874572877716532,1.0,10.516666666666667,13.916666666666666
1647680046,1.0,0.1,0.61262834,21676.633,101.13,17081.098,20841.88,17772.738,165.0,20510.22,28192.016,25707.375,100.0,65.0,64.010284,0.3248791335400168,0.7250739506271218,-0.6886710144343076,1.0,10.9,13.533333333333333
1647680052,1.0,0.1,0.88237405,22528.145,837.6426,12232.248,25596.31,15393.998,1982.4316,16235.939,24948.988,25779.22,100.0,65.0,60.380978,0.32489771646788096,0.7247733921981108,-0.6889873220616207,1.0,11.0,13.433333333333334
1647680077,1.0,0.83282834,1.1311278,9988.691,101.13,16093.881,31366.438,18110.137,165.0,18923.436,30034.06,21312.953,100.0,331.87238,62.680965,0.3249751453339817,0.7235195807884951,-0.6903038578884232,1.0,11.416666666666666,13.016666666666667
1647680107,1.0,0.31094384,1.256924,22677.379,397.67383,10131.178,27657.514,27576.26,1291.3779,18696.38,28905.42,17652.36,100.0,65.0,51.23031,0.3250680599733025,0.7220118507399675,-0.6918806886964304,1.0,11.916666666666666,12.516666666666667
1647680109,1.0,0.47825477,0.86318696,19307.36,2283.858,12621.368,26889.549,21763.291,201.44727,17452.324,21883.734,24094.205,100.0,65.0,48.73504,0.32507425428259057,0.7219112131365347,-0.6919856937449913,1.0,11.95,12.483333333333333
1647680710,1.0,0.1,1.042253,25771.816,1469.1401,15468.506,25538.191,23818.92,165.0,175.0,38136.332,16705.852,447.6781,256.59564,66.93508,0.32693564422365173,0.6909875550780277,-0.7228666534896251,1.0,21.966666666666665,2.466666666666667
1647680741,1.0,0.1,1.344173,18660.13,3106.2983,16121.8125,32992.008,22864.133,165.0,961.8721,38918.527,18104.56,553.4406,282.06635,51.111176,0.32703165601761663,0.6893561818339131,-0.7244225663018573,1.0,22.483333333333334,1.95
1647680766,1.0,0.36338836,1.889036,20253.477,1463.8042,21688.254,29986.457,18451.7,165.0,6294.6055,26172.023,15981.341,609.6404,439.39984,55.83735,0.3271090848837173,0.6880380059002059,-0.7256746532964122,1.0,22.9,1.5333333333333334
1647680780,1.0,0.16244489,1.4183044,18630.027,3659.2573,12590.211,37674.504,20529.043,165.0,175.0,26389.268,21851.652,656.09045,474.4572,55.712463,0.32715244504873375,0.6872988337366621,-0.7263747745786772,1.0,23.133333333333333,1.3
1647680790,1.0,0.1,1.5186522,27199.406,8132.451,20515.812,31567.428,20104.23,165.0,1181.8135,23325.576,13539.476,579.37103,550.2894,62.30536,0.327183416595174,0.6867704174018501,-0.726874400279504,1.0,23.3,1.1333333333333333
1647680823,1.0,0.3980261,1.129205,31369.736,2025.9951,16918.121,34626.18,22437.0,165.0,175.0,29773.295,13219.901,662.2507,280.039,55.677895,0.327285622698427,0.6850240681264684,-0.7285204362867685,1.0,23.85,0.5833333333333334
1647680849,1.0,1.4218342,1.7091109,26154.887,10641.383,18230.43,29705.994,15651.432,165.0,175.0,40309.926,10003.551,1000.0,602.7284,67.38901,0.3273661487191717,0.6836453774284057,-0.7298143585328895,1.0,24.283333333333335,0.15
1647680858,51.0,0.40000004,0.400046,89495.0,75503.01,77684.01,78901.01,79601.0,81805.99,84106.01,85999.01,86601.01,500.0,768.0,35.30752,0.32739402311096794,0.6831675686558505,-0.7302616470395072,0.0,0.0,0.0
1647680967,1.0,0.40000004,0.39978796,663.99805,406.00098,426.0,483.0,489.99902,504.0,515.00195,582.001,587.999,600.0,1024.0,34.545666,0.3277316129671671,0.6773575990891055,-0.7356539152048622,0.0,0.0,0.0
1647680998,1.0,0.40000004,0.399975,602.99805,404.0,429.0,483.0,488.99902,503.0,516.001,577.00195,587.999,600.0,128.0,33.538048,0.327827624761132,0.675697433111466,-0.7371790683996501,0.0,0.0,0.0
1647681015,1.0,0.40000004,0.39986902,605.00195,397.00098,416.00098,471.99902,482.00098,498.99902,509.00098,570.001,578.0,600.0,384.0,31.670273,0.32788027639008044,0.6747855610145886,-0.738013852611336,0.0,0.0,0.0
1647681027,1.0,0.40000004,0.399939,670.99805,398.0,412.0,430.99902,476.0,496.00098,507.00098,572.999,589.00195,600.0,255.99997,34.05005,0.32791744224580877,0.6741412655743835,-0.7386024330109999,0.0,0.0,0.0
1647681037,1.0,0.40000004,0.399966,594.999,396.0,412.0,433.00098,480.00195,496.00098,509.00098,572.0,581.0,600.0,896.0,34.533375,0.32794841379224904,0.673603960515399,-0.7390924870257908,0.0,0.0,0.0
1647681078,1.0,0.40000004,0.38528597,603.999,403.00098,425.0,480.0,488.0,501.00098,512.0,572.999,581.0,600.0,512.0,34.664448,0.3280753971326542,0.6713972884072099,-0.7410976191565088,0.0,0.0,0.0
1647681099,1.0,0.40000004,0.39988098,600.00195,401.0,417.00098,477.99902,486.99902,500.0,512.0,577.00195,590.001,600.0,640.0,31.891457,0.32814043738017884,0.6702647289876714,-0.7421220877154131,0.0,0.0,0.0
1647681104,1.0,0.40000004,0.39995897,605.00195,394.99902,410.99902,465.00098,482.00098,497.00098,509.00098,572.999,591.0,600.0,768.0,34.291714,0.328155923153399,0.6699948414790733,-0.7423657537840976,0.0,0.0,0.0
1647681713,10.999998,0.40000004,0.400003,16408.0,13502.0,13906.0,14292.0,14502.0,14911.0,15300.002,15606.0,15803.0,600.0,1024.0,34.4064,0.33004209033161236,0.6364709367077502,-0.7713006850291001,0.0,0.0,0.0
1647681737,10.999998,0.40000004,0.40000498,17202.0,13295.0,13798.0,14103.0,14314.0,14811.0,15301.0,15799.0,16197.0,600.0,128.0,32.559105,0.330116422043069,0.6351237943431057,-0.7724103610511814,0.0,0.0,0.0
1647681756,10.999998,0.40000004,0.400019,16993.0,13395.0,13790.0,14092.999,14302.0,14801.0,15198.0,15507.0,16208.0,600.0,384.0,33.058815,0.3301752679813056,0.634055934345497,-0.7732871860578441,0.0,0.0,0.0
1647681775,10.999998,0.40000004,0.40001202,17813.0,13508.0,13990.0,14303.0,14491.0,14893.0,15298.0,15688.0,16108.0,600.0,255.99997,32.19456,0.3302341139195421,0.6329868638418613,-0.7741625347455435,0.0,0.0,0.0
1647681781,10.999998,0.40000004,0.399983,16701.0,13497.0,13904.0,14109.0,14312.0,14786.001,15096.0,15601.0,16001.0,600.0,896.0,32.669697,0.33025269684740627,0.6326490114672756,-0.774438653664368,0.0,0.0,0.0
1647681821,10.999998,0.40000004,0.39998,17098.0,13496.0,13900.0,14111.001,14302.0,14697.0,15094.0,15393.0,15889.0,600.0,512.0,33.767426,0.3303765830331674,0.6303935873094255,-0.7762756759548464,0.0,0.0,0.0
1647681842,10.999998,0.40000004,0.39994204,16103.0,13318.001,13798.0,14096.0,14204.0,14693.0,15189.0,15401.0,15595.0,600.0,768.0,33.624065,0.33044162328069204,0.6292073530956183,-0.7772374841773948,0.0,0.0,0.0
1647681849,1.0,0.5302818,0.3250398,218.0,101.13,28069.764,18554.951,3525.981,23858.822,37622.652,20312.783,11718.053,100.0,65.0,73.23541,0.33046330336320023,0.6288116154533704,-0.7775576842080095,1.0,0.11666666666666667,27.2
1647682494,1.0,0.43803233,0.59885454,10208.153,3726.4932,16346.239,20689.484,21895.418,10179.141,22696.816,36476.344,19858.764,100.0,253.53165,66.73266,0.33246096810859865,0.5916614699033973,-0.8061865200012658,1.0,10.866666666666667,16.45
1647682533,1.0,0.43515933,1.2513518,7476.036,6872.0225,12774.473,30463.322,14847.939,7357.84,14852.796,33336.016,8592.087,113.06271,260.24493,57.29212,0.3325817571397157,0.5893726193775704,-0.8078613219656091,1.0,11.516666666666667,15.8
1647682541,1.0,0.83368444,1.7308602,8727.205,3465.0347,12018.859,33274.91,20183.525,5691.5566,24526.777,25175.498,25765.455,100.0,65.0,60.098778,0.332606534376868,0.5889025249978438,-0.8082040683213393,1.0,11.65,15.666666666666666
1647682562,1.0,0.1,0.52494985,16641.875,101.13,23522.285,16587.586,24793.248,3222.4907,20294.812,28775.264,22997.697,100.0,65.0,57.169037,0.33267157462439256,0.5876675793237504,-0.8091024757172379,1.0,12.0,15.316666666666666
1647682567,1.0,0.21440047,0.45581144,7696.117,773.02637,17140.404,20475.488,13844.299,6955.339,14392.321,24699.148,22933.465,100.0,128.7312,63.047104,0.3326870603976127,0.5873733425195211,-0.8093161041876316,1.0,12.083333333333334,15.233333333333333
1647682614,1.0,0.24572861,0.9291049,11271.29,6668.7256,17952.379,26586.652,27234.285,6748.622,23667.791,25000.049,19997.438,100.0,65.0,65.29463,0.33283262666588204,0.5846037259624739,-0.8113189777090097,1.0,12.866666666666667,14.45
1647682631,1.0,0.1,0.48444152,14888.449,4409.337,12365.648,16309.042,23911.668,6898.868,16105.199,19766.4,20498.908,100.0,65.0,61.440105,0.33288527829483056,0.5836002661936439,-0.8120410884300793,1.0,13.15,14.166666666666666
1647682643,1.0,0.18877774,0.47423068,4077.289,5023.6924,15643.754,29019.51,21490.475,1990.9922,18095.326,22909.496,11968.662,218.43552,65.0,46.414062,0.3329224441505589,0.5828914045323628,-0.8125500664711618,1.0,13.35,13.966666666666667
1647683327,1.0,0.1566093,1.5917416,20751.363,6829.6,6116.827,31371.682,19870.053,165.0,6183.8564,33737.797,13208.161,595.61053,406.4286,66.848465,0.3350408979270744,0.5417693365786637,-0.8405272071403249,1.0,24.75,2.566666666666667
1647683368,1.0,0.1,1.5151087,28649.77,4210.0005,16729.158,43381.46,14549.85,165.0,175.0,20796.215,19534.672,582.4852,318.58063,64.37172,0.33516788126747954,0.5392608127393173,-0.8421388103179492,1.0,25.433333333333334,1.8833333333333333
1647683379,1.0,0.51824486,1.3214564,28486.762,5129.336,13799.156,32372.652,22243.033,165.0,175.0,24922.957,17152.414,252.05984,620.42566,71.05259,0.3352019499685639,0.5385869775850383,-0.8425699185087333,1.0,25.616666666666667,1.7
1647683397,1.0,0.1,1.0023441,27687.543,6318.704,18718.752,35478.133,20630.49,165.0,175.0,28563.004,8309.26,443.87372,533.48975,70.09319,0.3352576987521564,0.5374835950287389,-0.8432742051521455,1.0,25.916666666666668,1.4
1647683403,1.0,0.6610931,0.92132986,28785.396,4301.4053,12273.014,30759.89,17098.504,165.0,4074.398,33147.87,27288.332,424.64313,303.08197,63.949142,0.33527628168002055,0.5371155960913434,-0.8435086463311688,1.0,26.016666666666666,1.3
1647683452,1.0,0.1,1.3948561,33601.46,5406.963,11816.667,33653.266,20752.168,165.0,175.0,32282.486,13856.408,456.48575,221.35873,55.307068,0.33542804225757794,0.5341064500854088,-0.8454172342560582,1.0,26.833333333333332,0.48333333333333334
1647683470,1.0,1.4040357,1.5838279,30137.316,4938.9995,19988.5,29724.02,10093.761,165.0,175.0,43519.516,24863.2,819.2245,572.75323,58.966423,0.3354837910411705,0.5329993442412071,-0.8461156534649641,1.0,27.133333333333333,0.18333333333333332
1647683481,31.0,0.40000004,0.40002102,53301.0,42898.008,44089.996,44712.0,45106.0,46710.0,47900.0,48894.004,49791.0,600.0,640.0,33.71008,0.3355178597422548,0.5323223298445068,-0.846541751568649,0.0,0.0,0.0
1647684195,41.0,0.40000004,0.399981,70692.99,58690.004,60799.99,61887.008,62488.992,64086.016,65594.984,66994.0,68493.99,600.0,1024.0,34.97165,0.33772922815809114,0.487669205475523,-0.8730284909617052,0.0,0.0,0.0
1647684231,41.0,0.40000004,0.399926,74191.99,58084.01,60109.98,61501.004,62191.004,64286.996,65886.984,67704.0,69308.99,600.0,128.0,34.566143,0.3378407257252762,0.4853819536266636,-0.8743022126779524,0.0,0.0,0.0
1647684242,41.0,0.40000004,0.39999,73200.0,58303.996,60199.0,61202.004,62104.01,64197.99,65593.984,67999.0,68997.0,600.0,384.0,34.615295,0.3378747944263605,0.48468240683902036,-0.8746902105892888,0.0,0.0,0.0
1647684254,41.0,0.40000004,0.399986,71699.0,57797.0,59890.0,60789.99,61595.99,63612.004,65284.992,66712.0,68505.984,600.0,255.99997,34.402306,0.33791196028208886,0.48391891117704705,-0.8751128426695732,0.0,0.0,0.0
1647684267,41.0,0.40000004,0.39994496,70708.02,58497.0,60402.004,61300.992,62199.98,64084.008,65903.016,67000.0,67792.99,600.0,896.0,34.787327,0.3379522232924612,0.4830913750242424,-0.8755699420247287,0.0,0.0,0.0
1647684315,41.0,0.40000004,0.399946,69189.99,58302.0,60258.008,61502.984,62114.996,63705.004,65615.016,67193.0,68094.0,600.0,512.0,34.56205,0.3381008867153746,0.480032122409011,-0.8772509113449243,0.0,0.0,0.0
1647684335,41.0,0.40000004,0.400025,71513.0,58498.984,59975.984,61404.99,62192.992,63906.996,65903.016,66887.0,68703.99,600.0,768.0,34.729984,0.3381628298082552,0.4787557053985107,-0.8779481616521413,0.0,0.0,0.0
1647684340,41.0,0.40000004,0.400016,71802.0,57899.99,59698.992,60801.977,61406.008,63503.004,65289.01,67296.0,68200.99,600.0,640.0,34.28352,0.3381783155814753,0.47843644279676467,-0.8781221840973943,0.0,0.0,0.0
1647685059,51.0,0.40000004,0.399981,89002.016,72149.98,74389.016,75502.01,76200.0,78486.984,80085.016,82398.99,84305.98,600.0,1024.0,35.672066,0.3404051697705318,0.43188898918457275,-0.9019267714294371,0.0,0.0,0.0
1647685093,51.0,0.40000004,0.40002,87792.02,72604.97,74281.984,75410.984,76291.016,78314.98,80103.04,83206.02,84597.016,600.0,128.0,35.17235,0.3405104730284288,0.4296576124457528,-0.9029918803994947,0.0,0.0,0.0
1647685114,51.0,0.40000004,0.400003,85948.016,72993.984,74804.984,76303.0,77196.02,79186.016,80688.98,83394.0,84096.0,600.0,384.0,35.622913,0.34057551327595337,0.4282780960770338,-0.9036469844029974,0.0,0.0,0.0
1647685134,51.0,0.40000004,0.400046,87672.02,73702.984,75810.99,76890.98,78195.016,80195.99,81704.0,83001.99,85104.01,600.0,255.99997,35.045376,0.34063745636883397,0.4269633422882223,-0.9042689336375934,0.0,0.0,0.0
1647685144,51.0,0.40000004,0.400003,91410.99,73591.97,75573.99,76981.99,77784.984,79387.98,81599.0,83596.0,85097.0,600.0,896.0,35.60653,0.34066842791527424,0.42630562652082965,-0.9045791910035754,0.0,0.0,0.0
1647685191,51.0,0.40000004,0.40003598,87301.99,73589.984,75609.96,76700.99,77489.98,79272.02,81202.99,83402.0,83991.99,600.0,512.0,35.40173,0.3408139941835436,0.4232113482397408,-0.9060309899341749,0.0,0.0,0.0
1647685206,51.0,0.40000004,0.40005404,87306.01,72895.016,75346.03,76602.98,77325.96,79710.99,81397.016,82607.98,84808.01,600.0,768.0,35.49184,0.340860451503204,0.4222227701499655,-0.9064921027603546,0.0,0.0,0.0
1647685215,3.6403427,0.16443425,0.74389404,218.0,779.3174,20233.7,23981.023,1288.9033,31538.756,39090.805,23781.504,20749.428,100.0,65.0,53.0078,0.3408883258950003,0.42162938206504447,-0.9067682527412662,1.0,0.15,31.816666666666666
1647685351,1.0,0.20254499,0.66671085,218.0,101.13,16682.18,28967.518,12261.105,27035.617,33878.25,20275.857,24858.508,100.0,65.0,69.51347,0.34130953892658816,0.4126407888265607,-0.91089383541475,1.0,2.4166666666666665,29.55
1647685389,1.0,0.11046225,0.8375797,218.0,101.13,17785.82,27367.34,10384.483,22998.334,43504.992,19601.055,20085.793,100.0,65.0,66.6164,0.34142723080306125,0.41012201782456037,-0.912030663133379,1.0,3.05,28.916666666666668
1647685401,1.0,0.1,0.51014566,218.0,2858.5645,16258.824,24790.543,7281.376,22868.633,41721.383,39959.73,15909.426,160.3688,65.0,59.372086,0.3414643966587896,0.4093259648651589,-0.9123882147897389,1.0,3.25,28.716666666666665
1647685420,1.0,0.23398936,1.0302385,2646.5605,101.13,15504.624,25721.543,8862.795,15403.085,36834.68,27568.02,18470.209,100.0,65.0,59.912792,0.3415232425970261,0.40806491041087073,-0.9129529171273665,1.0,3.566666666666667,28.4
1647685427,1.0,0.1,0.65986717,218.0,101.13,13971.96,18729.67,7231.1562,17825.707,43600.867,29235.17,18768.914,126.78064,65.0,72.986496,0.3415449226795343,0.407600114891065,-0.9131605260526708,1.0,3.683333333333333,28.283333333333335
1647685487,1.0,0.25554305,0.8215059,218.0,101.13,18009.242,16425.547,6869.1133,19402.758,47923.7,24414.078,10469.463,100.0,65.0,56.070015,0.34173075195817604,0.4036118330299533,-0.9149303187883769,1.0,4.683333333333334,27.283333333333335
1647685494,6.3912373,0.55817235,0.4535876,218.0,101.13,27218.834,19033.125,3174.7173,24394.738,46472.816,23833.543,14867.829,100.0,65.0,56.67832,0.34175243204068423,0.40314603148222056,-0.915135660599092,1.0,4.8,27.166666666666668
1647685510,1.0,0.1,0.13011973,218.0,1755.4897,20379.906,21291.986,11135.537,21080.457,80094.055,26707.355,22143.598,100.0,65.0,62.20092,0.34180198651498866,0.40208095012985084,-0.9156041227204453,1.0,5.066666666666666,26.9
1647686204,1.0,0.7506847,0.74853003,16325.434,7223.451,10230.793,25098.03,23785.457,1189.126,11790.962,32393.16,3431.3066,100.0,383.0432,57.21325,0.3439514118379445,0.3553788771468676,-0.9347223404187104,1.0,16.633333333333333,15.333333333333334
1647686242,1.0,0.21335816,1.2249123,24073.98,6852.507,17369.379,22034.965,11046.251,165.0,10152.165,25627.707,21271.092,100.0,113.70804,58.36058,0.34406910371441757,0.35279447627560373,-0.9357008376128678,1.0,17.266666666666666,14.7
1647686259,1.0,0.44449884,1.27075,22064.02,305.51074,13026.075,23981.988,12051.279,2233.4775,10317.848,30694.477,20381.824,100.0,215.50961,60.59941,0.34412175534336603,0.35163742352194477,-0.9361362734019275,1.0,17.55,14.416666666666666
1647686277,1.0,0.36553752,1.2870274,18430.44,101.13,12417.46,25012.996,20018.945,4392.841,12412.56,19677.102,22559.312,100.0,246.36868,60.061386,0.3441775041269586,0.3504117230949565,-0.936595763559511,1.0,17.85,14.116666666666667
1647686290,1.0,0.1,1.7530378,21641.715,6061.0664,18340.73,19222.363,13134.383,165.0,6727.2974,19103.715,23245.725,210.93909,144.00519,58.060776,0.34421776713733093,0.3495261214778854,-0.9369266195410537,1.0,18.066666666666666,13.9
1647686355,1.0,0.5067009,0.75043297,20362.729,3422.5737,13459.251,25844.316,19370.285,165.0,6212.7437,26102.707,11510.008,100.0,368.43344,49.36385,0.3444190821891928,0.3450934433669942,-0.9385683328054016,1.0,19.15,12.816666666666666
1647686369,1.0,0.7851885,0.9554248,25018.121,2554.37,19174.04,19069.895,24658.36,165.0,175.0,39231.76,10997.181,145.03812,439.99945,30.554073,0.3444624423542092,0.344137700065942,-0.9389191889578803,1.0,19.383333333333333,12.583333333333334
1647687124,21.0,0.40000004,0.39995703,32609.996,27210.996,28294.0,28802.998,29109.998,30099.0,30893.998,31597.996,32195.998,700.0,1024.0,33.81248,0.3468007941104507,0.2920935145796047,-0.9563897629839699,0.0,0.0,0.0
1647687151,21.0,0.40000004,0.399977,33697.0,26905.004,27987.998,28489.004,29014.0,29902.998,30596.998,31713.998,32295.0,700.0,128.0,33.21037,0.3468844172858395,0.2902150858219237,-0.9569614432992447,0.0,0.0,0.0
1647687169,21.0,0.40000004,0.39996,32695.992,27004.002,27907.998,28489.004,28883.002,29654.0,30503.004,31200.998,31782.998,700.0,384.0,33.816574,0.346940166069432,0.2889621779418218,-0.9573405139860732,0.0,0.0,0.0
1647687201,21.0,0.40000004,0.400024,34002.0,27390.002,28296.0,28804.004,29190.998,30199.998,30994.998,31800.0,32187.996,700.0,255.99997,33.808384,0.34703927501804094,0.28673356498948316,-0.9580103667019589,0.0,0.0,0.0
1647687207,21.0,0.40000004,0.400007,34395.0,27010.004,28096.996,28691.002,29005.0,29900.002,30707.002,31802.0,32210.996,700.0,896.0,34.11968,0.3470578579459051,0.2863155268285557,-0.9581353866217898,0.0,0.0,0.0
1647687272,21.0,0.40000004,0.400002,33703.0,27193.002,28186.998,28791.996,29092.0,29997.998,31093.0,31699.002,32299.0,700.0,512.0,33.03424,0.34725917299776693,0.28178330284597614,-0.9594780717854957,0.0,0.0,0.0
1647687275,21.0,0.40000004,0.400008,34493.0,27111.0,28104.0,28703.0,29112.0,30304.0,31189.0,32298.0,33207.0,700.0,768.0,34.033665,0.347268464461699,0.2815739704985242,-0.9595395245312703,0.0,0.0,0.0
1647687285,21.0,0.40000004,0.40003306,34305.0,27185.998,28199.998,28786.002,29099.0,29799.996,30695.002,31909.0,32204.996,700.0,640.0,33.939457,0.34729943600813934,0.28087609927129203,-0.9597440371568574,0.0,0.0,0.0
1647688072,31.0,0.40000004,0.39996,49898.0,41608.008,42900.0,43903.992,44505.992,45714.0,46816.004,48202.016,48795.004,700.0,1024.0,34.783234,0.3497368967129898,0.22551788176844031,-0.9742390286796541,0.0,0.0,0.0
1647688101,31.0,0.40000004,0.399967,51011.008,41492.0,42894.996,43696.008,44206.004,45510.996,47101.008,48501.004,48996.0,700.0,128.0,33.837055,0.3498267141976666,0.22346277059954692,-0.9747124653742633,0.0,0.0,0.0
1647688124,31.0,0.40000004,0.399983,52091.996,41706.0,43145.0,43913.0,44405.008,45701.0,46789.996,47604.004,48707.008,700.0,384.0,34.435074,0.34989794875447927,0.2218321476910543,-0.9750848672042728,0.0,0.0,0.0
1647688159,31.0,0.40000004,0.40002602,52191.996,41896.008,43105.0,43894.996,44492.996,45818.996,46916.0,47893.004,48488.0,700.0,255.99997,34.852863,0.3500063491670203,0.21934957577125017,-0.9756463312127877,0.0,0.0,0.0
1647688166,31.0,0.40000004,0.39997104,50099.004,42002.996,43197.004,43992.008,44495.008,45797.008,46805.004,48200.0,48794.0,700.0,896.0,33.779713,0.35002802924952847,0.21885289034821626,-0.9757578656542983,0.0,0.0,0.0
1647688232,31.0,0.40000004,0.400035,52990.0,41793.004,43197.004,43982.008,44602.01,45995.0,46898.996,48190.0,49210.008,700.0,768.0,34.500607,0.3502324414560343,0.2141670859600536,-0.9767970409923338,0.0,0.0,0.0
1647688234,31.0,0.40000004,0.399986,51486.0,42302.99,43598.008,44499.992,44997.0,46304.996,47599.004,48906.01,49700.004,700.0,512.0,33.90669,0.3502386357653224,0.2140250143245686,-0.9768281800006428,0.0,0.0,0.0
1647688249,31.0,0.40000004,0.40000898,50997.0,42092.008,43406.0,44381.004,45004.008,46407.992,47689.008,49106.004,50091.004,700.0,640.0,34.0992,0.35028509308498285,0.21295933295250102,-0.9770610638585624,0.0,0.0,0.0
1647689062,1.0,0.3276915,0.73260427,15468.974,101.13,16029.894,29545.508,17369.531,7987.2144,20423.146,24847.955,13753.902,199.56747,65.0,73.23541,0.352803079810578,0.15485407760038442,-0.9879373536062568,1.0,13.55,22.2
1647689094,1.0,0.31827134,1.2296454,7513.53,818.70703,21998.283,19493.543,24053.174,7924.879,28905.676,32162.887,19206.785,129.76904,65.0,64.01541,0.35290218875918694,0.15255462575910142,-0.9882950400358693,1.0,14.083333333333334,21.666666666666668
1647689120,1.0,0.17813587,0.8389679,3956.6953,1935.3594,12045.353,20601.791,15261.591,10198.079,20408.633,30635.254,18587.066,100.0,123.14719,59.4789,0.35298271477993165,0.1506857122494833,-0.9885817194971116,1.0,14.516666666666667,21.233333333333334
1647689146,1.0,0.1362676,1.2707173,5474.065,6132.9106,7537.3325,18024.277,16550.04,2007.7764,26270.824,35927.215,22957.877,100.0,65.0,55.392906,0.3530632408006764,0.14881626003500525,-0.9888648647561474,1.0,14.95,20.8
1647689150,1.0,0.1,1.0809236,7864.3486,1961.5371,6985.4214,22740.184,14253.41,3851.0088,23758.031,36249.402,20981.422,187.2062,267.34656,59.7787,0.3530756294192525,0.1485286046138258,-0.9889081118139692,1.0,15.016666666666667,20.733333333333334
1647689228,1.0,0.69441867,1.3698081,9326.374,217.0498,8721.41,18214.537,15013.408,165.0,19081.387,22737.219,20809.527,100.0,230.85974,62.494965,0.35331720748148676,0.14291684190189888,-0.9897346999579169,1.0,16.316666666666666,19.433333333333334
1647689235,1.0,0.35762358,1.2091718,7329.961,101.13,13659.855,20178.086,11449.574,9252.367,23761.445,32337.654,22491.486,100.0,65.0,67.404854,0.35333888756399495,0.142412994636816,-0.9898073241588861,1.0,16.433333333333334,19.316666666666666
1647689250,1.0,0.10692966,1.2886623,18150.2,8997.41,18335.793,26970.658,14835.326,5128.233,19050.295,21988.357,20674.754,100.0,65.0,54.177586,0.35338534488365536,0.14133319782356768,-0.9899620837148079,1.0,16.683333333333334,19.066666666666666
1647690089,1.0,0.1,1.4736872,31081.553,5891.8403,14080.58,33647.312,23587.977,165.0,6908.234,19847.656,9153.217,100.0,381.38513,58.36435,0.35598385762999535,0.08070632855489843,-0.9967379236946835,1.0,30.666666666666668,5.083333333333333
1647690116,1.0,0.8310187,1.0454108,22654.21,11521.292,13262.608,24260.398,7846.862,165.0,7220.7095,29819.672,25044.973,456.94467,548.3544,62.90332,0.3560674808053841,0.0787490839017071,-0.9968944687300867,1.0,31.116666666666667,4.633333333333334
1647690150,1.0,0.1,1.3753014,19724.93,5860.756,17826.44,30121.732,8631.6455,165.0,175.0,26968.418,13821.066,491.07056,228.2265,67.533646,0.35617278406328107,0.07628397450395212,-0.9970861323044666,1.0,31.683333333333334,4.066666666666666
1647690179,1.0,0.30830216,0.96555305,21944.678,3088.8198,14862.166,22742.934,18596.082,165.0,175.0,29342.723,15896.747,361.83435,399.38858,73.23541,0.3562626015479579,0.07418101207935772,-0.9972447931410232,1.0,32.166666666666664,3.5833333333333335
1647690185,1.0,0.1,0.9261956,33293.3,3574.605,12603.824,29532.62,13070.813,165.0,175.0,23927.62,10991.428,161.71866,429.42838,61.41337,0.3562811844758221,0.07374587490443904,-0.9972770657819114,1.0,32.266666666666666,3.4833333333333334
1647690282,1.0,0.36052358,1.837603,22789.465,3976.3794,16381.273,39467.77,16239.359,165.0,175.0,23509.05,17745.59,713.9693,557.1251,64.420555,0.35658160847629283,0.06670926709995098,-0.9977724558650571,1.0,33.88333333333333,1.8666666666666667
1647690286,1.0,1.0536064,1.1212128,27319.568,11125.3125,17115.184,31889.176,18610.234,165.0,5975.1665,22043.719,21108.145,813.766,521.75977,72.36085,0.35659399709486894,0.06641902403936743,-0.9977918185902598,1.0,33.95,1.8
1647690311,1.0,0.20671177,1.4257034,28103.168,8406.401,23336.562,28845.803,15427.125,165.0,175.0,33991.387,19887.998,848.3482,526.5196,72.98442,0.3566714259609697,0.06460487855390426,-0.9979109227115591,1.0,34.36666666666667,1.3833333333333333
1647690394,1.0,0.40000004,0.399941,715.00195,384.00098,398.0,408.0,417.00195,480.99902,497.0,502.99805,513.00195,800.0,1024.0,35.713024,0.356928489796424,0.058580417469460404,-0.998282692772495,0.0,0.0,0.0
1647690432,1.0,0.40000004,0.399969,703.001,390.0,404.99902,419.00195,472.0,493.00195,503.0,512.99805,571.0,800.0,128.0,35.315712,0.3570461816728971,0.055821504993164,-0.998440764181981,0.0,0.0,0.0
1647690467,1.0,0.40000004,0.399885,693.99805,390.0,406.0,426.00098,479.0,493.99902,504.0,514.0,572.99805,800.0,384.0,32.93184,0.3571545820854381,0.05328002377310567,-0.9985796107806013,0.0,0.0,0.0
1647690481,1.0,0.40000004,0.399962,605.00195,376.00098,392.99902,403.0,412.0,488.00195,501.99805,509.0,565.999,800.0,896.0,34.97984,0.3571979422504545,0.05226333371549726,-0.998633338092086,0.0,0.0,0.0
1647690496,1.0,0.40000004,0.399921,618.999,388.00098,400.0,412.00098,424.00195,490.00098,501.99805,510.0,576.0,800.0,255.99997,32.653313,0.35724439957011495,0.05117396285153991,-0.998689754391257,0.0,0.0,0.0
1647690592,1.0,0.40000004,0.400008,686.9971,383.0,399.00098,409.99805,424.00195,491.00195,503.0,518.0029,578.0,800.0,768.0,35.58195,0.3575417264159417,0.044200602645850844,-0.9990226757815578,0.0,0.0,0.0
1647690594,1.0,0.40000004,0.399956,686.9971,386.0,402.0,413.0,426.99902,492.00195,505.0,573.999,590.001,800.0,512.0,34.504704,0.35754792072522973,0.044055300220566085,-0.9990290939319414,0.0,0.0,0.0
1647690616,1.0,0.40000004,0.39989,677.99805,376.99902,399.00098,409.99805,419.0,492.00195,505.0,573.999,583.001,800.0,640.0,35.106815,0.3576160581273984,0.04245691271028276,-0.9990982987489827,0.0,0.0,0.0
1647691557,10.999998,0.40000004,0.400061,20396.0,15806.001,16299.0,16708.0,17000.0,17711.0,18396.0,18904.0,19398.0,800.0,1024.0,34.16883,0.3605304806474292,-0.02595885629023112,-0.9996630121096325,0.0,0.0,0.0
1647691590,10.999998,0.40000004,0.40006903,19798.0,15702.002,16284.0,16599.0,16898.002,17499.0,18101.0,18701.0,19190.0,800.0,128.0,33.693695,0.36063268675068216,-0.02835779824537831,-0.9995978367717061,0.0,0.0,0.0
1647691615,10.999998,0.40000004,0.400052,19902.0,15604.0,16196.0,16510.998,16797.0,17499.0,18000.0,18688.998,18807.998,800.0,384.0,33.64864,0.36071011561678284,-0.03017507052937136,-0.9995446288778442,0.0,0.0,0.0
1647691623,10.999998,0.40000004,0.400015,21193.0,15500.0,16008.0,16494.0,16696.0,17288.0,17794.0,18688.998,18900.0,800.0,896.0,33.226753,0.36073489285393506,-0.030756576883134813,-0.9995269045795775,0.0,0.0,0.0
1647691639,10.999998,0.40000004,0.40007502,19698.0,15506.999,16096.0,16476.0,16608.0,17388.0,17890.0,18495.0,19298.0,800.0,255.99997,33.214462,0.36078444732823955,-0.03191955816388409,-0.9994904410781638,0.0,0.0,0.0
1647691717,10.999998,0.40000004,0.40007,18494.0,15298.0,15785.0,16095.0,16295.999,16796.0,17194.0,17792.0,17997.0,800.0,768.0,33.632256,0.3610260253904738,-0.037588443941150275,-0.9992933047319406,0.0,0.0,0.0
1647691730,10.999998,0.40000004,0.400109,19094.0,15403.0,15994.998,16307.0,16512.0,17190.0,17601.0,18109.0,18498.0,800.0,512.0,34.246655,0.36106628840084615,-0.038533145580850296,-0.9992573225609332,0.0,0.0,0.0
1647691757,10.999998,0.40000004,0.40004998,20002.0,15497.0,16092.0,16492.0,16696.0,17202.0,17711.0,18304.0,18613.0,800.0,640.0,34.156544,0.36114991157623494,-0.04049510720622286,-0.9991797367302624,0.0,0.0,0.0
1647692720,1.0,0.1,0.4364933,420.44727,101.13,17986.984,23129.03,8798.988,10014.399,30456.389,22197.438,16368.737,100.0,65.0,54.89485,0.36413247149843436,-0.11031255553151123,-0.99389694641452,1.0,16.05,40.96666666666667
1647692751,1.0,0.82864535,0.9669205,218.0,2071.8618,13419.8125,21648.148,14010.57,12211.084,31351.74,36294.96,17213.34,100.0,65.0,61.195023,0.36422848329239926,-0.11255289830912754,-0.9936457341941418,1.0,16.566666666666666,40.45
1647692771,1.0,0.35083556,0.83487046,2610.205,1107.9658,17816.543,28212.246,7805.777,15570.354,31232.49,16761.684,14473.718,100.0,65.0,56.73445,0.36429042638527986,-0.1139979778908294,-0.9934809817187252,1.0,16.9,40.11666666666667
1647692774,1.0,0.65106386,0.6400722,7282.5107,101.13,14508.641,23191.35,19066.727,10641.966,29378.348,20014.26,16137.51,100.0,65.0,65.2807,0.36429971784921195,-0.11421471910349662,-0.9934560875751426,1.0,16.95,40.06666666666667
1647692785,1.0,0.25803572,0.7177129,218.0,101.13,13155.512,25630.629,8338.277,11898.109,32871.81,21113.477,24088.734,264.0539,65.0,58.377304,0.36433378655029625,-0.11500939029496143,-0.9933644045082254,1.0,17.133333333333333,39.88333333333333
1647692875,1.0,0.12116104,1.0401117,218.0,4672.1484,19946.27,14921.734,11200.572,11402.268,20380.973,26658.56,19106.928,128.34683,496.05548,73.23541,0.3646125304682588,-0.12150843539169359,-0.9925903989706241,1.0,18.633333333333333,38.38333333333333
1647692891,10.804337,0.1,0.40286842,2649.9316,101.13,14735.724,21593.848,15173.051,11532.456,25847.418,35478.527,15306.771,100.0,65.0,60.780937,0.36466208494256325,-0.12266328425106839,-0.9924483456063301,1.0,18.9,38.11666666666667
1647692913,1.0,0.55869925,0.74994344,4379.9023,1140.3384,21252.87,34425.074,19745.727,20212.41,10655.3955,25740.197,16253.637,100.0,172.46844,50.18077,0.3647302223447319,-0.12425092995522967,-0.9922508283721715,1.0,19.266666666666666,37.75
1647693926,1.0,0.1,1.2338568,18511.936,4972.4595,6576.6064,20879.133,23491.852,165.0,13578.8,18223.02,7127.5547,219.81451,318.66016,48.85865,0.3678676399991328,-0.1969444148614699,-0.980414655875193,1.0,36.15,20.866666666666667
1647693948,1.0,1.1580086,1.0452448,15106.955,5922.0825,16706.936,34813.77,23572.09,165.0,3087.168,27540.969,12957.345,450.5003,406.56348,45.360268,0.3679357774013014,-0.19851271298619522,-0.9800983128150259,1.0,36.516666666666666,20.5
1647693980,1.0,0.44949898,1.1676887,11960.078,4624.348,11858.745,24702.67,17421.51,263.58105,619.54004,18731.56,5471.9863,100.0,460.28674,65.514496,0.36803488634991033,-0.20079296575317393,-0.9796336993509588,1.0,37.05,19.966666666666665
1647693984,1.0,1.1474096,0.39388037,23798.207,101.13,13320.434,18928.75,21638.703,1632.4336,2391.0332,22930.49,11424.83,484.50397,317.41058,36.92199,0.36804727496848644,-0.20107792114596437,-0.9795752495993442,1.0,37.11666666666667,19.9
1647693990,1.0,0.32625312,1.2758962,14536.314,3727.5488,11210.012,21316.824,22676.18,165.0,175.0,37580.664,11206.399,656.7133,549.7954,49.657654,0.3680658578963506,-0.20150532232561683,-0.9794874195590515,1.0,37.21666666666667,19.8
1647694084,1.0,0.64359033,1.6709636,22437.729,1107.0146,10471.404,29817.516,18285.441,165.0,8009.5093,23472.314,12620.936,635.7455,383.36823,51.301483,0.36835699043288933,-0.20819621362081256,-0.9780870802919119,1.0,38.78333333333333,18.233333333333334
1647694090,1.0,1.1381094,1.5056477,30819.045,366.43848,10302.642,20783.828,14310.525,165.0,6244.1553,22486.47,17549.492,112.594635,654.5802,48.10149,0.3683755733607535,-0.20862296478651834,-0.9779961444523608,1.0,38.88333333333333,18.133333333333333
1647694122,1.0,0.7274262,0.8936734,40849.75,101.13,17804.35,12341.303,14901.934,165.0,175.0,22194.445,14239.923,404.7484,661.74146,52.178223,0.36847468230936237,-0.2108982982143762,-0.9775080090773067,1.0,39.416666666666664,17.6
1647695178,41.0,0.40000004,0.40003306,80417.01,63496.99,65703.0,67097.984,68193.99,70385.984,71902.0,74108.0,75602.97,800.0,1024.0,35.684353,0.3717452776134565,-0.2852701931172101,-0.9584471383017791,0.0,0.0,0.0
1647695205,41.0,0.40000004,0.40003,79396.99,64087.0,65904.0,67405.99,68308.984,70504.016,72497.98,73902.984,75101.984,800.0,128.0,35.25837,0.3718289007888453,-0.28715154856038705,-0.9578851643904773,0.0,0.0,0.0
1647695234,41.0,0.40000004,0.40002704,77497.99,62887.008,64993.99,66214.0,67076.0,69196.0,71197.984,73196.016,74200.0,800.0,255.99997,35.7376,0.37191871827352213,-0.28917103036377184,-0.9572774494358229,0.0,0.0,0.0
1647695236,41.0,0.40000004,0.40004003,77898.0,63707.992,65706.0,67102.99,67903.016,69896.0,71490.984,73313.0,75097.0,800.0,896.0,35.21331,0.3719249125828102,-0.2893102576659527,-0.9572353810893431,0.0,0.0,0.0
1647695238,41.0,0.40000004,0.40001202,81706.01,63607.0,65508.008,66901.0,67797.0,70197.984,72114.01,74399.01,75103.0,800.0,384.0,35.05357,0.37193110689209824,-0.28944947884806677,-0.9571932924935186,0.0,0.0,0.0
1647695351,41.0,0.40000004,0.400028,78599.0,64101.0,66212.01,67500.0,68392.984,70806.99,72795.016,74803.0,76301.984,800.0,768.0,34.91021,0.37228108536687343,-0.29730544112684604,-0.9547824226892594,0.0,0.0,0.0
1647695391,41.0,0.40000004,0.400074,78491.016,64695.004,66498.0,67611.984,68298.0,69999.0,71602.984,73605.99,74503.984,800.0,640.0,35.229694,0.3724049715526346,-0.3000815288578333,-0.9539135579486987,0.0,0.0,0.0
1647696498,51.0,0.40000004,0.400003,102789.02,83603.96,86490.97,88195.97,89090.93,92195.0,93698.04,96110.016,97115.984,800.0,1024.0,36.18816,0.3758335217435742,-0.3758199529577313,-0.9266927014705838,0.0,0.0,0.0
1647696529,51.0,0.40000004,0.40007502,100399.99,83702.01,86876.98,88194.03,89195.984,92089.016,93795.99,95897.016,98296.02,800.0,128.0,36.274178,0.37592953353753905,-0.3779081170282705,-0.9258431050043776,0.0,0.0,0.0
1647696539,51.0,0.40000004,0.40006903,98800.96,82607.96,85901.99,87694.97,88603.0,90700.016,92878.99,95103.01,96503.99,800.0,255.99997,36.47488,0.3759605050839793,-0.3785813091464358,-0.925568037674687,0.0,0.0,0.0
1647696541,51.0,0.40000004,0.40005502,100891.99,82696.98,85590.055,87001.03,88002.92,90803.99,92992.03,95299.01,96704.984,800.0,896.0,36.171776,0.3759666993932674,-0.3787159235559476,-0.9255129654657279,0.0,0.0,0.0
1647696563,51.0,0.40000004,0.400038,102094.984,83392.984,86206.97,87901.99,88987.99,91496.01,93807.016,95800.984,96799.02,800.0,384.0,36.233215,0.37603483679543603,-0.3801961526849966,-0.9249058792566553,0.0,0.0,0.0
1647696675,51.0,0.40000004,0.40005502,106792.0,83415.96,86396.06,88103.984,89688.96,92705.984,95697.96,99801.984,102404.02,800.0,512.0,36.192257,0.37638171811556725,-0.3877166965689204,-0.9217785868643747,0.0,0.0,0.0
1647696701,51.0,0.40000004,0.40005702,105987.99,82305.016,85814.97,87404.016,88404.03,91896.0,94810.01,98104.016,100902.02,800.0,640.0,36.007935,0.37646224413631196,-0.38945887687490865,-0.9210438552117564,0.0,0.0,0.0
1647696707,51.0,0.40000004,0.40000898,105991.02,85019.03,87709.01,89499.984,90701.01,94094.97,96799.01,99100.02,101002.016,800.0,768.0,35.87277,0.3764808270641761,-0.38986072098413793,-0.9208738340477094,0.0,0.0,0.0
1647696853,1.0,0.40000004,0.39996296,673.0,393.00098,407.0,416.0,468.00098,490.00098,498.99902,507.99902,517.0,900.00006,1024.0,35.418114,0.37693301164220433,-0.39961586698133356,-0.9166826925696575,0.0,0.0,0.0
1647696875,2.668171,0.1,0.7510462,218.0,101.13,21691.355,18959.543,153.0,18305.66,47746.95,22475.604,29949.404,126.57477,65.0,46.066986,0.37700114904437293,-0.4010819419458719,-0.9160421801669005,1.0,0.36666666666666664,43.28333333333333
1647696884,10.199217,0.1,0.7951511,218.0,101.13,15143.746,14061.9795,7262.8022,23369.39,43656.766,24168.754,18805.03,100.0,65.0,48.827896,0.3770290234361692,-0.40168140420260157,-0.9157794764668109,1.0,0.5166666666666667,43.13333333333333
1647696887,6.0146313,0.1,1.1827773,218.0,101.13,12288.512,13666.863,8492.001,25108.062,35106.734,28078.31,21127.648,102.3927,65.0,67.79346,0.37703831490010126,-0.40188118673028894,-0.9156918213854782,1.0,0.5666666666666667,43.083333333333336
1647696921,1.0,0.85016894,0.9332433,218.0,291.26855,20553.832,21670.79,951.50195,23374.488,37038.297,19703.074,11917.329,100.0,65.0,44.252525,0.37714361815799824,-0.4041440495789032,-0.9146953521200187,1.0,1.1333333333333333,42.516666666666666
1647697021,1.0,0.44761688,0.98495626,218.0,101.13,16995.55,21367.396,4183.957,27297.781,51722.617,31301.84,7447.8047,177.20648,65.0,69.17512,0.3774533336224011,-0.4107851567342726,-0.911732172848364,1.0,2.8,40.85
1647697043,8.454618,0.25659978,0.57097137,218.0,101.13,15997.454,25345.574,10277.178,22777.348,26905.11,25699.586,8550.201,100.0,65.0,56.140198,0.37752147102456973,-0.412243297144579,-0.9110737972081989,1.0,3.1666666666666665,40.483333333333334
1647697050,1.0,0.26762164,1.06778,218.0,101.13,18653.828,21027.852,12468.081,20834.555,46105.645,22724.969,22779.773,151.16916,65.0,59.368576,0.3775431511070779,-0.4127070298043948,-0.9108638249211758,1.0,3.283333333333333,40.36666666666667
1647698152,1.0,0.2866227,1.08305,11774.204,6622.1562,3447.6855,23883.926,17313.244,7067.5347,17576.03,16170.164,11021.11,160.85077,461.33032,65.977844,0.38095621552479736,-0.4843007051100425,-0.8749016099138895,1.0,21.65,22.0
1647698157,1.0,0.1,0.7295644,3019.456,5243.2314,14804.844,18359.486,24824.447,2536.1406,20094.777,33195.266,8431.795,325.71774,612.69617,64.22357,0.3809717012980175,-0.4846187962903316,-0.8747254553756338,1.0,21.733333333333334,21.916666666666668
1647698159,1.0,0.8507007,0.89733565,17233.56,6139.209,15528.076,29078.338,12961.137,165.0,24298.617,14151.658,7712.744,300.16644,394.2082,52.464996,0.38097789560730555,-0.4847460148244672,-0.8746549611771475,1.0,21.766666666666666,21.883333333333333
1647698168,1.0,0.8548063,1.0028952,7983.5044,2576.6973,14849.425,14456.915,15976.877,165.0,13194.613,21719.227,2442.2334,247.0237,546.1719,57.558228,0.38100576999910185,-0.4853183712921294,-0.8743375083378013,1.0,21.916666666666668,21.733333333333334
1647698202,7.1675434,0.49738482,0.6931287,14402.275,435.21484,19276.07,29025.658,7568.745,3794.5522,11484.309,24782.61,10417.915,306.66028,572.9399,71.57677,0.3811110732569988,-0.4874787286009793,-0.8731348631005251,1.0,22.483333333333334,21.166666666666668
1647698290,1.0,0.8685709,1.4464223,15274.746,6374.892,11947.1875,24365.422,20209.547,3503.766,7042.221,25693.29,7953.6807,155.03934,525.83044,62.398872,0.3813836228656733,-0.49305637036189603,-0.8699973653095466,1.0,23.95,19.7
1647698303,1.0,0.44162643,1.3875208,12606.184,900.6094,13305.909,17983.547,14969.076,663.22754,5305.834,19163.086,11259.481,265.98657,300.00464,58.23105,0.3814238858760457,-0.49387863382256,-0.8695308476722156,1.0,24.166666666666668,19.483333333333334
1647698332,1.0,0.16770017,1.1775694,19882.68,5191.404,5746.883,23177.73,25385.227,165.0,12527.142,16851.158,14574.025,178.27481,90.75137,47.849033,0.3815137033607225,-0.495711322132217,-0.8684873546056554,1.0,24.65,19.0
1647699465,1.0,0.9617196,1.1070563,34605.617,8548.551,25062.562,28220.541,17343.63,165.0,175.0,34211.207,12549.9375,1000.0,621.15625,47.999565,0.3850227795724068,-0.5655069179012091,-0.8247435515394317,1.0,43.53333333333333,0.11666666666666667
1647699472,21.0,0.40000004,0.400008,39707.0,30289.002,31487.002,32211.998,32798.0,34694.996,35905.0,37904.0,38422.0,900.00006,1024.0,33.918976,0.385044459654915,-0.5659266839164329,-0.8244555709262628,0.0,0.0,0.0
1647699473,21.0,0.40000004,0.400062,42793.0,29911.004,31195.0,32001.0,32604.996,34506.0,35699.0,37905.0,39604.0,900.00006,896.0,33.53395,0.38504755680955904,-0.565986638520967,-0.8244144133964036,0.0,0.0,0.0
1647699487,21.0,0.40000004,0.40003896,43310.008,30302.0,31401.002,32006.998,32511.0,34197.992,36012.0,38602.0,39501.0,900.00006,128.0,34.463745,0.3850909169745755,-0.5668256885522585,-0.8238377502865829,0.0,0.0,0.0
1647699530,21.0,0.40000004,0.400043,41507.0,30305.002,31605.998,32310.998,32708.0,34696.996,36295.0,38306.0,38799.0,900.00006,384.0,34.643967,0.3852240946242687,-0.5693990934128368,-0.8220612339848167,0.0,0.0,0.0
1647699608,21.0,0.40000004,0.40006596,41998.0,30004.002,31004.002,31796.998,32396.996,34005.996,35486.0,36695.0,37200.0,900.00006,640.0,33.972225,0.3854656726865029,-0.574052902598312,-0.8188182124369565,0.0,0.0,0.0
1647699614,21.0,0.40000004,0.40001202,40899.0,30203.998,31489.002,32295.998,32907.0,34908.0,36306.0,37807.0,39086.0,900.00006,512.0,34.082817,0.38548425561436706,-0.5744101247857484,-0.8185676566684155,0.0,0.0,0.0
1647699664,21.0,0.40000004,0.40005702,39494.0,30598.006,31592.998,32417.998,32901.0,34206.0,35601.0,37021.008,38007.0,900.00006,768.0,34.390015,0.38563911334656853,-0.577382717015142,-0.8164736358831266,0.0,0.0,0.0
1647700849,31.0,0.40000004,0.39999998,57495.004,47204.992,48896.996,49896.996,50586.004,52490.992,53688.992,54994.004,56291.008,900.00006,255.99997,35.270657,0.38930924159974234,-0.6455132308317897,-0.7637490876073795,0.0,0.0,0.0
1647700863,31.0,0.40000004,0.40001202,59505.004,47496.99,49188.992,50091.996,50801.008,52588.004,53794.004,55689.996,56614.992,900.00006,896.0,34.783234,0.3893526017647587,-0.64629047575948,-0.7630914892348001,0.0,0.0,0.0
1647700883,31.0,0.40000004,0.400038,62098.996,48393.996,50197.99,51104.0,51791.008,53558.004,54902.0,56304.01,57908.992,900.00006,1024.0,34.68493,0.38941454485763927,-0.6473996633690229,-0.7621506910511043,0.0,0.0,0.0
1647700894,31.0,0.40000004,0.40001398,59486.004,48197.992,49811.992,50895.004,51484.008,53301.01,54814.004,56697.008,57103.004,900.00006,128.0,34.80371,0.3894486135587236,-0.6480091329513061,-0.7616325647001292,0.0,0.0,0.0
1647700937,31.0,0.40000004,0.399997,58199.0,48107.004,49900.004,50906.016,51611.016,53401.0,54798.004,55796.996,57289.992,900.00006,384.0,34.422783,0.38958179120841685,-0.6503876225895758,-0.759602488399215,0.0,0.0,0.0
1647701002,31.0,0.40000004,0.40005502,60309.004,47300.992,48812.008,49806.996,50539.008,51991.004,53500.996,54898.992,56489.0,900.00006,512.0,34.57024,0.3897831062602787,-0.653970933500218,-0.7565196746528496,0.0,0.0,0.0
1647701033,31.0,0.40000004,0.40002102,61001.02,48701.99,50384.008,51593.984,52195.004,53902.004,55793.0,57193.996,58404.008,900.00006,640.0,34.59072,0.3898791180542436,-0.6556747557964879,-0.7550434521345217,0.0,0.0,0.0
1647701081,31.0,0.40000004,0.40004003,60897.992,48397.996,50197.0,51202.996,52000.008,53703.01,55012.004,56588.01,57898.008,900.00006,768.0,35.2256,0.39002778147715694,-0.6583063546962458,-0.7527501201371812,0.0,0.0,0.0
1647702227,41.0,0.40000004,0.400035,75402.984,62404.0,64348.0,65390.01,66103.99,67996.0,69698.0,71998.99,73207.0,900.00006,255.99997,36.032513,0.39357712069921363,-0.7186827582100719,-0.6953381141944999,0.0,0.0,0.0
1647702254,1.0,0.1,0.87162554,218.0,101.13,30764.451,17263.244,2236.3374,15787.209,33967.227,26321.018,15064.41,134.0954,65.0,73.23541,0.3936607438746024,-0.7200466651538879,-0.693925644432287,1.0,0.45,28.683333333333334
1647702296,1.0,0.10123426,0.43915534,218.0,101.13,19391.799,26805.709,8619.899,18672.77,27560.355,29881.432,14162.711,100.0,65.0,67.38289,0.3937908243696516,-0.7221627785067705,-0.6917231536817177,1.0,1.15,27.983333333333334
1647702318,1.0,0.1,1.2809634,2762.5996,101.13,22730.898,26367.95,503.00977,23465.38,44241.625,21615.734,9584.371,100.0,65.0,59.69342,0.3938589617718202,-0.7232685313990681,-0.6905668913927421,1.0,1.5166666666666666,27.616666666666667
1647702351,1.0,0.24029416,0.3845302,218.0,101.13,21496.81,25417.395,7291.5684,20461.125,37100.508,31084.46,17027.861,154.26746,65.0,64.13364,0.3939611678750732,-0.7249236886645212,-0.6888291846408835,1.0,2.066666666666667,27.066666666666666
1647702381,1.0,0.2178294,0.6227714,2586.6807,101.13,20332.803,27901.564,5834.5884,19377.855,42955.492,21054.625,14462.472,100.0,65.0,52.87895,0.394054082514394,-0.7264247544395586,-0.6872460084550707,1.0,2.566666666666667,26.566666666666666
1647702419,1.0,0.27304602,0.79778516,218.0,101.13,10471.381,22537.3,5591.0967,26283.06,51067.402,26885.973,16438.27,100.0,65.0,73.230064,0.3941717743908671,-0.7283211400432842,-0.6852359571461868,1.0,3.2,25.933333333333334
1647702507,1.0,0.27761894,1.202606,218.0,3615.0781,12812.322,22399.055,17196.314,17588.05,37979.81,31130.064,15153.247,100.0,65.0,68.28183,0.3944443239995416,-0.7326913916086013,-0.6805610366915309,1.0,4.666666666666667,24.466666666666665
1647703587,1.0,0.32678497,1.9239987,21619.926,3283.9912,6282.1978,32118.81,17421.102,165.0,14607.004,30724.012,7679.839,100.0,508.46182,56.828365,0.39778925101509244,-0.7838289520980845,-0.6209767901079869,1.0,22.666666666666668,6.466666666666667
1647703625,1.0,0.6661366,0.6853175,27376.512,3478.9282,11344.923,24889.13,16339.449,165.0,175.0,27213.945,16966.742,291.9447,374.4918,49.49007,0.39790694289156553,-0.7855419878738464,-0.6188083590960982,1.0,23.3,5.833333333333333
1647703697,1.0,0.48586547,1.0919032,34721.53,101.13,14282.124,29943.42,19696.447,165.0,175.0,21665.076,18550.984,107.863556,447.23395,60.123047,0.39812993802593555,-0.7887712780454484,-0.6146868071876522,1.0,24.5,4.633333333333334
1647703711,1.0,0.4546359,1.1828691,34146.734,7601.404,18166.828,33187.92,18827.818,165.0,4229.346,28878.229,15046.6,171.11618,325.76895,47.941578,0.398173298190952,-0.7893966871435705,-0.6138834338266149,1.0,24.733333333333334,4.4
1647703751,1.0,0.4613375,0.89238966,33032.07,7106.9243,23822.639,26612.094,16863.988,165.0,3097.167,28696.893,21580.326,350.52014,544.11664,56.594177,0.39829718437671313,-0.7911790593740198,-0.6115845779677912,1.0,25.4,3.7333333333333334
1647703768,1.0,0.1,1.0069739,31519.252,381.54102,14433.512,30731.596,16807.01,165.0,2442.5293,17573.092,30992.213,350.2581,406.2597,62.402637,0.3983498360056616,-0.79193454122703,-0.6106059960494439,1.0,25.683333333333334,3.45
1647703812,1.0,0.1,1.1412792,32890.273,5865.132,14124.045,39851.34,20513.316,165.0,1020.88477,26834.68,20197.998,100.0,263.48886,73.23541,0.39848611080999885,-0.7938842827020345,-0.6080688659014505,1.0,26.416666666666668,2.716666666666667
1647703942,1.0,0.32469755,0.7632363,37280.87,3038.0479,14799.391,28699.012,17968.697,165.0,175.0,30198.727,26248.031,345.00653,312.08466,72.68881,0.39888874091372256,-0.799597322447243,-0.6005365283937354,1.0,28.583333333333332,0.55
1647703947,1.0,0.8388518,1.3301371,39651.81,101.13,20316.346,30992.963,14792.412,165.0,175.0,38773.234,14641.465,830.64075,730.5193,61.587215,0.3989042266869427,-0.7998156308278113,-0.6002457469099722,1.0,28.666666666666668,0.4666666666666667
1647703975,1.0,0.40000004,0.400001,622.0,319.00195,378.99902,390.0,395.00098,407.99902,476.0,493.99902,502.99805,1000.0,896.0,33.243137,0.3989909470169755,-0.8010362027639257,-0.5986159051190929,0.0,0.0,0.0
1647704048,1.0,0.40000004,0.40005404,600.00195,321.0,384.0,393.0,398.0,412.0,477.0,490.0,501.00098,1000.0,1024.0,33.550335,0.39921703930598956,-0.8042027784292994,-0.5943550211503181,0.0,0.0,0.0
1647704060,1.0,0.40000004,0.399964,595.99805,319.00195,381.0,391.99902,396.00098,407.99902,466.00098,490.0,501.00098,1000.0,128.0,36.102142,0.39925420516171795,-0.8047211447480094,-0.5936529956089276,0.0,0.0,0.0
1647704111,1.0,0.40000004,0.40001,610.999,366.00098,388.99902,396.00098,401.00098,417.99902,480.0,493.0,501.00098,1000.0,384.0,33.169407,0.3994121600485634,-0.8069173599538656,-0.5906643498680817,0.0,0.0,0.0
1647704126,1.0,0.40000004,0.399952,588.001,329.99902,387.99902,396.00098,400.00098,417.99902,481.00098,496.00098,498.00098,1000.0,512.0,33.44384,0.3994586173682238,-0.8075611946008505,-0.5897837883282714,0.0,0.0,0.0
1647704168,1.0,0.40000004,0.40004104,585.99805,324.0,387.0,396.00098,402.00098,416.00098,479.0,493.0,507.0,1000.0,640.0,34.37363,0.399588697863273,-0.8093588170424172,-0.5873144858384638,0.0,0.0,0.0
1647704298,1.0,0.40000004,0.40005898,598.99805,324.0,387.0,396.99805,401.00098,422.0,482.99902,498.0,505.99902,1000.0,768.0,34.115585,0.3999913279669967,-0.8148749590483564,-0.579636783784414,0.0,0.0,0.0
1647705400,10.999998,0.40000004,0.400062,20593.0,15801.0,16388.0,16711.0,17012.0,17804.0,18599.998,19396.0,20015.002,1000.0,255.99997,34.172928,0.40340439238471615,-0.8586618571206132,-0.5125425007998651,0.0,0.0,0.0
1647705415,10.999998,0.40000004,0.400065,20691.0,15608.0,16297.002,16708.0,16990.0,17606.0,18401.0,19100.0,19711.0,1000.0,896.0,33.517567,0.4034508497043766,-0.8592204432810584,-0.5116055412599647,0.0,0.0,0.0
1647705498,10.999998,0.40000004,0.400092,21503.0,15707.0,16301.0,16705.0,17005.0,17805.0,18687.0,19397.0,19811.0,1000.0,1024.0,35.03309,0.40370791353983093,-0.8622927882262952,-0.5064100585226577,0.0,0.0,0.0
1647705513,10.999998,0.40000004,0.400028,20613.998,15789.998,16385.0,16705.0,16993.0,17709.0,18402.0,19096.0,19500.0,1000.0,128.0,35.012608,0.4037543708594914,-0.8628446827710156,-0.505469141900656,0.0,0.0,0.0
1647705574,10.999998,0.40000004,0.400019,20298.0,15916.0,16591.0,16900.998,17107.0,17808.0,18402.0,19106.0,19591.0,1000.0,384.0,34.295807,0.4039432972927771,-0.8650784696392809,-0.5016365630280151,0.0,0.0,0.0
1647705618,10.999998,0.40000004,0.40005502,20796.0,15696.001,16289.0,16700.0,17002.0,17991.0,18795.0,19509.0,20288.0,1000.0,640.0,33.427456,0.40407957209711437,-0.8666791601115641,-0.49886594735290746,0.0,0.0,0.0
1647705763,10.999998,0.40000004,0.400053,20591.0,15992.0,16506.998,16900.0,17117.0,17889.998,18608.0,19188.0,19601.0,1000.0,768.0,34.750465,0.4045286595204985,-0.8718912703059198,-0.48969951272625284,0.0,0.0,0.0
1647706885,21.0,0.40000004,0.40004998,40105.0,30712.0,31909.002,32587.002,32994.996,34409.0,35492.0,36685.0,38104.008,1000.0,255.99997,34.89792,0.4080036670310985,-0.9089028174404165,-0.4170079956653984,0.0,0.0,0.0
1647706901,21.0,0.40000004,0.40005702,40288.992,30887.002,32002.002,32792.0,33086.0,34101.004,35194.004,35897.996,37491.0,1000.0,896.0,33.550335,0.40805322150540296,-0.9093874129050331,-0.41595015717017214,0.0,0.0,0.0
1647707017,13.961802,0.3481971,0.45446122,218.0,101.13,15947.979,23161.184,1992.3398,18707.324,45587.676,18291.113,25425.79,299.47974,65.0,55.723442,0.4084124914441103,-0.9128638694482972,-0.40826407612706045,1.0,1.9333333333333333,50.78333333333333
1647707029,1.0,0.1,0.5428774,218.0,101.13,13034.78,22234.393,20680.916,17501.764,57762.598,29276.531,27892.562,188.04065,65.0,43.45138,0.4084496572998386,-0.9132197994276049,-0.4074672967655258,1.0,2.1333333333333333,50.583333333333336
1647707061,9.914616,0.1,0.8796741,218.0,101.13,16903.781,25981.795,8051.4814,16464.133,41347.766,28194.148,7190.593,100.0,65.0,45.88336,0.40854876624844755,-0.9141655452945078,-0.40534103640810315,1.0,2.6666666666666665,50.05
1647707080,17.467844,0.1,0.81471133,218.0,101.13,16213.375,14944.169,2501.5762,24677.459,32227.705,26537.137,17816.11,529.45715,65.0,51.784374,0.40860761218668407,-0.9147247398859669,-0.40407752998719204,1.0,2.9833333333333334,49.733333333333334
1647707118,1.0,0.1,1.3085616,218.0,101.13,11103.783,26020.715,9480.93,20929.55,34112.293,23348.736,18781.568,158.6604,65.0,57.892624,0.40872530406315716,-0.9158378889724723,-0.4015482052287688,1.0,3.6166666666666667,49.1
1647707284,7.330881,0.1,1.1541466,218.0,101.13,15997.398,15848.004,5871.864,16251.809,48117.824,38729.08,21962.723,100.0,65.0,66.46172,0.4092394317340659,-0.9206184735841775,-0.39046334795411874,1.0,6.383333333333334,46.333333333333336
1647708378,1.0,0.1,1.8310914,10527.372,5203.4585,5684.42,16785.543,26274.152,819.0371,18074.188,34533.863,7402.7227,201.69388,514.18164,73.23541,0.4126277189146331,-0.9487381934481806,-0.31606303215131437,1.0,24.616666666666667,28.1
1647708393,1.0,0.23386562,1.1578414,218.0,101.13,16307.855,26360.363,15541.729,7439.952,10958.549,17088.738,14100.508,100.0,246.38501,67.48401,0.41267417623429353,-0.949082400207158,-0.31502793148706687,1.0,24.866666666666667,27.85
1647708531,1.0,0.1,0.8822155,14404.987,9959.346,10721.083,31545.383,15554.882,165.0,15593.865,11854.103,7467.112,100.0,410.34308,52.55075,0.4131015835751695,-0.9521960624523534,-0.30548757527964016,1.0,27.166666666666668,25.55
1647708544,1.0,0.6071919,0.7445209,11085.847,4135.66,10686.455,19501.492,17113.943,165.0,16666.074,25128.578,10172.445,445.5539,359.22696,73.23541,0.41314184658554187,-0.9524844407779208,-0.30458724542562765,1.0,27.383333333333333,25.333333333333332
1647708550,1.0,0.44241002,0.5057315,8033.2603,2014.312,14394.888,22575.928,25207.234,2461.5059,6481.0166,34773.117,4206.7646,231.62888,89.1279,53.631783,0.41316042951340604,-0.9526172513612137,-0.30417161670511966,1.0,27.483333333333334,25.233333333333334
1647708598,1.0,0.52334535,0.9016783,27022.324,7391.295,17399.375,23952.799,16101.242,9106.4,19697.91,27825.295,9094.021,375.13486,595.4313,48.369446,0.4133090929363194,-0.9536732047752462,-0.3008445088309099,1.0,28.283333333333335,24.433333333333334
1647708614,1.0,0.1,0.7822534,16899.361,3261.4448,15858.605,16822.354,24794.854,1691.1553,11497.056,28236.127,20215.049,323.0694,334.48267,70.63966,0.41335864741062384,-0.9540226076096631,-0.2997346562706069,1.0,28.55,24.166666666666668
1647708801,1.0,0.6829419,1.5764723,218.0,6834.89,8084.7393,26712.084,27875.854,165.0,8269.496,23340.688,12092.869,678.83826,476.61276,42.14573,0.4139378153290572,-0.9580103667019589,-0.2867335649894832,1.0,31.666666666666668,21.05
1647709879,1.0,0.1,0.9926486,13858.985,8013.895,12064.758,34088.293,15921.473,165.0,175.0,23491.61,17024.6,590.4056,443.09186,63.19699,0.41727654803531994,-0.9775233434495636,-0.21082721126834295,1.0,49.63333333333333,3.0833333333333335
1647709912,1.0,0.43545353,1.7527069,19087.395,9650.65,25339.63,25802.39,12555.521,165.0,175.0,36535.508,12763.574,1000.0,658.5564,53.35221,0.4173787541385729,-0.9780264770882515,-0.20848071880714478,1.0,50.18333333333333,2.533333333333333
1647710064,41.0,0.40000004,0.400025,77004.0,61001.01,63884.0,65506.996,66900.016,70088.0,71795.0,73996.0,75098.01,1000.0,512.0,35.61472,0.4178495216444652,-0.9802711746217218,-0.19765734037912638,0.0,0.0,0.0
1647710075,41.0,0.40000004,0.400047,77595.016,62495.004,64794.01,66410.01,67496.99,69898.0,71597.0,73796.0,74810.99,1000.0,1024.0,36.139008,0.41788359034554956,-0.9804289754847318,-0.1968731165750143,0.0,0.0,0.0
1647710076,41.0,0.40000004,0.39999604,78796.016,61802.023,64108.01,65798.016,66807.016,69496.0,71290.98,73397.016,74505.984,1000.0,128.0,35.99155,0.4178866875001936,-0.9804432899092752,-0.19680181724739468,0.0,0.0,0.0
1647710116,41.0,0.40000004,0.400067,78796.016,60601.016,63006.992,64808.004,66007.01,68697.016,70495.016,72695.0,74289.016,1000.0,640.0,35.938305,0.41801057368595473,-0.9810116143286567,-0.1939489947184131,0.0,0.0,0.0
1647710143,41.0,0.40000004,0.400064,78698.97,62604.01,64811.008,66207.016,67002.01,69504.016,71302.0,73302.016,74790.97,1000.0,384.0,35.397633,0.41809419686134347,-0.9813905409911672,-0.19202241028865388,0.0,0.0,0.0
1647710366,41.0,0.40000004,0.400015,80401.01,63500.996,65904.984,67110.0,68305.016,70391.016,72786.016,75193.0,76418.0,1000.0,768.0,36.38477,0.41878486234696183,-0.9843753893765583,-0.17608263057368612,0.0,0.0,0.0
1647711482,51.0,0.40000004,0.40010095,97902.016,81299.96,84010.01,85605.016,86393.01,89083.945,91109.055,93889.0,95091.01,1000.0,255.99997,36.97459,0.4222412869296977,-0.9954101280384596,-0.09570097699844722,0.0,0.0,0.0
1647711523,51.0,0.40000004,0.400073,101600.03,81497.99,84299.0,85998.98,87002.0,89404.0,91884.99,93845.0,95695.0,1000.0,896.0,35.852287,0.4223682702701029,-0.9956910454683413,-0.09273263704953867,0.0,0.0,0.0
1647711667,51.0,0.40000004,0.400043,98486.03,81307.984,83897.94,85406.016,86395.984,89295.99,90998.016,93798.01,94688.016,1000.0,512.0,37.43744,0.42281426053884297,-0.9966075272522774,-0.08230089078558774,0.0,0.0,0.0
1647711694,51.0,0.40000004,0.400082,99403.016,81899.97,84194.984,86012.0,87191.98,89896.97,92002.99,94092.01,95296.02,1000.0,1024.0,37.183487,0.42289788371423176,-0.9967672034526469,-0.08034389909127872,0.0,0.0,0.0
1647711711,51.0,0.40000004,0.399977,103099.99,82701.96,85095.0,86403.99,87506.01,89904.945,92189.03,93986.016,95586.01,1000.0,128.0,36.868095,0.4229505353431802,-0.9968657688548647,-0.07911155974571295,0.0,0.0,0.0
1647711732,51.0,0.40000004,0.400046,101205.01,81286.97,84100.95,85797.01,86892.02,89809.984,92185.0,94292.016,95813.016,1000.0,640.0,36.753407,0.4230155755907048,-0.9969854226039088,-0.07758909147106666,0.0,0.0,0.0
1647711810,51.0,0.40000004,0.400053,114601.98,83383.984,86294.97,87989.0,89114.05,92499.05,95310.945,100401.97,105893.98,1000.0,384.0,36.818943,0.42325715365293903,-0.9974094913373519,-0.07193265315671998,0.0,0.0,0.0
1647712136,51.0,0.40000004,0.40177596,134706.97,85008.95,88400.02,91214.98,93906.0,115607.84,121699.95,126592.984,129804.94,1000.0,768.0,37.236736,0.42426682606689237,-0.9988343879540346,-0.048268679705262614,0.0,0.0,0.0
1647712229,1.0,0.3,0.045540005,888.0,512.0,594.0,603.00195,606.999,696.999,711.0,810.001,888.0,100.0,512.0,26.10094,0.424554861448787,-0.999137990467674,-0.04151235965610872,0.0,0.0,0.0
1647712230,1.0,0.3,0.032251984,985.0,516.0,594.99805,608.0,613.0,694.99805,714.0039,874.0,984.99805,100.0,1024.0,26.10094,0.42455795860343104,-0.9991410066896868,-0.041439700181339155,0.0,0.0,0.0
1647712231,1.0,0.47001517,1.0641651,23579.56,101.13,20256.29,32356.855,487.4453,15386.396,36027.383,13198.097,22736.645,165.33514,65.0,40.7928,0.42456105575807507,-0.9991440176277454,-0.04136704048741675,1.0,0.016666666666666666,11.066666666666666
1647712232,1.0,0.50340635,0.6469606,31939.725,101.13,14266.125,25946.162,13664.0205,13783.357,35411.406,12034.571,25654.492,100.0,65.0,56.62345,0.4245641529127191,-0.999147023281834,-0.041294380574723996,1.0,0.03333333333333333,11.05
1647712233,1.0,0.61061436,1.2316993,36217.312,101.13,18632.236,44272.3,15950.513,21850.07,37708.33,16950.473,23929.402,100.0,65.0,59.855164,0.4245672500673631,-0.9991500236519367,-0.04122172044364692,1.0,0.05,11.033333333333333
1647712442,1.0,0.22638571,1.8486593,29409.49,101.13,17648.148,28167.562,11632.365,19295.875,12737.705,17275.77,34342.844,100.0,166.61554,45.234074,0.4252145553879651,-0.9996611216849755,-0.02603155376724198,1.0,3.533333333333333,7.55
1647712444,1.0,0.27387857,1.9239987,35897.633,101.13,12143.92,27255.6,10550.048,12291.432,20522.238,17940.797,24222.885,100.0,172.60773,51.480873,0.42522074969725315,-0.9996648972475747,-0.025886158675938426,1.0,3.566666666666667,7.516666666666667
1647712446,1.0,0.58818424,1.903485,23252.121,101.13,22700.602,24322.725,11291.705,9860.016,18683.207,19650.719,19692.82,100.0,65.0,49.64143,0.4252269440065412,-0.9996686516632753,-0.025740763037040287,1.0,3.6,7.483333333333333
1647712447,1.0,0.1,0.81269276,29535.172,101.13,25612.342,19540.594,14816.979,13932.421,9148.611,13479.047,19840.08,100.0,65.0,34.15434,0.42523004116118523,-0.9996705209410138,-0.025668065013204514,1.0,3.6166666666666667,7.466666666666667
1647712448,1.0,0.44587424,0.976519,28835.676,101.13,21349.645,34056.984,13746.124,13022.405,12623.016,21554.895,21889.004,100.0,65.0,40.888847,0.42523313831582926,-0.9996723849319978,-0.02559536685362237,1.0,3.6333333333333333,7.45
1647712665,1.0,0.1,1.1489897,31189.441,1619.8032,16764.955,21036.205,22624.94,165.0,175.0,25685.418,24097.215,100.0,107.1882,49.02472,0.42590522087358346,-0.999951808959328,-0.009817319337149412,1.0,7.25,3.8333333333333335
1647712668,1.0,0.8046884,0.9348496,26503.383,101.13,19535.957,18251.508,25902.203,165.0,1022.8125,35137.953,22150.059,102.37167,391.2408,62.396145,0.42591451233751554,-0.999953926969049,-0.009599163462400613,1.0,7.3,3.783333333333333
1647712669,6.791073,0.27410078,1.2132106,25509.684,2855.788,24144.766,20440.555,22031.59,4374.2856,175.0,29182.451,19537.879,100.0,544.1932,49.78259,0.42591760949215957,-0.9999546223957878,-0.009526444735440702,1.0,7.316666666666666,3.7666666666666666
1647712671,1.0,0.21902734,1.1497648,28497.336,5838.6514,17485.027,18227.85,18937.812,165.0,7522.789,27960.207,26439.02,100.0,105.66196,43.51036,0.4259238038014476,-0.9999559973844911,-0.009381007130764616,1.0,7.35,3.7333333333333334
1647712674,1.0,0.39925504,1.159435,23855.94,3168.101,14222.3125,23636.805,15273.434,165.0,175.0,26760.014,19806.672,100.0,351.7495,49.443375,0.4259330952653797,-0.9999580202055561,-0.00916285035262578,1.0,7.4,3.683333333333333
1647712675,1.0,0.1,1.5279984,24471.652,101.13,17979.25,19996.07,18322.076,6967.413,175.0,15221.459,24055.54,100.0,311.27637,50.565147,0.42593619242002373,-0.9999586839026995,-0.009090131329151915,1.0,7.416666666666667,3.6666666666666665
1647712677,1.0,0.1,1.1270475,24866.195,3359.1392,7937.4087,19365.773,20226.076,165.0,3643.5566,37217.664,30789.223,100.0,307.92114,66.52617,0.4259423867293118,-0.9999599954321475,-0.008944693138367594,1.0,7.45,3.6333333333333333
1647712894,1.0,0.1,1.4295082,20085.4,9323.635,8511.773,6309.8604,20544.066,165.0,175.0,44861.836,30070.105,832.1863,675.2386,49.195526,0.426614469287066,-0.9999766355118064,0.006835819664670486,1.0,11.066666666666666,0.016666666666666666
1647712895,31.0,0.3,0.288887,81800.984,66801.99,68597.0,70491.016,71998.016,74997.98,77495.01,79690.984,81801.01,100.0,1024.0,29.540352,0.42661756644171,-0.9999761357527859,0.00690853999958405,0.0,0.0,0.0
1647712897,31.0,0.3,0.289086,77487.0,65897.0,68690.0,69801.016,70103.0,71698.99,73899.01,76282.0,77487.0,100.0,640.0,29.37651,0.42662376075099806,-0.9999751203696357,0.007053980559418333,0.0,0.0,0.0
1647712898,31.0,0.3,0.289115,77404.0,65314.992,67994.01,69319.99,70597.99,73407.016,75393.016,77306.02,77404.01,100.0,512.0,29.593601,0.4266268579056421,-0.9999746047455113,0.007126700783570778,0.0,0.0,0.0
1647712899,31.0,0.3,0.289017,82302.016,66304.0,68092.02,70194.01,70709.984,72003.016,75096.984,80502.01,82302.01,100.0,896.0,29.167614,0.4266299550602861,-0.9999740838330242,0.0071994209700328,0.0,0.0,0.0
1647712900,31.0,0.3,0.289142,78591.984,66509.016,68396.99,69600.0,69802.0,73298.016,76500.0,78496.01,78591.99,100.0,128.0,29.200386,0.42663305221493014,-0.9999735576321774,0.007272141118421595,0.0,0.0,0.0
1647712901,31.0,0.3,0.28907,80199.01,65697.016,67808.02,68601.016,69597.0,72500.016,73506.01,79598.016,80199.016,100.0,768.0,29.233152,0.42663614936957417,-0.9999730261429737,0.0073448612283508056,0.0,0.0,0.0
1647713125,41.0,0.3,0.289168,107285.99,87295.93,90798.98,93287.01,94776.04,98986.96,102393.02,105574.98,107285.98,100.0,255.99997,30.597118,0.42732991200983655,-0.9997207142600403,0.02363246663797096,0.0,0.0,0.0
1647713126,41.0,0.3,0.289078,113812.0,88807.95,91786.984,94298.95,95407.07,99208.984,100899.92,108012.984,113811.99,100.0,384.0,30.523392,0.4273330091644806,-0.9997189930150603,0.023705168317350523,0.0,0.0,0.0
1647713127,41.0,0.3,0.289207,111065.02,88568.01,91501.0,93201.984,94563.96,97468.07,100372.98,110868.97,111064.98,100.0,640.0,30.683136,0.4273361063191246,-0.9997172664830694,0.023777869871365376,0.0,0.0,0.0
1647713128,41.0,0.3,0.28909,103416.98,87513.95,90801.0,92814.03,93814.99,97009.0,99914.945,103209.94,103416.984,100.0,512.0,30.175232,0.42733920347376864,-0.9997155346640769,0.02385057129963193,0.0,0.0,0.0
1647713131,41.0,0.3,0.289009,104284.0,89610.99,92690.99,94377.016,96102.97,98475.01,100582.99,101686.01,104284.086,100.0,1024.0,30.588928,0.4273484949377007,-0.9997103074851814,0.02406867482609075,0.0,0.0,0.0
1647713136,41.0,0.3,0.28896,109871.01,88863.98,92899.055,94169.99,95401.98,99668.99,104576.945,106872.016,109870.945,100.0,768.0,30.543873,0.42736398071092085,-0.9997014897811831,0.024432178152653226,0.0,0.0,0.0
1647713359,51.0,0.3,0.288972,128181.01,102507.79,110214.87,114899.03,115492.99,118490.02,120903.02,125689.016,128180.914,100.0,896.0,31.330303,0.4280546461965392,-0.9991738363873679,0.04064043157927005,0.0,0.0,0.0
1647713361,51.0,0.3,0.288606,136979.97,102507.79,110214.87,117505.375,119189.914,124392.83,128681.0,135588.0,136979.86,100.0,255.99997,31.408127,0.4280608405058273,-0.9991679149079626,0.040785755092610135,0.0,0.0,0.0
1647713363,51.0,0.3,0.289056,131794.02,102507.79,110214.87,117193.9,119214.94,121795.97,125590.98,131197.0,131793.94,100.0,384.0,31.45728,0.4280670348151154,-0.9991619722921717,0.04093107774316975,0.0,0.0,0.0
1647713364,51.0,0.3,0.289041,137424.94,102507.79,110214.87,117505.375,119327.95,122617.95,126324.96,131920.08,137424.97,100.0,640.0,31.342592,0.4280701319697594,-0.999158993058171,0.04100373874394499,0.0,0.0,0.0
1647713365,1.0,0.21975994,0.981328,25652.36,101.13,17652.053,32238.627,12007.272,21145.191,26348.46,1136.8408,24273.264,100.0,65.0,70.985146,0.42807322912440343,-0.9991560085401211,0.041076399527872974,1.0,0.016666666666666666,8.7
1647713366,1.0,0.9999585,1.0976913,30188.895,101.13,20097.477,39822.383,2598.6255,22369.264,15869.725,4220.063,15017.9375,100.0,65.0,44.21051,0.42807632627904746,-0.9991530187380377,0.04114906009456766,1.0,0.03333333333333333,8.683333333333334
1647713368,1.0,0.30333322,1.1359005,32407.242,101.13,24026.965,27691.28,10828.963,25644.812,21668.406,15109.428,22692.172,100.0,65.0,53.9025,0.4280825205883355,-0.999147023281834,0.04129438057472363,1.0,0.06666666666666667,8.65
1647713377,1.0,0.45054305,1.4655507,30725.209,2993.3862,21896.688,32358.393,3892.0928,21718.96,19693.654,10950.527,20387.98,100.0,65.0,45.502815,0.42811039498013176,-0.9991197821734571,0.041948311880977314,1.0,0.21666666666666667,8.5
1647713457,1.0,0.666183,1.0779319,34909.016,101.13,17114.117,36023.383,10460.585,16065.748,13513.705,9727.414,25724.887,100.0,65.0,51.285088,0.42835816735165405,-0.9988588299179337,0.04776021246787303,1.0,1.55,7.166666666666667
1647713460,1.0,0.1,0.7784642,32139.057,101.13,27078.373,23368.383,14810.752,25044.873,5576.548,7708.788,22154.7,100.0,65.0,41.395626,0.42836745881558613,-0.9988483864849507,0.04797812852134433,1.0,1.6,7.116666666666666
1647713462,1.0,0.54209995,0.8492578,35441.86,438.51172,18145.75,31456.3,14188.073,18987.875,16794.125,14685.3955,27373.629,100.0,65.0,36.449768,0.4283736531248742,-0.9988413977842318,0.04812340462230424,1.0,1.6333333333333333,7.083333333333333
1647713463,1.0,0.2635066,0.71914774,32476.846,101.13,24482.645,29067.078,16398.602,23314.86,8400.566,9019.475,20948.7,100.0,65.0,40.728283,0.4283767502795182,-0.9988378955103088,0.04819604229122511,1.0,1.65,7.066666666666666
1647713466,1.0,0.37177932,1.1571386,24022.928,101.13,23955.78,25146.234,7023.1313,12844.154,6727.488,12211.58,14621.686,100.0,65.0,49.134422,0.4283860417434503,-0.9988273569945072,0.04841395376714522,1.0,1.7,7.016666666666667
1647713473,1.0,0.66896135,0.7490574,30614.549,1140.043,23093.574,32870.977,13928.375,14482.959,11380.311,14123.9795,24119.541,100.0,65.0,34.48484,0.4284077218259585,-0.9988025822448382,0.048922404898402015,1.0,1.8166666666666667,6.9
1647713477,1.0,0.49929494,0.82436454,14517.457,2336.7188,25203.855,26028.049,14432.387,15175.0205,10991.662,5767.184,15272.838,100.0,65.0,38.079845,0.4284201104445346,-0.998788309037,0.049212942718457234,1.0,1.8833333333333333,6.833333333333333
1647713871,2.9002838,0.1,1.4241422,21302.848,6544.491,15591.949,13728.562,25759.742,165.0,175.0,33918.008,17936.656,262.48434,412.13428,51.239216,0.42964038937428184,-0.9969684715636764,0.077806598100592,1.0,8.45,0.26666666666666666
1647713876,14.172871,0.48110834,1.9239987,15688.748,1108.8594,19719.871,10623.419,22331.44,165.0,175.0,36347.977,22444.234,295.44177,694.55817,54.060677,0.429655875147502,-0.9969401143810627,0.07816910091509141,1.0,8.533333333333333,0.18333333333333332
1647713882,9.855087,0.4618428,1.476884,20621.498,9581.607,16249.503,18939.36,23700.69,165.0,175.0,44030.234,20603.668,100.0,686.7226,58.293274,0.42967445807536614,-0.996905911775875,0.07860409064617119,1.0,8.633333333333333,0.08333333333333333
1647713883,1.0,0.6570327,0.887877,18368.383,8887.963,9789.305,16536.578,25092.105,165.0,2090.8828,39187.04,24053.363,487.62198,367.9499,52.457836,0.42967755523001017,-0.9969001928890326,0.07867658748197921,1.0,8.65,0.06666666666666667
1647713886,1.0,0.7248698,1.5231427,23168.06,3540.1855,15840.343,11997.947,14499.725,165.0,175.0,31748.771,23397.002,441.52234,501.041,52.613934,0.42968684669394225,-0.9968830045960054,0.07889407549138615,1.0,8.7,0.016666666666666666
1647713887,10.999998,0.3,0.299998,29100.998,21493.0,22497.0,23403.0,24006.0,25899.996,27303.0,28595.0,29008.0,200.0,640.0,29.507584,0.42968994384858633,-0.9968772646209306,0.07896657066057114,0.0,0.0,0.0
1647714283,21.0,0.3,0.299852,56488.004,41500.996,43874.01,46104.004,46983.01,49901.004,52098.99,54309.992,55511.996,200.0,384.0,29.732866,0.43091641708762163,-0.9941901679257955,0.1076378650832438,0.0,0.0,0.0
1647714289,21.0,0.3,0.299931,57198.996,41305.008,45000.008,47001.996,48694.008,50701.0,52810.0,54605.996,55595.004,200.0,255.99997,29.978624,0.4309350000154858,-0.9941431074087607,0.10807165211864497,0.0,0.0,0.0
1647714293,21.0,0.3,0.300028,56801.004,40802.004,43107.0,44910.996,47108.992,50298.0,52702.004,54104.0,56502.0,200.0,1024.0,29.683712,0.4309473886340619,-0.9941116285797302,0.10836083204994518,0.0,0.0,0.0
1647714298,21.0,0.3,0.29995,56291.004,42033.0,44386.008,46095.004,47492.996,51703.996,53300.992,54491.996,55700.0,200.0,896.0,29.749249,0.43096287440728204,-0.9940721617532405,0.10872229406722032,0.0,0.0,0.0
1647714305,21.0,0.3,0.299958,57995.008,42808.0,45012.0,47696.996,48695.0,51898.996,53793.008,56701.004,57104.992,200.0,128.0,29.986816,0.43098455448979023,-0.9940166873971339,0.10922831673164557,0.0,0.0,0.0
1647714315,21.0,0.3,0.299967,57809.004,42516.992,44499.004,46890.004,48514.004,51900.004,54297.01,55198.004,55898.0,200.0,768.0,30.306307,0.4310155260362305,-0.9939369914879657,0.10995115711920347,0.0,0.0,0.0
1647714724,31.0,0.3,0.299978,81625.984,66592.016,69695.0,71439.01,72303.01,74404.0,76005.01,78931.99,80504.01,200.0,384.0,30.564352,0.4322822622856382,-0.9902275430318722,0.13946115237248582,0.0,0.0,0.0
1647714728,31.0,0.3,0.299998,82340.97,66200.984,69650.0,71200.0,72898.0,75238.984,76812.0,78998.984,80041.02,200.0,255.99997,30.74048,0.4322946509042143,-0.9901869335331304,0.1397491919842693,0.0,0.0,0.0
1647714736,31.0,0.3,0.299948,84594.0,65421.977,69598.016,71218.98,73313.016,76396.0,78119.016,81325.01,83099.03,200.0,512.0,30.232578,0.43231942814136654,-0.9901054631822679,0.14032523570843106,0.0,0.0,0.0
1647714737,31.0,0.3,0.299899,85789.016,66601.01,69198.0,72796.016,73996.0,76541.99,79137.984,82902.04,83203.03,200.0,1024.0,30.547968,0.43232252529601056,-0.9900952558250806,0.14039723783845698,0.0,0.0,0.0
1647714749,31.0,0.3,0.299883,82396.99,66104.05,69873.984,71964.984,74200.99,77597.02,78892.03,81696.016,82201.0,200.0,128.0,30.597118,0.4323596911517389,-0.9899723591372781,0.14126120537561612,0.0,0.0,0.0
1647714753,31.0,0.3,0.299971,87499.0,68404.016,71432.03,73205.0,74405.016,78399.01,80788.01,83805.01,84800.984,200.0,896.0,30.53568,0.432372079770315,-0.9899312260351465,0.14154917068125716,0.0,0.0,0.0
1647714767,31.0,0.3,0.299948,82895.984,67001.984,70855.984,72668.0,74267.0,76300.01,78309.0,80603.99,82496.98,200.0,768.0,30.425089,0.43241543993533144,-0.9897866005593229,0.1425569547697319,0.0,0.0,0.0
1647715175,41.0,0.3,0.300066,108931.01,88499.02,92238.99,94682.92,96381.97,98928.97,101393.01,104305.02,106939.03,200.0,255.99997,31.584255,0.43367907903009506,-0.9851218265868885,0.17185746065304341,0.0,0.0,0.0
1647715177,41.0,0.3,0.299987,107524.016,89601.984,94100.01,96517.99,97725.0,100627.0,102395.96,103914.02,106514.0,200.0,384.0,31.45728,0.4336852733393831,-0.9850968205129117,0.1720007389965295,0.0,0.0,0.0
1647715180,1.0,0.62494427,1.0005718,31487.5,891.63574,20896.836,36488.273,9481.371,14543.267,43444.1,6207.1895,25756.598,100.0,65.0,46.84041,0.4336945648033152,-0.985059272329501,0.17221564968862166,1.0,0.05,10.066666666666666
1647715184,1.0,0.9040625,1.2367266,27325.148,101.13,22824.621,36320.46,11593.289,22589.29,26715.477,8377.0,18052.555,100.0,65.0,44.43737,0.4337069534218913,-0.9850091351525027,0.1725021845256425,1.0,0.11666666666666667,10.0
1647715188,1.0,0.8346738,1.3316265,29252.3,101.13,23191.441,35372.477,7390.9565,19881.312,34660.363,7842.363,25369.465,100.0,65.0,46.403946,0.4337193420404674,-0.9849589146280212,0.1727887047662272,1.0,0.18333333333333332,9.933333333333334
1647715207,1.0,0.49357805,1.6407325,28755.805,101.13,20216.926,41887.742,5016.0933,21500.75,28676.12,3987.0674,19684.238,100.0,65.0,44.61171,0.433778187978704,-0.9847192290534428,0.17414947583152063,1.0,0.5,9.616666666666667
1647715218,1.0,0.39184004,1.4602165,39127.918,101.13,18161.379,39635.05,11783.641,15602.877,32971.96,24453.336,27234.242,100.0,65.0,54.044086,0.4338122566797883,-0.984579604423473,0.17493713886227047,1.0,0.6833333333333333,9.433333333333334
1647715230,1.0,0.27263844,1.2693354,17470.578,1569.0312,20876.947,28010.174,11157.147,21291.55,18161.627,5063.842,14294.808,100.0,65.0,38.08937,0.4338494225355166,-0.9844265680898917,0.17579627993435443,1.0,0.8833333333333333,9.233333333333333
1647715620,1.0,0.1,1.5586613,27659.652,101.13,13056.668,19100.887,22912.617,165.0,1095.958,28465.262,30461.596,100.0,474.84042,54.951206,0.43505731284668775,-0.979045472484584,0.203641751140177,1.0,7.383333333333334,2.7333333333333334
1647715630,1.0,0.4225664,1.0137907,19603.1,3443.9062,12582.165,16038.978,25870.107,165.0,175.0,35876.68,26220.045,119.22113,704.3232,65.87546,0.435088284393128,-0.9788971211532057,0.20435367918871933,1.0,7.55,2.566666666666667
1647715633,1.0,0.1,0.5511417,26134.207,495.87402,10829.833,15292.079,24022.475,165.0,175.0,28741.717,29676.86,100.0,504.69183,71.5913,0.4350975758570601,-0.9788525148007797,0.20456723654629858,1.0,7.6,2.5166666666666666
1647715635,1.0,0.3282184,1.9239987,19503.836,406.55176,16464.207,15249.07,14371.808,165.0,175.0,22296.465,15977.576,164.48016,497.89218,55.659157,0.43510377016634816,-0.9788227513490725,0.20470960270937927,1.0,7.633333333333334,2.4833333333333334
1647715636,1.0,0.1,1.2411307,26340.43,101.13,14442.111,16531.33,22979.324,2258.1924,175.0,31589.887,25168.973,100.0,574.3811,63.914722,0.4351068673209922,-0.9788078618584277,0.20478078416719914,1.0,7.65,2.466666666666667
1647715673,1.0,0.26334178,1.4327728,27155.672,4230.8433,12945.393,13658.903,21371.582,165.0,175.0,40931.547,20787.129,131.71921,455.00137,52.421722,0.43522146204282125,-0.9782533123462192,0.20741373359459733,1.0,8.266666666666667,1.85
1647715685,1.0,0.1,1.6911923,32312.889,1685.9751,25016.477,20645.762,24698.645,165.0,175.0,26013.248,17238.154,100.0,364.04694,41.886765,0.4352586278985496,-0.9780719372497123,0.2082673415699035,1.0,8.466666666666667,1.65
1647715696,1.0,0.35372674,1.3729166,23389.223,5657.4463,12852.145,15666.436,19602.178,165.0,175.0,31077.113,35220.363,100.0,604.2271,55.70767,0.43529269659963393,-0.9779050224161491,0.209049676233356,1.0,8.65,1.4666666666666666
1647715776,1.0,0.1,1.524504,38018.45,101.13,15761.402,19015.812,25802.023,165.0,175.0,34635.016,19151.725,330.68744,234.44458,49.73153,0.4355404689711562,-0.9766722783341679,0.21473532716706287,1.0,9.983333333333333,0.13333333333333333
1647715782,1.0,1.1154221,1.2381128,20188.754,2366.2407,15143.031,9983.933,16039.389,165.0,175.0,33036.773,21283.96,578.7408,578.9745,61.19318,0.4355590518990204,-0.976578489402848,0.21516146038650058,1.0,10.083333333333334,0.03333333333333333
1647715784,1.0,0.3,0.299969,792.999,481.0,501.00098,524.0,590.0,605.001,675.0,701.0,703.999,300.0,384.0,32.137215,0.43556524620830844,-0.9765471851078009,0.21530349569394017,0.0,0.0,0.0
1647715794,1.0,0.3,0.29999,780.99805,498.0,510.0,585.001,591.001,603.99805,686.001,701.0,719.999,300.0,640.0,31.195135,0.4355962177547487,-0.9763903537778215,0.2160136038531384,0.0,0.0,0.0
1647715797,1.0,0.3,0.299946,882.0,499.99902,521.0,593.99805,599.0,622.0,692.001,710.0,779.99805,300.0,1024.0,32.079872,0.4356055092186808,-0.9763432036841234,0.21622661404143195,0.0,0.0,0.0
1647715818,1.0,0.3,0.300046,791.99805,411.00098,495.00098,501.99902,509.0,594.999,683.999,707.001,714.999,300.0,128.0,31.936512,0.43567054946620537,-0.9760118519804228,0.2177173966263265,0.0,0.0,0.0
1647715827,1.0,0.3,0.29996,710.00195,413.0,491.00098,498.0,502.99902,583.999,600.001,684.0,691.999,300.0,896.0,29.30688,0.43569842385800167,-0.9758691472414858,0.21835614821244523,0.0,0.0,0.0
1647715843,1.0,0.3,0.299917,791.0,474.00098,497.0,507.99902,519.0,603.001,682.001,705.0,779.99805,300.0,768.0,29.831167,0.4357479783323061,-0.9756144177909114,0.2194914754574788,0.0,0.0,0.0
1647716400,10.999998,0.3,0.299984,30222.998,22201.002,23292.0,24007.0,24502.0,25997.0,27493.998,28707.0,29098.0,300.0,255.99997,30.511105,0.43747309346903,-0.9659258262890684,0.2588190451025203,0.0,0.0,0.0
1647716409,10.999998,0.3,0.299978,30996.998,22394.004,23487.002,24212.0,24593.004,25792.0,27194.0,28108.996,29399.002,300.0,512.0,31.219711,0.43750096786082626,-0.9657562227462969,0.25945118659741173,0.0,0.0,0.0
1647716411,10.999998,0.3,0.300006,31923.0,22299.0,23306.004,24299.998,24700.0,25995.0,27295.998,28703.0,29105.002,300.0,384.0,30.048258,0.4375071621701143,-0.96571847688618,0.2595916474015232,0.0,0.0,0.0
1647716414,10.999998,0.3,0.299994,30096.0,22011.002,23300.004,24094.0,24602.002,26292.0,27209.998,28797.002,29199.0,300.0,640.0,30.945282,0.4375164536340464,-0.96566181979226,0.25980232831039224,0.0,0.0,0.0
1647716418,10.999998,0.3,0.299948,30603.0,22003.002,23005.0,24102.996,24509.002,26000.0,27905.0,29104.0,29797.0,300.0,1024.0,30.40461,0.4375288422526225,-0.9655862055042406,0.2600832169516564,0.0,0.0,0.0
1647716451,10.999998,0.3,0.299976,30999.0,22493.998,23401.0,24401.996,24901.004,26703.0,28002.004,29399.0,29911.0,300.0,128.0,30.326786,0.43763104835587546,-0.9649592707016954,0.26239970633911164,0.0,0.0,0.0
1647716462,10.999998,0.3,0.299942,29692.996,22686.004,23808.002,24600.002,25006.0,26301.002,27611.0,28391.002,28603.002,300.0,896.0,30.322687,0.43766511705695976,-0.9647490572849999,0.26317153430358653,0.0,0.0,0.0
1647716471,10.999998,0.3,0.299979,30896.998,22209.0,23405.0,24101.0,24409.0,25990.998,27498.004,29500.998,29810.994,300.0,768.0,29.63456,0.437692991448756,-0.9645766052969567,0.26380290467278594,0.0,0.0,0.0
1647717042,21.0,0.3,0.299985,56198.008,43589.0,45995.004,47395.01,48201.0,50898.008,52393.008,54299.0,55294.99,300.0,255.99997,30.851074,0.4394614667504963,-0.9527940500114294,0.30361735500925824,0.0,0.0,0.0
1647717045,21.0,0.3,0.299994,55694.996,43004.004,45199.0,46894.004,47708.0,49404.996,51301.008,54302.996,55204.008,300.0,384.0,30.674944,0.4394707582144284,-0.9527277883057483,0.3038252151978784,0.0,0.0,0.0
1647717050,1.0,0.1,1.2880728,8012.59,101.13,24622.479,27511.78,5100.974,12600.043,54030.58,17526.584,15859.116,100.0,65.0,73.23541,0.4394862439876486,-0.9526172513612138,0.30417161670511933,1.0,0.08333333333333333,23.366666666666667
1647717057,1.0,0.1,0.53263843,218.0,101.13,24785.596,24921.734,14412.462,20817.059,40781.555,22192.77,16629.193,100.0,65.0,63.26588,0.43950792407015676,-0.9524622880497837,0.30465651124335225,1.0,0.2,23.25
1647717063,1.0,0.1,0.6996701,1569.9844,101.13,17007.092,24961.613,10936.764,24129.715,52292.523,19115.059,19929.29,100.0,65.0,72.81122,0.4395265069980209,-0.9523292659060936,0.30507207230220373,1.0,0.3,23.15
1647717114,1.0,0.1,0.8463509,218.0,101.13,17211.488,23019.896,9759.732,12173.758,49698.203,25354.896,22075.46,256.55328,65.0,52.732357,0.4396844618848664,-0.9511912598569189,0.30860198828233015,1.0,1.15,22.3
1647717124,1.0,0.13971007,1.4937783,2854.0156,101.13,20226.945,30865.92,4084.3984,21750.55,54229.348,13473.761,23508.885,100.0,65.0,68.175316,0.43971543343130665,-0.9509665866592054,0.3092936324235272,1.0,1.3166666666666667,22.133333333333333
1647717131,1.0,0.16804445,0.556875,10939.525,101.13,18218.133,25117.23,11841.794,18454.066,50134.83,25016.48,18484.307,100.0,65.0,52.742813,0.43973711351381484,-0.9508090161773016,0.3097776860200742,1.0,1.4333333333333333,22.016666666666666
1647717723,1.0,0.1,0.8675741,22516.164,101.13,10899.388,26736.404,27590.488,165.0,24464.566,35542.098,19624.729,100.0,81.25,58.664524,0.44157062906307976,-0.936595763559511,0.3504117230949566,1.0,11.3,12.15
1647717727,1.0,0.31696445,0.95847964,14437.289,1634.4033,12232.068,31563.967,17048.02,165.0,19320.938,24159.605,20303.6,100.0,65.0,50.19223,0.44158301768165586,-0.9364937932970522,0.35068415292980953,1.0,11.366666666666667,12.083333333333334
1647717739,1.0,0.1,1.033191,20133.82,101.13,13099.674,17825.137,16486.547,1679.1484,14327.232,31922.18,21888.977,100.0,397.18167,73.23541,0.4416201835373842,-0.936187407090354,0.351501264301339,1.0,11.566666666666666,11.883333333333333
1647717744,1.0,0.4459772,0.52774537,18350.7,101.13,15656.352,22435.418,14935.941,7019.338,15311.318,28326.39,22076.18,100.0,312.36914,71.10715,0.44163566931060433,-0.9360595357389734,0.3518416484047015,1.0,11.65,11.8
1647717745,1.0,0.1,0.9823382,8964.127,101.13,15558.49,22660.012,19177.023,2007.9717,13959.345,30979.988,20822.639,100.0,100.838806,60.17876,0.44163876646524836,-0.9360339466171126,0.35190971964467316,1.0,11.666666666666666,11.783333333333333
1647717812,1.0,0.15331554,1.0688839,14050.895,4644.2104,17367.137,29240.525,19615.094,1720.4346,11125.759,22755.008,26596.11,100.0,65.0,41.78162,0.4418462758263983,-0.934308205672852,0.35646623516453224,1.0,12.783333333333333,10.666666666666666
1647717827,1.0,0.11121559,0.663182,11059.462,101.13,15979.574,32090.666,21326.256,2231.5518,10892.3,25024.637,10920.681,100.0,198.1695,52.45282,0.4418927331460587,-0.9339188055356066,0.3574851950318305,1.0,13.033333333333333,10.416666666666666
1647718430,1.0,0.1,1.6538129,19722.71,8705.374,14040.297,28404.637,11578.984,165.0,175.0,32804.71,27357.984,433.24414,299.90973,57.2679,0.4437603173964079,-0.9173498103720259,0.39808205863918084,1.0,23.083333333333332,0.36666666666666664
1647718432,1.0,0.22941792,1.1558471,35475.266,3249.586,13839.06,26582.98,18993.566,165.0,4522.256,37328.2,10748.343,717.8463,201.97983,56.840626,0.443766511705696,-0.9172919019809571,0.39821547754972836,1.0,23.116666666666667,0.3333333333333333
1647718447,1.0,1.1447985,1.537291,32372.988,951.16504,15177.16,29993.559,10905.846,165.0,175.0,35878.395,18329.635,942.6803,836.5476,66.731255,0.4438129690253564,-0.9168569706179529,0.3992158506738808,1.0,23.366666666666667,0.08333333333333333
1647718452,41.0,0.3,0.300012,114794.98,95189.03,98209.984,99996.05,101292.96,105694.016,108095.95,109610.03,112605.04,300.0,640.0,32.473087,0.4438284547985765,-0.9167117510316201,0.39954920287812,0.0,0.0,0.0
1647718456,41.0,0.3,0.299981,119602.055,94802.03,98394.02,99709.98,101430.96,105193.97,106997.02,109096.03,113334.02,300.0,1024.0,32.05939,0.4438408434171527,-0.9165954880971426,0.3998158466093619,0.0,0.0,0.0
1647718529,41.0,0.3,0.2999,113589.01,96008.96,99105.98,100497.9,101907.984,105810.016,108789.945,111791.97,112799.984,300.0,128.0,32.157696,0.44406693570616673,-0.9144600758604042,0.40467612933972724,0.0,0.0,0.0
1647718540,41.0,0.3,0.300056,113396.97,95993.96,98400.94,100108.98,101305.04,105374.016,108402.04,111902.016,112494.016,300.0,768.0,32.19456,0.44410100440725103,-0.9141360656452584,0.405407515330695,0.0,0.0,0.0
1647718554,41.0,0.3,0.300007,113894.0,97696.92,100890.07,102394.05,103804.02,106695.055,107987.97,110701.96,113503.96,300.0,896.0,32.231422,0.44414436457226747,-0.9137228430141442,0.4063379949674282,0.0,0.0,0.0
1647719120,51.0,0.3,0.300374,136592.95,102507.79,110214.87,117505.375,120256.93,126302.02,129295.0,132175.0,135171.86,300.0,384.0,32.477184,0.4458973541007876,-0.8962285103138634,0.44359267047663586,0.0,0.0,0.0
1647719126,51.0,0.3,0.30014,137093.98,102507.79,110214.87,117505.375,120256.93,127508.95,129710.77,132453.84,136507.0,300.0,255.99997,33.45203,0.4459159370286518,-0.8960348711894378,0.4439836816962168,0.0,0.0,0.0
1647719142,51.0,0.3,0.300392,136806.9,102507.79,110214.87,117505.375,120256.93,126408.95,130593.96,134694.0,135595.95,300.0,512.0,33.44384,0.4459654915029562,-0.8955176662839572,0.4450259648305197,0.0,0.0,0.0
1647719156,51.0,0.3,0.300038,143789.94,102507.79,110214.87,117505.375,120256.93,129390.15,133594.97,136693.78,140182.78,300.0,640.0,33.5872,0.44600885166797266,-0.8950641174199006,0.4459374683824343,0.0,0.0,0.0
1647719173,51.0,0.3,0.299996,140998.88,102507.79,110214.87,117505.375,120256.93,130807.96,133104.1,136288.88,138774.0,300.0,1024.0,33.161217,0.4460615032969211,-0.8945121322700859,0.44704367261110456,0.0,0.0,0.0
1647719248,51.0,0.3,0.299969,137104.06,102507.79,110214.87,117505.375,120256.93,129813.95,132288.97,135098.94,136701.95,300.0,128.0,33.161217,0.4462937898952233,-0.8920605945140399,0.4519158060029077,0.0,0.0,0.0
1647719259,51.0,0.3,0.300442,143086.0,102507.79,110214.87,117505.375,120256.93,128808.07,131586.05,135894.97,138195.94,300.0,768.0,33.28,0.4463278585963076,-0.8916988024411917,0.452629258582501,0.0,0.0,0.0
1647719272,51.0,0.3,0.300313,138470.06,102507.79,110214.87,117505.375,120256.93,130494.14,132797.14,136901.84,137668.94,300.0,896.0,33.61997,0.44636812160667994,-0.8912704943531872,0.4534720563556539,0.0,0.0,0.0
1647719336,1.0,0.3,0.300251,897.99805,501.00098,584.0,597.999,606.0,693.0,702.0,718.999,798.00195,400.0,384.0,31.87917,0.4465663395038978,-0.8891502939943066,0.4576152911451257,0.0,0.0,0.0
1647719340,1.0,0.3,0.300065,817.999,499.99902,575.0,593.0,600.999,687.001,703.001,783.00195,793.001,400.0,255.99997,30.248959,0.4465787281224739,-0.8890171414857366,0.45787391511695635,0.0,0.0,0.0
1647719349,1.0,0.3,0.300336,977.999,492.99902,508.99902,590.0,597.999,626.0,695.999,710.0,786.0,400.0,512.0,30.26944,0.44660660251427015,-0.8887172733171145,0.45845567736455534,0.0,0.0,0.0
1647719363,1.0,0.1,1.1320328,218.0,101.13,27725.451,20626.627,153.0,24867.383,51403.133,19105.512,16594.05,318.25464,65.0,67.31088,0.4466499626792865,-0.8882500550723011,0.4593602504179633,1.0,0.23333333333333334,27.1
1647719380,1.0,0.61595464,1.2390053,4202.217,101.13,17109.225,31099.873,11428.369,26736.393,50444.375,22569.164,20542.7,100.0,65.0,61.303528,0.44670261430823505,-0.8876814808855943,0.4604580203370969,1.0,0.5166666666666667,26.816666666666666
1647719452,1.0,0.18172592,0.5442015,218.0,101.13,18935.758,18741.137,12978.623,17653.8,42626.57,29557.484,15535.389,100.0,65.0,53.058525,0.44692560944260507,-0.8852583712271186,0.4650995766202214,1.0,1.7166666666666666,25.616666666666667
1647719467,1.0,0.1,0.74662983,4163.7783,101.13,26436.098,21278.207,5684.9297,21483.027,42463.375,25005.375,13570.587,100.0,65.0,70.43082,0.44697206676226553,-0.884750499702994,0.46606496679680015,1.0,1.9666666666666666,25.366666666666667
1647719489,1.0,0.40942007,0.600317,218.0,101.13,14456.256,18939.389,13012.339,21668.527,62899.117,27930.293,17909.574,100.0,65.0,73.23541,0.44704020416443413,-0.88400371728505,0.467479868899414,1.0,2.3333333333333335,25.0
1647720143,1.0,0.16275644,1.1893681,9791.826,101.13,13852.328,25480.012,19173.662,882.02344,21908.328,21109.43,9088.27,100.0,217.34262,71.88822,0.4490657433016288,-0.8607790432642863,0.5089788194778049,1.0,13.233333333333333,14.1
1647720147,1.0,0.1,1.4471657,13681.669,5092.4253,12277.457,18879.254,14377.655,10145.455,14332.979,20303.668,21232.395,100.0,522.97455,69.41382,0.4490781319202049,-0.8606309509115094,0.5092291884143634,1.0,13.3,14.033333333333333
1647720149,1.0,0.1,1.2494748,18679.898,101.13,9034.628,22390.883,19674.535,165.0,20245.121,28725.91,31307.674,100.0,178.5325,57.302826,0.44908432622949296,-0.8605568774256738,0.5093543567256237,1.0,13.333333333333334,14.0
1647720160,1.0,0.1,0.7132093,10940.215,1600.145,16689.328,22077.723,15267.044,1486.833,14872.707,33870.95,18988.96,100.0,65.0,49.952644,0.44911839493057726,-0.8601491478953655,0.5100425897656752,1.0,13.516666666666667,13.816666666666666
1647720180,1.0,0.2981215,1.3579768,18806.902,1169.4609,15765.897,23403.982,17860.812,165.0,18278.525,26399.062,21221.53,100.0,65.0,57.83165,0.44918033802345786,-0.859406411501453,0.5112930860770515,1.0,13.85,13.483333333333333
1647720275,1.0,0.1302638,1.3657684,29971.207,2750.5317,18724.834,25347.26,11143.842,458.71973,8658.651,34360.508,12163.78,100.0,65.0,59.50644,0.44947456771464056,-0.8558536136777174,0.5172181280222035,1.0,15.433333333333334,11.9
1647720291,1.0,0.17826062,1.4160283,21411.066,3695.232,21482.203,18446.488,17059.266,165.0,14506.84,21690.77,12728.347,116.91608,190.53656,56.94867,0.449524122188945,-0.855251223843645,0.518213608576567,1.0,15.7,11.633333333333333
1647720315,1.0,0.3554234,1.1252886,17200.455,3351.1382,15205.842,31010.137,19358.984,165.0,17428.742,21765.525,22395.344,100.0,200.10779,59.260773,0.4495984539004017,-0.8543454683112273,0.519705513513249,1.0,16.1,11.233333333333333
1647720962,1.0,0.1,0.7746192,27239.506,5865.99,13716.604,40101.125,27728.744,165.0,175.0,31447.443,25111.639,447.32413,396.235,63.279648,0.4516023129550882,-0.8289562324756086,0.5593134761829405,1.0,26.883333333333333,0.45
1647720982,1.0,0.88429296,1.369418,30778.691,4865.992,14431.723,39745.85,15474.107,165.0,678.7881,20905.484,13896.782,560.29974,491.01077,63.24998,0.4516642560479687,-0.8281418675002361,0.5605185521400887,1.0,27.216666666666665,0.11666666666666667
1647720984,1.0,0.9668852,1.9239987,37521.047,2504.3027,28936.09,24020.82,14788.982,165.0,175.0,29406.432,11620.937,993.9094,696.9272,56.71099,0.4516704503572568,-0.8280603346224944,0.5606389945632418,1.0,27.25,0.08333333333333333
1647720989,21.0,0.3,0.300004,55504.004,42302.004,44394.004,46302.004,47102.004,49701.0,51596.004,53996.0,54805.992,400.0,640.0,31.756289,0.4516859361304769,-0.82785642579601,0.5609400487291448,0.0,0.0,0.0
1647721003,21.0,0.3,0.299994,57106.0,41835.0,43698.008,45399.992,46704.0,49797.996,51703.004,54206.004,55393.0,400.0,1024.0,31.526913,0.45172929629549335,-0.8272848988785263,0.5617826057182143,0.0,0.0,0.0
1647721128,21.0,0.3,0.299973,58489.0,43698.0,46205.996,47692.004,48600.004,51106.0,53002.0,55102.0,56698.996,400.0,128.0,31.830015,0.4521164406259969,-0.8221440410307378,0.5692795234308438,0.0,0.0,0.0
1647721146,21.0,0.3,0.299969,61004.996,43501.01,46091.004,48209.004,49002.996,51791.004,53500.996,55296.0,56396.99,400.0,768.0,31.944702,0.4521721894095894,-0.8213981517292407,0.5703552194341587,0.0,0.0,0.0
1647721181,21.0,0.3,0.299946,59197.004,44206.016,46700.992,48702.992,49596.99,51901.996,53494.004,55798.996,56502.0,400.0,896.0,32.116737,0.45228058982213043,-0.8199437835509464,0.5724440512540582,0.0,0.0,0.0
1647721832,31.0,0.3,0.300031,88086.02,65696.0,68505.0,70696.0,71902.016,74905.984,77909.016,81499.984,84809.016,400.0,255.99997,32.44032,0.45429683749539296,-0.7919345412270308,0.610605996049443,0.0,0.0,0.0
1647721862,31.0,0.3,0.299998,85061.984,66111.0,69107.96,71206.016,73101.02,75567.01,78463.99,80503.016,82102.016,400.0,640.0,32.40755,0.45438975213471383,-0.7906005219870866,0.6123322746954843,0.0,0.0,0.0
1647721866,31.0,0.3,0.300023,83700.99,66499.99,69999.016,71897.01,73005.0,75737.984,78391.99,80436.99,81628.016,400.0,512.0,32.46899,0.45440214075328994,-0.7904223683023982,0.6125622251553128,0.0,0.0,0.0
1647721869,31.0,0.3,0.29999,86048.0,66899.016,70198.0,71793.0,73192.016,76490.0,79497.984,83310.016,85104.01,400.0,384.0,32.05939,0.454411432217222,-0.7902887091465209,0.6127346539861489,0.0,0.0,0.0
1647721883,31.0,0.3,0.299971,86905.0,66703.99,70409.98,71898.016,72698.0,75993.03,78503.97,81699.0,83505.01,400.0,1024.0,31.81773,0.45445479238223846,-0.7896644691686715,0.6135389361177987,0.0,0.0,0.0
1647722024,31.0,0.3,0.299991,87699.0,68198.0,71302.99,73170.99,74163.0,78292.05,80596.0,82459.01,83604.01,400.0,128.0,32.866302,0.45489149118704647,-0.7833319555900521,0.621603609506464,0.0,0.0,0.0
1647722055,31.0,0.3,0.300021,87799.01,69787.01,72804.0,75076.02,76699.016,79308.99,81201.01,83395.02,85308.0,400.0,768.0,31.977472,0.45498750298101137,-0.7819286332415923,0.6233679591677257,0.0,0.0,0.0
1647722088,31.0,0.3,0.299941,87190.01,69194.04,72103.99,74196.97,75489.0,78705.01,80792.99,82995.0,84087.99,400.0,896.0,32.641026,0.45508970908426427,-0.78043040733833,0.6252426563357049,0.0,0.0,0.0
1647722740,41.0,0.3,0.300011,113394.0,92400.02,95295.945,97899.99,99002.95,102302.97,105193.97,108005.945,110506.06,400.0,255.99997,32.845825,0.4571090539121709,-0.749918670073619,0.6615300358071541,0.0,0.0,0.0
1647722770,41.0,0.3,0.300139,109600.99,92360.984,95397.99,97505.99,98800.97,102152.016,104894.03,107001.96,108095.99,400.0,640.0,33.660927,0.45720196855149176,-0.7484736518918557,0.6631645289245115,0.0,0.0,0.0
1647722781,41.0,0.3,0.30009,114683.945,91490.89,95456.93,97593.945,99198.99,103599.01,106004.016,108411.0,110602.97,400.0,384.0,32.92365,0.45723603725257606,-0.7479429189311212,0.6637630526180214,0.0,0.0,0.0
1647722784,1.0,0.1,1.7332988,7951.965,101.13,24576.184,28399.158,153.0,16085.715,65122.44,17322.824,13735.322,100.0,65.0,53.806496,0.45724532871650814,-0.7477980904985319,0.6639262126522416,1.0,0.05,20.083333333333332
1647722799,1.0,0.1,1.6349388,9733.9795,101.13,14936.277,27266.842,5502.939,19260.414,56711.637,14943.177,29211.506,100.0,65.0,73.23541,0.45729178603616855,-0.7470734145852527,0.6647415386598999,1.0,0.3,19.833333333333332
1647722944,1.0,0.1,0.96834755,15114.85,101.13,20764.125,28074.928,16000.33,12785.862,49296.445,20007.164,18580.818,100.0,65.0,60.985004,0.4577408734595527,-0.7400225125962797,0.67258209971028,1.0,2.716666666666667,17.416666666666668
1647722978,1.0,0.53360426,1.0058001,218.0,101.13,28670.762,24867.12,7342.249,15636.196,43243.785,19715.041,26737.277,100.0,65.0,53.947838,0.4578461767174497,-0.7383572595087806,0.6744097844268596,1.0,3.283333333333333,16.85
1647723010,1.0,0.1,1.3006046,7614.3203,101.13,20244.145,27611.602,11877.242,9182.835,45611.348,25213.492,17474.729,100.0,65.0,64.27124,0.4579452856660586,-0.7367858388357789,0.6761261921350612,1.0,3.816666666666667,16.316666666666666
1647723665,1.0,0.1,1.5460999,21495.541,101.13,7401.33,25761.621,35850.793,165.0,8784.362,34931.63,27885.371,100.0,295.84802,68.31604,0.45997392195789727,-0.703756447232244,0.7104413156475697,1.0,14.733333333333333,5.4
1647723687,1.0,0.1,1.6768934,36462.414,999.7197,12509.172,26240.625,22649.998,165.0,2886.1172,37474.34,22764.104,100.0,303.13373,71.91716,0.4600420593600659,-0.7026189225292043,0.7115663354205987,1.0,15.1,5.033333333333333
1647723705,1.0,0.91050094,1.9239987,20981.684,6145.6523,14041.134,31462.947,16796.129,165.0,4653.3896,37014.92,24567.945,100.0,308.41895,54.304672,0.4600978081436584,-0.7016868826810594,0.712485451552056,1.0,15.4,4.733333333333333
1647723715,1.0,0.23969448,1.6358744,16718.424,9180.759,19582.066,30285.11,25742.02,165.0,3992.1655,24867.621,21818.754,100.0,391.62708,47.9549,0.4601287796900987,-0.7011685631415365,0.7129955442091017,1.0,15.566666666666666,4.566666666666666
1647723729,1.0,0.3569882,1.685591,23376.27,7355.578,24637.635,25018.83,21963.867,165.0,5280.083,14341.136,14458.744,100.0,286.31076,42.87899,0.4601721398551151,-0.7004422928822086,0.7137090403952541,1.0,15.8,4.333333333333333
1647723914,1.0,0.1,1.2273381,34918.86,401.33594,15078.223,31009.195,19728.55,165.0,352.417,31293.078,17247.807,371.21106,420.22455,51.847797,0.4607451134642604,-0.6907772524607713,0.7230676230358734,1.0,18.883333333333333,1.25
1647723937,1.0,0.26993018,1.2585686,27257.105,4669.2515,19956.896,36411.5,13942.687,165.0,175.0,25902.023,18541.334,420.32788,576.947,59.75244,0.460816348021073,-0.6895668786483062,0.7242220100709672,1.0,19.266666666666666,0.8666666666666667
1647723953,1.0,0.13039225,1.6608095,21826.807,5905.882,11142.807,31279.379,16993.328,165.0,2045.8105,37741.195,20813.574,338.9685,430.97635,56.958824,0.4608659024953775,-0.6887237414789056,0.7250238671404533,1.0,19.533333333333335,0.6
1647723955,1.0,0.662961,1.8322179,29263.418,4774.686,17542.447,28626.76,14605.749,165.0,175.0,28444.045,22389.04,282.11212,539.7304,54.72038,0.46087209680466557,-0.6886182837476746,0.7251240302792392,1.0,19.566666666666666,0.5666666666666667
1647723969,1.0,0.1,1.6059369,24458.203,6584.509,16851.305,30716.352,16488.766,165.0,175.0,28046.867,21658.883,482.7153,421.81342,61.171486,0.46091545696968195,-0.6878796718773927,0.7258247426327175,1.0,19.8,0.3333333333333333
1647723979,1.0,1.1002971,1.7166523,17059.035,9463.969,17167.76,17317.045,17005.086,165.0,175.0,34389.22,18627.303,1000.0,917.47437,63.55485,0.4609464285161222,-0.6873516553834761,0.7263247908763649,1.0,19.966666666666665,0.16666666666666666
1647723989,51.0,0.3,0.300214,152491.98,102507.79,110214.87,117505.375,120256.93,130807.96,138638.56,145194.89,149511.05,400.0,896.0,34.697216,0.46097740006256255,-0.6868232753838674,0.7268244550033909,0.0,0.0,0.0
1647723992,1.0,0.3,0.299963,800.999,498.0,510.99805,590.999,601.999,688.999,698.99805,707.001,718.999,500.0,1024.0,33.140736,0.46098669152649463,-0.6866646905421451,0.7269742792992474,0.0,0.0,0.0
1647724188,1.0,0.3,0.300103,806.999,506.99902,590.999,602.0,608.0,694.99805,703.001,778.0,796.9971,500.0,128.0,33.82067,0.4615937338367242,-0.6762333461397156,0.7366874924747152,0.0,0.0,0.0
1647724219,1.0,0.3,0.30003,799.0,497.00098,515.0,593.99805,599.0,688.999,703.001,718.001,782.0,500.0,768.0,31.49824,0.4616897456306891,-0.6745708529412495,0.7382101085477732,0.0,0.0,0.0
1647724266,1.0,0.3,0.300086,892.0,508.00098,590.999,604.999,614.0,697.999,708.0,787.00195,794.99805,500.0,896.0,34.435074,0.46183531189895843,-0.6720437623526523,0.7405114323782529,0.0,0.0,0.0
1647724989,10.999998,0.3,0.300035,33304.0,22403.0,23408.0,24492.0,25104.0,27097.0,28596.004,30289.996,30809.002,500.0,255.99997,32.89088,0.46407455470659104,-0.6321983542829286,0.7748065828592041,0.0,0.0,0.0
1647725010,10.999998,0.3,0.299985,33192.008,22403.996,23799.002,24695.0,25402.0,27794.002,28797.002,30001.998,30901.0,500.0,640.0,32.530434,0.46413959495411566,-0.6310143615084456,0.7757711489673284,0.0,0.0,0.0
1647725032,10.999998,0.3,0.300014,33694.0,22508.0,23801.002,24795.998,25396.004,27700.002,29194.998,30692.002,31603.002,500.0,384.0,32.4608,0.46420773235628426,-0.6297724097164503,0.7767797061972818,0.0,0.0,0.0
1647725035,10.999998,0.3,0.300019,33706.0,22394.004,23502.0,24308.0,24894.998,27202.002,28794.0,30007.996,31694.0,500.0,512.0,32.14541,0.46421702382021635,-0.6296029276873745,0.7769170827363026,0.0,0.0,0.0
1647725043,10.999998,0.3,0.300003,33114.0,22393.0,23402.0,24400.0,25211.004,27292.0,28591.998,30897.002,32201.0,500.0,1024.0,31.76448,0.4642418010573686,-0.6291508291270176,0.7772832393721006,0.0,0.0,0.0
1647725263,10.999998,0.3,0.300009,31090.002,23194.0,24211.0,24996.0,25489.004,26501.998,27584.0,29092.0,29806.002,500.0,128.0,32.4608,0.4649231750790549,-0.6166352025018097,0.7872490247917441,0.0,0.0,0.0
1647725303,10.999998,0.3,0.299981,31797.0,23502.998,24603.0,25098.998,25603.002,26892.996,27997.998,29189.996,30101.002,500.0,768.0,32.436226,0.465047061264816,-0.6143425822885512,0.7890394106678288,0.0,0.0,0.0
1647725346,10.999998,0.3,0.30001,31700.0,23399.0,24404.0,25105.0,25601.0,26993.002,27894.0,28799.0,29706.0,500.0,896.0,32.641026,0.4651802389145092,-0.6118722183560574,0.790956628649155,0.0,0.0,0.0
1647726026,21.0,0.3,0.300061,56397.008,43001.008,44696.004,45498.0,46104.0,48093.004,49589.0,51594.004,52400.0,500.0,255.99997,33.009663,0.46728630407244864,-0.5720265811393507,0.8202350824428482,0.0,0.0,0.0
1647726049,21.0,0.3,0.299991,54005.0,43205.01,44593.004,45689.992,46190.0,48495.996,49998.996,51697.004,52199.016,500.0,640.0,32.29696,0.46735753862926127,-0.570653850519753,0.821190710424186,0.0,0.0,0.0
1647726070,21.0,0.3,0.300027,55389.996,42797.992,44603.0,45790.004,46603.008,48697.0,50792.0,52595.996,53593.008,500.0,384.0,33.132545,0.4674225788767859,-0.5693990934128368,0.8220612339848168,0.0,0.0,0.0
1647726072,25.499933,0.19997388,1.572567,218.0,101.13,17848.855,19654.598,153.0,21972.137,34721.516,16564.375,5362.5366,100.0,65.0,56.754303,0.46742877318607395,-0.5692795234308449,0.822144041030737,1.0,0.03333333333333333,35.78333333333333
1647726082,1.0,0.1358949,0.92546463,218.0,101.13,17496.926,27534.867,153.0,21929.207,60257.582,26160.848,23270.43,100.0,65.0,70.029915,0.4674597447325142,-0.5686814929334982,0.8225578153509501,1.0,0.2,35.61666666666667
1647726327,1.0,0.5853658,1.253182,218.0,101.13,12998.74,22834.719,2873.3555,19330.887,35514.37,29630.953,11507.397,289.7746,65.0,65.93859,0.46821854762030124,-0.553936576354001,0.8325588684154461,1.0,4.283333333333333,31.533333333333335
1647726364,1.0,0.1,1.1423529,218.0,101.13,17471.541,22085.594,2598.4644,18849.473,41879.617,24046.445,16043.006,100.0,65.0,54.387115,0.4683331423421303,-0.5516943944111299,0.8340463387458377,1.0,4.9,30.916666666666668
1647726409,1.0,0.67268187,1.2963275,218.0,101.13,11898.41,23472.05,4033.1636,20811.773,37034.383,37481.656,5099.057,100.0,65.0,59.26149,0.4684725143011116,-0.5489620349198981,0.8358472852241637,1.0,5.65,30.166666666666668
1647727049,1.0,0.1,0.67494893,13680.581,1025.1885,18672.871,19110.016,27499.201,165.0,21493.912,32230.852,12146.234,100.0,124.27945,69.63978,0.4704546932732898,-0.5094795142620102,0.8604827857356278,1.0,16.316666666666666,19.5
1647727084,1.0,0.60950786,1.1637392,9710.82,101.13,12033.382,22323.328,15895.378,165.0,20451.72,27454.762,18394.66,100.09979,447.05438,73.23541,0.4705630936858308,-0.5072877037283039,0.8617767609108896,1.0,16.9,18.916666666666668
1647727099,1.0,0.17038226,0.56601083,218.0,3688.039,15104.973,15053.434,15208.773,4673.2446,12936.056,15950.94,19098.754,235.7089,260.6997,62.949905,0.47060955100549123,-0.5063473494825106,0.86232961312484,1.0,17.15,18.666666666666668
1647727115,1.0,0.6119936,0.9847369,12003.667,101.13,13535.378,27481.783,27766.37,1112.625,19950.363,23422.27,11747.215,255.24448,171.18631,59.661926,0.4706591054797957,-0.5053436408826907,0.8629181911510652,1.0,17.416666666666668,18.4
1647727117,1.0,0.1320948,1.497995,12505.695,4863.2515,17372.674,20433.668,21668.715,165.0,24497.594,32035.908,28120.488,100.0,65.0,58.06318,0.4706652997890838,-0.5052181291746923,0.8629916812769541,1.0,17.45,18.366666666666667
1647727393,1.0,0.3086849,1.5905561,18858.08,6052.7744,14252.727,30146.82,18954.516,165.0,15453.057,21329.102,7074.1924,100.0,392.55927,48.461082,0.47152011447083564,-0.48779617716392615,0.8729575531171373,1.0,22.05,13.766666666666667
1647727435,1.0,0.45017093,0.7042312,18491.148,101.13,15259.834,17913.49,18072.186,165.0,12745.577,21120.666,10114.807,100.0,143.81146,52.055878,0.47165019496588484,-0.48512760889024525,0.874443367573014,1.0,22.75,13.066666666666666
1647727481,1.0,0.37638754,1.5417764,29589.447,8517.46,25632.684,27760.918,18693.305,165.0,9238.715,18606.543,20229.557,100.0,260.2417,48.108864,0.47179266407951015,-0.4821996994032071,0.8760613277022657,1.0,23.516666666666666,12.3
1647728153,1.0,0.1,1.0988868,34373.37,6584.2104,19162.428,31447.994,17209.111,165.0,175.0,19393.48,18920.305,506.6538,357.17487,61.79132,0.4738739520002973,-0.43882862500302244,0.8985707751078691,1.0,34.71666666666667,1.1
1647728195,1.0,0.29395223,1.4171971,25876.973,11894.484,13228.457,32726.686,16145.791,165.0,175.0,33901.758,20521.275,721.7269,312.9745,57.91614,0.4740040324953465,-0.4360820541229427,0.8999069074476064,1.0,35.416666666666664,0.4
1647728218,1.0,0.84529316,1.405063,23745.691,10125.412,19958.889,25074.758,13829.744,165.0,175.0,28750.193,14301.0625,947.13824,664.22205,73.23541,0.4740752670521592,-0.4345762540575234,0.900635042294786,1.0,35.8,0.016666666666666666
1647728219,41.0,0.3,0.300186,110195.03,89694.05,92393.94,94402.98,95197.0,99095.945,101503.95,104286.96,106407.02,500.0,512.0,33.64045,0.4740783642068032,-0.4345107568799246,0.9006666431902733,0.0,0.0,0.0
1647728231,41.0,0.3,0.30005,111704.01,90099.02,93193.96,95895.984,97210.97,101314.01,103690.96,105898.914,110088.98,500.0,1024.0,33.78381,0.47411553006253154,-0.43372461161093495,0.901045482360876,0.0,0.0,0.0
1647728527,41.0,0.3,0.300008,113091.01,92102.02,95798.02,98001.016,99006.98,102400.0,105778.97,108493.016,109607.97,500.0,128.0,34.11968,0.475032287837164,-0.41422996918813,0.9101722543707872,0.0,0.0,0.0
1647728559,41.0,0.3,0.299986,111197.01,91595.0,94605.92,96301.98,97466.98,101394.93,103298.98,105691.984,106707.0,500.0,768.0,33.00557,0.47513139678577293,-0.41211078247233546,0.911133745928686,0.0,0.0,0.0
1647728609,41.0,0.3,0.299962,111099.984,90826.96,95100.0,97896.04,99390.95,102101.945,104899.02,107396.945,109003.99,500.0,896.0,33.869823,0.47528625451797435,-0.4087950896772777,0.9126261965644787,0.0,0.0,0.0
1647729312,51.0,0.3,0.300064,141192.06,102507.79,110214.87,117505.375,120256.93,127899.016,130404.06,133804.1,135790.12,500.0,255.99997,35.18464,0.4774635542327264,-0.3616245700820926,0.9323238012155121,0.0,0.0,0.0
1647729367,51.0,0.3,0.300029,147501.97,102507.79,110214.87,117505.375,120256.93,128098.05,131101.98,134401.05,138010.94,500.0,640.0,34.381824,0.47763389773814796,-0.3578926599414049,0.9337627342960662,0.0,0.0,0.0
1647729387,51.0,0.3,0.3004,146198.1,102507.79,110214.87,117505.375,120256.93,125790.95,129701.01,133196.0,137193.98,500.0,1024.0,34.930687,0.4776958408310285,-0.3565341790319603,0.9342822802461824,0.0,0.0,0.0
1647729391,51.0,0.3,0.300105,143801.95,102507.79,110214.87,117505.375,120256.93,127711.086,130408.84,133403.97,136604.97,500.0,384.0,34.725887,0.47770822944960467,-0.3562623922526645,0.9343859523057957,0.0,0.0,0.0
1647729392,51.0,0.3,0.300126,141795.06,102507.79,110214.87,117505.375,120256.93,129115.92,133006.88,134794.98,136000.86,500.0,512.0,34.553856,0.4777113266042487,-0.3561944408467114,0.9344118579672984,0.0,0.0,0.0
1647729675,1.0,0.3,0.300012,894.999,599.0,614.0,686.0,691.999,703.0,779.001,794.99805,799.00195,600.0,255.99997,33.394684,0.47858782136850875,-0.33688985339222,0.9415440651830208,0.0,0.0,0.0
1647729723,1.0,0.3,0.299987,879.999,595.0,607.0,617.999,681.0,698.99805,708.0,791.0,794.99805,600.0,640.0,32.48947,0.4787364847914221,-0.3336011988203198,0.9427142940178883,0.0,0.0,0.0
1647729739,1.0,0.3,0.300213,901.9971,591.0,604.001,614.999,684.0,696.999,706.001,789.001,799.00195,600.0,1024.0,34.13197,0.4787860392657266,-0.33250407535491194,0.9431018184015844,0.0,0.0,0.0
1647729743,1.0,0.3,0.299948,893.999,591.999,605.0,614.001,678.999,696.999,707.0,790.0,796.9971,600.0,512.0,31.698942,0.4787984278843027,-0.3322297240926621,0.9431985000143467,0.0,0.0,0.0
1647729748,1.0,0.3,0.299977,897.99805,593.999,607.0,618.999,685.0,698.99805,710.001,786.0,802.001,600.0,384.0,31.866879,0.47881391365752285,-0.33188674548516456,0.9433192397970401,0.0,0.0,0.0
1647729789,51.0,0.3,0.30161,160999.81,102507.79,110214.87,117505.375,120256.93,130807.96,138638.56,151036.95,156391.86,500.0,128.0,34.59072,0.478940896997928,-0.3290726698734863,0.9443046001912389,0.0,0.0,0.0
1647729829,11.708694,0.1,0.8511008,218.0,101.13,9984.785,16773.385,5049.457,27834.064,44862.55,17434.498,17144.547,184.59091,65.0,60.34149,0.47906478318368917,-0.3263244107726124,0.9452578372771671,1.0,0.6666666666666666,39.56666666666667
1647729872,1.0,0.1,0.8665761,218.0,101.13,19142.447,26419.441,6540.411,27488.617,43244.742,33544.01,17059.559,154.80127,65.0,68.584114,0.4791979608333824,-0.32336695326149134,0.9462736462241673,1.0,1.3833333333333333,38.85
1647730128,1.0,0.16803885,1.1564047,218.0,101.13,16941.969,21766.783,2714.3872,18885.781,24924.277,15231.273,12612.778,222.13327,65.0,61.342926,0.47999083242225365,-0.30569530496310526,0.9521293927421388,1.0,5.65,34.583333333333336
1647730162,1.0,0.13750601,1.4338113,218.0,101.13,12915.537,13751.5625,10279.931,22834.018,38182.332,25812.773,13169.007,100.0,65.0,63.602962,0.48009613568015064,-0.3033401856132962,0.9528823284079158,1.0,6.216666666666667,34.016666666666666
1647730208,1.0,0.23198366,0.867841,218.0,808.5508,18144.586,23518.75,15759.115,14200.355,38493.535,38999.016,20638.102,100.0,65.0,52.82132,0.48023860479377595,-0.3001508986158053,0.9538917328817378,1.0,6.983333333333333,33.25
1647730932,1.0,0.16411817,1.8834239,9469.838,1042.4248,17175.367,23467.793,28240.24,1624.7695,19070.758,27667.338,198.0,100.0,422.24515,59.556057,0.48248094475605263,-0.24953504062554288,0.9683657694796985,1.0,19.05,21.183333333333334
1647730979,1.0,0.1,0.9531903,9981.905,10484.24,13771.14,18249.223,13167.326,1363.7324,14057.564,20160.312,16880.578,100.0,234.6026,73.23541,0.48262651102432197,-0.2462237768388177,0.9692130063712662,1.0,19.833333333333332,20.4
1647730981,1.0,0.1,1.7299582,12482.721,7197.4727,19407.24,18673.104,20414.762,165.0,15589.748,29232.814,14860.959,334.42404,360.46185,52.232666,0.48263270533361,-0.24608280791738807,0.9692488079164678,1.0,19.866666666666667,20.366666666666667
1647730995,1.0,0.33389127,0.35323012,15403.977,5382.4355,19561.445,18536.234,21362.227,3770.808,22872.172,26101.59,19830.77,225.4739,304.93866,73.23541,0.4826760654986264,-0.2450958798766752,0.9694988445931632,1.0,20.1,20.133333333333333
1647731002,1.0,0.31793988,0.53727096,11905.749,6743.457,10199.123,26672.371,20573.018,253.19727,13296.706,21212.55,12142.007,381.75272,159.31677,57.717823,0.4826977455811346,-0.24460232052250222,0.9696234860991183,1.0,20.216666666666665,20.016666666666666
1647731371,1.0,0.28993624,1.3979661,13069.695,5592.7827,17837.047,21264.262,19878.018,1523.2188,3695.1597,24764.82,9329.951,179.21759,497.39246,55.16725,0.48384059564478116,-0.2184980803164592,0.9758373783054337,1.0,26.366666666666667,13.866666666666667
1647731414,1.0,0.9581357,0.71824396,28028.484,4574.4404,18649.223,23131.71,18324.969,165.0,11678.166,23014.754,5045.519,154.04782,443.61188,41.03834,0.4839737732944744,-0.21544552644685272,0.9765158601548868,1.0,27.083333333333332,13.15
1647731458,1.0,0.1,0.60383403,20902.379,14123.156,8085.696,24684.617,22573.207,165.0,8965.357,27225.883,15619.624,100.0,385.98837,49.326782,0.48411004809881164,-0.2123198024147499,0.977200236135134,1.0,27.816666666666666,12.416666666666666
1647732148,1.0,0.1,0.99536026,16249.235,9591.437,19636.521,36004.29,24623.047,165.0,175.0,38186.2,10833.189,651.93097,439.77264,61.417084,0.4862470848031913,-0.1630389731268696,0.9866196294630144,1.0,39.31666666666667,0.9166666666666666
1647732173,1.0,0.1,1.6300286,28515.477,8295.023,15360.113,27723.102,16086.842,165.0,175.0,20922.54,13180.327,593.09753,464.41913,65.47441,0.486324513669292,-0.16124497956380632,0.9869144119757638,1.0,39.733333333333334,0.5
1647732187,1.0,0.9038441,1.9239987,24622.133,15170.477,22317.668,27704.605,6247.382,165.0,175.0,34502.203,19817.516,1000.0,510.96622,60.046005,0.4863678738343084,-0.1602401099896064,0.9870780653780727,1.0,39.96666666666667,0.26666666666666666
1647732203,21.0,0.3,0.30001,51997.01,41607.0,43003.996,43894.004,44501.008,46168.0,47507.01,49057.0,49889.996,600.0,512.0,33.325054,0.4864174283086129,-0.15909148429681613,0.9872638449898973,0.0,0.0,0.0
1647732222,21.0,0.3,0.300051,51820.004,42391.0,43911.0,44993.004,45714.008,47408.01,48400.0,49692.008,50698.008,600.0,384.0,33.34144,0.4864762742468494,-0.15772721166243614,0.9874827222292009,0.0,0.0,0.0
1647732609,21.0,0.3,0.299989,54889.008,42998.008,44509.008,45310.0,46097.01,48000.992,49493.996,51200.0,52303.0,600.0,128.0,33.43565,0.48767487309408847,-0.12987726516538217,0.9915300782090077,0.0,0.0,0.0
1647732651,21.0,0.3,0.300001,55197.996,42897.004,44502.008,45687.0,46497.004,47902.004,49596.004,52402.0,52900.992,600.0,768.0,33.243137,0.48780495358913767,-0.12684820778095993,0.9919221401817576,0.0,0.0,0.0
1647732700,21.0,0.3,0.299967,56811.004,42899.004,44602.008,45491.0,46000.992,48088.992,49406.0,51701.0,52601.004,600.0,896.0,33.64864,0.48795671416669506,-0.12331281385542206,0.9923678501135846,0.0,0.0,0.0
1647733390,31.0,0.3,0.299994,81516.01,62992.004,65698.0,67203.0,68294.01,70923.99,73403.984,76905.01,78309.01,600.0,255.99997,33.939457,0.49009375087107476,-0.0733832498633584,0.9973038146119225,0.0,0.0,0.0
1647733432,31.0,0.3,0.300018,85706.984,63905.008,66505.0,67895.016,68805.99,71504.99,74602.0,78538.01,80289.0,600.0,1024.0,33.4848,0.49022383136612396,-0.07033682114558602,0.9975232987710783,0.0,0.0,0.0
1647733458,31.0,0.3,0.300006,84412.016,64684.008,67100.016,68600.016,69601.99,72708.984,75497.016,78409.01,80194.0,600.0,640.0,33.284096,0.49030435738686867,-0.06845060606588599,0.9976545065949499,0.0,0.0,0.0
1647733466,31.0,0.3,0.299998,82607.02,64096.008,66697.0,68608.016,69699.0,72500.016,74587.0,77400.0,79788.99,600.0,512.0,33.35373,0.4903291346240209,-0.06787018265002084,0.9976941607061017,0.0,0.0,0.0
1647733475,31.0,0.3,0.300027,82804.016,63484.99,66191.0,67892.0,69099.01,71806.0,74492.98,76795.016,80394.0,600.0,384.0,34.04595,0.4903570090158172,-0.06721717885871605,0.9977383679433579,0.0,0.0,0.0
1647733937,31.0,0.3,0.300014,85095.0,68097.016,71096.016,72897.01,74098.0,76905.99,78999.984,81902.99,83689.03,600.0,128.0,33.492992,0.49178789446135834,-0.03366394856588693,0.9994332086572636,0.0,0.0,0.0
1647733986,31.0,0.3,0.300029,86193.0,68003.02,71393.0,73197.984,74105.984,77003.99,78604.04,81710.0,82906.01,600.0,768.0,34.13197,0.49193965503891574,-0.030102381513001562,0.9995468206278512,0.0,0.0,0.0
1647734040,31.0,0.3,0.299981,84901.0,68700.016,71793.0,73601.99,74599.016,77783.016,79308.04,81101.01,82303.02,600.0,896.0,33.93536,0.49210690138969326,-0.026176948307873545,0.9996573249755573,0.0,0.0,0.0
1647734750,41.0,0.3,0.300023,112695.02,92108.016,94994.06,97289.95,98396.016,101901.99,104991.01,106709.984,108296.01,600.0,255.99997,35.00851,0.49430588118695357,0.025449970128760147,0.9996760970536633,0.0,0.0,0.0
1647734791,41.0,0.3,0.300045,110026.016,92589.96,95305.94,97092.95,98000.99,101205.94,104034.0,105805.055,107526.97,600.0,1024.0,34.76685,0.49443286452735874,0.028430490976360447,0.9995957718912396,0.0,0.0,0.0
1647734830,41.0,0.3,0.300207,112276.984,92396.94,95388.0,97196.93,98393.016,101401.99,103803.99,107601.99,109489.94,600.0,512.0,33.800194,0.4945536535584758,0.031265386409962216,0.9995111183036614,0.0,0.0,0.0
1647734851,2.0209465,0.15283728,0.6239988,218.0,101.13,22165.098,21623.318,153.0,20363.55,49942.105,22316.143,20822.453,196.62949,65.0,52.078148,0.49461869380600043,0.03279176585106365,0.9994622054346872,1.0,0.35,33.266666666666666
1647734858,1.0,0.1,0.6986939,218.0,101.13,21042.506,20562.973,5562.15,22652.848,58365.46,22016.703,21177.148,100.0,65.0,63.64914,0.4946403738885086,0.0333005421788146,0.9994453831453708,1.0,0.4666666666666667,33.15
1647735341,1.0,0.16592586,1.5958185,218.0,1181.3042,11961.786,18783.484,9007.746,14508.463,35262.523,18094.75,7544.1885,276.96045,65.0,73.23541,0.4961362995815744,0.06837805440187687,0.9976594818254443,1.0,8.516666666666667,25.1
1647735407,1.0,0.41869643,0.7058048,4156.8506,1185.685,18232.748,17442.3,17656.332,13274.613,39811.07,33560.664,21987.635,100.0,65.0,61.136692,0.4963407117880803,0.07316567017859657,0.9973198006192983,1.0,9.616666666666667,24.0
1647735462,1.0,0.1,0.6330861,6351.314,101.13,19217.258,21200.225,25873.21,10939.058,45097.062,33989.04,16765.117,100.0,65.0,66.08808,0.49651105529350187,0.07715406714346495,0.9970191823246038,1.0,10.533333333333333,23.083333333333332
1647736172,1.0,0.44715852,0.97198784,21340.16,5377.386,8926.824,28543.896,22727.62,165.0,3346.5566,22236.55,19818.31,100.0,65.0,52.770477,0.4987100350907621,0.128507125684539,0.9917085855473361,1.0,22.366666666666667,11.25
1647736217,1.0,0.23184693,0.74892604,18495.902,101.13,9879.173,17527.324,26061.293,165.0,3076.245,27212.773,14943.818,100.0,380.87775,62.11251,0.4988494070497434,0.13175179054511207,0.9912827375114311,1.0,23.116666666666667,10.5
1647736248,1.0,0.18981045,1.881848,18698.219,8877.942,11680.305,24511.371,18467.457,165.0,6115.267,33745.266,8780.006,162.43878,380.20148,56.86718,0.4989454188437083,0.13398618541829205,0.9909831997148363,1.0,23.633333333333333,9.983333333333333
1647736270,1.0,0.3697424,1.2829995,26180.066,2165.441,10573.983,28809.86,14514.219,165.0,5673.485,25739.21,10324.28,270.08276,94.195404,51.01918,0.4990135562458769,0.1355714725670726,0.990767569022117,1.0,24.0,9.616666666666667
1647736283,1.0,0.31605393,1.2178001,19332.627,4765.792,14082.801,24630.883,21973.848,165.0,11203.946,19878.203,21513.133,364.35608,173.00983,63.084663,0.4990538192562493,0.13650807030455656,0.9906389588249224,1.0,24.216666666666665,9.4
1647736545,1.0,0.13104314,0.9892061,20346.672,3663.2368,14359.478,26536.242,18044.969,165.0,817.1094,30716.828,17613.236,196.60028,493.15796,67.474884,0.4998652737729848,0.1553569713368671,0.9878583964602599,1.0,28.583333333333332,5.033333333333333
1647736599,1.0,0.1,1.2472343,26060.309,4728.1406,21514.363,27396.0,16944.791,165.0,175.0,34834.117,13759.824,351.3482,423.1897,67.27385,0.5000325201237623,0.15923507431927456,0.9872406956292549,1.0,29.483333333333334,4.133333333333334
1647736607,1.0,0.1,0.8267498,31017.482,3775.9395,12505.781,29656.406,19087.121,165.0,175.0,23800.324,12281.663,313.5769,378.64148,51.21963,0.5000572973609145,0.15980940069416855,0.9871478893508159,1.0,29.616666666666667,4.0
1647736622,1.0,0.19136745,1.4686121,27273.309,5525.882,17104.33,35715.914,17920.934,165.0,3191.167,23802.902,19672.697,501.08835,557.3564,57.02595,0.500103754680575,0.16088611670566103,0.9869729770623775,1.0,29.866666666666667,3.75
1647736641,1.0,0.4006098,1.227087,38414.86,101.13,17877.705,24855.121,17595.932,165.0,607.87695,20043.4,6285.9688,244.26366,245.88025,49.76679,0.5001626006188115,0.1622496820002796,0.9867497355919627,1.0,30.183333333333334,3.433333333333333
1647736795,1.0,0.14190233,1.5768656,29918.367,7581.179,22850.818,21165.969,15367.389,165.0,175.0,29326.527,19274.465,1000.0,697.7701,70.291794,0.5006395624339919,0.1732900799916557,0.9848708281680829,1.0,32.75,0.8666666666666667
1647736847,51.0,0.3,0.300279,149500.98,102507.79,110214.87,117505.375,120256.93,130807.96,138638.56,142703.94,146703.89,600.0,768.0,34.44736,0.5008006144754814,0.17701316712704562,0.9842084833324963,0.0,0.0,0.0
1647736917,51.0,0.3,0.30015,152893.86,102507.79,110214.87,117505.375,120256.93,130807.96,138638.56,141988.97,145196.94,600.0,896.0,35.2256,0.5010174153005633,0.18202100821292283,0.9832946417880812,0.0,0.0,0.0
1647737161,1.0,0.3,0.300913,893.0,498.0,521.0,593.99805,600.999,685.001,696.999,712.00195,779.99805,700.0,128.0,32.219135,0.5017731210337063,0.1994391960254446,0.979910203584351,0.0,0.0,0.0
1647737206,1.0,0.3,0.300008,896.99805,495.0,508.99902,585.001,592.999,628.001,695.999,708.00195,776.99805,700.0,768.0,32.845825,0.5019124929926876,0.20264487102750145,0.9792522944809715,0.0,0.0,0.0
1647737294,1.0,0.3,0.300021,808.999,506.99902,590.999,601.001,606.0,688.001,696.999,707.001,778.0,700.0,896.0,34.51699,0.5021850426013621,0.20890744350263263,0.9779354171156673,0.0,0.0,0.0
1647737969,10.999998,0.3,0.300012,29890.0,22052.0,22998.0,23499.0,23895.998,25193.0,26305.002,27699.0,28291.0,700.0,255.99997,34.103294,0.5042756219860813,0.2566408218981476,0.9665068486748779,0.0,0.0,0.0
1647738014,10.999998,0.3,0.300017,30295.998,21889.998,22706.0,23496.0,24009.998,25196.002,25906.0,27392.0,28101.0,700.0,1024.0,34.2016,0.5044149939450626,0.25980232831039207,0.9656618197922601,0.0,0.0,0.0
1647738032,10.999998,0.3,0.300021,29994.0,22008.002,22901.0,23499.0,24006.996,25202.0,26389.0,27602.0,28695.0,700.0,512.0,33.77152,0.5044707427286552,0.2610661537335159,0.9653209121192746,0.0,0.0,0.0
1647738041,10.999998,0.3,0.300048,28391.998,21992.0,22995.0,23594.0,23901.0,25291.0,26107.996,27097.0,27511.998,700.0,640.0,33.50528,0.5044986171204514,0.26169789883174177,0.9651498379770115,0.0,0.0,0.0
1647738061,10.999998,0.3,0.300035,29805.0,21997.0,22996.998,23596.996,23993.0,24709.0,25502.0,27103.0,28201.998,700.0,384.0,33.04243,0.5045605602133321,0.26310137507648607,0.9647681931079932,0.0,0.0,0.0
1647738629,10.999998,0.3,0.300017,30093.998,22701.0,23689.004,24195.004,24498.998,25602.002,26401.0,27395.996,28299.0,700.0,128.0,32.833534,0.5063197440511402,0.30271646066161867,0.9530806599887035,0.0,0.0,0.0
1647738681,10.999998,0.3,0.300003,30295.998,22984.0,23877.0,24506.002,25001.0,26096.0,27108.0,27698.0,28206.998,700.0,768.0,33.030144,0.5064807960926297,0.30631840667384996,0.9519291117162002,0.0,0.0,0.0
1647738761,10.999998,0.3,0.300065,30610.0,22703.0,23704.0,24306.0,24702.002,26102.0,27199.002,28495.004,28902.0,700.0,896.0,32.89088,0.5067285684641519,0.311851290644841,0.950130923885307,0.0,0.0,0.0
1647739505,21.0,0.3,0.300039,62797.99,45292.99,48194.004,49700.004,50697.01,52972.004,54707.01,56799.004,58295.996,700.0,255.99997,33.42336,0.5090328515193092,0.36277690194127654,0.9318760214845585,0.0,0.0,0.0
1647739557,21.0,0.3,0.300011,63002.0,45502.01,47903.008,49403.996,50303.008,53197.992,55598.992,58494.992,59304.0,700.0,1024.0,33.878017,0.5091939035607987,0.3662982323790788,0.9304975040030803,0.0,0.0,0.0
1647739589,21.0,0.3,0.300055,62699.0,46089.992,48391.0,50091.004,51004.004,53602.996,55311.0,56897.0,59206.0,700.0,512.0,33.47661,0.5092930125094076,0.36846260461245867,0.9296425705625808,0.0,0.0,0.0
1647739601,1.0,0.1,0.5892652,218.0,101.13,14454.461,23334.465,153.0,28764.592,33615.215,25543.846,23253.852,100.0,65.0,52.716667,0.5093301783651359,0.3692737303954896,0.9293206723407154,1.0,0.2,52.71666666666667
1647739619,1.0,0.6899066,0.58803403,218.0,101.13,15438.885,16492.219,11227.265,22055.992,37961.812,20884.883,14442.014,140.69351,65.0,66.20106,0.5093859271487284,0.37048989159329326,0.9288364981131985,1.0,0.5,52.416666666666664
1647740234,1.0,0.49437985,1.0318328,218.0,101.13,19845.564,25112.88,12186.16,18008.91,34647.086,22617.605,13088.946,100.0,65.0,52.10342,0.511290677254806,0.4116469124853129,0.9113434146584422,1.0,10.75,42.166666666666664
1647740309,7.0247116,0.1,0.78522325,218.0,101.13,21090.992,20683.209,11421.569,20539.54,27907.465,32816.617,11448.764,100.0,65.0,53.204712,0.5115229638531081,0.41661137231313916,0.9090846849767974,1.0,12.0,40.916666666666664
1647740374,1.0,0.43631566,0.6646589,4707.923,101.13,18545.346,22792.607,8793.442,4236.9277,35090.57,16763.645,12517.96,100.0,65.0,46.74643,0.51172427890497,0.4209038847104138,0.9071052418742176,1.0,13.083333333333334,39.833333333333336
1647741094,1.0,0.120848775,0.97845805,18202.605,8561.635,9648.662,20746.477,17095.92,8791.179,18544.344,18655.07,20192.18,104.690735,65.0,51.127968,0.5139542302486706,0.4678012708112274,0.8838336783735957,1.0,25.083333333333332,27.833333333333332
1647741143,1.0,0.39284438,1.2670372,13498.974,2251.9521,18726.68,22872.828,19786.398,6907.7188,18019.15,16564.5,11862.799,100.0,369.6401,64.71159,0.514105990826228,0.47094772989802614,0.8821611166356721,1.0,25.9,27.016666666666666
1647741173,1.0,0.14799917,1.1117009,16919.09,101.13,15258.57,20194.8,14042.93,7673.2686,22436.957,25751.611,7615.9355,135.01453,293.8,51.936054,0.5141989054655488,0.47287118460153016,0.8811315695022768,1.0,26.4,26.516666666666666
1647741187,5.823696,0.1,0.70155,21255.93,3355.1353,20195.742,20868.336,20835.277,2885.1885,8966.311,24313.055,20887.104,414.0783,142.84238,70.711845,0.5142422656305652,0.4737680271138298,0.8806496786376915,1.0,26.633333333333333,26.283333333333335
1647741200,1.0,0.36335427,1.2767103,12435.763,785.87305,15001.658,24757.436,17288.172,3774.8096,15685.879,19924.02,9209.285,180.57394,181.53116,60.4646,0.5142825286409376,0.47460036974764036,0.8802013911801112,1.0,26.85,26.066666666666666
1647741824,1.0,0.25823873,0.9682561,28944.672,9429.549,9470.771,31301.38,20061.818,165.0,4201.1724,20843.162,13769.455,437.8107,437.97238,45.14336,0.5162151531388114,0.5140403670491402,0.8577659943387738,1.0,37.25,15.666666666666666
1647741894,1.0,0.4210902,0.8455663,21677.105,6248.203,16817.244,25199.49,20928.617,165.0,6600.367,19377.377,11860.634,525.0882,343.90283,46.34955,0.5164319539638934,0.5184001831148645,0.8551381468198428,1.0,38.416666666666664,14.5
1647741965,10.090324,0.1,1.112656,14045.152,9860.644,15907.623,31463.742,32056.854,165.0,175.0,20512.984,8442.972,492.9479,690.8428,47.555565,0.5166518519436194,0.522808558881274,0.852450122154068,1.0,39.6,13.316666666666666
1647742650,1.0,0.1,0.7781768,25966.922,3185.4346,20592.098,38238.06,8434.274,165.0,175.0,23358.383,17214.355,515.08954,578.7328,59.15061,0.5187734028747789,0.5646069259743004,0.8253599330848638,1.0,51.016666666666666,1.9
1647742712,1.0,0.1,0.5896859,10773.457,8414.272,15105.922,38401.152,15837.455,165.0,175.0,31213.566,25052.55,895.2013,454.29694,72.01087,0.5189654264627087,0.5683225302562753,0.822805871152549,1.0,52.05,0.8666666666666667
1647742753,1.0,0.7020607,1.1136696,21529.645,14977.186,27754.75,25728.352,10703.147,165.0,175.0,38592.53,15701.797,839.26416,568.87634,58.454857,0.5190924098031139,0.5707732818308936,0.8211077035005769,1.0,52.733333333333334,0.18333333333333332
1647742764,41.0,0.3,0.300041,114597.99,92096.945,95494.97,97605.96,98697.01,101966.0,104464.94,108000.97,109504.06,700.0,512.0,35.201023,0.5191264785041982,0.5714299381493517,0.8206508549844008,0.0,0.0,0.0
1647742787,41.0,0.3,0.300176,112392.984,92307.03,95300.99,97291.96,98488.06,101605.96,104600.98,106910.016,108706.01,700.0,384.0,35.414017,0.5191977130610108,0.5728017647176777,0.819693929669065,0.0,0.0,0.0
1647743468,41.0,0.3,0.299998,118989.055,94992.96,98199.055,100094.96,101254.0,104606.01,107410.96,111108.93,112852.984,700.0,128.0,34.729984,0.5213068753735943,0.6126771809492435,0.7903332663782335,0.0,0.0,0.0
1647743523,41.0,0.3,0.299996,115207.984,95057.05,97900.93,99594.0,100502.06,103892.055,106207.97,109803.95,111092.05,700.0,768.0,34.791424,0.5214772188790159,0.615833377950032,0.7878764183567453,0.0,0.0,0.0
1647743607,41.0,0.3,0.300048,115189.02,95798.875,98807.945,100705.98,101589.94,104498.99,106810.0,110995.04,112596.0,700.0,896.0,35.06176,0.5217373798691143,0.6206347211065673,0.784099829713649,0.0,0.0,0.0
1647744252,51.0,0.3,0.300034,139291.98,102507.79,110214.87,117505.375,120256.93,126953.01,129702.945,132607.97,133697.94,700.0,255.99997,35.950592,0.5237350446145127,0.6567173874517307,0.7541367734161843,0.0,0.0,0.0
1647744316,51.0,0.3,0.300062,142393.92,102507.79,110214.87,117505.375,120256.93,126593.92,129791.95,133196.92,136099.97,700.0,1024.0,36.323326,0.5239332625117304,0.6602201739125506,0.7510721150188452,0.0,0.0,0.0
1647744360,51.0,0.3,0.300083,138212.94,102507.79,110214.87,117505.375,120256.93,127197.055,129490.016,133510.9,134900.0,700.0,512.0,35.979263,0.5240695373160678,0.6626200482157374,0.7489557207890022,0.0,0.0,0.0
1647744377,51.0,0.3,0.30047297,139897.9,102507.79,110214.87,117505.375,120256.93,125795.12,128502.9,131397.97,133597.0,700.0,384.0,36.335617,0.5241221889450162,0.6635454567627475,0.7481359681298025,0.0,0.0,0.0
1647744403,51.0,0.3,0.300078,143494.94,102507.79,110214.87,117505.375,120256.93,129502.086,132969.06,136091.97,137304.94,700.0,640.0,36.245502,0.524202714965761,0.6649588253802774,0.7468800175054101,0.0,0.0,0.0
1647744667,1.0,0.3,0.30002,911.999,499.99902,579.001,593.99805,601.999,676.0,694.001,702.001,710.999,800.0,255.99997,34.156544,0.5250203637917845,0.6791744676446935,0.7339768678231945,0.0,0.0,0.0
1647744740,1.0,0.3,0.299987,877.0,501.99902,589.0,601.001,608.0,693.999,703.001,777.001,787.0,800.0,1024.0,35.55328,0.5252464560807986,0.6830613491791835,0.7303610020103165,0.0,0.0,0.0
1647744774,1.0,0.3,0.300048,911.999,498.99902,579.001,594.999,604.00195,683.001,698.99805,706.001,787.999,800.0,512.0,32.70656,0.5253517593386955,0.6848651133218491,0.7286698680161345,0.0,0.0,0.0
1647744821,1.0,0.3,0.299994,875.999,498.99902,573.999,596.99805,604.00195,690.0,703.001,785.0,798.00195,800.0,640.0,35.59424,0.5254973256069648,0.6873516553834759,0.7263247908763651,0.0,0.0,0.0
1647744823,1.0,0.3,0.30032,806.999,525.001,600.0,608.999,620.001,696.999,708.0,788.0,794.00195,800.0,384.0,35.311615,0.525503519916253,0.687457287771653,0.7262248119485059,0.0,0.0,0.0
1647745170,51.0,0.3,0.300193,157705.08,102507.79,110214.87,117505.375,120256.93,130807.96,138638.56,145694.97,148496.83,700.0,128.0,36.130817,0.5265782325777308,0.705562431934713,0.708647764860917,0.0,0.0,0.0
1647745222,14.089399,0.2529347,1.1256762,218.0,101.13,12027.376,23038.707,2653.0532,17309.531,43262.984,20319.32,18343.137,111.206665,65.0,57.81446,0.5267392846192204,0.7082371653744133,0.7059745870655798,1.0,0.8666666666666667,50.4
1647745327,17.087292,0.26522326,0.6634022,218.0,101.13,22568.957,23818.77,9862.87,23678.432,36194.492,32953.047,10966.723,100.0,65.0,46.15526,0.5270644858568433,0.7136071576447921,0.7005460902454033,1.0,2.6166666666666667,48.65
1647745619,1.5237751,0.1,0.9519353,218.0,425.8877,11582.834,19477.09,9987.886,24177.188,35986.92,32004.58,12709.077,445.8557,65.0,50.832607,0.5279688550128997,0.7283211400432843,0.6852359571461867,1.0,7.483333333333333,43.78333333333333
1647745683,7.4444027,0.15936315,0.8947766,218.0,101.13,14965.547,18643.703,12543.02,16414.55,32672.705,23883.137,13050.213,100.0,65.0,58.066086,0.5281670729101174,0.731502473174016,0.6818387872072826,1.0,8.55,42.71666666666667
1647745799,1.0,0.7108974,1.1818409,218.0,101.13,26063.006,30188.904,12577.774,17761.357,38269.156,31600.54,15277.51,100.0,254.31473,72.87495,0.5285263428488248,0.7372282045543016,0.6756438221501333,1.0,10.483333333333333,40.78333333333333
1647746407,1.0,0.58537495,1.6382222,14681.336,294.3213,17210.918,23639.04,29105.193,8162.2183,23962.125,27835.441,14112.904,100.0,388.83322,65.435905,0.5304094128723942,0.7663715576884537,0.6423975681508867,1.0,20.616666666666667,30.65
1647746472,1.0,0.64598,0.81414056,8713.307,10306.542,12317.501,25267.504,19172.47,6433.8643,23332.14,16096.135,13492.803,100.0,197.7385,61.894257,0.530610727924256,0.7693995550468951,0.6387678175155977,1.0,21.7,29.566666666666666
1647746509,1.0,0.13451898,1.2095898,10184.344,1854.8032,26617.965,26093.11,8014.819,4743.9863,15503.755,27097.695,13521.083,100.0,65.0,57.66124,0.5307253226460851,0.7711155105088946,0.6366952720514004,1.0,22.316666666666666,28.95
1647746565,1.0,0.3036713,1.0661099,10195.525,7208.8535,11875.478,22253.7,14014.543,1602.3496,16349.407,19549.969,6794.159,246.28032,88.55759,51.276787,0.5308987633061506,0.7737020090409892,0.6335496832971642,1.0,23.25,28.016666666666666
1647746568,1.0,0.1,0.5226883,15476.073,101.13,10162.169,16461.148,24190.525,4619.3867,27464.215,21771.957,9972.753,100.0,201.61142,70.29637,0.5309080547700827,0.7738402097265061,0.6333808726275503,1.0,23.3,27.966666666666665
1647747319,1.0,0.57959753,0.9721389,18551.338,2955.0493,14376.543,26762.744,21168.164,165.0,5752.0127,21500.965,8547.693,413.0158,386.17087,42.878986,0.5332340179077482,0.8072608579676389,0.5901948044445593,1.0,35.81666666666667,15.45
1647747370,1.0,0.19625735,1.3745353,27036.45,10499.41,15830.626,32556.145,16710.459,165.0,175.0,32816.633,15046.723,353.09418,544.5108,48.918842,0.5333919727945936,0.8094442299108874,0.5871967631586286,1.0,36.666666666666664,14.6
1647747483,2.799406,0.28496718,0.7303741,17244.857,101.13,16351.434,31604.291,20524.92,165.0,4438.3403,9572.287,3494.4414,255.86032,551.52795,35.905785,0.5337419512693689,0.8142421887127164,0.5805253294390567,1.0,38.55,12.716666666666667
1647748087,1.0,0.1,1.0241903,27221.316,6324.7656,22710.375,40489.54,17174.953,165.0,175.0,16782.145,8302.295,402.8958,846.24023,54.88414,0.5356126326743621,0.8389477101466523,0.5442120355520345,1.0,48.61666666666667,2.65
1647748148,1.0,0.25924355,1.1371014,32427.104,9958.608,24017.273,26856.984,10720.709,165.0,175.0,19810.072,3299.669,710.8514,703.7815,61.736633,0.5358015591076478,0.8413535968058328,0.540485083181662,1.0,49.63333333333333,1.6333333333333333
1647748184,1.0,0.77788025,1.309821,18745.223,7414.8477,22793.812,32115.955,15136.847,165.0,175.0,27297.18,16202.417,635.40466,610.48,73.23541,0.5359130566748328,0.8427656985567143,0.538280574920007,1.0,50.233333333333334,1.0333333333333334
1647748246,21.0,0.3,0.299994,58598.996,43096.996,44993.996,46394.008,47311.0,49595.004,51694.008,54597.992,55299.0,800.0,384.0,34.271233,0.5361050802627626,0.8451841058829459,0.534475282087811,0.0,0.0,0.0
1647748254,21.0,0.3,0.299998,61700.016,43806.004,45488.0,46704.004,47594.004,49795.992,51408.008,53203.0,55002.004,800.0,640.0,34.05824,0.5361298574999148,0.8454949079480626,0.5339834834841779,0.0,0.0,0.0
1647749031,21.0,0.3,0.299992,58809.992,44395.996,46192.0,47201.004,48201.0,50902.0,52398.992,54290.016,55404.008,800.0,128.0,33.673218,0.538536346658325,0.8743022126779523,0.4853819536266637,0.0,0.0,0.0
1647749086,21.0,0.3,0.300039,59489.0,44406.0,46394.01,47688.996,48304.992,51101.0,52701.0,54592.0,55698.01,800.0,768.0,34.14016,0.5387066901637466,0.8762366025437816,0.48188112264596017,0.0,0.0,0.0
1647749214,21.0,0.3,0.299976,62199.008,44997.992,46603.008,47897.004,48400.0,50897.004,52602.992,54891.008,56797.004,800.0,896.0,34.004993,0.5391031259581822,0.8806841296921872,0.4737039832092557,0.0,0.0,0.0
1647749810,31.0,0.3,0.300018,83393.984,66506.016,68603.01,70198.016,71111.016,74298.01,76402.0,78501.0,79898.99,800.0,255.99997,34.88563,0.5409490301260232,0.9003820636767303,0.43510014871203184,0.0,0.0,0.0
1647749848,31.0,0.3,0.300035,84104.97,65129.973,67701.0,69202.984,70200.0,72391.0,75191.016,77093.0,79909.99,800.0,1024.0,34.308098,0.5410667220024963,0.9015809965015487,0.4326103405459405,0.0,0.0,0.0
1647749891,31.0,0.3,0.300005,84597.0,65203.008,67997.0,69694.984,70601.0,73090.984,75208.0,76700.984,77806.984,800.0,512.0,34.381824,0.5411998996521895,0.9029293796821636,0.42978894274606844,0.0,0.0,0.0
1647749960,31.0,0.3,0.300011,84802.98,65496.01,67911.99,69506.03,70397.01,73398.0,75500.0,77564.99,80000.0,800.0,640.0,34.51699,0.5414136033226276,0.9050746076772699,0.4252528124984431,0.0,0.0,0.0
1647749978,31.0,0.3,0.299978,89300.97,66690.01,69201.016,70609.01,71907.016,74694.0,76995.984,79703.01,81292.016,800.0,384.0,34.63168,0.54146935210622,0.9056304867378263,0.424067708616216,0.0,0.0,0.0
1647750813,31.0,0.3,0.299967,86203.01,68395.98,71205.016,72901.0,73999.0,76097.0,78501.984,80190.02,81907.99,800.0,128.0,34.902016,0.5440554762339839,0.9296961514430762,0.3683273896846837,0.0,0.0,0.0
1647750864,31.0,0.3,0.300016,87415.01,68005.0,70806.03,72295.016,73504.0,76203.0,78405.0,80303.0,82101.0,800.0,768.0,34.525185,0.5442134311208293,0.9310558158625283,0.3648767843376198,0.0,0.0,0.0
1647751007,31.0,0.3,0.300027,87597.03,69008.0,71802.0,73494.01,74506.99,76896.01,78507.016,80798.01,82492.0,800.0,896.0,34.619392,0.5446563242349254,0.934799849817081,0.35517494391069154,0.0,0.0,0.0
1647751659,41.0,0.3,0.300081,118503.02,93998.914,97303.98,99504.945,100807.96,104599.99,107902.98,112207.01,114901.99,800.0,255.99997,35.209217,0.5466756690628319,0.950583488089216,0.3104690518749645,0.0,0.0,0.0
1647751694,41.0,0.3,0.300136,117390.0,93705.055,97504.97,99808.914,101005.97,104202.94,107296.016,111002.0,113608.984,800.0,1024.0,35.012608,0.546784069475373,0.9513706362340156,0.30804855544489146,0.0,0.0,0.0
1647751752,41.0,0.3,0.300113,119603.95,95103.97,98404.98,100206.984,101395.98,104498.016,107397.03,110007.03,111499.95,800.0,512.0,35.065857,0.5469637044447266,0.9526614812535862,0.30403306092549043,0.0,0.0,0.0
1647751824,1.0,0.1,0.90774786,218.0,101.13,20568.73,12322.047,1232.8916,15265.756,36956.09,17873.012,10352.076,206.06232,65.0,47.720535,0.5471866995790967,0.9542403285162768,0.2990407922560867,1.0,1.2,48.81666666666667
1647751844,1.0,0.5372075,1.264001,218.0,101.13,17671.855,22808.238,5094.9043,26865.324,47346.57,13841.922,24508.768,100.0,65.0,51.304863,0.5472486426719773,0.9546742562655989,0.29765259015121226,1.0,1.5333333333333334,48.483333333333334
1647752652,1.0,0.5105727,1.0197588,218.0,3122.96,6348.7383,19547.121,20649.543,16885.264,24519.238,28976.81,8231.42,142.88354,152.24356,59.437057,0.5497511436243523,0.9705064734685425,0.24107506083303867,1.0,15.0,35.016666666666666
1647752688,1.0,0.3626979,0.30974776,218.0,101.13,17441.25,19057.0,17029.484,8192.282,24448.139,31385.205,9704.987,100.0,65.0,51.7878,0.5498626411915374,0.9711342799096361,0.23853345757858083,1.0,15.6,34.416666666666664
1647752825,1.0,0.1,0.43189692,218.0,101.13,14892.359,26886.557,21905.04,4979.753,26921.826,22299.023,14158.626,100.0,65.0,60.890854,0.5502869513777693,0.9734625337261243,0.2288464450925866,1.0,17.883333333333333,32.13333333333333
1647753496,1.0,0.72616243,1.0754713,18402.373,3462.9614,12006.15,20639.969,17716.71,165.0,4258.742,20103.932,4454.6914,100.0,291.77896,61.314796,0.5523651421439124,0.9834662825860626,0.18109133335516306,1.0,29.066666666666666,20.95
1647753536,1.0,0.42148167,0.84662604,22354.07,5708.877,11046.217,20013.41,15639.632,2567.1875,7719.3105,26187.742,10575.368,465.87708,447.2847,51.374313,0.5524890283296735,0.9839888943350654,0.17822978377716658,1.0,29.733333333333334,20.283333333333335
1647753611,1.0,0.8326372,0.8637955,22846.29,7412.288,9116.778,25067.244,19348.14,165.0,12081.621,20376.227,7393.3184,100.0,411.387,42.50588,0.5527213149279757,0.9849463464743544,0.17286033254283956,1.0,30.983333333333334,19.033333333333335
1647753671,1.0,0.73145473,0.7284665,16601.143,101.13,7711.879,23081.54,29432.002,165.0,177.36816,28663.527,14538.298,202.35327,413.53772,47.56962,0.5529071442066174,0.9856912135889693,0.16856106149851144,1.0,31.983333333333334,18.033333333333335
1647753730,1.0,0.31344604,0.88558674,28584.848,7215.7065,9906.255,18537.346,30332.21,4165.2627,2981.8389,22178.7,7148.047,100.0,514.9125,56.31044,0.553089876330615,0.9864053667342811,0.16433031515155172,1.0,32.96666666666667,17.05
1647753994,1.0,0.1,0.7889135,25639.988,3488.4023,17287.406,26423.352,19058.48,165.0,1490.4199,30844.787,9205.027,394.55756,558.9811,50.182446,0.5539075251566385,0.9893783059416917,0.14536357085579663,1.0,37.36666666666667,12.65
1647754035,1.0,0.7716024,0.7635459,17258.184,3078.6182,19594.633,30052.53,16319.042,165.0,175.0,17724.29,10445.961,289.3079,537.7041,45.408825,0.5540345084970437,0.9898073241588861,0.14241299463681617,1.0,38.05,11.966666666666667
1647754091,1.0,0.1,1.454795,20917.65,13453.977,10595.709,20515.238,16731.719,165.0,175.0,22193.537,9356.603,577.1032,304.42096,59.159607,0.5542079491571094,0.9903790823780139,0.13838089892786218,1.0,38.983333333333334,11.033333333333333
1647754174,1.0,0.44525212,1.4617666,20402.664,8972.84,10910.555,28003.115,18151.168,165.0,175.0,25335.781,17441.428,501.67792,461.95233,42.869045,0.5544650129925637,0.9911962938553057,0.13240055531419193,1.0,40.36666666666667,9.65
1647754231,3.0474586,0.7491869,1.2919836,25168.99,10349.905,16258.139,34494.82,13882.108,165.0,175.0,17936.91,24171.604,434.10452,413.46375,46.927246,0.5546415508072734,0.9917365978518923,0.12829076537753611,1.0,41.31666666666667,8.7
1647754706,1.0,0.43207446,1.6426351,19782.19,11111.896,32195.334,27220.607,12584.307,165.0,175.0,28408.477,14786.678,1000.0,958.5099,70.53502,0.556112699263187,0.9955756415723199,0.09396351370539235,1.0,49.233333333333334,0.7833333333333333
1647754753,51.0,0.3,0.300129,175209.83,102507.79,110214.87,117505.375,120256.93,130807.96,138638.56,151036.95,159055.95,800.0,768.0,35.88096,0.5562582655314563,0.9958909869698239,0.09056015720100108,0.0,0.0,0.0
1647754921,51.0,0.3,0.300174,174491.94,102507.79,110214.87,117505.375,120256.93,130807.96,138638.56,151036.95,159055.95,800.0,896.0,36.27008,0.556778587511653,0.9969230368034783,0.07838659764609428,0.0,0.0,0.0
1647755187,1.0,0.3,0.300707,889.999,501.00098,592.00195,608.0,671.99805,703.0,718.0,787.00195,794.99805,900.00006,128.0,35.55328,0.5576024306469647,0.9982527428108947,0.05908859001977969,0.0,0.0,0.0
1647755236,1.0,0.3,0.300056,883.999,506.99902,594.0,604.999,613.0,694.99805,703.999,720.99805,789.999,900.00006,768.0,34.26304,0.5577541912245221,0.998456959757338,0.055531067990213165,0.0,0.0,0.0
1647755411,1.0,0.3,0.300132,871.999,512.999,594.99805,607.0,616.99805,696.0,705.0,783.00195,794.00195,900.00006,896.0,33.14893,0.558296193287227,0.9990827949336161,0.042820192288617165,0.0,0.0,0.0
1647755966,10.999998,0.3,0.300053,32706.0,23712.0,25003.0,25890.0,26215.996,27799.002,29298.0,30206.0,30892.998,900.00006,255.99997,33.755135,0.5600151141146629,0.9999969432503657,0.0024725472543360816,0.0,0.0,0.0
1647756022,10.999998,0.3,0.299994,32799.0,23996.002,25101.998,25811.004,26395.0,27795.998,28700.002,29990.0,30799.996,900.00006,1024.0,33.984512,0.5601885547747285,0.9999987201840301,-0.001599884465141655,0.0,0.0,0.0
1647756072,10.999998,0.3,0.300048,32799.0,23903.0,25003.0,25807.002,26407.002,27791.0,28704.998,29703.0,30810.0,900.00006,512.0,34.066433,0.5603434125069299,0.9999862922474267,-0.005235963831419637,0.0,0.0,0.0
1647756152,10.999998,0.3,0.300042,32002.0,23803.0,24993.998,25697.002,26291.0,27810.0,28996.0,29887.998,30305.0,900.00006,640.0,34.85696,0.5605911848784522,0.9999389079061936,-0.011053526829430688,0.0,0.0,0.0
1647756185,10.999998,0.3,0.300017,32392.996,23609.0,24703.002,25500.0,25895.004,27202.998,28503.002,29802.998,30402.996,900.00006,384.0,35.131393,0.5606933909817051,0.9999095019623053,-0.013453173807488327,0.0,0.0,0.0
1647757084,10.999998,0.3,0.300028,31902.0,22800.998,24002.998,24607.004,25104.0,26597.0,27792.0,29096.002,30101.002,900.00006,128.0,34.57843,0.5634777330066868,0.9968944687300867,-0.07874908390170714,0.0,0.0,0.0
1647757122,10.999998,0.3,0.300048,31438.0,22700.0,23705.0,24408.0,24992.0,26308.996,27307.004,28703.0,29035.004,900.00006,768.0,34.217983,0.5635954248831598,0.9966730443630513,-0.0815036357476607,0.0,0.0,0.0
1647757290,10.999998,0.3,0.300007,32793.0,22691.002,23605.0,24308.0,24800.996,26101.002,26989.998,28203.0,29190.998,900.00006,896.0,35.05357,0.5641157468633566,0.9956029323293272,-0.0936739085191021,0.0,0.0,0.0
1647757841,21.0,0.3,0.300037,63378.01,43092.008,44803.996,46000.992,46895.996,49273.01,51699.99,54702.992,56396.0,900.00006,255.99997,34.164738,0.5658222790722164,0.9910512775645692,-0.1334817037561145,0.0,0.0,0.0
1647757857,21.0,0.3,0.300038,61489.008,42206.996,43898.008,45096.004,45805.996,47798.004,49308.996,52093.0,53399.0,900.00006,1024.0,34.59891,0.5658718335465208,0.9908952937149468,-0.13463475366178448,0.0,0.0,0.0
1647757919,21.0,0.3,0.300017,58891.02,42600.0,44200.004,45498.0,46288.0,48389.004,50612.01,53599.008,54799.992,900.00006,512.0,34.689026,0.5660638571344506,0.9902781870765548,-0.13910108626596687,0.0,0.0,0.0
1647758019,11.660782,0.1,0.6193807,218.0,1083.0908,15726.107,18539.04,3488.6118,24591.436,38049.83,27385.732,26629.766,280.9795,65.0,36.35714,0.5663735725988535,0.9892404390474336,-0.1462988508267947,1.0,1.6666666666666667,69.48333333333333
1647758054,1.0,0.2573833,1.8519692,218.0,101.13,16154.693,14953.94,6138.7393,22122.535,32080.28,20291.713,28139.48,100.0,65.0,46.84161,0.5664819730113945,0.9888648647561474,-0.1488162600350051,1.0,2.25,68.9
1647759078,1.0,0.40549424,1.7262455,218.0,101.13,6902.996,23560.078,13832.952,8549.605,27150.941,22600.334,13188.454,117.958435,65.0,59.280785,0.5696534593668796,0.9750525927128869,-0.221973965689396,1.0,19.316666666666666,51.833333333333336
1647759126,1.0,1.233444,0.9656762,1615.9678,2154.1265,9558.933,21605.27,15755.023,10397.516,16751.373,27028.332,24597.068,214.86047,100.10437,57.39778,0.569802122789793,0.9742718186213432,-0.22537618206070623,1.0,20.116666666666667,51.03333333333333
1647759332,1.0,0.7172525,1.0216081,218.0,101.13,14766.876,28115.686,16224.439,16963.008,22033.643,14781.924,19118.717,265.9469,65.0,60.399994,0.5704401366464629,0.9707863200131045,-0.2399456623392352,1.0,23.55,47.6
1647759971,1.0,0.8685564,0.68874955,12275.048,578.56836,11856.295,15039.037,30125.477,9311.826,11640.736,10030.514,15878.051,173.38962,742.4285,66.753334,0.5724192184639971,0.9585922321483226,-0.28478225447681316,1.0,34.2,36.95
1647759992,1.0,0.1,0.6208497,6633.2637,5111.879,16956.53,16947.734,19416.625,165.0,16614.299,19795.773,18658.246,100.0,87.40134,56.445625,0.5724842587115218,0.9581562055409015,-0.28624584849995927,1.0,34.55,36.6
1647760080,1.0,0.15576398,1.4594307,17653.3,101.13,16551.596,16864.76,24274.156,3125.2002,13905.245,18483.982,12179.145,337.21848,181.31363,51.67436,0.5727568083201963,0.9563047559630355,-0.29237170472273666,1.0,36.016666666666666,35.13333333333333
1647760181,1.0,0.8436157,1.5970076,10018.504,6923.0283,14877.36,22057.09,16448.084,620.0039,19006.133,20230.436,4348.213,412.1466,196.19495,46.135944,0.5730696209392431,0.9541315311369895,-0.29938774405473606,1.0,37.7,33.45
1647760194,1.0,0.5711316,1.5435252,5927.766,1894.7769,15655.439,23839.418,24138.717,7212.798,1951.8887,20450.156,8076.857,510.15842,422.65784,73.23541,0.5731098839496155,0.9538480676139709,-0.3002896333693417,1.0,37.916666666666664,33.233333333333334
1647761147,1.0,0.27685368,1.4285003,18063.213,7924.977,12659.589,34217.105,14169.822,165.0,175.0,23343.564,4382.4795,331.44742,290.8026,47.94455,0.5760614723253746,0.9307636375245905,-0.36562145870010526,1.0,53.8,17.35
1647761199,1.0,0.1,1.099462,7401.9287,8015.5967,19815.629,18472.994,20291.885,165.0,175.0,23780.264,19214.625,856.0132,548.3467,38.218945,0.5762225243668642,0.9293743711980781,-0.3691385622773336,1.0,54.666666666666664,16.483333333333334
1647761390,1.0,0.1,1.1946747,5614.7305,8771.179,15041.574,32697.814,15571.221,165.0,175.0,24474.54,14788.378,426.68018,186.5076,43.538067,0.5768140809038736,0.9241575834353841,-0.3820114670777187,1.0,57.85,13.3
1647761993,1.0,0.1,0.7310451,24756.293,13827.82,16674.238,39041.336,13275.077,165.0,175.0,18797.656,11334.805,494.77695,680.05347,59.478718,0.5786816651542228,0.906522805269654,-0.4221568470675762,1.0,67.9,3.25
1647762026,1.0,0.1,1.8495225,21403.043,9122.029,24510.887,45497.656,21275.559,165.0,175.0,28727.95,23359.062,876.85004,553.97815,73.23541,0.5787838712574758,0.905507092128062,-0.4243311279010548,1.0,68.45,2.7
1647762093,1.0,0.67117125,1.2881358,9993.591,14682.381,30189.395,28987.889,13462.361,165.0,175.0,29947.598,20531.887,972.8581,814.10474,65.37059,0.5789913806186257,0.9034288504942144,-0.42873804600793536,1.0,69.56666666666666,1.5833333333333333
1647762188,41.0,0.3,0.300089,111095.984,90996.984,93632.984,95795.05,96796.01,99598.016,101899.95,103198.99,104896.03,900.00006,640.0,35.803135,0.5792856103098084,0.9004453369045963,-0.4349691888476334,0.0,0.0,0.0
1647762201,41.0,0.3,0.300046,111312.04,90803.03,93793.01,95706.03,97003.94,100100.016,102102.99,104784.98,107497.03,900.00006,384.0,35.188736,0.5793258733201807,0.900033720500134,-0.43582026336861257,0.0,0.0,0.0
1647763206,41.0,0.3,0.300048,114399.99,93293.01,96505.05,98794.99,100102.0,103100.984,105694.0,109102.02,110894.01,900.00006,128.0,35.426304,0.5824385137374294,0.8658071551953559,-0.5003778272590872,0.0,0.0,0.0
1647763270,41.0,0.3,0.300002,114403.02,93801.02,97098.95,98897.98,100102.984,102596.984,104901.01,106987.984,109599.984,900.00006,768.0,35.741695,0.5826367316346472,0.8634689220427406,-0.5044020426865335,0.0,0.0,0.0
1647763457,41.0,0.3,0.300003,115211.97,93601.93,96609.99,98795.94,99894.984,102694.945,104901.96,107495.984,109006.016,900.00006,896.0,35.659775,0.5832158995530806,0.856529917189825,-0.5160973754620262,0.0,0.0,0.0
1647764067,51.0,0.3,0.300068,143404.03,102507.79,110214.87,117505.375,120256.93,128189.086,131294.81,135890.84,138397.94,900.00006,255.99997,35.713024,0.585105163885938,0.8328004895816635,-0.5535732512979123,0.0,0.0,0.0
1647764126,51.0,0.3,0.300073,145652.92,102507.79,110214.87,117505.375,120256.93,129490.875,133111.0,135398.9,137596.97,900.00006,1024.0,36.806656,0.5852878960099357,0.8304176692728659,-0.557141359584281,0.0,0.0,0.0
1647764230,51.0,0.3,0.300622,149801.97,102507.79,110214.87,117505.375,120256.93,130807.96,135008.1,139102.97,141600.1,900.00006,512.0,36.171776,0.5856100000929146,0.8261802472992943,-0.5634058918510498,0.0,0.0,0.0
1647764346,51.0,0.3,0.30007,166994.25,102507.79,110214.87,117505.375,120256.93,130807.96,138638.56,145401.92,150004.95,900.00006,640.0,36.9664,0.5859692700316219,0.8213981517292407,-0.5703552194341588,0.0,0.0,0.0
1647764363,51.0,0.3,0.300077,162400.0,102507.79,110214.87,117505.375,120256.93,130807.96,138638.56,146110.02,148620.0,900.00006,384.0,36.102142,0.5860219216605704,0.820692408372131,-0.571370257224115,0.0,0.0,0.0
1647764619,1.0,0.3,0.300015,985.999,580.001,602.0,613.001,678.999,696.999,703.999,782.001,796.9971,1000.0,255.99997,34.83648,0.5868147932494417,0.8099136945659025,-0.5865490664510601,0.0,0.0,0.0
1647764669,1.0,0.3,0.299973,892.0,510.99902,597.001,606.001,615.0,691.999,703.001,785.0,793.001,1000.0,1024.0,33.386497,0.5869696509816431,0.8077755926484237,-0.5894901118097637,0.0,0.0,0.0
1647764774,1.0,0.3,0.300521,896.99805,510.00098,594.99805,608.0,621.001,697.999,708.0,789.001,798.00195,1000.0,512.0,34.607105,0.5872948522192661,0.8032508498326233,-0.5956408920173031,0.0,0.0,0.0
1647764884,1.0,0.3,0.300053,896.00195,505.99902,594.0,604.00195,613.0,694.99805,707.0,780.00195,796.9971,1000.0,640.0,33.624065,0.5876355392301092,0.798460415367078,-0.6020473113400917,0.0,0.0,0.0
1647764918,1.0,0.3,0.300018,812.0,517.001,599.0,610.0,677.001,700.999,711.0,790.0,799.00195,1000.0,384.0,33.206272,0.5877408424880063,0.7969693842468608,-0.604019702139905,0.0,0.0,0.0
1647765468,51.0,0.3,0.300197,171209.11,102507.79,110214.87,117505.375,120256.93,130807.96,138638.56,151036.95,159055.95,900.00006,128.0,36.491264,0.589444277542222,0.772179372466627,-0.6354046086841407,0.0,0.0,0.0
1647765546,1.0,0.18684524,0.51177204,218.0,101.13,15299.002,16478.686,2345.3267,24626.852,46224.316,23504.041,20823.205,416.2093,65.0,41.406593,0.5896858556044562,0.7685627509952409,-0.6397744116347789,1.0,1.3,60.25
1647765742,1.0,0.1,0.29403213,218.0,101.13,10990.588,16629.77,16795.115,27001.12,39196.633,23452.574,24315.07,100.0,65.0,53.20373,0.5902928979146858,0.7593659505768924,-0.6506637788477645,1.0,4.566666666666666,56.983333333333334
1647765988,1.0,0.1,0.85412765,816.56934,101.13,13219.619,21342.91,9182.148,15676.918,30411.656,25642.834,16235.956,100.0,65.0,45.603065,0.5910547979571168,0.7476049305567484,-0.6641437102067891,1.0,8.666666666666666,52.88333333333333
1647766051,4.604061,0.1,1.1340526,218.0,101.13,27112.6,13131.861,10341.485,20581.469,32558.576,28535.719,18306.273,207.12051,76.28464,44.05279,0.5912499186996906,0.7445543277918749,-0.6675618720136653,1.0,9.716666666666667,51.833333333333336
1647766257,12.770245,0.70217395,0.79429066,218.0,101.13,15900.084,20611.316,17031.238,12795.284,29150.52,26254.984,10539.613,155.26196,65.0,63.7331,0.5918879325563605,0.7344705833086124,-0.6786405250604378,1.0,13.15,48.4
1647766756,1.0,0.1908248,1.4002244,5480.2075,101.13,14276.844,21452.203,10860.972,12993.639,33508.035,24080.71,3439.454,149.31369,65.0,70.202515,0.5934334127237307,0.70936573673581,-0.7048405859095102,1.0,21.466666666666665,40.083333333333336
1647766806,1.0,0.6992897,0.824214,12769.452,3591.2856,8148.768,18108.926,18519.621,165.0,18817.523,15817.844,19036.385,272.4316,233.24677,69.11927,0.5935882704559321,0.7067981803473906,-0.7074152474025546,1.0,22.3,39.25
1647766909,1.0,0.18004036,0.45134568,218.0,1978.0586,13251.073,21293.727,16687.531,6925.693,23998.494,26391.047,17475.846,347.01074,166.27145,53.459133,0.5939072773842671,0.7014795993803291,-0.7126895338457083,1.0,24.016666666666666,37.53333333333333
1647767018,1.0,0.50122565,0.90861034,10481.76,101.13,14689.594,20337.54,27269.502,15590.361,19090.785,21281.506,13406.278,100.0,110.52756,64.10779,0.5942448672404662,0.6958083419958415,-0.7182275065806085,1.0,25.833333333333332,35.71666666666667
1647767054,1.0,0.1,1.3862286,11302.459,5735.2656,16777.84,13846.855,9491.202,10844.916,25329.682,18741.623,18108.86,135.83493,65.0,67.80368,0.5943563648076512,0.693925644432287,-0.7200466651538879,1.0,26.433333333333334,35.11666666666667
1647768174,1.0,0.41522226,0.7633147,30652.312,5502.68,16300.434,21238.314,28072.523,165.0,658.7822,25029.674,11881.517,482.15375,239.86124,40.522636,0.5978251780089632,0.6330431608562742,-0.7741165005947731,1.0,45.1,16.45
1647768262,1.0,0.24795878,0.8144592,17641.643,6259.139,14639.68,17051.82,13325.417,165.0,175.0,24824.662,18720.252,327.6563,101.89188,58.08425,0.5980977276176377,0.6280762418846684,-0.778151806770396,1.0,46.56666666666667,14.983333333333333
1647768465,5.174505,0.60674214,1.3202511,20743.508,9432.716,15346.168,46475.004,15511.172,165.0,175.0,19623.516,18769.914,786.31226,708.166,34.668232,0.5987264500103755,0.616520695250769,-0.7873387024194278,1.0,49.95,11.6
1647768872,1.0,0.10930735,0.8257228,14873.433,13764.185,12517.373,32146.16,10743.458,165.0,3357.874,23506.02,21571.943,706.7461,501.83984,45.44753,0.5999869919504951,0.5929505179749561,-0.8052388982365614,1.0,56.733333333333334,4.816666666666666
1647768906,1.0,0.1,0.9632908,30201.385,14493.49,15095.943,34598.758,15717.516,165.0,175.0,20213.023,22757.861,608.67126,540.14764,53.91228,0.600092295208392,0.5909577142467576,-0.8067025349980298,1.0,57.3,4.25
1647769017,1.0,0.1,1.5986736,28339.059,12272.352,45715.473,30383.14,16730.457,165.0,175.0,22840.314,17827.047,753.44495,817.15906,70.73166,0.6004360793738792,0.5844267097082788,-0.8114464991480063,1.0,59.15,2.4
1647769161,21.0,0.3,0.300036,63298.996,42796.004,45508.008,47594.996,48803.016,52393.01,54798.004,56995.0,58408.0,1000.0,384.0,34.213886,0.6008820696426194,0.5758973726600126,-0.8175219973574378,0.0,0.0,0.0
1647769234,21.0,0.3,0.30001,61600.992,45593.996,48103.984,49998.004,51102.0,54101.004,55904.008,57810.01,58902.992,1000.0,640.0,34.41869,0.6011081619316334,0.5715492909334933,-0.8205677351891317,0.0,0.0,0.0
1647770504,21.0,0.3,0.300008,64798.0,48693.99,51406.992,53086.996,54005.0,56299.0,57893.01,59099.004,60402.016,1000.0,128.0,34.095104,0.6050415483295496,0.4934359313770729,-0.8697821460722452,0.0,0.0,0.0
1647770611,21.0,0.3,0.300017,61895.992,49207.992,51892.0,53199.996,53911.004,55796.004,57305.0,59595.004,60099.992,1000.0,768.0,34.643967,0.6053729438764607,0.4866530608126266,-0.8735953287430639,0.0,0.0,0.0
1647770849,21.0,0.3,0.299966,64796.008,50206.004,52290.984,53501.996,54102.996,56210.01,57695.992,59897.996,60903.01,1000.0,896.0,34.594814,0.6061100666817395,0.4714608707036438,-0.8818869810782797,0.0,0.0,0.0
1647771239,31.0,0.3,0.300008,93401.01,72897.99,76102.99,77903.99,79100.0,82594.02,84900.016,88003.016,89800.984,1000.0,255.99997,34.902016,0.6073179569929106,0.4462628933932236,-0.8949019108149833,0.0,0.0,0.0
1647771280,31.0,0.3,0.300035,93805.99,73011.01,76004.97,78096.0,79298.98,82704.98,85093.0,87506.98,89996.01,1000.0,1024.0,35.139584,0.6074449403333158,0.4435926704766357,-0.8962285103138635,0.0,0.0,0.0
1647771408,31.0,0.3,0.300083,93297.99,73499.95,76494.0,78403.99,79702.02,82707.0,85103.02,88390.01,89901.016,1000.0,512.0,34.893826,0.6078413761277515,0.43523109937232757,-0.9003187714021935,0.0,0.0,0.0
1647771553,31.0,0.3,0.300023,92293.016,73600.0,76393.98,78592.01,79891.01,82807.99,85190.02,87593.03,88790.0,1000.0,384.0,35.131393,0.6082904635511356,0.42571348955915334,-0.9048580136172574,0.0,0.0,0.0
1647771656,31.0,0.3,0.300048,95493.016,74695.97,77399.97,79304.0,80402.99,82995.99,85606.984,88100.016,89791.99,1000.0,640.0,35.467262,0.6086094704794706,0.41892388796210306,-0.9080213522240076,0.0,0.0,0.0
1647772922,31.0,0.3,0.300008,93605.99,74897.97,77401.96,79105.98,80159.0,82204.98,84389.01,86704.99,88001.01,1000.0,128.0,35.30752,0.6125304682588106,0.3336697540562023,-0.9426900313613555,0.0,0.0,0.0
1647773028,31.0,0.3,0.300039,89791.984,74704.984,77102.99,78759.99,79609.016,82096.02,83895.03,86187.984,87689.99,1000.0,768.0,34.291714,0.6128587666510776,0.32639315099942207,-0.9452341037968681,0.0,0.0,0.0
1647773260,31.0,0.3,0.299985,91307.016,74605.984,77399.97,79290.97,80099.01,82496.01,84298.99,86303.99,88303.016,1000.0,896.0,34.951168,0.6135773065284923,0.31039992267205907,-0.9506060635222036,0.0,0.0,0.0
1647773555,41.0,0.3,0.30024,117996.984,92766.016,95956.06,97405.04,98592.01,101991.984,104798.984,107708.02,110690.0,1000.0,1024.0,35.9424,0.6144909671484807,0.2899367047474333,-0.9570458229573962,0.0,0.0,0.0
1647773606,41.0,0.3,0.30005,120592.03,96801.94,100311.945,102499.96,103712.97,107793.984,110487.99,113390.02,115692.91,1000.0,255.99997,35.54509,0.6146489220353262,0.28638520364297326,-0.958114562635582,0.0,0.0,0.0
1647773679,41.0,0.3,0.300073,111803.98,92700.11,95550.97,97594.97,98596.914,101601.0,104000.03,106004.04,107792.98,1000.0,512.0,35.831806,0.6148750143243402,0.2812948398562011,-0.9596213904818265,0.0,0.0,0.0
1647773836,1.0,0.1,0.0075054765,218.0,101.13,18465.473,15853.782,153.0,9563.902,41526.887,15977.922,13433.757,382.64536,65.0,46.144203,0.6153612676034527,0.27032039885364106,-0.9627704201748246,1.0,2.6166666666666667,83.3
1647773918,1.0,0.1,0.7458646,218.0,101.13,11096.324,20071.7,7470.7793,20056.006,57158.945,17752.352,12574.162,336.0581,65.0,40.110905,0.615615234284263,0.26457442607798554,-0.9643652695247297,1.0,3.9833333333333334,81.93333333333334
1647775305,1.0,0.1,1.0554266,972.86426,101.13,737.9336,31843.473,20327.215,10157.018,17543.57,29765.182,7605.6436,332.58246,65.0,67.19877,0.6199109877755307,0.16612337814576564,-0.9861049757675087,1.0,27.1,58.81666666666667
1647775402,5.3824654,0.4673913,0.91860056,3080.2656,101.13,10738.426,20352.969,19788.137,5278.7563,20882.855,31058.686,13324.394,465.1586,65.0,52.429615,0.6202114117760014,0.15916327972891264,-0.9872522729201163,1.0,28.716666666666665,57.2
1647775689,1.0,0.27596086,0.7234024,2585.499,933.6465,15002.319,20049.02,20528.654,11901.321,13307.402,19826.7,20435.451,201.37836,65.0,53.064625,0.6211002951588376,0.13852494226228704,-0.9903589452169501,1.0,33.5,52.416666666666664
1647775916,1.0,0.90618575,1.3782934,12887.6455,101.13,13574.635,25877.832,23106.604,6828.043,19666.924,23804.049,19402.252,325.77518,65.0,60.017242,0.621803349263032,0.12215805821709987,-0.9925106592942101,1.0,37.28333333333333,48.63333333333333
1647776017,1.0,1.0554988,0.44721365,13685.533,3940.6436,20715.48,25345.39,29009.268,3878.1177,25677.594,17119.453,8505.521,740.09265,304.1385,54.85914,0.622116161882079,0.11486491008292733,-0.9933811214391186,1.0,38.96666666666667,46.95
1647776087,7.6937256,0.46537519,0.76364374,218.0,1145.1147,10845.486,26548.633,15666.98,4728.6533,8631.648,18649.762,5289.232,285.617,187.38211,65.1317,0.622332962707161,0.10980659368127109,-0.9939529727226114,1.0,40.13333333333333,45.78333333333333
1647776295,5.8603344,0.46639183,1.5639998,218.0,1661.1279,8463.325,20478.217,12295.0625,8513.791,8591.956,19648.078,11049.684,593.48334,65.0,60.2758,0.6229771708731189,0.09475988689761089,-0.9955001576268846,1.0,43.6,42.31666666666667
1647776396,1.0,0.45922166,0.9195856,1852.3252,7037.7686,6439.8896,32864.67,14591.651,165.0,5841.647,10163.717,18280.895,440.52048,106.24548,59.013268,0.6232899834921658,0.08744552034739932,-0.9961693033672402,1.0,45.28333333333333,40.63333333333333
1647778260,1.0,0.46468398,0.79633176,6673.081,13126.074,10444.744,40616.375,9921.715,165.0,175.0,25507.832,3431.1992,474.30185,446.62085,57.59906,0.629063079748635,-0.04797812852134395,-0.9988483864849507,1.0,76.35,9.566666666666666
1647778364,1.0,0.1,0.71641755,9232.473,10879.985,16312.137,35401.93,12570.389,165.0,175.0,28568.64,931.72754,776.3644,408.80215,39.257988,0.6293851838316139,-0.05553106799021298,-0.998456959757338,1.0,78.08333333333333,7.833333333333333
1647778709,1.0,0.1,0.6514458,10431.634,10308.51,14253.153,44073.11,16328.025,165.0,175.0,20731.64,16728.674,573.2881,403.37415,58.14204,0.6304537021838037,-0.08056135804721276,-0.996749651411822,1.0,83.83333333333333,2.0833333333333335
1647778826,1.0,0.1,0.8334416,6482.82,9192.795,24280.268,38814.297,21022.186,165.0,175.0,26138.113,9126.31,875.1864,671.89484,69.800804,0.6308160692771551,-0.08903916422633415,-0.996028125724307,1.0,85.78333333333333,0.13333333333333333
1647778831,1.0,0.1,0.6152084,23663.686,4851.648,20740.535,51393.906,15457.963,165.0,175.0,21399.863,24156.684,738.8447,620.2624,72.35421,0.6308315550503752,-0.08940132437890191,-0.9959956843276473,1.0,85.86666666666666,0.05
1647778832,1.0,0.97768,1.1495374,19593.723,7452.394,29106.213,29465.316,16096.264,165.0,175.0,38742.44,12142.255,886.13916,732.14215,64.825,0.6308346522050192,-0.08947375499255279,-0.9959891802462176,1.0,85.88333333333334,0.03333333333333333
1647778834,1.0,0.19999993,0.04155597,1293.0,810.999,901.001,989.999,1003.0,1099.001,1112.9971,1288.9971,1292.999,100.0,255.99997,26.10094,0.6308408465143073,-0.08961861479992425,-0.9959761562815361,0.0,0.0,0.0
1647778838,1.0,0.19999993,0.050655022,1611.999,900.001,996.999,1012.001,1086.0,1103.0,1208.999,1400.999,1612.0,100.0,128.0,26.10094,0.6308532351328834,-0.089908328724231,-0.9959500451458475,0.0,0.0,0.0
1647779166,10.999998,0.19999993,0.199953,44798.0,35395.0,36499.008,37402.0,38299.0,39895.0,41693.004,43709.0,44797.996,100.0,768.0,26.550274,0.6318691018561248,-0.1136367304839206,-0.9935223668770244,0.0,0.0,0.0
1647779169,10.999998,0.19999993,0.192598,46303.0,36601.004,38506.0,39006.0,39699.0,40996.0,42200.0,43092.0,46303.0,100.0,384.0,26.652672,0.6318783933200569,-0.11385348073402574,-0.9934975515444147,0.0,0.0,0.0
1647779173,10.999998,0.19999993,0.199903,43500.0,36397.0,38402.0,38999.008,39892.008,40493.008,42201.996,42906.0,43500.0,100.0,512.0,26.640388,0.631890781938633,-0.1141424726361226,-0.9934643908769514,0.0,0.0,0.0
1647779175,10.999998,0.19999993,0.199845,44100.992,36700.0,38298.992,39298.0,39502.992,41101.0,42393.004,43914.0,44101.0,100.0,896.0,26.73869,0.6318969762479211,-0.11428696496684647,-0.9934477790194444,0.0,0.0,0.0
1647779176,10.999998,0.19999993,0.199863,44003.0,36395.0,37801.996,38503.0,38991.0,40400.008,40997.0,42203.0,44003.0,100.0,1024.0,26.87795,0.631900073402565,-0.11435921022578963,-0.9934394652099008,0.0,0.0,0.0
1647779177,10.999998,0.19999993,0.19992,45793.0,36827.0,38597.0,39204.992,39401.0,40803.0,42198.008,43201.0,45793.004,100.0,255.99997,27.262974,0.6319031705572091,-0.1144314548799449,-0.9934311461465556,0.0,0.0,0.0
1647779182,10.999998,0.19999993,0.19988102,44396.008,36502.004,37900.0,38602.0,39697.0,40998.004,42503.0,43194.0,44396.0,100.0,128.0,26.570751,0.6319186563304292,-0.1147926690655246,-0.993389472024348,0.0,0.0,0.0
1647779524,21.0,0.19999993,0.199953,86877.99,72007.02,74499.01,76703.01,77783.03,79703.01,81977.99,83704.01,86877.984,100.0,768.0,27.99616,0.632977883218687,-0.1394611523724859,-0.9902275430318722,0.0,0.0,0.0
1647779530,21.0,0.19999993,0.199949,87298.02,73048.97,75398.016,77304.0,78961.016,81000.984,82700.99,85491.0,87297.97,100.0,512.0,28.045313,0.6329964661465511,-0.13989320735730496,-0.9901665973639416,0.0,0.0,0.0
1647779533,21.0,0.19999993,0.199898,87360.99,72703.0,76702.99,78363.02,81008.98,83898.99,85303.04,86407.016,87361.0,100.0,384.0,27.926529,0.6330057576104833,-0.1401092248672204,-0.9901360538365961,0.0,0.0,0.0
1647779535,21.0,0.19999993,0.199877,89666.016,73004.016,75201.99,77494.984,78499.04,81568.01,83103.01,88499.04,89665.99,100.0,896.0,28.065792,0.6330119519197713,-0.14025323283629607,-0.9901156653032855,0.0,0.0,0.0
1647779536,21.0,0.19999993,0.19993901,89604.0,72810.984,75900.984,78097.984,80877.01,83179.016,84093.99,87496.01,89603.984,100.0,640.0,28.442623,0.6330150490744153,-0.14032523570843156,-0.9901054631822679,0.0,0.0,0.0
1647779539,21.0,0.19999993,0.19992399,91594.97,72197.99,76213.984,78394.99,80095.0,83099.99,84994.01,90603.984,91595.0,100.0,255.99997,28.00845,0.6330243405383474,-0.14054123987065617,-0.9900748254024131,0.0,0.0,0.0
1647779547,21.0,0.19999993,0.199902,91867.0,75003.97,78593.02,80101.0,82501.016,85810.01,88470.03,90072.98,91866.99,100.0,1024.0,28.22144,0.6330491177754997,-0.14111721823891607,-0.9899928942757671,0.0,0.0,0.0
1647779555,1.0,0.117236555,1.108383,9432.994,101.13,26236.457,23931.21,2978.6577,18549.023,56041.73,13671.876,26420.836,100.0,65.0,73.23541,0.6330738950126519,-0.141693148844107,-0.9899106280723738,1.0,0.13333333333333333,19.283333333333335
1647779902,1.0,0.1,0.53193605,15640.759,101.13,10422.355,17280.285,21058.014,6933.74,37958.477,30549.934,25405.592,100.0,65.0,52.696365,0.6341486076741297,-0.16662533764220824,-0.9860202821725423,1.0,5.916666666666667,13.5
1647779904,1.0,0.46273756,1.1790154,15305.967,101.13,13462.327,26659.742,18314.406,11450.682,28727.938,36844.336,23691.252,100.0,65.0,61.957367,0.6341548019834178,-0.16676874671610195,-0.985996037070505,1.0,5.95,13.466666666666667
1647779909,3.2350254,0.1,1.6037825,26062.715,830.3369,16498.156,24124.262,16542.504,13023.99,31457.771,32035.035,26925.707,100.0,312.0938,72.478745,0.634170287756638,-0.16712725395997075,-0.9859353330638878,1.0,6.033333333333333,13.383333333333333
1647779910,1.0,0.39069974,0.9240017,12787.95,101.13,16018.504,25999.215,17540.732,11183.871,35831.516,17040.291,19705.719,100.0,65.0,46.632435,0.6341733849112821,-0.1671989527587053,-0.9859231766199597,1.0,6.05,13.366666666666667
1647779911,1.0,0.1,1.0843058,11522.976,101.13,12727.927,26146.115,15167.785,7871.012,30766.771,24812.303,26235.07,100.0,65.0,50.53186,0.634176482065926,-0.16727065067320915,-0.9859110149619799,1.0,6.066666666666666,13.35
1647779921,1.0,0.15992385,0.838163,18799.057,101.13,15125.99,26419.438,18024.22,8362.79,34841.477,25462.02,25825.348,100.0,65.0,48.19223,0.6342074536123663,-0.16798758110211504,-0.9857891116235056,1.0,6.233333333333333,13.183333333333334
1647779922,1.0,0.1,1.0435556,10785.327,101.13,15949.014,23833.129,18311.057,5885.471,28536.516,27917.566,24273.621,100.0,188.17896,73.23541,0.6342105507670104,-0.1680592692650519,-0.9857768926152087,1.0,6.25,13.166666666666666
1647780280,1.0,0.18998778,0.88471365,26842.305,3564.0742,12898.871,23279.027,31996.898,165.0,10048.793,47727.87,20022.633,100.0,159.81406,48.436554,0.6353193321295726,-0.19366362180567645,-0.9810679902988926,1.0,12.216666666666667,7.2
1647780282,1.0,0.24984044,1.0780814,27408.842,914.2881,15233.314,18212.43,13363.0,165.0,4400.6177,28491.324,21567.523,100.0,215.1626,47.689697,0.6353255264388606,-0.19380631031193252,-0.9810398126902267,1.0,12.25,7.166666666666667
1647780290,1.0,0.1664691,0.8523735,21259.023,101.13,22468.639,22765.748,21305.912,3059.6943,5803.659,29724.924,22469.045,100.0,476.80963,58.84957,0.6353503036760129,-0.19437702330901346,-0.9809268947324908,1.0,12.383333333333333,7.033333333333333
1647780291,1.0,0.28759015,1.2365172,32211.574,2119.4883,9335.071,16909.475,17737.754,165.0,8808.781,44317.34,27124.465,184.52493,83.85257,62.751125,0.6353534008306568,-0.19444835781178044,-0.9809127566426598,1.0,12.4,7.016666666666667
1647780295,1.0,0.2445957,1.2214513,32443.088,3130.77,15294.414,23559.05,18325.465,165.0,14211.576,26201.879,18836.418,100.0,136.24976,46.5494,0.6353657894492329,-0.19473368553567663,-0.9808561524085436,1.0,12.466666666666667,6.95
1647780297,1.0,0.46812367,1.082216,23565.084,284.0332,5750.6074,22655.59,21056.77,165.0,3833.2778,27825.295,22345.492,100.0,65.0,54.921047,0.635371983758521,-0.19487634322004385,-0.9808278191676578,1.0,12.5,6.916666666666667
1647780305,1.0,0.1,1.3596292,14446.205,101.13,15745.943,21450.11,15370.73,165.0,4484.3857,21164.822,21274.602,100.0,326.20398,54.480507,0.6353967609956733,-0.19544693270321556,-0.9807142787259217,1.0,12.633333333333333,6.783333333333333
1647780702,1.0,0.788557,1.9239987,30207.639,8548.285,14874.015,23269.348,18506.55,165.0,175.0,55689.66,25813.875,1000.0,633.65924,40.693073,0.6366263313893527,-0.22367541455210294,-0.9746636901644304,1.0,19.25,0.16666666666666666
1647780712,51.0,0.19999993,0.20088,178604.28,102507.79,110214.87,117505.375,120256.93,130807.96,138638.56,151036.95,159055.95,100.0,768.0,31.531008,0.6366573029357929,-0.2243841507815034,-0.9745007711018312,0.0,0.0,0.0
1647780713,51.0,0.19999993,0.201147,178604.28,102507.79,110214.87,117505.375,120256.93,130807.96,138638.56,151036.95,159055.95,100.0,128.0,31.748096,0.6366604000904369,-0.22445501788402572,-0.974484450849105,0.0,0.0,0.0
1647780714,51.0,0.19999993,0.20110601,178604.28,102507.79,110214.87,117505.375,120256.93,130807.96,138638.56,151036.95,159055.95,100.0,384.0,31.744,0.636663497245081,-0.22452588379951838,-0.9744681254428208,0.0,0.0,0.0
1647780716,51.0,0.19999993,0.20260802,178604.28,102507.79,110214.87,117505.375,120256.93,130807.96,138638.56,151036.95,159055.95,100.0,255.99997,31.789057,0.636669691554369,-0.22466761206791516,-0.9744354591699241,0.0,0.0,0.0
1647780718,51.0,0.19999993,0.20085302,178604.28,102507.79,110214.87,117505.375,120256.93,130807.96,138638.56,151036.95,159055.95,100.0,896.0,31.555584,0.6366758858636571,-0.22480933558369742,-0.9744027722838315,0.0,0.0,0.0
1647780725,51.0,0.19999993,0.201177,178604.28,102507.79,110214.87,117505.375,120256.93,130807.96,138638.56,151036.95,159055.95,100.0,1024.0,31.166464,0.6366975659461652,-0.2253053304188,-0.9742882058635809,0.0,0.0,0.0
1647780870,1.0,0.19999993,0.2012,1508.0,703.0,819.999,908.99805,996.0,1200.999,1293.999,1390.999,1408.999,200.0,512.0,31.051777,0.6371466533695493,-0.2355661886967904,-0.971858307955881,0.0,0.0,0.0
1647780877,1.0,0.19999993,0.20110902,1598.0,700.0,803.999,901.00195,992.0,1103.0,1202.001,1396.999,1497.999,200.0,128.0,31.449087,0.6371683334520576,-0.23606088686753,-0.9717382660425158,0.0,0.0,0.0
1647780878,1.0,0.19999993,0.193311,1487.999,696.999,802.0,908.99805,1000.0,1192.999,1293.999,1390.999,1405.999,200.0,768.0,31.318016,0.6371714306067017,-0.23613155304413927,-0.9717210966408844,0.0,0.0,0.0
1647780879,1.0,0.19999993,0.20251702,1609.0,694.0,791.0,898.999,997.99805,1199.998,1293.999,1396.999,1518.999,200.0,255.99997,28.712963,0.6371745277613456,-0.23620221797196755,-0.9717039221003089,0.0,0.0,0.0
1647780880,1.0,0.19999993,0.200994,1495.998,703.999,810.0,901.00195,997.001,1107.001,1204.998,1385.998,1405.0,200.0,384.0,31.023106,0.6371776249159897,-0.23627288165064114,-0.9716867424208803,0.0,0.0,0.0
1647780884,1.0,0.19999993,0.200827,1493.0,701.001,800.0,923.0,997.99805,1192.001,1290.999,1387.0,1409.9971,200.0,896.0,31.367168,0.6371900135345658,-0.2365555238663151,-0.9716179723164518,0.0,0.0,0.0
1647780887,1.0,0.19999993,0.201213,1495.002,783.0,817.999,914.999,1006.99805,1189.998,1208.999,1401.998,1414.0,200.0,640.0,28.80307,0.6371993049984979,-0.2367674923936355,-0.9715663407846269,0.0,0.0,0.0
1647780895,1.0,0.19999993,0.201114,1510.001,705.001,812.001,984.99805,1008.0,1200.999,1297.999,1384.0,1391.9971,200.0,1024.0,30.33088,0.6372240822356501,-0.23733268667808016,-0.9714284306289188,0.0,0.0,0.0
1647781642,10.999998,0.19999993,0.19997,50304.004,42107.0,44094.004,45097.996,45397.996,46997.01,48603.996,49704.004,50001.01,200.0,512.0,29.372417,0.6395376567547394,-0.2897279028403197,-0.9571090545573949,0.0,0.0,0.0
1647781659,10.999998,0.19999993,0.200007,52694.004,42603.004,44201.008,45797.0,46492.996,47898.004,49904.0,50404.996,50998.01,200.0,384.0,29.016064,0.6395903083836879,-0.29091093102051774,-0.9567501399073718,0.0,0.0,0.0
1647781664,12.379011,0.1,0.6284435,218.0,101.13,26174.828,20105.738,4416.835,20202.586,57309.758,17210.053,8779.57,107.38791,65.0,67.86857,0.6396057941569081,-0.2912587959497549,-0.9566442984630699,1.0,0.08333333333333333,27.066666666666666
1647781668,1.0,0.1,0.28974283,218.0,2344.7646,20614.066,23505.25,3610.5806,25990.113,60451.84,26732.242,20825.775,100.0,65.0,67.26746,0.6396181827754842,-0.29153706016957104,-0.9565595342411699,1.0,0.15,27.0
1647781670,1.0,0.1,0.5983095,375.25098,101.13,17543.0,20426.758,11598.646,21242.854,49303.895,28392.783,20241.326,100.0,65.0,63.609062,0.6396243770847723,-0.2916761830301935,-0.956517121777199,1.0,0.18333333333333332,26.966666666666665
1647781673,7.358471,0.22713411,0.89478993,218.0,101.13,17718.566,24215.637,3635.4082,19107.715,57071.695,12466.31,22606.797,100.0,65.0,65.5629,0.6396336685487043,-0.29188485575124357,-0.9564534651424896,1.0,0.23333333333333334,26.916666666666668
1647781674,1.0,0.41607416,0.8315376,218.0,1404.8228,16180.73,22884.605,2631.145,22760.578,62926.258,30345.326,11908.017,100.0,65.0,57.17044,0.6396367657033484,-0.291954410238153,-0.9564322361477013,1.0,0.25,26.9
1647782458,1.0,0.25787795,1.2510426,14141.281,3783.5571,7619.5107,20487.658,20829.95,165.0,26308.979,28254.078,10968.316,100.0,537.8052,72.009995,0.6420649349442668,-0.34598059901854983,-0.9382416666844238,1.0,13.316666666666666,13.833333333333334
1647782471,1.0,0.1,1.216546,23005.121,4324.0127,11009.916,22502.064,16109.854,165.0,19778.508,22843.814,21291.033,100.0,480.6632,54.401554,0.642105197954639,-0.3468674454479029,-0.9379141620044161,1.0,13.533333333333333,13.616666666666667
1647782475,1.0,0.120812595,0.7961755,21961.613,101.13,14112.367,24292.566,25803.205,165.0,17751.996,36559.7,22630.121,100.0,218.56668,59.033318,0.6421175865732152,-0.34714025893926354,-0.9378132226747398,1.0,13.6,13.55
1647782476,1.0,0.1,0.7950251,16679.275,7825.6675,13715.291,20043.469,13728.656,165.0,19661.023,36765.09,27843.125,100.0,225.81711,68.38694,0.6421206837278592,-0.34720845772338,-0.9377879754429312,1.0,13.616666666666667,13.533333333333333
1647782480,1.0,0.50167096,0.58417094,12901.849,3882.7007,17887.12,18950.406,16117.639,165.0,18444.207,24753.062,17510.34,100.0,111.37637,59.76213,0.6421330723464354,-0.34748123449413126,-0.9376869369221449,1.0,13.683333333333334,13.466666666666667
1647782488,1.0,0.73249,0.8852947,7191.8906,8852.862,11639.338,23315.496,12315.389,165.0,21654.383,32062.113,28114.219,100.0,76.79263,55.78208,0.6421578495835876,-0.34802669980519135,-0.9374846218593174,1.0,13.816666666666666,13.333333333333334
1647782489,1.0,0.4432188,0.73606956,20946.66,4859.42,13169.345,26501.582,22924.1,165.0,16441.654,18562.117,17033.2,100.0,375.80286,62.093903,0.6421609467382315,-0.3480948746904382,-0.9374593101645788,1.0,13.833333333333334,13.316666666666666
1647783250,1.0,0.103010654,0.9897423,17468.238,2730.9912,10661.1,39522.367,20592.193,165.0,2371.8066,19837.525,8376.18,442.21335,455.6858,59.57242,0.6445178814223373,-0.39941586833300063,-0.9167698534113101,1.0,26.516666666666666,0.6333333333333333
1647783261,1.0,0.20978343,1.7636784,18200.316,6869.444,15993.832,31889.777,10597.741,165.0,8357.379,23221.865,17832.033,566.70715,514.7918,65.140686,0.6445519501234216,-0.4001491036962126,-0.9164500503634214,1.0,26.7,0.45
1647783285,1.0,0.6362113,1.025854,16506.598,4657.3794,14072.99,35176.156,9489.614,165.0,11043.488,22437.625,19086.873,857.0299,450.35645,65.61368,0.6446262818348782,-0.40174800050325754,-0.9157502629492577,1.0,27.1,0.05
1647783286,1.0,0.7778142,1.2773684,36505.125,4598.5063,28428.576,23815.725,16841.035,165.0,175.0,38380.18,17468.102,751.77954,824.4324,69.53163,0.6446293789895223,-0.40181459467927083,-0.9157210445887619,1.0,27.116666666666667,0.03333333333333333
1647783288,31.0,0.19999993,0.199999,143442.9,102507.79,110214.87,117505.375,120256.93,130807.96,137445.81,140492.0,142589.97,200.0,1024.0,30.769152,0.6446355732988104,-0.40194777665595965,-0.9156625933395612,0.0,0.0,0.0
1647783296,31.0,0.19999993,0.20003101,153296.78,102507.79,110214.87,117505.375,120256.93,130807.96,138638.56,143298.88,147494.19,200.0,255.99997,30.650368,0.6446603505359626,-0.4024804195065629,-0.9154285946559793,0.0,0.0,0.0
1647783303,31.0,0.19999993,0.200086,146994.0,102507.79,110214.87,117505.375,120256.93,130807.96,138301.78,144801.12,146899.81,200.0,128.0,31.051777,0.6446820306184708,-0.4029463702598913,-0.9152235916399766,0.0,0.0,0.0
1647783318,31.0,0.19999993,0.19997601,145699.92,102507.79,110214.87,117505.375,120256.93,130807.96,138638.56,143110.88,145399.97,200.0,768.0,30.900223,0.6447284879381312,-0.40394448439323166,-0.914783500905152,0.0,0.0,0.0
1647784069,41.0,0.19999993,0.200633,178604.28,102507.79,110214.87,117505.375,120256.93,130807.96,138638.56,151036.95,159055.95,200.0,512.0,31.649792,0.6470544510757966,-0.45327760050720745,-0.8913694053973518,0.0,0.0,0.0
1647784072,41.0,0.19999993,0.20065498,178604.28,102507.79,110214.87,117505.375,120256.93,130807.96,138638.56,151036.95,159055.95,200.0,896.0,31.854591,0.6470637425397288,-0.45347205635565435,-0.891270494353187,0.0,0.0,0.0
1647784107,41.0,0.19999993,0.200495,178604.28,102507.79,110214.87,117505.375,120256.93,130807.96,138638.56,151036.95,159055.95,200.0,1024.0,31.760384,0.6471721429522698,-0.4557391106968582,-0.8901133989448967,0.0,0.0,0.0
1647784129,41.0,0.19999993,0.200425,178604.28,102507.79,110214.87,117505.375,120256.93,130807.96,138638.56,151036.95,159055.95,200.0,384.0,31.31392,0.6472402803544384,-0.45716260603385284,-0.8893831298401922,0.0,0.0,0.0
1647784139,41.0,0.19999993,0.200522,178604.28,102507.79,110214.87,117505.375,120256.93,130807.96,138638.56,151036.95,159055.95,200.0,640.0,31.469568,0.6472712519008786,-0.45780926275534106,-0.8890504366656659,0.0,0.0,0.0
1647784148,41.0,0.19999993,0.20124,178604.28,102507.79,110214.87,117505.375,120256.93,130807.96,138638.56,151036.95,159055.95,200.0,255.99997,31.629313,0.6472991262926749,-0.45839104680842996,-0.8887506108047812,0.0,0.0,0.0
1647784156,41.0,0.19999993,0.200391,178604.28,102507.79,110214.87,117505.375,120256.93,130807.96,138638.56,151036.95,159055.95,200.0,128.0,31.846397,0.6473239035298272,-0.458908023351132,-0.8884837793139259,0.0,0.0,0.0
1647784198,41.0,0.19999993,0.200555,178604.28,102507.79,110214.87,117505.375,120256.93,130807.96,138638.56,151036.95,159055.95,200.0,768.0,31.690752,0.6474539840248763,-0.4616195978554114,-0.8870779824095558,0.0,0.0,0.0
1647784916,51.0,0.19999993,0.20098399,178604.28,102507.79,110214.87,117505.375,120256.93,130807.96,138638.56,151036.95,159055.95,200.0,896.0,33.10387,0.6496777410592889,-0.5072877037283032,-0.8617767609108901,0.0,0.0,0.0
1647784924,51.0,0.19999993,0.20122398,178604.28,102507.79,110214.87,117505.375,120256.93,130807.96,138638.56,151036.95,159055.95,200.0,512.0,32.722942,0.6497025182964411,-0.5077889792472644,-0.8614814870645923,0.0,0.0,0.0
1647784981,51.0,0.19999993,0.20144899,178604.28,102507.79,110214.87,117505.375,120256.93,130807.96,138638.56,151036.95,159055.95,200.0,1024.0,32.649216,0.6498790561111507,-0.5113555825229006,-0.8593692269465233,0.0,0.0,0.0
1647785000,51.0,0.19999993,0.202633,178604.28,102507.79,110214.87,117505.375,120256.93,130807.96,138638.56,151036.95,159055.95,200.0,384.0,32.403458,0.6499379020493872,-0.5125425007998652,-0.8586618571206132,0.0,0.0,0.0
1647785013,1.0,0.1,0.6965662,6940.2144,101.13,22481.453,28735.49,3577.4458,24249.818,54824.168,9480.717,17148.668,100.0,65.0,56.840042,0.6499781650597596,-0.5133540391157702,-0.8581769226234904,1.0,0.21666666666666667,21.3
1647785020,1.0,0.1,0.45515049,7463.9307,101.13,20521.553,26170.91,12645.082,25310.016,47849.01,9192.142,19064.902,100.0,65.0,61.255135,0.6499998451422678,-0.5137908312911048,-0.8579154863278757,1.0,0.3333333333333333,21.183333333333334
1647785027,1.0,0.34413636,0.50225335,1620.8086,101.13,15541.592,28201.965,15650.287,14243.054,60704.11,18186.96,19074.87,100.0,65.0,73.23541,0.650021525224776,-0.5142274903245626,-0.8576538277151813,1.0,0.45,21.066666666666666
1647785059,1.0,0.36999166,0.58123064,4460.8555,101.13,17326.428,30733.705,6485.199,18569.973,58043.875,22676.57,22970.754,100.0,65.0,72.47794,0.650120634173385,-0.5162219472294677,-0.8564548448100557,1.0,0.9833333333333333,20.533333333333335
1647785160,1.0,0.1,0.58415735,16347.996,101.13,23322.373,23900.037,11857.59,12446.302,42638.633,20344.158,20418.275,100.0,65.0,73.23541,0.6504334467924318,-0.5224985647159488,-0.8526401643540923,1.0,2.6666666666666665,18.85
1647785163,1.0,0.1,0.9880328,7379.8267,101.13,19022.314,20391.396,4584.837,15493.127,43915.168,37664.29,21027.299,100.0,65.0,58.959793,0.6504427382563639,-0.5226845695074633,-0.8525261525600243,1.0,2.716666666666667,18.8
1647785211,1.0,0.38072902,1.0924723,9643.543,101.13,17761.832,24006.57,10287.543,10623.212,56717.47,24920.352,21636.447,100.0,87.628845,66.42572,0.6505914016792772,-0.5256572567551469,-0.8506964490466935,1.0,3.5166666666666666,18.0
1647785266,1.0,0.560522,0.98613346,1039.7178,101.13,20044.617,34158.6,11523.176,12995.656,54058.87,29116.662,18007.035,100.0,101.40405,70.487015,0.6507617451846989,-0.5290555845692675,-0.8485871719723735,1.0,4.433333333333334,17.083333333333332
1647785270,1.0,0.1,0.68642133,14285.712,101.13,21985.016,25529.508,10251.901,16554.895,38179.953,20480.271,22245.383,100.0,65.0,59.848007,0.650774133803275,-0.5293024061848679,-0.8484332400412593,1.0,4.5,17.016666666666666
1647785271,1.0,0.34256303,0.5682032,2279.0996,101.13,17098.26,22371.887,10284.343,9457.834,44733.285,22657.836,19540.242,100.0,65.0,62.54422,0.650777230957919,-0.5293641045915484,-0.8483947458406306,1.0,4.516666666666667,17.0
1647785288,1.0,0.1,0.94029784,7706.6963,101.13,28696.87,22347.934,5534.4434,7503.8145,36172.383,28890.686,15202.4375,100.0,66.45996,70.03521,0.6508298825868675,-0.5304125489092387,-0.84773965812601,1.0,4.8,16.716666666666665
1647785316,1.0,0.20722067,0.44955927,9007.111,3782.1514,16336.864,24144.992,11941.721,14517.894,38046.35,30887.82,20963.049,100.0,65.0,59.53054,0.6509166029169002,-0.5321376304173835,-0.8466578661382484,1.0,5.266666666666667,16.25
1647786144,1.0,0.2098872,1.4681582,21033.416,1939.188,9759.1875,33461.28,23846.773,165.0,4947.747,34459.914,12080.213,225.62979,316.90894,54.865654,0.6534810469621559,-0.5821229701572896,-0.8131007610470274,1.0,19.066666666666666,2.45
1647786156,1.0,0.1,1.3210577,19744.162,2743.4556,14852.342,27887.238,24780.941,165.0,175.0,48341.895,19983.02,198.5954,435.1607,54.541336,0.6535182128178842,-0.5828323126827837,-0.8125924533816677,1.0,19.266666666666666,2.25
1647786217,1.0,0.26966614,0.7891861,30326.969,5555.9575,16276.139,35613.11,25933.656,165.0,5933.6104,26466.666,19915.65,406.29572,370.038,56.273212,0.65370713925117,-0.5864312630756562,-0.809998996102767,1.0,20.283333333333335,1.2333333333333334
1647786282,1.0,0.7729728,1.72537,32134.027,101.13,22216.021,22288.742,15925.082,165.0,175.0,36697.36,8367.29,704.0658,837.7678,65.32254,0.6539084543030318,-0.590253508550111,-0.8072179356557211,1.0,21.366666666666667,0.15
1647786291,10.999998,0.19999993,0.199963,52902.004,36197.0,39196.992,41399.008,42300.0,45699.0,47208.004,49004.008,50997.004,300.0,128.0,30.543873,0.6539363286948281,-0.5907817049929032,-0.8068314427720813,0.0,0.0,0.0
1647786293,10.999998,0.19999993,0.199962,50297.004,34003.0,36793.0,39700.996,41199.0,44999.008,46595.008,48700.008,49596.004,300.0,768.0,30.720001,0.6539425230041161,-0.5908990476203373,-0.8067455085225937,0.0,0.0,0.0
1647786300,10.999998,0.19999993,0.199995,50993.996,36404.0,39296.008,41198.992,42194.0,45493.0,47200.008,49803.0,50503.0,300.0,640.0,30.244864,0.6539642030866243,-0.5913096483635824,-0.8064446042674825,0.0,0.0,0.0
1647786319,10.999998,0.19999993,0.199988,52599.0,36706.0,39391.008,41699.996,42705.0,45003.992,46500.01,48901.0,50797.0,300.0,255.99997,30.662659,0.6540230490248609,-0.5924233633855241,-0.8056268109459759,0.0,0.0,0.0
1647787245,21.0,0.19999993,0.199957,101298.98,76166.98,80002.0,82671.98,85398.0,90206.97,95403.01,99103.0,100302.97,300.0,512.0,30.785538,0.6568910142252313,-0.6452910379206015,-0.7639368274794408,0.0,0.0,0.0
1647787269,21.0,0.19999993,0.200001,105501.04,76405.0,80400.984,83391.97,85891.984,90998.97,95394.98,100404.03,101598.984,300.0,896.0,30.871552,0.656965345936688,-0.6466233757011502,-0.762809419184667,0.0,0.0,0.0
1647787336,21.0,0.19999993,0.199979,105097.99,76500.984,80596.016,84301.0,86004.016,91701.016,96003.97,100100.02,103106.016,300.0,1024.0,31.309826,0.6571728552978379,-0.6503323810180514,-0.7596497839132136,0.0,0.0,0.0
1647787431,21.0,0.19999993,0.200014,104199.97,76998.97,83300.95,86601.98,88704.96,92699.96,96198.98,98296.01,99395.984,300.0,768.0,30.982141,0.6574670849890206,-0.6555649322431787,-0.7551388081756867,0.0,0.0,0.0
1647787446,21.0,0.19999993,0.19997498,104796.01,80399.984,84399.99,86902.02,88204.0,92602.99,96294.984,98402.97,100004.97,300.0,384.0,30.806019,0.657513542308681,-0.6563882707046496,-0.754423248635247,0.0,0.0,0.0
1647787469,21.0,0.19999993,0.200044,104603.97,81899.01,85702.92,87925.96,89400.95,92799.98,94697.0,97296.01,102000.01,300.0,640.0,31.15008,0.6575847768654937,-0.6576492057130999,-0.7533243141070974,0.0,0.0,0.0
1647787477,21.0,0.19999993,0.200064,103309.016,82006.945,85804.984,88292.0,89995.984,94695.0,96605.04,100506.0,101407.01,300.0,128.0,30.527489,0.6576095541026459,-0.6580873607137054,-0.7529415818434185,0.0,0.0,0.0
1647787511,21.0,0.19999993,0.200015,107698.016,82593.04,86407.0,89396.92,90598.02,92797.984,96291.01,99699.05,102998.95,300.0,255.99997,31.412224,0.6577148573605429,-0.6599470327462688,-0.7513121281926675,0.0,0.0,0.0
1647788505,31.0,0.19999993,0.200129,157199.11,102507.79,110214.87,117505.375,120256.93,130807.96,138638.56,151036.95,154002.05,300.0,512.0,31.39584,0.6607934290767072,-0.7124854515520558,-0.7016868826810596,0.0,0.0,0.0
1647788518,31.0,0.19999993,0.200109,155198.97,102507.79,110214.87,117505.375,120256.93,130807.96,138638.56,149067.06,153006.94,300.0,896.0,31.567871,0.6608336920870796,-0.7131484984903307,-0.7010129949587146,0.0,0.0,0.0
1647788570,31.0,0.19999993,0.200546,150704.05,102507.79,110214.87,117505.375,120256.93,130807.96,138638.56,146003.86,147494.19,300.0,1024.0,31.58016,0.6609947441285691,-0.7157943065191419,-0.6983111847556078,0.0,0.0,0.0
1647788682,31.0,0.19999993,0.200055,158946.9,102507.79,110214.87,117505.375,120256.93,130807.96,138638.56,149108.97,151999.97,300.0,768.0,31.236095,0.6613416254487002,-0.7214581549694843,-0.6924580352830253,0.0,0.0,0.0
1647788708,1.0,0.31854093,0.57727814,218.0,101.13,22564.547,19902.125,5601.537,23180.316,44943.836,16943.11,23634.727,100.0,65.0,42.80712,0.661422151469445,-0.7227661457781697,-0.6910926844620551,1.0,0.43333333333333335,43.03333333333333
1647788727,1.0,0.13254356,0.45144844,218.0,101.13,15436.26,22665.098,5598.115,21063.945,36453.527,20661.898,12603.566,105.64856,65.0,55.339622,0.6614809974076815,-0.7237203514276713,-0.6900933653712431,1.0,0.75,42.71666666666667
1647788729,1.3250446,0.19016564,0.6323058,218.0,101.13,11310.741,20175.965,153.0,20490.566,38941.035,18837.424,21891.582,170.44977,65.0,63.169815,0.6614871917169696,-0.7238207137839641,-0.6899880972142003,1.0,0.7833333333333333,42.68333333333333
1647788770,1.0,0.569302,0.78954065,218.0,101.13,16405.352,20879.11,153.0,20259.32,32417.004,21259.504,10202.915,100.0,65.0,56.160347,0.6616141750573747,-0.7258747647347948,-0.6878268865937172,1.0,1.4666666666666666,42.0
1647789749,1.0,0.1929825,1.3967642,223.4502,4796.108,12360.865,19945.316,21790.18,6583.753,12942.966,23714.527,3848.1953,286.9369,110.763245,57.42537,0.6646462894538787,-0.772964316937241,-0.6344494973926171,1.0,17.783333333333335,25.683333333333334
1647789757,1.0,0.1,0.6318077,5854.437,803.91406,14901.866,18674.936,15455.139,1336.2227,20308.656,41003.094,28340.23,100.0,65.0,57.24428,0.6646710666910309,-0.7733332938617736,-0.6339996976378615,1.0,17.916666666666668,25.55
1647789795,1.0,0.61563325,1.4468832,5799.5186,5298.1064,16362.588,25985.037,13608.04,3126.6875,25027.244,22550.238,19719.027,154.80399,167.39575,63.730392,0.6647887585675041,-0.7750823576645314,-0.6318602209644087,1.0,18.55,24.916666666666668
1647789935,1.0,0.1,1.2359439,10372.526,1347.3442,15676.461,19285.096,16272.165,3188.7583,19468.47,26840.082,11714.311,205.57922,134.96854,60.551075,0.665222360217668,-0.7814751005477468,-0.6239364288322081,1.0,20.883333333333333,22.583333333333332
1647789997,1.0,0.21687949,0.95609164,25987.775,3754.3818,20764.254,17246.773,9700.543,165.0,21842.406,23678.268,14875.332,100.0,292.53064,60.46817,0.6654143838055978,-0.7842803318596857,-0.6204066094571052,1.0,21.916666666666668,21.55
1647790010,1.0,0.1,0.607126,13648.38,101.13,17576.893,25409.125,16122.249,5567.986,15848.27,18346.254,15786.042,134.60504,412.88492,73.23541,0.6654546468159702,-0.7848665054383543,-0.6196648841438295,1.0,22.133333333333333,21.333333333333332
1647790024,1.0,0.25918168,0.874128,10730.619,5805.543,16534.797,17415.826,18156.176,165.0,8589.094,34142.062,6352.669,222.02148,328.6297,46.829224,0.6654980069809866,-0.785496984782947,-0.6188654836851856,1.0,22.366666666666667,21.1
1647790056,1.0,0.6778579,0.45993766,15256.362,6997.5225,15166.861,25405.98,16523.13,165.0,20511.574,28727.035,16470.059,217.21414,268.4356,55.31,0.6655971159295955,-0.7869350219613376,-0.6170358751407484,1.0,22.9,20.566666666666666
1647791034,1.0,0.1,1.1541938,32919.406,4979.8853,19250.521,40743.43,16953.895,165.0,175.0,12709.04,16621.299,514.111,395.37634,43.05556,0.6686261331714554,-0.8287934997112744,-0.5595545861096466,1.0,39.2,4.266666666666667
1647791048,1.0,0.26027054,1.0149902,8902.498,11591.235,14333.198,28963.262,15732.533,165.0,1467.4336,25668.281,14744.402,510.85794,458.38858,58.482014,0.6686694933364717,-0.8293627574810686,-0.5587104943558857,1.0,39.43333333333333,4.033333333333333
1647791068,1.0,0.1,1.8136727,25634.96,9041.215,18731.41,19945.137,20652.107,165.0,175.0,33297.742,15410.039,688.44116,562.37885,62.726402,0.6687314364293524,-0.8301744914525838,-0.5575036445992473,1.0,39.766666666666666,3.7
1647791202,1.0,0.6967022,1.3125275,21433.863,8543.582,24788.348,26156.436,8747.279,165.0,175.0,28418.75,20272.74,844.8915,568.26733,61.652084,0.6691464551516522,-0.8355677254168437,-0.5493874554826694,1.0,42.0,1.4666666666666666
1647791290,51.0,0.19999993,0.20178801,178604.28,102507.79,110214.87,117505.375,120256.93,130807.96,138638.56,151036.95,159055.95,300.0,384.0,32.956417,0.6694190047603267,-0.8390664188283521,-0.5440289926047732,0.0,0.0,0.0
1647791302,51.0,0.19999993,0.201468,178604.28,102507.79,110214.87,117505.375,120256.93,130807.96,138638.56,151036.95,159055.95,300.0,640.0,33.30048,0.669456170616055,-0.8395408541326682,-0.5432965619642645,0.0,0.0,0.0
1647791304,51.0,0.19999993,0.203559,178604.28,102507.79,110214.87,117505.375,120256.93,130807.96,138638.56,151036.95,159055.95,300.0,128.0,33.153023,0.6694623649253431,-0.8396198645344127,-0.5431744499506714,0.0,0.0,0.0
1647791372,1.0,0.19999993,0.20067598,1400.0029,722.0,892.999,998.001,1086.0,1192.001,1292.999,1310.002,1394.0,400.0,512.0,32.14131,0.669672971441137,-0.8422956392983705,-0.5390158216777586,0.0,0.0,0.0
1647791379,51.0,0.19999993,0.201331,178604.28,102507.79,110214.87,117505.375,120256.93,130807.96,138638.56,151036.95,159055.95,300.0,255.99997,34.013184,0.6696946515236453,-0.8425699185087333,-0.5385869775850383,0.0,0.0,0.0
1647791384,1.0,0.19999993,0.201004,1600.002,716.0,892.0,993.0,1003.0,1108.0,1214.001,1385.998,1492.999,400.0,896.0,30.437374,0.6697101372968653,-0.8427656985567145,-0.5382805749200069,0.0,0.0,0.0
1647791401,1.0,0.19999993,0.201048,1606.998,711.0,816.00195,989.999,1005.999,1186.0,1216.999,1389.001,1397.0,400.0,1024.0,30.39232,0.6697627889258139,-0.8434305171128619,-0.5372382737694051,0.0,0.0,0.0
1647791562,1.0,0.19999993,0.201417,1484.001,805.001,988.0,1014.0,1096.999,1199.0,1292.999,1385.001,1394.999,400.0,768.0,31.82592,0.6702614308235024,-0.8496626842492768,-0.5273265809669694,0.0,0.0,0.0
1647791633,1.0,0.19999993,0.203328,1495.998,703.999,802.0,906.0,997.99805,1195.001,1276.001,1384.0,1415.998,400.0,128.0,29.9008,0.6704813288032285,-0.8523740737153921,-0.5229325371955996,0.0,0.0,0.0
1647791643,1.0,0.19999993,0.201468,1499.999,796.0,896.0,920.0,1001.00195,1189.998,1286.001,1315.002,1401.001,400.0,640.0,32.161793,0.6705123003496688,-0.8527541355654965,-0.5223125350553467,0.0,0.0,0.0
1647791671,1.0,0.19999993,0.201727,1690.0,901.00195,1004.0,1097.0,1110.002,1206.001,1292.001,1396.999,1410.999,400.0,384.0,31.776768,0.6705990206797016,-0.8538159088982389,-0.5205750605938343,0.0,0.0,0.0
1647791712,1.0,0.19999993,0.20141,1496.999,703.999,803.999,992.00195,1084.999,1194.001,1292.001,1382.0,1403.002,400.0,255.99997,32.68608,0.6707260040201067,-0.8553642601605066,-0.5180270093731303,0.0,0.0,0.0
1647792759,10.999998,0.19999993,0.199979,53094.004,36203.0,39396.992,41201.0,42594.984,45401.008,47496.0,49093.996,49593.008,400.0,1024.0,31.084543,0.6739687249324046,-0.8922905286351775,-0.4514616401289875,0.0,0.0,0.0
1647792761,10.999998,0.19999993,0.200001,53501.996,37395.992,40396.0,42096.0,42999.0,45596.996,47504.01,49896.996,50802.004,400.0,512.0,31.633408,0.6739749192416926,-0.8923561816310839,-0.4513318569575962,0.0,0.0,0.0
1647792767,10.999998,0.19999993,0.200025,54996.01,36604.008,39694.0,42001.996,43294.996,45702.996,47897.0,49398.0,49997.996,400.0,896.0,31.199234,0.6739935021695568,-0.8925530273519011,-0.45094245016959367,0.0,0.0,0.0
1647792951,10.999998,0.19999993,0.199964,52000.004,37209.0,40500.01,42103.004,42904.0,46296.992,47806.004,49298.008,49600.004,400.0,768.0,31.531008,0.6745633786240581,-0.8985069405675976,-0.4389593121826391,0.0,0.0,0.0
1647793080,1.0,0.1,0.9450288,218.0,1394.7051,23022.738,12600.963,153.0,11129.374,50879.402,21760.193,35440.727,100.0,65.0,47.702675,0.6749629115731378,-0.9025852843498606,-0.43051109680829514,1.0,2.15,53.2
1647793104,1.0,0.1,0.5758021,218.0,101.13,13343.547,35471.25,13837.279,28635.75,44336.37,25786.254,7765.7485,170.84052,65.0,48.348873,0.6750372432845945,-0.9033352928633007,-0.42893513340314604,1.0,2.55,52.8
1647793108,1.0,0.1,0.8234391,218.0,101.13,10663.069,26763.936,10892.68,19606.82,36606.734,23855.07,17939.195,109.92963,65.0,51.070374,0.6750496319031706,-0.9034600268158437,-0.42867234567430973,1.0,2.6166666666666667,52.733333333333334
1647793183,1.0,0.90310025,0.9039453,218.0,101.13,16060.428,25703.39,14135.747,19031.424,36260.39,20812.7,7892.4497,100.0,65.0,51.902832,0.6752819185014727,-0.9057846222367695,-0.4237383840524633,1.0,3.8666666666666667,51.483333333333334
1647794348,1.0,0.1,1.6736467,4655.7715,1130.7031,11675.953,25936.637,21325.676,5849.959,15932.592,21530.297,11673.145,100.0,105.76605,55.521217,0.6788901036617659,-0.9383925398806712,-0.3455711809400531,1.0,23.283333333333335,32.06666666666667
1647794354,1.0,0.1,0.9555228,4350.337,844.21875,19618.969,23642.309,13691.308,10518.071,17753.006,28100.445,14332.539,273.47186,231.01685,65.44425,0.6789086865896301,-0.9385432344202252,-0.3451616970696808,1.0,23.383333333333333,31.966666666666665
1647794364,1.0,0.1,0.5924761,280.83984,1337.1641,14210.493,16882.111,15175.3545,11550.574,19026.738,33965.266,18515.676,504.45355,65.0,72.74401,0.6789396581360704,-0.9387939948933656,-0.3444790779599765,1.0,23.55,31.8
1647794526,1.0,0.105321705,0.8113923,12008.838,10053.35,17627.877,15908.017,13588.93,8672.023,21177.336,15542.661,13098.2705,393.7533,359.93307,63.01106,0.679441397188403,-0.9427870520737242,-0.3333955225286282,1.0,26.25,29.1
1647794707,1.0,0.59799767,1.0762389,11672.277,7449.753,12547.489,28426.855,12184.531,165.0,17223.459,13487.634,12393.663,100.0,416.4245,59.01741,0.6800019821789722,-0.9470936369589829,-0.3209573847597317,1.0,29.266666666666666,26.083333333333332
1647794723,1.0,0.1,1.0331196,8134.487,8574.369,13282.584,19530.85,18700.002,2498.1748,20925.977,18346.695,9026.4795,648.38184,90.524994,53.53118,0.6800515366532767,-0.9474664466358099,-0.31985517425752547,1.0,29.533333333333335,25.816666666666666
1647794724,1.0,0.8585593,0.96008337,9743.264,6543.1846,17267.547,18308.053,18957.02,4460.821,8747.919,25875.574,10102.04,405.3595,206.88748,61.402252,0.6800546338079206,-0.9474897046551206,-0.31978627170745194,1.0,29.55,25.8
1647794797,1.0,0.1,0.9550282,10625.494,965.18066,8963.6875,28065.914,23216.047,165.0,14229.625,16501.863,24013.598,436.7944,301.59406,60.65161,0.6802807260969348,-0.9491739979627812,-0.3147518412834944,1.0,30.766666666666666,24.583333333333332
1647795828,1.0,0.1,1.1315928,11493.971,4338.7876,13930.779,32788.08,17727.328,165.0,175.0,15114.138,11105.111,720.7446,574.5318,57.982994,0.6834738925349282,-0.970084240161046,-0.24276854613224944,1.0,47.95,7.4
1647795841,1.0,0.1,0.65829825,13858.932,3097.5107,19530.666,25567.56,15503.911,165.0,175.0,32895.812,17866.262,590.47046,278.85797,55.061584,0.6835141555453005,-0.9703133167669901,-0.24185133306360493,1.0,48.166666666666664,7.183333333333334
1647795861,1.0,0.1,1.0823516,21235.717,7533.0454,23030.629,28370.72,11747.48,165.0,175.0,26681.2,17266.123,580.6362,496.66803,53.57019,0.6835760986381811,-0.9706640488485561,-0.24043981424241695,1.0,48.5,6.85
1647796020,1.0,0.7241322,1.6568394,32119.322,6409.166,26469.092,30758.023,8283.5625,165.0,175.0,32395.19,19321.66,1000.0,571.334,63.68149,0.6840685462265816,-0.9733792584604485,-0.22920039092241418,1.0,51.15,4.2
1647796272,31.0,0.19999993,0.20021698,145896.92,102507.79,110214.87,117505.375,120256.93,130807.96,135194.0,140110.84,142098.89,400.0,128.0,32.616447,0.6848490291968768,-0.9774158942860959,-0.2113247964553889,0.0,0.0,0.0
1647796285,31.0,0.19999993,0.200247,150103.97,102507.79,110214.87,117505.375,120256.93,130807.96,136304.0,139393.97,147497.88,400.0,384.0,31.920128,0.6848892922072491,-0.9776152411180574,-0.2104006661911566,0.0,0.0,0.0
1647796295,31.0,0.19999993,0.199911,147799.05,102507.79,110214.87,117505.375,120256.93,130807.96,136195.94,140298.88,142297.16,400.0,640.0,32.55091,0.6849202637536895,-0.9777679902810513,-0.20968966875302644,0.0,0.0,0.0
1647796374,31.0,0.19999993,0.200079,143394.02,102507.79,110214.87,117505.375,120256.93,130807.96,135293.12,139103.97,140800.94,400.0,255.99997,33.017857,0.6851649389705677,-0.9789565238128861,-0.20406892091690518,0.0,0.0,0.0
1647797352,41.0,0.19999993,0.201596,178604.28,102507.79,110214.87,117505.375,120256.93,130807.96,138638.56,151036.95,159055.95,400.0,1024.0,33.357822,0.6881939562124276,-0.9909831997148363,-0.13398618541829188,0.0,0.0,0.0
1647797392,41.0,0.19999993,0.20065698,178604.28,102507.79,110214.87,117505.375,120256.93,130807.96,138638.56,151036.95,159055.95,400.0,512.0,33.226753,0.6883178423981888,-0.9913687565335235,-0.13110296933775112,0.0,0.0,0.0
1647797466,41.0,0.19999993,0.20131102,178604.28,102507.79,110214.87,117505.375,120256.93,130807.96,138638.56,151036.95,159055.95,400.0,896.0,33.243137,0.6885470318418468,-0.9920599199341991,-0.12576611332211324,0.0,0.0,0.0
1647797565,41.0,0.19999993,0.200313,178604.28,102507.79,110214.87,117505.375,120256.93,130807.96,138638.56,151036.95,159055.95,400.0,768.0,33.050625,0.6888536501516057,-0.9929396527372348,-0.11862059695541698,0.0,0.0,0.0
1647797859,41.0,0.19999993,0.201054,178604.28,102507.79,110214.87,117505.375,120256.93,130807.96,138638.56,151036.95,159055.95,400.0,128.0,33.15712,0.6897642136169501,-0.9952486655831865,-0.0973657725018743,0.0,0.0,0.0
1647797875,41.0,0.19999993,0.20053901,178604.28,102507.79,110214.87,117505.375,120256.93,130807.96,138638.56,151036.95,159055.95,400.0,384.0,32.78848,0.6898137680912546,-0.9953612820670029,-0.09620768244756922,0.0,0.0,0.0
1647797892,41.0,0.19999993,0.20032,178604.28,102507.79,110214.87,117505.375,120256.93,130807.96,138638.56,151036.95,159055.95,400.0,640.0,33.53395,0.689866419720203,-0.9954794605355862,-0.0949770690839545,0.0,0.0,0.0
1647797978,41.0,0.19999993,0.201284,178604.28,102507.79,110214.87,117505.375,120256.93,130807.96,138638.56,151036.95,159055.95,400.0,255.99997,33.93536,0.6901327750195895,-0.996053984026992,-0.08874942762608057,0.0,0.0,0.0
1647799145,51.0,0.19999993,0.20095,178604.28,102507.79,110214.87,117505.375,120256.93,130807.96,138638.56,151036.95,159055.95,400.0,1024.0,34.39411,0.6937471544891708,-0.9999920011591458,-0.0039997022047922786,0.0,0.0,0.0
1647799203,51.0,0.19999993,0.201186,178604.28,102507.79,110214.87,117505.375,120256.93,130807.96,138638.56,151036.95,159055.95,400.0,512.0,34.74227,0.6939267894585245,-0.9999999762017642,0.00021816615476865942,0.0,0.0,0.0
1647799324,51.0,0.19999993,0.201635,178604.28,102507.79,110214.87,117505.375,120256.93,130807.96,138638.56,151036.95,159055.95,400.0,896.0,34.664448,0.694301545170452,-0.9999593423115644,0.009017412257603665,0.0,0.0,0.0
1647799396,51.0,0.19999993,0.20168099,178604.28,102507.79,110214.87,117505.375,120256.93,130807.96,138638.56,151036.95,159055.95,400.0,768.0,34.381824,0.6945245403048219,-0.9998984202718829,0.014253039598380724,0.0,0.0,0.0
1647799666,6.522318,0.1,0.6290096,218.0,101.13,18002.455,26987.781,11812.732,20050.484,33862.72,21189.123,12941.985,210.78055,65.0,61.57759,0.6953607720587096,-0.9994258405383034,0.033881990264824954,1.0,4.5,40.1
1647799721,1.0,0.1,0.8059403,218.0,101.13,25497.898,29397.94,5078.1064,19057.158,33858.203,32742.27,9382.985,143.04785,65.0,56.958515,0.6955311155641313,-0.9992823284188944,0.03787912498610425,1.0,5.416666666666667,39.18333333333333
1647799812,1.0,0.64243317,1.6493702,218.0,101.13,13518.958,18772.312,153.0,19870.941,31258.752,34947.223,10650.408,111.57211,65.0,66.01549,0.6958129566367378,-0.9990097760809875,0.044491204688288495,1.0,6.933333333333334,37.666666666666664
1647799814,1.0,0.30964202,0.557707,218.0,101.13,18330.262,20965.312,10988.435,14869.773,33855.836,32828.54,14059.132,100.0,65.0,58.716236,0.6958191509460259,-0.9990032945310736,0.04463650429929562,1.0,6.966666666666667,37.63333333333333
1647799820,1.0,0.1,0.585112,218.0,3717.3857,17511.969,23383.473,5233.2876,17167.84,36260.727,25873.695,13452.4795,215.91711,65.0,45.956436,0.69583773387389,-0.9989837230844637,0.04507239745457948,1.0,7.066666666666666,37.53333333333333
1647799850,1.0,0.3079126,0.7421501,218.0,101.13,17240.465,18208.826,153.0,11289.13,33324.42,24089.617,14916.247,186.85547,65.0,62.248985,0.695930648513211,-0.9988830130412104,0.0472517328540771,1.0,7.566666666666666,37.03333333333333
1647799900,3.255085,0.5410243,0.9786798,801.375,101.13,16578.025,31647.959,8993.898,17289.748,39876.797,33669.703,11390.939,100.0,65.0,61.346718,0.6960855062454123,-0.9987045980408904,0.05088345361690244,1.0,8.4,36.2
1647799933,1.0,0.4777797,0.6884749,218.0,101.13,15312.231,24785.033,5328.3716,15019.148,35877.64,26697.863,13078.925,164.6708,65.0,67.852234,0.6961877123486653,-0.9985796107806014,0.05328002377310492,1.0,8.95,35.65
1647800264,5.49938,0.40600935,0.5799556,218.0,101.13,14454.336,19405.43,9720.538,3903.1704,30053.354,25187.059,11770.495,100.0,65.0,72.99426,0.6972128705358387,-0.9970079501749866,0.07729907688887125,1.0,14.466666666666667,30.133333333333333
1647800275,1.0,0.1,0.83121336,218.0,101.13,14494.637,16828.227,4298.2754,11236.531,37986.9,28400.77,22142.926,328.0996,65.0,66.19205,0.697246939236923,-0.9969457963623348,0.07809660117745248,1.0,14.65,29.95
1647800286,1.0,0.34087312,0.348679,218.0,1164.709,22498.172,13681.375,10747.743,13566.335,19884.756,32212.45,14205.642,280.7893,148.83826,73.23541,0.6972810079380074,-0.9968830045960054,0.07889407549138615,1.0,14.833333333333334,29.766666666666666
1647800386,1.0,0.50951004,0.6434239,218.0,101.13,20356.332,17111.174,23032.54,6770.48,20989.291,35301.332,13191.756,100.0,65.0,73.23541,0.6975907234024102,-0.9962829157985411,0.08614146323320145,1.0,16.5,28.1
1647801453,1.0,0.50133,1.5619841,26134.336,1799.8491,13965.029,28768.746,24993.236,165.0,1250.0449,18938.074,5143.5576,100.0,514.5997,42.93292,0.7008953874075886,-0.9866077703254486,0.16311072169985297,1.0,34.28333333333333,10.316666666666666
1647801476,1.0,0.37200618,1.129912,24050.39,506.3047,15905.936,23812.21,16873.152,165.0,4865.7646,25925.232,23884.781,355.29724,374.94406,53.647984,0.7009666219644013,-0.9863335702112215,0.16476070003002938,1.0,34.666666666666664,9.933333333333334
1647801665,1.0,0.1,1.0522679,21140.684,6674.033,12540.58,23896.848,12777.563,165.0,1932.8535,23026.416,12024.533,419.44717,323.38617,58.279167,0.7015519841921227,-0.9839759304975322,0.17830134099752482,1.0,37.81666666666667,6.783333333333333
1647801697,1.0,0.4267976,1.9239987,31689.828,8684.23,22416.45,21638.11,15932.011,165.0,175.0,36765.6,16976.19,564.7412,810.44714,62.53692,0.7016510931407316,-0.9835583404898923,0.18059067210896892,1.0,38.35,6.25
1647802072,10.999998,0.19999993,0.20001602,51506.004,38999.0,41006.004,41901.996,42992.004,44499.0,46590.99,47998.0,49094.0,500.0,384.0,32.681984,0.7028125261322423,-0.9782683933118155,0.20734259245779468,0.0,0.0,0.0
1647802081,10.999998,0.19999993,0.199938,49406.0,39406.004,41799.0,42798.996,43303.004,45199.008,46494.008,47802.004,48893.996,500.0,640.0,32.964607,0.7028404005240385,-0.9781324783825281,0.2079828231687731,0.0,0.0,0.0
1647802116,10.999998,0.19999993,0.20002002,50904.008,40296.008,42299.996,43493.004,44098.0,45499.996,46702.008,47999.008,49096.004,500.0,128.0,34.504704,0.7029488009365795,-0.9775999377647907,0.21047175982130562,0.0,0.0,0.0
1647802220,10.999998,0.19999993,0.200014,52007.008,40206.0,41995.0,43105.0,43800.004,45797.996,47601.992,49470.004,50492.008,500.0,255.99997,33.263615,0.7032709050195586,-0.9759801759455133,0.2178593494926599,0.0,0.0,0.0
1647803179,21.0,0.19999993,0.200018,92405.99,72097.984,76003.0,79100.01,80792.01,84306.98,87400.99,89399.04,89793.984,500.0,1024.0,32.77619,0.7062410763231819,-0.9584263903335597,0.2853398926056136,0.0,0.0,0.0
1647803190,21.0,0.19999993,0.20007199,91301.02,70804.016,75591.98,78507.984,80301.0,83795.02,85498.99,87997.016,89492.01,500.0,512.0,32.161793,0.7062751450242662,-0.9581978281773966,0.2861064873017042,0.0,0.0,0.0
1647803358,21.0,0.19999993,0.200059,95003.01,69901.03,74403.05,77492.01,79597.984,83302.0,85902.96,87999.99,91692.99,500.0,768.0,32.99328,0.706795467004463,-0.9546309543537911,0.2977914387445854,0.0,0.0,0.0
1647803473,21.0,0.19999993,0.200061,93401.01,73901.99,77947.016,80201.0,81397.05,84989.02,87795.0,89799.03,91297.016,500.0,896.0,32.61235,0.7071516397885262,-0.9521071594345772,0.30576454495807803,0.0,0.0,0.0
1647803885,21.0,0.19999993,0.199969,97002.97,75603.984,79401.01,81978.98,83595.016,86875.99,89005.984,92090.0,93303.984,500.0,384.0,32.731136,0.708427667501866,-0.9425200531812429,0.33414959127795907,0.0,0.0,0.0
1647803903,21.0,0.19999993,0.199999,93605.99,76093.02,80305.98,82402.98,83396.98,86100.016,88504.01,91905.99,93092.03,500.0,640.0,32.77619,0.7084834162854585,-0.9420818450227958,0.33538306051207306,0.0,0.0,0.0
1647803917,21.0,0.19999993,0.199971,97408.0,75397.0,79098.99,80999.99,82304.04,85994.99,89498.016,90994.03,93196.016,500.0,128.0,33.492992,0.7085267764504749,-0.9417399004046202,0.3363420282776091,0.0,0.0,0.0
1647804069,21.0,0.19999993,0.199999,99307.0,77304.01,80923.04,83597.98,84904.99,89412.02,91995.016,96003.97,96706.01,500.0,255.99997,33.6896,0.7089975439563673,-0.9379646019088516,0.34673102769433484,0.0,0.0,0.0
1647805108,31.0,0.19999993,0.200363,155596.94,102507.79,110214.87,117505.375,120256.93,130807.96,138638.56,144601.0,145899.12,500.0,1024.0,33.263615,0.7122154876315129,-0.9091149794068757,0.4165452607076884,0.0,0.0,0.0
1647805123,31.0,0.19999993,0.20028898,150801.95,102507.79,110214.87,117505.375,120256.93,130807.96,138638.56,143395.08,145603.05,500.0,512.0,33.11616,0.7122619449511733,-0.9086600582210393,0.4175367032893484,0.0,0.0,0.0
1647805323,31.0,0.19999993,0.200171,148301.98,102507.79,110214.87,117505.375,120256.93,130807.96,138638.56,144498.8,145906.05,500.0,768.0,33.685505,0.712881375879979,-0.9024913399193473,0.4307080001237278,0.0,0.0,0.0
1647805536,31.0,0.19999993,0.20044398,155904.94,102507.79,110214.87,117505.375,120256.93,130807.96,138638.56,149396.0,150903.89,500.0,896.0,33.41107,0.7135410698191571,-0.895711760239413,0.4446351791849271,0.0,0.0,0.0
1647805958,1.0,0.11210537,0.46861413,218.0,7865.6045,12108.862,24417.285,153.0,26919.11,38610.242,23020.16,32264.422,278.03394,65.0,29.294613,0.7148480690789372,-0.8816468676099262,0.47190973801523245,1.0,7.033333333333333,66.21666666666667
1647805979,1.0,0.1,0.40243912,218.0,101.13,13133.875,13487.515,1548.25,19280.508,42726.93,21764.08,17430.986,100.0,65.0,26.10094,0.7149131093264618,-0.8809251566535897,0.47325560575110825,1.0,7.383333333333334,65.86666666666666
1647806008,2.2555408,0.6128908,0.2246134,218.0,101.13,7788.8096,19109.125,6173.3975,12211.171,31975.46,32553.607,12908.183,272.4884,65.0,61.358585,0.7150029268111386,-0.8799251309347614,0.4751123698131244,1.0,7.866666666666666,65.38333333333334
1647806186,1.0,0.4221108,0.8870115,218.0,101.13,22843.3,28650.078,15210.551,15594.662,25246.05,26141.66,13760.559,225.33429,65.0,54.533295,0.7155542203377757,-0.8737014791800202,0.48646246029744655,1.0,10.833333333333334,62.416666666666664
1647807248,1.0,0.1565755,0.36233383,6342.771,101.13,11179.235,23124.307,22794.121,3360.0405,21355.14,22289.578,12613.3125,100.0,65.0,73.23541,0.718843398569734,-0.8335645770432962,0.5524220269853752,1.0,28.533333333333335,44.71666666666667
1647807275,1.0,0.1,0.87155604,1648.6797,101.13,20019.152,17692.63,15300.498,8975.185,25110.611,13664.488,7198.6265,100.0,114.83139,61.162186,0.7189270217451228,-0.8324782928005551,0.5540576612735116,1.0,28.983333333333334,44.266666666666666
1647807510,1.0,0.5454022,1.6768273,9120.749,7081.7505,18648.738,26676.934,14245.92,5196.512,15689.571,24340.893,15309.601,143.66824,381.86847,64.74132,0.7196548530864695,-0.8228885216108303,0.5682028519825838,1.0,32.9,40.35
1647807762,1.0,0.1,0.5717629,5186.661,2460.0132,12179.624,25836.54,16222.439,6144.0938,19010.928,12740.844,9261.539,602.54,65.0,49.830063,0.7204353360567647,-0.8123380674655879,0.5831868175347192,1.0,37.1,36.15
1647808149,6.533844,0.36740005,1.3515607,15992.706,101.13,16444.643,26798.932,23731.5,165.0,8759.373,20229.367,14396.45,255.94133,386.97687,57.996613,0.7216339349040037,-0.7956056680831508,0.6058148404537176,1.0,43.55,29.7
1647808182,1.0,0.43134576,1.0023638,14531.582,101.13,16545.98,24518.71,19579.16,165.0,9731.02,23934.969,10922.472,207.10669,249.50662,49.593136,0.7217361410072566,-0.7941495272161562,0.6077224106632532,1.0,44.1,29.15
1647808216,1.0,0.22441125,1.7243472,9166.948,12118.231,12154.91,14562.483,16195.607,165.0,8238.221,22452.129,7778.017,351.49036,470.30093,42.275097,0.7218414442651536,-0.7926444773219952,0.6096841252410473,1.0,44.666666666666664,28.583333333333332
1647808407,1.0,0.4854593,1.2002667,23568.523,6814.375,17680.793,11105.667,23390.502,165.0,10830.195,15779.278,11097.794,619.19806,538.1899,49.14549,0.7224330008021631,-0.784099829713649,0.6206347211065674,1.0,47.85,25.4
1647809387,1.0,0.1,1.1080229,7176.433,8434.535,11629.363,34661.973,14183.651,165.0,175.0,16930.066,10169.358,419.32678,533.8408,52.048717,0.725468212353311,-0.7379157012241759,0.6748928936407855,1.0,64.18333333333334,9.066666666666666
1647809417,1.0,0.1,1.596797,23261.281,7535.199,15026.363,33980.18,21528.85,165.0,175.0,20619.396,22501.969,302.29422,445.882,48.989784,0.7255611269926319,-0.7364415583971422,0.6765011685618796,1.0,64.68333333333334,8.566666666666666
1647809694,1.0,0.71084136,1.1856908,11458.841,15830.905,13645.987,40547.97,13026.5205,165.0,175.0,25429.771,19006.59,807.2106,402.17035,51.997543,0.7264190388290278,-0.7226656227773289,0.6911977992267159,1.0,69.3,3.95
1647809911,1.0,1.1189469,1.5311805,20473.363,14185.204,25915.121,36478.21,13493.334,165.0,175.0,34046.367,19609.697,619.6829,1024.0,68.61118,0.727091121386782,-0.7116685196738805,0.7025154219696444,1.0,72.91666666666667,0.3333333333333333
1647809931,1.0,0.19999993,0.201259,1496.999,792.0,905.0,1002.0,1093.0,1202.001,1299.0,1393.999,1406.999,600.0,512.0,33.460224,0.7271530644796625,-0.710646000039622,0.7035497584589776,0.0,0.0,0.0
1647809949,51.0,0.19999993,0.204355,178604.28,102507.79,110214.87,117505.375,120256.93,130807.96,138638.56,151036.95,159055.95,500.0,896.0,34.80371,0.727208813263255,-0.7097244469860955,0.704479388875417,0.0,0.0,0.0
1647810217,1.0,0.19999993,0.201646,1786.999,799.999,984.99805,1009.001,1096.999,1204.001,1300.999,1390.0,1405.0,600.0,768.0,34.349056,0.7280388507078547,-0.6958605711341059,0.7181769040709369,0.0,0.0,0.0
1647810392,51.0,0.19999993,0.203461,178604.28,102507.79,110214.87,117505.375,120256.93,130807.96,138638.56,151036.95,159055.95,500.0,384.0,35.196926,0.7285808527705597,-0.6866646905421451,0.7269742792992474,0.0,0.0,0.0
1647810426,51.0,0.19999993,0.203228,178604.28,102507.79,110214.87,117505.375,120256.93,130807.96,138638.56,151036.95,159055.95,500.0,640.0,34.86515,0.7286861560284567,-0.684865113321849,0.7286698680161345,0.0,0.0,0.0
1647810486,51.0,0.19999993,0.203035,178604.28,102507.79,110214.87,117505.375,120256.93,130807.96,138638.56,151036.95,159055.95,500.0,128.0,35.2256,0.7288719853070984,-0.6816791818989464,0.7316512099119246,0.0,0.0,0.0
1647810498,1.0,0.19999993,0.203775,1501.999,897.0,1004.0,1100.001,1112.001,1211.001,1300.999,1392.002,1395.998,600.0,896.0,33.28,0.7289091511628267,-0.681040436286352,0.7322458085526303,0.0,0.0,0.0
1647810694,51.0,0.19999993,0.203733,178604.28,102507.79,110214.87,117505.375,120256.93,130807.96,138638.56,151036.95,159055.95,500.0,255.99997,35.59424,0.7295161934730563,-0.6705345278789483,0.7418783235289707,0.0,0.0,0.0
1647810923,1.0,0.19999993,0.202371,1603.999,810.999,999.0,1096.0,1102.999,1206.001,1301.998,1392.999,1401.999,600.0,384.0,31.973375,0.7302254418865388,-0.6580873607137061,0.752941581843418,0.0,0.0,0.0
1647810987,1.0,0.19999993,0.20236802,1594.9971,904.99805,1005.999,1099.001,1112.001,1216.001,1299.0,1390.999,1394.999,600.0,640.0,31.768576,0.7304236597837567,-0.6545758964907267,0.7559962934653592,0.0,0.0,0.0
1647811056,1.0,0.19999993,0.202276,1507.0,919.0,1098.001,1111.0,1193.999,1291.001,1306.999,1400.001,1485.0,600.0,128.0,33.10387,0.7306373634541946,-0.6507742172658507,0.759271307334881,0.0,0.0,0.0
1647811273,1.0,0.19999993,0.203451,1511.001,987.0,1097.001,1109.0,1193.999,1291.999,1307.999,1393.999,1401.999,600.0,255.99997,32.54272,0.7313094460119488,-0.6387118635120075,0.769446005518918,0.0,0.0,0.0
1647812178,10.999998,0.19999993,0.200036,53201.0,41103.0,43101.0,44497.992,44999.996,47100.008,48702.996,50104.996,51300.01,600.0,1024.0,34.07872,0.7341123709647946,-0.5867257482486657,0.8097857101369741,0.0,0.0,0.0
1647812196,10.999998,0.19999993,0.200014,52599.0,41395.0,42998.004,44095.008,44705.004,46307.0,48030.996,49603.004,50502.004,600.0,512.0,32.69427,0.7341681197483871,-0.5856652388662802,0.810553038353261,0.0,0.0,0.0
1647812474,10.999998,0.19999993,0.20002198,52901.0,41103.0,42995.016,44000.996,44797.0,46695.008,47909.004,48899.0,49804.0,600.0,768.0,33.439743,0.735029128739427,-0.5691599414063195,0.8222268306850335,0.0,0.0,0.0
1647812801,10.999998,0.19999993,0.200008,54098.004,41904.0,43506.01,44497.992,45405.004,47000.996,48095.0,49303.0,49902.008,600.0,896.0,32.403458,0.7360418983080245,-0.5494482182296156,0.8355277706242329,0.0,0.0,0.0
1647813212,12.440592,0.1,0.13725662,218.0,2316.9219,17205.459,26658.254,153.0,20401.25,25064.896,19029.473,16349.895,363.32843,65.0,43.8723,0.7373148288667202,-0.5242336411199481,0.8515744767888017,1.0,6.85,78.7
1647813245,1.0,0.1,0.54695314,218.0,101.13,18083.68,16725.055,24968.809,23106.236,38293.0,25210.73,17727.668,144.3017,99.11441,42.451523,0.7374170349699731,-0.5221885014698243,0.8528300938244964,1.0,7.4,78.15
1647813337,1.0,0.6689309,0.81511045,218.0,101.13,2795.8184,28208.977,5333.0474,21499.04,40585.0,24227.443,17900.049,138.492,65.0,42.474823,0.7377019731972237,-0.5164710580012595,0.8563046456997998,1.0,8.933333333333334,76.61666666666666
1647813529,1.0,0.40904865,0.927534,218.0,101.13,12612.27,10007.199,9360.854,19967.729,30767.26,19506.086,24726.34,220.95908,65.0,54.33918,0.7382966268888772,-0.5044648345847074,0.8634322386078851,1.0,12.133333333333333,73.41666666666667
1647814323,1.0,0.5330554,0.9917052,218.0,101.13,11114.441,20764.367,11639.08,10794.509,34505.734,23670.865,5635.7256,398.5509,65.0,52.863968,0.7407557676762359,-0.4537961014681179,0.8911055483456142,1.0,25.366666666666667,60.18333333333333
1647814335,1.0,0.1,0.38983655,2348.212,101.13,17633.578,21293.957,12697.653,13322.672,24430.89,31975.63,15629.662,100.0,198.05295,58.278133,0.7407929335319642,-0.4530182924840116,0.8915012207926978,1.0,25.566666666666666,59.983333333333334
1647814609,1.0,0.3558408,0.7821815,1388.8232,4550.1763,19411.584,15348.658,18861.791,12567.959,18042.74,17888.68,10577.656,165.43823,65.0,57.504303,0.741641553904428,-0.435165625192866,0.900350419920212,1.0,30.133333333333333,55.416666666666664
1647815020,1.0,0.26450628,0.7206361,7358.4385,101.13,16070.809,28284.863,17844.475,165.0,21970.88,11608.726,10965.661,170.58618,180.31146,33.769535,0.7429144844631237,-0.40806491041087084,0.9129529171273664,1.0,36.983333333333334,48.56666666666667
1647815393,1.5053234,0.54935247,1.4299794,6828.2954,5730.5957,13370.092,14819.783,19976.26,5203.653,22378.604,23329.82,5436.0786,247.52446,291.53912,48.11547,0.7440697231453464,-0.38315368767009655,0.9236846061425978,1.0,43.2,42.35
1647815443,1.0,0.3672905,1.1228567,218.0,424.6338,20529.727,23050.527,16157.17,5217.966,25902.807,18417.02,10430.51,261.20374,394.1561,60.822662,0.7442245808775478,-0.37979255018421015,0.9250716830735736,1.0,44.03333333333333,41.516666666666666
1647815534,1.0,0.24032122,1.4749124,218.0,5177.0464,21104.57,26001.383,19970.234,165.0,5589.697,24996.176,20844.445,387.66223,178.33035,50.143436,0.7445064219501544,-0.3736624254536835,0.9275647642100634,1.0,45.55,40.0
1647815733,1.0,0.740422,1.1875314,1907.1416,840.8779,13434.664,19685.258,17251.148,165.0,11019.186,22352.277,16621.71,393.08292,524.70233,51.066383,0.7451227557243161,-0.36020033843803273,0.9328749735034844,1.0,48.86666666666667,36.68333333333333
1647816601,1.0,0.21947134,1.5309137,8770.65,101.13,12798.75,39118.8,18711.578,165.0,2630.205,14499.842,13550.027,460.14615,440.15198,49.651974,0.7478110859553329,-0.3006364424553495,0.9537388161691812,1.0,63.333333333333336,22.216666666666665
1647816619,2.493513,0.4047775,1.3645567,6832.635,11250.98,21210.113,33711.336,16768.217,165.0,175.0,16449.047,7867.64,299.98474,384.0048,50.11019,0.7478668347389253,-0.29938774405473595,0.9541315311369895,1.0,63.63333333333333,21.916666666666668
1647816949,1.0,0.1,1.4189465,20594.86,3800.5986,18906.254,33578.727,18006.217,165.0,175.0,14480.93,19829.299,647.30963,491.17303,61.92119,0.7488888957714548,-0.27640622169887663,0.961040894346412,1.0,69.13333333333334,16.416666666666668
1647817503,1.0,1.0408014,1.6959037,15708.24,9377.195,17936.186,22266.824,10461.896,165.0,175.0,27156.062,25691.316,882.3008,661.88196,53.756546,0.7506047194442466,-0.23747397270533221,0.9713939017142053,1.0,78.36666666666666,7.183333333333334
1647817934,31.0,0.19999993,0.200454,162805.94,102507.79,110214.87,117505.375,120256.93,130807.96,138638.56,151036.95,156598.02,600.0,384.0,33.95584,0.7519395930958229,-0.20691572262300137,0.9783587704576482,0.0,0.0,0.0
1647817969,31.0,0.19999993,0.200028,163298.92,102507.79,110214.87,117505.375,120256.93,130807.96,138638.56,151036.95,158193.88,600.0,640.0,33.439743,0.7520479935083638,-0.20442486605580554,0.9788822575458531,0.0,0.0,0.0
1647818103,31.0,0.19999993,0.200054,162501.98,102507.79,110214.87,117505.375,120256.93,130807.96,138638.56,151036.95,155206.97,600.0,128.0,33.697792,0.7524630122306637,-0.19487634322004377,0.9808278191676578,0.0,0.0,0.0
1647818306,31.0,0.19999993,0.200089,157700.95,102507.79,110214.87,117505.375,120256.93,130807.96,138638.56,151036.95,153999.75,600.0,255.99997,34.824192,0.7530917346234015,-0.18037608867009444,0.98359771585546,0.0,0.0,0.0
1647819158,41.0,0.19999993,0.20109698,178604.28,102507.79,110214.87,117505.375,120256.93,130807.96,138638.56,151036.95,159055.95,600.0,512.0,34.89792,0.7557305103801137,-0.119126041828704,0.9928791397537899,0.0,0.0,0.0
1647819167,41.0,0.19999993,0.201,178604.28,102507.79,110214.87,117505.375,120256.93,130807.96,138638.56,151036.95,159055.95,600.0,1024.0,34.9184,0.75575838477191,-0.11847617848282811,0.9929568949013371,0.0,0.0,0.0
1647819469,41.0,0.19999993,0.200893,178604.28,102507.79,110214.87,117505.375,120256.93,130807.96,138638.56,151036.95,159055.95,600.0,768.0,35.09043,0.7566937254744066,-0.09664198156596984,0.9953192087963553,0.0,0.0,0.0
1647820058,41.0,0.19999993,0.200701,178604.28,102507.79,110214.87,117505.375,120256.93,130807.96,138638.56,151036.95,159055.95,600.0,896.0,34.7136,0.7585179495597395,-0.053933581141637536,0.9985445252091859,0.0,0.0,0.0
1647820422,41.0,0.19999993,0.201525,178604.28,102507.79,110214.87,117505.375,120256.93,130807.96,138638.56,151036.95,159055.95,600.0,384.0,34.97165,0.7596453138501659,-0.02748547388587421,0.9996222029973468,0.0,0.0,0.0
1647820482,41.0,0.19999993,0.200566,178604.28,102507.79,110214.87,117505.375,120256.93,130807.96,138638.56,151036.95,159055.95,600.0,640.0,34.295807,0.7598311431288076,-0.023123551404393896,0.9997326149378385,0.0,0.0,0.0
1647820588,41.0,0.19999993,0.200589,178604.28,102507.79,110214.87,117505.375,120256.93,130807.96,138638.56,151036.95,159055.95,600.0,128.0,34.930687,0.7601594415210746,-0.015416464328868848,0.9998811592522366,0.0,0.0,0.0
1647820789,41.0,0.19999993,0.20053901,178604.28,102507.79,110214.87,117505.375,120256.93,130807.96,138638.56,151036.95,159055.95,600.0,255.99997,35.352577,0.7607819696045244,-0.0007999424885156039,0.9999996800459563,0.0,0.0,0.0
1647821623,51.0,0.19999993,0.201724,178604.28,102507.79,110214.87,117505.375,120256.93,130807.96,138638.56,151036.95,159055.95,600.0,512.0,35.569664,0.7633649965776441,0.05981452421168241,0.9982095084166099,0.0,0.0,0.0
1647821636,51.0,0.19999993,0.20184,178604.28,102507.79,110214.87,117505.375,120256.93,130807.96,138638.56,151036.95,159055.95,600.0,1024.0,35.414017,0.7634052595880165,0.060758191312591595,0.9981525144928617,0.0,0.0,0.0
1647822027,51.0,0.19999993,0.20213199,178604.28,102507.79,110214.87,117505.375,120256.93,130807.96,138638.56,151036.95,159055.95,600.0,768.0,35.270657,0.7646162470538317,0.0891115972001464,0.9960216479798212,0.0,0.0,0.0
1647822356,1.0,0.19999993,0.20071098,1509.0,1007.999,1105.001,1192.998,1199.999,1291.001,1301.998,1392.999,1405.0,700.0,1024.0,32.464897,0.765635210931717,0.1129141906453055,0.9936047431201783,0.0,0.0,0.0
1647822360,14.616213,0.1,0.70931935,218.0,101.13,13591.035,20298.357,153.0,31609.041,42236.18,25676.375,16574.842,100.0,65.0,42.339363,0.7656475995502932,0.11320321376790671,0.9935718556765875,1.0,0.06666666666666667,69.03333333333333
1647822766,1.0,0.1,0.6694285,218.0,101.13,17560.61,10794.399,17633.805,19385.723,40570.336,23781.709,13492.092,100.0,65.0,60.216248,0.7669050443357688,0.14248497508003952,0.9897969649763736,1.0,6.833333333333333,62.266666666666666
1647822820,10.914415,0.7068252,0.25220513,218.0,101.13,19187.734,23982.023,3529.311,12007.538,33479.67,32616.81,23814.273,100.0,65.0,41.1388,0.7670722906865463,0.14637079003469441,0.9892297972789839,1.0,7.733333333333333,61.36666666666667
1647823244,1.0,0.19495285,0.6285062,218.0,5726.3584,13378.572,19826.56,20494.668,16645.348,23598.73,29620.871,8172.4575,493.76102,65.0,54.43931,0.7683854842556144,0.1767984419341452,0.9842470781920862,1.0,14.8,54.3
1647823286,1.0,0.26063406,1.5719957,218.0,101.13,18499.145,20273.332,9974.133,15588.84,30674.955,19727.309,15323.548,100.0,65.0,53.797737,0.7685155647506635,0.17980382422176167,0.9837024879480736,1.0,15.5,53.6
1647823406,1.0,0.6480099,1.4531105,218.0,101.13,16884.656,37596.543,11003.936,13894.221,24562.848,27022.717,14427.055,307.74625,65.0,53.112766,0.768887223307947,0.18838129252400262,0.9820959671167508,1.0,17.5,51.6
1647823496,1.0,0.1,0.713897,218.0,101.13,25422.025,14758.381,17991.406,18691.9,25215.781,20168.572,20738.645,101.778046,65.0,58.622017,0.7691659672259096,0.1948050148929731,0.9808419883816907,1.0,19.0,50.1
1647823705,1.0,0.30308616,1.3056184,218.0,2996.9512,18712.48,22731.805,14209.102,8601.29,19694.084,13777.001,12708.09,355.00833,65.0,62.65979,0.7698132725465116,0.20968966875302658,0.9777679902810513,1.0,22.483333333333334,46.61666666666667
1647823873,1.0,0.1,0.6692772,3374.4072,101.13,10361.867,21537.754,26366.84,14404.749,18223.984,14897.956,12166.354,100.0,65.0,45.482548,0.7703335945267084,0.2216194118957894,0.975133240265639,1.0,25.283333333333335,43.81666666666667
1647823902,1.0,0.67752403,0.67847663,218.0,101.13,12729.635,18739.69,13669.934,8739.479,17648.219,22204.812,24286.146,440.96368,65.0,58.363327,0.7704234120113851,0.22367541455210288,0.9746636901644304,1.0,25.766666666666666,43.333333333333336
1647824038,1.0,0.1,0.15660557,6691.3516,5328.1597,16853.414,21743.525,16755.04,165.0,24926.105,17326.28,17067.156,100.0,65.0,48.187233,0.770844625042973,0.23330393591510143,0.972403863364663,1.0,28.033333333333335,41.06666666666667
1647824312,1.0,0.3080166,1.0504493,218.0,101.13,8648.494,22213.52,18489.215,14088.409,12413.61,18060.21,13894.431,183.13351,191.42929,73.23541,0.7716932454154368,0.2526323059274016,0.9675623587148292,1.0,32.6,36.5
1647825002,1.0,0.6618974,1.1314496,8774.826,10819.226,10089.881,26290.611,24483.826,1845.5742,3297.5684,21964.984,13766.917,442.00336,383.62,61.784897,0.7738302821198165,0.30084450883090935,0.9536732047752463,1.0,44.1,25.0
1647825008,1.0,0.29828936,1.3178442,5401.5674,4561.201,17108.855,18000.426,20190.11,165.0,3817.2031,7608.5586,10389.154,323.95325,517.11884,39.697662,0.7738488650476807,0.30126059861471594,0.9535418458160623,1.0,44.2,24.9
1647825400,1.0,0.60850847,1.0965017,3497.8672,7756.3174,19107.574,23617.428,23219.035,165.0,175.0,24733.117,17583.0,430.3369,448.10535,48.458405,0.7750629496681399,0.328317175213561,0.9445675372676048,1.0,50.733333333333334,18.366666666666667
1647826151,1.0,0.33141267,1.9239987,18801.23,9400.713,21427.672,25304.309,20472.422,165.0,175.0,24534.984,15365.77,1000.0,742.77246,68.691795,0.7773889128058054,0.3793888753762827,0.9252373107699016,1.0,63.25,5.85
1647826502,10.999998,0.19999993,0.19997498,53099.0,41093.008,43002.992,44202.004,44802.996,46302.0,47702.984,48802.996,49900.008,700.0,384.0,33.419266,0.7784760140858593,0.40287981225668473,0.9152528923068304,0.0,0.0,0.0
1647826524,10.999998,0.19999993,0.20004702,52500.0,40900.004,42802.992,44107.996,44805.996,46300.004,47800.996,49506.004,50599.004,700.0,640.0,33.153023,0.7785441514880279,0.40434359552874494,0.9146071597986136,0.0,0.0,0.0
1647826689,10.999998,0.19999993,0.200018,53596.0,41510.008,43398.0,44397.996,45198.996,46998.008,48598.0,50198.992,51199.008,700.0,128.0,33.886208,0.7790551820042927,0.4152887220521042,0.9096896599040412,0.0,0.0,0.0
1647826960,10.999998,0.19999993,0.200013,53198.004,41300.0,43200.992,44305.0,45399.0,47095.004,48597.004,50099.004,50504.0,700.0,255.99997,34.435074,0.7798945109128244,0.433134785866963,0.9013291614454623,0.0,0.0,0.0
1647827695,21.0,0.19999993,0.200052,100500.016,80098.01,83303.016,85404.96,86495.0,89704.016,92302.99,94608.99,95896.016,700.0,1024.0,33.800194,0.7821709195761853,0.4806699502857462,0.8769015901982948,0.0,0.0,0.0
1647827711,21.0,0.19999993,0.20018001,99101.0,80899.01,84098.99,86000.016,87198.97,90597.984,93198.0,95898.99,97594.03,700.0,512.0,34.443264,0.7822204740504898,0.4816899460077951,0.8763417118424796,0.0,0.0,0.0
1647828131,21.0,0.19999993,0.19999799,102895.99,81799.01,84310.97,86094.97,87497.96,91002.01,93391.96,95598.016,96894.016,700.0,768.0,33.05472,0.7835212790009818,0.5082274543465339,0.8612228832587078,0.0,0.0,0.0
1647828896,21.0,0.19999993,0.199984,101104.016,82004.99,85203.93,87102.98,88401.984,91299.97,93605.98,95707.98,96699.0,700.0,896.0,33.538048,0.7858906023036636,0.5553283448118791,0.8316311859523419,0.0,0.0,0.0
1647829271,21.0,0.19999993,0.200048,105004.02,82906.016,86294.97,88100.0,89096.99,91898.0,94599.99,96895.03,99602.016,700.0,384.0,33.779713,0.7870520352951743,0.5777982716551577,0.8161796109143579,0.0,0.0,0.0
1647829310,21.0,0.19999993,0.20003101,102295.99,83199.0,86294.05,88100.0,88896.98,91399.98,93696.016,96573.99,97509.01,700.0,640.0,33.76333,0.7871728243262914,0.5801107606988877,0.8145376021531221,0.0,0.0,0.0
1647829506,21.0,0.19999993,0.200021,105305.02,84102.94,86903.97,88599.016,90296.98,93001.97,94602.0,96796.04,99891.01,700.0,128.0,34.152447,0.787779866636521,0.591661469903397,0.806186520001266,0.0,0.0,0.0
1647829785,21.0,0.19999993,0.199978,105995.99,84500.96,87508.96,89298.98,90500.0,93897.0,96599.01,99266.0,99791.0,700.0,255.99997,34.553856,0.788643972782205,0.6078956527491955,0.7940169238552977,0.0,0.0,0.0
1647830531,31.0,0.19999993,0.200317,155602.0,102507.79,110214.87,117505.375,120256.93,130807.96,138638.56,145699.02,147698.89,700.0,1024.0,34.54976,0.7909544501466502,0.6500561215770588,0.7598862012171245,0.0,0.0,0.0
1647830558,31.0,0.19999993,0.20062599,155202.08,102507.79,110214.87,117505.375,120256.93,130807.96,138638.56,146403.86,147701.81,700.0,512.0,34.439167,0.791038073322039,0.6515469006005152,0.7586083550277193,0.0,0.0,0.0
1647830973,31.0,0.19999993,0.200243,155797.88,102507.79,110214.87,117505.375,120256.93,130807.96,138638.56,145703.98,147896.92,700.0,768.0,33.841152,0.7923233924993108,0.6741412655743835,0.7386024330109999,0.0,0.0,0.0
1647831782,31.0,0.19999993,0.20008,157790.97,102507.79,110214.87,117505.375,120256.93,130807.96,138638.56,148009.88,149998.92,700.0,896.0,33.50528,0.7948289906063299,0.716403425356419,0.6976862705669289,0.0,0.0,0.0
1647832137,1.1498699,0.1,0.72006506,218.0,2536.3198,20856.602,15610.934,7540.5527,15625.775,50285.88,39794.89,20837.914,447.06912,65.0,48.659527,0.7959284805049601,0.7341744006115982,0.6789609336969251,1.0,5.916666666666667,89.1
1647832169,1.0,0.1,0.73344356,218.0,101.13,14235.7705,18361.303,6985.433,20560.91,33993.695,20299.691,10101.219,208.79724,65.0,65.83434,0.796027589453569,0.7357524250928207,0.6772505954002797,1.0,6.45,88.56666666666666
1647832359,1.5191936,0.1,1.2175132,218.0,101.13,10977.929,16754.924,17286.246,19790.09,21250.547,29642.926,13223.924,214.10806,65.0,48.8747,0.7966160488359344,0.7450395955632411,0.6670202403547904,1.0,9.616666666666667,85.4
1647832647,9.20096,0.5112147,0.91033196,218.0,101.13,13960.746,17895.484,11442.316,13247.6,38536.477,22693.578,10016.981,100.0,65.0,46.599358,0.7975080293734147,0.7588452140122472,0.6512710197534561,1.0,14.416666666666666,80.6
1647833510,20.431602,0.1,1.5005028,218.0,5904.2285,13732.675,22222.148,21184.498,23628.27,28212.426,30877.963,20744.945,100.0,65.0,52.220306,0.8001808738312113,0.7981976466717257,0.602395648098257,1.0,28.8,66.21666666666667
1647833526,1.0,0.16388214,1.005237,218.0,3909.041,10961.151,15945.932,26458.89,16298.568,22040.371,33624.77,16325.475,100.0,65.0,58.98542,0.8002304283055157,0.7988980253555459,0.6014664953952211,1.0,29.066666666666666,65.95
1647833949,1.0,0.4304086,1.2075626,218.0,101.13,17327.775,27154.756,7762.589,2252.0127,17095.5,14030.9375,8378.604,325.68964,65.0,58.135452,0.8015405247199398,0.8170191208666183,0.5766105758120796,1.0,36.11666666666667,58.9
1647834816,1.0,0.1,1.645123,11144.847,9652.456,14838.037,26829.314,28469.613,6060.5303,7830.338,21335.254,13313.695,447.10773,67.1669,52.4738,0.8042257577963126,0.8517269341430477,0.5239859059700791,1.0,50.56666666666667,44.45
1647835219,1.0,0.1,1.4175516,1718.5898,341.28906,10295.408,19791.938,19819.258,165.0,5364.549,17815.137,7586.4365,507.1793,65.0,61.52745,0.805473911117856,0.8667154363752646,0.49880291934674426,1.0,57.28333333333333,37.733333333333334
1647835222,1.0,0.1,1.7589747,7925.9404,1308.8872,17504.635,23799.111,22611.477,2727.0117,356.43262,22030.402,10796.233,674.66125,509.4625,46.208454,0.8054832025817881,0.8668242376638675,0.49861381950208217,1.0,57.333333333333336,37.68333333333333
1647835476,3.027586,0.7836693,0.7146452,5218.2637,11011.838,10547.666,18638.576,23307.828,165.0,175.0,26117.555,5976.6636,165.32516,367.08228,56.575676,0.8062698798613713,0.8758859370345622,0.4825182124076633,1.0,61.56666666666667,33.45
1647835781,2.9621105,0.1,1.5451795,218.0,9755.184,15198.894,29267.434,30779.35,165.0,1307.7852,23611.527,11846.908,620.5771,780.661,49.33849,0.8072145120278,0.8863719798361149,0.46297377178562277,1.0,66.65,28.366666666666667
1647836757,1.0,0.1,1.198417,3802.337,11084.347,21946.059,47404.062,10500.351,165.0,1791.918,20971.084,16379.57,1000.0,396.99548,66.84253,0.8102373349603719,0.9169730590096271,0.39894913090584233,1.0,82.91666666666667,12.1
1647836795,1.0,0.1,0.8342166,3968.4648,4617.4033,7314.029,35605.336,18930.719,165.0,175.0,19951.578,10356.551,551.9836,515.26044,54.074696,0.810355026836845,0.9180720275166208,0.39641361264659053,1.0,83.55,11.466666666666667
1647837200,1.0,0.1,1.8522909,21035.959,14944.905,9884.208,39792.21,19383.309,165.0,175.0,16663.926,19375.844,330.2671,576.6078,65.864876,0.8116093744676766,0.9293475242268224,0.3692061473126844,1.0,90.3,4.716666666666667
1647837418,1.0,0.24331152,1.5827672,11497.914,6150.7046,35767.258,38984.42,17007.791,165.0,175.0,38859.47,20714.32,585.0057,930.3368,67.52069,0.8122845541800747,0.9350836702525794,0.35442704415290516,1.0,93.93333333333334,1.0833333333333333
1647837483,1.0,0.19999993,0.20080298,1500.998,799.999,909.999,1000.0,1080.998,1191.001,1286.001,1313.998,1397.0,800.0,512.0,32.92365,0.8124858692319367,0.9367485703549929,0.35000302275534256,0.0,0.0,0.0
1647837859,1.0,0.19999993,0.201621,1400.0029,792.999,894.0,915.999,997.99805,1098.001,1196.0,1290.999,1309.999,800.0,768.0,34.103294,0.8136503993780914,0.945967516591104,0.3242614031217089,0.0,0.0,0.0
1647838053,51.0,0.19999993,0.204406,178604.28,102507.79,110214.87,117505.375,120256.93,130807.96,138638.56,151036.95,159055.95,700.0,896.0,35.278847,0.8142512473790329,0.9504479299251564,0.3108837925993973,0.0,0.0,0.0
1647838437,51.0,0.19999993,0.202443,178604.28,102507.79,110214.87,117505.375,120256.93,130807.96,138638.56,151036.95,159055.95,700.0,384.0,35.58605,0.8154405547623398,0.9587577495143255,0.2842245199595311,0.0,0.0,0.0
1647838465,51.0,0.19999993,0.20268498,178604.28,102507.79,110214.87,117505.375,120256.93,130807.96,138638.56,151036.95,159055.95,700.0,640.0,35.680256,0.8155272750923727,0.9593345044535282,0.2822716928154566,0.0,0.0,0.0
1647838708,51.0,0.19999993,0.204602,178604.28,102507.79,110214.87,117505.375,120256.93,130807.96,138638.56,151036.95,159055.95,700.0,128.0,36.85171,0.8162798836708716,0.9641726105874128,0.26527566227050187,0.0,0.0,0.0
1647838780,1.0,0.19999993,0.202622,1501.999,894.00195,1002.999,1096.0,1108.999,1207.001,1301.998,1395.001,1405.0,800.0,896.0,32.677887,0.8165028788052416,0.9655483677208332,0.2602236530210786,0.0,0.0,0.0
1647839032,51.0,0.19999993,0.203008,178604.28,102507.79,110214.87,117505.375,120256.93,130807.96,138638.56,151036.95,159055.95,700.0,255.99997,36.87629,0.8172833617755368,0.9701548176252554,0.2424863497983082,0.0,0.0,0.0
1647839117,1.0,0.19999993,0.20167099,1599.0,798.999,907.0,1003.0,1083.001,1188.0,1208.999,1299.001,1307.999,800.0,384.0,32.82944,0.8175466199202792,0.9716351725503841,0.2364848651879972,0.0,0.0,0.0
1647839147,1.0,0.19999993,0.20170702,1507.0,797.999,990.001,1008.0,1094.0,1198.0,1293.999,1392.999,1404.002,800.0,640.0,34.279423,0.8176395345596001,0.9721487897628039,0.23436452496637714,0.0,0.0,0.0
1647839373,1.0,0.19999993,0.20332702,1690.998,792.0,900.0,997.001,1008.0,1115.999,1207.998,1320.0,1395.998,800.0,128.0,35.434498,0.8183394915091505,0.9758691472414859,0.2183561482124448,0.0,0.0,0.0
1647839693,1.0,0.19999993,0.202235,1498.001,783.0,891.0,987.999,1006.99805,1192.001,1208.999,1307.0,1388.998,800.0,255.99997,36.07347,0.8193305809952397,0.9806858417489415,0.19558956974534766,0.0,0.0,0.0
1647840333,10.999998,0.19999993,0.200008,53393.01,39695.004,41698.008,42890.0,43896.008,46301.0,47800.0,49400.0,50713.004,800.0,1024.0,34.02547,0.8213127599674179,0.9887237339654672,0.14975105306268818,0.0,0.0,0.0
1647840405,10.999998,0.19999993,0.199995,53899.0,39897.0,41694.996,42995.0,43804.008,46396.004,47601.992,49291.0,50198.0,800.0,512.0,34.009087,0.821535755101788,0.989494271882712,0.144572078601996,0.0,0.0,0.0
1647840777,10.999998,0.19999993,0.20001602,55196.996,39698.992,41898.0,43296.99,44001.004,46493.996,48596.004,50106.0,51398.008,800.0,768.0,33.81248,0.8226878966293666,0.9930427906396041,0.11775404858733086,0.0,0.0,0.0
1647841751,10.999998,0.19999993,0.200013,53099.0,40593.0,42594.992,43791.996,44699.996,46805.99,48599.01,49706.0,50801.004,800.0,896.0,33.251328,0.8257045252526504,0.9988864466428942,0.047179091906612916,0.0,0.0,0.0
1647842084,23.188555,0.1,0.6027438,218.0,4312.423,14744.405,18784.988,2356.5112,20500.656,43686.49,15335.422,30676.152,100.0,65.0,52.39993,0.8267358777491118,0.999735967547884,0.022978145945577767,1.0,5.55,104.7
1647842116,1.0,0.14828026,0.21482484,218.0,101.13,124.13,22877.387,2820.767,26954.617,44233.25,20786.887,13003.232,206.71274,65.0,39.6235,0.8268349866977208,0.9997867330790687,0.020651594589352357,1.0,6.083333333333333,104.16666666666667
1647842337,23.362728,0.1,1.2125605,218.0,629.8467,4972.613,16439.479,11180.272,25136.625,39460.477,31454.457,21040.898,273.6518,65.0,35.415825,0.8275194578740511,0.9999895049963164,0.004581473258891809,1.0,9.766666666666667,100.48333333333333
1647842681,1.0,0.16453195,1.4958018,218.0,101.13,17178.898,22682.955,2804.8735,25194.83,39974.97,26514.79,11249.875,369.62854,65.0,55.016933,0.828584879071597,0.9997912147648896,-0.020433474470736398,1.0,15.5,94.75
1647843363,1.0,0.1,0.7612432,218.0,101.13,10878.68,18293.848,18882.148,12606.614,28886.484,23123.404,14532.627,336.17715,65.0,57.242233,0.8306971385388244,0.9975488080179128,-0.06997410679702493,1.0,26.866666666666667,83.38333333333334
1647843441,1.0,0.12473196,0.7710843,218.0,101.13,13277.488,17086.668,12719.734,17478.645,31990.34,22361.977,7616.119,498.6752,211.48657,52.445282,0.8309387166010586,0.9971358464854506,-0.07563136686417732,1.0,28.166666666666668,82.08333333333333
1647843814,6.7983627,0.53076667,0.97395706,218.0,101.13,18457.598,21673.54,15268.676,13246.281,22077.855,24324.008,14373.247,798.4409,65.0,52.32791,0.8320939552832812,0.9947177571646012,-0.10264786204020801,1.0,34.38333333333333,75.86666666666666
1647844830,1.0,0.1619966,1.3780179,218.0,101.13,14600.509,17360.543,29246.455,9013.109,13293.2295,23004.68,4774.485,280.25146,90.54242,63.043846,0.8352406644016143,0.9844265680898916,-0.17579627993435454,1.0,51.31666666666667,58.93333333333333
1647845133,1.0,0.1,1.2556998,14479.451,101.13,19237.238,12925.719,23310.332,8662.9375,9771.939,27926.533,17413.594,403.15866,82.76358,51.207794,0.8361791022587549,0.9803142734349096,-0.1974434736824322,1.0,56.36666666666667,53.88333333333333
1647845194,1.0,0.11490613,1.0000306,218.0,1898.4009,17432.691,16948.117,19077.775,3502.599,8019.296,16336.665,19962.807,547.45996,416.8057,48.66132,0.8363680286920406,0.9794287625975012,-0.20179023513720293,1.0,57.38333333333333,52.86666666666667
1647845445,1.0,0.1,1.0979663,6005.9746,12222.943,12899.274,19916.945,19640.607,1792.3555,6219.9014,29225.15,21619.021,100.0,366.6319,59.30452,0.8371454145076918,0.9755824837308996,-0.21963337050058898,1.0,61.56666666666667,48.68333333333333
1647845763,1.0,0.1,1.5245912,218.0,246.20117,10481.912,41955.414,17793.764,1761.6797,1173.2861,18702.83,14609.986,304.5276,213.00876,58.78315,0.8381303096844929,0.9702429240149527,-0.2421335755299433,1.0,66.86666666666666,43.38333333333333
1647846421,1.0,0.15216833,0.9872557,836.80176,4054.4854,22567.344,35382.85,22762.13,165.0,10715.7,24565.914,4843.513,607.31854,510.88513,44.09895,0.8401682374402636,0.9575504000487309,-0.2882659039264188,1.0,77.83333333333333,32.416666666666664
1647846542,1.0,0.8719647,1.031464,15387.165,7409.391,11260.478,24851.93,19934.486,165.0,1879.1201,21510.48,12890.917,529.0534,348.8529,45.384365,0.840542993152191,0.954976804132329,-0.29668047385900437,1.0,79.85,30.4
1647846955,1.0,0.5225662,1.0954431,22776.365,8458.456,17130.965,27839.94,23686.39,165.0,175.0,19452.787,14232.955,432.74402,455.03714,56.50833,0.8418221180201748,0.9456368930136194,-0.3252243326867602,1.0,86.73333333333333,23.516666666666666
1647848036,1.0,0.66304326,1.6765324,6151.2427,8212.736,28622.826,45235.984,9906.575,165.0,175.0,38929.93,27819.59,933.2514,1024.0,72.139084,0.8451701421903697,0.9171760269869007,-0.39848229009646585,1.0,104.75,5.5
1647848366,31.0,0.19999993,0.200461,153909.0,102507.79,110214.87,117505.375,120256.93,130807.96,138638.56,146903.83,149093.97,800.0,384.0,33.70189,0.8461922032228991,0.9073499603033527,-0.42037608107206126,0.0,0.0,0.0
1647848429,31.0,0.19999993,0.20034,153303.95,102507.79,110214.87,117505.375,120256.93,130807.96,138638.56,144695.14,146700.0,800.0,640.0,34.545666,0.8463873239654729,0.9054144958880677,-0.42452866880312845,0.0,0.0,0.0
1647848695,31.0,0.19999993,0.200073,152994.92,102507.79,110214.87,117505.375,120256.93,130807.96,138638.56,145399.94,147401.88,800.0,128.0,35.26656,0.8472111671007845,0.8970335029463004,-0.4419625488566761,0.0,0.0,0.0
1647849024,31.0,0.19999993,0.20032902,151892.95,102507.79,110214.87,117505.375,120256.93,130807.96,138638.56,146406.9,149293.95,800.0,255.99997,35.40992,0.84823013097867,0.8862035792312148,-0.4632960351198615,0.0,0.0,0.0
1647849820,41.0,0.19999993,0.20081201,178604.28,102507.79,110214.87,117505.375,120256.93,130807.96,138638.56,151036.95,159055.95,800.0,1024.0,35.012608,0.8506954660753167,0.8579154863278756,-0.5137908312911049,0.0,0.0,0.0
1647849946,41.0,0.19999993,0.20079699,178604.28,102507.79,110214.87,117505.375,120256.93,130807.96,138638.56,151036.95,159055.95,800.0,512.0,35.46317,0.8510857075604642,0.8531716827124379,-0.5216302136740425,0.0,0.0,0.0
1647850357,41.0,0.19999993,0.20082402,178604.28,102507.79,110214.87,117505.375,120256.93,130807.96,138638.56,151036.95,159055.95,800.0,768.0,35.323902,0.8523586381191599,0.8372020648204564,-0.546893684970273,0.0,0.0,0.0
1647851444,41.0,0.19999993,0.20048898,178604.28,102507.79,110214.87,117505.375,120256.93,130807.96,138638.56,151036.95,159055.95,800.0,896.0,35.06176,0.8557252452172189,0.7914013854951865,-0.6112968567204475,0.0,0.0,0.0
1647851761,41.0,0.19999993,0.201526,178604.28,102507.79,110214.87,117505.375,120256.93,130807.96,138638.56,151036.95,159055.95,800.0,384.0,34.226177,0.856707043239376,0.7771001939317371,-0.629376905034858,0.0,0.0,0.0
1647851831,41.0,0.19999993,0.200517,178604.28,102507.79,110214.87,117505.375,120256.93,130807.96,138638.56,151036.95,159055.95,800.0,640.0,35.299328,0.856923844064458,0.7738862684371003,-0.6333245957046831,0.0,0.0,0.0
1647852113,41.0,0.19999993,0.20040402,178604.28,102507.79,110214.87,117505.375,120256.93,130807.96,138638.56,151036.95,159055.95,800.0,128.0,35.971073,0.857797241674074,0.7607364714252932,-0.6490608762230198,0.0,0.0,0.0
1647852479,41.0,0.19999993,0.200334,178604.28,102507.79,110214.87,117505.375,120256.93,130807.96,138638.56,151036.95,159055.95,800.0,255.99997,36.077568,0.8589308002737884,0.7431934840631538,-0.6690765615727925,0.0,0.0,0.0
1647853431,51.0,0.19999993,0.201857,178604.28,102507.79,110214.87,117505.375,120256.93,130807.96,138638.56,151036.95,159055.95,800.0,1024.0,36.061184,0.8618792914949036,0.695129028438966,-0.7188849934596626,0.0,0.0,0.0
1647853539,51.0,0.19999993,0.20179,178604.28,102507.79,110214.87,117505.375,120256.93,130807.96,138638.56,151036.95,159055.95,800.0,512.0,36.405247,0.8622137841964587,0.6894615375335399,-0.7243222958475648,0.0,0.0,0.0
1647853945,51.0,0.19999993,0.20421898,178604.28,102507.79,110214.87,117505.375,120256.93,130807.96,138638.56,151036.95,159055.95,800.0,768.0,36.347904,0.8634712289819343,0.667778425842086,-0.7443601104169041,0.0,0.0,0.0
1647854166,1.0,0.19999993,0.20105702,1396.9971,783.999,886.0,987.0,1003.0,1114.001,1210.0029,1302.0,1313.001,900.00006,1024.0,34.750465,0.8641557001582646,0.6557296623719865,-0.7549957681242463,0.0,0.0,0.0
1647854249,16.337046,0.1,0.83593154,218.0,3414.3433,31045.602,19918.34,5116.135,27449.13,53790.863,20962.2,25113.488,100.0,65.0,44.847485,0.864412763993719,0.6511606433028763,-0.7589399295157584,1.0,1.3833333333333333,89.1
1647854682,1.0,0.41365525,0.6291683,218.0,101.13,4717.7856,12832.816,6662.321,25593.85,31873.203,15906.414,34870.613,100.0,65.0,46.838985,0.8657538319545833,0.6269438020422563,-0.7790644832623294,1.0,8.6,81.88333333333334
1647855168,1.0,0.1,0.10363448,218.0,101.13,10708.264,23412.469,17714.965,13651.273,21999.414,31627.182,12707.351,233.76712,65.0,42.1785,0.8672590491115811,0.599023598515586,-0.8007313709487334,1.0,16.7,73.78333333333333
1647855443,10.383196,0.7373129,1.4726648,218.0,101.13,15930.479,18331.771,16047.347,13159.772,20360.25,20802.148,13977.84,100.0,65.0,49.959763,0.868110766638689,0.5828914045323628,-0.8125500664711618,1.0,21.283333333333335,69.2
1647855593,1.0,0.42171323,1.2491161,218.0,101.13,12555.728,21900.912,2447.772,11168.188,21804.203,31228.342,16315.77,419.51508,65.0,31.693256,0.8685753398352933,0.5739933549396662,-0.8188599565768901,1.0,23.783333333333335,66.7
1647855935,1.0,0.7548933,0.88448834,218.0,3815.8784,8395.696,21958.36,19230.336,7724.3457,27079.828,25305.45,15326.293,274.8193,285.7508,61.345238,0.8696345667235511,0.5534521195219033,-0.8328809947385718,1.0,29.483333333333334,61.0
1647855957,3.8143044,0.6638697,0.47006997,218.0,2577.8315,10674.664,14658.369,21150.959,14472.067,17536.994,23697.04,12350.648,205.64752,65.0,63.72907,0.8697027041257197,0.552118897840248,-0.8337653882523967,1.0,29.85,60.63333333333333
1647856267,1.0,0.1,0.71353847,4810.6924,6120.7773,12482.98,17203.973,22191.047,11681.567,14524.728,20504.7,14028.203,216.11346,235.6799,50.260162,0.8706628220653685,0.5331839253553688,-0.845999350911477,1.0,35.016666666666666,55.46666666666667
1647856283,1.0,0.46375647,0.8619534,3358.081,2344.52,17057.373,16714.621,14667.839,18202.39,25328.328,19591.705,16892.46,528.0085,345.6169,61.95739,0.870712376539673,0.5321991997077338,-0.8466191657589898,1.0,35.28333333333333,55.2
1647856677,1.0,0.1,1.3892776,11682.963,5111.7373,18025.643,31358.316,25874.082,6688.997,15278.901,28518.16,7821.67,610.0374,121.61664,58.58298,0.8719326554694202,0.5077263292029567,-0.861518412243227,1.0,41.85,48.63333333333333
1647857006,1.0,0.5664724,1.197702,218.0,101.13,8248.121,28395.107,11404.986,1367.085,5301.598,24540.195,13620.172,472.17783,486.2119,57.57778,0.8729516193473056,0.48697067686018364,-0.8734183189505099,1.0,47.333333333333336,43.15
1647857442,7.366102,0.48207915,1.9239987,3250.2373,5741.32,18429.371,25115.477,20545.496,165.0,2260.7822,26789.008,5634.9844,658.66064,499.8287,53.64712,0.874301978772102,0.4590372432243062,-0.8884170244502461,1.0,54.6,35.88333333333333
1647857526,1.0,0.34299862,1.290928,9582.516,4306.408,13887.831,27193.86,18729.328,165.0,4012.7632,16429.648,19976.361,628.60657,433.1819,55.521454,0.8745621397622004,0.4536016815975958,-0.8912045300893804,1.0,56.0,34.483333333333334
1647857936,1.0,0.18722731,1.47024,31074.46,6153.467,12393.79,24630.812,20240.018,165.0,1775.0293,21381.043,10129.959,403.22525,570.0249,51.807354,0.8758319731662522,0.4268318171875682,-0.9043310233738299,1.0,62.833333333333336,27.65
1647859027,1.0,0.1,0.75678575,14811.561,6641.279,13399.195,25841.584,17674.354,165.0,175.0,19038.666,13762.522,828.176,430.95813,60.36023,0.8792109688828873,0.353814957452924,-0.9353154419138955,1.0,81.01666666666667,9.466666666666667
1647859275,1.0,0.71693945,1.4987992,17800.494,8592.414,24315.566,32384.84,9537.097,165.0,175.0,25851.832,12608.32,870.0751,772.28674,62.88888,0.8799790632346064,0.3368898533922199,-0.9415440651830208,1.0,85.15,5.333333333333333
1647859595,10.999998,0.19999993,0.200033,53995.996,40103.004,42197.0,43396.0,44211.0,46499.996,48598.0,49807.0,51500.996,900.00006,640.0,33.722366,0.8809701527206955,0.314889889715869,-0.9491282091238927,0.0,0.0,0.0
1647859981,10.999998,0.19999993,0.199979,52109.004,40102.004,42296.0,43697.996,44501.008,46255.008,48000.0,49798.0,50800.0,900.00006,128.0,34.435074,0.8821656544132905,0.28812663081763484,-0.9575923164967848,0.0,0.0,0.0
1647860340,10.999998,0.19999993,0.200001,53495.0,40596.0,42404.004,43600.992,44397.0,46600.996,48199.0,49996.008,50694.0,900.00006,255.99997,34.2016,0.8832775329304967,0.2630312144579748,-0.964787323828813,0.0,0.0,0.0
1647860843,21.0,0.19999993,0.20002699,108094.03,79326.05,82498.984,84291.96,85795.98,89200.03,92002.99,95006.98,98694.01,900.00006,1024.0,33.632256,0.8848354017164431,0.22757198991854063,-0.9737612589359446,0.0,0.0,0.0
1647860948,21.0,0.19999993,0.20004,99689.0,79695.0,82891.97,85001.945,86497.984,89705.0,93004.96,95602.03,97008.01,900.00006,512.0,34.19341,0.8851606029540661,0.22012996654356812,-0.9754705520053015,0.0,0.0,0.0
1647861384,21.0,0.19999993,0.200021,102997.01,80101.0,83504.03,85904.016,87196.99,90503.96,93200.984,95993.984,97696.016,900.00006,768.0,33.828865,0.8865109623788625,0.18909544298989112,-0.9819587126964436,0.0,0.0,0.0
1647862525,21.0,0.19999993,0.20009,106597.02,81494.984,84494.984,86195.0,87301.96,90399.01,92497.02,94600.04,97596.0,900.00006,384.0,34.25075,0.8900448158276991,0.10705945050606921,-0.9942526208450941,0.0,0.0,0.0
1647862776,21.0,0.19999993,0.200013,103796.02,81705.016,84900.04,86696.99,87693.01,91197.0,94284.01,97701.016,100104.0,900.00006,896.0,34.381824,0.8908222016433502,0.08889429686644143,-0.9960410654107696,0.0,0.0,0.0
1647863079,21.0,0.19999993,0.200068,105497.05,80993.99,84093.98,85894.984,87209.0,90399.98,93099.04,95707.0,97398.984,900.00006,640.0,34.24256,0.8917606395004909,0.06692694569241846,-0.9977578784155423,0.0,0.0,0.0
1647863471,21.0,0.19999993,0.200005,102098.984,80903.96,84093.98,85899.016,87205.0,90689.97,92992.03,95900.0,97609.99,900.00006,128.0,34.72179,0.8929747241209501,0.038460477435884495,-0.9992601221280693,0.0,0.0,0.0
1647863822,21.0,0.19999993,0.200005,104095.0,80799.0,84006.984,85500.94,86608.0,90106.04,93302.01,95994.99,97896.02,900.00006,255.99997,35.16416,0.8940618254010041,0.01294416378962537,-0.9999162208024167,0.0,0.0,0.0
1647864253,31.0,0.19999993,0.200561,145506.12,102507.79,110214.87,117505.375,120256.93,129597.91,132699.97,136803.98,140598.97,900.00006,1024.0,34.267136,0.8953966990525803,-0.01839764118857857,-0.9998307490764106,0.0,0.0,0.0
1647864377,31.0,0.19999993,0.200138,148898.89,102507.79,110214.87,117505.375,120256.93,129090.98,132001.06,135097.16,136694.05,900.00006,512.0,34.566143,0.89578074622844,-0.027412779235266038,-0.9996241991541615,0.0,0.0,0.0
1647864848,31.0,0.19999993,0.20017797,152206.98,102507.79,110214.87,117505.375,120256.93,130807.96,136100.0,139106.98,142300.94,900.00006,768.0,34.586624,0.8972395060657774,-0.06162922045777928,-0.998099112907013,0.0,0.0,0.0
1647866105,31.0,0.19999993,0.20041999,153591.94,102507.79,110214.87,117505.375,120256.93,130807.96,138097.9,142601.97,144408.06,900.00006,384.0,34.38592,0.9011326294533213,-0.15248275451231452,-0.9883061315080147,0.0,0.0,0.0
1647866370,31.0,0.19999993,0.200457,152299.94,102507.79,110214.87,117505.375,120256.93,130807.96,138638.56,145396.02,148396.94,900.00006,896.0,34.60301,0.9019533754339888,-0.17149924889577395,-0.9851842505989351,0.0,0.0,0.0
1647866712,1.0,0.1,0.24808478,218.0,101.13,16365.242,20257.27,3477.1133,31372.984,29077.943,18277.258,31729.568,100.0,65.0,63.54879,0.9030126023222466,-0.1959461442425173,-0.9806146585466131,1.0,5.7,116.7
1647867146,18.585106,0.49490836,0.9865993,218.0,101.13,7196.6777,25161.383,30221.754,20064.86,34249.36,31990.402,12058.077,313.90015,65.0,40.013565,0.904356767437755,-0.22679296410126892,-0.9739429918810241,1.0,12.933333333333334,109.46666666666667
1647867547,1.0,0.1,1.2018219,218.0,385.38965,16593.635,13426.044,7986.0137,25977.756,35379.54,24893.91,25853.08,100.0,186.44131,41.82561,0.9055987264500104,-0.2550941941524767,-0.9669162073880542,1.0,19.616666666666667,102.78333333333333
1647868165,1.0,0.1,1.7204466,218.0,101.13,15303.915,23618.324,13324.633,19895.188,31027.914,26779.98,15125.4,233.07675,65.0,47.190254,0.90751276802002,-0.29827735919374015,-0.9544792386387503,1.0,29.916666666666668,92.48333333333333
1647868238,10.647779,0.1,0.14874354,218.0,4250.033,18239.73,18534.46,10581.984,15042.387,25679.934,30927.557,13145.649,241.30438,108.71185,60.95318,0.9077388603090341,-0.30334018561329623,-0.9528823284079158,1.0,31.133333333333333,91.26666666666667
1647868740,1.0,0.1,0.74965906,218.0,101.13,15231.226,26925.992,16451.287,14604.801,17386.227,18007.79,14170.99,100.0,65.0,51.853565,0.9092936319403364,-0.3379167180033272,-0.9411760152563705,1.0,39.5,82.9
1647869973,1.0,0.1,1.239715,218.0,8192.049,12682.898,24903.516,17945.127,8473.225,15560.757,26694.168,4718.7085,681.7568,276.06152,60.845837,0.9131124236164236,-0.4208379170427777,-0.9071358484698397,1.0,60.05,62.35
1647870183,1.0,0.1,1.4233809,218.0,101.13,17232.55,23343.578,21791.58,15660.427,13748.508,24529.426,6260.8687,502.09518,134.0177,57.72108,0.9137628260916696,-0.43464174893686636,-0.9006034366362933,1.0,63.55,58.85
1647870533,1.0,0.1,1.250154,218.0,3845.8232,8318.844,29139.225,22062.207,165.0,3808.312,17196.182,7714.175,683.5752,626.5989,44.1424,0.9148468302170796,-0.45742129775403684,-0.8892501090025308,1.0,69.38333333333334,53.016666666666666
1647870987,1.0,0.14261717,1.5996466,218.0,1842.6255,27155.748,25224.105,19887.938,974.7744,175.0,24377.906,9095.719,520.81226,363.7845,43.608654,0.9162529384254685,-0.48652599637560934,-0.8736661003213531,1.0,76.95,45.45
1647871405,1.0,0.5889113,1.9239987,218.0,101.13,18265.66,30499.762,17158.287,165.0,175.0,27401.574,12371.52,611.28394,704.9323,61.889313,0.9175475490666725,-0.5128546851725774,-0.8584754346494351,1.0,83.91666666666667,38.483333333333334
1647872262,1.0,0.1,1.1429868,2306.1816,4081.5435,18200.645,39549.977,14320.01,165.0,175.0,14655.271,15152.996,552.8526,676.839,54.46131,0.9202018105966049,-0.5653269733138327,-0.8248669063817635,1.0,98.2,24.2
1647872309,1.0,0.1,1.4758137,218.0,6135.7266,21602.883,37412.17,19033.018,165.0,175.0,24276.518,23303.572,895.00714,669.9923,59.94163,0.9203473768648742,-0.5681430083381711,-0.8229298403123153,1.0,98.98333333333333,23.416666666666668
1647872826,1.0,0.1,0.89220023,2696.8096,8087.985,14650.857,36308.168,17308.05,165.0,175.0,23402.32,14465.232,1000.0,108.16583,67.019646,0.921948605815837,-0.5986741565326767,-0.8009926680687459,1.0,107.6,14.8
1647873186,1.0,0.121999264,1.4210044,21020.934,13752.675,23185.238,37734.34,5768.5615,165.0,175.0,25993.93,20643.701,375.48065,691.6752,70.43811,0.9230635814876873,-0.6194365495184747,-0.7850467254378214,1.0,113.6,8.8
1647873254,1.0,0.10124463,1.196446,3347.7676,11936.765,27523.148,42161.867,7892.709,165.0,175.0,43013.35,25818.36,1000.0,769.9231,73.23541,0.9232741880034812,-0.6233110940645792,-0.7819739637711842,1.0,114.73333333333333,7.666666666666667
1647873714,1.0,0.19999993,0.20324002,1499.999,891.999,994.001,1005.999,1092.001,1189.998,1211.001,1302.0,1319.001,1000.0,768.0,33.792,0.9246988791397344,-0.6491161968240529,-0.7606892683748584,0.0,0.0,0.0
1647874207,51.0,0.19999993,0.204512,178604.28,102507.79,110214.87,117505.375,120256.93,130807.96,138638.56,151036.95,159055.95,900.00006,384.0,36.38477,0.9262257763792404,-0.675965434311104,-0.736933329153052,0.0,0.0,0.0
1647874442,51.0,0.19999993,0.203275,178604.28,102507.79,110214.87,117505.375,120256.93,130807.96,138638.56,151036.95,159055.95,900.00006,896.0,36.352,0.9269536077205871,-0.6884600698383578,-0.7252742462256353,0.0,0.0,0.0
1647874762,51.0,0.19999993,0.202466,178604.28,102507.79,110214.87,117505.375,120256.93,130807.96,138638.56,151036.95,159055.95,900.00006,640.0,36.352,0.9279446972066763,-0.7051500379965114,-0.7090581244958121,0.0,0.0,0.0
1647875018,1.0,0.19999993,0.202642,1501.999,789.999,891.0,914.0,999.001,1107.001,1208.999,1299.001,1307.999,1000.0,384.0,34.484222,0.9287375687955476,-0.7182275065806085,-0.6958083419958415,0.0,0.0,0.0
1647875209,51.0,0.19999993,0.204779,178604.28,102507.79,110214.87,117505.375,120256.93,130807.96,138638.56,151036.95,159055.95,900.00006,128.0,37.322754,0.929329125332557,-0.7278226298507926,-0.6857654259855014,0.0,0.0,0.0
1647875239,1.0,0.19999993,0.202941,1601.999,703.999,810.0,911.001,997.99805,1104.001,1202.001,1305.0,1387.999,1000.0,896.0,35.332096,0.9294220399718779,-0.7293170046476636,-0.6841759325873426,0.0,0.0,0.0
1647875554,1.0,0.19999993,0.201759,1503.0,708.001,806.999,903.0,988.999,1105.0,1203.0,1297.999,1305.9971,1000.0,640.0,35.139584,0.9303976436847469,-0.7447970109132658,-0.6672911002963134,0.0,0.0,0.0
1647875659,51.0,0.19999993,0.20566502,178604.28,102507.79,110214.87,117505.375,120256.93,130807.96,138638.56,151036.95,159055.95,900.00006,255.99997,36.85171,0.9307228449223698,-0.7498705602689163,-0.6615845696825021,0.0,0.0,0.0
1647876139,1.0,0.19999993,0.203795,1597.0,904.99805,1005.0,1102.001,1184.0,1207.999,1300.999,1392.999,1403.002,1000.0,128.0,35.889153,0.9322094791515035,-0.772502727892485,-0.6350114450926607,0.0,0.0,0.0
1647876607,1.0,0.19999993,0.204496,1598.0,984.999,1091.001,1106.002,1188.0,1210.0,1300.999,1395.001,1479.998,1000.0,255.99997,35.823616,0.9336589475249089,-0.793663130147291,-0.6083574901690653,0.0,0.0,0.0
1647876958,10.999998,0.19999993,0.200045,54603.004,41395.0,43206.0,44593.0,45301.004,47498.992,48870.0,50696.01,51604.008,1000.0,512.0,34.38592,0.9347460488049629,-0.8089314959187214,-0.5879029128271943,0.0,0.0,0.0
1647877065,10.999998,0.19999993,0.19999999,54702.004,41803.0,43707.0,44921.0,45606.004,47501.0,49092.008,50499.996,51399.004,1000.0,1024.0,33.918976,0.9350774443518739,-0.8134815854595865,-0.5815906723101373,0.0,0.0,0.0
1647877487,10.999998,0.19999993,0.20002401,53999.004,41497.0,43492.016,44697.004,45598.004,47596.008,48897.0,50306.004,51600.992,1000.0,768.0,34.60301,0.936384443611654,-0.8309440121182641,-0.556356044925192,0.0,0.0,0.0
1647878838,10.999998,0.19999993,0.199986,53998.004,41799.992,43504.0,44994.996,45697.0,47395.992,48700.0,50197.992,51698.008,1000.0,384.0,35.08224,0.9405686995357365,-0.8815095573328255,-0.4721661787240653,0.0,0.0,0.0
1647879073,10.999998,0.19999993,0.200007,54204.004,42292.0,43996.004,45195.0,45900.996,47600.0,49006.996,50803.008,52200.0,1000.0,896.0,34.271233,0.9412965308770832,-0.8894496120387273,-0.45703324566617415,0.0,0.0,0.0
1647879359,42.08448,0.1,0.326642,218.0,101.13,19073.742,19819.701,153.0,25481.102,39822.17,5488.0576,17957.604,298.25085,65.0,46.779804,0.9421823171052753,-0.8987621646731554,-0.4384365077773793,1.0,4.766666666666667,131.68333333333334
1647879950,19.654705,0.7445406,0.5883544,218.0,101.13,11127.64,18571.48,18585.871,25225.14,30420.438,14884.85,14345.199,100.0,65.0,51.269844,0.9440127354998963,-0.91676985341131,-0.3994158683330009,1.0,14.616666666666667,121.83333333333333
1647880376,1.0,0.1,0.80578995,218.0,101.13,19545.59,8009.9014,13271.904,19307.139,31141.572,29910.922,21220.824,404.7652,65.0,38.155792,0.9453321233782525,-0.9287017227881883,-0.37082760157551803,1.0,21.716666666666665,114.73333333333333
1647880690,1.0,0.21736753,1.1911966,218.0,101.13,16302.035,21356.883,153.0,13393.756,30870.934,19132.125,16648.725,344.53693,65.0,49.872524,0.9463046299364773,-0.9369266195410536,-0.3495261214778859,1.0,26.95,109.5
1647880859,1.0,0.1,1.0163784,218.0,5196.9634,9629.551,20377.188,10174.1045,13615.839,22511.861,16599.58,12506.168,429.11847,65.0,51.756336,0.9468280490713182,-0.9411514387704943,-0.3379851613610106,1.0,29.766666666666666,106.68333333333334
1647881209,10.342066,0.1383987,1.0018162,218.0,409.31934,9137.574,27381.756,8323.678,7637.794,22465.172,22639.645,28859.52,365.04767,65.0,51.545708,0.9479120531967281,-0.9494483093071295,-0.31392341096807885,1.0,35.6,100.85
1647882707,1.0,0.3150735,0.6985904,218.0,4541.0815,13887.9795,26308.582,17776.553,13194.324,8517.445,17975.707,12705.034,324.94745,65.0,53.071148,0.952551590853483,-0.9779506067077541,-0.20883632547987319,1.0,60.56666666666667,75.88333333333334
1647882973,1.0,0.1,1.1241486,7330.0835,10796.67,9308.215,26804.262,21764.15,6840.8135,8521.021,18253.053,14486.877,100.0,304.12305,73.23541,0.9533754339887945,-0.9818071330355505,-0.18988089298429417,1.0,65.0,71.45
1647883272,1.0,0.16384345,0.4992414,15451.647,6638.019,16755.36,20307.434,20490.43,165.0,15591.119,21700.863,14824.193,585.6564,65.0,51.314293,0.954301483227359,-0.9857034690888535,-0.1684893795650029,1.0,69.98333333333333,66.46666666666667
1647883882,1.0,0.7819131,1.3981953,218.0,14152.279,17327.742,35753.758,16200.383,165.0,2681.582,18508.361,17951.057,510.93506,336.83618,50.201538,0.9561907475602164,-0.9922055838661755,-0.1246117143160375,1.0,80.15,56.3
1647884359,1.0,0.22741294,1.717082,12743.174,1309.7378,14312.178,34092.85,28363.914,7525.8594,175.0,23230.398,5866.1265,850.544,131.12393,49.347572,0.957668090325418,-0.9959304064896339,-0.09012560917626258,1.0,88.1,48.35
1647884703,4.8595734,0.22349161,0.9819554,6950.7646,3504.9673,12757.503,31058.186,28046.184,165.0,9417.863,23704.252,4242.2676,820.9666,664.1343,59.38359,0.9587335115229638,-0.9978731682405355,-0.06518542862937977,1.0,93.83333333333333,42.61666666666667
1647884960,1.0,0.1,1.4075987,5061.353,5571.6484,24021.916,28487.27,25879.998,165.0,175.0,16212.852,16041.505,507.89688,775.95544,63.030327,0.9595294802664792,-0.9989171113385246,-0.046525312197746305,1.0,98.11666666666666,38.333333333333336
1647885275,11.390682,0.1,1.3829905,17242.08,2894.606,10815.0,30479.938,17521.463,165.0,175.0,7121.178,29986.996,989.64026,557.0255,45.323967,0.9605050839793482,-0.9997207142600404,-0.023632466637970438,1.0,103.36666666666666,33.083333333333336
1647886708,1.0,0.1,1.3128433,17334.844,9550.519,24294.234,33856.414,23461.832,165.0,175.0,17564.256,23451.695,1000.0,863.9419,42.570625,0.9649433065842411,-0.9967555073634456,0.08048887215410558,1.0,127.25,9.2
1647886939,1.0,0.6712486,1.9239987,218.0,11465.941,36462.41,48220.895,18262.332,165.0,175.0,46986.91,26393.111,743.39795,469.05615,73.23541,0.9656587493070117,-0.9952628163339718,0.09722101842179305,1.0,131.1,5.35
1647887260,31.0,0.20000005,0.200087,154197.03,102507.79,110214.87,117505.375,120256.93,130807.96,138299.97,141606.92,144403.9,1000.0,640.0,35.31981,0.9666529359477448,-0.9927223535385425,0.12042561515266179,0.0,0.0,0.0
1647887942,31.0,0.20000005,0.200108,154389.9,102507.79,110214.87,117505.375,120256.93,130807.96,138638.56,145899.9,149001.08,1000.0,128.0,34.811905,0.9687651954149723,-0.9855314177470378,0.16949284537558984,0.0,0.0,0.0
1647888439,31.0,0.20000005,0.200009,159300.94,102507.79,110214.87,117505.375,120256.93,130807.96,138638.56,148196.05,150502.95,1000.0,255.99997,34.816,0.9703044812730545,-0.9787631623282753,0.20499432204125603,0.0,0.0,0.0
1647888943,41.0,0.20000005,0.202013,178604.28,102507.79,110214.87,117505.375,120256.93,130807.96,138638.56,151036.95,159055.95,1000.0,512.0,35.590145,0.9718654472136449,-0.9705940666758557,0.24072215879229852,0.0,0.0,0.0
1647889321,41.0,0.20000005,0.20065,178604.28,102507.79,110214.87,117505.375,120256.93,130807.96,138638.56,151036.95,159055.95,1000.0,1024.0,35.659775,0.9730361716690876,-0.9636110165374357,0.26730845255563807,0.0,0.0,0.0
1647889570,41.0,0.20000005,0.20182398,178604.28,102507.79,110214.87,117505.375,120256.93,130807.96,138638.56,151036.95,159055.95,1000.0,768.0,35.69664,0.9738073631754507,-0.9586129395635146,0.2847125429295267,0.0,0.0,0.0
1647891181,41.0,0.19999999,0.20066899,178604.28,102507.79,110214.87,117505.375,120256.93,130807.96,138638.56,151036.95,159055.95,1000.0,384.0,35.34848,0.9787968793069807,-0.9187625011360951,0.39481067172272183,0.0,0.0,0.0
1647891408,41.0,0.19999999,0.200749,178604.28,102507.79,110214.87,117505.375,120256.93,130807.96,138638.56,151036.95,159055.95,1000.0,896.0,35.557377,0.9794999334111751,-0.9121201161722733,0.4099230338415721,0.0,0.0,0.0
1647891701,41.0,0.19999999,0.201303,178604.28,102507.79,110214.87,117505.375,120256.93,130807.96,138638.56,151036.95,159055.95,1000.0,640.0,36.09805,0.9804073997218755,-0.9031792679349281,0.4292635670220888,0.0,0.0,0.0
1647892360,41.0,0.19999999,0.200635,178604.28,102507.79,110214.87,117505.375,120256.93,130807.96,138638.56,151036.95,159055.95,1000.0,128.0,35.29523,0.9824484246322903,-0.8815782217958232,0.4720379633623913,0.0,0.0,0.0
1647892786,41.0,0.19999999,0.201679,178604.28,102507.79,110214.87,117505.375,120256.93,130807.96,138638.56,151036.95,159055.95,1000.0,255.99997,35.98336,0.9837678125106465,-0.8665340092243812,0.4991180329917164,0.0,0.0,0.0
1647893417,51.0,0.19999999,0.202163,178604.28,102507.79,110214.87,117505.375,120256.93,130807.96,138638.56,151036.95,159055.95,1000.0,512.0,37.101566,0.9857221170910285,-0.842726551460218,0.5383418611476991,0.0,0.0,0.0
1647893991,51.0,0.19999999,0.202071,178604.28,102507.79,110214.87,117505.375,120256.93,130807.96,138638.56,151036.95,159055.95,1000.0,1024.0,36.511745,0.9874998838567008,-0.8195272737125658,0.5730401797790877,0.0,0.0,0.0
1647894093,51.000004,0.19999993,0.202482,178604.28,102507.79,110214.87,117505.375,120256.93,130807.96,138638.56,151036.95,159055.95,1000.0,768.0,37.015553,0.9878157936303917,-0.8152541558758509,0.5791033252599692,0.0,0.0,0.0
1647895989,51.0,0.19999999,0.20359698,178604.28,102507.79,110214.87,117505.375,120256.93,130807.96,138638.56,151036.95,159055.95,1000.0,384.0,36.581375,0.9936879988354699,-0.727922362690431,0.6856595612220256,0.0,0.0,0.0
1647896258,51.0,0.20000005,0.203588,178604.28,102507.79,110214.87,117505.375,120256.93,130807.96,138638.56,151036.95,159055.95,1000.0,896.0,36.74112,0.9945211334347135,-0.7143709101682935,0.699767248951624,0.0,0.0,0.0
1647896571,1.0,0.1,1.9239987,21694.887,42438.875,124.13,149.0,153.0,165.0,62520.2,40040.51,198.0,100.0,1024.0,30.331127,0.9954905428382944,-0.6982591288782461,0.7158450872487656,1.0,5.216666666666667,0.0
1647897452,57.23355,0.1,0.0,218.0,22405.467,81369.42,91198.734,153.0,165.0,175.0,189.0,58912.12,1000.0,1024.0,26.10094,0.9982191360796836,-0.6509950528002793,0.7590819726680128,1.0,19.9,0.0
1647898027,31.0,0.9,0.258153,13214.0,9328.0,9875.0,10203.0,10393.0,11001.0,11600.0,12250.0,12615.0,500.0,512.0,39.071743,1.0,-0.618694100100527,0.7856319815923988,1.0,29.483333333333334,0.0
