index,unit1_rgb,unit1_pwr_60ghz,unit1_loc,unit2_loc,,unit1_beam_index,seq_index,time_stamp[UTC],unit2_direction,unit2_num_sat,unit2_sat_used,unit2_fix_type,unit2_DGPS,unit2_PDOP,unit2_HDOP
1,./unit1/camera_data/image_BS1_456_00_42_15.jpg,./unit1/mmWave_data/mmWave_power_0.txt,./unit1/GPS_data/gps_location.txt,./unit2/GPS_data/gps_location_0.txt,,2,1,['00-42-15-0'],0,17,G2 G6 G12 G17 G19 G24 G28 R12 R13 R22 R23 R24 E13 E15 E21 E27 E30,3D,Yes,1.5,0.8
2,./unit1/camera_data/image_BS1_457_00_42_15.jpg,./unit1/mmWave_data/mmWave_power_1.txt,./unit1/GPS_data/gps_location.txt,./unit2/GPS_data/gps_location_1.txt,,2,1,['00-42-15-125'],0,17,G2 G6 G12 G17 G19 G24 G28 R12 R13 R22 R23 R24 E13 E15 E21 E27 E30,3D,Yes,1.4,0.7
3,./unit1/camera_data/image_BS1_458_00_42_15.jpg,./unit1/mmWave_data/mmWave_power_2.txt,./unit1/GPS_data/gps_location.txt,./unit2/GPS_data/gps_location_2.txt,,2,1,['00-42-15-250'],0,17,G2 G6 G12 G17 G19 G24 G28 R12 R13 R22 R23 R24 E13 E15 E21 E27 E30,3D,Yes,1.4,0.7
4,./unit1/camera_data/image_BS1_459_00_42_15.jpg,./unit1/mmWave_data/mmWave_power_3.txt,./unit1/GPS_data/gps_location.txt,./unit2/GPS_data/gps_location_3.txt,,2,1,['00-42-15-375'],0,22,G2 G6 G12 G17 G19 G24 G28 R12 R13 R22 R23 R24 E13 E15 E21 E27 E30 B11 B12 B24 B25 B26,3D,Yes,1.4,0.7
5,./unit1/camera_data/image_BS1_460_00_42_15.jpg,./unit1/mmWave_data/mmWave_power_4.txt,./unit1/GPS_data/gps_location.txt,./unit2/GPS_data/gps_location_4.txt,,2,1,['00-42-15-500'],0,22,G2 G6 G12 G17 G19 G24 G28 R12 R13 R22 R23 R24 E13 E15 E21 E27 E30 B11 B12 B24 B25 B26,3D,Yes,1.4,0.7
6,./unit1/camera_data/image_BS1_461_00_42_15.jpg,./unit1/mmWave_data/mmWave_power_5.txt,./unit1/GPS_data/gps_location.txt,./unit2/GPS_data/gps_location_5.txt,,2,1,['00-42-15-625'],0,12,G2 G6 G12 G17 G19 G24 G28 R12 R13 R22 R23 R24,3D,Yes,1.4,0.7
7,./unit1/camera_data/image_BS1_462_00_42_15.jpg,./unit1/mmWave_data/mmWave_power_6.txt,./unit1/GPS_data/gps_location.txt,./unit2/GPS_data/gps_location_6.txt,,2,1,['00-42-15-750'],0,12,G2 G6 G12 G17 G19 G24 G28 R12 R13 R22 R23 R24,3D,Yes,1.4,0.7
8,./unit1/camera_data/image_BS1_463_00_42_15.jpg,./unit1/mmWave_data/mmWave_power_7.txt,./unit1/GPS_data/gps_location.txt,./unit2/GPS_data/gps_location_7.txt,,2,1,['00-42-15-875'],0,12,G2 G6 G12 G17 G19 G24 G28 R12 R13 R22 R23 R24,3D,Yes,1.4,0.7
9,./unit1/camera_data/image_BS1_464_00_42_16.jpg,./unit1/mmWave_data/mmWave_power_8.txt,./unit1/GPS_data/gps_location.txt,./unit2/GPS_data/gps_location_8.txt,,3,1,['00-42-16-0'],0,17,G2 G6 G12 G17 G19 G24 G28 R12 R13 R22 R23 R24 E13 E15 E21 E27 E30,3D,Yes,1.4,0.7
10,./unit1/camera_data/image_BS1_465_00_42_16.jpg,./unit1/mmWave_data/mmWave_power_9.txt,./unit1/GPS_data/gps_location.txt,./unit2/GPS_data/gps_location_9.txt,,3,1,['00-42-16-111'],0,17,G2 G6 G12 G17 G19 G24 G28 R12 R13 R22 R23 R24 E13 E15 E21 E27 E30,3D,Yes,1.4,0.8
11,./unit1/camera_data/image_BS1_466_00_42_16.jpg,./unit1/mmWave_data/mmWave_power_10.txt,./unit1/GPS_data/gps_location.txt,./unit2/GPS_data/gps_location_10.txt,,3,1,['00-42-16-222'],0,17,G2 G6 G12 G17 G19 G24 G28 R12 R13 R22 R23 R24 E13 E15 E21 E27 E30,3D,Yes,1.4,0.7
12,./unit1/camera_data/image_BS1_467_00_42_16.jpg,./unit1/mmWave_data/mmWave_power_11.txt,./unit1/GPS_data/gps_location.txt,./unit2/GPS_data/gps_location_11.txt,,3,1,['00-42-16-333'],0,17,G2 G6 G12 G17 G19 G24 G28 R12 R13 R22 R23 R24 E13 E15 E21 E27 E30,3D,Yes,1.4,0.7
13,./unit1/camera_data/image_BS1_468_00_42_16.jpg,./unit1/mmWave_data/mmWave_power_12.txt,./unit1/GPS_data/gps_location.txt,./unit2/GPS_data/gps_location_12.txt,,3,1,['00-42-16-444'],0,17,G2 G6 G12 G17 G19 G24 G28 R12 R13 R22 R23 R24 E13 E15 E21 E27 E30,3D,Yes,1.4,0.7
14,./unit1/camera_data/image_BS1_469_00_42_16.jpg,./unit1/mmWave_data/mmWave_power_13.txt,./unit1/GPS_data/gps_location.txt,./unit2/GPS_data/gps_location_13.txt,,4,1,['00-42-16-555'],0,17,G2 G6 G12 G17 G19 G24 G28 R12 R13 R22 R23 R24 E13 E15 E21 E27 E30,3D,Yes,1.4,0.7
15,./unit1/camera_data/image_BS1_470_00_42_16.jpg,./unit1/mmWave_data/mmWave_power_14.txt,./unit1/GPS_data/gps_location.txt,./unit2/GPS_data/gps_location_14.txt,,5,1,['00-42-16-666'],0,7,G2 G6 G12 G17 G19 G24 G28,3D,Yes,1.4,0.7
16,./unit1/camera_data/image_BS1_471_00_42_16.jpg,./unit1/mmWave_data/mmWave_power_15.txt,./unit1/GPS_data/gps_location.txt,./unit2/GPS_data/gps_location_15.txt,,6,1,['00-42-16-777'],0,7,G2 G6 G12 G17 G19 G24 G28,3D,Yes,1.3,0.7
17,./unit1/camera_data/image_BS1_472_00_42_16.jpg,./unit1/mmWave_data/mmWave_power_16.txt,./unit1/GPS_data/gps_location.txt,./unit2/GPS_data/gps_location_16.txt,,6,1,['00-42-16-888'],0,12,G2 G6 G12 G17 G19 G24 G28 R12 R13 R22 R23 R24,3D,Yes,1.3,0.7
18,./unit1/camera_data/image_BS1_473_00_42_17.jpg,./unit1/mmWave_data/mmWave_power_17.txt,./unit1/GPS_data/gps_location.txt,./unit2/GPS_data/gps_location_17.txt,,6,1,['00-42-17-0'],0,12,G2 G6 G12 G17 G19 G24 G28 R12 R13 R22 R23 R24,3D,Yes,1.3,0.7
19,./unit1/camera_data/image_BS1_474_00_42_17.jpg,./unit1/mmWave_data/mmWave_power_18.txt,./unit1/GPS_data/gps_location.txt,./unit2/GPS_data/gps_location_18.txt,,6,1,['00-42-17-111'],0,12,G2 G6 G12 G17 G19 G24 G28 R12 R13 R22 R23 R24,3D,Yes,1.3,0.7
20,./unit1/camera_data/image_BS1_475_00_42_17.jpg,./unit1/mmWave_data/mmWave_power_19.txt,./unit1/GPS_data/gps_location.txt,./unit2/GPS_data/gps_location_19.txt,,6,1,['00-42-17-222'],0,22,G2 G6 G12 G17 G19 G24 G28 R12 R13 R22 R23 R24 E13 E15 E21 E27 E30 B11 B12 B24 B25 B26,3D,Yes,1.3,0.7
21,./unit1/camera_data/image_BS1_476_00_42_17.jpg,./unit1/mmWave_data/mmWave_power_20.txt,./unit1/GPS_data/gps_location.txt,./unit2/GPS_data/gps_location_20.txt,,7,1,['00-42-17-333'],0,12,G2 G6 G12 G17 G19 G24 G28 R12 R13 R22 R23 R24,3D,Yes,1.3,0.7
22,./unit1/camera_data/image_BS1_477_00_42_17.jpg,./unit1/mmWave_data/mmWave_power_21.txt,./unit1/GPS_data/gps_location.txt,./unit2/GPS_data/gps_location_21.txt,,7,1,['00-42-17-444'],0,17,G2 G6 G12 G17 G19 G24 G28 R12 R13 R22 R23 R24 E13 E15 E21 E27 E30,3D,Yes,1.3,0.7
23,./unit1/camera_data/image_BS1_478_00_42_17.jpg,./unit1/mmWave_data/mmWave_power_22.txt,./unit1/GPS_data/gps_location.txt,./unit2/GPS_data/gps_location_22.txt,,10,1,['00-42-17-555'],0,17,G2 G6 G12 G17 G19 G24 G28 R12 R13 R22 R23 R24 E13 E15 E21 E27 E30,3D,Yes,1.3,0.7
24,./unit1/camera_data/image_BS1_479_00_42_17.jpg,./unit1/mmWave_data/mmWave_power_23.txt,./unit1/GPS_data/gps_location.txt,./unit2/GPS_data/gps_location_23.txt,,8,1,['00-42-17-666'],0,12,G2 G6 G12 G17 G19 G24 G28 R12 R13 R22 R23 R24,3D,Yes,1.3,0.7
25,./unit1/camera_data/image_BS1_480_00_42_17.jpg,./unit1/mmWave_data/mmWave_power_24.txt,./unit1/GPS_data/gps_location.txt,./unit2/GPS_data/gps_location_24.txt,,10,1,['00-42-17-777'],0,17,G2 G6 G12 G17 G19 G24 G28 R12 R13 R22 R23 R24 E13 E15 E21 E27 E30,3D,Yes,1.3,0.7
26,./unit1/camera_data/image_BS1_481_00_42_17.jpg,./unit1/mmWave_data/mmWave_power_25.txt,./unit1/GPS_data/gps_location.txt,./unit2/GPS_data/gps_location_25.txt,,10,1,['00-42-17-888'],0,17,G2 G6 G12 G17 G19 G24 G28 R12 R13 R22 R23 R24 E13 E15 E21 E27 E30,3D,Yes,1.3,0.7
27,./unit1/camera_data/image_BS1_482_00_42_18.jpg,./unit1/mmWave_data/mmWave_power_26.txt,./unit1/GPS_data/gps_location.txt,./unit2/GPS_data/gps_location_26.txt,,10,1,['00-42-18-0'],0,12,G2 G6 G12 G17 G19 G24 G28 R12 R13 R22 R23 R24,3D,Yes,1.3,0.7
28,./unit1/camera_data/image_BS1_483_00_42_18.jpg,./unit1/mmWave_data/mmWave_power_27.txt,./unit1/GPS_data/gps_location.txt,./unit2/GPS_data/gps_location_27.txt,,11,1,['00-42-18-111'],0,22,G2 G6 G12 G17 G19 G24 G28 R12 R13 R22 R23 R24 E13 E15 E21 E27 E30 B11 B12 B24 B25 B26,3D,Yes,1.3,0.7
29,./unit1/camera_data/image_BS1_484_00_42_18.jpg,./unit1/mmWave_data/mmWave_power_28.txt,./unit1/GPS_data/gps_location.txt,./unit2/GPS_data/gps_location_28.txt,,11,1,['00-42-18-222'],0,17,G2 G6 G12 G17 G19 G24 G28 R12 R13 R22 R23 R24 E13 E15 E21 E27 E30,3D,Yes,1.3,0.7
30,./unit1/camera_data/image_BS1_485_00_42_18.jpg,./unit1/mmWave_data/mmWave_power_29.txt,./unit1/GPS_data/gps_location.txt,./unit2/GPS_data/gps_location_29.txt,,13,1,['00-42-18-333'],0,17,G2 G6 G12 G17 G19 G24 G28 R12 R13 R22 R23 R24 E13 E15 E21 E27 E30,3D,Yes,1.3,0.7
31,./unit1/camera_data/image_BS1_486_00_42_18.jpg,./unit1/mmWave_data/mmWave_power_30.txt,./unit1/GPS_data/gps_location.txt,./unit2/GPS_data/gps_location_30.txt,,13,1,['00-42-18-444'],0,7,G2 G6 G12 G17 G19 G24 G28,3D,Yes,1.3,0.7
32,./unit1/camera_data/image_BS1_487_00_42_18.jpg,./unit1/mmWave_data/mmWave_power_31.txt,./unit1/GPS_data/gps_location.txt,./unit2/GPS_data/gps_location_31.txt,,13,1,['00-42-18-555'],0,12,G2 G6 G12 G17 G19 G24 G28 R12 R13 R22 R23 R24,3D,Yes,1.3,0.7
33,./unit1/camera_data/image_BS1_488_00_42_18.jpg,./unit1/mmWave_data/mmWave_power_32.txt,./unit1/GPS_data/gps_location.txt,./unit2/GPS_data/gps_location_32.txt,,13,1,['00-42-18-666'],0,12,G2 G6 G12 G17 G19 G24 G28 R12 R13 R22 R23 R24,3D,Yes,1.3,0.7
34,./unit1/camera_data/image_BS1_489_00_42_18.jpg,./unit1/mmWave_data/mmWave_power_33.txt,./unit1/GPS_data/gps_location.txt,./unit2/GPS_data/gps_location_33.txt,,14,1,['00-42-18-777'],0,12,G2 G6 G12 G17 G19 G24 G28 R12 R13 R22 R23 R24,3D,Yes,1.3,0.7
35,./unit1/camera_data/image_BS1_490_00_42_18.jpg,./unit1/mmWave_data/mmWave_power_34.txt,./unit1/GPS_data/gps_location.txt,./unit2/GPS_data/gps_location_34.txt,,14,1,['00-42-18-888'],0,17,G2 G6 G12 G17 G19 G24 G28 R12 R13 R22 R23 R24 E13 E15 E21 E27 E30,3D,Yes,1.3,0.7
36,./unit1/camera_data/image_BS1_491_00_42_19.jpg,./unit1/mmWave_data/mmWave_power_35.txt,./unit1/GPS_data/gps_location.txt,./unit2/GPS_data/gps_location_35.txt,,16,1,['00-42-19-0'],0,22,G2 G6 G12 G17 G19 G24 G28 R12 R13 R22 R23 R24 E13 E15 E21 E27 E30 B11 B12 B24 B25 B26,3D,Yes,1.3,0.7
37,./unit1/camera_data/image_BS1_492_00_42_19.jpg,./unit1/mmWave_data/mmWave_power_36.txt,./unit1/GPS_data/gps_location.txt,./unit2/GPS_data/gps_location_36.txt,,16,1,['00-42-19-111'],0,17,G2 G6 G12 G17 G19 G24 G28 R12 R13 R22 R23 R24 E13 E15 E21 E27 E30,3D,Yes,1.3,0.7
38,./unit1/camera_data/image_BS1_493_00_42_19.jpg,./unit1/mmWave_data/mmWave_power_37.txt,./unit1/GPS_data/gps_location.txt,./unit2/GPS_data/gps_location_37.txt,,16,1,['00-42-19-222'],0,17,G2 G6 G12 G17 G19 G24 G28 R12 R13 R22 R23 R24 E13 E15 E21 E27 E30,3D,Yes,1.3,0.7
39,./unit1/camera_data/image_BS1_494_00_42_19.jpg,./unit1/mmWave_data/mmWave_power_38.txt,./unit1/GPS_data/gps_location.txt,./unit2/GPS_data/gps_location_38.txt,,16,1,['00-42-19-333'],0,12,G2 G6 G12 G17 G19 G24 G28 R12 R13 R22 R23 R24,3D,Yes,1.3,0.7
40,./unit1/camera_data/image_BS1_495_00_42_19.jpg,./unit1/mmWave_data/mmWave_power_39.txt,./unit1/GPS_data/gps_location.txt,./unit2/GPS_data/gps_location_39.txt,,17,1,['00-42-19-444'],0,17,G2 G6 G12 G17 G19 G24 G28 R12 R13 R22 R23 R24 E13 E15 E21 E27 E30,3D,Yes,1.3,0.7
41,./unit1/camera_data/image_BS1_496_00_42_19.jpg,./unit1/mmWave_data/mmWave_power_40.txt,./unit1/GPS_data/gps_location.txt,./unit2/GPS_data/gps_location_40.txt,,17,1,['00-42-19-555'],0,17,G2 G6 G12 G17 G19 G24 G28 R12 R13 R22 R23 R24 E13 E15 E21 E27 E30,3D,Yes,1.3,0.7
42,./unit1/camera_data/image_BS1_497_00_42_19.jpg,./unit1/mmWave_data/mmWave_power_41.txt,./unit1/GPS_data/gps_location.txt,./unit2/GPS_data/gps_location_41.txt,,17,1,['00-42-19-666'],0,17,G2 G6 G12 G17 G19 G24 G28 R12 R13 R22 R23 R24 E13 E15 E21 E27 E30,3D,Yes,1.3,0.7
43,./unit1/camera_data/image_BS1_498_00_42_19.jpg,./unit1/mmWave_data/mmWave_power_42.txt,./unit1/GPS_data/gps_location.txt,./unit2/GPS_data/gps_location_42.txt,,17,1,['00-42-19-777'],0,7,G2 G6 G12 G17 G19 G24 G28,3D,Yes,1.3,0.7
44,./unit1/camera_data/image_BS1_499_00_42_19.jpg,./unit1/mmWave_data/mmWave_power_43.txt,./unit1/GPS_data/gps_location.txt,./unit2/GPS_data/gps_location_43.txt,,18,1,['00-42-19-888'],0,22,G2 G6 G12 G17 G19 G24 G28 R12 R13 R22 R23 R24 E13 E15 E21 E27 E30 B11 B12 B24 B25 B26,3D,Yes,1.3,0.7
45,./unit1/camera_data/image_BS1_500_00_42_20.jpg,./unit1/mmWave_data/mmWave_power_44.txt,./unit1/GPS_data/gps_location.txt,./unit2/GPS_data/gps_location_44.txt,,19,1,['00-42-20-0'],0,17,G2 G6 G12 G17 G19 G24 G28 R12 R13 R22 R23 R24 E13 E15 E21 E27 E30,3D,Yes,1.3,0.7
46,./unit1/camera_data/image_BS1_501_00_42_20.jpg,./unit1/mmWave_data/mmWave_power_45.txt,./unit1/GPS_data/gps_location.txt,./unit2/GPS_data/gps_location_45.txt,,20,1,['00-42-20-111'],0,12,G2 G6 G12 G17 G19 G24 G28 R12 R13 R22 R23 R24,3D,Yes,1.3,0.7
47,./unit1/camera_data/image_BS1_502_00_42_20.jpg,./unit1/mmWave_data/mmWave_power_46.txt,./unit1/GPS_data/gps_location.txt,./unit2/GPS_data/gps_location_46.txt,,20,1,['00-42-20-222'],0,17,G2 G6 G12 G17 G19 G24 G28 R12 R13 R22 R23 R24 E13 E15 E21 E27 E30,3D,Yes,1.3,0.7
48,./unit1/camera_data/image_BS1_503_00_42_20.jpg,./unit1/mmWave_data/mmWave_power_47.txt,./unit1/GPS_data/gps_location.txt,./unit2/GPS_data/gps_location_47.txt,,20,1,['00-42-20-333'],0,17,G2 G6 G12 G17 G19 G24 G28 R12 R13 R22 R23 R24 E13 E15 E21 E27 E30,3D,Yes,1.3,0.7
49,./unit1/camera_data/image_BS1_504_00_42_20.jpg,./unit1/mmWave_data/mmWave_power_48.txt,./unit1/GPS_data/gps_location.txt,./unit2/GPS_data/gps_location_48.txt,,20,1,['00-42-20-444'],0,12,G2 G6 G12 G17 G19 G24 G28 R12 R13 R22 R23 R24,3D,Yes,1.3,0.7
50,./unit1/camera_data/image_BS1_505_00_42_20.jpg,./unit1/mmWave_data/mmWave_power_49.txt,./unit1/GPS_data/gps_location.txt,./unit2/GPS_data/gps_location_49.txt,,20,1,['00-42-20-555'],0,17,G2 G6 G12 G17 G19 G24 G28 R12 R13 R22 R23 R24 E13 E15 E21 E27 E30,3D,Yes,1.3,0.7
51,./unit1/camera_data/image_BS1_506_00_42_20.jpg,./unit1/mmWave_data/mmWave_power_50.txt,./unit1/GPS_data/gps_location.txt,./unit2/GPS_data/gps_location_50.txt,,20,1,['00-42-20-666'],0,12,G2 G6 G12 G17 G19 G24 G28 R12 R13 R22 R23 R24,3D,Yes,1.3,0.7
52,./unit1/camera_data/image_BS1_507_00_42_20.jpg,./unit1/mmWave_data/mmWave_power_51.txt,./unit1/GPS_data/gps_location.txt,./unit2/GPS_data/gps_location_51.txt,,20,1,['00-42-20-777'],0,17,G2 G6 G12 G17 G19 G24 G28 R12 R13 R22 R23 R24 E13 E15 E21 E27 E30,3D,Yes,1.3,0.7
53,./unit1/camera_data/image_BS1_508_00_42_20.jpg,./unit1/mmWave_data/mmWave_power_52.txt,./unit1/GPS_data/gps_location.txt,./unit2/GPS_data/gps_location_52.txt,,20,1,['00-42-20-888'],0,12,G2 G6 G12 G17 G19 G24 G28 R12 R13 R22 R23 R24,3D,Yes,1.3,0.7
54,./unit1/camera_data/image_BS1_509_00_42_21.jpg,./unit1/mmWave_data/mmWave_power_53.txt,./unit1/GPS_data/gps_location.txt,./unit2/GPS_data/gps_location_53.txt,,20,1,['00-42-21-0'],0,17,G2 G6 G12 G17 G19 G24 G28 R12 R13 R22 R23 R24 E13 E15 E21 E27 E30,3D,Yes,1.3,0.7
55,./unit1/camera_data/image_BS1_510_00_42_21.jpg,./unit1/mmWave_data/mmWave_power_54.txt,./unit1/GPS_data/gps_location.txt,./unit2/GPS_data/gps_location_54.txt,,20,1,['00-42-21-125'],0,17,G2 G6 G12 G17 G19 G24 G28 R12 R13 R22 R23 R24 E13 E15 E21 E27 E30,3D,Yes,1.3,0.7
56,./unit1/camera_data/image_BS1_511_00_42_21.jpg,./unit1/mmWave_data/mmWave_power_55.txt,./unit1/GPS_data/gps_location.txt,./unit2/GPS_data/gps_location_55.txt,,20,1,['00-42-21-250'],0,17,G2 G6 G12 G17 G19 G24 G28 R12 R13 R22 R23 R24 E13 E15 E21 E27 E30,3D,Yes,1.3,0.7
57,./unit1/camera_data/image_BS1_512_00_42_21.jpg,./unit1/mmWave_data/mmWave_power_56.txt,./unit1/GPS_data/gps_location.txt,./unit2/GPS_data/gps_location_56.txt,,21,1,['00-42-21-375'],0,17,G2 G6 G12 G17 G19 G24 G28 R12 R13 R22 R23 R24 E13 E15 E21 E27 E30,3D,Yes,1.3,0.7
58,./unit1/camera_data/image_BS1_513_00_42_21.jpg,./unit1/mmWave_data/mmWave_power_57.txt,./unit1/GPS_data/gps_location.txt,./unit2/GPS_data/gps_location_57.txt,,21,1,['00-42-21-500'],0,17,G2 G6 G12 G17 G19 G24 G28 R12 R13 R22 R23 R24 E13 E15 E21 E27 E30,3D,Yes,1.3,0.7
59,./unit1/camera_data/image_BS1_514_00_42_21.jpg,./unit1/mmWave_data/mmWave_power_58.txt,./unit1/GPS_data/gps_location.txt,./unit2/GPS_data/gps_location_58.txt,,21,1,['00-42-21-625'],0,22,G2 G6 G12 G17 G19 G24 G28 R12 R13 R22 R23 R24 E13 E15 E21 E27 E30 B11 B12 B24 B25 B26,3D,Yes,1.3,0.7
60,./unit1/camera_data/image_BS1_515_00_42_21.jpg,./unit1/mmWave_data/mmWave_power_59.txt,./unit1/GPS_data/gps_location.txt,./unit2/GPS_data/gps_location_59.txt,,21,1,['00-42-21-750'],0,17,G2 G6 G12 G17 G19 G24 G28 R12 R13 R22 R23 R24 E13 E15 E21 E27 E30,3D,Yes,1.3,0.7
61,./unit1/camera_data/image_BS1_516_00_42_21.jpg,./unit1/mmWave_data/mmWave_power_60.txt,./unit1/GPS_data/gps_location.txt,./unit2/GPS_data/gps_location_60.txt,,21,1,['00-42-21-875'],0,12,G2 G6 G12 G17 G19 G24 G28 R12 R13 R22 R23 R24,3D,Yes,1.3,0.7
62,./unit1/camera_data/image_BS1_517_00_42_22.jpg,./unit1/mmWave_data/mmWave_power_61.txt,./unit1/GPS_data/gps_location.txt,./unit2/GPS_data/gps_location_61.txt,,21,1,['00-42-22-0'],0,22,G2 G6 G12 G17 G19 G24 G28 R12 R13 R22 R23 R24 E13 E15 E21 E27 E30 B11 B12 B24 B25 B26,3D,Yes,1.4,0.7
63,./unit1/camera_data/image_BS1_518_00_42_22.jpg,./unit1/mmWave_data/mmWave_power_62.txt,./unit1/GPS_data/gps_location.txt,./unit2/GPS_data/gps_location_62.txt,,22,1,['00-42-22-111'],0,12,G2 G6 G12 G17 G19 G24 G28 R12 R13 R22 R23 R24,3D,Yes,1.4,0.8
64,./unit1/camera_data/image_BS1_519_00_42_22.jpg,./unit1/mmWave_data/mmWave_power_63.txt,./unit1/GPS_data/gps_location.txt,./unit2/GPS_data/gps_location_63.txt,,22,1,['00-42-22-222'],0,12,G2 G6 G12 G17 G19 G24 G28 R12 R13 R22 R23 R24,3D,Yes,1.4,0.7
65,./unit1/camera_data/image_BS1_520_00_42_22.jpg,./unit1/mmWave_data/mmWave_power_64.txt,./unit1/GPS_data/gps_location.txt,./unit2/GPS_data/gps_location_64.txt,,22,1,['00-42-22-333'],0,12,G2 G6 G12 G17 G19 G24 G28 R12 R13 R22 R23 R24,3D,Yes,1.4,0.7
66,./unit1/camera_data/image_BS1_521_00_42_22.jpg,./unit1/mmWave_data/mmWave_power_65.txt,./unit1/GPS_data/gps_location.txt,./unit2/GPS_data/gps_location_65.txt,,22,1,['00-42-22-444'],0,17,G2 G6 G12 G17 G19 G24 G28 R12 R13 R22 R23 R24 E13 E15 E21 E27 E30,3D,Yes,1.4,0.7
67,./unit1/camera_data/image_BS1_522_00_42_22.jpg,./unit1/mmWave_data/mmWave_power_66.txt,./unit1/GPS_data/gps_location.txt,./unit2/GPS_data/gps_location_66.txt,,22,1,['00-42-22-555'],0,12,G2 G6 G12 G17 G19 G24 G28 R12 R13 R22 R23 R24,3D,Yes,1.3,0.7
68,./unit1/camera_data/image_BS1_523_00_42_22.jpg,./unit1/mmWave_data/mmWave_power_67.txt,./unit1/GPS_data/gps_location.txt,./unit2/GPS_data/gps_location_67.txt,,22,1,['00-42-22-666'],0,17,G2 G6 G12 G17 G19 G24 G28 R12 R13 R22 R23 R24 E13 E15 E21 E27 E30,3D,Yes,1.3,0.7
69,./unit1/camera_data/image_BS1_524_00_42_22.jpg,./unit1/mmWave_data/mmWave_power_68.txt,./unit1/GPS_data/gps_location.txt,./unit2/GPS_data/gps_location_68.txt,,23,1,['00-42-22-777'],0,17,G2 G6 G12 G17 G19 G24 G28 R12 R13 R22 R23 R24 E13 E15 E21 E27 E30,3D,Yes,1.3,0.7
70,./unit1/camera_data/image_BS1_525_00_42_22.jpg,./unit1/mmWave_data/mmWave_power_69.txt,./unit1/GPS_data/gps_location.txt,./unit2/GPS_data/gps_location_69.txt,,23,1,['00-42-22-888'],0,17,G2 G6 G12 G17 G19 G24 G28 R12 R13 R22 R23 R24 E13 E15 E21 E27 E30,3D,Yes,1.3,0.7
71,./unit1/camera_data/image_BS1_526_00_42_23.jpg,./unit1/mmWave_data/mmWave_power_70.txt,./unit1/GPS_data/gps_location.txt,./unit2/GPS_data/gps_location_70.txt,,23,1,['00-42-23-0'],0,17,G2 G6 G12 G17 G19 G24 G28 R12 R13 R22 R23 R24 E13 E15 E21 E27 E30,3D,Yes,1.3,0.7
72,./unit1/camera_data/image_BS1_527_00_42_23.jpg,./unit1/mmWave_data/mmWave_power_71.txt,./unit1/GPS_data/gps_location.txt,./unit2/GPS_data/gps_location_71.txt,,25,1,['00-42-23-111'],0,17,G2 G6 G12 G17 G19 G24 G28 R12 R13 R22 R23 R24 E13 E15 E21 E27 E30,3D,Yes,1.3,0.7
73,./unit1/camera_data/image_BS1_528_00_42_23.jpg,./unit1/mmWave_data/mmWave_power_72.txt,./unit1/GPS_data/gps_location.txt,./unit2/GPS_data/gps_location_72.txt,,26,1,['00-42-23-222'],0,22,G2 G6 G12 G17 G19 G24 G28 R12 R13 R22 R23 R24 E13 E15 E21 E27 E30 B11 B12 B24 B25 B26,3D,Yes,1.3,0.7
74,./unit1/camera_data/image_BS1_529_00_42_23.jpg,./unit1/mmWave_data/mmWave_power_73.txt,./unit1/GPS_data/gps_location.txt,./unit2/GPS_data/gps_location_73.txt,,26,1,['00-42-23-333'],0,12,G2 G6 G12 G17 G19 G24 G28 R12 R13 R22 R23 R24,3D,Yes,1.3,0.7
75,./unit1/camera_data/image_BS1_530_00_42_23.jpg,./unit1/mmWave_data/mmWave_power_74.txt,./unit1/GPS_data/gps_location.txt,./unit2/GPS_data/gps_location_74.txt,,26,1,['00-42-23-444'],0,22,G2 G6 G12 G17 G19 G24 G28 R12 R13 R22 R23 R24 E13 E15 E21 E27 E30 B11 B12 B24 B25 B26,3D,Yes,1.3,0.7
76,./unit1/camera_data/image_BS1_531_00_42_23.jpg,./unit1/mmWave_data/mmWave_power_75.txt,./unit1/GPS_data/gps_location.txt,./unit2/GPS_data/gps_location_75.txt,,27,1,['00-42-23-555'],0,17,G2 G6 G12 G17 G19 G24 G28 R12 R13 R22 R23 R24 E13 E15 E21 E27 E30,3D,Yes,1.3,0.7
77,./unit1/camera_data/image_BS1_532_00_42_23.jpg,./unit1/mmWave_data/mmWave_power_76.txt,./unit1/GPS_data/gps_location.txt,./unit2/GPS_data/gps_location_76.txt,,27,1,['00-42-23-666'],0,12,G2 G6 G12 G17 G19 G24 G28 R12 R13 R22 R23 R24,3D,Yes,1.3,0.7
78,./unit1/camera_data/image_BS1_533_00_42_23.jpg,./unit1/mmWave_data/mmWave_power_77.txt,./unit1/GPS_data/gps_location.txt,./unit2/GPS_data/gps_location_77.txt,,27,1,['00-42-23-777'],0,7,G2 G6 G12 G17 G19 G24 G28,3D,Yes,1.3,0.7
79,./unit1/camera_data/image_BS1_534_00_42_23.jpg,./unit1/mmWave_data/mmWave_power_78.txt,./unit1/GPS_data/gps_location.txt,./unit2/GPS_data/gps_location_78.txt,,28,1,['00-42-23-888'],0,17,G2 G6 G12 G17 G19 G24 G28 R12 R13 R22 R23 R24 E13 E15 E21 E27 E30,3D,Yes,1.3,0.7
80,./unit1/camera_data/image_BS1_535_00_42_24.jpg,./unit1/mmWave_data/mmWave_power_79.txt,./unit1/GPS_data/gps_location.txt,./unit2/GPS_data/gps_location_79.txt,,29,1,['00-42-24-0'],0,22,G2 G6 G12 G17 G19 G24 G28 R12 R13 R22 R23 R24 E13 E15 E21 E27 E30 B11 B12 B24 B25 B26,3D,Yes,1.3,0.7
81,./unit1/camera_data/image_BS1_536_00_42_24.jpg,./unit1/mmWave_data/mmWave_power_80.txt,./unit1/GPS_data/gps_location.txt,./unit2/GPS_data/gps_location_80.txt,,29,1,['00-42-24-111'],0,17,G2 G6 G12 G17 G19 G24 G28 R12 R13 R22 R23 R24 E13 E15 E21 E27 E30,3D,Yes,1.3,0.7
82,./unit1/camera_data/image_BS1_537_00_42_24.jpg,./unit1/mmWave_data/mmWave_power_81.txt,./unit1/GPS_data/gps_location.txt,./unit2/GPS_data/gps_location_81.txt,,29,1,['00-42-24-222'],0,17,G2 G6 G12 G17 G19 G24 G28 R12 R13 R22 R23 R24 E13 E15 E21 E27 E30,3D,Yes,1.3,0.7
83,./unit1/camera_data/image_BS1_538_00_42_24.jpg,./unit1/mmWave_data/mmWave_power_82.txt,./unit1/GPS_data/gps_location.txt,./unit2/GPS_data/gps_location_82.txt,,31,1,['00-42-24-333'],0,17,G2 G6 G12 G17 G19 G24 G28 R12 R13 R22 R23 R24 E13 E15 E21 E27 E30,3D,Yes,1.3,0.7
84,./unit1/camera_data/image_BS1_539_00_42_24.jpg,./unit1/mmWave_data/mmWave_power_83.txt,./unit1/GPS_data/gps_location.txt,./unit2/GPS_data/gps_location_83.txt,,31,1,['00-42-24-444'],0,22,G2 G6 G12 G17 G19 G24 G28 R12 R13 R22 R23 R24 E13 E15 E21 E27 E30 B11 B12 B24 B25 B26,3D,Yes,1.3,0.7
85,./unit1/camera_data/image_BS1_540_00_42_24.jpg,./unit1/mmWave_data/mmWave_power_84.txt,./unit1/GPS_data/gps_location.txt,./unit2/GPS_data/gps_location_84.txt,,33,1,['00-42-24-555'],0,12,G2 G6 G12 G17 G19 G24 G28 R12 R13 R22 R23 R24,3D,Yes,1.3,0.7
86,./unit1/camera_data/image_BS1_541_00_42_24.jpg,./unit1/mmWave_data/mmWave_power_85.txt,./unit1/GPS_data/gps_location.txt,./unit2/GPS_data/gps_location_85.txt,,33,1,['00-42-24-666'],0,12,G2 G6 G12 G17 G19 G24 G28 R12 R13 R22 R23 R24,3D,Yes,1.3,0.7
87,./unit1/camera_data/image_BS1_542_00_42_24.jpg,./unit1/mmWave_data/mmWave_power_86.txt,./unit1/GPS_data/gps_location.txt,./unit2/GPS_data/gps_location_86.txt,,36,1,['00-42-24-777'],0,12,G2 G6 G12 G17 G19 G24 G28 R12 R13 R22 R23 R24,3D,Yes,1.3,0.7
88,./unit1/camera_data/image_BS1_543_00_42_24.jpg,./unit1/mmWave_data/mmWave_power_87.txt,./unit1/GPS_data/gps_location.txt,./unit2/GPS_data/gps_location_87.txt,,36,1,['00-42-24-888'],0,12,G2 G6 G12 G17 G19 G24 G28 R12 R13 R22 R23 R24,3D,Yes,1.3,0.7
89,./unit1/camera_data/image_BS1_544_00_42_25.jpg,./unit1/mmWave_data/mmWave_power_88.txt,./unit1/GPS_data/gps_location.txt,./unit2/GPS_data/gps_location_88.txt,,37,1,['00-42-25-0'],0,17,G2 G6 G12 G17 G19 G24 G28 R12 R13 R22 R23 R24 E13 E15 E21 E27 E30,3D,Yes,1.3,0.7
90,./unit1/camera_data/image_BS1_545_00_42_25.jpg,./unit1/mmWave_data/mmWave_power_89.txt,./unit1/GPS_data/gps_location.txt,./unit2/GPS_data/gps_location_89.txt,,37,1,['00-42-25-111'],0,17,G2 G6 G12 G17 G19 G24 G28 R12 R13 R22 R23 R24 E13 E15 E21 E27 E30,3D,Yes,1.5,0.8
91,./unit1/camera_data/image_BS1_546_00_42_25.jpg,./unit1/mmWave_data/mmWave_power_90.txt,./unit1/GPS_data/gps_location.txt,./unit2/GPS_data/gps_location_90.txt,,39,1,['00-42-25-222'],0,17,G2 G6 G12 G17 G19 G24 G28 R12 R13 R22 R23 R24 E13 E15 E21 E27 E30,3D,Yes,1.5,0.8
92,./unit1/camera_data/image_BS1_547_00_42_25.jpg,./unit1/mmWave_data/mmWave_power_91.txt,./unit1/GPS_data/gps_location.txt,./unit2/GPS_data/gps_location_91.txt,,39,1,['00-42-25-333'],0,22,G2 G6 G12 G17 G19 G24 G28 R12 R13 R22 R23 R24 E13 E15 E21 E27 E30 B11 B12 B24 B25 B26,3D,Yes,1.4,0.7
93,./unit1/camera_data/image_BS1_548_00_42_25.jpg,./unit1/mmWave_data/mmWave_power_92.txt,./unit1/GPS_data/gps_location.txt,./unit2/GPS_data/gps_location_92.txt,,40,1,['00-42-25-444'],0,12,G2 G6 G12 G17 G19 G24 G28 R12 R13 R22 R23 R24,3D,Yes,1.4,0.7
94,./unit1/camera_data/image_BS1_549_00_42_25.jpg,./unit1/mmWave_data/mmWave_power_93.txt,./unit1/GPS_data/gps_location.txt,./unit2/GPS_data/gps_location_93.txt,,41,1,['00-42-25-555'],0,12,G2 G6 G12 G17 G19 G24 G28 R12 R13 R22 R23 R24,3D,Yes,1.4,0.7
95,./unit1/camera_data/image_BS1_550_00_42_25.jpg,./unit1/mmWave_data/mmWave_power_94.txt,./unit1/GPS_data/gps_location.txt,./unit2/GPS_data/gps_location_94.txt,,43,1,['00-42-25-666'],0,17,G2 G6 G12 G17 G19 G24 G28 R12 R13 R22 R23 R24 E13 E15 E21 E27 E30,3D,Yes,1.4,0.7
96,./unit1/camera_data/image_BS1_551_00_42_25.jpg,./unit1/mmWave_data/mmWave_power_95.txt,./unit1/GPS_data/gps_location.txt,./unit2/GPS_data/gps_location_95.txt,,44,1,['00-42-25-777'],0,12,G2 G6 G12 G17 G19 G24 G28 R12 R13 R22 R23 R24,3D,Yes,1.4,0.7
97,./unit1/camera_data/image_BS1_552_00_42_25.jpg,./unit1/mmWave_data/mmWave_power_96.txt,./unit1/GPS_data/gps_location.txt,./unit2/GPS_data/gps_location_96.txt,,45,1,['00-42-25-888'],0,12,G2 G6 G12 G17 G19 G24 G28 R12 R13 R22 R23 R24,3D,Yes,1.3,0.7
98,./unit1/camera_data/image_BS1_553_00_42_26.jpg,./unit1/mmWave_data/mmWave_power_97.txt,./unit1/GPS_data/gps_location.txt,./unit2/GPS_data/gps_location_97.txt,,45,1,['00-42-26-0'],0,22,G2 G6 G12 G17 G19 G24 G28 R12 R13 R22 R23 R24 E13 E15 E21 E27 E30 B11 B12 B24 B25 B26,3D,Yes,1.3,0.7
99,./unit1/camera_data/image_BS1_554_00_42_26.jpg,./unit1/mmWave_data/mmWave_power_98.txt,./unit1/GPS_data/gps_location.txt,./unit2/GPS_data/gps_location_98.txt,,48,1,['00-42-26-111'],0,12,G2 G6 G12 G17 G19 G24 G28 R12 R13 R22 R23 R24,3D,Yes,1.4,0.7
100,./unit1/camera_data/image_BS1_555_00_42_26.jpg,./unit1/mmWave_data/mmWave_power_99.txt,./unit1/GPS_data/gps_location.txt,./unit2/GPS_data/gps_location_99.txt,,47,1,['00-42-26-222'],0,22,G2 G6 G12 G17 G19 G24 G28 R12 R13 R22 R23 R24 E13 E15 E21 E27 E30 B11 B12 B24 B25 B26,3D,Yes,1.4,0.7
101,./unit1/camera_data/image_BS1_556_00_42_26.jpg,./unit1/mmWave_data/mmWave_power_100.txt,./unit1/GPS_data/gps_location.txt,./unit2/GPS_data/gps_location_100.txt,,49,1,['00-42-26-333'],0,17,G2 G6 G12 G17 G19 G24 G28 R12 R13 R22 R23 R24 E13 E15 E21 E27 E30,3D,Yes,1.4,0.7
102,./unit1/camera_data/image_BS1_557_00_42_26.jpg,./unit1/mmWave_data/mmWave_power_101.txt,./unit1/GPS_data/gps_location.txt,./unit2/GPS_data/gps_location_101.txt,,51,1,['00-42-26-444'],0,17,G2 G6 G12 G17 G19 G24 G28 R12 R13 R22 R23 R24 E13 E15 E21 E27 E30,3D,Yes,1.4,0.7
103,./unit1/camera_data/image_BS1_558_00_42_26.jpg,./unit1/mmWave_data/mmWave_power_102.txt,./unit1/GPS_data/gps_location.txt,./unit2/GPS_data/gps_location_102.txt,,51,1,['00-42-26-555'],0,17,G2 G6 G12 G17 G19 G24 G28 R12 R13 R22 R23 R24 E13 E15 E21 E27 E30,3D,Yes,1.4,0.7
104,./unit1/camera_data/image_BS1_559_00_42_26.jpg,./unit1/mmWave_data/mmWave_power_103.txt,./unit1/GPS_data/gps_location.txt,./unit2/GPS_data/gps_location_103.txt,,51,1,['00-42-26-666'],0,17,G2 G6 G12 G17 G19 G24 G28 R12 R13 R22 R23 R24 E13 E15 E21 E27 E30,3D,Yes,1.4,0.7
105,./unit1/camera_data/image_BS1_560_00_42_26.jpg,./unit1/mmWave_data/mmWave_power_104.txt,./unit1/GPS_data/gps_location.txt,./unit2/GPS_data/gps_location_104.txt,,51,1,['00-42-26-777'],0,12,G2 G6 G12 G17 G19 G24 G28 R12 R13 R22 R23 R24,3D,Yes,1.5,0.8
106,./unit1/camera_data/image_BS1_561_00_42_26.jpg,./unit1/mmWave_data/mmWave_power_105.txt,./unit1/GPS_data/gps_location.txt,./unit2/GPS_data/gps_location_105.txt,,54,1,['00-42-26-888'],0,22,G2 G6 G12 G17 G19 G24 G28 R12 R13 R22 R23 R24 E13 E15 E21 E27 E30 B11 B12 B24 B25 B26,3D,Yes,1.5,0.8
107,./unit1/camera_data/image_BS1_562_00_42_27.jpg,./unit1/mmWave_data/mmWave_power_106.txt,./unit1/GPS_data/gps_location.txt,./unit2/GPS_data/gps_location_106.txt,,54,1,['00-42-27-0'],0,17,G2 G6 G12 G17 G19 G24 G28 R12 R13 R22 R23 R24 E13 E15 E21 E27 E30,3D,Yes,1.3,0.7
108,./unit1/camera_data/image_BS1_563_00_42_27.jpg,./unit1/mmWave_data/mmWave_power_107.txt,./unit1/GPS_data/gps_location.txt,./unit2/GPS_data/gps_location_107.txt,,56,1,['00-42-27-111'],0,12,G2 G6 G12 G17 G19 G24 G28 R12 R13 R22 R23 R24,3D,Yes,1.5,0.8
109,./unit1/camera_data/image_BS1_564_00_42_27.jpg,./unit1/mmWave_data/mmWave_power_108.txt,./unit1/GPS_data/gps_location.txt,./unit2/GPS_data/gps_location_108.txt,,57,1,['00-42-27-222'],0,17,G2 G6 G12 G17 G19 G24 G28 R12 R13 R22 R23 R24 E13 E15 E21 E27 E30,3D,Yes,1.5,0.8
110,./unit1/camera_data/image_BS1_565_00_42_27.jpg,./unit1/mmWave_data/mmWave_power_109.txt,./unit1/GPS_data/gps_location.txt,./unit2/GPS_data/gps_location_109.txt,,57,1,['00-42-27-333'],0,12,G2 G6 G12 G17 G19 G24 G28 R12 R13 R22 R23 R24,3D,Yes,1.5,0.8
111,./unit1/camera_data/image_BS1_566_00_42_27.jpg,./unit1/mmWave_data/mmWave_power_110.txt,./unit1/GPS_data/gps_location.txt,./unit2/GPS_data/gps_location_110.txt,,58,1,['00-42-27-444'],0,17,G2 G6 G12 G17 G19 G24 G28 R12 R13 R22 R23 R24 E13 E15 E21 E27 E30,3D,Yes,1.3,0.7
112,./unit1/camera_data/image_BS1_567_00_42_27.jpg,./unit1/mmWave_data/mmWave_power_111.txt,./unit1/GPS_data/gps_location.txt,./unit2/GPS_data/gps_location_111.txt,,58,1,['00-42-27-555'],0,12,G2 G6 G12 G17 G19 G24 G28 R12 R13 R22 R23 R24,3D,Yes,1.5,0.8
113,./unit1/camera_data/image_BS1_568_00_42_27.jpg,./unit1/mmWave_data/mmWave_power_112.txt,./unit1/GPS_data/gps_location.txt,./unit2/GPS_data/gps_location_112.txt,,59,1,['00-42-27-666'],0,22,G2 G6 G12 G17 G19 G24 G28 R12 R13 R22 R23 R24 E13 E15 E21 E27 E30 B11 B12 B24 B25 B26,3D,Yes,1.5,0.8
114,./unit1/camera_data/image_BS1_569_00_42_27.jpg,./unit1/mmWave_data/mmWave_power_113.txt,./unit1/GPS_data/gps_location.txt,./unit2/GPS_data/gps_location_113.txt,,59,1,['00-42-27-777'],0,7,G2 G6 G12 G17 G19 G24 G28,3D,Yes,1.4,0.7
115,./unit1/camera_data/image_BS1_570_00_42_27.jpg,./unit1/mmWave_data/mmWave_power_114.txt,./unit1/GPS_data/gps_location.txt,./unit2/GPS_data/gps_location_114.txt,,59,1,['00-42-27-888'],0,17,G2 G6 G12 G17 G19 G24 G28 R12 R13 R22 R23 R24 E13 E15 E21 E27 E30,3D,Yes,1.4,0.7
116,./unit1/camera_data/image_BS1_571_00_42_28.jpg,./unit1/mmWave_data/mmWave_power_115.txt,./unit1/GPS_data/gps_location.txt,./unit2/GPS_data/gps_location_115.txt,,62,1,['00-42-28-0'],0,22,G2 G6 G12 G17 G19 G24 G28 R12 R13 R22 R23 R24 E13 E15 E21 E27 E30 B11 B12 B24 B25 B26,3D,Yes,1.4,0.7
117,./unit1/camera_data/image_BS1_928_00_43_08.jpg,./unit1/mmWave_data/mmWave_power_116.txt,./unit1/GPS_data/gps_location.txt,./unit2/GPS_data/gps_location_116.txt,,62,2,['00-43-08-0'],1,22,G2 G6 G12 G17 G19 G24 G28 R12 R13 R22 R23 R24 E13 E15 E21 E27 E30 B11 B12 B24 B25 B26,3D,Yes,1.3,0.7
118,./unit1/camera_data/image_BS1_929_00_43_08.jpg,./unit1/mmWave_data/mmWave_power_117.txt,./unit1/GPS_data/gps_location.txt,./unit2/GPS_data/gps_location_117.txt,,62,2,['00-43-08-166'],1,12,G2 G6 G12 G17 G19 G24 G28 R12 R13 R22 R23 R24,3D,Yes,1.3,0.7
119,./unit1/camera_data/image_BS1_930_00_43_08.jpg,./unit1/mmWave_data/mmWave_power_118.txt,./unit1/GPS_data/gps_location.txt,./unit2/GPS_data/gps_location_118.txt,,61,2,['00-43-08-332'],1,17,G2 G6 G12 G17 G19 G24 G28 R12 R13 R22 R23 R24 E13 E15 E21 E27 E30,3D,Yes,1.3,0.7
120,./unit1/camera_data/image_BS1_931_00_43_08.jpg,./unit1/mmWave_data/mmWave_power_119.txt,./unit1/GPS_data/gps_location.txt,./unit2/GPS_data/gps_location_119.txt,,60,2,['00-43-08-498'],1,17,G2 G6 G12 G17 G19 G24 G28 R12 R13 R22 R23 R24 E13 E15 E21 E27 E30,3D,Yes,1.3,0.7
121,./unit1/camera_data/image_BS1_932_00_43_08.jpg,./unit1/mmWave_data/mmWave_power_120.txt,./unit1/GPS_data/gps_location.txt,./unit2/GPS_data/gps_location_120.txt,,59,2,['00-43-08-664'],1,17,G2 G6 G12 G17 G19 G24 G28 R12 R13 R22 R23 R24 E13 E15 E21 E27 E30,3D,Yes,1.3,0.7
122,./unit1/camera_data/image_BS1_933_00_43_08.jpg,./unit1/mmWave_data/mmWave_power_121.txt,./unit1/GPS_data/gps_location.txt,./unit2/GPS_data/gps_location_121.txt,,59,2,['00-43-08-830'],1,22,G2 G6 G12 G17 G19 G24 G28 R12 R13 R22 R23 R24 E13 E15 E21 E27 E30 B11 B12 B24 B25 B26,3D,Yes,1.3,0.7
123,./unit1/camera_data/image_BS1_934_00_43_09.jpg,./unit1/mmWave_data/mmWave_power_122.txt,./unit1/GPS_data/gps_location.txt,./unit2/GPS_data/gps_location_122.txt,,59,2,['00-43-09-0'],1,12,G2 G6 G12 G17 G19 G24 G28 R12 R13 R22 R23 R24,3D,Yes,1.3,0.7
124,./unit1/camera_data/image_BS1_935_00_43_09.jpg,./unit1/mmWave_data/mmWave_power_123.txt,./unit1/GPS_data/gps_location.txt,./unit2/GPS_data/gps_location_123.txt,,59,2,['00-43-09-125'],1,17,G2 G6 G12 G17 G19 G24 G28 R12 R13 R22 R23 R24 E13 E15 E21 E27 E30,3D,Yes,1.3,0.7
125,./unit1/camera_data/image_BS1_936_00_43_09.jpg,./unit1/mmWave_data/mmWave_power_124.txt,./unit1/GPS_data/gps_location.txt,./unit2/GPS_data/gps_location_124.txt,,57,2,['00-43-09-250'],1,17,G2 G6 G12 G17 G19 G24 G28 R12 R13 R22 R23 R24 E13 E15 E21 E27 E30,3D,Yes,1.3,0.7
126,./unit1/camera_data/image_BS1_937_00_43_09.jpg,./unit1/mmWave_data/mmWave_power_125.txt,./unit1/GPS_data/gps_location.txt,./unit2/GPS_data/gps_location_125.txt,,57,2,['00-43-09-375'],1,17,G2 G6 G12 G17 G19 G24 G28 R12 R13 R22 R23 R24 E13 E15 E21 E27 E30,3D,Yes,1.3,0.7
127,./unit1/camera_data/image_BS1_938_00_43_09.jpg,./unit1/mmWave_data/mmWave_power_126.txt,./unit1/GPS_data/gps_location.txt,./unit2/GPS_data/gps_location_126.txt,,58,2,['00-43-09-500'],1,17,G2 G6 G12 G17 G19 G24 G28 R12 R13 R22 R23 R24 E13 E15 E21 E27 E30,3D,Yes,1.3,0.7
128,./unit1/camera_data/image_BS1_939_00_43_09.jpg,./unit1/mmWave_data/mmWave_power_127.txt,./unit1/GPS_data/gps_location.txt,./unit2/GPS_data/gps_location_127.txt,,55,2,['00-43-09-625'],1,17,G2 G6 G12 G17 G19 G24 G28 R12 R13 R22 R23 R24 E13 E15 E21 E27 E30,3D,Yes,1.3,0.7
129,./unit1/camera_data/image_BS1_940_00_43_09.jpg,./unit1/mmWave_data/mmWave_power_128.txt,./unit1/GPS_data/gps_location.txt,./unit2/GPS_data/gps_location_128.txt,,55,2,['00-43-09-750'],1,12,G2 G6 G12 G17 G19 G24 G28 R12 R13 R22 R23 R24,3D,Yes,1.4,0.8
130,./unit1/camera_data/image_BS1_941_00_43_09.jpg,./unit1/mmWave_data/mmWave_power_129.txt,./unit1/GPS_data/gps_location.txt,./unit2/GPS_data/gps_location_129.txt,,55,2,['00-43-09-875'],1,17,G2 G6 G12 G17 G19 G24 G28 R12 R13 R22 R23 R24 E13 E15 E21 E27 E30,3D,Yes,1.4,0.8
131,./unit1/camera_data/image_BS1_942_00_43_10.jpg,./unit1/mmWave_data/mmWave_power_130.txt,./unit1/GPS_data/gps_location.txt,./unit2/GPS_data/gps_location_130.txt,,55,2,['00-43-10-0'],1,22,G2 G6 G12 G17 G19 G24 G28 R12 R13 R22 R23 R24 E13 E15 E21 E27 E30 B11 B12 B24 B25 B26,3D,Yes,1.4,0.8
132,./unit1/camera_data/image_BS1_943_00_43_10.jpg,./unit1/mmWave_data/mmWave_power_131.txt,./unit1/GPS_data/gps_location.txt,./unit2/GPS_data/gps_location_131.txt,,55,2,['00-43-10-125'],1,12,G2 G6 G12 G17 G19 G24 G28 R12 R13 R22 R23 R24,3D,Yes,1.4,0.8
133,./unit1/camera_data/image_BS1_944_00_43_10.jpg,./unit1/mmWave_data/mmWave_power_132.txt,./unit1/GPS_data/gps_location.txt,./unit2/GPS_data/gps_location_132.txt,,54,2,['00-43-10-250'],1,12,G2 G6 G12 G17 G19 G24 G28 R12 R13 R22 R23 R24,3D,Yes,1.3,0.7
134,./unit1/camera_data/image_BS1_945_00_43_10.jpg,./unit1/mmWave_data/mmWave_power_133.txt,./unit1/GPS_data/gps_location.txt,./unit2/GPS_data/gps_location_133.txt,,54,2,['00-43-10-375'],1,12,G2 G6 G12 G17 G19 G24 G28 R12 R13 R22 R23 R24,3D,Yes,1.3,0.7
135,./unit1/camera_data/image_BS1_946_00_43_10.jpg,./unit1/mmWave_data/mmWave_power_134.txt,./unit1/GPS_data/gps_location.txt,./unit2/GPS_data/gps_location_134.txt,,51,2,['00-43-10-500'],1,12,G2 G6 G12 G17 G19 G24 G28 R12 R13 R22 R23 R24,3D,Yes,1.3,0.7
136,./unit1/camera_data/image_BS1_947_00_43_10.jpg,./unit1/mmWave_data/mmWave_power_135.txt,./unit1/GPS_data/gps_location.txt,./unit2/GPS_data/gps_location_135.txt,,51,2,['00-43-10-625'],1,12,G2 G6 G12 G17 G19 G24 G28 R12 R13 R22 R23 R24,3D,Yes,1.3,0.7
137,./unit1/camera_data/image_BS1_948_00_43_10.jpg,./unit1/mmWave_data/mmWave_power_136.txt,./unit1/GPS_data/gps_location.txt,./unit2/GPS_data/gps_location_136.txt,,51,2,['00-43-10-750'],1,12,G2 G6 G12 G17 G19 G24 G28 R12 R13 R22 R23 R24,3D,Yes,1.3,0.7
138,./unit1/camera_data/image_BS1_949_00_43_10.jpg,./unit1/mmWave_data/mmWave_power_137.txt,./unit1/GPS_data/gps_location.txt,./unit2/GPS_data/gps_location_137.txt,,51,2,['00-43-10-875'],1,17,G2 G6 G12 G17 G19 G24 G28 R12 R13 R22 R23 R24 E13 E15 E21 E27 E30,3D,Yes,1.3,0.7
139,./unit1/camera_data/image_BS1_950_00_43_11.jpg,./unit1/mmWave_data/mmWave_power_138.txt,./unit1/GPS_data/gps_location.txt,./unit2/GPS_data/gps_location_138.txt,,51,2,['00-43-11-0'],1,17,G2 G6 G12 G17 G19 G24 G28 R12 R13 R22 R23 R24 E13 E15 E21 E27 E30,3D,Yes,1.3,0.7
140,./unit1/camera_data/image_BS1_951_00_43_11.jpg,./unit1/mmWave_data/mmWave_power_139.txt,./unit1/GPS_data/gps_location.txt,./unit2/GPS_data/gps_location_139.txt,,51,2,['00-43-11-125'],1,17,G2 G6 G12 G17 G19 G24 G28 R12 R13 R22 R23 R24 E13 E15 E21 E27 E30,3D,Yes,1.3,0.7
141,./unit1/camera_data/image_BS1_952_00_43_11.jpg,./unit1/mmWave_data/mmWave_power_140.txt,./unit1/GPS_data/gps_location.txt,./unit2/GPS_data/gps_location_140.txt,,48,2,['00-43-11-250'],1,17,G2 G6 G12 G17 G19 G24 G28 R12 R13 R22 R23 R24 E13 E15 E21 E27 E30,3D,Yes,1.3,0.7
142,./unit1/camera_data/image_BS1_953_00_43_11.jpg,./unit1/mmWave_data/mmWave_power_141.txt,./unit1/GPS_data/gps_location.txt,./unit2/GPS_data/gps_location_141.txt,,48,2,['00-43-11-375'],1,17,G2 G6 G12 G17 G19 G24 G28 R12 R13 R22 R23 R24 E13 E15 E21 E27 E30,3D,Yes,1.3,0.7
143,./unit1/camera_data/image_BS1_954_00_43_11.jpg,./unit1/mmWave_data/mmWave_power_142.txt,./unit1/GPS_data/gps_location.txt,./unit2/GPS_data/gps_location_142.txt,,48,2,['00-43-11-500'],1,12,G2 G6 G12 G17 G19 G24 G28 R12 R13 R22 R23 R24,3D,Yes,1.3,0.7
144,./unit1/camera_data/image_BS1_955_00_43_11.jpg,./unit1/mmWave_data/mmWave_power_143.txt,./unit1/GPS_data/gps_location.txt,./unit2/GPS_data/gps_location_143.txt,,46,2,['00-43-11-625'],1,12,G2 G6 G12 G17 G19 G24 G28 R12 R13 R22 R23 R24,3D,Yes,1.3,0.7
145,./unit1/camera_data/image_BS1_956_00_43_11.jpg,./unit1/mmWave_data/mmWave_power_144.txt,./unit1/GPS_data/gps_location.txt,./unit2/GPS_data/gps_location_144.txt,,45,2,['00-43-11-750'],1,12,G2 G6 G12 G17 G19 G24 G28 R12 R13 R22 R23 R24,3D,Yes,1.3,0.7
146,./unit1/camera_data/image_BS1_957_00_43_11.jpg,./unit1/mmWave_data/mmWave_power_145.txt,./unit1/GPS_data/gps_location.txt,./unit2/GPS_data/gps_location_145.txt,,44,2,['00-43-11-875'],1,12,G2 G6 G12 G17 G19 G24 G28 R12 R13 R22 R23 R24,3D,Yes,1.3,0.7
147,./unit1/camera_data/image_BS1_958_00_43_12.jpg,./unit1/mmWave_data/mmWave_power_146.txt,./unit1/GPS_data/gps_location.txt,./unit2/GPS_data/gps_location_146.txt,,44,2,['00-43-12-0'],1,12,G2 G6 G12 G17 G19 G24 G28 R12 R13 R22 R23 R24,3D,Yes,1.3,0.7
148,./unit1/camera_data/image_BS1_959_00_43_12.jpg,./unit1/mmWave_data/mmWave_power_147.txt,./unit1/GPS_data/gps_location.txt,./unit2/GPS_data/gps_location_147.txt,,43,2,['00-43-12-111'],1,17,G2 G6 G12 G17 G19 G24 G28 R12 R13 R22 R23 R24 E13 E15 E21 E27 E30,3D,Yes,1.3,0.7
149,./unit1/camera_data/image_BS1_960_00_43_12.jpg,./unit1/mmWave_data/mmWave_power_148.txt,./unit1/GPS_data/gps_location.txt,./unit2/GPS_data/gps_location_148.txt,,42,2,['00-43-12-222'],1,17,G2 G6 G12 G17 G19 G24 G28 R12 R13 R22 R23 R24 E13 E15 E21 E27 E30,3D,Yes,1.3,0.7
150,./unit1/camera_data/image_BS1_961_00_43_12.jpg,./unit1/mmWave_data/mmWave_power_149.txt,./unit1/GPS_data/gps_location.txt,./unit2/GPS_data/gps_location_149.txt,,41,2,['00-43-12-333'],1,17,G2 G6 G12 G17 G19 G24 G28 R12 R13 R22 R23 R24 E13 E15 E21 E27 E30,3D,Yes,1.3,0.7
151,./unit1/camera_data/image_BS1_962_00_43_12.jpg,./unit1/mmWave_data/mmWave_power_150.txt,./unit1/GPS_data/gps_location.txt,./unit2/GPS_data/gps_location_150.txt,,39,2,['00-43-12-444'],1,22,G2 G6 G12 G17 G19 G24 G28 R12 R13 R22 R23 R24 E13 E15 E21 E27 E30 B11 B12 B24 B25 B26,3D,Yes,1.3,0.7
152,./unit1/camera_data/image_BS1_963_00_43_12.jpg,./unit1/mmWave_data/mmWave_power_151.txt,./unit1/GPS_data/gps_location.txt,./unit2/GPS_data/gps_location_151.txt,,39,2,['00-43-12-555'],1,17,G2 G6 G12 G17 G19 G24 G28 R12 R13 R22 R23 R24 E13 E15 E21 E27 E30,3D,Yes,1.3,0.7
153,./unit1/camera_data/image_BS1_964_00_43_12.jpg,./unit1/mmWave_data/mmWave_power_152.txt,./unit1/GPS_data/gps_location.txt,./unit2/GPS_data/gps_location_152.txt,,39,2,['00-43-12-666'],1,12,G2 G6 G12 G17 G19 G24 G28 R12 R13 R22 R23 R24,3D,Yes,1.4,0.7
154,./unit1/camera_data/image_BS1_965_00_43_12.jpg,./unit1/mmWave_data/mmWave_power_153.txt,./unit1/GPS_data/gps_location.txt,./unit2/GPS_data/gps_location_153.txt,,38,2,['00-43-12-777'],1,17,G2 G6 G12 G17 G19 G24 G28 R12 R13 R22 R23 R24 E13 E15 E21 E27 E30,3D,Yes,1.4,0.7
155,./unit1/camera_data/image_BS1_966_00_43_12.jpg,./unit1/mmWave_data/mmWave_power_154.txt,./unit1/GPS_data/gps_location.txt,./unit2/GPS_data/gps_location_154.txt,,37,2,['00-43-12-888'],1,17,G2 G6 G12 G17 G19 G24 G28 R12 R13 R22 R23 R24 E13 E15 E21 E27 E30,3D,Yes,1.5,0.8
156,./unit1/camera_data/image_BS1_967_00_43_13.jpg,./unit1/mmWave_data/mmWave_power_155.txt,./unit1/GPS_data/gps_location.txt,./unit2/GPS_data/gps_location_155.txt,,37,2,['00-43-13-0'],1,12,G2 G6 G12 G17 G19 G24 G28 R12 R13 R22 R23 R24,3D,Yes,1.5,0.8
157,./unit1/camera_data/image_BS1_968_00_43_13.jpg,./unit1/mmWave_data/mmWave_power_156.txt,./unit1/GPS_data/gps_location.txt,./unit2/GPS_data/gps_location_156.txt,,36,2,['00-43-13-125'],1,17,G2 G6 G12 G17 G19 G24 G28 R12 R13 R22 R23 R24 E13 E15 E21 E27 E30,3D,Yes,1.5,0.8
158,./unit1/camera_data/image_BS1_969_00_43_13.jpg,./unit1/mmWave_data/mmWave_power_157.txt,./unit1/GPS_data/gps_location.txt,./unit2/GPS_data/gps_location_157.txt,,34,2,['00-43-13-250'],1,17,G2 G6 G12 G17 G19 G24 G28 R12 R13 R22 R23 R24 E13 E15 E21 E27 E30,3D,Yes,1.4,0.7
159,./unit1/camera_data/image_BS1_970_00_43_13.jpg,./unit1/mmWave_data/mmWave_power_158.txt,./unit1/GPS_data/gps_location.txt,./unit2/GPS_data/gps_location_158.txt,,34,2,['00-43-13-375'],1,17,G2 G6 G12 G17 G19 G24 G28 R12 R13 R22 R23 R24 E13 E15 E21 E27 E30,3D,Yes,1.3,0.7
160,./unit1/camera_data/image_BS1_971_00_43_13.jpg,./unit1/mmWave_data/mmWave_power_159.txt,./unit1/GPS_data/gps_location.txt,./unit2/GPS_data/gps_location_159.txt,,33,2,['00-43-13-500'],1,22,G2 G6 G12 G17 G19 G24 G28 R12 R13 R22 R23 R24 E13 E15 E21 E27 E30 B11 B12 B24 B25 B26,3D,Yes,1.5,0.8
161,./unit1/camera_data/image_BS1_972_00_43_13.jpg,./unit1/mmWave_data/mmWave_power_160.txt,./unit1/GPS_data/gps_location.txt,./unit2/GPS_data/gps_location_160.txt,,31,2,['00-43-13-625'],1,17,G2 G6 G12 G17 G19 G24 G28 R12 R13 R22 R23 R24 E13 E15 E21 E27 E30,3D,Yes,1.5,0.8
162,./unit1/camera_data/image_BS1_973_00_43_13.jpg,./unit1/mmWave_data/mmWave_power_161.txt,./unit1/GPS_data/gps_location.txt,./unit2/GPS_data/gps_location_161.txt,,29,2,['00-43-13-750'],1,7,G2 G6 G12 G17 G19 G24 G28,3D,Yes,1.4,0.7
163,./unit1/camera_data/image_BS1_974_00_43_13.jpg,./unit1/mmWave_data/mmWave_power_162.txt,./unit1/GPS_data/gps_location.txt,./unit2/GPS_data/gps_location_162.txt,,28,2,['00-43-13-875'],1,17,G2 G6 G12 G17 G19 G24 G28 R12 R13 R22 R23 R24 E13 E15 E21 E27 E30,3D,Yes,1.2,0.7
164,./unit1/camera_data/image_BS1_975_00_43_14.jpg,./unit1/mmWave_data/mmWave_power_163.txt,./unit1/GPS_data/gps_location.txt,./unit2/GPS_data/gps_location_163.txt,,28,2,['00-43-14-0'],1,22,G2 G6 G12 G17 G19 G24 G28 R12 R13 R22 R23 R24 E13 E15 E21 E27 E30 B11 B12 B24 B25 B26,3D,Yes,1.3,0.7
165,./unit1/camera_data/image_BS1_976_00_43_14.jpg,./unit1/mmWave_data/mmWave_power_164.txt,./unit1/GPS_data/gps_location.txt,./unit2/GPS_data/gps_location_164.txt,,28,2,['00-43-14-111'],1,12,G2 G6 G12 G17 G19 G24 G28 R12 R13 R22 R23 R24,3D,Yes,1.6,0.8
166,./unit1/camera_data/image_BS1_977_00_43_14.jpg,./unit1/mmWave_data/mmWave_power_165.txt,./unit1/GPS_data/gps_location.txt,./unit2/GPS_data/gps_location_165.txt,,26,2,['00-43-14-222'],1,17,G2 G6 G12 G17 G19 G24 G28 R12 R13 R22 R23 R24 E13 E15 E21 E27 E30,3D,Yes,1.4,0.7
167,./unit1/camera_data/image_BS1_978_00_43_14.jpg,./unit1/mmWave_data/mmWave_power_166.txt,./unit1/GPS_data/gps_location.txt,./unit2/GPS_data/gps_location_166.txt,,26,2,['00-43-14-333'],1,17,G2 G6 G12 G17 G19 G24 G28 R12 R13 R22 R23 R24 E13 E15 E21 E27 E30,3D,Yes,1.3,0.7
168,./unit1/camera_data/image_BS1_979_00_43_14.jpg,./unit1/mmWave_data/mmWave_power_167.txt,./unit1/GPS_data/gps_location.txt,./unit2/GPS_data/gps_location_167.txt,,25,2,['00-43-14-444'],1,12,G2 G6 G12 G17 G19 G24 G28 R12 R13 R22 R23 R24,3D,Yes,1.4,0.7
169,./unit1/camera_data/image_BS1_980_00_43_14.jpg,./unit1/mmWave_data/mmWave_power_168.txt,./unit1/GPS_data/gps_location.txt,./unit2/GPS_data/gps_location_168.txt,,23,2,['00-43-14-555'],1,12,G2 G6 G12 G17 G19 G24 G28 R12 R13 R22 R23 R24,3D,Yes,1.5,0.8
170,./unit1/camera_data/image_BS1_981_00_43_14.jpg,./unit1/mmWave_data/mmWave_power_169.txt,./unit1/GPS_data/gps_location.txt,./unit2/GPS_data/gps_location_169.txt,,22,2,['00-43-14-666'],1,17,G2 G6 G12 G17 G19 G24 G28 R12 R13 R22 R23 R24 E13 E15 E21 E27 E30,3D,Yes,1.5,0.8
171,./unit1/camera_data/image_BS1_982_00_43_14.jpg,./unit1/mmWave_data/mmWave_power_170.txt,./unit1/GPS_data/gps_location.txt,./unit2/GPS_data/gps_location_170.txt,,22,2,['00-43-14-777'],1,17,G2 G6 G12 G17 G19 G24 G28 R12 R13 R22 R23 R24 E13 E15 E21 E27 E30,3D,Yes,1.5,0.8
172,./unit1/camera_data/image_BS1_983_00_43_14.jpg,./unit1/mmWave_data/mmWave_power_171.txt,./unit1/GPS_data/gps_location.txt,./unit2/GPS_data/gps_location_171.txt,,21,2,['00-43-14-888'],1,17,G2 G6 G12 G17 G19 G24 G28 R12 R13 R22 R23 R24 E13 E15 E21 E27 E30,3D,Yes,1.4,0.7
173,./unit1/camera_data/image_BS1_984_00_43_15.jpg,./unit1/mmWave_data/mmWave_power_172.txt,./unit1/GPS_data/gps_location.txt,./unit2/GPS_data/gps_location_172.txt,,21,2,['00-43-15-0'],1,17,G2 G6 G12 G17 G19 G24 G28 R12 R13 R22 R23 R24 E13 E15 E21 E27 E30,3D,Yes,1.4,0.7
174,./unit1/camera_data/image_BS1_985_00_43_15.jpg,./unit1/mmWave_data/mmWave_power_173.txt,./unit1/GPS_data/gps_location.txt,./unit2/GPS_data/gps_location_173.txt,,20,2,['00-43-15-111'],1,17,G2 G6 G12 G17 G19 G24 G28 R12 R13 R22 R23 R24 E13 E15 E21 E27 E30,3D,Yes,1.4,0.7
175,./unit1/camera_data/image_BS1_986_00_43_15.jpg,./unit1/mmWave_data/mmWave_power_174.txt,./unit1/GPS_data/gps_location.txt,./unit2/GPS_data/gps_location_174.txt,,18,2,['00-43-15-222'],1,17,G2 G6 G12 G17 G19 G24 G28 R12 R13 R22 R23 R24 E13 E15 E21 E27 E30,3D,Yes,1.4,0.7
176,./unit1/camera_data/image_BS1_987_00_43_15.jpg,./unit1/mmWave_data/mmWave_power_175.txt,./unit1/GPS_data/gps_location.txt,./unit2/GPS_data/gps_location_175.txt,,17,2,['00-43-15-333'],1,17,G2 G6 G12 G17 G19 G24 G28 R12 R13 R22 R23 R24 E13 E15 E21 E27 E30,3D,Yes,1.4,0.7
177,./unit1/camera_data/image_BS1_988_00_43_15.jpg,./unit1/mmWave_data/mmWave_power_176.txt,./unit1/GPS_data/gps_location.txt,./unit2/GPS_data/gps_location_176.txt,,16,2,['00-43-15-444'],1,17,G2 G6 G12 G17 G19 G24 G28 R12 R13 R22 R23 R24 E13 E15 E21 E27 E30,3D,Yes,1.3,0.7
178,./unit1/camera_data/image_BS1_989_00_43_15.jpg,./unit1/mmWave_data/mmWave_power_177.txt,./unit1/GPS_data/gps_location.txt,./unit2/GPS_data/gps_location_177.txt,,16,2,['00-43-15-555'],1,12,G2 G6 G12 G17 G19 G24 G28 R12 R13 R22 R23 R24,3D,Yes,1.4,0.7
179,./unit1/camera_data/image_BS1_990_00_43_15.jpg,./unit1/mmWave_data/mmWave_power_178.txt,./unit1/GPS_data/gps_location.txt,./unit2/GPS_data/gps_location_178.txt,,15,2,['00-43-15-666'],1,12,G2 G6 G12 G17 G19 G24 G28 R12 R13 R22 R23 R24,3D,Yes,1.5,0.8
180,./unit1/camera_data/image_BS1_991_00_43_15.jpg,./unit1/mmWave_data/mmWave_power_179.txt,./unit1/GPS_data/gps_location.txt,./unit2/GPS_data/gps_location_179.txt,,13,2,['00-43-15-777'],1,7,G2 G6 G12 G17 G19 G24 G28,3D,Yes,1.5,0.8
181,./unit1/camera_data/image_BS1_992_00_43_15.jpg,./unit1/mmWave_data/mmWave_power_180.txt,./unit1/GPS_data/gps_location.txt,./unit2/GPS_data/gps_location_180.txt,,13,2,['00-43-15-888'],1,12,G2 G6 G12 G17 G19 G24 G28 R12 R13 R22 R23 R24,3D,Yes,1.5,0.8
182,./unit1/camera_data/image_BS1_993_00_43_16.jpg,./unit1/mmWave_data/mmWave_power_181.txt,./unit1/GPS_data/gps_location.txt,./unit2/GPS_data/gps_location_181.txt,,13,2,['00-43-16-0'],1,22,G2 G6 G12 G17 G19 G24 G28 R12 R13 R22 R23 R24 E13 E15 E21 E27 E30 B11 B12 B24 B25 B26,3D,Yes,1.5,0.8
183,./unit1/camera_data/image_BS1_994_00_43_16.jpg,./unit1/mmWave_data/mmWave_power_182.txt,./unit1/GPS_data/gps_location.txt,./unit2/GPS_data/gps_location_182.txt,,10,2,['00-43-16-111'],1,12,G2 G6 G12 G17 G19 G24 G28 R12 R13 R22 R23 R24,3D,Yes,1.5,0.8
184,./unit1/camera_data/image_BS1_995_00_43_16.jpg,./unit1/mmWave_data/mmWave_power_183.txt,./unit1/GPS_data/gps_location.txt,./unit2/GPS_data/gps_location_183.txt,,10,2,['00-43-16-222'],1,17,G2 G6 G12 G17 G19 G24 G28 R12 R13 R22 R23 R24 E13 E15 E21 E27 E30,3D,Yes,1.5,0.8
185,./unit1/camera_data/image_BS1_996_00_43_16.jpg,./unit1/mmWave_data/mmWave_power_184.txt,./unit1/GPS_data/gps_location.txt,./unit2/GPS_data/gps_location_184.txt,,10,2,['00-43-16-333'],1,17,G2 G6 G12 G17 G19 G24 G28 R12 R13 R22 R23 R24 E13 E15 E21 E27 E30,3D,Yes,1.5,0.8
186,./unit1/camera_data/image_BS1_997_00_43_16.jpg,./unit1/mmWave_data/mmWave_power_185.txt,./unit1/GPS_data/gps_location.txt,./unit2/GPS_data/gps_location_185.txt,,10,2,['00-43-16-444'],1,17,G2 G6 G12 G17 G19 G24 G28 R12 R13 R22 R23 R24 E13 E15 E21 E27 E30,3D,Yes,1.5,0.8
187,./unit1/camera_data/image_BS1_998_00_43_16.jpg,./unit1/mmWave_data/mmWave_power_186.txt,./unit1/GPS_data/gps_location.txt,./unit2/GPS_data/gps_location_186.txt,,10,2,['00-43-16-555'],1,17,G2 G6 G12 G17 G19 G24 G28 R12 R13 R22 R23 R24 E13 E15 E21 E27 E30,3D,Yes,1.5,0.8
188,./unit1/camera_data/image_BS1_999_00_43_16.jpg,./unit1/mmWave_data/mmWave_power_187.txt,./unit1/GPS_data/gps_location.txt,./unit2/GPS_data/gps_location_187.txt,,7,2,['00-43-16-666'],1,12,G2 G6 G12 G17 G19 G24 G28 R12 R13 R22 R23 R24,3D,Yes,1.4,0.7
189,./unit1/camera_data/image_BS1_1000_00_43_16.jpg,./unit1/mmWave_data/mmWave_power_188.txt,./unit1/GPS_data/gps_location.txt,./unit2/GPS_data/gps_location_188.txt,,6,2,['00-43-16-777'],1,17,G2 G6 G12 G17 G19 G24 G28 R12 R13 R22 R23 R24 E13 E15 E21 E27 E30,3D,Yes,1.5,0.8
190,./unit1/camera_data/image_BS1_1001_00_43_16.jpg,./unit1/mmWave_data/mmWave_power_189.txt,./unit1/GPS_data/gps_location.txt,./unit2/GPS_data/gps_location_189.txt,,6,2,['00-43-16-888'],1,17,G2 G6 G12 G17 G19 G24 G28 R12 R13 R22 R23 R24 E13 E15 E21 E27 E30,3D,Yes,1.5,0.8
191,./unit1/camera_data/image_BS1_1002_00_43_17.jpg,./unit1/mmWave_data/mmWave_power_190.txt,./unit1/GPS_data/gps_location.txt,./unit2/GPS_data/gps_location_190.txt,,6,2,['00-43-17-0'],1,17,G2 G6 G12 G17 G19 G24 G28 R12 R13 R22 R23 R24 E13 E15 E21 E27 E30,3D,Yes,1.5,0.8
192,./unit1/camera_data/image_BS1_1003_00_43_17.jpg,./unit1/mmWave_data/mmWave_power_191.txt,./unit1/GPS_data/gps_location.txt,./unit2/GPS_data/gps_location_191.txt,,5,2,['00-43-17-125'],1,17,G2 G6 G12 G17 G19 G24 G28 R12 R13 R22 R23 R24 E13 E15 E21 E27 E30,3D,Yes,1.5,0.8
193,./unit1/camera_data/image_BS1_1004_00_43_17.jpg,./unit1/mmWave_data/mmWave_power_192.txt,./unit1/GPS_data/gps_location.txt,./unit2/GPS_data/gps_location_192.txt,,4,2,['00-43-17-250'],1,17,G2 G6 G12 G17 G19 G24 G28 R12 R13 R22 R23 R24 E13 E15 E21 E27 E30,3D,Yes,1.5,0.8
194,./unit1/camera_data/image_BS1_1005_00_43_17.jpg,./unit1/mmWave_data/mmWave_power_193.txt,./unit1/GPS_data/gps_location.txt,./unit2/GPS_data/gps_location_193.txt,,3,2,['00-43-17-375'],1,17,G2 G6 G12 G17 G19 G24 G28 R12 R13 R22 R23 R24 E13 E15 E21 E27 E30,3D,Yes,1.5,0.8
195,./unit1/camera_data/image_BS1_1006_00_43_17.jpg,./unit1/mmWave_data/mmWave_power_194.txt,./unit1/GPS_data/gps_location.txt,./unit2/GPS_data/gps_location_194.txt,,3,2,['00-43-17-500'],1,12,G2 G6 G12 G17 G19 G24 G28 R12 R13 R22 R23 R24,3D,Yes,1.5,0.8
196,./unit1/camera_data/image_BS1_1007_00_43_17.jpg,./unit1/mmWave_data/mmWave_power_195.txt,./unit1/GPS_data/gps_location.txt,./unit2/GPS_data/gps_location_195.txt,,3,2,['00-43-17-625'],1,17,G2 G6 G12 G17 G19 G24 G28 R12 R13 R22 R23 R24 E13 E15 E21 E27 E30,3D,Yes,1.5,0.8
197,./unit1/camera_data/image_BS1_1008_00_43_17.jpg,./unit1/mmWave_data/mmWave_power_196.txt,./unit1/GPS_data/gps_location.txt,./unit2/GPS_data/gps_location_196.txt,,2,2,['00-43-17-750'],1,17,G2 G6 G12 G17 G19 G24 G28 R12 R13 R22 R23 R24 E13 E15 E21 E27 E30,3D,Yes,1.9,0.9
198,./unit1/camera_data/image_BS1_1009_00_43_17.jpg,./unit1/mmWave_data/mmWave_power_197.txt,./unit1/GPS_data/gps_location.txt,./unit2/GPS_data/gps_location_197.txt,,17,2,['00-43-17-875'],1,17,G2 G6 G12 G17 G19 G24 G28 R12 R13 R22 R23 R24 E13 E15 E21 E27 E30,3D,Yes,1.9,0.9
199,./unit1/camera_data/image_BS1_1010_00_43_18.jpg,./unit1/mmWave_data/mmWave_power_198.txt,./unit1/GPS_data/gps_location.txt,./unit2/GPS_data/gps_location_198.txt,,5,2,['00-43-18-0'],1,17,G2 G6 G12 G17 G19 G24 G28 R12 R13 R22 R23 R24 E13 E15 E21 E27 E30,3D,Yes,1.9,0.9
200,./unit1/camera_data/image_BS1_1011_00_43_18.jpg,./unit1/mmWave_data/mmWave_power_199.txt,./unit1/GPS_data/gps_location.txt,./unit2/GPS_data/gps_location_199.txt,,2,2,['00-43-18-500'],1,17,G2 G6 G12 G17 G19 G24 G28 R12 R13 R22 R23 R24 E13 E15 E21 E27 E30,3D,Yes,1.9,0.9
201,./unit1/camera_data/image_BS1_1718_00_44_40.jpg,./unit1/mmWave_data/mmWave_power_200.txt,./unit1/GPS_data/gps_location.txt,./unit2/GPS_data/gps_location_200.txt,,2,3,['00-44-40-0'],0,12,G2 G6 G12 G17 G19 G24 G28 R12 R13 R22 R23 R24,3D,Yes,1.5,0.8
202,./unit1/camera_data/image_BS1_1719_00_44_40.jpg,./unit1/mmWave_data/mmWave_power_201.txt,./unit1/GPS_data/gps_location.txt,./unit2/GPS_data/gps_location_201.txt,,2,3,['00-44-40-200'],0,17,G2 G6 G12 G17 G19 G24 G28 R12 R13 R22 R23 R24 E13 E15 E21 E27 E30,3D,Yes,1.5,0.8
203,./unit1/camera_data/image_BS1_1720_00_44_40.jpg,./unit1/mmWave_data/mmWave_power_202.txt,./unit1/GPS_data/gps_location.txt,./unit2/GPS_data/gps_location_202.txt,,2,3,['00-44-40-400'],0,12,G2 G6 G12 G17 G19 G24 G28 R12 R13 R22 R23 R24,3D,Yes,1.5,0.8
204,./unit1/camera_data/image_BS1_1721_00_44_40.jpg,./unit1/mmWave_data/mmWave_power_203.txt,./unit1/GPS_data/gps_location.txt,./unit2/GPS_data/gps_location_203.txt,,2,3,['00-44-40-600'],0,12,G2 G6 G12 G17 G19 G24 G28 R12 R13 R22 R23 R24,3D,Yes,1.3,0.7
205,./unit1/camera_data/image_BS1_1722_00_44_40.jpg,./unit1/mmWave_data/mmWave_power_204.txt,./unit1/GPS_data/gps_location.txt,./unit2/GPS_data/gps_location_204.txt,,2,3,['00-44-40-800'],0,17,G2 G6 G12 G17 G19 G24 G28 R12 R13 R22 R23 R24 E13 E15 E21 E27 E30,3D,Yes,1.4,0.8
206,./unit1/camera_data/image_BS1_1723_00_44_41.jpg,./unit1/mmWave_data/mmWave_power_205.txt,./unit1/GPS_data/gps_location.txt,./unit2/GPS_data/gps_location_205.txt,,3,3,['00-44-41-0'],0,17,G2 G6 G12 G17 G19 G24 G28 R12 R13 R22 R23 R24 E13 E15 E21 E27 E30,3D,Yes,1.4,0.8
207,./unit1/camera_data/image_BS1_1724_00_44_41.jpg,./unit1/mmWave_data/mmWave_power_206.txt,./unit1/GPS_data/gps_location.txt,./unit2/GPS_data/gps_location_206.txt,,3,3,['00-44-41-111'],0,12,G2 G6 G12 G17 G19 G24 G28 R12 R13 R22 R23 R24,3D,Yes,1.4,0.8
208,./unit1/camera_data/image_BS1_1725_00_44_41.jpg,./unit1/mmWave_data/mmWave_power_207.txt,./unit1/GPS_data/gps_location.txt,./unit2/GPS_data/gps_location_207.txt,,2,3,['00-44-41-222'],0,22,G2 G6 G12 G17 G19 G24 G28 R12 R13 R22 R23 R24 E13 E15 E21 E27 E30 B11 B12 B24 B25 B26,3D,Yes,1.4,0.8
209,./unit1/camera_data/image_BS1_1726_00_44_41.jpg,./unit1/mmWave_data/mmWave_power_208.txt,./unit1/GPS_data/gps_location.txt,./unit2/GPS_data/gps_location_208.txt,,3,3,['00-44-41-333'],0,17,G2 G6 G12 G17 G19 G24 G28 R12 R13 R22 R23 R24 E13 E15 E21 E27 E30,3D,Yes,1.4,0.8
210,./unit1/camera_data/image_BS1_1727_00_44_41.jpg,./unit1/mmWave_data/mmWave_power_209.txt,./unit1/GPS_data/gps_location.txt,./unit2/GPS_data/gps_location_209.txt,,3,3,['00-44-41-444'],0,17,G2 G6 G12 G17 G19 G24 G28 R12 R13 R22 R23 R24 E13 E15 E21 E27 E30,3D,Yes,1.3,0.7
211,./unit1/camera_data/image_BS1_1728_00_44_41.jpg,./unit1/mmWave_data/mmWave_power_210.txt,./unit1/GPS_data/gps_location.txt,./unit2/GPS_data/gps_location_210.txt,,3,3,['00-44-41-555'],0,7,G2 G6 G12 G17 G19 G24 G28,3D,Yes,1.3,0.7
212,./unit1/camera_data/image_BS1_1729_00_44_41.jpg,./unit1/mmWave_data/mmWave_power_211.txt,./unit1/GPS_data/gps_location.txt,./unit2/GPS_data/gps_location_211.txt,,4,3,['00-44-41-666'],0,12,G2 G6 G12 G17 G19 G24 G28 R12 R13 R22 R23 R24,3D,Yes,1.3,0.7
213,./unit1/camera_data/image_BS1_1730_00_44_41.jpg,./unit1/mmWave_data/mmWave_power_212.txt,./unit1/GPS_data/gps_location.txt,./unit2/GPS_data/gps_location_212.txt,,5,3,['00-44-41-777'],0,12,G2 G6 G12 G17 G19 G24 G28 R12 R13 R22 R23 R24,3D,Yes,1.3,0.7
214,./unit1/camera_data/image_BS1_1731_00_44_41.jpg,./unit1/mmWave_data/mmWave_power_213.txt,./unit1/GPS_data/gps_location.txt,./unit2/GPS_data/gps_location_213.txt,,6,3,['00-44-41-888'],0,17,G2 G6 G12 G17 G19 G24 G28 R12 R13 R22 R23 R24 E13 E15 E21 E27 E30,3D,Yes,1.3,0.7
215,./unit1/camera_data/image_BS1_1732_00_44_42.jpg,./unit1/mmWave_data/mmWave_power_214.txt,./unit1/GPS_data/gps_location.txt,./unit2/GPS_data/gps_location_214.txt,,6,3,['00-44-42-0'],0,17,G2 G6 G12 G17 G19 G24 G28 R12 R13 R22 R23 R24 E13 E15 E21 E27 E30,3D,Yes,1.3,0.7
216,./unit1/camera_data/image_BS1_1733_00_44_42.jpg,./unit1/mmWave_data/mmWave_power_215.txt,./unit1/GPS_data/gps_location.txt,./unit2/GPS_data/gps_location_215.txt,,6,3,['00-44-42-166'],0,17,G2 G6 G12 G17 G19 G24 G28 R12 R13 R22 R23 R24 E13 E15 E21 E27 E30,3D,Yes,1.3,0.7
217,./unit1/camera_data/image_BS1_1734_00_44_42.jpg,./unit1/mmWave_data/mmWave_power_216.txt,./unit1/GPS_data/gps_location.txt,./unit2/GPS_data/gps_location_216.txt,,6,3,['00-44-42-332'],0,17,G2 G6 G12 G17 G19 G24 G28 R12 R13 R22 R23 R24 E13 E15 E21 E27 E30,3D,Yes,1.3,0.7
218,./unit1/camera_data/image_BS1_1735_00_44_42.jpg,./unit1/mmWave_data/mmWave_power_217.txt,./unit1/GPS_data/gps_location.txt,./unit2/GPS_data/gps_location_217.txt,,7,3,['00-44-42-498'],0,17,G2 G6 G12 G17 G19 G24 G28 R12 R13 R22 R23 R24 E13 E15 E21 E27 E30,3D,Yes,1.3,0.7
219,./unit1/camera_data/image_BS1_1736_00_44_42.jpg,./unit1/mmWave_data/mmWave_power_218.txt,./unit1/GPS_data/gps_location.txt,./unit2/GPS_data/gps_location_218.txt,,10,3,['00-44-42-664'],0,17,G2 G6 G12 G17 G19 G24 G28 R12 R13 R22 R23 R24 E13 E15 E21 E27 E30,3D,Yes,1.3,0.7
220,./unit1/camera_data/image_BS1_1737_00_44_42.jpg,./unit1/mmWave_data/mmWave_power_219.txt,./unit1/GPS_data/gps_location.txt,./unit2/GPS_data/gps_location_219.txt,,10,3,['00-44-42-830'],0,17,G2 G6 G12 G17 G19 G24 G28 R12 R13 R22 R23 R24 E13 E15 E21 E27 E30,3D,Yes,1.3,0.7
221,./unit1/camera_data/image_BS1_1738_00_44_43.jpg,./unit1/mmWave_data/mmWave_power_220.txt,./unit1/GPS_data/gps_location.txt,./unit2/GPS_data/gps_location_220.txt,,10,3,['00-44-43-0'],0,22,G2 G6 G12 G17 G19 G24 G28 R12 R13 R22 R23 R24 E13 E15 E21 E27 E30 B11 B12 B24 B25 B26,3D,Yes,1.3,0.7
222,./unit1/camera_data/image_BS1_1739_00_44_43.jpg,./unit1/mmWave_data/mmWave_power_221.txt,./unit1/GPS_data/gps_location.txt,./unit2/GPS_data/gps_location_221.txt,,10,3,['00-44-43-125'],0,17,G2 G6 G12 G17 G19 G24 G28 R12 R13 R22 R23 R24 E13 E15 E21 E27 E30,3D,Yes,1.3,0.7
223,./unit1/camera_data/image_BS1_1740_00_44_43.jpg,./unit1/mmWave_data/mmWave_power_222.txt,./unit1/GPS_data/gps_location.txt,./unit2/GPS_data/gps_location_222.txt,,13,3,['00-44-43-250'],0,17,G2 G6 G12 G17 G19 G24 G28 R12 R13 R22 R23 R24 E13 E15 E21 E27 E30,3D,Yes,1.3,0.7
224,./unit1/camera_data/image_BS1_1741_00_44_43.jpg,./unit1/mmWave_data/mmWave_power_223.txt,./unit1/GPS_data/gps_location.txt,./unit2/GPS_data/gps_location_223.txt,,13,3,['00-44-43-375'],0,17,G2 G6 G12 G17 G19 G24 G28 R12 R13 R22 R23 R24 E13 E15 E21 E27 E30,3D,Yes,1.3,0.7
225,./unit1/camera_data/image_BS1_1742_00_44_43.jpg,./unit1/mmWave_data/mmWave_power_224.txt,./unit1/GPS_data/gps_location.txt,./unit2/GPS_data/gps_location_224.txt,,13,3,['00-44-43-500'],0,17,G2 G6 G12 G17 G19 G24 G28 R12 R13 R22 R23 R24 E13 E15 E21 E27 E30,3D,Yes,1.3,0.7
226,./unit1/camera_data/image_BS1_1743_00_44_43.jpg,./unit1/mmWave_data/mmWave_power_225.txt,./unit1/GPS_data/gps_location.txt,./unit2/GPS_data/gps_location_225.txt,,13,3,['00-44-43-625'],0,12,G2 G6 G12 G17 G19 G24 G28 R12 R13 R22 R23 R24,3D,Yes,1.3,0.7
227,./unit1/camera_data/image_BS1_1744_00_44_43.jpg,./unit1/mmWave_data/mmWave_power_226.txt,./unit1/GPS_data/gps_location.txt,./unit2/GPS_data/gps_location_226.txt,,13,3,['00-44-43-750'],0,12,G2 G6 G12 G17 G19 G24 G28 R12 R13 R22 R23 R24,3D,Yes,1.3,0.7
228,./unit1/camera_data/image_BS1_1745_00_44_43.jpg,./unit1/mmWave_data/mmWave_power_227.txt,./unit1/GPS_data/gps_location.txt,./unit2/GPS_data/gps_location_227.txt,,14,3,['00-44-43-875'],0,12,G2 G6 G12 G17 G19 G24 G28 R12 R13 R22 R23 R24,3D,Yes,1.3,0.7
229,./unit1/camera_data/image_BS1_1746_00_44_44.jpg,./unit1/mmWave_data/mmWave_power_228.txt,./unit1/GPS_data/gps_location.txt,./unit2/GPS_data/gps_location_228.txt,,14,3,['00-44-44-0'],0,17,G2 G6 G12 G17 G19 G24 G28 R12 R13 R22 R23 R24 E13 E15 E21 E27 E30,3D,Yes,1.3,0.7
230,./unit1/camera_data/image_BS1_1747_00_44_44.jpg,./unit1/mmWave_data/mmWave_power_229.txt,./unit1/GPS_data/gps_location.txt,./unit2/GPS_data/gps_location_229.txt,,15,3,['00-44-44-166'],0,17,G2 G6 G12 G17 G19 G24 G28 R12 R13 R22 R23 R24 E13 E15 E21 E27 E30,3D,Yes,1.3,0.7
231,./unit1/camera_data/image_BS1_1748_00_44_44.jpg,./unit1/mmWave_data/mmWave_power_230.txt,./unit1/GPS_data/gps_location.txt,./unit2/GPS_data/gps_location_230.txt,,16,3,['00-44-44-332'],0,17,G2 G6 G12 G17 G19 G24 G28 R12 R13 R22 R23 R24 E13 E15 E21 E27 E30,3D,Yes,1.3,0.7
232,./unit1/camera_data/image_BS1_1749_00_44_44.jpg,./unit1/mmWave_data/mmWave_power_231.txt,./unit1/GPS_data/gps_location.txt,./unit2/GPS_data/gps_location_231.txt,,16,3,['00-44-44-498'],0,22,G2 G6 G12 G17 G19 G24 G28 R12 R13 R22 R23 R24 E13 E15 E21 E27 E30 B11 B12 B24 B25 B26,3D,Yes,1.3,0.7
233,./unit1/camera_data/image_BS1_1750_00_44_44.jpg,./unit1/mmWave_data/mmWave_power_232.txt,./unit1/GPS_data/gps_location.txt,./unit2/GPS_data/gps_location_232.txt,,17,3,['00-44-44-664'],0,17,G2 G6 G12 G17 G19 G24 G28 R12 R13 R22 R23 R24 E13 E15 E21 E27 E30,3D,Yes,1.3,0.7
234,./unit1/camera_data/image_BS1_1751_00_44_44.jpg,./unit1/mmWave_data/mmWave_power_233.txt,./unit1/GPS_data/gps_location.txt,./unit2/GPS_data/gps_location_233.txt,,17,3,['00-44-44-830'],0,12,G2 G6 G12 G17 G19 G24 G28 R12 R13 R22 R23 R24,3D,Yes,1.3,0.7
235,./unit1/camera_data/image_BS1_1752_00_44_45.jpg,./unit1/mmWave_data/mmWave_power_234.txt,./unit1/GPS_data/gps_location.txt,./unit2/GPS_data/gps_location_234.txt,,17,3,['00-44-45-0'],0,17,G2 G6 G12 G17 G19 G24 G28 R12 R13 R22 R23 R24 E13 E15 E21 E27 E30,3D,Yes,1.3,0.7
236,./unit1/camera_data/image_BS1_1753_00_44_45.jpg,./unit1/mmWave_data/mmWave_power_235.txt,./unit1/GPS_data/gps_location.txt,./unit2/GPS_data/gps_location_235.txt,,17,3,['00-44-45-100'],0,12,G2 G6 G12 G17 G19 G24 G28 R12 R13 R22 R23 R24,3D,Yes,1.3,0.7
237,./unit1/camera_data/image_BS1_1754_00_44_45.jpg,./unit1/mmWave_data/mmWave_power_236.txt,./unit1/GPS_data/gps_location.txt,./unit2/GPS_data/gps_location_236.txt,,17,3,['00-44-45-200'],0,17,G2 G6 G12 G17 G19 G24 G28 R12 R13 R22 R23 R24 E13 E15 E21 E27 E30,3D,Yes,1.3,0.7
238,./unit1/camera_data/image_BS1_1755_00_44_45.jpg,./unit1/mmWave_data/mmWave_power_237.txt,./unit1/GPS_data/gps_location.txt,./unit2/GPS_data/gps_location_237.txt,,17,3,['00-44-45-300'],0,17,G2 G6 G12 G17 G19 G24 G28 R12 R13 R22 R23 R24 E13 E15 E21 E27 E30,3D,Yes,1.3,0.7
239,./unit1/camera_data/image_BS1_1756_00_44_45.jpg,./unit1/mmWave_data/mmWave_power_238.txt,./unit1/GPS_data/gps_location.txt,./unit2/GPS_data/gps_location_238.txt,,19,3,['00-44-45-400'],0,22,G2 G6 G12 G17 G19 G24 G28 R12 R13 R22 R23 R24 E13 E15 E21 E27 E30 B11 B12 B24 B25 B26,3D,Yes,1.3,0.7
240,./unit1/camera_data/image_BS1_1757_00_44_45.jpg,./unit1/mmWave_data/mmWave_power_239.txt,./unit1/GPS_data/gps_location.txt,./unit2/GPS_data/gps_location_239.txt,,19,3,['00-44-45-500'],0,17,G2 G6 G12 G17 G19 G24 G28 R12 R13 R22 R23 R24 E13 E15 E21 E27 E30,3D,Yes,1.3,0.7
241,./unit1/camera_data/image_BS1_1758_00_44_45.jpg,./unit1/mmWave_data/mmWave_power_240.txt,./unit1/GPS_data/gps_location.txt,./unit2/GPS_data/gps_location_240.txt,,19,3,['00-44-45-600'],0,17,G2 G6 G12 G17 G19 G24 G28 R12 R13 R22 R23 R24 E13 E15 E21 E27 E30,3D,Yes,1.3,0.7
242,./unit1/camera_data/image_BS1_1759_00_44_45.jpg,./unit1/mmWave_data/mmWave_power_241.txt,./unit1/GPS_data/gps_location.txt,./unit2/GPS_data/gps_location_241.txt,,19,3,['00-44-45-700'],0,12,G2 G6 G12 G17 G19 G24 G28 R12 R13 R22 R23 R24,3D,Yes,1.3,0.7
243,./unit1/camera_data/image_BS1_1760_00_44_45.jpg,./unit1/mmWave_data/mmWave_power_242.txt,./unit1/GPS_data/gps_location.txt,./unit2/GPS_data/gps_location_242.txt,,20,3,['00-44-45-800'],0,17,G2 G6 G12 G17 G19 G24 G28 R12 R13 R22 R23 R24 E13 E15 E21 E27 E30,3D,Yes,1.3,0.7
244,./unit1/camera_data/image_BS1_1761_00_44_45.jpg,./unit1/mmWave_data/mmWave_power_243.txt,./unit1/GPS_data/gps_location.txt,./unit2/GPS_data/gps_location_243.txt,,20,3,['00-44-45-900'],0,12,G2 G6 G12 G17 G19 G24 G28 R12 R13 R22 R23 R24,3D,Yes,1.3,0.7
245,./unit1/camera_data/image_BS1_1762_00_44_46.jpg,./unit1/mmWave_data/mmWave_power_244.txt,./unit1/GPS_data/gps_location.txt,./unit2/GPS_data/gps_location_244.txt,,20,3,['00-44-46-0'],0,22,G2 G6 G12 G17 G19 G24 G28 R12 R13 R22 R23 R24 E13 E15 E21 E27 E30 B11 B12 B24 B25 B26,3D,Yes,1.3,0.7
246,./unit1/camera_data/image_BS1_1763_00_44_46.jpg,./unit1/mmWave_data/mmWave_power_245.txt,./unit1/GPS_data/gps_location.txt,./unit2/GPS_data/gps_location_245.txt,,20,3,['00-44-46-125'],0,17,G2 G6 G12 G17 G19 G24 G28 R12 R13 R22 R23 R24 E13 E15 E21 E27 E30,3D,Yes,1.3,0.7
247,./unit1/camera_data/image_BS1_1764_00_44_46.jpg,./unit1/mmWave_data/mmWave_power_246.txt,./unit1/GPS_data/gps_location.txt,./unit2/GPS_data/gps_location_246.txt,,21,3,['00-44-46-250'],0,17,G2 G6 G12 G17 G19 G24 G28 R12 R13 R22 R23 R24 E13 E15 E21 E27 E30,3D,Yes,1.3,0.7
248,./unit1/camera_data/image_BS1_1765_00_44_46.jpg,./unit1/mmWave_data/mmWave_power_247.txt,./unit1/GPS_data/gps_location.txt,./unit2/GPS_data/gps_location_247.txt,,20,3,['00-44-46-375'],0,22,G2 G6 G12 G17 G19 G24 G28 R12 R13 R22 R23 R24 E13 E15 E21 E27 E30 B11 B12 B24 B25 B26,3D,Yes,1.3,0.7
249,./unit1/camera_data/image_BS1_1766_00_44_46.jpg,./unit1/mmWave_data/mmWave_power_248.txt,./unit1/GPS_data/gps_location.txt,./unit2/GPS_data/gps_location_248.txt,,21,3,['00-44-46-500'],0,12,G2 G6 G12 G17 G19 G24 G28 R12 R13 R22 R23 R24,3D,Yes,1.3,0.7
250,./unit1/camera_data/image_BS1_1767_00_44_46.jpg,./unit1/mmWave_data/mmWave_power_249.txt,./unit1/GPS_data/gps_location.txt,./unit2/GPS_data/gps_location_249.txt,,21,3,['00-44-46-625'],0,22,G2 G6 G12 G17 G19 G24 G28 R12 R13 R22 R23 R24 E13 E15 E21 E27 E30 B11 B12 B24 B25 B26,3D,Yes,1.3,0.7
251,./unit1/camera_data/image_BS1_1768_00_44_46.jpg,./unit1/mmWave_data/mmWave_power_250.txt,./unit1/GPS_data/gps_location.txt,./unit2/GPS_data/gps_location_250.txt,,21,3,['00-44-46-750'],0,22,G2 G6 G12 G17 G19 G24 G28 R12 R13 R22 R23 R24 E13 E15 E21 E27 E30 B11 B12 B24 B25 B26,3D,Yes,1.3,0.7
252,./unit1/camera_data/image_BS1_1769_00_44_46.jpg,./unit1/mmWave_data/mmWave_power_251.txt,./unit1/GPS_data/gps_location.txt,./unit2/GPS_data/gps_location_251.txt,,21,3,['00-44-46-875'],0,12,G2 G6 G12 G17 G19 G24 G28 R12 R13 R22 R23 R24,3D,Yes,1.3,0.7
253,./unit1/camera_data/image_BS1_1770_00_44_47.jpg,./unit1/mmWave_data/mmWave_power_252.txt,./unit1/GPS_data/gps_location.txt,./unit2/GPS_data/gps_location_252.txt,,22,3,['00-44-47-0'],0,22,G2 G6 G12 G17 G19 G24 G28 R12 R13 R22 R23 R24 E13 E15 E21 E27 E30 B11 B12 B24 B25 B26,3D,Yes,1.3,0.7
254,./unit1/camera_data/image_BS1_1771_00_44_47.jpg,./unit1/mmWave_data/mmWave_power_253.txt,./unit1/GPS_data/gps_location.txt,./unit2/GPS_data/gps_location_253.txt,,22,3,['00-44-47-142'],0,12,G2 G6 G12 G17 G19 G24 G28 R12 R13 R22 R23 R24,3D,Yes,1.3,0.7
255,./unit1/camera_data/image_BS1_1772_00_44_47.jpg,./unit1/mmWave_data/mmWave_power_254.txt,./unit1/GPS_data/gps_location.txt,./unit2/GPS_data/gps_location_254.txt,,22,3,['00-44-47-284'],0,17,G2 G6 G12 G17 G19 G24 G28 R12 R13 R22 R23 R24 E13 E15 E21 E27 E30,3D,Yes,1.3,0.7
256,./unit1/camera_data/image_BS1_1773_00_44_47.jpg,./unit1/mmWave_data/mmWave_power_255.txt,./unit1/GPS_data/gps_location.txt,./unit2/GPS_data/gps_location_255.txt,,22,3,['00-44-47-426'],0,17,G2 G6 G12 G17 G19 G24 G28 R12 R13 R22 R23 R24 E13 E15 E21 E27 E30,3D,Yes,1.3,0.7
257,./unit1/camera_data/image_BS1_1774_00_44_47.jpg,./unit1/mmWave_data/mmWave_power_256.txt,./unit1/GPS_data/gps_location.txt,./unit2/GPS_data/gps_location_256.txt,,22,3,['00-44-47-568'],0,17,G2 G6 G12 G17 G19 G24 G28 R12 R13 R22 R23 R24 E13 E15 E21 E27 E30,3D,Yes,1.3,0.7
258,./unit1/camera_data/image_BS1_1775_00_44_47.jpg,./unit1/mmWave_data/mmWave_power_257.txt,./unit1/GPS_data/gps_location.txt,./unit2/GPS_data/gps_location_257.txt,,25,3,['00-44-47-710'],0,12,G2 G6 G12 G17 G19 G24 G28 R12 R13 R22 R23 R24,3D,Yes,1.3,0.7
259,./unit1/camera_data/image_BS1_1776_00_44_47.jpg,./unit1/mmWave_data/mmWave_power_258.txt,./unit1/GPS_data/gps_location.txt,./unit2/GPS_data/gps_location_258.txt,,25,3,['00-44-47-852'],0,12,G2 G6 G12 G17 G19 G24 G28 R12 R13 R22 R23 R24,3D,Yes,1.3,0.7
260,./unit1/camera_data/image_BS1_1777_00_44_48.jpg,./unit1/mmWave_data/mmWave_power_259.txt,./unit1/GPS_data/gps_location.txt,./unit2/GPS_data/gps_location_259.txt,,26,3,['00-44-48-0'],0,22,G2 G6 G12 G17 G19 G24 G28 R12 R13 R22 R23 R24 E13 E15 E21 E27 E30 B11 B12 B24 B25 B26,3D,Yes,1.3,0.7
261,./unit1/camera_data/image_BS1_1778_00_44_48.jpg,./unit1/mmWave_data/mmWave_power_260.txt,./unit1/GPS_data/gps_location.txt,./unit2/GPS_data/gps_location_260.txt,,26,3,['00-44-48-142'],0,17,G2 G6 G12 G17 G19 G24 G28 R12 R13 R22 R23 R24 E13 E15 E21 E27 E30,3D,Yes,1.3,0.7
262,./unit1/camera_data/image_BS1_1779_00_44_48.jpg,./unit1/mmWave_data/mmWave_power_261.txt,./unit1/GPS_data/gps_location.txt,./unit2/GPS_data/gps_location_261.txt,,26,3,['00-44-48-284'],0,17,G2 G6 G12 G17 G19 G24 G28 R12 R13 R22 R23 R24 E13 E15 E21 E27 E30,3D,Yes,1.3,0.7
263,./unit1/camera_data/image_BS1_1780_00_44_48.jpg,./unit1/mmWave_data/mmWave_power_262.txt,./unit1/GPS_data/gps_location.txt,./unit2/GPS_data/gps_location_262.txt,,28,3,['00-44-48-426'],0,17,G2 G6 G12 G17 G19 G24 G28 R12 R13 R22 R23 R24 E13 E15 E21 E27 E30,3D,Yes,1.3,0.7
264,./unit1/camera_data/image_BS1_1781_00_44_48.jpg,./unit1/mmWave_data/mmWave_power_263.txt,./unit1/GPS_data/gps_location.txt,./unit2/GPS_data/gps_location_263.txt,,28,3,['00-44-48-568'],0,7,G2 G6 G12 G17 G19 G24 G28,3D,Yes,1.3,0.7
265,./unit1/camera_data/image_BS1_1782_00_44_48.jpg,./unit1/mmWave_data/mmWave_power_264.txt,./unit1/GPS_data/gps_location.txt,./unit2/GPS_data/gps_location_264.txt,,28,3,['00-44-48-710'],0,17,G2 G6 G12 G17 G19 G24 G28 R12 R13 R22 R23 R24 E13 E15 E21 E27 E30,3D,Yes,1.3,0.7
266,./unit1/camera_data/image_BS1_1783_00_44_48.jpg,./unit1/mmWave_data/mmWave_power_265.txt,./unit1/GPS_data/gps_location.txt,./unit2/GPS_data/gps_location_265.txt,,29,3,['00-44-48-852'],0,22,G2 G6 G12 G17 G19 G24 G28 R12 R13 R22 R23 R24 E13 E15 E21 E27 E30 B11 B12 B24 B25 B26,3D,Yes,1.3,0.7
267,./unit1/camera_data/image_BS1_1784_00_44_49.jpg,./unit1/mmWave_data/mmWave_power_266.txt,./unit1/GPS_data/gps_location.txt,./unit2/GPS_data/gps_location_266.txt,,31,3,['00-44-49-0'],0,17,G2 G6 G12 G17 G19 G24 G28 R12 R13 R22 R23 R24 E13 E15 E21 E27 E30,3D,Yes,1.3,0.7
268,./unit1/camera_data/image_BS1_1785_00_44_49.jpg,./unit1/mmWave_data/mmWave_power_267.txt,./unit1/GPS_data/gps_location.txt,./unit2/GPS_data/gps_location_267.txt,,33,3,['00-44-49-142'],0,17,G2 G6 G12 G17 G19 G24 G28 R12 R13 R22 R23 R24 E13 E15 E21 E27 E30,3D,Yes,1.3,0.7
269,./unit1/camera_data/image_BS1_1786_00_44_49.jpg,./unit1/mmWave_data/mmWave_power_268.txt,./unit1/GPS_data/gps_location.txt,./unit2/GPS_data/gps_location_268.txt,,33,3,['00-44-49-284'],0,17,G2 G6 G12 G17 G19 G24 G28 R12 R13 R22 R23 R24 E13 E15 E21 E27 E30,3D,Yes,1.3,0.7
270,./unit1/camera_data/image_BS1_1787_00_44_49.jpg,./unit1/mmWave_data/mmWave_power_269.txt,./unit1/GPS_data/gps_location.txt,./unit2/GPS_data/gps_location_269.txt,,34,3,['00-44-49-426'],0,17,G2 G6 G12 G17 G19 G24 G28 R12 R13 R22 R23 R24 E13 E15 E21 E27 E30,3D,Yes,1.3,0.7
271,./unit1/camera_data/image_BS1_1788_00_44_49.jpg,./unit1/mmWave_data/mmWave_power_270.txt,./unit1/GPS_data/gps_location.txt,./unit2/GPS_data/gps_location_270.txt,,36,3,['00-44-49-568'],0,22,G2 G6 G12 G17 G19 G24 G28 R12 R13 R22 R23 R24 E13 E15 E21 E27 E30 B11 B12 B24 B25 B26,3D,Yes,1.3,0.7
272,./unit1/camera_data/image_BS1_1789_00_44_49.jpg,./unit1/mmWave_data/mmWave_power_271.txt,./unit1/GPS_data/gps_location.txt,./unit2/GPS_data/gps_location_271.txt,,37,3,['00-44-49-710'],0,12,G2 G6 G12 G17 G19 G24 G28 R12 R13 R22 R23 R24,3D,Yes,1.3,0.7
273,./unit1/camera_data/image_BS1_1790_00_44_49.jpg,./unit1/mmWave_data/mmWave_power_272.txt,./unit1/GPS_data/gps_location.txt,./unit2/GPS_data/gps_location_272.txt,,38,3,['00-44-49-852'],0,12,G2 G6 G12 G17 G19 G24 G28 R12 R13 R22 R23 R24,3D,Yes,1.3,0.7
274,./unit1/camera_data/image_BS1_1791_00_44_50.jpg,./unit1/mmWave_data/mmWave_power_273.txt,./unit1/GPS_data/gps_location.txt,./unit2/GPS_data/gps_location_273.txt,,39,3,['00-44-50-0'],0,17,G2 G6 G12 G17 G19 G24 G28 R12 R13 R22 R23 R24 E13 E15 E21 E27 E30,3D,Yes,1.3,0.7
275,./unit1/camera_data/image_BS1_1792_00_44_50.jpg,./unit1/mmWave_data/mmWave_power_274.txt,./unit1/GPS_data/gps_location.txt,./unit2/GPS_data/gps_location_274.txt,,39,3,['00-44-50-111'],0,12,G2 G6 G12 G17 G19 G24 G28 R12 R13 R22 R23 R24,3D,Yes,1.3,0.7
276,./unit1/camera_data/image_BS1_1793_00_44_50.jpg,./unit1/mmWave_data/mmWave_power_275.txt,./unit1/GPS_data/gps_location.txt,./unit2/GPS_data/gps_location_275.txt,,39,3,['00-44-50-222'],0,22,G2 G6 G12 G17 G19 G24 G28 R12 R13 R22 R23 R24 E13 E15 E21 E27 E30 B11 B12 B24 B25 B26,3D,Yes,1.3,0.7
277,./unit1/camera_data/image_BS1_1794_00_44_50.jpg,./unit1/mmWave_data/mmWave_power_276.txt,./unit1/GPS_data/gps_location.txt,./unit2/GPS_data/gps_location_276.txt,,39,3,['00-44-50-333'],0,17,G2 G6 G12 G17 G19 G24 G28 R12 R13 R22 R23 R24 E13 E15 E21 E27 E30,3D,Yes,1.3,0.7
278,./unit1/camera_data/image_BS1_1795_00_44_50.jpg,./unit1/mmWave_data/mmWave_power_277.txt,./unit1/GPS_data/gps_location.txt,./unit2/GPS_data/gps_location_277.txt,,41,3,['00-44-50-444'],0,17,G2 G6 G12 G17 G19 G24 G28 R12 R13 R22 R23 R24 E13 E15 E21 E27 E30,3D,Yes,1.3,0.7
279,./unit1/camera_data/image_BS1_1796_00_44_50.jpg,./unit1/mmWave_data/mmWave_power_278.txt,./unit1/GPS_data/gps_location.txt,./unit2/GPS_data/gps_location_278.txt,,42,3,['00-44-50-555'],0,17,G2 G6 G12 G17 G19 G24 G28 R12 R13 R22 R23 R24 E13 E15 E21 E27 E30,3D,Yes,1.4,0.7
280,./unit1/camera_data/image_BS1_1797_00_44_50.jpg,./unit1/mmWave_data/mmWave_power_279.txt,./unit1/GPS_data/gps_location.txt,./unit2/GPS_data/gps_location_279.txt,,43,3,['00-44-50-666'],0,17,G2 G6 G12 G17 G19 G24 G28 R12 R13 R22 R23 R24 E13 E15 E21 E27 E30,3D,Yes,1.3,0.7
281,./unit1/camera_data/image_BS1_1798_00_44_50.jpg,./unit1/mmWave_data/mmWave_power_280.txt,./unit1/GPS_data/gps_location.txt,./unit2/GPS_data/gps_location_280.txt,,43,3,['00-44-50-777'],0,12,G2 G6 G12 G17 G19 G24 G28 R12 R13 R22 R23 R24,3D,Yes,1.3,0.7
282,./unit1/camera_data/image_BS1_1799_00_44_50.jpg,./unit1/mmWave_data/mmWave_power_281.txt,./unit1/GPS_data/gps_location.txt,./unit2/GPS_data/gps_location_281.txt,,44,3,['00-44-50-888'],0,17,G2 G6 G12 G17 G19 G24 G28 R12 R13 R22 R23 R24 E13 E15 E21 E27 E30,3D,Yes,1.3,0.7
283,./unit1/camera_data/image_BS1_1800_00_44_51.jpg,./unit1/mmWave_data/mmWave_power_282.txt,./unit1/GPS_data/gps_location.txt,./unit2/GPS_data/gps_location_282.txt,,45,3,['00-44-51-0'],0,17,G2 G6 G12 G17 G19 G24 G28 R12 R13 R22 R23 R24 E13 E15 E21 E27 E30,3D,Yes,1.3,0.7
284,./unit1/camera_data/image_BS1_1801_00_44_51.jpg,./unit1/mmWave_data/mmWave_power_283.txt,./unit1/GPS_data/gps_location.txt,./unit2/GPS_data/gps_location_283.txt,,47,3,['00-44-51-142'],0,17,G2 G6 G12 G17 G19 G24 G28 R12 R13 R22 R23 R24 E13 E15 E21 E27 E30,3D,Yes,1.3,0.7
285,./unit1/camera_data/image_BS1_1802_00_44_51.jpg,./unit1/mmWave_data/mmWave_power_284.txt,./unit1/GPS_data/gps_location.txt,./unit2/GPS_data/gps_location_284.txt,,48,3,['00-44-51-284'],0,17,G2 G6 G12 G17 G19 G24 G28 R12 R13 R22 R23 R24 E13 E15 E21 E27 E30,3D,Yes,1.3,0.7
286,./unit1/camera_data/image_BS1_1803_00_44_51.jpg,./unit1/mmWave_data/mmWave_power_285.txt,./unit1/GPS_data/gps_location.txt,./unit2/GPS_data/gps_location_285.txt,,48,3,['00-44-51-426'],0,17,G2 G6 G12 G17 G19 G24 G28 R12 R13 R22 R23 R24 E13 E15 E21 E27 E30,3D,Yes,1.3,0.7
287,./unit1/camera_data/image_BS1_1804_00_44_51.jpg,./unit1/mmWave_data/mmWave_power_286.txt,./unit1/GPS_data/gps_location.txt,./unit2/GPS_data/gps_location_286.txt,,48,3,['00-44-51-568'],0,17,G2 G6 G12 G17 G19 G24 G28 R12 R13 R22 R23 R24 E13 E15 E21 E27 E30,3D,Yes,1.3,0.7
288,./unit1/camera_data/image_BS1_1805_00_44_51.jpg,./unit1/mmWave_data/mmWave_power_287.txt,./unit1/GPS_data/gps_location.txt,./unit2/GPS_data/gps_location_287.txt,,51,3,['00-44-51-710'],0,12,G2 G6 G12 G17 G19 G24 G28 R12 R13 R22 R23 R24,3D,Yes,1.3,0.7
289,./unit1/camera_data/image_BS1_1806_00_44_51.jpg,./unit1/mmWave_data/mmWave_power_288.txt,./unit1/GPS_data/gps_location.txt,./unit2/GPS_data/gps_location_288.txt,,51,3,['00-44-51-852'],0,12,G2 G6 G12 G17 G19 G24 G28 R12 R13 R22 R23 R24,3D,Yes,1.3,0.7
290,./unit1/camera_data/image_BS1_1807_00_44_52.jpg,./unit1/mmWave_data/mmWave_power_289.txt,./unit1/GPS_data/gps_location.txt,./unit2/GPS_data/gps_location_289.txt,,55,3,['00-44-52-0'],0,22,G2 G6 G12 G17 G19 G24 G28 R12 R13 R22 R23 R24 E13 E15 E21 E27 E30 B11 B12 B24 B25 B26,3D,Yes,1.3,0.7
291,./unit1/camera_data/image_BS1_1808_00_44_52.jpg,./unit1/mmWave_data/mmWave_power_290.txt,./unit1/GPS_data/gps_location.txt,./unit2/GPS_data/gps_location_290.txt,,55,3,['00-44-52-166'],0,17,G2 G6 G12 G17 G19 G24 G28 R12 R13 R22 R23 R24 E13 E15 E21 E27 E30,3D,Yes,1.3,0.7
292,./unit1/camera_data/image_BS1_1809_00_44_52.jpg,./unit1/mmWave_data/mmWave_power_291.txt,./unit1/GPS_data/gps_location.txt,./unit2/GPS_data/gps_location_291.txt,,55,3,['00-44-52-332'],0,17,G2 G6 G12 G17 G19 G24 G28 R12 R13 R22 R23 R24 E13 E15 E21 E27 E30,3D,Yes,1.3,0.7
293,./unit1/camera_data/image_BS1_1810_00_44_52.jpg,./unit1/mmWave_data/mmWave_power_292.txt,./unit1/GPS_data/gps_location.txt,./unit2/GPS_data/gps_location_292.txt,,55,3,['00-44-52-498'],0,17,G2 G6 G12 G17 G19 G24 G28 R12 R13 R22 R23 R24 E13 E15 E21 E27 E30,3D,Yes,1.3,0.7
294,./unit1/camera_data/image_BS1_1811_00_44_52.jpg,./unit1/mmWave_data/mmWave_power_293.txt,./unit1/GPS_data/gps_location.txt,./unit2/GPS_data/gps_location_293.txt,,57,3,['00-44-52-664'],0,12,G2 G6 G12 G17 G19 G24 G28 R12 R13 R22 R23 R24,3D,Yes,1.3,0.7
295,./unit1/camera_data/image_BS1_1812_00_44_52.jpg,./unit1/mmWave_data/mmWave_power_294.txt,./unit1/GPS_data/gps_location.txt,./unit2/GPS_data/gps_location_294.txt,,58,3,['00-44-52-830'],0,7,G2 G6 G12 G17 G19 G24 G28,3D,Yes,1.3,0.7
296,./unit1/camera_data/image_BS1_1813_00_44_53.jpg,./unit1/mmWave_data/mmWave_power_295.txt,./unit1/GPS_data/gps_location.txt,./unit2/GPS_data/gps_location_295.txt,,59,3,['00-44-53-0'],0,17,G2 G6 G12 G17 G19 G24 G28 R12 R13 R22 R23 R24 E13 E15 E21 E27 E30,3D,Yes,1.3,0.7
297,./unit1/camera_data/image_BS1_1814_00_44_53.jpg,./unit1/mmWave_data/mmWave_power_296.txt,./unit1/GPS_data/gps_location.txt,./unit2/GPS_data/gps_location_296.txt,,59,3,['00-44-53-333'],0,12,G2 G6 G12 G17 G19 G24 G28 R12 R13 R22 R23 R24,3D,Yes,1.3,0.7
298,./unit1/camera_data/image_BS1_1815_00_44_53.jpg,./unit1/mmWave_data/mmWave_power_297.txt,./unit1/GPS_data/gps_location.txt,./unit2/GPS_data/gps_location_297.txt,,61,3,['00-44-53-666'],0,17,G2 G6 G12 G17 G19 G24 G28 R12 R13 R22 R23 R24 E13 E15 E21 E27 E30,3D,Yes,1.3,0.7
299,./unit1/camera_data/image_BS1_2148_00_45_35.jpg,./unit1/mmWave_data/mmWave_power_298.txt,./unit1/GPS_data/gps_location.txt,./unit2/GPS_data/gps_location_298.txt,,62,4,['00-45-35-0'],1,17,G2 G6 G12 G17 G19 G24 G28 R12 R13 R22 R23 R24 E13 E15 E21 E27 E30,3D,Yes,1.5,0.8
300,./unit1/camera_data/image_BS1_2149_00_45_35.jpg,./unit1/mmWave_data/mmWave_power_299.txt,./unit1/GPS_data/gps_location.txt,./unit2/GPS_data/gps_location_299.txt,,61,4,['00-45-35-125'],1,17,G2 G6 G12 G17 G19 G24 G28 R12 R13 R22 R23 R24 E13 E15 E21 E27 E30,3D,Yes,1.5,0.8
301,./unit1/camera_data/image_BS1_2150_00_45_35.jpg,./unit1/mmWave_data/mmWave_power_300.txt,./unit1/GPS_data/gps_location.txt,./unit2/GPS_data/gps_location_300.txt,,61,4,['00-45-35-250'],1,17,G2 G6 G12 G17 G19 G24 G28 R12 R13 R22 R23 R24 E13 E15 E21 E27 E30,3D,Yes,1.5,0.8
302,./unit1/camera_data/image_BS1_2151_00_45_35.jpg,./unit1/mmWave_data/mmWave_power_301.txt,./unit1/GPS_data/gps_location.txt,./unit2/GPS_data/gps_location_301.txt,,60,4,['00-45-35-375'],1,17,G2 G6 G12 G17 G19 G24 G28 R12 R13 R22 R23 R24 E13 E15 E21 E27 E30,3D,Yes,1.5,0.8
303,./unit1/camera_data/image_BS1_2152_00_45_35.jpg,./unit1/mmWave_data/mmWave_power_302.txt,./unit1/GPS_data/gps_location.txt,./unit2/GPS_data/gps_location_302.txt,,59,4,['00-45-35-500'],1,12,G2 G6 G12 G17 G19 G24 G28 R12 R13 R22 R23 R24,3D,Yes,1.5,0.8
304,./unit1/camera_data/image_BS1_2153_00_45_35.jpg,./unit1/mmWave_data/mmWave_power_303.txt,./unit1/GPS_data/gps_location.txt,./unit2/GPS_data/gps_location_303.txt,,59,4,['00-45-35-625'],1,12,G2 G6 G12 G17 G19 G24 G28 R12 R13 R22 R23 R24,3D,Yes,1.5,0.8
305,./unit1/camera_data/image_BS1_2154_00_45_35.jpg,./unit1/mmWave_data/mmWave_power_304.txt,./unit1/GPS_data/gps_location.txt,./unit2/GPS_data/gps_location_304.txt,,59,4,['00-45-35-750'],1,17,G2 G6 G12 G17 G19 G24 G28 R12 R13 R22 R23 R24 E13 E15 E21 E27 E30,3D,Yes,1.5,0.8
306,./unit1/camera_data/image_BS1_2155_00_45_35.jpg,./unit1/mmWave_data/mmWave_power_305.txt,./unit1/GPS_data/gps_location.txt,./unit2/GPS_data/gps_location_305.txt,,59,4,['00-45-35-875'],1,12,G2 G6 G12 G17 G19 G24 G28 R12 R13 R22 R23 R24,3D,Yes,1.5,0.8
307,./unit1/camera_data/image_BS1_2156_00_45_36.jpg,./unit1/mmWave_data/mmWave_power_306.txt,./unit1/GPS_data/gps_location.txt,./unit2/GPS_data/gps_location_306.txt,,58,4,['00-45-36-0'],1,17,G2 G6 G12 G17 G19 G24 G28 R12 R13 R22 R23 R24 E13 E15 E21 E27 E30,3D,Yes,1.5,0.8
308,./unit1/camera_data/image_BS1_2157_00_45_36.jpg,./unit1/mmWave_data/mmWave_power_307.txt,./unit1/GPS_data/gps_location.txt,./unit2/GPS_data/gps_location_307.txt,,59,4,['00-45-36-111'],1,17,G2 G6 G12 G17 G19 G24 G28 R12 R13 R22 R23 R24 E13 E15 E21 E27 E30,3D,Yes,1.6,0.8
309,./unit1/camera_data/image_BS1_2158_00_45_36.jpg,./unit1/mmWave_data/mmWave_power_308.txt,./unit1/GPS_data/gps_location.txt,./unit2/GPS_data/gps_location_308.txt,,59,4,['00-45-36-222'],1,17,G2 G6 G12 G17 G19 G24 G28 R12 R13 R22 R23 R24 E13 E15 E21 E27 E30,3D,Yes,1.5,0.8
310,./unit1/camera_data/image_BS1_2159_00_45_36.jpg,./unit1/mmWave_data/mmWave_power_309.txt,./unit1/GPS_data/gps_location.txt,./unit2/GPS_data/gps_location_309.txt,,59,4,['00-45-36-333'],1,17,G2 G6 G12 G17 G19 G24 G28 R12 R13 R22 R23 R24 E13 E15 E21 E27 E30,3D,Yes,1.5,0.8
311,./unit1/camera_data/image_BS1_2160_00_45_36.jpg,./unit1/mmWave_data/mmWave_power_310.txt,./unit1/GPS_data/gps_location.txt,./unit2/GPS_data/gps_location_310.txt,,58,4,['00-45-36-444'],1,17,G2 G6 G12 G17 G19 G24 G28 R12 R13 R22 R23 R24 E13 E15 E21 E27 E30,3D,Yes,1.5,0.8
312,./unit1/camera_data/image_BS1_2161_00_45_36.jpg,./unit1/mmWave_data/mmWave_power_311.txt,./unit1/GPS_data/gps_location.txt,./unit2/GPS_data/gps_location_311.txt,,57,4,['00-45-36-555'],1,17,G2 G6 G12 G17 G19 G24 G28 R12 R13 R22 R23 R24 E13 E15 E21 E27 E30,3D,Yes,1.5,0.8
313,./unit1/camera_data/image_BS1_2162_00_45_36.jpg,./unit1/mmWave_data/mmWave_power_312.txt,./unit1/GPS_data/gps_location.txt,./unit2/GPS_data/gps_location_312.txt,,59,4,['00-45-36-666'],1,12,G2 G6 G12 G17 G19 G24 G28 R12 R13 R22 R23 R24,3D,Yes,1.5,0.8
314,./unit1/camera_data/image_BS1_2163_00_45_36.jpg,./unit1/mmWave_data/mmWave_power_313.txt,./unit1/GPS_data/gps_location.txt,./unit2/GPS_data/gps_location_313.txt,,57,4,['00-45-36-777'],1,17,G2 G6 G12 G17 G19 G24 G28 R12 R13 R22 R23 R24 E13 E15 E21 E27 E30,3D,Yes,1.5,0.8
315,./unit1/camera_data/image_BS1_2164_00_45_36.jpg,./unit1/mmWave_data/mmWave_power_314.txt,./unit1/GPS_data/gps_location.txt,./unit2/GPS_data/gps_location_314.txt,,55,4,['00-45-36-888'],1,12,G2 G6 G12 G17 G19 G24 G28 R12 R13 R22 R23 R24,3D,Yes,1.5,0.8
316,./unit1/camera_data/image_BS1_2165_00_45_37.jpg,./unit1/mmWave_data/mmWave_power_315.txt,./unit1/GPS_data/gps_location.txt,./unit2/GPS_data/gps_location_315.txt,,55,4,['00-45-37-0'],1,17,G2 G6 G12 G17 G19 G24 G28 R12 R13 R22 R23 R24 E13 E15 E21 E27 E30,3D,Yes,1.5,0.8
317,./unit1/camera_data/image_BS1_2166_00_45_37.jpg,./unit1/mmWave_data/mmWave_power_316.txt,./unit1/GPS_data/gps_location.txt,./unit2/GPS_data/gps_location_316.txt,,55,4,['00-45-37-142'],1,17,G2 G6 G12 G17 G19 G24 G28 R12 R13 R22 R23 R24 E13 E15 E21 E27 E30,3D,Yes,1.5,0.8
318,./unit1/camera_data/image_BS1_2167_00_45_37.jpg,./unit1/mmWave_data/mmWave_power_317.txt,./unit1/GPS_data/gps_location.txt,./unit2/GPS_data/gps_location_317.txt,,57,4,['00-45-37-284'],1,17,G2 G6 G12 G17 G19 G24 G28 R12 R13 R22 R23 R24 E13 E15 E21 E27 E30,3D,Yes,1.5,0.8
319,./unit1/camera_data/image_BS1_2168_00_45_37.jpg,./unit1/mmWave_data/mmWave_power_318.txt,./unit1/GPS_data/gps_location.txt,./unit2/GPS_data/gps_location_318.txt,,55,4,['00-45-37-426'],1,22,G2 G6 G12 G17 G19 G24 G28 R12 R13 R22 R23 R24 E13 E15 E21 E27 E30 B11 B12 B24 B25 B26,3D,Yes,1.5,0.8
320,./unit1/camera_data/image_BS1_2169_00_45_37.jpg,./unit1/mmWave_data/mmWave_power_319.txt,./unit1/GPS_data/gps_location.txt,./unit2/GPS_data/gps_location_319.txt,,55,4,['00-45-37-568'],1,12,G2 G6 G12 G17 G19 G24 G28 R12 R13 R22 R23 R24,3D,Yes,1.5,0.8
321,./unit1/camera_data/image_BS1_2170_00_45_37.jpg,./unit1/mmWave_data/mmWave_power_320.txt,./unit1/GPS_data/gps_location.txt,./unit2/GPS_data/gps_location_320.txt,,54,4,['00-45-37-710'],1,17,G2 G6 G12 G17 G19 G24 G28 R12 R13 R22 R23 R24 E13 E15 E21 E27 E30,3D,Yes,1.5,0.8
322,./unit1/camera_data/image_BS1_2171_00_45_37.jpg,./unit1/mmWave_data/mmWave_power_321.txt,./unit1/GPS_data/gps_location.txt,./unit2/GPS_data/gps_location_321.txt,,54,4,['00-45-37-852'],1,17,G2 G6 G12 G17 G19 G24 G28 R12 R13 R22 R23 R24 E13 E15 E21 E27 E30,3D,Yes,1.5,0.8
323,./unit1/camera_data/image_BS1_2172_00_45_38.jpg,./unit1/mmWave_data/mmWave_power_322.txt,./unit1/GPS_data/gps_location.txt,./unit2/GPS_data/gps_location_322.txt,,54,4,['00-45-38-0'],1,22,G2 G6 G12 G17 G19 G24 G28 R12 R13 R22 R23 R24 E13 E15 E21 E27 E30 B11 B12 B24 B25 B26,3D,Yes,1.5,0.8
324,./unit1/camera_data/image_BS1_2173_00_45_38.jpg,./unit1/mmWave_data/mmWave_power_323.txt,./unit1/GPS_data/gps_location.txt,./unit2/GPS_data/gps_location_323.txt,,55,4,['00-45-38-111'],1,17,G2 G6 G12 G17 G19 G24 G28 R12 R13 R22 R23 R24 E13 E15 E21 E27 E30,3D,Yes,1.6,0.8
325,./unit1/camera_data/image_BS1_2174_00_45_38.jpg,./unit1/mmWave_data/mmWave_power_324.txt,./unit1/GPS_data/gps_location.txt,./unit2/GPS_data/gps_location_324.txt,,54,4,['00-45-38-222'],1,17,G2 G6 G12 G17 G19 G24 G28 R12 R13 R22 R23 R24 E13 E15 E21 E27 E30,3D,Yes,1.5,0.8
326,./unit1/camera_data/image_BS1_2175_00_45_38.jpg,./unit1/mmWave_data/mmWave_power_325.txt,./unit1/GPS_data/gps_location.txt,./unit2/GPS_data/gps_location_325.txt,,53,4,['00-45-38-333'],1,17,G2 G6 G12 G17 G19 G24 G28 R12 R13 R22 R23 R24 E13 E15 E21 E27 E30,3D,Yes,1.5,0.8
327,./unit1/camera_data/image_BS1_2176_00_45_38.jpg,./unit1/mmWave_data/mmWave_power_326.txt,./unit1/GPS_data/gps_location.txt,./unit2/GPS_data/gps_location_326.txt,,51,4,['00-45-38-444'],1,17,G2 G6 G12 G17 G19 G24 G28 R12 R13 R22 R23 R24 E13 E15 E21 E27 E30,3D,Yes,1.5,0.8
328,./unit1/camera_data/image_BS1_2177_00_45_38.jpg,./unit1/mmWave_data/mmWave_power_327.txt,./unit1/GPS_data/gps_location.txt,./unit2/GPS_data/gps_location_327.txt,,51,4,['00-45-38-555'],1,17,G2 G6 G12 G17 G19 G24 G28 R12 R13 R22 R23 R24 E13 E15 E21 E27 E30,3D,Yes,1.5,0.8
329,./unit1/camera_data/image_BS1_2178_00_45_38.jpg,./unit1/mmWave_data/mmWave_power_328.txt,./unit1/GPS_data/gps_location.txt,./unit2/GPS_data/gps_location_328.txt,,51,4,['00-45-38-666'],1,12,G2 G6 G12 G17 G19 G24 G28 R12 R13 R22 R23 R24,3D,Yes,1.5,0.8
330,./unit1/camera_data/image_BS1_2179_00_45_38.jpg,./unit1/mmWave_data/mmWave_power_329.txt,./unit1/GPS_data/gps_location.txt,./unit2/GPS_data/gps_location_329.txt,,51,4,['00-45-38-777'],1,12,G2 G6 G12 G17 G19 G24 G28 R12 R13 R22 R23 R24,3D,Yes,1.5,0.8
331,./unit1/camera_data/image_BS1_2180_00_45_38.jpg,./unit1/mmWave_data/mmWave_power_330.txt,./unit1/GPS_data/gps_location.txt,./unit2/GPS_data/gps_location_330.txt,,51,4,['00-45-38-888'],1,12,G2 G6 G12 G17 G19 G24 G28 R12 R13 R22 R23 R24,3D,Yes,1.5,0.8
332,./unit1/camera_data/image_BS1_2181_00_45_39.jpg,./unit1/mmWave_data/mmWave_power_331.txt,./unit1/GPS_data/gps_location.txt,./unit2/GPS_data/gps_location_331.txt,,51,4,['00-45-39-0'],1,22,G2 G6 G12 G17 G19 G24 G28 R12 R13 R22 R23 R24 E13 E15 E21 E27 E30 B11 B12 B24 B25 B26,3D,Yes,1.5,0.8
333,./unit1/camera_data/image_BS1_2182_00_45_39.jpg,./unit1/mmWave_data/mmWave_power_332.txt,./unit1/GPS_data/gps_location.txt,./unit2/GPS_data/gps_location_332.txt,,51,4,['00-45-39-142'],1,12,G2 G6 G12 G17 G19 G24 G28 R12 R13 R22 R23 R24,3D,Yes,1.5,0.8
334,./unit1/camera_data/image_BS1_2183_00_45_39.jpg,./unit1/mmWave_data/mmWave_power_333.txt,./unit1/GPS_data/gps_location.txt,./unit2/GPS_data/gps_location_333.txt,,51,4,['00-45-39-284'],1,22,G2 G6 G12 G17 G19 G24 G28 R12 R13 R22 R23 R24 E13 E15 E21 E27 E30 B11 B12 B24 B25 B26,3D,Yes,1.5,0.8
335,./unit1/camera_data/image_BS1_2184_00_45_39.jpg,./unit1/mmWave_data/mmWave_power_334.txt,./unit1/GPS_data/gps_location.txt,./unit2/GPS_data/gps_location_334.txt,,51,4,['00-45-39-426'],1,17,G2 G6 G12 G17 G19 G24 G28 R12 R13 R22 R23 R24 E13 E15 E21 E27 E30,3D,Yes,1.5,0.8
336,./unit1/camera_data/image_BS1_2185_00_45_39.jpg,./unit1/mmWave_data/mmWave_power_335.txt,./unit1/GPS_data/gps_location.txt,./unit2/GPS_data/gps_location_335.txt,,51,4,['00-45-39-568'],1,17,G2 G6 G12 G17 G19 G24 G28 R12 R13 R22 R23 R24 E13 E15 E21 E27 E30,3D,Yes,1.5,0.8
337,./unit1/camera_data/image_BS1_2186_00_45_39.jpg,./unit1/mmWave_data/mmWave_power_336.txt,./unit1/GPS_data/gps_location.txt,./unit2/GPS_data/gps_location_336.txt,,51,4,['00-45-39-710'],1,22,G2 G6 G12 G17 G19 G24 G28 R12 R13 R22 R23 R24 E13 E15 E21 E27 E30 B11 B12 B24 B25 B26,3D,Yes,1.5,0.8
338,./unit1/camera_data/image_BS1_2187_00_45_39.jpg,./unit1/mmWave_data/mmWave_power_337.txt,./unit1/GPS_data/gps_location.txt,./unit2/GPS_data/gps_location_337.txt,,48,4,['00-45-39-852'],1,17,G2 G6 G12 G17 G19 G24 G28 R12 R13 R22 R23 R24 E13 E15 E21 E27 E30,3D,Yes,1.5,0.8
339,./unit1/camera_data/image_BS1_2188_00_45_40.jpg,./unit1/mmWave_data/mmWave_power_338.txt,./unit1/GPS_data/gps_location.txt,./unit2/GPS_data/gps_location_338.txt,,48,4,['00-45-40-0'],1,22,G2 G6 G12 G17 G19 G24 G28 R12 R13 R22 R23 R24 E13 E15 E21 E27 E30 B11 B12 B24 B25 B26,3D,Yes,1.5,0.8
340,./unit1/camera_data/image_BS1_2189_00_45_40.jpg,./unit1/mmWave_data/mmWave_power_339.txt,./unit1/GPS_data/gps_location.txt,./unit2/GPS_data/gps_location_339.txt,,48,4,['00-45-40-200'],1,17,G2 G6 G12 G17 G19 G24 G28 R12 R13 R22 R23 R24 E13 E15 E21 E27 E30,3D,Yes,1.5,0.8
341,./unit1/camera_data/image_BS1_2190_00_45_40.jpg,./unit1/mmWave_data/mmWave_power_340.txt,./unit1/GPS_data/gps_location.txt,./unit2/GPS_data/gps_location_340.txt,,48,4,['00-45-40-400'],1,22,G2 G6 G12 G17 G19 G24 G28 R12 R13 R22 R23 R24 E13 E15 E21 E27 E30 B11 B12 B24 B25 B26,3D,Yes,1.5,0.8
342,./unit1/camera_data/image_BS1_2191_00_45_40.jpg,./unit1/mmWave_data/mmWave_power_341.txt,./unit1/GPS_data/gps_location.txt,./unit2/GPS_data/gps_location_341.txt,,47,4,['00-45-40-600'],1,22,G2 G6 G12 G17 G19 G24 G28 R12 R13 R22 R23 R24 E13 E15 E21 E27 E30 B11 B12 B24 B25 B26,3D,Yes,1.5,0.8
343,./unit1/camera_data/image_BS1_2192_00_45_40.jpg,./unit1/mmWave_data/mmWave_power_342.txt,./unit1/GPS_data/gps_location.txt,./unit2/GPS_data/gps_location_342.txt,,47,4,['00-45-40-800'],1,17,G2 G6 G12 G17 G19 G24 G28 R12 R13 R22 R23 R24 E13 E15 E21 E27 E30,3D,Yes,1.5,0.8
344,./unit1/camera_data/image_BS1_2193_00_45_41.jpg,./unit1/mmWave_data/mmWave_power_343.txt,./unit1/GPS_data/gps_location.txt,./unit2/GPS_data/gps_location_343.txt,,46,4,['00-45-41-0'],1,17,G2 G6 G12 G17 G19 G24 G28 R12 R13 R22 R23 R24 E13 E15 E21 E27 E30,3D,Yes,1.5,0.8
345,./unit1/camera_data/image_BS1_2194_00_45_41.jpg,./unit1/mmWave_data/mmWave_power_344.txt,./unit1/GPS_data/gps_location.txt,./unit2/GPS_data/gps_location_344.txt,,46,4,['00-45-41-125'],1,12,G2 G6 G12 G17 G19 G24 G28 R12 R13 R22 R23 R24,3D,Yes,1.5,0.8
346,./unit1/camera_data/image_BS1_2195_00_45_41.jpg,./unit1/mmWave_data/mmWave_power_345.txt,./unit1/GPS_data/gps_location.txt,./unit2/GPS_data/gps_location_345.txt,,46,4,['00-45-41-250'],1,17,G2 G6 G12 G17 G19 G24 G28 R12 R13 R22 R23 R24 E13 E15 E21 E27 E30,3D,Yes,1.5,0.8
347,./unit1/camera_data/image_BS1_2196_00_45_41.jpg,./unit1/mmWave_data/mmWave_power_346.txt,./unit1/GPS_data/gps_location.txt,./unit2/GPS_data/gps_location_346.txt,,45,4,['00-45-41-375'],1,17,G2 G6 G12 G17 G19 G24 G28 R12 R13 R22 R23 R24 E13 E15 E21 E27 E30,3D,Yes,1.5,0.8
348,./unit1/camera_data/image_BS1_2197_00_45_41.jpg,./unit1/mmWave_data/mmWave_power_347.txt,./unit1/GPS_data/gps_location.txt,./unit2/GPS_data/gps_location_347.txt,,44,4,['00-45-41-500'],1,22,G2 G6 G12 G17 G19 G24 G28 R12 R13 R22 R23 R24 E13 E15 E21 E27 E30 B11 B12 B24 B25 B26,3D,Yes,1.5,0.8
349,./unit1/camera_data/image_BS1_2198_00_45_41.jpg,./unit1/mmWave_data/mmWave_power_348.txt,./unit1/GPS_data/gps_location.txt,./unit2/GPS_data/gps_location_348.txt,,44,4,['00-45-41-625'],1,12,G2 G6 G12 G17 G19 G24 G28 R12 R13 R22 R23 R24,3D,Yes,1.5,0.8
350,./unit1/camera_data/image_BS1_2199_00_45_41.jpg,./unit1/mmWave_data/mmWave_power_349.txt,./unit1/GPS_data/gps_location.txt,./unit2/GPS_data/gps_location_349.txt,,43,4,['00-45-41-750'],1,12,G2 G6 G12 G17 G19 G24 G28 R12 R13 R22 R23 R24,3D,Yes,1.5,0.8
351,./unit1/camera_data/image_BS1_2200_00_45_41.jpg,./unit1/mmWave_data/mmWave_power_350.txt,./unit1/GPS_data/gps_location.txt,./unit2/GPS_data/gps_location_350.txt,,43,4,['00-45-41-875'],1,17,G2 G6 G12 G17 G19 G24 G28 R12 R13 R22 R23 R24 E13 E15 E21 E27 E30,3D,Yes,1.5,0.8
352,./unit1/camera_data/image_BS1_2201_00_45_42.jpg,./unit1/mmWave_data/mmWave_power_351.txt,./unit1/GPS_data/gps_location.txt,./unit2/GPS_data/gps_location_351.txt,,42,4,['00-45-42-0'],1,12,G2 G6 G12 G17 G19 G24 G28 R12 R13 R22 R23 R24,3D,Yes,1.6,0.8
353,./unit1/camera_data/image_BS1_2202_00_45_42.jpg,./unit1/mmWave_data/mmWave_power_352.txt,./unit1/GPS_data/gps_location.txt,./unit2/GPS_data/gps_location_352.txt,,41,4,['00-45-42-250'],1,17,G2 G6 G12 G17 G19 G24 G28 R12 R13 R22 R23 R24 E13 E15 E21 E27 E30,3D,Yes,1.6,0.8
354,./unit1/camera_data/image_BS1_2203_00_45_42.jpg,./unit1/mmWave_data/mmWave_power_353.txt,./unit1/GPS_data/gps_location.txt,./unit2/GPS_data/gps_location_353.txt,,41,4,['00-45-42-500'],1,17,G2 G6 G12 G17 G19 G24 G28 R12 R13 R22 R23 R24 E13 E15 E21 E27 E30,3D,Yes,1.4,0.7
355,./unit1/camera_data/image_BS1_2204_00_45_42.jpg,./unit1/mmWave_data/mmWave_power_354.txt,./unit1/GPS_data/gps_location.txt,./unit2/GPS_data/gps_location_354.txt,,39,4,['00-45-42-750'],1,22,G2 G6 G12 G17 G19 G24 G28 R12 R13 R22 R23 R24 E13 E15 E21 E27 E30 B11 B12 B24 B25 B26,3D,Yes,1.4,0.7
356,./unit1/camera_data/image_BS1_2205_00_45_43.jpg,./unit1/mmWave_data/mmWave_power_355.txt,./unit1/GPS_data/gps_location.txt,./unit2/GPS_data/gps_location_355.txt,,38,4,['00-45-43-0'],1,17,G2 G6 G12 G17 G19 G24 G28 R12 R13 R22 R23 R24 E13 E15 E21 E27 E30,3D,Yes,1.5,0.8
357,./unit1/camera_data/image_BS1_2206_00_45_43.jpg,./unit1/mmWave_data/mmWave_power_356.txt,./unit1/GPS_data/gps_location.txt,./unit2/GPS_data/gps_location_356.txt,,37,4,['00-45-43-111'],1,17,G2 G6 G12 G17 G19 G24 G28 R12 R13 R22 R23 R24 E13 E15 E21 E27 E30,3D,Yes,1.4,0.7
358,./unit1/camera_data/image_BS1_2207_00_45_43.jpg,./unit1/mmWave_data/mmWave_power_357.txt,./unit1/GPS_data/gps_location.txt,./unit2/GPS_data/gps_location_357.txt,,37,4,['00-45-43-222'],1,17,G2 G6 G12 G17 G19 G24 G28 R12 R13 R22 R23 R24 E13 E15 E21 E27 E30,3D,Yes,1.4,0.7
359,./unit1/camera_data/image_BS1_2208_00_45_43.jpg,./unit1/mmWave_data/mmWave_power_358.txt,./unit1/GPS_data/gps_location.txt,./unit2/GPS_data/gps_location_358.txt,,36,4,['00-45-43-333'],1,17,G2 G6 G12 G17 G19 G24 G28 R12 R13 R22 R23 R24 E13 E15 E21 E27 E30,3D,Yes,1.5,0.8
360,./unit1/camera_data/image_BS1_2209_00_45_43.jpg,./unit1/mmWave_data/mmWave_power_359.txt,./unit1/GPS_data/gps_location.txt,./unit2/GPS_data/gps_location_359.txt,,34,4,['00-45-43-444'],1,17,G2 G6 G12 G17 G19 G24 G28 R12 R13 R22 R23 R24 E13 E15 E21 E27 E30,3D,Yes,1.4,0.7
361,./unit1/camera_data/image_BS1_2210_00_45_43.jpg,./unit1/mmWave_data/mmWave_power_360.txt,./unit1/GPS_data/gps_location.txt,./unit2/GPS_data/gps_location_360.txt,,33,4,['00-45-43-555'],1,17,G2 G6 G12 G17 G19 G24 G28 R12 R13 R22 R23 R24 E13 E15 E21 E27 E30,3D,Yes,1.5,0.8
362,./unit1/camera_data/image_BS1_2211_00_45_43.jpg,./unit1/mmWave_data/mmWave_power_361.txt,./unit1/GPS_data/gps_location.txt,./unit2/GPS_data/gps_location_361.txt,,33,4,['00-45-43-666'],1,17,G2 G6 G12 G17 G19 G24 G28 R12 R13 R22 R23 R24 E13 E15 E21 E27 E30,3D,Yes,1.5,0.8
363,./unit1/camera_data/image_BS1_2212_00_45_43.jpg,./unit1/mmWave_data/mmWave_power_362.txt,./unit1/GPS_data/gps_location.txt,./unit2/GPS_data/gps_location_362.txt,,32,4,['00-45-43-777'],1,17,G2 G6 G12 G17 G19 G24 G28 R12 R13 R22 R23 R24 E13 E15 E21 E27 E30,3D,Yes,1.5,0.8
364,./unit1/camera_data/image_BS1_2213_00_45_43.jpg,./unit1/mmWave_data/mmWave_power_363.txt,./unit1/GPS_data/gps_location.txt,./unit2/GPS_data/gps_location_363.txt,,31,4,['00-45-43-888'],1,12,G2 G6 G12 G17 G19 G24 G28 R12 R13 R22 R23 R24,3D,Yes,1.5,0.8
365,./unit1/camera_data/image_BS1_2214_00_45_44.jpg,./unit1/mmWave_data/mmWave_power_364.txt,./unit1/GPS_data/gps_location.txt,./unit2/GPS_data/gps_location_364.txt,,29,4,['00-45-44-0'],1,17,G2 G6 G12 G17 G19 G24 G28 R12 R13 R22 R23 R24 E13 E15 E21 E27 E30,3D,Yes,1.5,0.8
366,./unit1/camera_data/image_BS1_2215_00_45_44.jpg,./unit1/mmWave_data/mmWave_power_365.txt,./unit1/GPS_data/gps_location.txt,./unit2/GPS_data/gps_location_365.txt,,29,4,['00-45-44-111'],1,12,G2 G6 G12 G17 G19 G24 G28 R12 R13 R22 R23 R24,3D,Yes,1.7,0.9
367,./unit1/camera_data/image_BS1_2216_00_45_44.jpg,./unit1/mmWave_data/mmWave_power_366.txt,./unit1/GPS_data/gps_location.txt,./unit2/GPS_data/gps_location_366.txt,,28,4,['00-45-44-222'],1,17,G2 G6 G12 G17 G19 G24 G28 R12 R13 R22 R23 R24 E13 E15 E21 E27 E30,3D,Yes,1.5,0.8
368,./unit1/camera_data/image_BS1_2217_00_45_44.jpg,./unit1/mmWave_data/mmWave_power_367.txt,./unit1/GPS_data/gps_location.txt,./unit2/GPS_data/gps_location_367.txt,,26,4,['00-45-44-333'],1,22,G2 G6 G12 G17 G19 G24 G28 R12 R13 R22 R23 R24 E13 E15 E21 E27 E30 B11 B12 B24 B25 B26,3D,Yes,1.5,0.8
369,./unit1/camera_data/image_BS1_2218_00_45_44.jpg,./unit1/mmWave_data/mmWave_power_368.txt,./unit1/GPS_data/gps_location.txt,./unit2/GPS_data/gps_location_368.txt,,26,4,['00-45-44-444'],1,17,G2 G6 G12 G17 G19 G24 G28 R12 R13 R22 R23 R24 E13 E15 E21 E27 E30,3D,Yes,1.5,0.8
370,./unit1/camera_data/image_BS1_2219_00_45_44.jpg,./unit1/mmWave_data/mmWave_power_369.txt,./unit1/GPS_data/gps_location.txt,./unit2/GPS_data/gps_location_369.txt,,25,4,['00-45-44-555'],1,17,G2 G6 G12 G17 G19 G24 G28 R12 R13 R22 R23 R24 E13 E15 E21 E27 E30,3D,Yes,1.4,0.7
371,./unit1/camera_data/image_BS1_2220_00_45_44.jpg,./unit1/mmWave_data/mmWave_power_370.txt,./unit1/GPS_data/gps_location.txt,./unit2/GPS_data/gps_location_370.txt,,23,4,['00-45-44-666'],1,17,G2 G6 G12 G17 G19 G24 G28 R12 R13 R22 R23 R24 E13 E15 E21 E27 E30,3D,Yes,1.4,0.7
372,./unit1/camera_data/image_BS1_2221_00_45_44.jpg,./unit1/mmWave_data/mmWave_power_371.txt,./unit1/GPS_data/gps_location.txt,./unit2/GPS_data/gps_location_371.txt,,22,4,['00-45-44-777'],1,12,G2 G6 G12 G17 G19 G24 G28 R12 R13 R22 R23 R24,3D,Yes,1.5,0.8
373,./unit1/camera_data/image_BS1_2222_00_45_44.jpg,./unit1/mmWave_data/mmWave_power_372.txt,./unit1/GPS_data/gps_location.txt,./unit2/GPS_data/gps_location_372.txt,,22,4,['00-45-44-888'],1,17,G2 G6 G12 G17 G19 G24 G28 R12 R13 R22 R23 R24 E13 E15 E21 E27 E30,3D,Yes,1.5,0.8
374,./unit1/camera_data/image_BS1_2223_00_45_45.jpg,./unit1/mmWave_data/mmWave_power_373.txt,./unit1/GPS_data/gps_location.txt,./unit2/GPS_data/gps_location_373.txt,,20,4,['00-45-45-0'],1,17,G2 G6 G12 G17 G19 G24 G28 R12 R13 R22 R23 R24 E13 E15 E21 E27 E30,3D,Yes,1.5,0.8
375,./unit1/camera_data/image_BS1_2224_00_45_45.jpg,./unit1/mmWave_data/mmWave_power_374.txt,./unit1/GPS_data/gps_location.txt,./unit2/GPS_data/gps_location_374.txt,,19,4,['00-45-45-125'],1,17,G2 G6 G12 G17 G19 G24 G28 R12 R13 R22 R23 R24 E13 E15 E21 E27 E30,3D,Yes,1.5,0.8
376,./unit1/camera_data/image_BS1_2225_00_45_45.jpg,./unit1/mmWave_data/mmWave_power_375.txt,./unit1/GPS_data/gps_location.txt,./unit2/GPS_data/gps_location_375.txt,,19,4,['00-45-45-250'],1,17,G2 G6 G12 G17 G19 G24 G28 R12 R13 R22 R23 R24 E13 E15 E21 E27 E30,3D,Yes,1.5,0.8
377,./unit1/camera_data/image_BS1_2226_00_45_45.jpg,./unit1/mmWave_data/mmWave_power_376.txt,./unit1/GPS_data/gps_location.txt,./unit2/GPS_data/gps_location_376.txt,,17,4,['00-45-45-375'],1,17,G2 G6 G12 G17 G19 G24 G28 R12 R13 R22 R23 R24 E13 E15 E21 E27 E30,3D,Yes,1.5,0.8
378,./unit1/camera_data/image_BS1_2227_00_45_45.jpg,./unit1/mmWave_data/mmWave_power_377.txt,./unit1/GPS_data/gps_location.txt,./unit2/GPS_data/gps_location_377.txt,,16,4,['00-45-45-500'],1,7,G2 G6 G12 G17 G19 G24 G28,3D,Yes,1.5,0.8
379,./unit1/camera_data/image_BS1_2228_00_45_45.jpg,./unit1/mmWave_data/mmWave_power_378.txt,./unit1/GPS_data/gps_location.txt,./unit2/GPS_data/gps_location_378.txt,,14,4,['00-45-45-625'],1,12,G2 G6 G12 G17 G19 G24 G28 R12 R13 R22 R23 R24,3D,Yes,1.5,0.8
380,./unit1/camera_data/image_BS1_2229_00_45_45.jpg,./unit1/mmWave_data/mmWave_power_379.txt,./unit1/GPS_data/gps_location.txt,./unit2/GPS_data/gps_location_379.txt,,13,4,['00-45-45-750'],1,17,G2 G6 G12 G17 G19 G24 G28 R12 R13 R22 R23 R24 E13 E15 E21 E27 E30,3D,Yes,1.5,0.8
381,./unit1/camera_data/image_BS1_2230_00_45_45.jpg,./unit1/mmWave_data/mmWave_power_380.txt,./unit1/GPS_data/gps_location.txt,./unit2/GPS_data/gps_location_380.txt,,13,4,['00-45-45-875'],1,17,G2 G6 G12 G17 G19 G24 G28 R12 R13 R22 R23 R24 E13 E15 E21 E27 E30,3D,Yes,1.5,0.8
382,./unit1/camera_data/image_BS1_2231_00_45_46.jpg,./unit1/mmWave_data/mmWave_power_381.txt,./unit1/GPS_data/gps_location.txt,./unit2/GPS_data/gps_location_381.txt,,10,4,['00-45-46-0'],1,22,G2 G6 G12 G17 G19 G24 G28 R12 R13 R22 R23 R24 E13 E15 E21 E27 E30 B11 B12 B24 B25 B26,3D,Yes,1.5,0.8
383,./unit1/camera_data/image_BS1_2232_00_45_46.jpg,./unit1/mmWave_data/mmWave_power_382.txt,./unit1/GPS_data/gps_location.txt,./unit2/GPS_data/gps_location_382.txt,,10,4,['00-45-46-142'],1,12,G2 G6 G12 G17 G19 G24 G28 R12 R13 R22 R23 R24,3D,Yes,1.6,0.8
384,./unit1/camera_data/image_BS1_2233_00_45_46.jpg,./unit1/mmWave_data/mmWave_power_383.txt,./unit1/GPS_data/gps_location.txt,./unit2/GPS_data/gps_location_383.txt,,8,4,['00-45-46-284'],1,17,G2 G6 G12 G17 G19 G24 G28 R12 R13 R22 R23 R24 E13 E15 E21 E27 E30,3D,Yes,1.5,0.8
385,./unit1/camera_data/image_BS1_2234_00_45_46.jpg,./unit1/mmWave_data/mmWave_power_384.txt,./unit1/GPS_data/gps_location.txt,./unit2/GPS_data/gps_location_384.txt,,7,4,['00-45-46-426'],1,17,G2 G6 G12 G17 G19 G24 G28 R12 R13 R22 R23 R24 E13 E15 E21 E27 E30,3D,Yes,1.5,0.8
386,./unit1/camera_data/image_BS1_2235_00_45_46.jpg,./unit1/mmWave_data/mmWave_power_385.txt,./unit1/GPS_data/gps_location.txt,./unit2/GPS_data/gps_location_385.txt,,4,4,['00-45-46-568'],1,17,G2 G6 G12 G17 G19 G24 G28 R12 R13 R22 R23 R24 E13 E15 E21 E27 E30,3D,Yes,1.9,0.9
387,./unit1/camera_data/image_BS1_2236_00_45_46.jpg,./unit1/mmWave_data/mmWave_power_386.txt,./unit1/GPS_data/gps_location.txt,./unit2/GPS_data/gps_location_386.txt,,4,4,['00-45-46-710'],1,12,G2 G6 G12 G17 G19 G24 G28 R12 R13 R22 R23 R24,3D,Yes,1.9,0.9
388,./unit1/camera_data/image_BS1_2237_00_45_46.jpg,./unit1/mmWave_data/mmWave_power_387.txt,./unit1/GPS_data/gps_location.txt,./unit2/GPS_data/gps_location_387.txt,,5,4,['00-45-46-852'],1,12,G2 G6 G12 G17 G19 G24 G28 R12 R13 R22 R23 R24,3D,Yes,1.9,0.9
389,./unit1/camera_data/image_BS1_2238_00_45_47.jpg,./unit1/mmWave_data/mmWave_power_388.txt,./unit1/GPS_data/gps_location.txt,./unit2/GPS_data/gps_location_388.txt,,5,4,['00-45-47-0'],1,12,G2 G6 G12 G17 G19 G24 G28 R12 R13 R22 R23 R24,3D,Yes,1.9,0.9
390,./unit1/camera_data/image_BS1_2239_00_45_47.jpg,./unit1/mmWave_data/mmWave_power_389.txt,./unit1/GPS_data/gps_location.txt,./unit2/GPS_data/gps_location_389.txt,,3,4,['00-45-47-250'],1,12,G2 G6 G12 G17 G19 G24 G28 R12 R13 R22 R23 R24,3D,Yes,1.9,0.9
391,./unit1/camera_data/image_BS1_2240_00_45_47.jpg,./unit1/mmWave_data/mmWave_power_390.txt,./unit1/GPS_data/gps_location.txt,./unit2/GPS_data/gps_location_390.txt,,2,4,['00-45-47-500'],1,17,G2 G6 G12 G17 G19 G24 G28 R12 R13 R22 R23 R24 E13 E15 E21 E27 E30,3D,Yes,1.9,0.9
392,./unit1/camera_data/image_BS1_2241_00_45_47.jpg,./unit1/mmWave_data/mmWave_power_391.txt,./unit1/GPS_data/gps_location.txt,./unit2/GPS_data/gps_location_391.txt,,2,4,['00-45-47-750'],1,17,G2 G6 G12 G17 G19 G24 G28 R12 R13 R22 R23 R24 E13 E15 E21 E27 E30,3D,Yes,1.9,0.9
393,./unit1/camera_data/image_BS1_2601_00_46_31.jpg,./unit1/mmWave_data/mmWave_power_392.txt,./unit1/GPS_data/gps_location.txt,./unit2/GPS_data/gps_location_392.txt,,2,5,['00-46-31-0'],0,17,G2 G6 G12 G17 G19 G24 G28 R12 R13 R22 R23 R24 E13 E15 E21 E27 E30,3D,Yes,1.5,0.8
394,./unit1/camera_data/image_BS1_2602_00_46_31.jpg,./unit1/mmWave_data/mmWave_power_393.txt,./unit1/GPS_data/gps_location.txt,./unit2/GPS_data/gps_location_393.txt,,2,5,['00-46-31-166'],0,17,G2 G6 G12 G17 G19 G24 G28 R12 R13 R22 R23 R24 E13 E15 E21 E27 E30,3D,Yes,1.3,0.7
395,./unit1/camera_data/image_BS1_2603_00_46_31.jpg,./unit1/mmWave_data/mmWave_power_394.txt,./unit1/GPS_data/gps_location.txt,./unit2/GPS_data/gps_location_394.txt,,2,5,['00-46-31-332'],0,17,G2 G6 G12 G17 G19 G24 G28 R12 R13 R22 R23 R24 E13 E15 E21 E27 E30,3D,Yes,1.3,0.7
396,./unit1/camera_data/image_BS1_2604_00_46_31.jpg,./unit1/mmWave_data/mmWave_power_395.txt,./unit1/GPS_data/gps_location.txt,./unit2/GPS_data/gps_location_395.txt,,17,5,['00-46-31-498'],0,17,G2 G6 G12 G17 G19 G24 G28 R12 R13 R22 R23 R24 E13 E15 E21 E27 E30,3D,Yes,1.3,0.7
397,./unit1/camera_data/image_BS1_2605_00_46_31.jpg,./unit1/mmWave_data/mmWave_power_396.txt,./unit1/GPS_data/gps_location.txt,./unit2/GPS_data/gps_location_396.txt,,38,5,['00-46-31-664'],0,17,G2 G6 G12 G17 G19 G24 G28 R12 R13 R22 R23 R24 E13 E15 E21 E27 E30,3D,Yes,1.3,0.7
398,./unit1/camera_data/image_BS1_2606_00_46_31.jpg,./unit1/mmWave_data/mmWave_power_397.txt,./unit1/GPS_data/gps_location.txt,./unit2/GPS_data/gps_location_397.txt,,3,5,['00-46-31-830'],0,17,G2 G6 G12 G17 G19 G24 G28 R12 R13 R22 R23 R24 E13 E15 E21 E27 E30,3D,Yes,1.3,0.7
399,./unit1/camera_data/image_BS1_2607_00_46_32.jpg,./unit1/mmWave_data/mmWave_power_398.txt,./unit1/GPS_data/gps_location.txt,./unit2/GPS_data/gps_location_398.txt,,2,5,['00-46-32-0'],0,17,G2 G6 G12 G17 G19 G24 G28 R12 R13 R22 R23 R24 E13 E15 E21 E27 E30,3D,Yes,1.3,0.7
400,./unit1/camera_data/image_BS1_2608_00_46_32.jpg,./unit1/mmWave_data/mmWave_power_399.txt,./unit1/GPS_data/gps_location.txt,./unit2/GPS_data/gps_location_399.txt,,4,5,['00-46-32-125'],0,12,G2 G6 G12 G17 G19 G24 G28 R12 R13 R22 R23 R24,3D,Yes,1.5,0.8
401,./unit1/camera_data/image_BS1_2609_00_46_32.jpg,./unit1/mmWave_data/mmWave_power_400.txt,./unit1/GPS_data/gps_location.txt,./unit2/GPS_data/gps_location_400.txt,,4,5,['00-46-32-250'],0,12,G2 G6 G12 G17 G19 G24 G28 R12 R13 R22 R23 R24,3D,Yes,1.1,0.6
402,./unit1/camera_data/image_BS1_2610_00_46_32.jpg,./unit1/mmWave_data/mmWave_power_401.txt,./unit1/GPS_data/gps_location.txt,./unit2/GPS_data/gps_location_401.txt,,4,5,['00-46-32-375'],0,12,G2 G6 G12 G17 G19 G24 G28 R12 R13 R22 R23 R24,3D,Yes,1.1,0.6
403,./unit1/camera_data/image_BS1_2611_00_46_32.jpg,./unit1/mmWave_data/mmWave_power_402.txt,./unit1/GPS_data/gps_location.txt,./unit2/GPS_data/gps_location_402.txt,,6,5,['00-46-32-500'],0,12,G2 G6 G12 G17 G19 G24 G28 R12 R13 R22 R23 R24,3D,Yes,1.1,0.6
404,./unit1/camera_data/image_BS1_2612_00_46_32.jpg,./unit1/mmWave_data/mmWave_power_403.txt,./unit1/GPS_data/gps_location.txt,./unit2/GPS_data/gps_location_403.txt,,6,5,['00-46-32-625'],0,17,G2 G6 G12 G17 G19 G24 G28 R12 R13 R22 R23 R24 E13 E15 E21 E27 E30,3D,Yes,1.1,0.6
405,./unit1/camera_data/image_BS1_2613_00_46_32.jpg,./unit1/mmWave_data/mmWave_power_404.txt,./unit1/GPS_data/gps_location.txt,./unit2/GPS_data/gps_location_404.txt,,5,5,['00-46-32-750'],0,12,G2 G6 G12 G17 G19 G24 G28 R12 R13 R22 R23 R24,3D,Yes,1.1,0.6
406,./unit1/camera_data/image_BS1_2614_00_46_32.jpg,./unit1/mmWave_data/mmWave_power_405.txt,./unit1/GPS_data/gps_location.txt,./unit2/GPS_data/gps_location_405.txt,,5,5,['00-46-32-875'],0,22,G2 G6 G12 G17 G19 G24 G28 R12 R13 R22 R23 R24 E13 E15 E21 E27 E30 B11 B12 B24 B25 B26,3D,Yes,1.1,0.6
407,./unit1/camera_data/image_BS1_2615_00_46_33.jpg,./unit1/mmWave_data/mmWave_power_406.txt,./unit1/GPS_data/gps_location.txt,./unit2/GPS_data/gps_location_406.txt,,6,5,['00-46-33-0'],0,12,G2 G6 G12 G17 G19 G24 G28 R12 R13 R22 R23 R24,3D,Yes,1.1,0.6
408,./unit1/camera_data/image_BS1_2616_00_46_33.jpg,./unit1/mmWave_data/mmWave_power_407.txt,./unit1/GPS_data/gps_location.txt,./unit2/GPS_data/gps_location_407.txt,,6,5,['00-46-33-142'],0,17,G2 G6 G12 G17 G19 G24 G28 R12 R13 R22 R23 R24 E13 E15 E21 E27 E30,3D,Yes,1.1,0.6
409,./unit1/camera_data/image_BS1_2617_00_46_33.jpg,./unit1/mmWave_data/mmWave_power_408.txt,./unit1/GPS_data/gps_location.txt,./unit2/GPS_data/gps_location_408.txt,,6,5,['00-46-33-284'],0,17,G2 G6 G12 G17 G19 G24 G28 R12 R13 R22 R23 R24 E13 E15 E21 E27 E30,3D,Yes,1.1,0.6
410,./unit1/camera_data/image_BS1_2618_00_46_33.jpg,./unit1/mmWave_data/mmWave_power_409.txt,./unit1/GPS_data/gps_location.txt,./unit2/GPS_data/gps_location_409.txt,,7,5,['00-46-33-426'],0,22,G2 G6 G12 G17 G19 G24 G28 R12 R13 R22 R23 R24 E13 E15 E21 E27 E30 B11 B12 B24 B25 B26,3D,Yes,1.1,0.6
411,./unit1/camera_data/image_BS1_2619_00_46_33.jpg,./unit1/mmWave_data/mmWave_power_410.txt,./unit1/GPS_data/gps_location.txt,./unit2/GPS_data/gps_location_410.txt,,6,5,['00-46-33-568'],0,12,G2 G6 G12 G17 G19 G24 G28 R12 R13 R22 R23 R24,3D,Yes,1.3,0.7
412,./unit1/camera_data/image_BS1_2620_00_46_33.jpg,./unit1/mmWave_data/mmWave_power_411.txt,./unit1/GPS_data/gps_location.txt,./unit2/GPS_data/gps_location_411.txt,,8,5,['00-46-33-710'],0,22,G2 G6 G12 G17 G19 G24 G28 R12 R13 R22 R23 R24 E13 E15 E21 E27 E30 B11 B12 B24 B25 B26,3D,Yes,1.3,0.7
413,./unit1/camera_data/image_BS1_2621_00_46_33.jpg,./unit1/mmWave_data/mmWave_power_412.txt,./unit1/GPS_data/gps_location.txt,./unit2/GPS_data/gps_location_412.txt,,8,5,['00-46-33-852'],0,12,G2 G6 G12 G17 G19 G24 G28 R12 R13 R22 R23 R24,3D,Yes,1.3,0.7
414,./unit1/camera_data/image_BS1_2622_00_46_34.jpg,./unit1/mmWave_data/mmWave_power_413.txt,./unit1/GPS_data/gps_location.txt,./unit2/GPS_data/gps_location_413.txt,,10,5,['00-46-34-0'],0,12,G2 G6 G12 G17 G19 G24 G28 R12 R13 R22 R23 R24,3D,Yes,1.3,0.7
415,./unit1/camera_data/image_BS1_2623_00_46_34.jpg,./unit1/mmWave_data/mmWave_power_414.txt,./unit1/GPS_data/gps_location.txt,./unit2/GPS_data/gps_location_414.txt,,10,5,['00-46-34-125'],0,17,G2 G6 G12 G17 G19 G24 G28 R12 R13 R22 R23 R24 E13 E15 E21 E27 E30,3D,Yes,1.3,0.7
416,./unit1/camera_data/image_BS1_2624_00_46_34.jpg,./unit1/mmWave_data/mmWave_power_415.txt,./unit1/GPS_data/gps_location.txt,./unit2/GPS_data/gps_location_415.txt,,10,5,['00-46-34-250'],0,17,G2 G6 G12 G17 G19 G24 G28 R12 R13 R22 R23 R24 E13 E15 E21 E27 E30,3D,Yes,1.3,0.7
417,./unit1/camera_data/image_BS1_2625_00_46_34.jpg,./unit1/mmWave_data/mmWave_power_416.txt,./unit1/GPS_data/gps_location.txt,./unit2/GPS_data/gps_location_416.txt,,10,5,['00-46-34-375'],0,22,G2 G6 G12 G17 G19 G24 G28 R12 R13 R22 R23 R24 E13 E15 E21 E27 E30 B11 B12 B24 B25 B26,3D,Yes,1.3,0.7
418,./unit1/camera_data/image_BS1_2626_00_46_34.jpg,./unit1/mmWave_data/mmWave_power_417.txt,./unit1/GPS_data/gps_location.txt,./unit2/GPS_data/gps_location_417.txt,,11,5,['00-46-34-500'],0,12,G2 G6 G12 G17 G19 G24 G28 R12 R13 R22 R23 R24,3D,Yes,1.3,0.7
419,./unit1/camera_data/image_BS1_2627_00_46_34.jpg,./unit1/mmWave_data/mmWave_power_418.txt,./unit1/GPS_data/gps_location.txt,./unit2/GPS_data/gps_location_418.txt,,11,5,['00-46-34-625'],0,12,G2 G6 G12 G17 G19 G24 G28 R12 R13 R22 R23 R24,3D,Yes,1.3,0.7
420,./unit1/camera_data/image_BS1_2628_00_46_34.jpg,./unit1/mmWave_data/mmWave_power_419.txt,./unit1/GPS_data/gps_location.txt,./unit2/GPS_data/gps_location_419.txt,,11,5,['00-46-34-750'],0,12,G2 G6 G12 G17 G19 G24 G28 R12 R13 R22 R23 R24,3D,Yes,1.3,0.7
421,./unit1/camera_data/image_BS1_2629_00_46_34.jpg,./unit1/mmWave_data/mmWave_power_420.txt,./unit1/GPS_data/gps_location.txt,./unit2/GPS_data/gps_location_420.txt,,13,5,['00-46-34-875'],0,22,G2 G6 G12 G17 G19 G24 G28 R12 R13 R22 R23 R24 E13 E15 E21 E27 E30 B11 B12 B24 B25 B26,3D,Yes,1.3,0.7
422,./unit1/camera_data/image_BS1_2630_00_46_35.jpg,./unit1/mmWave_data/mmWave_power_421.txt,./unit1/GPS_data/gps_location.txt,./unit2/GPS_data/gps_location_421.txt,,13,5,['00-46-35-0'],0,12,G2 G6 G12 G17 G19 G24 G28 R12 R13 R22 R23 R24,3D,Yes,1.3,0.7
423,./unit1/camera_data/image_BS1_2631_00_46_35.jpg,./unit1/mmWave_data/mmWave_power_422.txt,./unit1/GPS_data/gps_location.txt,./unit2/GPS_data/gps_location_422.txt,,13,5,['00-46-35-111'],0,12,G2 G6 G12 G17 G19 G24 G28 R12 R13 R22 R23 R24,3D,Yes,1.3,0.7
424,./unit1/camera_data/image_BS1_2632_00_46_35.jpg,./unit1/mmWave_data/mmWave_power_423.txt,./unit1/GPS_data/gps_location.txt,./unit2/GPS_data/gps_location_423.txt,,13,5,['00-46-35-222'],0,17,G2 G6 G12 G17 G19 G24 G28 R12 R13 R22 R23 R24 E13 E15 E21 E27 E30,3D,Yes,1.3,0.7
425,./unit1/camera_data/image_BS1_2633_00_46_35.jpg,./unit1/mmWave_data/mmWave_power_424.txt,./unit1/GPS_data/gps_location.txt,./unit2/GPS_data/gps_location_424.txt,,13,5,['00-46-35-333'],0,22,G2 G6 G12 G17 G19 G24 G28 R12 R13 R22 R23 R24 E13 E15 E21 E27 E30 B11 B12 B24 B25 B26,3D,Yes,1.3,0.7
426,./unit1/camera_data/image_BS1_2634_00_46_35.jpg,./unit1/mmWave_data/mmWave_power_425.txt,./unit1/GPS_data/gps_location.txt,./unit2/GPS_data/gps_location_425.txt,,14,5,['00-46-35-444'],0,12,G2 G6 G12 G17 G19 G24 G28 R12 R13 R22 R23 R24,3D,Yes,1.3,0.7
427,./unit1/camera_data/image_BS1_2635_00_46_35.jpg,./unit1/mmWave_data/mmWave_power_426.txt,./unit1/GPS_data/gps_location.txt,./unit2/GPS_data/gps_location_426.txt,,13,5,['00-46-35-555'],0,17,G2 G6 G12 G17 G19 G24 G28 R12 R13 R22 R23 R24 E13 E15 E21 E27 E30,3D,Yes,1.3,0.7
428,./unit1/camera_data/image_BS1_2636_00_46_35.jpg,./unit1/mmWave_data/mmWave_power_427.txt,./unit1/GPS_data/gps_location.txt,./unit2/GPS_data/gps_location_427.txt,,13,5,['00-46-35-666'],0,17,G2 G6 G12 G17 G19 G24 G28 R12 R13 R22 R23 R24 E13 E15 E21 E27 E30,3D,Yes,1.3,0.7
429,./unit1/camera_data/image_BS1_2637_00_46_35.jpg,./unit1/mmWave_data/mmWave_power_428.txt,./unit1/GPS_data/gps_location.txt,./unit2/GPS_data/gps_location_428.txt,,15,5,['00-46-35-777'],0,12,G2 G6 G12 G17 G19 G24 G28 R12 R13 R22 R23 R24,3D,Yes,1.3,0.7
430,./unit1/camera_data/image_BS1_2638_00_46_35.jpg,./unit1/mmWave_data/mmWave_power_429.txt,./unit1/GPS_data/gps_location.txt,./unit2/GPS_data/gps_location_429.txt,,16,5,['00-46-35-888'],0,17,G2 G6 G12 G17 G19 G24 G28 R12 R13 R22 R23 R24 E13 E15 E21 E27 E30,3D,Yes,1.3,0.7
431,./unit1/camera_data/image_BS1_2639_00_46_36.jpg,./unit1/mmWave_data/mmWave_power_430.txt,./unit1/GPS_data/gps_location.txt,./unit2/GPS_data/gps_location_430.txt,,16,5,['00-46-36-0'],0,17,G2 G6 G12 G17 G19 G24 G28 R12 R13 R22 R23 R24 E13 E15 E21 E27 E30,3D,Yes,1.3,0.7
432,./unit1/camera_data/image_BS1_2640_00_46_36.jpg,./unit1/mmWave_data/mmWave_power_431.txt,./unit1/GPS_data/gps_location.txt,./unit2/GPS_data/gps_location_431.txt,,15,5,['00-46-36-200'],0,17,G2 G6 G12 G17 G19 G24 G28 R12 R13 R22 R23 R24 E13 E15 E21 E27 E30,3D,Yes,1.3,0.7
433,./unit1/camera_data/image_BS1_2641_00_46_36.jpg,./unit1/mmWave_data/mmWave_power_432.txt,./unit1/GPS_data/gps_location.txt,./unit2/GPS_data/gps_location_432.txt,,16,5,['00-46-36-400'],0,22,G2 G6 G12 G17 G19 G24 G28 R12 R13 R22 R23 R24 E13 E15 E21 E27 E30 B11 B12 B24 B25 B26,3D,Yes,1.3,0.7
434,./unit1/camera_data/image_BS1_2642_00_46_36.jpg,./unit1/mmWave_data/mmWave_power_433.txt,./unit1/GPS_data/gps_location.txt,./unit2/GPS_data/gps_location_433.txt,,16,5,['00-46-36-600'],0,12,G2 G6 G12 G17 G19 G24 G28 R12 R13 R22 R23 R24,3D,Yes,1.3,0.7
435,./unit1/camera_data/image_BS1_2643_00_46_36.jpg,./unit1/mmWave_data/mmWave_power_434.txt,./unit1/GPS_data/gps_location.txt,./unit2/GPS_data/gps_location_434.txt,,17,5,['00-46-36-800'],0,7,G2 G6 G12 G17 G19 G24 G28,3D,Yes,1.3,0.7
436,./unit1/camera_data/image_BS1_2644_00_46_37.jpg,./unit1/mmWave_data/mmWave_power_435.txt,./unit1/GPS_data/gps_location.txt,./unit2/GPS_data/gps_location_435.txt,,17,5,['00-46-37-0'],0,17,G2 G6 G12 G17 G19 G24 G28 R12 R13 R22 R23 R24 E13 E15 E21 E27 E30,3D,Yes,1.3,0.7
437,./unit1/camera_data/image_BS1_2645_00_46_37.jpg,./unit1/mmWave_data/mmWave_power_436.txt,./unit1/GPS_data/gps_location.txt,./unit2/GPS_data/gps_location_436.txt,,19,5,['00-46-37-125'],0,17,G2 G6 G12 G17 G19 G24 G28 R12 R13 R22 R23 R24 E13 E15 E21 E27 E30,3D,Yes,1.3,0.7
438,./unit1/camera_data/image_BS1_2646_00_46_37.jpg,./unit1/mmWave_data/mmWave_power_437.txt,./unit1/GPS_data/gps_location.txt,./unit2/GPS_data/gps_location_437.txt,,19,5,['00-46-37-250'],0,22,G2 G6 G12 G17 G19 G24 G28 R12 R13 R22 R23 R24 E13 E15 E21 E27 E30 B11 B12 B24 B25 B26,3D,Yes,1.3,0.7
439,./unit1/camera_data/image_BS1_2647_00_46_37.jpg,./unit1/mmWave_data/mmWave_power_438.txt,./unit1/GPS_data/gps_location.txt,./unit2/GPS_data/gps_location_438.txt,,19,5,['00-46-37-375'],0,17,G2 G6 G12 G17 G19 G24 G28 R12 R13 R22 R23 R24 E13 E15 E21 E27 E30,3D,Yes,1.1,0.7
440,./unit1/camera_data/image_BS1_2648_00_46_37.jpg,./unit1/mmWave_data/mmWave_power_439.txt,./unit1/GPS_data/gps_location.txt,./unit2/GPS_data/gps_location_439.txt,,19,5,['00-46-37-500'],0,17,G2 G6 G12 G17 G19 G24 G28 R12 R13 R22 R23 R24 E13 E15 E21 E27 E30,3D,Yes,1.1,0.7
441,./unit1/camera_data/image_BS1_2649_00_46_37.jpg,./unit1/mmWave_data/mmWave_power_440.txt,./unit1/GPS_data/gps_location.txt,./unit2/GPS_data/gps_location_440.txt,,20,5,['00-46-37-625'],0,17,G2 G6 G12 G17 G19 G24 G28 R12 R13 R22 R23 R24 E13 E15 E21 E27 E30,3D,Yes,1.3,0.7
442,./unit1/camera_data/image_BS1_2650_00_46_37.jpg,./unit1/mmWave_data/mmWave_power_441.txt,./unit1/GPS_data/gps_location.txt,./unit2/GPS_data/gps_location_441.txt,,20,5,['00-46-37-750'],0,17,G2 G6 G12 G17 G19 G24 G28 R12 R13 R22 R23 R24 E13 E15 E21 E27 E30,3D,Yes,1.3,0.7
443,./unit1/camera_data/image_BS1_2651_00_46_37.jpg,./unit1/mmWave_data/mmWave_power_442.txt,./unit1/GPS_data/gps_location.txt,./unit2/GPS_data/gps_location_442.txt,,20,5,['00-46-37-875'],0,12,G2 G6 G12 G17 G19 G24 G28 R12 R13 R22 R23 R24,3D,Yes,1.3,0.7
444,./unit1/camera_data/image_BS1_2652_00_46_38.jpg,./unit1/mmWave_data/mmWave_power_443.txt,./unit1/GPS_data/gps_location.txt,./unit2/GPS_data/gps_location_443.txt,,20,5,['00-46-38-0'],0,17,G2 G6 G12 G17 G19 G24 G28 R12 R13 R22 R23 R24 E13 E15 E21 E27 E30,3D,Yes,1.3,0.7
445,./unit1/camera_data/image_BS1_2653_00_46_38.jpg,./unit1/mmWave_data/mmWave_power_444.txt,./unit1/GPS_data/gps_location.txt,./unit2/GPS_data/gps_location_444.txt,,20,5,['00-46-38-111'],0,12,G2 G6 G12 G17 G19 G24 G28 R12 R13 R22 R23 R24,3D,Yes,1.3,0.7
446,./unit1/camera_data/image_BS1_2654_00_46_38.jpg,./unit1/mmWave_data/mmWave_power_445.txt,./unit1/GPS_data/gps_location.txt,./unit2/GPS_data/gps_location_445.txt,,21,5,['00-46-38-222'],0,17,G2 G6 G12 G17 G19 G24 G28 R12 R13 R22 R23 R24 E13 E15 E21 E27 E30,3D,Yes,1.3,0.7
447,./unit1/camera_data/image_BS1_2655_00_46_38.jpg,./unit1/mmWave_data/mmWave_power_446.txt,./unit1/GPS_data/gps_location.txt,./unit2/GPS_data/gps_location_446.txt,,21,5,['00-46-38-333'],0,17,G2 G6 G12 G17 G19 G24 G28 R12 R13 R22 R23 R24 E13 E15 E21 E27 E30,3D,Yes,1.3,0.7
448,./unit1/camera_data/image_BS1_2656_00_46_38.jpg,./unit1/mmWave_data/mmWave_power_447.txt,./unit1/GPS_data/gps_location.txt,./unit2/GPS_data/gps_location_447.txt,,21,5,['00-46-38-444'],0,17,G2 G6 G12 G17 G19 G24 G28 R12 R13 R22 R23 R24 E13 E15 E21 E27 E30,3D,Yes,1.3,0.7
449,./unit1/camera_data/image_BS1_2657_00_46_38.jpg,./unit1/mmWave_data/mmWave_power_448.txt,./unit1/GPS_data/gps_location.txt,./unit2/GPS_data/gps_location_448.txt,,21,5,['00-46-38-555'],0,17,G2 G6 G12 G17 G19 G24 G28 R12 R13 R22 R23 R24 E13 E15 E21 E27 E30,3D,Yes,1.3,0.7
450,./unit1/camera_data/image_BS1_2658_00_46_38.jpg,./unit1/mmWave_data/mmWave_power_449.txt,./unit1/GPS_data/gps_location.txt,./unit2/GPS_data/gps_location_449.txt,,22,5,['00-46-38-666'],0,12,G2 G6 G12 G17 G19 G24 G28 R12 R13 R22 R23 R24,3D,Yes,1.3,0.7
451,./unit1/camera_data/image_BS1_2659_00_46_38.jpg,./unit1/mmWave_data/mmWave_power_450.txt,./unit1/GPS_data/gps_location.txt,./unit2/GPS_data/gps_location_450.txt,,21,5,['00-46-38-777'],0,12,G2 G6 G12 G17 G19 G24 G28 R12 R13 R22 R23 R24,3D,Yes,1.3,0.7
452,./unit1/camera_data/image_BS1_2660_00_46_38.jpg,./unit1/mmWave_data/mmWave_power_451.txt,./unit1/GPS_data/gps_location.txt,./unit2/GPS_data/gps_location_451.txt,,21,5,['00-46-38-888'],0,17,G2 G6 G12 G17 G19 G24 G28 R12 R13 R22 R23 R24 E13 E15 E21 E27 E30,3D,Yes,1.3,0.7
453,./unit1/camera_data/image_BS1_2661_00_46_39.jpg,./unit1/mmWave_data/mmWave_power_452.txt,./unit1/GPS_data/gps_location.txt,./unit2/GPS_data/gps_location_452.txt,,21,5,['00-46-39-0'],0,17,G2 G6 G12 G17 G19 G24 G28 R12 R13 R22 R23 R24 E13 E15 E21 E27 E30,3D,Yes,1.3,0.7
454,./unit1/camera_data/image_BS1_2662_00_46_39.jpg,./unit1/mmWave_data/mmWave_power_453.txt,./unit1/GPS_data/gps_location.txt,./unit2/GPS_data/gps_location_453.txt,,22,5,['00-46-39-142'],0,17,G2 G6 G12 G17 G19 G24 G28 R12 R13 R22 R23 R24 E13 E15 E21 E27 E30,3D,Yes,1.3,0.7
455,./unit1/camera_data/image_BS1_2663_00_46_39.jpg,./unit1/mmWave_data/mmWave_power_454.txt,./unit1/GPS_data/gps_location.txt,./unit2/GPS_data/gps_location_454.txt,,22,5,['00-46-39-284'],0,22,G2 G6 G12 G17 G19 G24 G28 R12 R13 R22 R23 R24 E13 E15 E21 E27 E30 B11 B12 B24 B25 B26,3D,Yes,1.3,0.7
456,./unit1/camera_data/image_BS1_2664_00_46_39.jpg,./unit1/mmWave_data/mmWave_power_455.txt,./unit1/GPS_data/gps_location.txt,./unit2/GPS_data/gps_location_455.txt,,22,5,['00-46-39-426'],0,17,G2 G6 G12 G17 G19 G24 G28 R12 R13 R22 R23 R24 E13 E15 E21 E27 E30,3D,Yes,1.3,0.7
457,./unit1/camera_data/image_BS1_2665_00_46_39.jpg,./unit1/mmWave_data/mmWave_power_456.txt,./unit1/GPS_data/gps_location.txt,./unit2/GPS_data/gps_location_456.txt,,22,5,['00-46-39-568'],0,17,G2 G6 G12 G17 G19 G24 G28 R12 R13 R22 R23 R24 E13 E15 E21 E27 E30,3D,Yes,1.3,0.7
458,./unit1/camera_data/image_BS1_2666_00_46_39.jpg,./unit1/mmWave_data/mmWave_power_457.txt,./unit1/GPS_data/gps_location.txt,./unit2/GPS_data/gps_location_457.txt,,22,5,['00-46-39-710'],0,12,G2 G6 G12 G17 G19 G24 G28 R12 R13 R22 R23 R24,3D,Yes,1.3,0.7
459,./unit1/camera_data/image_BS1_2667_00_46_39.jpg,./unit1/mmWave_data/mmWave_power_458.txt,./unit1/GPS_data/gps_location.txt,./unit2/GPS_data/gps_location_458.txt,,22,5,['00-46-39-852'],0,17,G2 G6 G12 G17 G19 G24 G28 R12 R13 R22 R23 R24 E13 E15 E21 E27 E30,3D,Yes,1.4,0.7
460,./unit1/camera_data/image_BS1_2668_00_46_40.jpg,./unit1/mmWave_data/mmWave_power_459.txt,./unit1/GPS_data/gps_location.txt,./unit2/GPS_data/gps_location_459.txt,,23,5,['00-46-40-0'],0,17,G2 G6 G12 G17 G19 G24 G28 R12 R13 R22 R23 R24 E13 E15 E21 E27 E30,3D,Yes,1.4,0.7
461,./unit1/camera_data/image_BS1_2669_00_46_40.jpg,./unit1/mmWave_data/mmWave_power_460.txt,./unit1/GPS_data/gps_location.txt,./unit2/GPS_data/gps_location_460.txt,,22,5,['00-46-40-166'],0,17,G2 G6 G12 G17 G19 G24 G28 R12 R13 R22 R23 R24 E13 E15 E21 E27 E30,3D,Yes,1.3,0.7
462,./unit1/camera_data/image_BS1_2670_00_46_40.jpg,./unit1/mmWave_data/mmWave_power_461.txt,./unit1/GPS_data/gps_location.txt,./unit2/GPS_data/gps_location_461.txt,,23,5,['00-46-40-332'],0,17,G2 G6 G12 G17 G19 G24 G28 R12 R13 R22 R23 R24 E13 E15 E21 E27 E30,3D,Yes,1.3,0.7
463,./unit1/camera_data/image_BS1_2671_00_46_40.jpg,./unit1/mmWave_data/mmWave_power_462.txt,./unit1/GPS_data/gps_location.txt,./unit2/GPS_data/gps_location_462.txt,,26,5,['00-46-40-498'],0,17,G2 G6 G12 G17 G19 G24 G28 R12 R13 R22 R23 R24 E13 E15 E21 E27 E30,3D,Yes,1.3,0.7
464,./unit1/camera_data/image_BS1_2672_00_46_40.jpg,./unit1/mmWave_data/mmWave_power_463.txt,./unit1/GPS_data/gps_location.txt,./unit2/GPS_data/gps_location_463.txt,,26,5,['00-46-40-664'],0,17,G2 G6 G12 G17 G19 G24 G28 R12 R13 R22 R23 R24 E13 E15 E21 E27 E30,3D,Yes,1.3,0.7
465,./unit1/camera_data/image_BS1_2673_00_46_40.jpg,./unit1/mmWave_data/mmWave_power_464.txt,./unit1/GPS_data/gps_location.txt,./unit2/GPS_data/gps_location_464.txt,,26,5,['00-46-40-830'],0,7,G2 G6 G12 G17 G19 G24 G28,3D,Yes,1.3,0.7
466,./unit1/camera_data/image_BS1_2674_00_46_41.jpg,./unit1/mmWave_data/mmWave_power_465.txt,./unit1/GPS_data/gps_location.txt,./unit2/GPS_data/gps_location_465.txt,,26,5,['00-46-41-0'],0,17,G2 G6 G12 G17 G19 G24 G28 R12 R13 R22 R23 R24 E13 E15 E21 E27 E30,3D,Yes,1.3,0.7
467,./unit1/camera_data/image_BS1_2675_00_46_41.jpg,./unit1/mmWave_data/mmWave_power_466.txt,./unit1/GPS_data/gps_location.txt,./unit2/GPS_data/gps_location_466.txt,,26,5,['00-46-41-125'],0,17,G2 G6 G12 G17 G19 G24 G28 R12 R13 R22 R23 R24 E13 E15 E21 E27 E30,3D,Yes,1.3,0.7
468,./unit1/camera_data/image_BS1_2676_00_46_41.jpg,./unit1/mmWave_data/mmWave_power_467.txt,./unit1/GPS_data/gps_location.txt,./unit2/GPS_data/gps_location_467.txt,,28,5,['00-46-41-250'],0,22,G2 G6 G12 G17 G19 G24 G28 R12 R13 R22 R23 R24 E13 E15 E21 E27 E30 B11 B12 B24 B25 B26,3D,Yes,1.3,0.7
469,./unit1/camera_data/image_BS1_2677_00_46_41.jpg,./unit1/mmWave_data/mmWave_power_468.txt,./unit1/GPS_data/gps_location.txt,./unit2/GPS_data/gps_location_468.txt,,28,5,['00-46-41-375'],0,17,G2 G6 G12 G17 G19 G24 G28 R12 R13 R22 R23 R24 E13 E15 E21 E27 E30,3D,Yes,1.3,0.7
470,./unit1/camera_data/image_BS1_2678_00_46_41.jpg,./unit1/mmWave_data/mmWave_power_469.txt,./unit1/GPS_data/gps_location.txt,./unit2/GPS_data/gps_location_469.txt,,28,5,['00-46-41-500'],0,17,G2 G6 G12 G17 G19 G24 G28 R12 R13 R22 R23 R24 E13 E15 E21 E27 E30,3D,Yes,1.3,0.7
471,./unit1/camera_data/image_BS1_2679_00_46_41.jpg,./unit1/mmWave_data/mmWave_power_470.txt,./unit1/GPS_data/gps_location.txt,./unit2/GPS_data/gps_location_470.txt,,28,5,['00-46-41-625'],0,17,G2 G6 G12 G17 G19 G24 G28 R12 R13 R22 R23 R24 E13 E15 E21 E27 E30,3D,Yes,1.4,0.7
472,./unit1/camera_data/image_BS1_2680_00_46_41.jpg,./unit1/mmWave_data/mmWave_power_471.txt,./unit1/GPS_data/gps_location.txt,./unit2/GPS_data/gps_location_471.txt,,29,5,['00-46-41-750'],0,12,G2 G6 G12 G17 G19 G24 G28 R12 R13 R22 R23 R24,3D,Yes,1.4,0.7
473,./unit1/camera_data/image_BS1_2681_00_46_41.jpg,./unit1/mmWave_data/mmWave_power_472.txt,./unit1/GPS_data/gps_location.txt,./unit2/GPS_data/gps_location_472.txt,,29,5,['00-46-41-875'],0,12,G2 G6 G12 G17 G19 G24 G28 R12 R13 R22 R23 R24,3D,Yes,1.3,0.7
474,./unit1/camera_data/image_BS1_2682_00_46_42.jpg,./unit1/mmWave_data/mmWave_power_473.txt,./unit1/GPS_data/gps_location.txt,./unit2/GPS_data/gps_location_473.txt,,31,5,['00-46-42-0'],0,17,G2 G6 G12 G17 G19 G24 G28 R12 R13 R22 R23 R24 E13 E15 E21 E27 E30,3D,Yes,1.3,0.7
475,./unit1/camera_data/image_BS1_2683_00_46_42.jpg,./unit1/mmWave_data/mmWave_power_474.txt,./unit1/GPS_data/gps_location.txt,./unit2/GPS_data/gps_location_474.txt,,32,5,['00-46-42-111'],0,12,G2 G6 G12 G17 G19 G24 G28 R12 R13 R22 R23 R24,3D,Yes,1.3,0.7
476,./unit1/camera_data/image_BS1_2684_00_46_42.jpg,./unit1/mmWave_data/mmWave_power_475.txt,./unit1/GPS_data/gps_location.txt,./unit2/GPS_data/gps_location_475.txt,,33,5,['00-46-42-222'],0,12,G2 G6 G12 G17 G19 G24 G28 R12 R13 R22 R23 R24,3D,Yes,1.3,0.7
477,./unit1/camera_data/image_BS1_2685_00_46_42.jpg,./unit1/mmWave_data/mmWave_power_476.txt,./unit1/GPS_data/gps_location.txt,./unit2/GPS_data/gps_location_476.txt,,33,5,['00-46-42-333'],0,12,G2 G6 G12 G17 G19 G24 G28 R12 R13 R22 R23 R24,3D,Yes,1.3,0.7
478,./unit1/camera_data/image_BS1_2686_00_46_42.jpg,./unit1/mmWave_data/mmWave_power_477.txt,./unit1/GPS_data/gps_location.txt,./unit2/GPS_data/gps_location_477.txt,,33,5,['00-46-42-444'],0,17,G2 G6 G12 G17 G19 G24 G28 R12 R13 R22 R23 R24 E13 E15 E21 E27 E30,3D,Yes,1.3,0.7
479,./unit1/camera_data/image_BS1_2687_00_46_42.jpg,./unit1/mmWave_data/mmWave_power_478.txt,./unit1/GPS_data/gps_location.txt,./unit2/GPS_data/gps_location_478.txt,,33,5,['00-46-42-555'],0,12,G2 G6 G12 G17 G19 G24 G28 R12 R13 R22 R23 R24,3D,Yes,1.3,0.7
480,./unit1/camera_data/image_BS1_2688_00_46_42.jpg,./unit1/mmWave_data/mmWave_power_479.txt,./unit1/GPS_data/gps_location.txt,./unit2/GPS_data/gps_location_479.txt,,34,5,['00-46-42-666'],0,22,G2 G6 G12 G17 G19 G24 G28 R12 R13 R22 R23 R24 E13 E15 E21 E27 E30 B11 B12 B24 B25 B26,3D,Yes,1.3,0.7
481,./unit1/camera_data/image_BS1_2689_00_46_42.jpg,./unit1/mmWave_data/mmWave_power_480.txt,./unit1/GPS_data/gps_location.txt,./unit2/GPS_data/gps_location_480.txt,,36,5,['00-46-42-777'],0,17,G2 G6 G12 G17 G19 G24 G28 R12 R13 R22 R23 R24 E13 E15 E21 E27 E30,3D,Yes,1.4,0.7
482,./unit1/camera_data/image_BS1_2690_00_46_42.jpg,./unit1/mmWave_data/mmWave_power_481.txt,./unit1/GPS_data/gps_location.txt,./unit2/GPS_data/gps_location_481.txt,,36,5,['00-46-42-888'],0,12,G2 G6 G12 G17 G19 G24 G28 R12 R13 R22 R23 R24,3D,Yes,1.4,0.7
483,./unit1/camera_data/image_BS1_2691_00_46_43.jpg,./unit1/mmWave_data/mmWave_power_482.txt,./unit1/GPS_data/gps_location.txt,./unit2/GPS_data/gps_location_482.txt,,37,5,['00-46-43-0'],0,17,G2 G6 G12 G17 G19 G24 G28 R12 R13 R22 R23 R24 E13 E15 E21 E27 E30,3D,Yes,1.4,0.7
484,./unit1/camera_data/image_BS1_2692_00_46_43.jpg,./unit1/mmWave_data/mmWave_power_483.txt,./unit1/GPS_data/gps_location.txt,./unit2/GPS_data/gps_location_483.txt,,38,5,['00-46-43-125'],0,12,G2 G6 G12 G17 G19 G24 G28 R12 R13 R22 R23 R24,3D,Yes,1.4,0.7
485,./unit1/camera_data/image_BS1_2693_00_46_43.jpg,./unit1/mmWave_data/mmWave_power_484.txt,./unit1/GPS_data/gps_location.txt,./unit2/GPS_data/gps_location_484.txt,,38,5,['00-46-43-250'],0,12,G2 G6 G12 G17 G19 G24 G28 R12 R13 R22 R23 R24,3D,Yes,1.3,0.7
486,./unit1/camera_data/image_BS1_2694_00_46_43.jpg,./unit1/mmWave_data/mmWave_power_485.txt,./unit1/GPS_data/gps_location.txt,./unit2/GPS_data/gps_location_485.txt,,39,5,['00-46-43-375'],0,17,G2 G6 G12 G17 G19 G24 G28 R12 R13 R22 R23 R24 E13 E15 E21 E27 E30,3D,Yes,1.3,0.7
487,./unit1/camera_data/image_BS1_2695_00_46_43.jpg,./unit1/mmWave_data/mmWave_power_486.txt,./unit1/GPS_data/gps_location.txt,./unit2/GPS_data/gps_location_486.txt,,39,5,['00-46-43-500'],0,12,G2 G6 G12 G17 G19 G24 G28 R12 R13 R22 R23 R24,3D,Yes,1.4,0.7
488,./unit1/camera_data/image_BS1_2696_00_46_43.jpg,./unit1/mmWave_data/mmWave_power_487.txt,./unit1/GPS_data/gps_location.txt,./unit2/GPS_data/gps_location_487.txt,,39,5,['00-46-43-625'],0,17,G2 G6 G12 G17 G19 G24 G28 R12 R13 R22 R23 R24 E13 E15 E21 E27 E30,3D,Yes,1.4,0.7
489,./unit1/camera_data/image_BS1_2697_00_46_43.jpg,./unit1/mmWave_data/mmWave_power_488.txt,./unit1/GPS_data/gps_location.txt,./unit2/GPS_data/gps_location_488.txt,,42,5,['00-46-43-750'],0,12,G2 G6 G12 G17 G19 G24 G28 R12 R13 R22 R23 R24,3D,Yes,1.4,0.7
490,./unit1/camera_data/image_BS1_2698_00_46_43.jpg,./unit1/mmWave_data/mmWave_power_489.txt,./unit1/GPS_data/gps_location.txt,./unit2/GPS_data/gps_location_489.txt,,42,5,['00-46-43-875'],0,22,G2 G6 G12 G17 G19 G24 G28 R12 R13 R22 R23 R24 E13 E15 E21 E27 E30 B11 B12 B24 B25 B26,3D,Yes,1.4,0.7
491,./unit1/camera_data/image_BS1_2699_00_46_44.jpg,./unit1/mmWave_data/mmWave_power_490.txt,./unit1/GPS_data/gps_location.txt,./unit2/GPS_data/gps_location_490.txt,,43,5,['00-46-44-0'],0,12,G2 G6 G12 G17 G19 G24 G28 R12 R13 R22 R23 R24,3D,Yes,1.4,0.7
492,./unit1/camera_data/image_BS1_2700_00_46_44.jpg,./unit1/mmWave_data/mmWave_power_491.txt,./unit1/GPS_data/gps_location.txt,./unit2/GPS_data/gps_location_491.txt,,44,5,['00-46-44-142'],0,17,G2 G6 G12 G17 G19 G24 G28 R12 R13 R22 R23 R24 E13 E15 E21 E27 E30,3D,Yes,1.4,0.7
493,./unit1/camera_data/image_BS1_2701_00_46_44.jpg,./unit1/mmWave_data/mmWave_power_492.txt,./unit1/GPS_data/gps_location.txt,./unit2/GPS_data/gps_location_492.txt,,46,5,['00-46-44-284'],0,17,G2 G6 G12 G17 G19 G24 G28 R12 R13 R22 R23 R24 E13 E15 E21 E27 E30,3D,Yes,1.3,0.7
494,./unit1/camera_data/image_BS1_2702_00_46_44.jpg,./unit1/mmWave_data/mmWave_power_493.txt,./unit1/GPS_data/gps_location.txt,./unit2/GPS_data/gps_location_493.txt,,48,5,['00-46-44-426'],0,12,G2 G6 G12 G17 G19 G24 G28 R12 R13 R22 R23 R24,3D,Yes,1.1,0.6
495,./unit1/camera_data/image_BS1_2703_00_46_44.jpg,./unit1/mmWave_data/mmWave_power_494.txt,./unit1/GPS_data/gps_location.txt,./unit2/GPS_data/gps_location_494.txt,,48,5,['00-46-44-568'],0,17,G2 G6 G12 G17 G19 G24 G28 R12 R13 R22 R23 R24 E13 E15 E21 E27 E30,3D,Yes,1.5,0.8
496,./unit1/camera_data/image_BS1_2704_00_46_44.jpg,./unit1/mmWave_data/mmWave_power_495.txt,./unit1/GPS_data/gps_location.txt,./unit2/GPS_data/gps_location_495.txt,,48,5,['00-46-44-710'],0,12,G2 G6 G12 G17 G19 G24 G28 R12 R13 R22 R23 R24,3D,Yes,1.5,0.8
497,./unit1/camera_data/image_BS1_2705_00_46_44.jpg,./unit1/mmWave_data/mmWave_power_496.txt,./unit1/GPS_data/gps_location.txt,./unit2/GPS_data/gps_location_496.txt,,49,5,['00-46-44-852'],0,17,G2 G6 G12 G17 G19 G24 G28 R12 R13 R22 R23 R24 E13 E15 E21 E27 E30,3D,Yes,1.5,0.8
498,./unit1/camera_data/image_BS1_2706_00_46_45.jpg,./unit1/mmWave_data/mmWave_power_497.txt,./unit1/GPS_data/gps_location.txt,./unit2/GPS_data/gps_location_497.txt,,51,5,['00-46-45-0'],0,12,G2 G6 G12 G17 G19 G24 G28 R12 R13 R22 R23 R24,3D,Yes,1.3,0.7
499,./unit1/camera_data/image_BS1_2707_00_46_45.jpg,./unit1/mmWave_data/mmWave_power_498.txt,./unit1/GPS_data/gps_location.txt,./unit2/GPS_data/gps_location_498.txt,,51,5,['00-46-45-125'],0,17,G2 G6 G12 G17 G19 G24 G28 R12 R13 R22 R23 R24 E13 E15 E21 E27 E30,3D,Yes,1.3,0.7
500,./unit1/camera_data/image_BS1_2708_00_46_45.jpg,./unit1/mmWave_data/mmWave_power_499.txt,./unit1/GPS_data/gps_location.txt,./unit2/GPS_data/gps_location_499.txt,,51,5,['00-46-45-250'],0,12,G2 G6 G12 G17 G19 G24 G28 R12 R13 R22 R23 R24,3D,Yes,1.3,0.7
501,./unit1/camera_data/image_BS1_2709_00_46_45.jpg,./unit1/mmWave_data/mmWave_power_500.txt,./unit1/GPS_data/gps_location.txt,./unit2/GPS_data/gps_location_500.txt,,53,5,['00-46-45-375'],0,17,G2 G6 G12 G17 G19 G24 G28 R12 R13 R22 R23 R24 E13 E15 E21 E27 E30,3D,Yes,1.3,0.7
502,./unit1/camera_data/image_BS1_2710_00_46_45.jpg,./unit1/mmWave_data/mmWave_power_501.txt,./unit1/GPS_data/gps_location.txt,./unit2/GPS_data/gps_location_501.txt,,54,5,['00-46-45-500'],0,17,G2 G6 G12 G17 G19 G24 G28 R12 R13 R22 R23 R24 E13 E15 E21 E27 E30,3D,Yes,1.3,0.7
503,./unit1/camera_data/image_BS1_2711_00_46_45.jpg,./unit1/mmWave_data/mmWave_power_502.txt,./unit1/GPS_data/gps_location.txt,./unit2/GPS_data/gps_location_502.txt,,54,5,['00-46-45-625'],0,17,G2 G6 G12 G17 G19 G24 G28 R12 R13 R22 R23 R24 E13 E15 E21 E27 E30,3D,Yes,1.3,0.7
504,./unit1/camera_data/image_BS1_2712_00_46_45.jpg,./unit1/mmWave_data/mmWave_power_503.txt,./unit1/GPS_data/gps_location.txt,./unit2/GPS_data/gps_location_503.txt,,55,5,['00-46-45-750'],0,12,G2 G6 G12 G17 G19 G24 G28 R12 R13 R22 R23 R24,3D,Yes,1.3,0.7
505,./unit1/camera_data/image_BS1_2713_00_46_45.jpg,./unit1/mmWave_data/mmWave_power_504.txt,./unit1/GPS_data/gps_location.txt,./unit2/GPS_data/gps_location_504.txt,,54,5,['00-46-45-875'],0,17,G2 G6 G12 G17 G19 G24 G28 R12 R13 R22 R23 R24 E13 E15 E21 E27 E30,3D,Yes,1.5,0.8
506,./unit1/camera_data/image_BS1_2714_00_46_46.jpg,./unit1/mmWave_data/mmWave_power_505.txt,./unit1/GPS_data/gps_location.txt,./unit2/GPS_data/gps_location_505.txt,,55,5,['00-46-46-0'],0,22,G2 G6 G12 G17 G19 G24 G28 R12 R13 R22 R23 R24 E13 E15 E21 E27 E30 B11 B12 B24 B25 B26,3D,Yes,1.5,0.8
507,./unit1/camera_data/image_BS1_2715_00_46_46.jpg,./unit1/mmWave_data/mmWave_power_506.txt,./unit1/GPS_data/gps_location.txt,./unit2/GPS_data/gps_location_506.txt,,58,5,['00-46-46-111'],0,17,G2 G6 G12 G17 G19 G24 G28 R12 R13 R22 R23 R24 E13 E15 E21 E27 E30,3D,Yes,1.5,0.8
508,./unit1/camera_data/image_BS1_2716_00_46_46.jpg,./unit1/mmWave_data/mmWave_power_507.txt,./unit1/GPS_data/gps_location.txt,./unit2/GPS_data/gps_location_507.txt,,59,5,['00-46-46-222'],0,17,G2 G6 G12 G17 G19 G24 G28 R12 R13 R22 R23 R24 E13 E15 E21 E27 E30,3D,Yes,1.3,0.7
509,./unit1/camera_data/image_BS1_2717_00_46_46.jpg,./unit1/mmWave_data/mmWave_power_508.txt,./unit1/GPS_data/gps_location.txt,./unit2/GPS_data/gps_location_508.txt,,59,5,['00-46-46-333'],0,17,G2 G6 G12 G17 G19 G24 G28 R12 R13 R22 R23 R24 E13 E15 E21 E27 E30,3D,Yes,1.3,0.7
510,./unit1/camera_data/image_BS1_2718_00_46_46.jpg,./unit1/mmWave_data/mmWave_power_509.txt,./unit1/GPS_data/gps_location.txt,./unit2/GPS_data/gps_location_509.txt,,59,5,['00-46-46-444'],0,17,G2 G6 G12 G17 G19 G24 G28 R12 R13 R22 R23 R24 E13 E15 E21 E27 E30,3D,Yes,1.3,0.7
511,./unit1/camera_data/image_BS1_2719_00_46_46.jpg,./unit1/mmWave_data/mmWave_power_510.txt,./unit1/GPS_data/gps_location.txt,./unit2/GPS_data/gps_location_510.txt,,59,5,['00-46-46-555'],0,17,G2 G6 G12 G17 G19 G24 G28 R12 R13 R22 R23 R24 E13 E15 E21 E27 E30,3D,Yes,1.3,0.7
512,./unit1/camera_data/image_BS1_2720_00_46_46.jpg,./unit1/mmWave_data/mmWave_power_511.txt,./unit1/GPS_data/gps_location.txt,./unit2/GPS_data/gps_location_511.txt,,59,5,['00-46-46-666'],0,12,G2 G6 G12 G17 G19 G24 G28 R12 R13 R22 R23 R24,3D,Yes,1.3,0.7
513,./unit1/camera_data/image_BS1_2721_00_46_46.jpg,./unit1/mmWave_data/mmWave_power_512.txt,./unit1/GPS_data/gps_location.txt,./unit2/GPS_data/gps_location_512.txt,,59,5,['00-46-46-777'],0,12,G2 G6 G12 G17 G19 G24 G28 R12 R13 R22 R23 R24,3D,Yes,1.3,0.7
514,./unit1/camera_data/image_BS1_2722_00_46_46.jpg,./unit1/mmWave_data/mmWave_power_513.txt,./unit1/GPS_data/gps_location.txt,./unit2/GPS_data/gps_location_513.txt,,62,5,['00-46-46-888'],0,17,G2 G6 G12 G17 G19 G24 G28 R12 R13 R22 R23 R24 E13 E15 E21 E27 E30,3D,Yes,1.3,0.7
515,./unit1/camera_data/image_BS1_3123_00_47_39.jpg,./unit1/mmWave_data/mmWave_power_514.txt,./unit1/GPS_data/gps_location.txt,./unit2/GPS_data/gps_location_514.txt,,62,6,['00-47-39-0'],1,22,G2 G6 G12 G17 G19 G24 G28 R12 R13 R22 R23 R24 E13 E15 E21 E27 E30 B11 B12 B24 B25 B26,3D,Yes,1.5,0.8
516,./unit1/camera_data/image_BS1_3124_00_47_39.jpg,./unit1/mmWave_data/mmWave_power_515.txt,./unit1/GPS_data/gps_location.txt,./unit2/GPS_data/gps_location_515.txt,,61,6,['00-47-39-333'],1,17,G2 G6 G12 G17 G19 G24 G28 R12 R13 R22 R23 R24 E13 E15 E21 E27 E30,3D,Yes,1.5,0.8
517,./unit1/camera_data/image_BS1_3125_00_47_39.jpg,./unit1/mmWave_data/mmWave_power_516.txt,./unit1/GPS_data/gps_location.txt,./unit2/GPS_data/gps_location_516.txt,,61,6,['00-47-39-666'],1,17,G2 G6 G12 G17 G19 G24 G28 R12 R13 R22 R23 R24 E13 E15 E21 E27 E30,3D,Yes,1.5,0.8
518,./unit1/camera_data/image_BS1_3126_00_47_40.jpg,./unit1/mmWave_data/mmWave_power_517.txt,./unit1/GPS_data/gps_location.txt,./unit2/GPS_data/gps_location_517.txt,,59,6,['00-47-40-0'],1,16,G2 G6 G12 G17 G19 G24 R12 R13 R22 R23 R24 E13 E15 E21 E27 E30,3D,Yes,1.5,0.8
519,./unit1/camera_data/image_BS1_3127_00_47_40.jpg,./unit1/mmWave_data/mmWave_power_518.txt,./unit1/GPS_data/gps_location.txt,./unit2/GPS_data/gps_location_518.txt,,59,6,['00-47-40-111'],1,16,G2 G6 G12 G17 G19 G24 R12 R13 R22 R23 R24 E13 E15 E21 E27 E30,3D,Yes,1.6,0.8
520,./unit1/camera_data/image_BS1_3128_00_47_40.jpg,./unit1/mmWave_data/mmWave_power_519.txt,./unit1/GPS_data/gps_location.txt,./unit2/GPS_data/gps_location_519.txt,,59,6,['00-47-40-222'],1,16,G2 G6 G12 G17 G19 G24 R12 R13 R22 R23 R24 E13 E15 E21 E27 E30,3D,Yes,1.5,0.8
521,./unit1/camera_data/image_BS1_3129_00_47_40.jpg,./unit1/mmWave_data/mmWave_power_520.txt,./unit1/GPS_data/gps_location.txt,./unit2/GPS_data/gps_location_520.txt,,59,6,['00-47-40-333'],1,16,G2 G6 G12 G17 G19 G24 R12 R13 R22 R23 R24 E13 E15 E21 E27 E30,3D,Yes,1.5,0.8
522,./unit1/camera_data/image_BS1_3130_00_47_40.jpg,./unit1/mmWave_data/mmWave_power_521.txt,./unit1/GPS_data/gps_location.txt,./unit2/GPS_data/gps_location_521.txt,,59,6,['00-47-40-444'],1,16,G2 G6 G12 G17 G19 G24 R12 R13 R22 R23 R24 E13 E15 E21 E27 E30,3D,Yes,1.5,0.8
523,./unit1/camera_data/image_BS1_3131_00_47_40.jpg,./unit1/mmWave_data/mmWave_power_522.txt,./unit1/GPS_data/gps_location.txt,./unit2/GPS_data/gps_location_522.txt,,58,6,['00-47-40-555'],1,16,G2 G6 G12 G17 G19 G24 R12 R13 R22 R23 R24 E13 E15 E21 E27 E30,3D,Yes,1.5,0.8
524,./unit1/camera_data/image_BS1_3132_00_47_40.jpg,./unit1/mmWave_data/mmWave_power_523.txt,./unit1/GPS_data/gps_location.txt,./unit2/GPS_data/gps_location_523.txt,,58,6,['00-47-40-666'],1,16,G2 G6 G12 G17 G19 G24 R12 R13 R22 R23 R24 E13 E15 E21 E27 E30,3D,Yes,1.5,0.8
525,./unit1/camera_data/image_BS1_3133_00_47_40.jpg,./unit1/mmWave_data/mmWave_power_524.txt,./unit1/GPS_data/gps_location.txt,./unit2/GPS_data/gps_location_524.txt,,58,6,['00-47-40-777'],1,16,G2 G6 G12 G17 G19 G24 R12 R13 R22 R23 R24 E13 E15 E21 E27 E30,3D,Yes,1.5,0.8
526,./unit1/camera_data/image_BS1_3134_00_47_40.jpg,./unit1/mmWave_data/mmWave_power_525.txt,./unit1/GPS_data/gps_location.txt,./unit2/GPS_data/gps_location_525.txt,,57,6,['00-47-40-888'],1,16,G2 G6 G12 G17 G19 G24 R12 R13 R22 R23 R24 E13 E15 E21 E27 E30,3D,Yes,1.5,0.8
527,./unit1/camera_data/image_BS1_3135_00_47_41.jpg,./unit1/mmWave_data/mmWave_power_526.txt,./unit1/GPS_data/gps_location.txt,./unit2/GPS_data/gps_location_526.txt,,55,6,['00-47-41-0'],1,16,G2 G6 G12 G17 G19 G24 R12 R13 R22 R23 R24 E13 E15 E21 E27 E30,3D,Yes,1.5,0.8
528,./unit1/camera_data/image_BS1_3136_00_47_41.jpg,./unit1/mmWave_data/mmWave_power_527.txt,./unit1/GPS_data/gps_location.txt,./unit2/GPS_data/gps_location_527.txt,,55,6,['00-47-41-111'],1,11,G2 G6 G12 G17 G19 G24 R12 R13 R22 R23 R24,3D,Yes,1.5,0.8
529,./unit1/camera_data/image_BS1_3137_00_47_41.jpg,./unit1/mmWave_data/mmWave_power_528.txt,./unit1/GPS_data/gps_location.txt,./unit2/GPS_data/gps_location_528.txt,,55,6,['00-47-41-222'],1,21,G2 G6 G12 G17 G19 G24 R12 R13 R22 R23 R24 E13 E15 E21 E27 E30 B11 B12 B24 B25 B26,3D,Yes,1.5,0.8
530,./unit1/camera_data/image_BS1_3138_00_47_41.jpg,./unit1/mmWave_data/mmWave_power_529.txt,./unit1/GPS_data/gps_location.txt,./unit2/GPS_data/gps_location_529.txt,,55,6,['00-47-41-333'],1,16,G2 G6 G12 G17 G19 G24 R12 R13 R22 R23 R24 E13 E15 E21 E27 E30,3D,Yes,1.5,0.8
531,./unit1/camera_data/image_BS1_3139_00_47_41.jpg,./unit1/mmWave_data/mmWave_power_530.txt,./unit1/GPS_data/gps_location.txt,./unit2/GPS_data/gps_location_530.txt,,54,6,['00-47-41-444'],1,16,G2 G6 G12 G17 G19 G24 R12 R13 R22 R23 R24 E13 E15 E21 E27 E30,3D,Yes,1.5,0.8
532,./unit1/camera_data/image_BS1_3140_00_47_41.jpg,./unit1/mmWave_data/mmWave_power_531.txt,./unit1/GPS_data/gps_location.txt,./unit2/GPS_data/gps_location_531.txt,,54,6,['00-47-41-555'],1,11,G2 G6 G12 G17 G19 G24 R12 R13 R22 R23 R24,3D,Yes,1.5,0.8
533,./unit1/camera_data/image_BS1_3141_00_47_41.jpg,./unit1/mmWave_data/mmWave_power_532.txt,./unit1/GPS_data/gps_location.txt,./unit2/GPS_data/gps_location_532.txt,,54,6,['00-47-41-666'],1,11,G2 G6 G12 G17 G19 G24 R12 R13 R22 R23 R24,3D,Yes,1.5,0.8
534,./unit1/camera_data/image_BS1_3142_00_47_41.jpg,./unit1/mmWave_data/mmWave_power_533.txt,./unit1/GPS_data/gps_location.txt,./unit2/GPS_data/gps_location_533.txt,,53,6,['00-47-41-777'],1,16,G2 G6 G12 G17 G19 G24 R12 R13 R22 R23 R24 E13 E15 E21 E27 E30,3D,Yes,1.5,0.8
535,./unit1/camera_data/image_BS1_3143_00_47_41.jpg,./unit1/mmWave_data/mmWave_power_534.txt,./unit1/GPS_data/gps_location.txt,./unit2/GPS_data/gps_location_534.txt,,51,6,['00-47-41-888'],1,11,G2 G6 G12 G17 G19 G24 R12 R13 R22 R23 R24,3D,Yes,1.5,0.8
536,./unit1/camera_data/image_BS1_3144_00_47_42.jpg,./unit1/mmWave_data/mmWave_power_535.txt,./unit1/GPS_data/gps_location.txt,./unit2/GPS_data/gps_location_535.txt,,51,6,['00-47-42-0'],1,11,G2 G6 G12 G17 G19 G24 R12 R13 R22 R23 R24,3D,Yes,1.5,0.8
537,./unit1/camera_data/image_BS1_3145_00_47_42.jpg,./unit1/mmWave_data/mmWave_power_536.txt,./unit1/GPS_data/gps_location.txt,./unit2/GPS_data/gps_location_536.txt,,51,6,['00-47-42-125'],1,11,G2 G6 G12 G17 G19 G24 R12 R13 R22 R23 R24,3D,Yes,1.6,0.8
538,./unit1/camera_data/image_BS1_3146_00_47_42.jpg,./unit1/mmWave_data/mmWave_power_537.txt,./unit1/GPS_data/gps_location.txt,./unit2/GPS_data/gps_location_537.txt,,51,6,['00-47-42-250'],1,16,G2 G6 G12 G17 G19 G24 R12 R13 R22 R23 R24 E13 E15 E21 E27 E30,3D,Yes,1.5,0.8
539,./unit1/camera_data/image_BS1_3147_00_47_42.jpg,./unit1/mmWave_data/mmWave_power_538.txt,./unit1/GPS_data/gps_location.txt,./unit2/GPS_data/gps_location_538.txt,,50,6,['00-47-42-375'],1,21,G2 G6 G12 G17 G19 G24 R12 R13 R22 R23 R24 E13 E15 E21 E27 E30 B11 B12 B24 B25 B26,3D,Yes,1.5,0.8
540,./unit1/camera_data/image_BS1_3148_00_47_42.jpg,./unit1/mmWave_data/mmWave_power_539.txt,./unit1/GPS_data/gps_location.txt,./unit2/GPS_data/gps_location_539.txt,,51,6,['00-47-42-500'],1,11,G2 G6 G12 G17 G19 G24 R12 R13 R22 R23 R24,3D,Yes,1.5,0.8
541,./unit1/camera_data/image_BS1_3149_00_47_42.jpg,./unit1/mmWave_data/mmWave_power_540.txt,./unit1/GPS_data/gps_location.txt,./unit2/GPS_data/gps_location_540.txt,,51,6,['00-47-42-625'],1,11,G2 G6 G12 G17 G19 G24 R12 R13 R22 R23 R24,3D,Yes,1.5,0.8
542,./unit1/camera_data/image_BS1_3150_00_47_42.jpg,./unit1/mmWave_data/mmWave_power_541.txt,./unit1/GPS_data/gps_location.txt,./unit2/GPS_data/gps_location_541.txt,,48,6,['00-47-42-750'],1,16,G2 G6 G12 G17 G19 G24 R12 R13 R22 R23 R24 E13 E15 E21 E27 E30,3D,Yes,1.5,0.8
543,./unit1/camera_data/image_BS1_3151_00_47_42.jpg,./unit1/mmWave_data/mmWave_power_542.txt,./unit1/GPS_data/gps_location.txt,./unit2/GPS_data/gps_location_542.txt,,49,6,['00-47-42-875'],1,11,G2 G6 G12 G17 G19 G24 R12 R13 R22 R23 R24,3D,Yes,1.5,0.8
544,./unit1/camera_data/image_BS1_3152_00_47_43.jpg,./unit1/mmWave_data/mmWave_power_543.txt,./unit1/GPS_data/gps_location.txt,./unit2/GPS_data/gps_location_543.txt,,48,6,['00-47-43-0'],1,16,G2 G6 G12 G17 G19 G24 R12 R13 R22 R23 R24 E13 E15 E21 E27 E30,3D,Yes,1.5,0.8
545,./unit1/camera_data/image_BS1_3153_00_47_43.jpg,./unit1/mmWave_data/mmWave_power_544.txt,./unit1/GPS_data/gps_location.txt,./unit2/GPS_data/gps_location_544.txt,,48,6,['00-47-43-142'],1,16,G2 G6 G12 G17 G19 G24 R12 R13 R22 R23 R24 E13 E15 E21 E27 E30,3D,Yes,1.5,0.8
546,./unit1/camera_data/image_BS1_3154_00_47_43.jpg,./unit1/mmWave_data/mmWave_power_545.txt,./unit1/GPS_data/gps_location.txt,./unit2/GPS_data/gps_location_545.txt,,47,6,['00-47-43-284'],1,22,G2 G6 G12 G17 G19 G24 G28 R12 R13 R22 R23 R24 E13 E15 E21 E27 E30 B11 B12 B24 B25 B26,3D,Yes,1.5,0.8
547,./unit1/camera_data/image_BS1_3155_00_47_43.jpg,./unit1/mmWave_data/mmWave_power_546.txt,./unit1/GPS_data/gps_location.txt,./unit2/GPS_data/gps_location_546.txt,,46,6,['00-47-43-426'],1,17,G2 G6 G12 G17 G19 G24 G28 R12 R13 R22 R23 R24 E13 E15 E21 E27 E30,3D,Yes,1.5,0.8
548,./unit1/camera_data/image_BS1_3156_00_47_43.jpg,./unit1/mmWave_data/mmWave_power_547.txt,./unit1/GPS_data/gps_location.txt,./unit2/GPS_data/gps_location_547.txt,,44,6,['00-47-43-568'],1,17,G2 G6 G12 G17 G19 G24 G28 R12 R13 R22 R23 R24 E13 E15 E21 E27 E30,3D,Yes,1.8,0.8
549,./unit1/camera_data/image_BS1_3157_00_47_43.jpg,./unit1/mmWave_data/mmWave_power_548.txt,./unit1/GPS_data/gps_location.txt,./unit2/GPS_data/gps_location_548.txt,,44,6,['00-47-43-710'],1,12,G2 G6 G12 G17 G19 G24 G28 R12 R13 R22 R23 R24,3D,Yes,1.8,0.8
550,./unit1/camera_data/image_BS1_3158_00_47_43.jpg,./unit1/mmWave_data/mmWave_power_549.txt,./unit1/GPS_data/gps_location.txt,./unit2/GPS_data/gps_location_549.txt,,44,6,['00-47-43-852'],1,17,G2 G6 G12 G17 G19 G24 G28 R12 R13 R22 R23 R24 E13 E15 E21 E27 E30,3D,Yes,1.5,0.8
551,./unit1/camera_data/image_BS1_3159_00_47_44.jpg,./unit1/mmWave_data/mmWave_power_550.txt,./unit1/GPS_data/gps_location.txt,./unit2/GPS_data/gps_location_550.txt,,43,6,['00-47-44-0'],1,22,G2 G6 G12 G17 G19 G24 G28 R12 R13 R22 R23 R24 E13 E15 E21 E27 E30 B11 B12 B24 B25 B26,3D,Yes,1.5,0.8
552,./unit1/camera_data/image_BS1_3160_00_47_44.jpg,./unit1/mmWave_data/mmWave_power_551.txt,./unit1/GPS_data/gps_location.txt,./unit2/GPS_data/gps_location_551.txt,,43,6,['00-47-44-111'],1,7,G2 G6 G12 G17 G19 G24 G28,3D,Yes,1.6,0.8
553,./unit1/camera_data/image_BS1_3161_00_47_44.jpg,./unit1/mmWave_data/mmWave_power_552.txt,./unit1/GPS_data/gps_location.txt,./unit2/GPS_data/gps_location_552.txt,,42,6,['00-47-44-222'],1,17,G2 G6 G12 G17 G19 G24 G28 R12 R13 R22 R23 R24 E13 E15 E21 E27 E30,3D,Yes,1.5,0.8
554,./unit1/camera_data/image_BS1_3162_00_47_44.jpg,./unit1/mmWave_data/mmWave_power_553.txt,./unit1/GPS_data/gps_location.txt,./unit2/GPS_data/gps_location_553.txt,,42,6,['00-47-44-333'],1,17,G2 G6 G12 G17 G19 G24 G28 R12 R13 R22 R23 R24 E13 E15 E21 E27 E30,3D,Yes,1.5,0.8
555,./unit1/camera_data/image_BS1_3163_00_47_44.jpg,./unit1/mmWave_data/mmWave_power_554.txt,./unit1/GPS_data/gps_location.txt,./unit2/GPS_data/gps_location_554.txt,,41,6,['00-47-44-444'],1,17,G2 G6 G12 G17 G19 G24 G28 R12 R13 R22 R23 R24 E13 E15 E21 E27 E30,3D,Yes,1.5,0.8
556,./unit1/camera_data/image_BS1_3164_00_47_44.jpg,./unit1/mmWave_data/mmWave_power_555.txt,./unit1/GPS_data/gps_location.txt,./unit2/GPS_data/gps_location_555.txt,,39,6,['00-47-44-555'],1,12,G2 G6 G12 G17 G19 G24 G28 R12 R13 R22 R23 R24,3D,Yes,1.5,0.8
557,./unit1/camera_data/image_BS1_3165_00_47_44.jpg,./unit1/mmWave_data/mmWave_power_556.txt,./unit1/GPS_data/gps_location.txt,./unit2/GPS_data/gps_location_556.txt,,40,6,['00-47-44-666'],1,12,G2 G6 G12 G17 G19 G24 G28 R12 R13 R22 R23 R24,3D,Yes,1.5,0.8
558,./unit1/camera_data/image_BS1_3166_00_47_44.jpg,./unit1/mmWave_data/mmWave_power_557.txt,./unit1/GPS_data/gps_location.txt,./unit2/GPS_data/gps_location_557.txt,,39,6,['00-47-44-777'],1,17,G2 G6 G12 G17 G19 G24 G28 R12 R13 R22 R23 R24 E13 E15 E21 E27 E30,3D,Yes,1.8,0.8
559,./unit1/camera_data/image_BS1_3167_00_47_44.jpg,./unit1/mmWave_data/mmWave_power_558.txt,./unit1/GPS_data/gps_location.txt,./unit2/GPS_data/gps_location_558.txt,,39,6,['00-47-44-888'],1,17,G2 G6 G12 G17 G19 G24 G28 R12 R13 R22 R23 R24 E13 E15 E21 E27 E30,3D,Yes,2.2,0.9
560,./unit1/camera_data/image_BS1_3168_00_47_45.jpg,./unit1/mmWave_data/mmWave_power_559.txt,./unit1/GPS_data/gps_location.txt,./unit2/GPS_data/gps_location_559.txt,,38,6,['00-47-45-0'],1,17,G2 G6 G12 G17 G19 G24 G28 R12 R13 R22 R23 R24 E13 E15 E21 E27 E30,3D,Yes,2.2,0.9
561,./unit1/camera_data/image_BS1_3169_00_47_45.jpg,./unit1/mmWave_data/mmWave_power_560.txt,./unit1/GPS_data/gps_location.txt,./unit2/GPS_data/gps_location_560.txt,,38,6,['00-47-45-111'],1,17,G2 G6 G12 G17 G19 G24 G28 R12 R13 R22 R23 R24 E13 E15 E21 E27 E30,3D,Yes,2.2,0.9
562,./unit1/camera_data/image_BS1_3170_00_47_45.jpg,./unit1/mmWave_data/mmWave_power_561.txt,./unit1/GPS_data/gps_location.txt,./unit2/GPS_data/gps_location_561.txt,,37,6,['00-47-45-222'],1,17,G2 G6 G12 G17 G19 G24 G28 R12 R13 R22 R23 R24 E13 E15 E21 E27 E30,3D,Yes,2.2,0.9
563,./unit1/camera_data/image_BS1_3171_00_47_45.jpg,./unit1/mmWave_data/mmWave_power_562.txt,./unit1/GPS_data/gps_location.txt,./unit2/GPS_data/gps_location_562.txt,,37,6,['00-47-45-333'],1,17,G2 G6 G12 G17 G19 G24 G28 R12 R13 R22 R23 R24 E13 E15 E21 E27 E30,3D,Yes,2.2,0.9
564,./unit1/camera_data/image_BS1_3172_00_47_45.jpg,./unit1/mmWave_data/mmWave_power_563.txt,./unit1/GPS_data/gps_location.txt,./unit2/GPS_data/gps_location_563.txt,,36,6,['00-47-45-444'],1,17,G2 G6 G12 G17 G19 G24 G28 R12 R13 R22 R23 R24 E13 E15 E21 E27 E30,3D,Yes,2.2,0.9
565,./unit1/camera_data/image_BS1_3173_00_47_45.jpg,./unit1/mmWave_data/mmWave_power_564.txt,./unit1/GPS_data/gps_location.txt,./unit2/GPS_data/gps_location_564.txt,,37,6,['00-47-45-555'],1,17,G2 G6 G12 G17 G19 G24 G28 R12 R13 R22 R23 R24 E13 E15 E21 E27 E30,3D,Yes,1.6,0.8
566,./unit1/camera_data/image_BS1_3174_00_47_45.jpg,./unit1/mmWave_data/mmWave_power_565.txt,./unit1/GPS_data/gps_location.txt,./unit2/GPS_data/gps_location_565.txt,,36,6,['00-47-45-666'],1,12,G2 G6 G12 G17 G19 G24 G28 R12 R13 R22 R23 R24,3D,Yes,1.5,0.8
567,./unit1/camera_data/image_BS1_3175_00_47_45.jpg,./unit1/mmWave_data/mmWave_power_566.txt,./unit1/GPS_data/gps_location.txt,./unit2/GPS_data/gps_location_566.txt,,34,6,['00-47-45-777'],1,12,G2 G6 G12 G17 G19 G24 G28 R12 R13 R22 R23 R24,3D,Yes,1.4,0.7
568,./unit1/camera_data/image_BS1_3176_00_47_45.jpg,./unit1/mmWave_data/mmWave_power_567.txt,./unit1/GPS_data/gps_location.txt,./unit2/GPS_data/gps_location_567.txt,,34,6,['00-47-45-888'],1,17,G2 G6 G12 G17 G19 G24 G28 R12 R13 R22 R23 R24 E13 E15 E21 E27 E30,3D,Yes,1.4,0.7
569,./unit1/camera_data/image_BS1_3177_00_47_46.jpg,./unit1/mmWave_data/mmWave_power_568.txt,./unit1/GPS_data/gps_location.txt,./unit2/GPS_data/gps_location_568.txt,,34,6,['00-47-46-0'],1,17,G2 G6 G12 G17 G19 G24 G28 R12 R13 R22 R23 R24 E13 E15 E21 E27 E30,3D,Yes,1.4,0.7
570,./unit1/camera_data/image_BS1_3178_00_47_46.jpg,./unit1/mmWave_data/mmWave_power_569.txt,./unit1/GPS_data/gps_location.txt,./unit2/GPS_data/gps_location_569.txt,,32,6,['00-47-46-111'],1,17,G2 G6 G12 G17 G19 G24 G28 R12 R13 R22 R23 R24 E13 E15 E21 E27 E30,3D,Yes,1.6,0.8
571,./unit1/camera_data/image_BS1_3179_00_47_46.jpg,./unit1/mmWave_data/mmWave_power_570.txt,./unit1/GPS_data/gps_location.txt,./unit2/GPS_data/gps_location_570.txt,,32,6,['00-47-46-222'],1,17,G2 G6 G12 G17 G19 G24 G28 R12 R13 R22 R23 R24 E13 E15 E21 E27 E30,3D,Yes,1.5,0.8
572,./unit1/camera_data/image_BS1_3180_00_47_46.jpg,./unit1/mmWave_data/mmWave_power_571.txt,./unit1/GPS_data/gps_location.txt,./unit2/GPS_data/gps_location_571.txt,,31,6,['00-47-46-333'],1,22,G2 G6 G12 G17 G19 G24 G28 R12 R13 R22 R23 R24 E13 E15 E21 E27 E30 B11 B12 B24 B25 B26,3D,Yes,1.5,0.8
573,./unit1/camera_data/image_BS1_3181_00_47_46.jpg,./unit1/mmWave_data/mmWave_power_572.txt,./unit1/GPS_data/gps_location.txt,./unit2/GPS_data/gps_location_572.txt,,29,6,['00-47-46-444'],1,17,G2 G6 G12 G17 G19 G24 G28 R12 R13 R22 R23 R24 E13 E15 E21 E27 E30,3D,Yes,1.5,0.8
574,./unit1/camera_data/image_BS1_3182_00_47_46.jpg,./unit1/mmWave_data/mmWave_power_573.txt,./unit1/GPS_data/gps_location.txt,./unit2/GPS_data/gps_location_573.txt,,29,6,['00-47-46-555'],1,17,G2 G6 G12 G17 G19 G24 G28 R12 R13 R22 R23 R24 E13 E15 E21 E27 E30,3D,Yes,1.5,0.8
575,./unit1/camera_data/image_BS1_3183_00_47_46.jpg,./unit1/mmWave_data/mmWave_power_574.txt,./unit1/GPS_data/gps_location.txt,./unit2/GPS_data/gps_location_574.txt,,28,6,['00-47-46-666'],1,17,G2 G6 G12 G17 G19 G24 G28 R12 R13 R22 R23 R24 E13 E15 E21 E27 E30,3D,Yes,1.3,0.7
576,./unit1/camera_data/image_BS1_3184_00_47_46.jpg,./unit1/mmWave_data/mmWave_power_575.txt,./unit1/GPS_data/gps_location.txt,./unit2/GPS_data/gps_location_575.txt,,29,6,['00-47-46-777'],1,12,G2 G6 G12 G17 G19 G24 G28 R12 R13 R22 R23 R24,3D,Yes,1.3,0.7
577,./unit1/camera_data/image_BS1_3185_00_47_46.jpg,./unit1/mmWave_data/mmWave_power_576.txt,./unit1/GPS_data/gps_location.txt,./unit2/GPS_data/gps_location_576.txt,,28,6,['00-47-46-888'],1,17,G2 G6 G12 G17 G19 G24 G28 R12 R13 R22 R23 R24 E13 E15 E21 E27 E30,3D,Yes,1.4,0.7
578,./unit1/camera_data/image_BS1_3186_00_47_47.jpg,./unit1/mmWave_data/mmWave_power_577.txt,./unit1/GPS_data/gps_location.txt,./unit2/GPS_data/gps_location_577.txt,,28,6,['00-47-47-0'],1,17,G2 G6 G12 G17 G19 G24 G28 R12 R13 R22 R23 R24 E13 E15 E21 E27 E30,3D,Yes,1.4,0.7
579,./unit1/camera_data/image_BS1_3187_00_47_47.jpg,./unit1/mmWave_data/mmWave_power_578.txt,./unit1/GPS_data/gps_location.txt,./unit2/GPS_data/gps_location_578.txt,,27,6,['00-47-47-111'],1,17,G2 G6 G12 G17 G19 G24 G28 R12 R13 R22 R23 R24 E13 E15 E21 E27 E30,3D,Yes,1.4,0.7
580,./unit1/camera_data/image_BS1_3188_00_47_47.jpg,./unit1/mmWave_data/mmWave_power_579.txt,./unit1/GPS_data/gps_location.txt,./unit2/GPS_data/gps_location_579.txt,,26,6,['00-47-47-222'],1,17,G2 G6 G12 G17 G19 G24 G28 R12 R13 R22 R23 R24 E13 E15 E21 E27 E30,3D,Yes,1.4,0.7
581,./unit1/camera_data/image_BS1_3189_00_47_47.jpg,./unit1/mmWave_data/mmWave_power_580.txt,./unit1/GPS_data/gps_location.txt,./unit2/GPS_data/gps_location_580.txt,,28,6,['00-47-47-333'],1,17,G2 G6 G12 G17 G19 G24 G28 R12 R13 R22 R23 R24 E13 E15 E21 E27 E30,3D,Yes,1.3,0.7
582,./unit1/camera_data/image_BS1_3190_00_47_47.jpg,./unit1/mmWave_data/mmWave_power_581.txt,./unit1/GPS_data/gps_location.txt,./unit2/GPS_data/gps_location_581.txt,,26,6,['00-47-47-444'],1,17,G2 G6 G12 G17 G19 G24 G28 R12 R13 R22 R23 R24 E13 E15 E21 E27 E30,3D,Yes,1.3,0.7
583,./unit1/camera_data/image_BS1_3191_00_47_47.jpg,./unit1/mmWave_data/mmWave_power_582.txt,./unit1/GPS_data/gps_location.txt,./unit2/GPS_data/gps_location_582.txt,,26,6,['00-47-47-555'],1,17,G2 G6 G12 G17 G19 G24 G28 R12 R13 R22 R23 R24 E13 E15 E21 E27 E30,3D,Yes,1.4,0.7
584,./unit1/camera_data/image_BS1_3192_00_47_47.jpg,./unit1/mmWave_data/mmWave_power_583.txt,./unit1/GPS_data/gps_location.txt,./unit2/GPS_data/gps_location_583.txt,,25,6,['00-47-47-666'],1,12,G2 G6 G12 G17 G19 G24 G28 R12 R13 R22 R23 R24,3D,Yes,1.4,0.7
585,./unit1/camera_data/image_BS1_3193_00_47_47.jpg,./unit1/mmWave_data/mmWave_power_584.txt,./unit1/GPS_data/gps_location.txt,./unit2/GPS_data/gps_location_584.txt,,23,6,['00-47-47-777'],1,17,G2 G6 G12 G17 G19 G24 G28 R12 R13 R22 R23 R24 E13 E15 E21 E27 E30,3D,Yes,1.5,0.8
586,./unit1/camera_data/image_BS1_3194_00_47_47.jpg,./unit1/mmWave_data/mmWave_power_585.txt,./unit1/GPS_data/gps_location.txt,./unit2/GPS_data/gps_location_585.txt,,22,6,['00-47-47-888'],1,12,G2 G6 G12 G17 G19 G24 G28 R12 R13 R22 R23 R24,3D,Yes,1.5,0.8
587,./unit1/camera_data/image_BS1_3195_00_47_48.jpg,./unit1/mmWave_data/mmWave_power_586.txt,./unit1/GPS_data/gps_location.txt,./unit2/GPS_data/gps_location_586.txt,,22,6,['00-47-48-0'],1,17,G2 G6 G12 G17 G19 G24 G28 R12 R13 R22 R23 R24 E13 E15 E21 E27 E30,3D,Yes,1.5,0.8
588,./unit1/camera_data/image_BS1_3196_00_47_48.jpg,./unit1/mmWave_data/mmWave_power_587.txt,./unit1/GPS_data/gps_location.txt,./unit2/GPS_data/gps_location_587.txt,,21,6,['00-47-48-111'],1,12,G2 G6 G12 G17 G19 G24 G28 R12 R13 R22 R23 R24,3D,Yes,1.5,0.8
589,./unit1/camera_data/image_BS1_3197_00_47_48.jpg,./unit1/mmWave_data/mmWave_power_588.txt,./unit1/GPS_data/gps_location.txt,./unit2/GPS_data/gps_location_588.txt,,21,6,['00-47-48-222'],1,17,G2 G6 G12 G17 G19 G24 G28 R12 R13 R22 R23 R24 E13 E15 E21 E27 E30,3D,Yes,1.4,0.7
590,./unit1/camera_data/image_BS1_3198_00_47_48.jpg,./unit1/mmWave_data/mmWave_power_589.txt,./unit1/GPS_data/gps_location.txt,./unit2/GPS_data/gps_location_589.txt,,20,6,['00-47-48-333'],1,17,G2 G6 G12 G17 G19 G24 G28 R12 R13 R22 R23 R24 E13 E15 E21 E27 E30,3D,Yes,1.4,0.7
591,./unit1/camera_data/image_BS1_3199_00_47_48.jpg,./unit1/mmWave_data/mmWave_power_590.txt,./unit1/GPS_data/gps_location.txt,./unit2/GPS_data/gps_location_590.txt,,21,6,['00-47-48-444'],1,22,G2 G6 G12 G17 G19 G24 G28 R12 R13 R22 R23 R24 E13 E15 E21 E27 E30 B11 B12 B24 B25 B26,3D,Yes,1.4,0.7
592,./unit1/camera_data/image_BS1_3200_00_47_48.jpg,./unit1/mmWave_data/mmWave_power_591.txt,./unit1/GPS_data/gps_location.txt,./unit2/GPS_data/gps_location_591.txt,,19,6,['00-47-48-555'],1,7,G2 G6 G12 G17 G19 G24 G28,3D,Yes,1.5,0.8
593,./unit1/camera_data/image_BS1_3201_00_47_48.jpg,./unit1/mmWave_data/mmWave_power_592.txt,./unit1/GPS_data/gps_location.txt,./unit2/GPS_data/gps_location_592.txt,,19,6,['00-47-48-666'],1,17,G2 G6 G12 G17 G19 G24 G28 R12 R13 R22 R23 R24 E13 E15 E21 E27 E30,3D,Yes,1.5,0.8
594,./unit1/camera_data/image_BS1_3202_00_47_48.jpg,./unit1/mmWave_data/mmWave_power_593.txt,./unit1/GPS_data/gps_location.txt,./unit2/GPS_data/gps_location_593.txt,,16,6,['00-47-48-777'],1,7,G2 G6 G12 G17 G19 G24 G28,3D,Yes,1.5,0.8
595,./unit1/camera_data/image_BS1_3203_00_47_48.jpg,./unit1/mmWave_data/mmWave_power_594.txt,./unit1/GPS_data/gps_location.txt,./unit2/GPS_data/gps_location_594.txt,,18,6,['00-47-48-888'],1,12,G2 G6 G12 G17 G19 G24 G28 R12 R13 R22 R23 R24,3D,Yes,1.4,0.7
596,./unit1/camera_data/image_BS1_3204_00_47_49.jpg,./unit1/mmWave_data/mmWave_power_595.txt,./unit1/GPS_data/gps_location.txt,./unit2/GPS_data/gps_location_595.txt,,17,6,['00-47-49-0'],1,17,G2 G6 G12 G17 G19 G24 G28 R12 R13 R22 R23 R24 E13 E15 E21 E27 E30,3D,Yes,1.4,0.7
597,./unit1/camera_data/image_BS1_3205_00_47_49.jpg,./unit1/mmWave_data/mmWave_power_596.txt,./unit1/GPS_data/gps_location.txt,./unit2/GPS_data/gps_location_596.txt,,16,6,['00-47-49-125'],1,17,G2 G6 G12 G17 G19 G24 G28 R12 R13 R22 R23 R24 E13 E15 E21 E27 E30,3D,Yes,1.4,0.7
598,./unit1/camera_data/image_BS1_3206_00_47_49.jpg,./unit1/mmWave_data/mmWave_power_597.txt,./unit1/GPS_data/gps_location.txt,./unit2/GPS_data/gps_location_597.txt,,16,6,['00-47-49-250'],1,17,G2 G6 G12 G17 G19 G24 G28 R12 R13 R22 R23 R24 E13 E15 E21 E27 E30,3D,Yes,1.5,0.8
599,./unit1/camera_data/image_BS1_3207_00_47_49.jpg,./unit1/mmWave_data/mmWave_power_598.txt,./unit1/GPS_data/gps_location.txt,./unit2/GPS_data/gps_location_598.txt,,14,6,['00-47-49-375'],1,22,G2 G6 G12 G17 G19 G24 G28 R12 R13 R22 R23 R24 E13 E15 E21 E27 E30 B11 B12 B24 B25 B26,3D,Yes,1.5,0.8
600,./unit1/camera_data/image_BS1_3208_00_47_49.jpg,./unit1/mmWave_data/mmWave_power_599.txt,./unit1/GPS_data/gps_location.txt,./unit2/GPS_data/gps_location_599.txt,,13,6,['00-47-49-500'],1,17,G2 G6 G12 G17 G19 G24 G28 R12 R13 R22 R23 R24 E13 E15 E21 E27 E30,3D,Yes,1.4,0.7
601,./unit1/camera_data/image_BS1_3209_00_47_49.jpg,./unit1/mmWave_data/mmWave_power_600.txt,./unit1/GPS_data/gps_location.txt,./unit2/GPS_data/gps_location_600.txt,,13,6,['00-47-49-625'],1,17,G2 G6 G12 G17 G19 G24 G28 R12 R13 R22 R23 R24 E13 E15 E21 E27 E30,3D,Yes,1.4,0.7
602,./unit1/camera_data/image_BS1_3210_00_47_49.jpg,./unit1/mmWave_data/mmWave_power_601.txt,./unit1/GPS_data/gps_location.txt,./unit2/GPS_data/gps_location_601.txt,,12,6,['00-47-49-750'],1,17,G2 G6 G12 G17 G19 G24 G28 R12 R13 R22 R23 R24 E13 E15 E21 E27 E30,3D,Yes,1.4,0.7
603,./unit1/camera_data/image_BS1_3211_00_47_49.jpg,./unit1/mmWave_data/mmWave_power_602.txt,./unit1/GPS_data/gps_location.txt,./unit2/GPS_data/gps_location_602.txt,,10,6,['00-47-49-875'],1,12,G2 G6 G12 G17 G19 G24 G28 R12 R13 R22 R23 R24,3D,Yes,1.4,0.7
604,./unit1/camera_data/image_BS1_3212_00_47_50.jpg,./unit1/mmWave_data/mmWave_power_603.txt,./unit1/GPS_data/gps_location.txt,./unit2/GPS_data/gps_location_603.txt,,11,6,['00-47-50-0'],1,22,G2 G6 G12 G17 G19 G24 G28 R12 R13 R22 R23 R24 E13 E15 E21 E27 E30 B11 B12 B24 B25 B26,3D,Yes,1.4,0.7
605,./unit1/camera_data/image_BS1_3213_00_47_50.jpg,./unit1/mmWave_data/mmWave_power_604.txt,./unit1/GPS_data/gps_location.txt,./unit2/GPS_data/gps_location_604.txt,,10,6,['00-47-50-111'],1,17,G2 G6 G12 G17 G19 G24 G28 R12 R13 R22 R23 R24 E13 E15 E21 E27 E30,3D,Yes,1.4,0.7
606,./unit1/camera_data/image_BS1_3214_00_47_50.jpg,./unit1/mmWave_data/mmWave_power_605.txt,./unit1/GPS_data/gps_location.txt,./unit2/GPS_data/gps_location_605.txt,,10,6,['00-47-50-222'],1,17,G2 G6 G12 G17 G19 G24 G28 R12 R13 R22 R23 R24 E13 E15 E21 E27 E30,3D,Yes,1.5,0.8
607,./unit1/camera_data/image_BS1_3215_00_47_50.jpg,./unit1/mmWave_data/mmWave_power_606.txt,./unit1/GPS_data/gps_location.txt,./unit2/GPS_data/gps_location_606.txt,,10,6,['00-47-50-333'],1,17,G2 G6 G12 G17 G19 G24 G28 R12 R13 R22 R23 R24 E13 E15 E21 E27 E30,3D,Yes,1.9,0.9
608,./unit1/camera_data/image_BS1_3216_00_47_50.jpg,./unit1/mmWave_data/mmWave_power_607.txt,./unit1/GPS_data/gps_location.txt,./unit2/GPS_data/gps_location_607.txt,,8,6,['00-47-50-444'],1,12,G2 G6 G12 G17 G19 G24 G28 R12 R13 R22 R23 R24,3D,Yes,1.9,0.9
609,./unit1/camera_data/image_BS1_3217_00_47_50.jpg,./unit1/mmWave_data/mmWave_power_608.txt,./unit1/GPS_data/gps_location.txt,./unit2/GPS_data/gps_location_608.txt,,6,6,['00-47-50-555'],1,12,G2 G6 G12 G17 G19 G24 G28 R12 R13 R22 R23 R24,3D,Yes,1.9,0.9
610,./unit1/camera_data/image_BS1_3218_00_47_50.jpg,./unit1/mmWave_data/mmWave_power_609.txt,./unit1/GPS_data/gps_location.txt,./unit2/GPS_data/gps_location_609.txt,,6,6,['00-47-50-666'],1,12,G2 G6 G12 G17 G19 G24 G28 R12 R13 R22 R23 R24,3D,Yes,1.9,0.9
611,./unit1/camera_data/image_BS1_3219_00_47_50.jpg,./unit1/mmWave_data/mmWave_power_610.txt,./unit1/GPS_data/gps_location.txt,./unit2/GPS_data/gps_location_610.txt,,7,6,['00-47-50-777'],1,12,G2 G6 G12 G17 G19 G24 G28 R12 R13 R22 R23 R24,3D,Yes,1.9,0.9
612,./unit1/camera_data/image_BS1_3220_00_47_50.jpg,./unit1/mmWave_data/mmWave_power_611.txt,./unit1/GPS_data/gps_location.txt,./unit2/GPS_data/gps_location_611.txt,,6,6,['00-47-50-888'],1,12,G2 G6 G12 G17 G19 G24 G28 R12 R13 R22 R23 R24,3D,Yes,1.5,0.8
613,./unit1/camera_data/image_BS1_3221_00_47_51.jpg,./unit1/mmWave_data/mmWave_power_612.txt,./unit1/GPS_data/gps_location.txt,./unit2/GPS_data/gps_location_612.txt,,4,6,['00-47-51-0'],1,17,G2 G6 G12 G17 G19 G24 G28 R12 R13 R22 R23 R24 E13 E15 E21 E27 E30,3D,Yes,1.4,0.8
614,./unit1/camera_data/image_BS1_3222_00_47_51.jpg,./unit1/mmWave_data/mmWave_power_613.txt,./unit1/GPS_data/gps_location.txt,./unit2/GPS_data/gps_location_613.txt,,6,6,['00-47-51-142'],1,17,G2 G6 G12 G17 G19 G24 G28 R12 R13 R22 R23 R24 E13 E15 E21 E27 E30,3D,Yes,1.6,0.8
615,./unit1/camera_data/image_BS1_3223_00_47_51.jpg,./unit1/mmWave_data/mmWave_power_614.txt,./unit1/GPS_data/gps_location.txt,./unit2/GPS_data/gps_location_614.txt,,3,6,['00-47-51-284'],1,17,G2 G6 G12 G17 G19 G24 G28 R12 R13 R22 R23 R24 E13 E15 E21 E27 E30,3D,Yes,1.6,0.8
616,./unit1/camera_data/image_BS1_3224_00_47_51.jpg,./unit1/mmWave_data/mmWave_power_615.txt,./unit1/GPS_data/gps_location.txt,./unit2/GPS_data/gps_location_615.txt,,3,6,['00-47-51-426'],1,17,G2 G6 G12 G17 G19 G24 G28 R12 R13 R22 R23 R24 E13 E15 E21 E27 E30,3D,Yes,1.6,0.8
617,./unit1/camera_data/image_BS1_3225_00_47_51.jpg,./unit1/mmWave_data/mmWave_power_616.txt,./unit1/GPS_data/gps_location.txt,./unit2/GPS_data/gps_location_616.txt,,2,6,['00-47-51-568'],1,17,G2 G6 G12 G17 G19 G24 G28 R12 R13 R22 R23 R24 E13 E15 E21 E27 E30,3D,Yes,1.6,0.8
618,./unit1/camera_data/image_BS1_3226_00_47_51.jpg,./unit1/mmWave_data/mmWave_power_617.txt,./unit1/GPS_data/gps_location.txt,./unit2/GPS_data/gps_location_617.txt,,4,6,['00-47-51-710'],1,17,G2 G6 G12 G17 G19 G24 G28 R12 R13 R22 R23 R24 E13 E15 E21 E27 E30,3D,Yes,1.6,0.8
619,./unit1/camera_data/image_BS1_3227_00_47_51.jpg,./unit1/mmWave_data/mmWave_power_618.txt,./unit1/GPS_data/gps_location.txt,./unit2/GPS_data/gps_location_618.txt,,18,6,['00-47-51-852'],1,12,G2 G6 G12 G17 G19 G24 G28 R12 R13 R22 R23 R24,3D,Yes,1.6,0.8
620,./unit1/camera_data/image_BS1_3228_00_47_52.jpg,./unit1/mmWave_data/mmWave_power_619.txt,./unit1/GPS_data/gps_location.txt,./unit2/GPS_data/gps_location_619.txt,,2,6,['00-47-52-0'],1,22,G2 G6 G12 G17 G19 G24 G28 R12 R13 R22 R23 R24 E13 E15 E21 E27 E30 B11 B12 B24 B25 B26,3D,Yes,1.6,0.8
621,./unit1/camera_data/image_BS1_3229_00_47_52.jpg,./unit1/mmWave_data/mmWave_power_620.txt,./unit1/GPS_data/gps_location.txt,./unit2/GPS_data/gps_location_620.txt,,2,6,['00-47-52-500'],1,17,G2 G6 G12 G17 G19 G24 G28 R12 R13 R22 R23 R24 E13 E15 E21 E27 E30,3D,Yes,1.7,0.9
622,./unit1/camera_data/image_BS1_3446_00_48_19.jpg,./unit1/mmWave_data/mmWave_power_621.txt,./unit1/GPS_data/gps_location.txt,./unit2/GPS_data/gps_location_621.txt,,2,7,['00-48-19-0'],0,17,G2 G6 G12 G17 G19 G24 G28 R12 R13 R22 R23 R24 E13 E15 E21 E27 E30,3D,Yes,1.3,0.7
623,./unit1/camera_data/image_BS1_3447_00_48_19.jpg,./unit1/mmWave_data/mmWave_power_622.txt,./unit1/GPS_data/gps_location.txt,./unit2/GPS_data/gps_location_622.txt,,2,7,['00-48-19-142'],0,17,G2 G6 G12 G17 G19 G24 G28 R12 R13 R22 R23 R24 E13 E15 E21 E27 E30,3D,Yes,1.3,0.7
624,./unit1/camera_data/image_BS1_3448_00_48_19.jpg,./unit1/mmWave_data/mmWave_power_623.txt,./unit1/GPS_data/gps_location.txt,./unit2/GPS_data/gps_location_623.txt,,2,7,['00-48-19-284'],0,12,G2 G6 G12 G17 G19 G24 G28 R12 R13 R22 R23 R24,3D,Yes,1.3,0.7
625,./unit1/camera_data/image_BS1_3449_00_48_19.jpg,./unit1/mmWave_data/mmWave_power_624.txt,./unit1/GPS_data/gps_location.txt,./unit2/GPS_data/gps_location_624.txt,,2,7,['00-48-19-426'],0,12,G2 G6 G12 G17 G19 G24 G28 R12 R13 R22 R23 R24,3D,Yes,1.3,0.7
626,./unit1/camera_data/image_BS1_3450_00_48_19.jpg,./unit1/mmWave_data/mmWave_power_625.txt,./unit1/GPS_data/gps_location.txt,./unit2/GPS_data/gps_location_625.txt,,2,7,['00-48-19-568'],0,7,G2 G6 G12 G17 G19 G24 G28,3D,Yes,1.3,0.7
627,./unit1/camera_data/image_BS1_3451_00_48_19.jpg,./unit1/mmWave_data/mmWave_power_626.txt,./unit1/GPS_data/gps_location.txt,./unit2/GPS_data/gps_location_626.txt,,2,7,['00-48-19-710'],0,17,G2 G6 G12 G17 G19 G24 G28 R12 R13 R22 R23 R24 E13 E15 E21 E27 E30,3D,Yes,1.3,0.7
628,./unit1/camera_data/image_BS1_3452_00_48_19.jpg,./unit1/mmWave_data/mmWave_power_627.txt,./unit1/GPS_data/gps_location.txt,./unit2/GPS_data/gps_location_627.txt,,2,7,['00-48-19-852'],0,17,G2 G6 G12 G17 G19 G24 G28 R12 R13 R22 R23 R24 E13 E15 E21 E27 E30,3D,Yes,1.3,0.7
629,./unit1/camera_data/image_BS1_3453_00_48_20.jpg,./unit1/mmWave_data/mmWave_power_628.txt,./unit1/GPS_data/gps_location.txt,./unit2/GPS_data/gps_location_628.txt,,3,7,['00-48-20-0'],0,12,G2 G6 G12 G17 G19 G24 G28 R12 R13 R22 R23 R24,3D,Yes,1.1,0.6
630,./unit1/camera_data/image_BS1_3454_00_48_20.jpg,./unit1/mmWave_data/mmWave_power_629.txt,./unit1/GPS_data/gps_location.txt,./unit2/GPS_data/gps_location_629.txt,,3,7,['00-48-20-125'],0,17,G2 G6 G12 G17 G19 G24 G28 R12 R13 R22 R23 R24 E13 E15 E21 E27 E30,3D,Yes,1.1,0.6
631,./unit1/camera_data/image_BS1_3455_00_48_20.jpg,./unit1/mmWave_data/mmWave_power_630.txt,./unit1/GPS_data/gps_location.txt,./unit2/GPS_data/gps_location_630.txt,,3,7,['00-48-20-250'],0,17,G2 G6 G12 G17 G19 G24 G28 R12 R13 R22 R23 R24 E13 E15 E21 E27 E30,3D,Yes,1.1,0.6
632,./unit1/camera_data/image_BS1_3456_00_48_20.jpg,./unit1/mmWave_data/mmWave_power_631.txt,./unit1/GPS_data/gps_location.txt,./unit2/GPS_data/gps_location_631.txt,,3,7,['00-48-20-375'],0,17,G2 G6 G12 G17 G19 G24 G28 R12 R13 R22 R23 R24 E13 E15 E21 E27 E30,3D,Yes,1.3,0.7
633,./unit1/camera_data/image_BS1_3457_00_48_20.jpg,./unit1/mmWave_data/mmWave_power_632.txt,./unit1/GPS_data/gps_location.txt,./unit2/GPS_data/gps_location_632.txt,,4,7,['00-48-20-500'],0,17,G2 G6 G12 G17 G19 G24 G28 R12 R13 R22 R23 R24 E13 E15 E21 E27 E30,3D,Yes,1.3,0.7
634,./unit1/camera_data/image_BS1_3458_00_48_20.jpg,./unit1/mmWave_data/mmWave_power_633.txt,./unit1/GPS_data/gps_location.txt,./unit2/GPS_data/gps_location_633.txt,,3,7,['00-48-20-625'],0,17,G2 G6 G12 G17 G19 G24 G28 R12 R13 R22 R23 R24 E13 E15 E21 E27 E30,3D,Yes,1.3,0.7
635,./unit1/camera_data/image_BS1_3459_00_48_20.jpg,./unit1/mmWave_data/mmWave_power_634.txt,./unit1/GPS_data/gps_location.txt,./unit2/GPS_data/gps_location_634.txt,,6,7,['00-48-20-750'],0,12,G2 G6 G12 G17 G19 G24 G28 R12 R13 R22 R23 R24,3D,Yes,1.3,0.7
636,./unit1/camera_data/image_BS1_3460_00_48_20.jpg,./unit1/mmWave_data/mmWave_power_635.txt,./unit1/GPS_data/gps_location.txt,./unit2/GPS_data/gps_location_635.txt,,5,7,['00-48-20-875'],0,17,G2 G6 G12 G17 G19 G24 G28 R12 R13 R22 R23 R24 E13 E15 E21 E27 E30,3D,Yes,1.1,0.6
637,./unit1/camera_data/image_BS1_3461_00_48_21.jpg,./unit1/mmWave_data/mmWave_power_636.txt,./unit1/GPS_data/gps_location.txt,./unit2/GPS_data/gps_location_636.txt,,6,7,['00-48-21-0'],0,17,G2 G6 G12 G17 G19 G24 G28 R12 R13 R22 R23 R24 E13 E15 E21 E27 E30,3D,Yes,1.1,0.6
638,./unit1/camera_data/image_BS1_3462_00_48_21.jpg,./unit1/mmWave_data/mmWave_power_637.txt,./unit1/GPS_data/gps_location.txt,./unit2/GPS_data/gps_location_637.txt,,6,7,['00-48-21-111'],0,17,G2 G6 G12 G17 G19 G24 G28 R12 R13 R22 R23 R24 E13 E15 E21 E27 E30,3D,Yes,1.1,0.6
639,./unit1/camera_data/image_BS1_3463_00_48_21.jpg,./unit1/mmWave_data/mmWave_power_638.txt,./unit1/GPS_data/gps_location.txt,./unit2/GPS_data/gps_location_638.txt,,6,7,['00-48-21-222'],0,17,G2 G6 G12 G17 G19 G24 G28 R12 R13 R22 R23 R24 E13 E15 E21 E27 E30,3D,Yes,1.1,0.6
640,./unit1/camera_data/image_BS1_3464_00_48_21.jpg,./unit1/mmWave_data/mmWave_power_639.txt,./unit1/GPS_data/gps_location.txt,./unit2/GPS_data/gps_location_639.txt,,6,7,['00-48-21-333'],0,17,G2 G6 G12 G17 G19 G24 G28 R12 R13 R22 R23 R24 E13 E15 E21 E27 E30,3D,Yes,1.1,0.6
641,./unit1/camera_data/image_BS1_3465_00_48_21.jpg,./unit1/mmWave_data/mmWave_power_640.txt,./unit1/GPS_data/gps_location.txt,./unit2/GPS_data/gps_location_640.txt,,7,7,['00-48-21-444'],0,17,G2 G6 G12 G17 G19 G24 G28 R12 R13 R22 R23 R24 E13 E15 E21 E27 E30,3D,Yes,1.1,0.6
642,./unit1/camera_data/image_BS1_3466_00_48_21.jpg,./unit1/mmWave_data/mmWave_power_641.txt,./unit1/GPS_data/gps_location.txt,./unit2/GPS_data/gps_location_641.txt,,7,7,['00-48-21-555'],0,17,G2 G6 G12 G17 G19 G24 G28 R12 R13 R22 R23 R24 E13 E15 E21 E27 E30,3D,Yes,1.1,0.6
643,./unit1/camera_data/image_BS1_3467_00_48_21.jpg,./unit1/mmWave_data/mmWave_power_642.txt,./unit1/GPS_data/gps_location.txt,./unit2/GPS_data/gps_location_642.txt,,7,7,['00-48-21-666'],0,12,G2 G6 G12 G17 G19 G24 G28 R12 R13 R22 R23 R24,3D,Yes,1.3,0.7
644,./unit1/camera_data/image_BS1_3468_00_48_21.jpg,./unit1/mmWave_data/mmWave_power_643.txt,./unit1/GPS_data/gps_location.txt,./unit2/GPS_data/gps_location_643.txt,,10,7,['00-48-21-777'],0,17,G2 G6 G12 G17 G19 G24 G28 R12 R13 R22 R23 R24 E13 E15 E21 E27 E30,3D,Yes,1.3,0.7
645,./unit1/camera_data/image_BS1_3469_00_48_21.jpg,./unit1/mmWave_data/mmWave_power_644.txt,./unit1/GPS_data/gps_location.txt,./unit2/GPS_data/gps_location_644.txt,,10,7,['00-48-21-888'],0,12,G2 G6 G12 G17 G19 G24 G28 R12 R13 R22 R23 R24,3D,Yes,1.3,0.7
646,./unit1/camera_data/image_BS1_3470_00_48_22.jpg,./unit1/mmWave_data/mmWave_power_645.txt,./unit1/GPS_data/gps_location.txt,./unit2/GPS_data/gps_location_645.txt,,10,7,['00-48-22-0'],0,22,G2 G6 G12 G17 G19 G24 G28 R12 R13 R22 R23 R24 E13 E15 E21 E27 E30 B11 B12 B24 B25 B26,3D,Yes,1.3,0.7
647,./unit1/camera_data/image_BS1_3471_00_48_22.jpg,./unit1/mmWave_data/mmWave_power_646.txt,./unit1/GPS_data/gps_location.txt,./unit2/GPS_data/gps_location_646.txt,,11,7,['00-48-22-125'],0,17,G2 G6 G12 G17 G19 G24 G28 R12 R13 R22 R23 R24 E13 E15 E21 E27 E30,3D,Yes,1.1,0.6
648,./unit1/camera_data/image_BS1_3472_00_48_22.jpg,./unit1/mmWave_data/mmWave_power_647.txt,./unit1/GPS_data/gps_location.txt,./unit2/GPS_data/gps_location_647.txt,,10,7,['00-48-22-250'],0,17,G2 G6 G12 G17 G19 G24 G28 R12 R13 R22 R23 R24 E13 E15 E21 E27 E30,3D,Yes,1.3,0.7
649,./unit1/camera_data/image_BS1_3473_00_48_22.jpg,./unit1/mmWave_data/mmWave_power_648.txt,./unit1/GPS_data/gps_location.txt,./unit2/GPS_data/gps_location_648.txt,,10,7,['00-48-22-375'],0,22,G2 G6 G12 G17 G19 G24 G28 R12 R13 R22 R23 R24 E13 E15 E21 E27 E30 B11 B12 B24 B25 B26,3D,Yes,1.3,0.7
650,./unit1/camera_data/image_BS1_3474_00_48_22.jpg,./unit1/mmWave_data/mmWave_power_649.txt,./unit1/GPS_data/gps_location.txt,./unit2/GPS_data/gps_location_649.txt,,10,7,['00-48-22-500'],0,12,G2 G6 G12 G17 G19 G24 G28 R12 R13 R22 R23 R24,3D,Yes,1.3,0.7
651,./unit1/camera_data/image_BS1_3475_00_48_22.jpg,./unit1/mmWave_data/mmWave_power_650.txt,./unit1/GPS_data/gps_location.txt,./unit2/GPS_data/gps_location_650.txt,,10,7,['00-48-22-625'],0,17,G2 G6 G12 G17 G19 G24 G28 R12 R13 R22 R23 R24 E13 E15 E21 E27 E30,3D,Yes,1.1,0.6
652,./unit1/camera_data/image_BS1_3476_00_48_22.jpg,./unit1/mmWave_data/mmWave_power_651.txt,./unit1/GPS_data/gps_location.txt,./unit2/GPS_data/gps_location_651.txt,,11,7,['00-48-22-750'],0,7,G2 G6 G12 G17 G19 G24 G28,3D,Yes,1.3,0.7
653,./unit1/camera_data/image_BS1_3477_00_48_22.jpg,./unit1/mmWave_data/mmWave_power_652.txt,./unit1/GPS_data/gps_location.txt,./unit2/GPS_data/gps_location_652.txt,,11,7,['00-48-22-875'],0,17,G2 G6 G12 G17 G19 G24 G28 R12 R13 R22 R23 R24 E13 E15 E21 E27 E30,3D,Yes,1.3,0.7
654,./unit1/camera_data/image_BS1_3478_00_48_23.jpg,./unit1/mmWave_data/mmWave_power_653.txt,./unit1/GPS_data/gps_location.txt,./unit2/GPS_data/gps_location_653.txt,,13,7,['00-48-23-0'],0,17,G2 G6 G12 G17 G19 G24 G28 R12 R13 R22 R23 R24 E13 E15 E21 E27 E30,3D,Yes,1.3,0.7
655,./unit1/camera_data/image_BS1_3479_00_48_23.jpg,./unit1/mmWave_data/mmWave_power_654.txt,./unit1/GPS_data/gps_location.txt,./unit2/GPS_data/gps_location_654.txt,,13,7,['00-48-23-166'],0,17,G2 G6 G12 G17 G19 G24 G28 R12 R13 R22 R23 R24 E13 E15 E21 E27 E30,3D,Yes,1.3,0.7
656,./unit1/camera_data/image_BS1_3480_00_48_23.jpg,./unit1/mmWave_data/mmWave_power_655.txt,./unit1/GPS_data/gps_location.txt,./unit2/GPS_data/gps_location_655.txt,,14,7,['00-48-23-332'],0,17,G2 G6 G12 G17 G19 G24 G28 R12 R13 R22 R23 R24 E13 E15 E21 E27 E30,3D,Yes,1.3,0.7
657,./unit1/camera_data/image_BS1_3481_00_48_23.jpg,./unit1/mmWave_data/mmWave_power_656.txt,./unit1/GPS_data/gps_location.txt,./unit2/GPS_data/gps_location_656.txt,,13,7,['00-48-23-498'],0,17,G2 G6 G12 G17 G19 G24 G28 R12 R13 R22 R23 R24 E13 E15 E21 E27 E30,3D,Yes,1.3,0.7
658,./unit1/camera_data/image_BS1_3482_00_48_23.jpg,./unit1/mmWave_data/mmWave_power_657.txt,./unit1/GPS_data/gps_location.txt,./unit2/GPS_data/gps_location_657.txt,,14,7,['00-48-23-664'],0,12,G2 G6 G12 G17 G19 G24 G28 R12 R13 R22 R23 R24,3D,Yes,1.3,0.7
659,./unit1/camera_data/image_BS1_3483_00_48_23.jpg,./unit1/mmWave_data/mmWave_power_658.txt,./unit1/GPS_data/gps_location.txt,./unit2/GPS_data/gps_location_658.txt,,16,7,['00-48-23-830'],0,7,G2 G6 G12 G17 G19 G24 G28,3D,Yes,1.3,0.7
660,./unit1/camera_data/image_BS1_3484_00_48_24.jpg,./unit1/mmWave_data/mmWave_power_659.txt,./unit1/GPS_data/gps_location.txt,./unit2/GPS_data/gps_location_659.txt,,16,7,['00-48-24-0'],0,17,G2 G6 G12 G17 G19 G24 G28 R12 R13 R22 R23 R24 E13 E15 E21 E27 E30,3D,Yes,1.3,0.7
661,./unit1/camera_data/image_BS1_3485_00_48_24.jpg,./unit1/mmWave_data/mmWave_power_660.txt,./unit1/GPS_data/gps_location.txt,./unit2/GPS_data/gps_location_660.txt,,16,7,['00-48-24-200'],0,12,G2 G6 G12 G17 G19 G24 G28 R12 R13 R22 R23 R24,3D,Yes,1.3,0.7
662,./unit1/camera_data/image_BS1_3486_00_48_24.jpg,./unit1/mmWave_data/mmWave_power_661.txt,./unit1/GPS_data/gps_location.txt,./unit2/GPS_data/gps_location_661.txt,,17,7,['00-48-24-400'],0,17,G2 G6 G12 G17 G19 G24 G28 R12 R13 R22 R23 R24 E13 E15 E21 E27 E30,3D,Yes,1.3,0.7
663,./unit1/camera_data/image_BS1_3487_00_48_24.jpg,./unit1/mmWave_data/mmWave_power_662.txt,./unit1/GPS_data/gps_location.txt,./unit2/GPS_data/gps_location_662.txt,,16,7,['00-48-24-600'],0,12,G2 G6 G12 G17 G19 G24 G28 R12 R13 R22 R23 R24,3D,Yes,1.3,0.7
664,./unit1/camera_data/image_BS1_3488_00_48_24.jpg,./unit1/mmWave_data/mmWave_power_663.txt,./unit1/GPS_data/gps_location.txt,./unit2/GPS_data/gps_location_663.txt,,17,7,['00-48-24-800'],0,12,G2 G6 G12 G17 G19 G24 G28 R12 R13 R22 R23 R24,3D,Yes,1.3,0.7
665,./unit1/camera_data/image_BS1_3489_00_48_25.jpg,./unit1/mmWave_data/mmWave_power_664.txt,./unit1/GPS_data/gps_location.txt,./unit2/GPS_data/gps_location_664.txt,,17,7,['00-48-25-0'],0,22,G2 G6 G12 G17 G19 G24 G28 R12 R13 R22 R23 R24 E13 E15 E21 E27 E30 B11 B12 B24 B25 B26,3D,Yes,1.3,0.7
666,./unit1/camera_data/image_BS1_3490_00_48_25.jpg,./unit1/mmWave_data/mmWave_power_665.txt,./unit1/GPS_data/gps_location.txt,./unit2/GPS_data/gps_location_665.txt,,19,7,['00-48-25-166'],0,12,G2 G6 G12 G17 G19 G24 G28 R12 R13 R22 R23 R24,3D,Yes,1.3,0.7
667,./unit1/camera_data/image_BS1_3491_00_48_25.jpg,./unit1/mmWave_data/mmWave_power_666.txt,./unit1/GPS_data/gps_location.txt,./unit2/GPS_data/gps_location_666.txt,,19,7,['00-48-25-332'],0,22,G2 G6 G12 G17 G19 G24 G28 R12 R13 R22 R23 R24 E13 E15 E21 E27 E30 B11 B12 B24 B25 B26,3D,Yes,1.3,0.7
668,./unit1/camera_data/image_BS1_3492_00_48_25.jpg,./unit1/mmWave_data/mmWave_power_667.txt,./unit1/GPS_data/gps_location.txt,./unit2/GPS_data/gps_location_667.txt,,20,7,['00-48-25-498'],0,22,G2 G6 G12 G17 G19 G24 G28 R12 R13 R22 R23 R24 E13 E15 E21 E27 E30 B11 B12 B24 B25 B26,3D,Yes,1.3,0.7
669,./unit1/camera_data/image_BS1_3493_00_48_25.jpg,./unit1/mmWave_data/mmWave_power_668.txt,./unit1/GPS_data/gps_location.txt,./unit2/GPS_data/gps_location_668.txt,,20,7,['00-48-25-664'],0,12,G2 G6 G12 G17 G19 G24 G28 R12 R13 R22 R23 R24,3D,Yes,1.3,0.7
670,./unit1/camera_data/image_BS1_3494_00_48_25.jpg,./unit1/mmWave_data/mmWave_power_669.txt,./unit1/GPS_data/gps_location.txt,./unit2/GPS_data/gps_location_669.txt,,21,7,['00-48-25-830'],0,17,G2 G6 G12 G17 G19 G24 G28 R12 R13 R22 R23 R24 E13 E15 E21 E27 E30,3D,Yes,1.3,0.7
671,./unit1/camera_data/image_BS1_3495_00_48_26.jpg,./unit1/mmWave_data/mmWave_power_670.txt,./unit1/GPS_data/gps_location.txt,./unit2/GPS_data/gps_location_670.txt,,20,7,['00-48-26-0'],0,12,G2 G6 G12 G17 G19 G24 G28 R12 R13 R22 R23 R24,3D,Yes,1.3,0.7
672,./unit1/camera_data/image_BS1_3496_00_48_26.jpg,./unit1/mmWave_data/mmWave_power_671.txt,./unit1/GPS_data/gps_location.txt,./unit2/GPS_data/gps_location_671.txt,,21,7,['00-48-26-111'],0,12,G2 G6 G12 G17 G19 G24 G28 R12 R13 R22 R23 R24,3D,Yes,1.3,0.7
673,./unit1/camera_data/image_BS1_3497_00_48_26.jpg,./unit1/mmWave_data/mmWave_power_672.txt,./unit1/GPS_data/gps_location.txt,./unit2/GPS_data/gps_location_672.txt,,21,7,['00-48-26-222'],0,22,G2 G6 G12 G17 G19 G24 G28 R12 R13 R22 R23 R24 E13 E15 E21 E27 E30 B11 B12 B24 B25 B26,3D,Yes,1.3,0.7
674,./unit1/camera_data/image_BS1_3498_00_48_26.jpg,./unit1/mmWave_data/mmWave_power_673.txt,./unit1/GPS_data/gps_location.txt,./unit2/GPS_data/gps_location_673.txt,,21,7,['00-48-26-333'],0,17,G2 G6 G12 G17 G19 G24 G28 R12 R13 R22 R23 R24 E13 E15 E21 E27 E30,3D,Yes,1.3,0.7
675,./unit1/camera_data/image_BS1_3499_00_48_26.jpg,./unit1/mmWave_data/mmWave_power_674.txt,./unit1/GPS_data/gps_location.txt,./unit2/GPS_data/gps_location_674.txt,,22,7,['00-48-26-444'],0,12,G2 G6 G12 G17 G19 G24 G28 R12 R13 R22 R23 R24,3D,Yes,1.3,0.7
676,./unit1/camera_data/image_BS1_3500_00_48_26.jpg,./unit1/mmWave_data/mmWave_power_675.txt,./unit1/GPS_data/gps_location.txt,./unit2/GPS_data/gps_location_675.txt,,21,7,['00-48-26-555'],0,22,G2 G6 G12 G17 G19 G24 G28 R12 R13 R22 R23 R24 E13 E15 E21 E27 E30 B11 B12 B24 B25 B26,3D,Yes,1.3,0.7
677,./unit1/camera_data/image_BS1_3501_00_48_26.jpg,./unit1/mmWave_data/mmWave_power_676.txt,./unit1/GPS_data/gps_location.txt,./unit2/GPS_data/gps_location_676.txt,,21,7,['00-48-26-666'],0,17,G2 G6 G12 G17 G19 G24 G28 R12 R13 R22 R23 R24 E13 E15 E21 E27 E30,3D,Yes,1.1,0.6
678,./unit1/camera_data/image_BS1_3502_00_48_26.jpg,./unit1/mmWave_data/mmWave_power_677.txt,./unit1/GPS_data/gps_location.txt,./unit2/GPS_data/gps_location_677.txt,,22,7,['00-48-26-777'],0,17,G2 G6 G12 G17 G19 G24 G28 R12 R13 R22 R23 R24 E13 E15 E21 E27 E30,3D,Yes,1.1,0.6
679,./unit1/camera_data/image_BS1_3503_00_48_26.jpg,./unit1/mmWave_data/mmWave_power_678.txt,./unit1/GPS_data/gps_location.txt,./unit2/GPS_data/gps_location_678.txt,,22,7,['00-48-26-888'],0,12,G2 G6 G12 G17 G19 G24 G28 R12 R13 R22 R23 R24,3D,Yes,1.3,0.7
680,./unit1/camera_data/image_BS1_3504_00_48_27.jpg,./unit1/mmWave_data/mmWave_power_679.txt,./unit1/GPS_data/gps_location.txt,./unit2/GPS_data/gps_location_679.txt,,22,7,['00-48-27-0'],0,17,G2 G6 G12 G17 G19 G24 G28 R12 R13 R22 R23 R24 E13 E15 E21 E27 E30,3D,Yes,1.3,0.7
681,./unit1/camera_data/image_BS1_3505_00_48_27.jpg,./unit1/mmWave_data/mmWave_power_680.txt,./unit1/GPS_data/gps_location.txt,./unit2/GPS_data/gps_location_680.txt,,23,7,['00-48-27-125'],0,22,G2 G6 G12 G17 G19 G24 G28 R12 R13 R22 R23 R24 E13 E15 E21 E27 E30 B11 B12 B24 B25 B26,3D,Yes,1.3,0.7
682,./unit1/camera_data/image_BS1_3506_00_48_27.jpg,./unit1/mmWave_data/mmWave_power_681.txt,./unit1/GPS_data/gps_location.txt,./unit2/GPS_data/gps_location_681.txt,,22,7,['00-48-27-250'],0,17,G2 G6 G12 G17 G19 G24 G28 R12 R13 R22 R23 R24 E13 E15 E21 E27 E30,3D,Yes,1.1,0.6
683,./unit1/camera_data/image_BS1_3507_00_48_27.jpg,./unit1/mmWave_data/mmWave_power_682.txt,./unit1/GPS_data/gps_location.txt,./unit2/GPS_data/gps_location_682.txt,,23,7,['00-48-27-375'],0,22,G2 G6 G12 G17 G19 G24 G28 R12 R13 R22 R23 R24 E13 E15 E21 E27 E30 B11 B12 B24 B25 B26,3D,Yes,1.1,0.6
684,./unit1/camera_data/image_BS1_3508_00_48_27.jpg,./unit1/mmWave_data/mmWave_power_683.txt,./unit1/GPS_data/gps_location.txt,./unit2/GPS_data/gps_location_683.txt,,23,7,['00-48-27-500'],0,12,G2 G6 G12 G17 G19 G24 G28 R12 R13 R22 R23 R24,3D,Yes,1.1,0.6
685,./unit1/camera_data/image_BS1_3509_00_48_27.jpg,./unit1/mmWave_data/mmWave_power_684.txt,./unit1/GPS_data/gps_location.txt,./unit2/GPS_data/gps_location_684.txt,,23,7,['00-48-27-625'],0,12,G2 G6 G12 G17 G19 G24 G28 R12 R13 R22 R23 R24,3D,Yes,1.1,0.6
686,./unit1/camera_data/image_BS1_3510_00_48_27.jpg,./unit1/mmWave_data/mmWave_power_685.txt,./unit1/GPS_data/gps_location.txt,./unit2/GPS_data/gps_location_685.txt,,23,7,['00-48-27-750'],0,17,G2 G6 G12 G17 G19 G24 G28 R12 R13 R22 R23 R24 E13 E15 E21 E27 E30,3D,Yes,1.1,0.6
687,./unit1/camera_data/image_BS1_3511_00_48_27.jpg,./unit1/mmWave_data/mmWave_power_686.txt,./unit1/GPS_data/gps_location.txt,./unit2/GPS_data/gps_location_686.txt,,25,7,['00-48-27-875'],0,12,G2 G6 G12 G17 G19 G24 G28 R12 R13 R22 R23 R24,3D,Yes,1.1,0.6
688,./unit1/camera_data/image_BS1_3512_00_48_28.jpg,./unit1/mmWave_data/mmWave_power_687.txt,./unit1/GPS_data/gps_location.txt,./unit2/GPS_data/gps_location_687.txt,,23,7,['00-48-28-0'],0,17,G2 G6 G12 G17 G19 G24 G28 R12 R13 R22 R23 R24 E13 E15 E21 E27 E30,3D,Yes,1.1,0.6
689,./unit1/camera_data/image_BS1_3513_00_48_28.jpg,./unit1/mmWave_data/mmWave_power_688.txt,./unit1/GPS_data/gps_location.txt,./unit2/GPS_data/gps_location_688.txt,,25,7,['00-48-28-111'],0,17,G2 G6 G12 G17 G19 G24 G28 R12 R13 R22 R23 R24 E13 E15 E21 E27 E30,3D,Yes,1.1,0.6
690,./unit1/camera_data/image_BS1_3514_00_48_28.jpg,./unit1/mmWave_data/mmWave_power_689.txt,./unit1/GPS_data/gps_location.txt,./unit2/GPS_data/gps_location_689.txt,,26,7,['00-48-28-222'],0,17,G2 G6 G12 G17 G19 G24 G28 R12 R13 R22 R23 R24 E13 E15 E21 E27 E30,3D,Yes,1.1,0.6
691,./unit1/camera_data/image_BS1_3515_00_48_28.jpg,./unit1/mmWave_data/mmWave_power_690.txt,./unit1/GPS_data/gps_location.txt,./unit2/GPS_data/gps_location_690.txt,,26,7,['00-48-28-333'],0,17,G2 G6 G12 G17 G19 G24 G28 R12 R13 R22 R23 R24 E13 E15 E21 E27 E30,3D,Yes,1.3,0.7
692,./unit1/camera_data/image_BS1_3516_00_48_28.jpg,./unit1/mmWave_data/mmWave_power_691.txt,./unit1/GPS_data/gps_location.txt,./unit2/GPS_data/gps_location_691.txt,,26,7,['00-48-28-444'],0,22,G2 G6 G12 G17 G19 G24 G28 R12 R13 R22 R23 R24 E13 E15 E21 E27 E30 B11 B12 B24 B25 B26,3D,Yes,1.3,0.7
693,./unit1/camera_data/image_BS1_3517_00_48_28.jpg,./unit1/mmWave_data/mmWave_power_692.txt,./unit1/GPS_data/gps_location.txt,./unit2/GPS_data/gps_location_692.txt,,26,7,['00-48-28-555'],0,22,G2 G6 G12 G17 G19 G24 G28 R12 R13 R22 R23 R24 E13 E15 E21 E27 E30 B11 B12 B24 B25 B26,3D,Yes,1.3,0.7
694,./unit1/camera_data/image_BS1_3518_00_48_28.jpg,./unit1/mmWave_data/mmWave_power_693.txt,./unit1/GPS_data/gps_location.txt,./unit2/GPS_data/gps_location_693.txt,,26,7,['00-48-28-666'],0,17,G2 G6 G12 G17 G19 G24 G28 R12 R13 R22 R23 R24 E13 E15 E21 E27 E30,3D,Yes,1.1,0.6
695,./unit1/camera_data/image_BS1_3519_00_48_28.jpg,./unit1/mmWave_data/mmWave_power_694.txt,./unit1/GPS_data/gps_location.txt,./unit2/GPS_data/gps_location_694.txt,,26,7,['00-48-28-777'],0,12,G2 G6 G12 G17 G19 G24 G28 R12 R13 R22 R23 R24,3D,Yes,1.1,0.6
696,./unit1/camera_data/image_BS1_3520_00_48_28.jpg,./unit1/mmWave_data/mmWave_power_695.txt,./unit1/GPS_data/gps_location.txt,./unit2/GPS_data/gps_location_695.txt,,26,7,['00-48-28-888'],0,17,G2 G6 G12 G17 G19 G24 G28 R12 R13 R22 R23 R24 E13 E15 E21 E27 E30,3D,Yes,1.1,0.6
697,./unit1/camera_data/image_BS1_3521_00_48_29.jpg,./unit1/mmWave_data/mmWave_power_696.txt,./unit1/GPS_data/gps_location.txt,./unit2/GPS_data/gps_location_696.txt,,27,7,['00-48-29-0'],0,17,G2 G6 G12 G17 G19 G24 G28 R12 R13 R22 R23 R24 E13 E15 E21 E27 E30,3D,Yes,1.3,0.7
698,./unit1/camera_data/image_BS1_3522_00_48_29.jpg,./unit1/mmWave_data/mmWave_power_697.txt,./unit1/GPS_data/gps_location.txt,./unit2/GPS_data/gps_location_697.txt,,26,7,['00-48-29-125'],0,12,G2 G6 G12 G17 G19 G24 G28 R12 R13 R22 R23 R24,3D,Yes,1.3,0.7
699,./unit1/camera_data/image_BS1_3523_00_48_29.jpg,./unit1/mmWave_data/mmWave_power_698.txt,./unit1/GPS_data/gps_location.txt,./unit2/GPS_data/gps_location_698.txt,,26,7,['00-48-29-250'],0,17,G2 G6 G12 G17 G19 G24 G28 R12 R13 R22 R23 R24 E13 E15 E21 E27 E30,3D,Yes,1.3,0.7
700,./unit1/camera_data/image_BS1_3524_00_48_29.jpg,./unit1/mmWave_data/mmWave_power_699.txt,./unit1/GPS_data/gps_location.txt,./unit2/GPS_data/gps_location_699.txt,,25,7,['00-48-29-375'],0,22,G2 G6 G12 G17 G19 G24 G28 R12 R13 R22 R23 R24 E13 E15 E21 E27 E30 B11 B12 B24 B25 B26,3D,Yes,1.1,0.6
701,./unit1/camera_data/image_BS1_3525_00_48_29.jpg,./unit1/mmWave_data/mmWave_power_700.txt,./unit1/GPS_data/gps_location.txt,./unit2/GPS_data/gps_location_700.txt,,27,7,['00-48-29-500'],0,12,G2 G6 G12 G17 G19 G24 G28 R12 R13 R22 R23 R24,3D,Yes,1.1,0.6
702,./unit1/camera_data/image_BS1_3526_00_48_29.jpg,./unit1/mmWave_data/mmWave_power_701.txt,./unit1/GPS_data/gps_location.txt,./unit2/GPS_data/gps_location_701.txt,,27,7,['00-48-29-625'],0,12,G2 G6 G12 G17 G19 G24 G28 R12 R13 R22 R23 R24,3D,Yes,1.1,0.6
703,./unit1/camera_data/image_BS1_3527_00_48_29.jpg,./unit1/mmWave_data/mmWave_power_702.txt,./unit1/GPS_data/gps_location.txt,./unit2/GPS_data/gps_location_702.txt,,28,7,['00-48-29-750'],0,12,G2 G6 G12 G17 G19 G24 G28 R12 R13 R22 R23 R24,3D,Yes,1.3,0.7
704,./unit1/camera_data/image_BS1_3528_00_48_29.jpg,./unit1/mmWave_data/mmWave_power_703.txt,./unit1/GPS_data/gps_location.txt,./unit2/GPS_data/gps_location_703.txt,,28,7,['00-48-29-875'],0,17,G2 G6 G12 G17 G19 G24 G28 R12 R13 R22 R23 R24 E13 E15 E21 E27 E30,3D,Yes,1.3,0.7
705,./unit1/camera_data/image_BS1_3529_00_48_30.jpg,./unit1/mmWave_data/mmWave_power_704.txt,./unit1/GPS_data/gps_location.txt,./unit2/GPS_data/gps_location_704.txt,,28,7,['00-48-30-0'],0,22,G2 G6 G12 G17 G19 G24 G28 R12 R13 R22 R23 R24 E13 E15 E21 E27 E30 B11 B12 B24 B25 B26,3D,Yes,1.3,0.7
706,./unit1/camera_data/image_BS1_3530_00_48_30.jpg,./unit1/mmWave_data/mmWave_power_705.txt,./unit1/GPS_data/gps_location.txt,./unit2/GPS_data/gps_location_705.txt,,28,7,['00-48-30-111'],0,17,G2 G6 G12 G17 G19 G24 G28 R12 R13 R22 R23 R24 E13 E15 E21 E27 E30,3D,Yes,1.3,0.7
707,./unit1/camera_data/image_BS1_3531_00_48_30.jpg,./unit1/mmWave_data/mmWave_power_706.txt,./unit1/GPS_data/gps_location.txt,./unit2/GPS_data/gps_location_706.txt,,28,7,['00-48-30-222'],0,17,G2 G6 G12 G17 G19 G24 G28 R12 R13 R22 R23 R24 E13 E15 E21 E27 E30,3D,Yes,1.3,0.7
708,./unit1/camera_data/image_BS1_3532_00_48_30.jpg,./unit1/mmWave_data/mmWave_power_707.txt,./unit1/GPS_data/gps_location.txt,./unit2/GPS_data/gps_location_707.txt,,29,7,['00-48-30-333'],0,17,G2 G6 G12 G17 G19 G24 G28 R12 R13 R22 R23 R24 E13 E15 E21 E27 E30,3D,Yes,1.3,0.7
709,./unit1/camera_data/image_BS1_3533_00_48_30.jpg,./unit1/mmWave_data/mmWave_power_708.txt,./unit1/GPS_data/gps_location.txt,./unit2/GPS_data/gps_location_708.txt,,28,7,['00-48-30-444'],0,22,G2 G6 G12 G17 G19 G24 G28 R12 R13 R22 R23 R24 E13 E15 E21 E27 E30 B11 B12 B24 B25 B26,3D,Yes,1.3,0.7
710,./unit1/camera_data/image_BS1_3534_00_48_30.jpg,./unit1/mmWave_data/mmWave_power_709.txt,./unit1/GPS_data/gps_location.txt,./unit2/GPS_data/gps_location_709.txt,,29,7,['00-48-30-555'],0,17,G2 G6 G12 G17 G19 G24 G28 R12 R13 R22 R23 R24 E13 E15 E21 E27 E30,3D,Yes,1.1,0.6
711,./unit1/camera_data/image_BS1_3535_00_48_30.jpg,./unit1/mmWave_data/mmWave_power_710.txt,./unit1/GPS_data/gps_location.txt,./unit2/GPS_data/gps_location_710.txt,,29,7,['00-48-30-666'],0,17,G2 G6 G12 G17 G19 G24 G28 R12 R13 R22 R23 R24 E13 E15 E21 E27 E30,3D,Yes,1.1,0.6
712,./unit1/camera_data/image_BS1_3536_00_48_30.jpg,./unit1/mmWave_data/mmWave_power_711.txt,./unit1/GPS_data/gps_location.txt,./unit2/GPS_data/gps_location_711.txt,,29,7,['00-48-30-777'],0,12,G2 G6 G12 G17 G19 G24 G28 R12 R13 R22 R23 R24,3D,Yes,1.1,0.6
713,./unit1/camera_data/image_BS1_3537_00_48_30.jpg,./unit1/mmWave_data/mmWave_power_712.txt,./unit1/GPS_data/gps_location.txt,./unit2/GPS_data/gps_location_712.txt,,32,7,['00-48-30-888'],0,12,G2 G6 G12 G17 G19 G24 G28 R12 R13 R22 R23 R24,3D,Yes,1.1,0.6
714,./unit1/camera_data/image_BS1_3538_00_48_31.jpg,./unit1/mmWave_data/mmWave_power_713.txt,./unit1/GPS_data/gps_location.txt,./unit2/GPS_data/gps_location_713.txt,,31,7,['00-48-31-0'],0,17,G2 G6 G12 G17 G19 G24 G28 R12 R13 R22 R23 R24 E13 E15 E21 E27 E30,3D,Yes,1.1,0.6
715,./unit1/camera_data/image_BS1_3539_00_48_31.jpg,./unit1/mmWave_data/mmWave_power_714.txt,./unit1/GPS_data/gps_location.txt,./unit2/GPS_data/gps_location_714.txt,,23,7,['00-48-31-166'],0,12,G2 G6 G12 G17 G19 G24 G28 R12 R13 R22 R23 R24,3D,Yes,1.1,0.6
716,./unit1/camera_data/image_BS1_3540_00_48_31.jpg,./unit1/mmWave_data/mmWave_power_715.txt,./unit1/GPS_data/gps_location.txt,./unit2/GPS_data/gps_location_715.txt,,15,7,['00-48-31-332'],0,12,G2 G6 G12 G17 G19 G24 G28 R12 R13 R22 R23 R24,3D,Yes,1.1,0.6
717,./unit1/camera_data/image_BS1_3541_00_48_31.jpg,./unit1/mmWave_data/mmWave_power_716.txt,./unit1/GPS_data/gps_location.txt,./unit2/GPS_data/gps_location_716.txt,,33,7,['00-48-31-498'],0,12,G2 G6 G12 G17 G19 G24 G28 R12 R13 R22 R23 R24,3D,Yes,1.1,0.6
718,./unit1/camera_data/image_BS1_3542_00_48_31.jpg,./unit1/mmWave_data/mmWave_power_717.txt,./unit1/GPS_data/gps_location.txt,./unit2/GPS_data/gps_location_717.txt,,33,7,['00-48-31-664'],0,22,G2 G6 G12 G17 G19 G24 G28 R12 R13 R22 R23 R24 E13 E15 E21 E27 E30 B11 B12 B24 B25 B26,3D,Yes,1.3,0.7
719,./unit1/camera_data/image_BS1_3543_00_48_31.jpg,./unit1/mmWave_data/mmWave_power_718.txt,./unit1/GPS_data/gps_location.txt,./unit2/GPS_data/gps_location_718.txt,,36,7,['00-48-31-830'],0,12,G2 G6 G12 G17 G19 G24 G28 R12 R13 R22 R23 R24,3D,Yes,1.4,0.7
720,./unit1/camera_data/image_BS1_3544_00_48_32.jpg,./unit1/mmWave_data/mmWave_power_719.txt,./unit1/GPS_data/gps_location.txt,./unit2/GPS_data/gps_location_719.txt,,37,7,['00-48-32-0'],0,12,G2 G6 G12 G17 G19 G24 G28 R12 R13 R22 R23 R24,3D,Yes,1.1,0.6
721,./unit1/camera_data/image_BS1_3545_00_48_32.jpg,./unit1/mmWave_data/mmWave_power_720.txt,./unit1/GPS_data/gps_location.txt,./unit2/GPS_data/gps_location_720.txt,,37,7,['00-48-32-142'],0,17,G2 G6 G12 G17 G19 G24 G28 R12 R13 R22 R23 R24 E13 E15 E21 E27 E30,3D,Yes,1.4,0.7
722,./unit1/camera_data/image_BS1_3546_00_48_32.jpg,./unit1/mmWave_data/mmWave_power_721.txt,./unit1/GPS_data/gps_location.txt,./unit2/GPS_data/gps_location_721.txt,,38,7,['00-48-32-284'],0,12,G2 G6 G12 G17 G19 G24 G28 R12 R13 R22 R23 R24,3D,Yes,1.3,0.7
723,./unit1/camera_data/image_BS1_3547_00_48_32.jpg,./unit1/mmWave_data/mmWave_power_722.txt,./unit1/GPS_data/gps_location.txt,./unit2/GPS_data/gps_location_722.txt,,39,7,['00-48-32-426'],0,17,G2 G6 G12 G17 G19 G24 G28 R12 R13 R22 R23 R24 E13 E15 E21 E27 E30,3D,Yes,1.3,0.7
724,./unit1/camera_data/image_BS1_3548_00_48_32.jpg,./unit1/mmWave_data/mmWave_power_723.txt,./unit1/GPS_data/gps_location.txt,./unit2/GPS_data/gps_location_723.txt,,38,7,['00-48-32-568'],0,12,G2 G6 G12 G17 G19 G24 G28 R12 R13 R22 R23 R24,3D,Yes,1.3,0.7
725,./unit1/camera_data/image_BS1_3549_00_48_32.jpg,./unit1/mmWave_data/mmWave_power_724.txt,./unit1/GPS_data/gps_location.txt,./unit2/GPS_data/gps_location_724.txt,,42,7,['00-48-32-710'],0,17,G2 G6 G12 G17 G19 G24 G28 R12 R13 R22 R23 R24 E13 E15 E21 E27 E30,3D,Yes,1.3,0.7
726,./unit1/camera_data/image_BS1_3550_00_48_32.jpg,./unit1/mmWave_data/mmWave_power_725.txt,./unit1/GPS_data/gps_location.txt,./unit2/GPS_data/gps_location_725.txt,,42,7,['00-48-32-852'],0,17,G2 G6 G12 G17 G19 G24 G28 R12 R13 R22 R23 R24 E13 E15 E21 E27 E30,3D,Yes,1.4,0.7
727,./unit1/camera_data/image_BS1_3551_00_48_33.jpg,./unit1/mmWave_data/mmWave_power_726.txt,./unit1/GPS_data/gps_location.txt,./unit2/GPS_data/gps_location_726.txt,,43,7,['00-48-33-0'],0,22,G2 G6 G12 G17 G19 G24 G28 R12 R13 R22 R23 R24 E13 E15 E21 E27 E30 B11 B12 B24 B25 B26,3D,Yes,1.4,0.7
728,./unit1/camera_data/image_BS1_3552_00_48_33.jpg,./unit1/mmWave_data/mmWave_power_727.txt,./unit1/GPS_data/gps_location.txt,./unit2/GPS_data/gps_location_727.txt,,44,7,['00-48-33-166'],0,17,G2 G6 G12 G17 G19 G24 G28 R12 R13 R22 R23 R24 E13 E15 E21 E27 E30,3D,Yes,1.3,0.7
729,./unit1/camera_data/image_BS1_3553_00_48_33.jpg,./unit1/mmWave_data/mmWave_power_728.txt,./unit1/GPS_data/gps_location.txt,./unit2/GPS_data/gps_location_728.txt,,46,7,['00-48-33-332'],0,12,G2 G6 G12 G17 G19 G24 G28 R12 R13 R22 R23 R24,3D,Yes,1.3,0.7
730,./unit1/camera_data/image_BS1_3554_00_48_33.jpg,./unit1/mmWave_data/mmWave_power_729.txt,./unit1/GPS_data/gps_location.txt,./unit2/GPS_data/gps_location_729.txt,,48,7,['00-48-33-498'],0,17,G2 G6 G12 G17 G19 G24 G28 R12 R13 R22 R23 R24 E13 E15 E21 E27 E30,3D,Yes,1.3,0.7
731,./unit1/camera_data/image_BS1_3555_00_48_33.jpg,./unit1/mmWave_data/mmWave_power_730.txt,./unit1/GPS_data/gps_location.txt,./unit2/GPS_data/gps_location_730.txt,,48,7,['00-48-33-664'],0,22,G2 G6 G12 G17 G19 G24 G28 R12 R13 R22 R23 R24 E13 E15 E21 E27 E30 B11 B12 B24 B25 B26,3D,Yes,1.5,0.8
732,./unit1/camera_data/image_BS1_3556_00_48_33.jpg,./unit1/mmWave_data/mmWave_power_731.txt,./unit1/GPS_data/gps_location.txt,./unit2/GPS_data/gps_location_731.txt,,48,7,['00-48-33-830'],0,12,G2 G6 G12 G17 G19 G24 G28 R12 R13 R22 R23 R24,3D,Yes,1.5,0.8
733,./unit1/camera_data/image_BS1_3557_00_48_34.jpg,./unit1/mmWave_data/mmWave_power_732.txt,./unit1/GPS_data/gps_location.txt,./unit2/GPS_data/gps_location_732.txt,,49,7,['00-48-34-0'],0,22,G2 G6 G12 G17 G19 G24 G28 R12 R13 R22 R23 R24 E13 E15 E21 E27 E30 B11 B12 B24 B25 B26,3D,Yes,1.5,0.8
734,./unit1/camera_data/image_BS1_3558_00_48_34.jpg,./unit1/mmWave_data/mmWave_power_733.txt,./unit1/GPS_data/gps_location.txt,./unit2/GPS_data/gps_location_733.txt,,51,7,['00-48-34-166'],0,12,G2 G6 G12 G17 G19 G24 G28 R12 R13 R22 R23 R24,3D,Yes,1.5,0.8
735,./unit1/camera_data/image_BS1_3559_00_48_34.jpg,./unit1/mmWave_data/mmWave_power_734.txt,./unit1/GPS_data/gps_location.txt,./unit2/GPS_data/gps_location_734.txt,,51,7,['00-48-34-332'],0,22,G2 G6 G12 G17 G19 G24 G28 R12 R13 R22 R23 R24 E13 E15 E21 E27 E30 B11 B12 B24 B25 B26,3D,Yes,1.4,0.8
736,./unit1/camera_data/image_BS1_3560_00_48_34.jpg,./unit1/mmWave_data/mmWave_power_735.txt,./unit1/GPS_data/gps_location.txt,./unit2/GPS_data/gps_location_735.txt,,52,7,['00-48-34-498'],0,17,G2 G6 G12 G17 G19 G24 G28 R12 R13 R22 R23 R24 E13 E15 E21 E27 E30,3D,Yes,1.4,0.8
737,./unit1/camera_data/image_BS1_3561_00_48_34.jpg,./unit1/mmWave_data/mmWave_power_736.txt,./unit1/GPS_data/gps_location.txt,./unit2/GPS_data/gps_location_736.txt,,53,7,['00-48-34-664'],0,17,G2 G6 G12 G17 G19 G24 G28 R12 R13 R22 R23 R24 E13 E15 E21 E27 E30,3D,Yes,1.2,0.7
738,./unit1/camera_data/image_BS1_3562_00_48_34.jpg,./unit1/mmWave_data/mmWave_power_737.txt,./unit1/GPS_data/gps_location.txt,./unit2/GPS_data/gps_location_737.txt,,55,7,['00-48-34-830'],0,12,G2 G6 G12 G17 G19 G24 G28 R12 R13 R22 R23 R24,3D,Yes,1.3,0.7
739,./unit1/camera_data/image_BS1_3563_00_48_35.jpg,./unit1/mmWave_data/mmWave_power_738.txt,./unit1/GPS_data/gps_location.txt,./unit2/GPS_data/gps_location_738.txt,,54,7,['00-48-35-0'],0,22,G2 G6 G12 G17 G19 G24 G28 R12 R13 R22 R23 R24 E13 E15 E21 E27 E30 B11 B12 B24 B25 B26,3D,Yes,1.3,0.7
740,./unit1/camera_data/image_BS1_3564_00_48_35.jpg,./unit1/mmWave_data/mmWave_power_739.txt,./unit1/GPS_data/gps_location.txt,./unit2/GPS_data/gps_location_739.txt,,55,7,['00-48-35-142'],0,12,G2 G6 G12 G17 G19 G24 G28 R12 R13 R22 R23 R24,3D,Yes,1.3,0.7
741,./unit1/camera_data/image_BS1_3565_00_48_35.jpg,./unit1/mmWave_data/mmWave_power_740.txt,./unit1/GPS_data/gps_location.txt,./unit2/GPS_data/gps_location_740.txt,,55,7,['00-48-35-284'],0,17,G2 G6 G12 G17 G19 G24 G28 R12 R13 R22 R23 R24 E13 E15 E21 E27 E30,3D,Yes,1.3,0.7
742,./unit1/camera_data/image_BS1_3566_00_48_35.jpg,./unit1/mmWave_data/mmWave_power_741.txt,./unit1/GPS_data/gps_location.txt,./unit2/GPS_data/gps_location_741.txt,,56,7,['00-48-35-426'],0,22,G2 G6 G12 G17 G19 G24 G28 R12 R13 R22 R23 R24 E13 E15 E21 E27 E30 B11 B12 B24 B25 B26,3D,Yes,1.3,0.7
743,./unit1/camera_data/image_BS1_3567_00_48_35.jpg,./unit1/mmWave_data/mmWave_power_742.txt,./unit1/GPS_data/gps_location.txt,./unit2/GPS_data/gps_location_742.txt,,57,7,['00-48-35-568'],0,17,G2 G6 G12 G17 G19 G24 G28 R12 R13 R22 R23 R24 E13 E15 E21 E27 E30,3D,Yes,1.3,0.7
744,./unit1/camera_data/image_BS1_3568_00_48_35.jpg,./unit1/mmWave_data/mmWave_power_743.txt,./unit1/GPS_data/gps_location.txt,./unit2/GPS_data/gps_location_743.txt,,59,7,['00-48-35-710'],0,17,G2 G6 G12 G17 G19 G24 G28 R12 R13 R22 R23 R24 E13 E15 E21 E27 E30,3D,Yes,1.3,0.7
745,./unit1/camera_data/image_BS1_3569_00_48_35.jpg,./unit1/mmWave_data/mmWave_power_744.txt,./unit1/GPS_data/gps_location.txt,./unit2/GPS_data/gps_location_744.txt,,61,7,['00-48-35-852'],0,12,G2 G6 G12 G17 G19 G24 G28 R12 R13 R22 R23 R24,3D,Yes,1.3,0.7
746,./unit1/camera_data/image_BS1_3882_00_49_16.jpg,./unit1/mmWave_data/mmWave_power_745.txt,./unit1/GPS_data/gps_location.txt,./unit2/GPS_data/gps_location_745.txt,,61,8,['00-49-16-0'],1,16,G2 G6 G12 G17 G19 G24 R12 R13 R22 R23 R24 E13 E15 E21 E27 E30,3D,Yes,1.4,0.8
747,./unit1/camera_data/image_BS1_3883_00_49_16.jpg,./unit1/mmWave_data/mmWave_power_746.txt,./unit1/GPS_data/gps_location.txt,./unit2/GPS_data/gps_location_746.txt,,59,8,['00-49-16-111'],1,16,G2 G6 G12 G17 G19 G24 R12 R13 R22 R23 R24 E13 E15 E21 E27 E30,3D,Yes,1.4,0.8
748,./unit1/camera_data/image_BS1_3884_00_49_16.jpg,./unit1/mmWave_data/mmWave_power_747.txt,./unit1/GPS_data/gps_location.txt,./unit2/GPS_data/gps_location_747.txt,,59,8,['00-49-16-222'],1,11,G2 G6 G12 G17 G19 G24 R12 R13 R22 R23 R24,3D,Yes,1.4,0.8
749,./unit1/camera_data/image_BS1_3885_00_49_16.jpg,./unit1/mmWave_data/mmWave_power_748.txt,./unit1/GPS_data/gps_location.txt,./unit2/GPS_data/gps_location_748.txt,,59,8,['00-49-16-333'],1,16,G2 G6 G12 G17 G19 G24 R12 R13 R22 R23 R24 E13 E15 E21 E27 E30,3D,Yes,1.4,0.8
750,./unit1/camera_data/image_BS1_3886_00_49_16.jpg,./unit1/mmWave_data/mmWave_power_749.txt,./unit1/GPS_data/gps_location.txt,./unit2/GPS_data/gps_location_749.txt,,59,8,['00-49-16-444'],1,21,G2 G6 G12 G17 G19 G24 R12 R13 R22 R23 R24 E13 E15 E21 E27 E30 B11 B12 B24 B25 B26,3D,Yes,1.4,0.8
751,./unit1/camera_data/image_BS1_3887_00_49_16.jpg,./unit1/mmWave_data/mmWave_power_750.txt,./unit1/GPS_data/gps_location.txt,./unit2/GPS_data/gps_location_750.txt,,58,8,['00-49-16-555'],1,16,G2 G6 G12 G17 G19 G24 R12 R13 R22 R23 R24 E13 E15 E21 E27 E30,3D,Yes,1.8,0.8
752,./unit1/camera_data/image_BS1_3888_00_49_16.jpg,./unit1/mmWave_data/mmWave_power_751.txt,./unit1/GPS_data/gps_location.txt,./unit2/GPS_data/gps_location_751.txt,,58,8,['00-49-16-666'],1,16,G2 G6 G12 G17 G19 G24 R12 R13 R22 R23 R24 E13 E15 E21 E27 E30,3D,Yes,1.8,0.8
753,./unit1/camera_data/image_BS1_3889_00_49_16.jpg,./unit1/mmWave_data/mmWave_power_752.txt,./unit1/GPS_data/gps_location.txt,./unit2/GPS_data/gps_location_752.txt,,59,8,['00-49-16-777'],1,16,G2 G6 G12 G17 G19 G24 R12 R13 R22 R23 R24 E13 E15 E21 E27 E30,3D,Yes,1.8,0.8
754,./unit1/camera_data/image_BS1_3890_00_49_16.jpg,./unit1/mmWave_data/mmWave_power_753.txt,./unit1/GPS_data/gps_location.txt,./unit2/GPS_data/gps_location_753.txt,,57,8,['00-49-16-888'],1,11,G2 G6 G12 G17 G19 G24 R12 R13 R22 R23 R24,3D,Yes,1.8,0.8
755,./unit1/camera_data/image_BS1_3891_00_49_17.jpg,./unit1/mmWave_data/mmWave_power_754.txt,./unit1/GPS_data/gps_location.txt,./unit2/GPS_data/gps_location_754.txt,,55,8,['00-49-17-0'],1,16,G2 G6 G12 G17 G19 G24 R12 R13 R22 R23 R24 E13 E15 E21 E27 E30,3D,Yes,1.8,0.8
756,./unit1/camera_data/image_BS1_3892_00_49_17.jpg,./unit1/mmWave_data/mmWave_power_755.txt,./unit1/GPS_data/gps_location.txt,./unit2/GPS_data/gps_location_755.txt,,55,8,['00-49-17-111'],1,16,G2 G6 G12 G17 G19 G24 R12 R13 R22 R23 R24 E13 E15 E21 E27 E30,3D,Yes,1.8,0.8
757,./unit1/camera_data/image_BS1_3893_00_49_17.jpg,./unit1/mmWave_data/mmWave_power_756.txt,./unit1/GPS_data/gps_location.txt,./unit2/GPS_data/gps_location_756.txt,,54,8,['00-49-17-222'],1,16,G2 G6 G12 G17 G19 G24 R12 R13 R22 R23 R24 E13 E15 E21 E27 E30,3D,Yes,1.8,0.8
758,./unit1/camera_data/image_BS1_3894_00_49_17.jpg,./unit1/mmWave_data/mmWave_power_757.txt,./unit1/GPS_data/gps_location.txt,./unit2/GPS_data/gps_location_757.txt,,55,8,['00-49-17-333'],1,16,G2 G6 G12 G17 G19 G24 R12 R13 R22 R23 R24 E13 E15 E21 E27 E30,3D,Yes,1.8,0.8
759,./unit1/camera_data/image_BS1_3895_00_49_17.jpg,./unit1/mmWave_data/mmWave_power_758.txt,./unit1/GPS_data/gps_location.txt,./unit2/GPS_data/gps_location_758.txt,,54,8,['00-49-17-444'],1,16,G2 G6 G12 G17 G19 G24 R12 R13 R22 R23 R24 E13 E15 E21 E27 E30,3D,Yes,1.5,0.8
760,./unit1/camera_data/image_BS1_3896_00_49_17.jpg,./unit1/mmWave_data/mmWave_power_759.txt,./unit1/GPS_data/gps_location.txt,./unit2/GPS_data/gps_location_759.txt,,54,8,['00-49-17-555'],1,21,G2 G6 G12 G17 G19 G24 R12 R13 R22 R23 R24 E13 E15 E21 E27 E30 B11 B12 B24 B25 B26,3D,Yes,1.5,0.8
761,./unit1/camera_data/image_BS1_3897_00_49_17.jpg,./unit1/mmWave_data/mmWave_power_760.txt,./unit1/GPS_data/gps_location.txt,./unit2/GPS_data/gps_location_760.txt,,53,8,['00-49-17-666'],1,16,G2 G6 G12 G17 G19 G24 R12 R13 R22 R23 R24 E13 E15 E21 E27 E30,3D,Yes,1.5,0.8
762,./unit1/camera_data/image_BS1_3898_00_49_17.jpg,./unit1/mmWave_data/mmWave_power_761.txt,./unit1/GPS_data/gps_location.txt,./unit2/GPS_data/gps_location_761.txt,,51,8,['00-49-17-777'],1,11,G2 G6 G12 G17 G19 G24 R12 R13 R22 R23 R24,3D,Yes,1.5,0.8
763,./unit1/camera_data/image_BS1_3899_00_49_17.jpg,./unit1/mmWave_data/mmWave_power_762.txt,./unit1/GPS_data/gps_location.txt,./unit2/GPS_data/gps_location_762.txt,,51,8,['00-49-17-888'],1,16,G2 G6 G12 G17 G19 G24 R12 R13 R22 R23 R24 E13 E15 E21 E27 E30,3D,Yes,1.5,0.8
764,./unit1/camera_data/image_BS1_3900_00_49_18.jpg,./unit1/mmWave_data/mmWave_power_763.txt,./unit1/GPS_data/gps_location.txt,./unit2/GPS_data/gps_location_763.txt,,51,8,['00-49-18-0'],1,16,G2 G6 G12 G17 G19 G24 R12 R13 R22 R23 R24 E13 E15 E21 E27 E30,3D,Yes,1.5,0.8
765,./unit1/camera_data/image_BS1_3901_00_49_18.jpg,./unit1/mmWave_data/mmWave_power_764.txt,./unit1/GPS_data/gps_location.txt,./unit2/GPS_data/gps_location_764.txt,,51,8,['00-49-18-111'],1,16,G2 G6 G12 G17 G19 G24 R12 R13 R22 R23 R24 E13 E15 E21 E27 E30,3D,Yes,1.6,0.8
766,./unit1/camera_data/image_BS1_3902_00_49_18.jpg,./unit1/mmWave_data/mmWave_power_765.txt,./unit1/GPS_data/gps_location.txt,./unit2/GPS_data/gps_location_765.txt,,48,8,['00-49-18-222'],1,21,G2 G6 G12 G17 G19 G24 R12 R13 R22 R23 R24 E13 E15 E21 E27 E30 B11 B12 B24 B25 B26,3D,Yes,1.5,0.8
767,./unit1/camera_data/image_BS1_3903_00_49_18.jpg,./unit1/mmWave_data/mmWave_power_766.txt,./unit1/GPS_data/gps_location.txt,./unit2/GPS_data/gps_location_766.txt,,48,8,['00-49-18-333'],1,12,G2 G6 G12 G17 G19 G24 G28 R12 R13 R22 R23 R24,3D,Yes,1.5,0.8
768,./unit1/camera_data/image_BS1_3904_00_49_18.jpg,./unit1/mmWave_data/mmWave_power_767.txt,./unit1/GPS_data/gps_location.txt,./unit2/GPS_data/gps_location_767.txt,,48,8,['00-49-18-444'],1,21,G2 G6 G12 G17 G19 G24 R12 R13 R22 R23 R24 E13 E15 E21 E27 E30 B11 B12 B24 B25 B26,3D,Yes,1.5,0.8
769,./unit1/camera_data/image_BS1_3905_00_49_18.jpg,./unit1/mmWave_data/mmWave_power_768.txt,./unit1/GPS_data/gps_location.txt,./unit2/GPS_data/gps_location_768.txt,,46,8,['00-49-18-555'],1,17,G2 G6 G12 G17 G19 G24 G28 R12 R13 R22 R23 R24 E13 E15 E21 E27 E30,3D,Yes,1.5,0.8
770,./unit1/camera_data/image_BS1_3906_00_49_18.jpg,./unit1/mmWave_data/mmWave_power_769.txt,./unit1/GPS_data/gps_location.txt,./unit2/GPS_data/gps_location_769.txt,,46,8,['00-49-18-666'],1,12,G2 G6 G12 G17 G19 G24 G28 R12 R13 R22 R23 R24,3D,Yes,1.5,0.8
771,./unit1/camera_data/image_BS1_3907_00_49_18.jpg,./unit1/mmWave_data/mmWave_power_770.txt,./unit1/GPS_data/gps_location.txt,./unit2/GPS_data/gps_location_770.txt,,45,8,['00-49-18-777'],1,12,G2 G6 G12 G17 G19 G24 G28 R12 R13 R22 R23 R24,3D,Yes,1.4,0.8
772,./unit1/camera_data/image_BS1_3908_00_49_18.jpg,./unit1/mmWave_data/mmWave_power_771.txt,./unit1/GPS_data/gps_location.txt,./unit2/GPS_data/gps_location_771.txt,,44,8,['00-49-18-888'],1,17,G2 G6 G12 G17 G19 G24 G28 R12 R13 R22 R23 R24 E13 E15 E21 E27 E30,3D,Yes,1.4,0.8
773,./unit1/camera_data/image_BS1_3909_00_49_19.jpg,./unit1/mmWave_data/mmWave_power_772.txt,./unit1/GPS_data/gps_location.txt,./unit2/GPS_data/gps_location_772.txt,,43,8,['00-49-19-0'],1,22,G2 G6 G12 G17 G19 G24 G28 R12 R13 R22 R23 R24 E13 E15 E21 E27 E30 B11 B12 B24 B25 B26,3D,Yes,1.4,0.8
774,./unit1/camera_data/image_BS1_3910_00_49_19.jpg,./unit1/mmWave_data/mmWave_power_773.txt,./unit1/GPS_data/gps_location.txt,./unit2/GPS_data/gps_location_773.txt,,42,8,['00-49-19-125'],1,12,G2 G6 G12 G17 G19 G24 G28 R12 R13 R22 R23 R24,3D,Yes,1.5,0.8
775,./unit1/camera_data/image_BS1_3911_00_49_19.jpg,./unit1/mmWave_data/mmWave_power_774.txt,./unit1/GPS_data/gps_location.txt,./unit2/GPS_data/gps_location_774.txt,,41,8,['00-49-19-250'],1,17,G2 G6 G12 G17 G19 G24 G28 R12 R13 R22 R23 R24 E13 E15 E21 E27 E30,3D,Yes,1.5,0.8
776,./unit1/camera_data/image_BS1_3912_00_49_19.jpg,./unit1/mmWave_data/mmWave_power_775.txt,./unit1/GPS_data/gps_location.txt,./unit2/GPS_data/gps_location_775.txt,,39,8,['00-49-19-375'],1,22,G2 G6 G12 G17 G19 G24 G28 R12 R13 R22 R23 R24 E13 E15 E21 E27 E30 B11 B12 B24 B25 B26,3D,Yes,1.5,0.8
777,./unit1/camera_data/image_BS1_3913_00_49_19.jpg,./unit1/mmWave_data/mmWave_power_776.txt,./unit1/GPS_data/gps_location.txt,./unit2/GPS_data/gps_location_776.txt,,39,8,['00-49-19-500'],1,17,G2 G6 G12 G17 G19 G24 G28 R12 R13 R22 R23 R24 E13 E15 E21 E27 E30,3D,Yes,1.5,0.8
778,./unit1/camera_data/image_BS1_3914_00_49_19.jpg,./unit1/mmWave_data/mmWave_power_777.txt,./unit1/GPS_data/gps_location.txt,./unit2/GPS_data/gps_location_777.txt,,38,8,['00-49-19-625'],1,12,G2 G6 G12 G17 G19 G24 G28 R12 R13 R22 R23 R24,3D,Yes,1.5,0.8
779,./unit1/camera_data/image_BS1_3915_00_49_19.jpg,./unit1/mmWave_data/mmWave_power_778.txt,./unit1/GPS_data/gps_location.txt,./unit2/GPS_data/gps_location_778.txt,,38,8,['00-49-19-750'],1,7,G2 G6 G12 G17 G19 G24 G28,3D,Yes,1.5,0.8
780,./unit1/camera_data/image_BS1_3916_00_49_19.jpg,./unit1/mmWave_data/mmWave_power_779.txt,./unit1/GPS_data/gps_location.txt,./unit2/GPS_data/gps_location_779.txt,,37,8,['00-49-19-875'],1,22,G2 G6 G12 G17 G19 G24 G28 R12 R13 R22 R23 R24 E13 E15 E21 E27 E30 B11 B12 B24 B25 B26,3D,Yes,1.8,0.9
781,./unit1/camera_data/image_BS1_3917_00_49_20.jpg,./unit1/mmWave_data/mmWave_power_780.txt,./unit1/GPS_data/gps_location.txt,./unit2/GPS_data/gps_location_780.txt,,34,8,['00-49-20-0'],1,17,G2 G6 G12 G17 G19 G24 G28 R12 R13 R22 R23 R24 E13 E15 E21 E27 E30,3D,Yes,1.5,0.8
782,./unit1/camera_data/image_BS1_3918_00_49_20.jpg,./unit1/mmWave_data/mmWave_power_781.txt,./unit1/GPS_data/gps_location.txt,./unit2/GPS_data/gps_location_781.txt,,33,8,['00-49-20-125'],1,12,G2 G6 G12 G17 G19 G24 G28 R12 R13 R22 R23 R24,3D,Yes,1.4,0.8
783,./unit1/camera_data/image_BS1_3919_00_49_20.jpg,./unit1/mmWave_data/mmWave_power_782.txt,./unit1/GPS_data/gps_location.txt,./unit2/GPS_data/gps_location_782.txt,,32,8,['00-49-20-250'],1,22,G2 G6 G12 G17 G19 G24 G28 R12 R13 R22 R23 R24 E13 E15 E21 E27 E30 B11 B12 B24 B25 B26,3D,Yes,1.3,0.7
784,./unit1/camera_data/image_BS1_3920_00_49_20.jpg,./unit1/mmWave_data/mmWave_power_783.txt,./unit1/GPS_data/gps_location.txt,./unit2/GPS_data/gps_location_783.txt,,30,8,['00-49-20-375'],1,17,G2 G6 G12 G17 G19 G24 G28 R12 R13 R22 R23 R24 E13 E15 E21 E27 E30,3D,Yes,1.5,0.8
785,./unit1/camera_data/image_BS1_3921_00_49_20.jpg,./unit1/mmWave_data/mmWave_power_784.txt,./unit1/GPS_data/gps_location.txt,./unit2/GPS_data/gps_location_784.txt,,29,8,['00-49-20-500'],1,17,G2 G6 G12 G17 G19 G24 G28 R12 R13 R22 R23 R24 E13 E15 E21 E27 E30,3D,Yes,1.5,0.8
786,./unit1/camera_data/image_BS1_3922_00_49_20.jpg,./unit1/mmWave_data/mmWave_power_785.txt,./unit1/GPS_data/gps_location.txt,./unit2/GPS_data/gps_location_785.txt,,28,8,['00-49-20-625'],1,17,G2 G6 G12 G17 G19 G24 G28 R12 R13 R22 R23 R24 E13 E15 E21 E27 E30,3D,Yes,1.5,0.8
787,./unit1/camera_data/image_BS1_3923_00_49_20.jpg,./unit1/mmWave_data/mmWave_power_786.txt,./unit1/GPS_data/gps_location.txt,./unit2/GPS_data/gps_location_786.txt,,28,8,['00-49-20-750'],1,12,G2 G6 G12 G17 G19 G24 G28 R12 R13 R22 R23 R24,3D,Yes,1.6,0.8
788,./unit1/camera_data/image_BS1_3924_00_49_20.jpg,./unit1/mmWave_data/mmWave_power_787.txt,./unit1/GPS_data/gps_location.txt,./unit2/GPS_data/gps_location_787.txt,,26,8,['00-49-20-875'],1,12,G2 G6 G12 G17 G19 G24 G28 R12 R13 R22 R23 R24,3D,Yes,1.5,0.8
789,./unit1/camera_data/image_BS1_3925_00_49_21.jpg,./unit1/mmWave_data/mmWave_power_788.txt,./unit1/GPS_data/gps_location.txt,./unit2/GPS_data/gps_location_788.txt,,26,8,['00-49-21-0'],1,17,G2 G6 G12 G17 G19 G24 G28 R12 R13 R22 R23 R24 E13 E15 E21 E27 E30,3D,Yes,1.4,0.7
790,./unit1/camera_data/image_BS1_3926_00_49_21.jpg,./unit1/mmWave_data/mmWave_power_789.txt,./unit1/GPS_data/gps_location.txt,./unit2/GPS_data/gps_location_789.txt,,22,8,['00-49-21-111'],1,12,G2 G6 G12 G17 G19 G24 G28 R12 R13 R22 R23 R24,3D,Yes,1.5,0.8
791,./unit1/camera_data/image_BS1_3927_00_49_21.jpg,./unit1/mmWave_data/mmWave_power_790.txt,./unit1/GPS_data/gps_location.txt,./unit2/GPS_data/gps_location_790.txt,,22,8,['00-49-21-222'],1,12,G2 G6 G12 G17 G19 G24 G28 R12 R13 R22 R23 R24,3D,Yes,1.6,0.8
792,./unit1/camera_data/image_BS1_3928_00_49_21.jpg,./unit1/mmWave_data/mmWave_power_791.txt,./unit1/GPS_data/gps_location.txt,./unit2/GPS_data/gps_location_791.txt,,22,8,['00-49-21-333'],1,17,G2 G6 G12 G17 G19 G24 G28 R12 R13 R22 R23 R24 E13 E15 E21 E27 E30,3D,Yes,1.6,0.8
793,./unit1/camera_data/image_BS1_3929_00_49_21.jpg,./unit1/mmWave_data/mmWave_power_792.txt,./unit1/GPS_data/gps_location.txt,./unit2/GPS_data/gps_location_792.txt,,21,8,['00-49-21-444'],1,17,G2 G6 G12 G17 G19 G24 G28 R12 R13 R22 R23 R24 E13 E15 E21 E27 E30,3D,Yes,1.6,0.8
794,./unit1/camera_data/image_BS1_3930_00_49_21.jpg,./unit1/mmWave_data/mmWave_power_793.txt,./unit1/GPS_data/gps_location.txt,./unit2/GPS_data/gps_location_793.txt,,20,8,['00-49-21-555'],1,12,G2 G6 G12 G17 G19 G24 G28 R12 R13 R22 R23 R24,3D,Yes,1.5,0.8
795,./unit1/camera_data/image_BS1_3931_00_49_21.jpg,./unit1/mmWave_data/mmWave_power_794.txt,./unit1/GPS_data/gps_location.txt,./unit2/GPS_data/gps_location_794.txt,,20,8,['00-49-21-666'],1,12,G2 G6 G12 G17 G19 G24 G28 R12 R13 R22 R23 R24,3D,Yes,1.5,0.8
796,./unit1/camera_data/image_BS1_3932_00_49_21.jpg,./unit1/mmWave_data/mmWave_power_795.txt,./unit1/GPS_data/gps_location.txt,./unit2/GPS_data/gps_location_795.txt,,19,8,['00-49-21-777'],1,17,G2 G6 G12 G17 G19 G24 G28 R12 R13 R22 R23 R24 E13 E15 E21 E27 E30,3D,Yes,1.5,0.8
797,./unit1/camera_data/image_BS1_3933_00_49_21.jpg,./unit1/mmWave_data/mmWave_power_796.txt,./unit1/GPS_data/gps_location.txt,./unit2/GPS_data/gps_location_796.txt,,16,8,['00-49-21-888'],1,12,G2 G6 G12 G17 G19 G24 G28 R12 R13 R22 R23 R24,3D,Yes,1.5,0.8
798,./unit1/camera_data/image_BS1_3934_00_49_22.jpg,./unit1/mmWave_data/mmWave_power_797.txt,./unit1/GPS_data/gps_location.txt,./unit2/GPS_data/gps_location_797.txt,,16,8,['00-49-22-0'],1,22,G2 G6 G12 G17 G19 G24 G28 R12 R13 R22 R23 R24 E13 E15 E21 E27 E30 B11 B12 B24 B25 B26,3D,Yes,1.3,0.7
799,./unit1/camera_data/image_BS1_3935_00_49_22.jpg,./unit1/mmWave_data/mmWave_power_798.txt,./unit1/GPS_data/gps_location.txt,./unit2/GPS_data/gps_location_798.txt,,16,8,['00-49-22-142'],1,12,G2 G6 G12 G17 G19 G24 G28 R12 R13 R22 R23 R24,3D,Yes,1.4,0.8
800,./unit1/camera_data/image_BS1_3936_00_49_22.jpg,./unit1/mmWave_data/mmWave_power_799.txt,./unit1/GPS_data/gps_location.txt,./unit2/GPS_data/gps_location_799.txt,,14,8,['00-49-22-284'],1,17,G2 G6 G12 G17 G19 G24 G28 R12 R13 R22 R23 R24 E13 E15 E21 E27 E30,3D,Yes,1.5,0.8
801,./unit1/camera_data/image_BS1_3937_00_49_22.jpg,./unit1/mmWave_data/mmWave_power_800.txt,./unit1/GPS_data/gps_location.txt,./unit2/GPS_data/gps_location_800.txt,,14,8,['00-49-22-426'],1,17,G2 G6 G12 G17 G19 G24 G28 R12 R13 R22 R23 R24 E13 E15 E21 E27 E30,3D,Yes,1.5,0.8
802,./unit1/camera_data/image_BS1_3938_00_49_22.jpg,./unit1/mmWave_data/mmWave_power_801.txt,./unit1/GPS_data/gps_location.txt,./unit2/GPS_data/gps_location_801.txt,,13,8,['00-49-22-568'],1,12,G2 G6 G12 G17 G19 G24 G28 R12 R13 R22 R23 R24,3D,Yes,1.4,0.7
803,./unit1/camera_data/image_BS1_3939_00_49_22.jpg,./unit1/mmWave_data/mmWave_power_802.txt,./unit1/GPS_data/gps_location.txt,./unit2/GPS_data/gps_location_802.txt,,10,8,['00-49-22-710'],1,17,G2 G6 G12 G17 G19 G24 G28 R12 R13 R22 R23 R24 E13 E15 E21 E27 E30,3D,Yes,1.6,0.8
804,./unit1/camera_data/image_BS1_3940_00_49_22.jpg,./unit1/mmWave_data/mmWave_power_803.txt,./unit1/GPS_data/gps_location.txt,./unit2/GPS_data/gps_location_803.txt,,10,8,['00-49-22-852'],1,22,G2 G6 G12 G17 G19 G24 G28 R12 R13 R22 R23 R24 E13 E15 E21 E27 E30 B11 B12 B24 B25 B26,3D,Yes,1.8,0.9
805,./unit1/camera_data/image_BS1_3941_00_49_23.jpg,./unit1/mmWave_data/mmWave_power_804.txt,./unit1/GPS_data/gps_location.txt,./unit2/GPS_data/gps_location_804.txt,,11,8,['00-49-23-0'],1,17,G2 G6 G12 G17 G19 G24 G28 R12 R13 R22 R23 R24 E13 E15 E21 E27 E30,3D,Yes,1.5,0.8
806,./unit1/camera_data/image_BS1_3942_00_49_23.jpg,./unit1/mmWave_data/mmWave_power_805.txt,./unit1/GPS_data/gps_location.txt,./unit2/GPS_data/gps_location_805.txt,,10,8,['00-49-23-111'],1,12,G2 G6 G12 G17 G19 G24 G28 R12 R13 R22 R23 R24,3D,Yes,1.5,0.8
807,./unit1/camera_data/image_BS1_3943_00_49_23.jpg,./unit1/mmWave_data/mmWave_power_806.txt,./unit1/GPS_data/gps_location.txt,./unit2/GPS_data/gps_location_806.txt,,10,8,['00-49-23-222'],1,17,G2 G6 G12 G17 G19 G24 G28 R12 R13 R22 R23 R24 E13 E15 E21 E27 E30,3D,Yes,1.8,0.9
808,./unit1/camera_data/image_BS1_3944_00_49_23.jpg,./unit1/mmWave_data/mmWave_power_807.txt,./unit1/GPS_data/gps_location.txt,./unit2/GPS_data/gps_location_807.txt,,10,8,['00-49-23-333'],1,11,G2 G6 G12 G17 G19 G24 R12 R13 R22 R23 R24,3D,Yes,1.8,0.9
809,./unit1/camera_data/image_BS1_3945_00_49_23.jpg,./unit1/mmWave_data/mmWave_power_808.txt,./unit1/GPS_data/gps_location.txt,./unit2/GPS_data/gps_location_808.txt,,6,8,['00-49-23-444'],1,21,G2 G6 G12 G17 G19 G24 R12 R13 R22 R23 R24 E13 E15 E21 E27 E30 B11 B12 B24 B25 B26,3D,Yes,1.6,0.8
810,./unit1/camera_data/image_BS1_3946_00_49_23.jpg,./unit1/mmWave_data/mmWave_power_809.txt,./unit1/GPS_data/gps_location.txt,./unit2/GPS_data/gps_location_809.txt,,5,8,['00-49-23-555'],1,16,G2 G6 G12 G17 G19 G24 R12 R13 R22 R23 R24 E13 E15 E21 E27 E30,3D,Yes,1.6,0.8
811,./unit1/camera_data/image_BS1_3947_00_49_23.jpg,./unit1/mmWave_data/mmWave_power_810.txt,./unit1/GPS_data/gps_location.txt,./unit2/GPS_data/gps_location_810.txt,,6,8,['00-49-23-666'],1,16,G2 G6 G12 G17 G19 G24 R12 R13 R22 R23 R24 E13 E15 E21 E27 E30,3D,Yes,1.6,0.8
812,./unit1/camera_data/image_BS1_3948_00_49_23.jpg,./unit1/mmWave_data/mmWave_power_811.txt,./unit1/GPS_data/gps_location.txt,./unit2/GPS_data/gps_location_811.txt,,5,8,['00-49-23-777'],1,16,G2 G6 G12 G17 G19 G24 R12 R13 R22 R23 R24 E13 E15 E21 E27 E30,3D,Yes,1.6,0.8
813,./unit1/camera_data/image_BS1_3949_00_49_23.jpg,./unit1/mmWave_data/mmWave_power_812.txt,./unit1/GPS_data/gps_location.txt,./unit2/GPS_data/gps_location_812.txt,,3,8,['00-49-23-888'],1,16,G2 G6 G12 G17 G19 G24 R12 R13 R22 R23 R24 E13 E15 E21 E27 E30,3D,Yes,1.4,0.8
814,./unit1/camera_data/image_BS1_3950_00_49_24.jpg,./unit1/mmWave_data/mmWave_power_813.txt,./unit1/GPS_data/gps_location.txt,./unit2/GPS_data/gps_location_813.txt,,5,8,['00-49-24-0'],1,16,G2 G6 G12 G17 G19 G24 R12 R13 R22 R23 R24 E13 E15 E21 E27 E30,3D,Yes,1.6,0.8
815,./unit1/camera_data/image_BS1_4149_00_49_48.jpg,./unit1/mmWave_data/mmWave_power_814.txt,./unit1/GPS_data/gps_location.txt,./unit2/GPS_data/gps_location_814.txt,,2,9,['00-49-48-0'],0,12,G2 G6 G12 G17 G19 G24 G28 R12 R13 R22 R23 R24,3D,Yes,1.3,0.7
816,./unit1/camera_data/image_BS1_4150_00_49_49.jpg,./unit1/mmWave_data/mmWave_power_815.txt,./unit1/GPS_data/gps_location.txt,./unit2/GPS_data/gps_location_815.txt,,2,9,['00-49-49-0'],0,22,G2 G6 G12 G17 G19 G24 G28 R12 R13 R22 R23 R24 E13 E15 E21 E27 E30 B11 B12 B24 B25 B26,3D,Yes,1.3,0.7
817,./unit1/camera_data/image_BS1_4151_00_49_49.jpg,./unit1/mmWave_data/mmWave_power_816.txt,./unit1/GPS_data/gps_location.txt,./unit2/GPS_data/gps_location_816.txt,,3,9,['00-49-49-111'],0,17,G2 G6 G12 G17 G19 G24 G28 R12 R13 R22 R23 R24 E13 E15 E21 E27 E30,3D,Yes,1.3,0.7
818,./unit1/camera_data/image_BS1_4152_00_49_49.jpg,./unit1/mmWave_data/mmWave_power_817.txt,./unit1/GPS_data/gps_location.txt,./unit2/GPS_data/gps_location_817.txt,,4,9,['00-49-49-222'],0,17,G2 G6 G12 G17 G19 G24 G28 R12 R13 R22 R23 R24 E13 E15 E21 E27 E30,3D,Yes,1.3,0.7
819,./unit1/camera_data/image_BS1_4153_00_49_49.jpg,./unit1/mmWave_data/mmWave_power_818.txt,./unit1/GPS_data/gps_location.txt,./unit2/GPS_data/gps_location_818.txt,,3,9,['00-49-49-333'],0,17,G2 G6 G12 G17 G19 G24 G28 R12 R13 R22 R23 R24 E13 E15 E21 E27 E30,3D,Yes,1.3,0.7
820,./unit1/camera_data/image_BS1_4154_00_49_49.jpg,./unit1/mmWave_data/mmWave_power_819.txt,./unit1/GPS_data/gps_location.txt,./unit2/GPS_data/gps_location_819.txt,,6,9,['00-49-49-444'],0,17,G2 G6 G12 G17 G19 G24 G28 R12 R13 R22 R23 R24 E13 E15 E21 E27 E30,3D,Yes,1.3,0.7
821,./unit1/camera_data/image_BS1_4155_00_49_49.jpg,./unit1/mmWave_data/mmWave_power_820.txt,./unit1/GPS_data/gps_location.txt,./unit2/GPS_data/gps_location_820.txt,,5,9,['00-49-49-555'],0,17,G2 G6 G12 G17 G19 G24 G28 R12 R13 R22 R23 R24 E13 E15 E21 E27 E30,3D,Yes,1.3,0.7
822,./unit1/camera_data/image_BS1_4156_00_49_49.jpg,./unit1/mmWave_data/mmWave_power_821.txt,./unit1/GPS_data/gps_location.txt,./unit2/GPS_data/gps_location_821.txt,,6,9,['00-49-49-666'],0,17,G2 G6 G12 G17 G19 G24 G28 R12 R13 R22 R23 R24 E13 E15 E21 E27 E30,3D,Yes,1.3,0.7
823,./unit1/camera_data/image_BS1_4157_00_49_49.jpg,./unit1/mmWave_data/mmWave_power_822.txt,./unit1/GPS_data/gps_location.txt,./unit2/GPS_data/gps_location_822.txt,,7,9,['00-49-49-777'],0,17,G2 G6 G12 G17 G19 G24 G28 R12 R13 R22 R23 R24 E13 E15 E21 E27 E30,3D,Yes,1.3,0.7
824,./unit1/camera_data/image_BS1_4158_00_49_49.jpg,./unit1/mmWave_data/mmWave_power_823.txt,./unit1/GPS_data/gps_location.txt,./unit2/GPS_data/gps_location_823.txt,,7,9,['00-49-49-888'],0,17,G2 G6 G12 G17 G19 G24 G28 R12 R13 R22 R23 R24 E13 E15 E21 E27 E30,3D,Yes,1.3,0.7
825,./unit1/camera_data/image_BS1_4159_00_49_50.jpg,./unit1/mmWave_data/mmWave_power_824.txt,./unit1/GPS_data/gps_location.txt,./unit2/GPS_data/gps_location_824.txt,,7,9,['00-49-50-0'],0,12,G2 G6 G12 G17 G19 G24 G28 R12 R13 R22 R23 R24,3D,Yes,1.3,0.7
826,./unit1/camera_data/image_BS1_4160_00_49_50.jpg,./unit1/mmWave_data/mmWave_power_825.txt,./unit1/GPS_data/gps_location.txt,./unit2/GPS_data/gps_location_825.txt,,7,9,['00-49-50-111'],0,17,G2 G6 G12 G17 G19 G24 G28 R12 R13 R22 R23 R24 E13 E15 E21 E27 E30,3D,Yes,1.4,0.8
827,./unit1/camera_data/image_BS1_4161_00_49_50.jpg,./unit1/mmWave_data/mmWave_power_826.txt,./unit1/GPS_data/gps_location.txt,./unit2/GPS_data/gps_location_826.txt,,7,9,['00-49-50-222'],0,17,G2 G6 G12 G17 G19 G24 G28 R12 R13 R22 R23 R24 E13 E15 E21 E27 E30,3D,Yes,1.3,0.7
828,./unit1/camera_data/image_BS1_4162_00_49_50.jpg,./unit1/mmWave_data/mmWave_power_827.txt,./unit1/GPS_data/gps_location.txt,./unit2/GPS_data/gps_location_827.txt,,10,9,['00-49-50-333'],0,17,G2 G6 G12 G17 G19 G24 G28 R12 R13 R22 R23 R24 E13 E15 E21 E27 E30,3D,Yes,1.3,0.7
829,./unit1/camera_data/image_BS1_4163_00_49_50.jpg,./unit1/mmWave_data/mmWave_power_828.txt,./unit1/GPS_data/gps_location.txt,./unit2/GPS_data/gps_location_828.txt,,10,9,['00-49-50-444'],0,17,G2 G6 G12 G17 G19 G24 G28 R12 R13 R22 R23 R24 E13 E15 E21 E27 E30,3D,Yes,1.3,0.7
830,./unit1/camera_data/image_BS1_4164_00_49_50.jpg,./unit1/mmWave_data/mmWave_power_829.txt,./unit1/GPS_data/gps_location.txt,./unit2/GPS_data/gps_location_829.txt,,10,9,['00-49-50-555'],0,17,G2 G6 G12 G17 G19 G24 G28 R12 R13 R22 R23 R24 E13 E15 E21 E27 E30,3D,Yes,1.3,0.7
831,./unit1/camera_data/image_BS1_4165_00_49_50.jpg,./unit1/mmWave_data/mmWave_power_830.txt,./unit1/GPS_data/gps_location.txt,./unit2/GPS_data/gps_location_830.txt,,11,9,['00-49-50-666'],0,7,G2 G6 G12 G17 G19 G24 G28,3D,Yes,1.3,0.7
832,./unit1/camera_data/image_BS1_4166_00_49_50.jpg,./unit1/mmWave_data/mmWave_power_831.txt,./unit1/GPS_data/gps_location.txt,./unit2/GPS_data/gps_location_831.txt,,12,9,['00-49-50-777'],0,12,G2 G6 G12 G17 G19 G24 G28 R12 R13 R22 R23 R24,3D,Yes,1.3,0.7
833,./unit1/camera_data/image_BS1_4167_00_49_50.jpg,./unit1/mmWave_data/mmWave_power_832.txt,./unit1/GPS_data/gps_location.txt,./unit2/GPS_data/gps_location_832.txt,,13,9,['00-49-50-888'],0,12,G2 G6 G12 G17 G19 G24 G28 R12 R13 R22 R23 R24,3D,Yes,1.3,0.7
834,./unit1/camera_data/image_BS1_4168_00_49_51.jpg,./unit1/mmWave_data/mmWave_power_833.txt,./unit1/GPS_data/gps_location.txt,./unit2/GPS_data/gps_location_833.txt,,13,9,['00-49-51-0'],0,17,G2 G6 G12 G17 G19 G24 G28 R12 R13 R22 R23 R24 E13 E15 E21 E27 E30,3D,Yes,1.3,0.7
835,./unit1/camera_data/image_BS1_4169_00_49_51.jpg,./unit1/mmWave_data/mmWave_power_834.txt,./unit1/GPS_data/gps_location.txt,./unit2/GPS_data/gps_location_834.txt,,13,9,['00-49-51-142'],0,17,G2 G6 G12 G17 G19 G24 G28 R12 R13 R22 R23 R24 E13 E15 E21 E27 E30,3D,Yes,1.3,0.7
836,./unit1/camera_data/image_BS1_4170_00_49_51.jpg,./unit1/mmWave_data/mmWave_power_835.txt,./unit1/GPS_data/gps_location.txt,./unit2/GPS_data/gps_location_835.txt,,13,9,['00-49-51-284'],0,17,G2 G6 G12 G17 G19 G24 G28 R12 R13 R22 R23 R24 E13 E15 E21 E27 E30,3D,Yes,1.3,0.7
837,./unit1/camera_data/image_BS1_4171_00_49_51.jpg,./unit1/mmWave_data/mmWave_power_836.txt,./unit1/GPS_data/gps_location.txt,./unit2/GPS_data/gps_location_836.txt,,16,9,['00-49-51-426'],0,17,G2 G6 G12 G17 G19 G24 G28 R12 R13 R22 R23 R24 E13 E15 E21 E27 E30,3D,Yes,1.3,0.7
838,./unit1/camera_data/image_BS1_4172_00_49_51.jpg,./unit1/mmWave_data/mmWave_power_837.txt,./unit1/GPS_data/gps_location.txt,./unit2/GPS_data/gps_location_837.txt,,16,9,['00-49-51-568'],0,17,G2 G6 G12 G17 G19 G24 G28 R12 R13 R22 R23 R24 E13 E15 E21 E27 E30,3D,Yes,1.3,0.7
839,./unit1/camera_data/image_BS1_4173_00_49_51.jpg,./unit1/mmWave_data/mmWave_power_838.txt,./unit1/GPS_data/gps_location.txt,./unit2/GPS_data/gps_location_838.txt,,14,9,['00-49-51-710'],0,17,G2 G6 G12 G17 G19 G24 G28 R12 R13 R22 R23 R24 E13 E15 E21 E27 E30,3D,Yes,1.3,0.7
840,./unit1/camera_data/image_BS1_4174_00_49_51.jpg,./unit1/mmWave_data/mmWave_power_839.txt,./unit1/GPS_data/gps_location.txt,./unit2/GPS_data/gps_location_839.txt,,16,9,['00-49-51-852'],0,7,G2 G6 G12 G17 G19 G24 G28,3D,Yes,1.3,0.7
841,./unit1/camera_data/image_BS1_4175_00_49_52.jpg,./unit1/mmWave_data/mmWave_power_840.txt,./unit1/GPS_data/gps_location.txt,./unit2/GPS_data/gps_location_840.txt,,17,9,['00-49-52-0'],0,17,G2 G6 G12 G17 G19 G24 G28 R12 R13 R22 R23 R24 E13 E15 E21 E27 E30,3D,Yes,1.3,0.7
842,./unit1/camera_data/image_BS1_4176_00_49_52.jpg,./unit1/mmWave_data/mmWave_power_841.txt,./unit1/GPS_data/gps_location.txt,./unit2/GPS_data/gps_location_841.txt,,17,9,['00-49-52-125'],0,17,G2 G6 G12 G17 G19 G24 G28 R12 R13 R22 R23 R24 E13 E15 E21 E27 E30,3D,Yes,1.3,0.7
843,./unit1/camera_data/image_BS1_4177_00_49_52.jpg,./unit1/mmWave_data/mmWave_power_842.txt,./unit1/GPS_data/gps_location.txt,./unit2/GPS_data/gps_location_842.txt,,16,9,['00-49-52-250'],0,17,G2 G6 G12 G17 G19 G24 G28 R12 R13 R22 R23 R24 E13 E15 E21 E27 E30,3D,Yes,1.1,0.6
844,./unit1/camera_data/image_BS1_4178_00_49_52.jpg,./unit1/mmWave_data/mmWave_power_843.txt,./unit1/GPS_data/gps_location.txt,./unit2/GPS_data/gps_location_843.txt,,17,9,['00-49-52-375'],0,17,G2 G6 G12 G17 G19 G24 G28 R12 R13 R22 R23 R24 E13 E15 E21 E27 E30,3D,Yes,1.1,0.6
845,./unit1/camera_data/image_BS1_4179_00_49_52.jpg,./unit1/mmWave_data/mmWave_power_844.txt,./unit1/GPS_data/gps_location.txt,./unit2/GPS_data/gps_location_844.txt,,17,9,['00-49-52-500'],0,17,G2 G6 G12 G17 G19 G24 G28 R12 R13 R22 R23 R24 E13 E15 E21 E27 E30,3D,Yes,1.1,0.6
846,./unit1/camera_data/image_BS1_4180_00_49_52.jpg,./unit1/mmWave_data/mmWave_power_845.txt,./unit1/GPS_data/gps_location.txt,./unit2/GPS_data/gps_location_845.txt,,17,9,['00-49-52-625'],0,17,G2 G6 G12 G17 G19 G24 G28 R12 R13 R22 R23 R24 E13 E15 E21 E27 E30,3D,Yes,1.1,0.6
847,./unit1/camera_data/image_BS1_4181_00_49_52.jpg,./unit1/mmWave_data/mmWave_power_846.txt,./unit1/GPS_data/gps_location.txt,./unit2/GPS_data/gps_location_846.txt,,18,9,['00-49-52-750'],0,12,G2 G6 G12 G17 G19 G24 G28 R12 R13 R22 R23 R24,3D,Yes,1.1,0.6
848,./unit1/camera_data/image_BS1_4182_00_49_52.jpg,./unit1/mmWave_data/mmWave_power_847.txt,./unit1/GPS_data/gps_location.txt,./unit2/GPS_data/gps_location_847.txt,,20,9,['00-49-52-875'],0,17,G2 G6 G12 G17 G19 G24 G28 R12 R13 R22 R23 R24 E13 E15 E21 E27 E30,3D,Yes,1.1,0.6
849,./unit1/camera_data/image_BS1_4183_00_49_53.jpg,./unit1/mmWave_data/mmWave_power_848.txt,./unit1/GPS_data/gps_location.txt,./unit2/GPS_data/gps_location_848.txt,,19,9,['00-49-53-0'],0,12,G2 G6 G12 G17 G19 G24 G28 R12 R13 R22 R23 R24,3D,Yes,1.1,0.6
850,./unit1/camera_data/image_BS1_4184_00_49_53.jpg,./unit1/mmWave_data/mmWave_power_849.txt,./unit1/GPS_data/gps_location.txt,./unit2/GPS_data/gps_location_849.txt,,20,9,['00-49-53-111'],0,12,G2 G6 G12 G17 G19 G24 G28 R12 R13 R22 R23 R24,3D,Yes,1.1,0.6
851,./unit1/camera_data/image_BS1_4185_00_49_53.jpg,./unit1/mmWave_data/mmWave_power_850.txt,./unit1/GPS_data/gps_location.txt,./unit2/GPS_data/gps_location_850.txt,,20,9,['00-49-53-222'],0,12,G2 G6 G12 G17 G19 G24 G28 R12 R13 R22 R23 R24,3D,Yes,1.1,0.6
852,./unit1/camera_data/image_BS1_4186_00_49_53.jpg,./unit1/mmWave_data/mmWave_power_851.txt,./unit1/GPS_data/gps_location.txt,./unit2/GPS_data/gps_location_851.txt,,20,9,['00-49-53-333'],0,17,G2 G6 G12 G17 G19 G24 G28 R12 R13 R22 R23 R24 E13 E15 E21 E27 E30,3D,Yes,1.1,0.6
853,./unit1/camera_data/image_BS1_4187_00_49_53.jpg,./unit1/mmWave_data/mmWave_power_852.txt,./unit1/GPS_data/gps_location.txt,./unit2/GPS_data/gps_location_852.txt,,20,9,['00-49-53-444'],0,17,G2 G6 G12 G17 G19 G24 G28 R12 R13 R22 R23 R24 E13 E15 E21 E27 E30,3D,Yes,1.1,0.6
854,./unit1/camera_data/image_BS1_4188_00_49_53.jpg,./unit1/mmWave_data/mmWave_power_853.txt,./unit1/GPS_data/gps_location.txt,./unit2/GPS_data/gps_location_853.txt,,20,9,['00-49-53-555'],0,17,G2 G6 G12 G17 G19 G24 G28 R12 R13 R22 R23 R24 E13 E15 E21 E27 E30,3D,Yes,1.1,0.6
855,./unit1/camera_data/image_BS1_4189_00_49_53.jpg,./unit1/mmWave_data/mmWave_power_854.txt,./unit1/GPS_data/gps_location.txt,./unit2/GPS_data/gps_location_854.txt,,21,9,['00-49-53-666'],0,17,G2 G6 G12 G17 G19 G24 G28 R12 R13 R22 R23 R24 E13 E15 E21 E27 E30,3D,Yes,1.1,0.6
856,./unit1/camera_data/image_BS1_4190_00_49_53.jpg,./unit1/mmWave_data/mmWave_power_855.txt,./unit1/GPS_data/gps_location.txt,./unit2/GPS_data/gps_location_855.txt,,21,9,['00-49-53-777'],0,17,G2 G6 G12 G17 G19 G24 G28 R12 R13 R22 R23 R24 E13 E15 E21 E27 E30,3D,Yes,1.1,0.6
857,./unit1/camera_data/image_BS1_4191_00_49_53.jpg,./unit1/mmWave_data/mmWave_power_856.txt,./unit1/GPS_data/gps_location.txt,./unit2/GPS_data/gps_location_856.txt,,20,9,['00-49-53-888'],0,12,G2 G6 G12 G17 G19 G24 G28 R12 R13 R22 R23 R24,3D,Yes,1.1,0.6
858,./unit1/camera_data/image_BS1_4192_00_49_54.jpg,./unit1/mmWave_data/mmWave_power_857.txt,./unit1/GPS_data/gps_location.txt,./unit2/GPS_data/gps_location_857.txt,,21,9,['00-49-54-0'],0,22,G2 G6 G12 G17 G19 G24 G28 R12 R13 R22 R23 R24 E13 E15 E21 E27 E30 B11 B12 B24 B25 B26,3D,Yes,1.1,0.6
859,./unit1/camera_data/image_BS1_4193_00_49_54.jpg,./unit1/mmWave_data/mmWave_power_858.txt,./unit1/GPS_data/gps_location.txt,./unit2/GPS_data/gps_location_858.txt,,21,9,['00-49-54-166'],0,12,G2 G6 G12 G17 G19 G24 G28 R12 R13 R22 R23 R24,3D,Yes,1.1,0.6
860,./unit1/camera_data/image_BS1_4194_00_49_54.jpg,./unit1/mmWave_data/mmWave_power_859.txt,./unit1/GPS_data/gps_location.txt,./unit2/GPS_data/gps_location_859.txt,,22,9,['00-49-54-332'],0,17,G2 G6 G12 G17 G19 G24 G28 R12 R13 R22 R23 R24 E13 E15 E21 E27 E30,3D,Yes,1.1,0.6
861,./unit1/camera_data/image_BS1_4195_00_49_54.jpg,./unit1/mmWave_data/mmWave_power_860.txt,./unit1/GPS_data/gps_location.txt,./unit2/GPS_data/gps_location_860.txt,,22,9,['00-49-54-498'],0,17,G2 G6 G12 G17 G19 G24 G28 R12 R13 R22 R23 R24 E13 E15 E21 E27 E30,3D,Yes,1.1,0.6
862,./unit1/camera_data/image_BS1_4196_00_49_54.jpg,./unit1/mmWave_data/mmWave_power_861.txt,./unit1/GPS_data/gps_location.txt,./unit2/GPS_data/gps_location_861.txt,,22,9,['00-49-54-664'],0,17,G2 G6 G12 G17 G19 G24 G28 R12 R13 R22 R23 R24 E13 E15 E21 E27 E30,3D,Yes,1.1,0.6
863,./unit1/camera_data/image_BS1_4197_00_49_54.jpg,./unit1/mmWave_data/mmWave_power_862.txt,./unit1/GPS_data/gps_location.txt,./unit2/GPS_data/gps_location_862.txt,,22,9,['00-49-54-830'],0,7,G2 G6 G12 G17 G19 G24 G28,3D,Yes,1.1,0.6
864,./unit1/camera_data/image_BS1_4198_00_49_55.jpg,./unit1/mmWave_data/mmWave_power_863.txt,./unit1/GPS_data/gps_location.txt,./unit2/GPS_data/gps_location_863.txt,,22,9,['00-49-55-0'],0,17,G2 G6 G12 G17 G19 G24 G28 R12 R13 R22 R23 R24 E13 E15 E21 E27 E30,3D,Yes,1.1,0.6
865,./unit1/camera_data/image_BS1_4199_00_49_55.jpg,./unit1/mmWave_data/mmWave_power_864.txt,./unit1/GPS_data/gps_location.txt,./unit2/GPS_data/gps_location_864.txt,,22,9,['00-49-55-200'],0,17,G2 G6 G12 G17 G19 G24 G28 R12 R13 R22 R23 R24 E13 E15 E21 E27 E30,3D,Yes,1.1,0.6
866,./unit1/camera_data/image_BS1_4200_00_49_55.jpg,./unit1/mmWave_data/mmWave_power_865.txt,./unit1/GPS_data/gps_location.txt,./unit2/GPS_data/gps_location_865.txt,,23,9,['00-49-55-400'],0,12,G2 G6 G12 G17 G19 G24 G28 R12 R13 R22 R23 R24,3D,Yes,1.1,0.6
867,./unit1/camera_data/image_BS1_4201_00_49_55.jpg,./unit1/mmWave_data/mmWave_power_866.txt,./unit1/GPS_data/gps_location.txt,./unit2/GPS_data/gps_location_866.txt,,23,9,['00-49-55-600'],0,12,G2 G6 G12 G17 G19 G24 G28 R12 R13 R22 R23 R24,3D,Yes,1.1,0.6
868,./unit1/camera_data/image_BS1_4202_00_49_55.jpg,./unit1/mmWave_data/mmWave_power_867.txt,./unit1/GPS_data/gps_location.txt,./unit2/GPS_data/gps_location_867.txt,,25,9,['00-49-55-800'],0,12,G2 G6 G12 G17 G19 G24 G28 R12 R13 R22 R23 R24,3D,Yes,1.1,0.6
869,./unit1/camera_data/image_BS1_4203_00_49_56.jpg,./unit1/mmWave_data/mmWave_power_868.txt,./unit1/GPS_data/gps_location.txt,./unit2/GPS_data/gps_location_868.txt,,26,9,['00-49-56-0'],0,17,G2 G6 G12 G17 G19 G24 G28 R12 R13 R22 R23 R24 E13 E15 E21 E27 E30,3D,Yes,1.1,0.6
870,./unit1/camera_data/image_BS1_4204_00_49_56.jpg,./unit1/mmWave_data/mmWave_power_869.txt,./unit1/GPS_data/gps_location.txt,./unit2/GPS_data/gps_location_869.txt,,26,9,['00-49-56-111'],0,12,G2 G6 G12 G17 G19 G24 G28 R12 R13 R22 R23 R24,3D,Yes,1.1,0.7
871,./unit1/camera_data/image_BS1_4205_00_49_56.jpg,./unit1/mmWave_data/mmWave_power_870.txt,./unit1/GPS_data/gps_location.txt,./unit2/GPS_data/gps_location_870.txt,,26,9,['00-49-56-222'],0,17,G2 G6 G12 G17 G19 G24 G28 R12 R13 R22 R23 R24 E13 E15 E21 E27 E30,3D,Yes,1.3,0.7
872,./unit1/camera_data/image_BS1_4206_00_49_56.jpg,./unit1/mmWave_data/mmWave_power_871.txt,./unit1/GPS_data/gps_location.txt,./unit2/GPS_data/gps_location_871.txt,,26,9,['00-49-56-333'],0,17,G2 G6 G12 G17 G19 G24 G28 R12 R13 R22 R23 R24 E13 E15 E21 E27 E30,3D,Yes,1.3,0.7
873,./unit1/camera_data/image_BS1_4207_00_49_56.jpg,./unit1/mmWave_data/mmWave_power_872.txt,./unit1/GPS_data/gps_location.txt,./unit2/GPS_data/gps_location_872.txt,,26,9,['00-49-56-444'],0,17,G2 G6 G12 G17 G19 G24 G28 R12 R13 R22 R23 R24 E13 E15 E21 E27 E30,3D,Yes,1.3,0.7
874,./unit1/camera_data/image_BS1_4208_00_49_56.jpg,./unit1/mmWave_data/mmWave_power_873.txt,./unit1/GPS_data/gps_location.txt,./unit2/GPS_data/gps_location_873.txt,,28,9,['00-49-56-555'],0,17,G2 G6 G12 G17 G19 G24 G28 R12 R13 R22 R23 R24 E13 E15 E21 E27 E30,3D,Yes,1.1,0.6
875,./unit1/camera_data/image_BS1_4209_00_49_56.jpg,./unit1/mmWave_data/mmWave_power_874.txt,./unit1/GPS_data/gps_location.txt,./unit2/GPS_data/gps_location_874.txt,,27,9,['00-49-56-666'],0,17,G2 G6 G12 G17 G19 G24 G28 R12 R13 R22 R23 R24 E13 E15 E21 E27 E30,3D,Yes,1.1,0.6
876,./unit1/camera_data/image_BS1_4210_00_49_56.jpg,./unit1/mmWave_data/mmWave_power_875.txt,./unit1/GPS_data/gps_location.txt,./unit2/GPS_data/gps_location_875.txt,,28,9,['00-49-56-777'],0,12,G2 G6 G12 G17 G19 G24 G28 R12 R13 R22 R23 R24,3D,Yes,1.1,0.6
877,./unit1/camera_data/image_BS1_4211_00_49_56.jpg,./unit1/mmWave_data/mmWave_power_876.txt,./unit1/GPS_data/gps_location.txt,./unit2/GPS_data/gps_location_876.txt,,28,9,['00-49-56-888'],0,12,G2 G6 G12 G17 G19 G24 G28 R12 R13 R22 R23 R24,3D,Yes,1.1,0.6
878,./unit1/camera_data/image_BS1_4212_00_49_57.jpg,./unit1/mmWave_data/mmWave_power_877.txt,./unit1/GPS_data/gps_location.txt,./unit2/GPS_data/gps_location_877.txt,,28,9,['00-49-57-0'],0,17,G2 G6 G12 G17 G19 G24 G28 R12 R13 R22 R23 R24 E13 E15 E21 E27 E30,3D,Yes,1.3,0.7
879,./unit1/camera_data/image_BS1_4213_00_49_57.jpg,./unit1/mmWave_data/mmWave_power_878.txt,./unit1/GPS_data/gps_location.txt,./unit2/GPS_data/gps_location_878.txt,,29,9,['00-49-57-125'],0,22,G2 G6 G12 G17 G19 G24 G28 R12 R13 R22 R23 R24 E13 E15 E21 E27 E30 B11 B12 B24 B25 B26,3D,Yes,1.3,0.7
880,./unit1/camera_data/image_BS1_4214_00_49_57.jpg,./unit1/mmWave_data/mmWave_power_879.txt,./unit1/GPS_data/gps_location.txt,./unit2/GPS_data/gps_location_879.txt,,31,9,['00-49-57-250'],0,17,G2 G6 G12 G17 G19 G24 G28 R12 R13 R22 R23 R24 E13 E15 E21 E27 E30,3D,Yes,1.3,0.7
881,./unit1/camera_data/image_BS1_4215_00_49_57.jpg,./unit1/mmWave_data/mmWave_power_880.txt,./unit1/GPS_data/gps_location.txt,./unit2/GPS_data/gps_location_880.txt,,32,9,['00-49-57-375'],0,17,G2 G6 G12 G17 G19 G24 G28 R12 R13 R22 R23 R24 E13 E15 E21 E27 E30,3D,Yes,1.4,0.7
882,./unit1/camera_data/image_BS1_4216_00_49_57.jpg,./unit1/mmWave_data/mmWave_power_881.txt,./unit1/GPS_data/gps_location.txt,./unit2/GPS_data/gps_location_881.txt,,33,9,['00-49-57-500'],0,12,G2 G6 G12 G17 G19 G24 G28 R12 R13 R22 R23 R24,3D,Yes,1.4,0.7
883,./unit1/camera_data/image_BS1_4217_00_49_57.jpg,./unit1/mmWave_data/mmWave_power_882.txt,./unit1/GPS_data/gps_location.txt,./unit2/GPS_data/gps_location_882.txt,,33,9,['00-49-57-625'],0,22,G2 G6 G12 G17 G19 G24 G28 R12 R13 R22 R23 R24 E13 E15 E21 E27 E30 B11 B12 B24 B25 B26,3D,Yes,1.4,0.7
884,./unit1/camera_data/image_BS1_4218_00_49_57.jpg,./unit1/mmWave_data/mmWave_power_883.txt,./unit1/GPS_data/gps_location.txt,./unit2/GPS_data/gps_location_883.txt,,34,9,['00-49-57-750'],0,12,G2 G6 G12 G17 G19 G24 G28 R12 R13 R22 R23 R24,3D,Yes,1.3,0.7
885,./unit1/camera_data/image_BS1_4219_00_49_57.jpg,./unit1/mmWave_data/mmWave_power_884.txt,./unit1/GPS_data/gps_location.txt,./unit2/GPS_data/gps_location_884.txt,,34,9,['00-49-57-875'],0,16,G2 G6 G12 G17 G19 G24 G28 R12 R13 R22 R23 R24 E13 E15 E27 E30,3D,Yes,1.3,0.7
886,./unit1/camera_data/image_BS1_4220_00_49_58.jpg,./unit1/mmWave_data/mmWave_power_885.txt,./unit1/GPS_data/gps_location.txt,./unit2/GPS_data/gps_location_885.txt,,36,9,['00-49-58-0'],0,16,G2 G6 G12 G17 G19 G24 G28 R12 R13 R22 R23 R24 E13 E15 E27 E30,3D,Yes,1.3,0.7
887,./unit1/camera_data/image_BS1_4221_00_49_58.jpg,./unit1/mmWave_data/mmWave_power_886.txt,./unit1/GPS_data/gps_location.txt,./unit2/GPS_data/gps_location_886.txt,,37,9,['00-49-58-111'],0,12,G2 G6 G12 G17 G19 G24 G28 R12 R13 R22 R23 R24,3D,Yes,1.3,0.8
888,./unit1/camera_data/image_BS1_4222_00_49_58.jpg,./unit1/mmWave_data/mmWave_power_887.txt,./unit1/GPS_data/gps_location.txt,./unit2/GPS_data/gps_location_887.txt,,38,9,['00-49-58-222'],0,16,G2 G6 G12 G17 G19 G24 G28 R12 R13 R22 R23 R24 E13 E15 E27 E30,3D,Yes,1.3,0.7
889,./unit1/camera_data/image_BS1_4223_00_49_58.jpg,./unit1/mmWave_data/mmWave_power_888.txt,./unit1/GPS_data/gps_location.txt,./unit2/GPS_data/gps_location_888.txt,,39,9,['00-49-58-333'],0,12,G2 G6 G12 G17 G19 G24 G28 R12 R13 R22 R23 R24,3D,Yes,1.3,0.7
890,./unit1/camera_data/image_BS1_4224_00_49_58.jpg,./unit1/mmWave_data/mmWave_power_889.txt,./unit1/GPS_data/gps_location.txt,./unit2/GPS_data/gps_location_889.txt,,40,9,['00-49-58-444'],0,21,G2 G6 G12 G17 G19 G24 G28 R12 R13 R22 R23 R24 E13 E15 E27 E30 B11 B12 B24 B25 B26,3D,Yes,1.3,0.7
891,./unit1/camera_data/image_BS1_4225_00_49_58.jpg,./unit1/mmWave_data/mmWave_power_890.txt,./unit1/GPS_data/gps_location.txt,./unit2/GPS_data/gps_location_890.txt,,40,9,['00-49-58-555'],0,16,G2 G6 G12 G17 G19 G24 G28 R12 R13 R22 R23 R24 E13 E15 E27 E30,3D,Yes,1.3,0.7
892,./unit1/camera_data/image_BS1_4226_00_49_58.jpg,./unit1/mmWave_data/mmWave_power_891.txt,./unit1/GPS_data/gps_location.txt,./unit2/GPS_data/gps_location_891.txt,,42,9,['00-49-58-666'],0,16,G2 G6 G12 G17 G19 G24 G28 R12 R13 R22 R23 R24 E13 E15 E27 E30,3D,Yes,1.3,0.7
893,./unit1/camera_data/image_BS1_4227_00_49_58.jpg,./unit1/mmWave_data/mmWave_power_892.txt,./unit1/GPS_data/gps_location.txt,./unit2/GPS_data/gps_location_892.txt,,42,9,['00-49-58-777'],0,12,G2 G6 G12 G17 G19 G24 G28 R12 R13 R22 R23 R24,3D,Yes,1.3,0.7
894,./unit1/camera_data/image_BS1_4228_00_49_58.jpg,./unit1/mmWave_data/mmWave_power_893.txt,./unit1/GPS_data/gps_location.txt,./unit2/GPS_data/gps_location_893.txt,,44,9,['00-49-58-888'],0,16,G2 G6 G12 G17 G19 G24 G28 R12 R13 R22 R23 R24 E13 E15 E27 E30,3D,Yes,1.3,0.7
895,./unit1/camera_data/image_BS1_4229_00_49_59.jpg,./unit1/mmWave_data/mmWave_power_894.txt,./unit1/GPS_data/gps_location.txt,./unit2/GPS_data/gps_location_894.txt,,44,9,['00-49-59-0'],0,21,G2 G6 G12 G17 G19 G24 G28 R12 R13 R22 R23 R24 E13 E15 E27 E30 B11 B12 B24 B25 B26,3D,Yes,1.3,0.7
896,./unit1/camera_data/image_BS1_4230_00_49_59.jpg,./unit1/mmWave_data/mmWave_power_895.txt,./unit1/GPS_data/gps_location.txt,./unit2/GPS_data/gps_location_895.txt,,44,9,['00-49-59-125'],0,12,G2 G6 G12 G17 G19 G24 G28 R12 R13 R22 R23 R24,3D,Yes,1.3,0.7
897,./unit1/camera_data/image_BS1_4231_00_49_59.jpg,./unit1/mmWave_data/mmWave_power_896.txt,./unit1/GPS_data/gps_location.txt,./unit2/GPS_data/gps_location_896.txt,,48,9,['00-49-59-250'],0,21,G2 G6 G12 G17 G19 G24 G28 R12 R13 R22 R23 R24 E13 E15 E27 E30 B11 B12 B24 B25 B26,3D,Yes,1.3,0.7
898,./unit1/camera_data/image_BS1_4232_00_49_59.jpg,./unit1/mmWave_data/mmWave_power_897.txt,./unit1/GPS_data/gps_location.txt,./unit2/GPS_data/gps_location_897.txt,,48,9,['00-49-59-375'],0,16,G2 G6 G12 G17 G19 G24 G28 R12 R13 R22 R23 R24 E13 E15 E27 E30,3D,Yes,1.3,0.7
899,./unit1/camera_data/image_BS1_4233_00_49_59.jpg,./unit1/mmWave_data/mmWave_power_898.txt,./unit1/GPS_data/gps_location.txt,./unit2/GPS_data/gps_location_898.txt,,48,9,['00-49-59-500'],0,16,G2 G6 G12 G17 G19 G24 G28 R12 R13 R22 R23 R24 E13 E15 E27 E30,3D,Yes,1.5,0.8
900,./unit1/camera_data/image_BS1_4234_00_49_59.jpg,./unit1/mmWave_data/mmWave_power_899.txt,./unit1/GPS_data/gps_location.txt,./unit2/GPS_data/gps_location_899.txt,,51,9,['00-49-59-625'],0,12,G2 G6 G12 G17 G19 G24 G28 R12 R13 R22 R23 R24,3D,Yes,1.5,0.8
901,./unit1/camera_data/image_BS1_4235_00_49_59.jpg,./unit1/mmWave_data/mmWave_power_900.txt,./unit1/GPS_data/gps_location.txt,./unit2/GPS_data/gps_location_900.txt,,50,9,['00-49-59-750'],0,11,G2 G6 G12 G17 G19 G24 R12 R13 R22 R23 R24,3D,Yes,1.5,0.8
902,./unit1/camera_data/image_BS1_4236_00_49_59.jpg,./unit1/mmWave_data/mmWave_power_901.txt,./unit1/GPS_data/gps_location.txt,./unit2/GPS_data/gps_location_901.txt,,53,9,['00-49-59-875'],0,11,G2 G6 G12 G17 G19 G24 R12 R13 R22 R23 R24,3D,Yes,1.3,0.7
903,./unit1/camera_data/image_BS1_4237_00_50_00.jpg,./unit1/mmWave_data/mmWave_power_902.txt,./unit1/GPS_data/gps_location.txt,./unit2/GPS_data/gps_location_902.txt,,52,9,['00-50-00-0'],0,15,G2 G6 G12 G17 G19 G24 R12 R13 R22 R23 R24 E13 E15 E27 E30,3D,Yes,1.3,0.7
904,./unit1/camera_data/image_BS1_4238_00_50_00.jpg,./unit1/mmWave_data/mmWave_power_903.txt,./unit1/GPS_data/gps_location.txt,./unit2/GPS_data/gps_location_903.txt,,55,9,['00-50-00-125'],0,11,G2 G6 G12 G17 G19 G24 R12 R13 R22 R23 R24,3D,Yes,1.5,0.8
905,./unit1/camera_data/image_BS1_4239_00_50_00.jpg,./unit1/mmWave_data/mmWave_power_904.txt,./unit1/GPS_data/gps_location.txt,./unit2/GPS_data/gps_location_904.txt,,54,9,['00-50-00-250'],0,15,G2 G6 G12 G17 G19 G24 R12 R13 R22 R23 R24 E13 E15 E27 E30,3D,Yes,1.5,0.8
906,./unit1/camera_data/image_BS1_4240_00_50_00.jpg,./unit1/mmWave_data/mmWave_power_905.txt,./unit1/GPS_data/gps_location.txt,./unit2/GPS_data/gps_location_905.txt,,55,9,['00-50-00-375'],0,15,G2 G6 G12 G17 G19 G24 R12 R13 R22 R23 R24 E13 E15 E27 E30,3D,Yes,1.5,0.8
907,./unit1/camera_data/image_BS1_4241_00_50_00.jpg,./unit1/mmWave_data/mmWave_power_906.txt,./unit1/GPS_data/gps_location.txt,./unit2/GPS_data/gps_location_906.txt,,58,9,['00-50-00-500'],0,11,G2 G6 G12 G17 G19 G24 R12 R13 R22 R23 R24,3D,Yes,1.4,0.8
908,./unit1/camera_data/image_BS1_4242_00_50_00.jpg,./unit1/mmWave_data/mmWave_power_907.txt,./unit1/GPS_data/gps_location.txt,./unit2/GPS_data/gps_location_907.txt,,58,9,['00-50-00-625'],0,11,G2 G6 G12 G17 G19 G24 R12 R13 R22 R23 R24,3D,Yes,1.4,0.8
909,./unit1/camera_data/image_BS1_4243_00_50_00.jpg,./unit1/mmWave_data/mmWave_power_908.txt,./unit1/GPS_data/gps_location.txt,./unit2/GPS_data/gps_location_908.txt,,59,9,['00-50-00-750'],0,15,G2 G6 G12 G17 G19 G24 R12 R13 R22 R23 R24 E13 E15 E27 E30,3D,Yes,1.4,0.8
910,./unit1/camera_data/image_BS1_4244_00_50_00.jpg,./unit1/mmWave_data/mmWave_power_909.txt,./unit1/GPS_data/gps_location.txt,./unit2/GPS_data/gps_location_909.txt,,59,9,['00-50-00-875'],0,15,G2 G6 G12 G17 G19 G24 R12 R13 R22 R23 R24 E13 E15 E27 E30,3D,Yes,1.5,0.8
911,./unit1/camera_data/image_BS1_4245_00_50_01.jpg,./unit1/mmWave_data/mmWave_power_910.txt,./unit1/GPS_data/gps_location.txt,./unit2/GPS_data/gps_location_910.txt,,61,9,['00-50-01-0'],0,20,G2 G6 G12 G17 G19 G24 R12 R13 R22 R23 R24 E13 E15 E27 E30 B11 B12 B24 B25 B26,3D,Yes,1.8,0.8
912,./unit1/camera_data/image_BS1_4246_00_50_01.jpg,./unit1/mmWave_data/mmWave_power_911.txt,./unit1/GPS_data/gps_location.txt,./unit2/GPS_data/gps_location_911.txt,,61,9,['00-50-01-250'],0,11,G2 G6 G12 G17 G19 G24 R12 R13 R22 R23 R24,3D,Yes,1.8,0.8
913,./unit1/camera_data/image_BS1_4247_00_50_01.jpg,./unit1/mmWave_data/mmWave_power_912.txt,./unit1/GPS_data/gps_location.txt,./unit2/GPS_data/gps_location_912.txt,,62,9,['00-50-01-500'],0,15,G2 G6 G12 G17 G19 G24 R12 R13 R22 R23 R24 E13 E15 E27 E30,3D,Yes,1.5,0.8
914,./unit1/camera_data/image_BS1_4248_00_50_01.jpg,./unit1/mmWave_data/mmWave_power_913.txt,./unit1/GPS_data/gps_location.txt,./unit2/GPS_data/gps_location_913.txt,,62,9,['00-50-01-750'],0,20,G2 G6 G12 G17 G19 G24 R12 R13 R22 R23 R24 E13 E15 E27 E30 B11 B12 B24 B25 B26,3D,Yes,1.3,0.7
915,./unit1/camera_data/image_BS1_4679_00_50_55.jpg,./unit1/mmWave_data/mmWave_power_914.txt,./unit1/GPS_data/gps_location.txt,./unit2/GPS_data/gps_location_914.txt,,62,10,['00-50-55-0'],1,22,G2 G6 G12 G17 G19 G24 G28 R12 R13 R22 R23 R24 E13 E15 E21 E27 E30 B11 B12 B24 B25 B26,3D,Yes,1.4,0.8
916,./unit1/camera_data/image_BS1_4680_00_50_55.jpg,./unit1/mmWave_data/mmWave_power_915.txt,./unit1/GPS_data/gps_location.txt,./unit2/GPS_data/gps_location_915.txt,,61,10,['00-50-55-200'],1,17,G2 G6 G12 G17 G19 G24 G28 R12 R13 R22 R23 R24 E13 E15 E21 E27 E30,3D,Yes,1.4,0.8
917,./unit1/camera_data/image_BS1_4681_00_50_55.jpg,./unit1/mmWave_data/mmWave_power_916.txt,./unit1/GPS_data/gps_location.txt,./unit2/GPS_data/gps_location_916.txt,,59,10,['00-50-55-400'],1,12,G2 G6 G12 G17 G19 G24 G28 R12 R13 R22 R23 R24,3D,Yes,1.4,0.8
918,./unit1/camera_data/image_BS1_4682_00_50_55.jpg,./unit1/mmWave_data/mmWave_power_917.txt,./unit1/GPS_data/gps_location.txt,./unit2/GPS_data/gps_location_917.txt,,58,10,['00-50-55-600'],1,17,G2 G6 G12 G17 G19 G24 G28 R12 R13 R22 R23 R24 E13 E15 E21 E27 E30,3D,Yes,1.4,0.8
919,./unit1/camera_data/image_BS1_4683_00_50_55.jpg,./unit1/mmWave_data/mmWave_power_918.txt,./unit1/GPS_data/gps_location.txt,./unit2/GPS_data/gps_location_918.txt,,59,10,['00-50-55-800'],1,12,G2 G6 G12 G17 G19 G24 G28 R12 R13 R22 R23 R24,3D,Yes,1.4,0.8
920,./unit1/camera_data/image_BS1_4684_00_50_56.jpg,./unit1/mmWave_data/mmWave_power_919.txt,./unit1/GPS_data/gps_location.txt,./unit2/GPS_data/gps_location_919.txt,,57,10,['00-50-56-0'],1,17,G2 G6 G12 G17 G19 G24 G28 R12 R13 R22 R23 R24 E13 E15 E21 E27 E30,3D,Yes,1.5,0.8
921,./unit1/camera_data/image_BS1_4685_00_50_56.jpg,./unit1/mmWave_data/mmWave_power_920.txt,./unit1/GPS_data/gps_location.txt,./unit2/GPS_data/gps_location_920.txt,,56,10,['00-50-56-166'],1,22,G2 G6 G12 G17 G19 G24 G28 R12 R13 R22 R23 R24 E13 E15 E21 E27 E30 B11 B12 B24 B25 B26,3D,Yes,1.5,0.8
922,./unit1/camera_data/image_BS1_4686_00_50_56.jpg,./unit1/mmWave_data/mmWave_power_921.txt,./unit1/GPS_data/gps_location.txt,./unit2/GPS_data/gps_location_921.txt,,55,10,['00-50-56-332'],1,12,G2 G6 G12 G17 G19 G24 G28 R12 R13 R22 R23 R24,3D,Yes,1.5,0.8
923,./unit1/camera_data/image_BS1_4687_00_50_56.jpg,./unit1/mmWave_data/mmWave_power_922.txt,./unit1/GPS_data/gps_location.txt,./unit2/GPS_data/gps_location_922.txt,,54,10,['00-50-56-498'],1,17,G2 G6 G12 G17 G19 G24 G28 R12 R13 R22 R23 R24 E13 E15 E21 E27 E30,3D,Yes,1.5,0.8
924,./unit1/camera_data/image_BS1_4688_00_50_56.jpg,./unit1/mmWave_data/mmWave_power_923.txt,./unit1/GPS_data/gps_location.txt,./unit2/GPS_data/gps_location_923.txt,,54,10,['00-50-56-664'],1,22,G2 G6 G12 G17 G19 G24 G28 R12 R13 R22 R23 R24 E13 E15 E21 E27 E30 B11 B12 B24 B25 B26,3D,Yes,1.5,0.8
925,./unit1/camera_data/image_BS1_4689_00_50_56.jpg,./unit1/mmWave_data/mmWave_power_924.txt,./unit1/GPS_data/gps_location.txt,./unit2/GPS_data/gps_location_924.txt,,54,10,['00-50-56-830'],1,12,G2 G6 G12 G17 G19 G24 G28 R12 R13 R22 R23 R24,3D,Yes,1.5,0.8
926,./unit1/camera_data/image_BS1_4690_00_50_57.jpg,./unit1/mmWave_data/mmWave_power_925.txt,./unit1/GPS_data/gps_location.txt,./unit2/GPS_data/gps_location_925.txt,,51,10,['00-50-57-0'],1,17,G2 G6 G12 G17 G19 G24 G28 R12 R13 R22 R23 R24 E13 E15 E21 E27 E30,3D,Yes,1.5,0.8
927,./unit1/camera_data/image_BS1_4691_00_50_57.jpg,./unit1/mmWave_data/mmWave_power_926.txt,./unit1/GPS_data/gps_location.txt,./unit2/GPS_data/gps_location_926.txt,,51,10,['00-50-57-125'],1,12,G2 G6 G12 G17 G19 G24 G28 R12 R13 R22 R23 R24,3D,Yes,1.5,0.8
928,./unit1/camera_data/image_BS1_4692_00_50_57.jpg,./unit1/mmWave_data/mmWave_power_927.txt,./unit1/GPS_data/gps_location.txt,./unit2/GPS_data/gps_location_927.txt,,51,10,['00-50-57-250'],1,22,G2 G6 G12 G17 G19 G24 G28 R12 R13 R22 R23 R24 E13 E15 E21 E27 E30 B11 B12 B24 B25 B26,3D,Yes,1.5,0.8
929,./unit1/camera_data/image_BS1_4693_00_50_57.jpg,./unit1/mmWave_data/mmWave_power_928.txt,./unit1/GPS_data/gps_location.txt,./unit2/GPS_data/gps_location_928.txt,,51,10,['00-50-57-375'],1,17,G2 G6 G12 G17 G19 G24 G28 R12 R13 R22 R23 R24 E13 E15 E21 E27 E30,3D,Yes,1.5,0.8
930,./unit1/camera_data/image_BS1_4694_00_50_57.jpg,./unit1/mmWave_data/mmWave_power_929.txt,./unit1/GPS_data/gps_location.txt,./unit2/GPS_data/gps_location_929.txt,,48,10,['00-50-57-500'],1,17,G2 G6 G12 G17 G19 G24 G28 R12 R13 R22 R23 R24 E13 E15 E21 E27 E30,3D,Yes,1.5,0.8
931,./unit1/camera_data/image_BS1_4695_00_50_57.jpg,./unit1/mmWave_data/mmWave_power_930.txt,./unit1/GPS_data/gps_location.txt,./unit2/GPS_data/gps_location_930.txt,,48,10,['00-50-57-625'],1,7,G2 G6 G12 G17 G19 G24 G28,3D,Yes,1.5,0.8
932,./unit1/camera_data/image_BS1_4696_00_50_57.jpg,./unit1/mmWave_data/mmWave_power_931.txt,./unit1/GPS_data/gps_location.txt,./unit2/GPS_data/gps_location_931.txt,,48,10,['00-50-57-750'],1,7,G2 G6 G12 G17 G19 G24 G28,3D,Yes,1.5,0.8
933,./unit1/camera_data/image_BS1_4697_00_50_57.jpg,./unit1/mmWave_data/mmWave_power_932.txt,./unit1/GPS_data/gps_location.txt,./unit2/GPS_data/gps_location_932.txt,,47,10,['00-50-57-875'],1,17,G2 G6 G12 G17 G19 G24 G28 R12 R13 R22 R23 R24 E13 E15 E21 E27 E30,3D,Yes,1.5,0.8
934,./unit1/camera_data/image_BS1_4698_00_50_58.jpg,./unit1/mmWave_data/mmWave_power_933.txt,./unit1/GPS_data/gps_location.txt,./unit2/GPS_data/gps_location_933.txt,,46,10,['00-50-58-0'],1,12,G2 G6 G12 G17 G19 G24 G28 R12 R13 R22 R23 R24,3D,Yes,1.5,0.8
935,./unit1/camera_data/image_BS1_4699_00_50_58.jpg,./unit1/mmWave_data/mmWave_power_934.txt,./unit1/GPS_data/gps_location.txt,./unit2/GPS_data/gps_location_934.txt,,47,10,['00-50-58-142'],1,17,G2 G6 G12 G17 G19 G24 G28 R12 R13 R22 R23 R24 E13 E15 E21 E27 E30,3D,Yes,1.5,0.8
936,./unit1/camera_data/image_BS1_4700_00_50_58.jpg,./unit1/mmWave_data/mmWave_power_935.txt,./unit1/GPS_data/gps_location.txt,./unit2/GPS_data/gps_location_935.txt,,43,10,['00-50-58-284'],1,17,G2 G6 G12 G17 G19 G24 G28 R12 R13 R22 R23 R24 E13 E15 E21 E27 E30,3D,Yes,1.5,0.8
937,./unit1/camera_data/image_BS1_4701_00_50_58.jpg,./unit1/mmWave_data/mmWave_power_936.txt,./unit1/GPS_data/gps_location.txt,./unit2/GPS_data/gps_location_936.txt,,42,10,['00-50-58-426'],1,17,G2 G6 G12 G17 G19 G24 G28 R12 R13 R22 R23 R24 E13 E15 E21 E27 E30,3D,Yes,1.5,0.8
938,./unit1/camera_data/image_BS1_4702_00_50_58.jpg,./unit1/mmWave_data/mmWave_power_937.txt,./unit1/GPS_data/gps_location.txt,./unit2/GPS_data/gps_location_937.txt,,40,10,['00-50-58-568'],1,17,G2 G6 G12 G17 G19 G24 G28 R12 R13 R22 R23 R24 E13 E15 E21 E27 E30,3D,Yes,1.5,0.8
939,./unit1/camera_data/image_BS1_4703_00_50_58.jpg,./unit1/mmWave_data/mmWave_power_938.txt,./unit1/GPS_data/gps_location.txt,./unit2/GPS_data/gps_location_938.txt,,39,10,['00-50-58-710'],1,12,G2 G6 G12 G17 G19 G24 G28 R12 R13 R22 R23 R24,3D,Yes,1.5,0.8
940,./unit1/camera_data/image_BS1_4704_00_50_58.jpg,./unit1/mmWave_data/mmWave_power_939.txt,./unit1/GPS_data/gps_location.txt,./unit2/GPS_data/gps_location_939.txt,,39,10,['00-50-58-852'],1,17,G2 G6 G12 G17 G19 G24 G28 R12 R13 R22 R23 R24 E13 E15 E21 E27 E30,3D,Yes,1.6,0.8
941,./unit1/camera_data/image_BS1_4705_00_50_59.jpg,./unit1/mmWave_data/mmWave_power_940.txt,./unit1/GPS_data/gps_location.txt,./unit2/GPS_data/gps_location_940.txt,,38,10,['00-50-59-0'],1,17,G2 G6 G12 G17 G19 G24 G28 R12 R13 R22 R23 R24 E13 E15 E21 E27 E30,3D,Yes,1.8,0.9
942,./unit1/camera_data/image_BS1_4706_00_50_59.jpg,./unit1/mmWave_data/mmWave_power_941.txt,./unit1/GPS_data/gps_location.txt,./unit2/GPS_data/gps_location_941.txt,,37,10,['00-50-59-111'],1,17,G2 G6 G12 G17 G19 G24 G28 R12 R13 R22 R23 R24 E13 E15 E21 E27 E30,3D,Yes,1.8,0.9
943,./unit1/camera_data/image_BS1_4707_00_50_59.jpg,./unit1/mmWave_data/mmWave_power_942.txt,./unit1/GPS_data/gps_location.txt,./unit2/GPS_data/gps_location_942.txt,,37,10,['00-50-59-222'],1,17,G2 G6 G12 G17 G19 G24 G28 R12 R13 R22 R23 R24 E13 E15 E21 E27 E30,3D,Yes,1.8,0.9
944,./unit1/camera_data/image_BS1_4708_00_50_59.jpg,./unit1/mmWave_data/mmWave_power_943.txt,./unit1/GPS_data/gps_location.txt,./unit2/GPS_data/gps_location_943.txt,,36,10,['00-50-59-333'],1,17,G2 G6 G12 G17 G19 G24 G28 R12 R13 R22 R23 R24 E13 E15 E21 E27 E30,3D,Yes,1.8,0.9
945,./unit1/camera_data/image_BS1_4709_00_50_59.jpg,./unit1/mmWave_data/mmWave_power_944.txt,./unit1/GPS_data/gps_location.txt,./unit2/GPS_data/gps_location_944.txt,,34,10,['00-50-59-444'],1,17,G2 G6 G12 G17 G19 G24 G28 R12 R13 R22 R23 R24 E13 E15 E21 E27 E30,3D,Yes,1.6,0.8
946,./unit1/camera_data/image_BS1_4710_00_50_59.jpg,./unit1/mmWave_data/mmWave_power_945.txt,./unit1/GPS_data/gps_location.txt,./unit2/GPS_data/gps_location_945.txt,,33,10,['00-50-59-555'],1,12,G2 G6 G12 G17 G19 G24 G28 R12 R13 R22 R23 R24,3D,Yes,1.4,0.8
947,./unit1/camera_data/image_BS1_4711_00_50_59.jpg,./unit1/mmWave_data/mmWave_power_946.txt,./unit1/GPS_data/gps_location.txt,./unit2/GPS_data/gps_location_946.txt,,33,10,['00-50-59-666'],1,12,G2 G6 G12 G17 G19 G24 G28 R12 R13 R22 R23 R24,3D,Yes,1.5,0.8
948,./unit1/camera_data/image_BS1_4712_00_50_59.jpg,./unit1/mmWave_data/mmWave_power_947.txt,./unit1/GPS_data/gps_location.txt,./unit2/GPS_data/gps_location_947.txt,,32,10,['00-50-59-777'],1,12,G2 G6 G12 G17 G19 G24 G28 R12 R13 R22 R23 R24,3D,Yes,1.8,0.9
949,./unit1/camera_data/image_BS1_4713_00_50_59.jpg,./unit1/mmWave_data/mmWave_power_948.txt,./unit1/GPS_data/gps_location.txt,./unit2/GPS_data/gps_location_948.txt,,30,10,['00-50-59-888'],1,17,G2 G6 G12 G17 G19 G24 G28 R12 R13 R22 R23 R24 E13 E15 E21 E27 E30,3D,Yes,1.8,0.9
950,./unit1/camera_data/image_BS1_4714_00_51_00.jpg,./unit1/mmWave_data/mmWave_power_949.txt,./unit1/GPS_data/gps_location.txt,./unit2/GPS_data/gps_location_949.txt,,29,10,['00-51-00-0'],1,12,G2 G6 G12 G17 G19 G24 G28 R12 R13 R22 R23 R24,3D,Yes,1.8,0.9
951,./unit1/camera_data/image_BS1_4715_00_51_00.jpg,./unit1/mmWave_data/mmWave_power_950.txt,./unit1/GPS_data/gps_location.txt,./unit2/GPS_data/gps_location_950.txt,,29,10,['00-51-00-166'],1,17,G2 G6 G12 G17 G19 G24 G28 R12 R13 R22 R23 R24 E13 E15 E21 E27 E30,3D,Yes,1.5,0.8
952,./unit1/camera_data/image_BS1_4716_00_51_00.jpg,./unit1/mmWave_data/mmWave_power_951.txt,./unit1/GPS_data/gps_location.txt,./unit2/GPS_data/gps_location_951.txt,,28,10,['00-51-00-332'],1,17,G2 G6 G12 G17 G19 G24 G28 R12 R13 R22 R23 R24 E13 E15 E21 E27 E30,3D,Yes,1.4,0.7
953,./unit1/camera_data/image_BS1_4717_00_51_00.jpg,./unit1/mmWave_data/mmWave_power_952.txt,./unit1/GPS_data/gps_location.txt,./unit2/GPS_data/gps_location_952.txt,,27,10,['00-51-00-498'],1,17,G2 G6 G12 G17 G19 G24 G28 R12 R13 R22 R23 R24 E13 E15 E21 E27 E30,3D,Yes,1.3,0.7
954,./unit1/camera_data/image_BS1_4718_00_51_00.jpg,./unit1/mmWave_data/mmWave_power_953.txt,./unit1/GPS_data/gps_location.txt,./unit2/GPS_data/gps_location_953.txt,,25,10,['00-51-00-664'],1,12,G2 G6 G12 G17 G19 G24 G28 R12 R13 R22 R23 R24,3D,Yes,1.4,0.7
955,./unit1/camera_data/image_BS1_4719_00_51_00.jpg,./unit1/mmWave_data/mmWave_power_954.txt,./unit1/GPS_data/gps_location.txt,./unit2/GPS_data/gps_location_954.txt,,21,10,['00-51-00-830'],1,12,G2 G6 G12 G17 G19 G24 G28 R12 R13 R22 R23 R24,3D,Yes,1.3,0.7
956,./unit1/camera_data/image_BS1_4720_00_51_01.jpg,./unit1/mmWave_data/mmWave_power_955.txt,./unit1/GPS_data/gps_location.txt,./unit2/GPS_data/gps_location_955.txt,,20,10,['00-51-01-0'],1,17,G2 G6 G12 G17 G19 G24 G28 R12 R13 R22 R23 R24 E13 E15 E21 E27 E30,3D,Yes,1.5,0.8
957,./unit1/camera_data/image_BS1_4721_00_51_01.jpg,./unit1/mmWave_data/mmWave_power_956.txt,./unit1/GPS_data/gps_location.txt,./unit2/GPS_data/gps_location_956.txt,,17,10,['00-51-01-200'],1,17,G2 G6 G12 G17 G19 G24 G28 R12 R13 R22 R23 R24 E13 E15 E21 E27 E30,3D,Yes,1.5,0.8
958,./unit1/camera_data/image_BS1_4722_00_51_01.jpg,./unit1/mmWave_data/mmWave_power_957.txt,./unit1/GPS_data/gps_location.txt,./unit2/GPS_data/gps_location_957.txt,,16,10,['00-51-01-400'],1,17,G2 G6 G12 G17 G19 G24 G28 R12 R13 R22 R23 R24 E13 E15 E21 E27 E30,3D,Yes,1.5,0.8
959,./unit1/camera_data/image_BS1_4723_00_51_01.jpg,./unit1/mmWave_data/mmWave_power_958.txt,./unit1/GPS_data/gps_location.txt,./unit2/GPS_data/gps_location_958.txt,,18,10,['00-51-01-600'],1,22,G2 G6 G12 G17 G19 G24 G28 R12 R13 R22 R23 R24 E13 E15 E21 E27 E30 B11 B12 B24 B25 B26,3D,Yes,1.5,0.8
960,./unit1/camera_data/image_BS1_4724_00_51_01.jpg,./unit1/mmWave_data/mmWave_power_959.txt,./unit1/GPS_data/gps_location.txt,./unit2/GPS_data/gps_location_959.txt,,13,10,['00-51-01-800'],1,7,G2 G6 G12 G17 G19 G24 G28,3D,Yes,1.4,0.7
961,./unit1/camera_data/image_BS1_4725_00_51_02.jpg,./unit1/mmWave_data/mmWave_power_960.txt,./unit1/GPS_data/gps_location.txt,./unit2/GPS_data/gps_location_960.txt,,13,10,['00-51-02-0'],1,17,G2 G6 G12 G17 G19 G24 G28 R12 R13 R22 R23 R24 E13 E15 E21 E27 E30,3D,Yes,1.5,0.8
962,./unit1/camera_data/image_BS1_4726_00_51_02.jpg,./unit1/mmWave_data/mmWave_power_961.txt,./unit1/GPS_data/gps_location.txt,./unit2/GPS_data/gps_location_961.txt,,13,10,['00-51-02-125'],1,17,G2 G6 G12 G17 G19 G24 G28 R12 R13 R22 R23 R24 E13 E15 E21 E27 E30,3D,Yes,1.5,0.8
963,./unit1/camera_data/image_BS1_4727_00_51_02.jpg,./unit1/mmWave_data/mmWave_power_962.txt,./unit1/GPS_data/gps_location.txt,./unit2/GPS_data/gps_location_962.txt,,11,10,['00-51-02-250'],1,17,G2 G6 G12 G17 G19 G24 G28 R12 R13 R22 R23 R24 E13 E15 E21 E27 E30,3D,Yes,1.5,0.8
964,./unit1/camera_data/image_BS1_4728_00_51_02.jpg,./unit1/mmWave_data/mmWave_power_963.txt,./unit1/GPS_data/gps_location.txt,./unit2/GPS_data/gps_location_963.txt,,11,10,['00-51-02-375'],1,17,G2 G6 G12 G17 G19 G24 G28 R12 R13 R22 R23 R24 E13 E15 E21 E27 E30,3D,Yes,1.8,0.9
965,./unit1/camera_data/image_BS1_4729_00_51_02.jpg,./unit1/mmWave_data/mmWave_power_964.txt,./unit1/GPS_data/gps_location.txt,./unit2/GPS_data/gps_location_964.txt,,10,10,['00-51-02-500'],1,22,G2 G6 G12 G17 G19 G24 G28 R12 R13 R22 R23 R24 E13 E15 E21 E27 E30 B11 B12 B24 B25 B26,3D,Yes,1.8,0.9
966,./unit1/camera_data/image_BS1_4730_00_51_02.jpg,./unit1/mmWave_data/mmWave_power_965.txt,./unit1/GPS_data/gps_location.txt,./unit2/GPS_data/gps_location_965.txt,,8,10,['00-51-02-625'],1,17,G2 G6 G12 G17 G19 G24 G28 R12 R13 R22 R23 R24 E13 E15 E21 E27 E30,3D,Yes,1.8,0.9
967,./unit1/camera_data/image_BS1_4731_00_51_02.jpg,./unit1/mmWave_data/mmWave_power_966.txt,./unit1/GPS_data/gps_location.txt,./unit2/GPS_data/gps_location_966.txt,,6,10,['00-51-02-750'],1,17,G2 G6 G12 G17 G19 G24 G28 R12 R13 R22 R23 R24 E13 E15 E21 E27 E30,3D,Yes,1.8,0.9
968,./unit1/camera_data/image_BS1_4732_00_51_02.jpg,./unit1/mmWave_data/mmWave_power_967.txt,./unit1/GPS_data/gps_location.txt,./unit2/GPS_data/gps_location_967.txt,,5,10,['00-51-02-875'],1,12,G2 G6 G12 G17 G19 G24 G28 R12 R13 R22 R23 R24,3D,Yes,1.8,0.9
969,./unit1/camera_data/image_BS1_4733_00_51_03.jpg,./unit1/mmWave_data/mmWave_power_968.txt,./unit1/GPS_data/gps_location.txt,./unit2/GPS_data/gps_location_968.txt,,5,10,['00-51-03-0'],1,22,G2 G6 G12 G17 G19 G24 G28 R12 R13 R22 R23 R24 E13 E15 E21 E27 E30 B11 B12 B24 B25 B26,3D,Yes,1.8,0.9
970,./unit1/camera_data/image_BS1_4734_00_51_03.jpg,./unit1/mmWave_data/mmWave_power_969.txt,./unit1/GPS_data/gps_location.txt,./unit2/GPS_data/gps_location_969.txt,,4,10,['00-51-03-200'],1,17,G2 G6 G12 G17 G19 G24 G28 R12 R13 R22 R23 R24 E13 E15 E21 E27 E30,3D,Yes,1.8,0.9
971,./unit1/camera_data/image_BS1_4735_00_51_03.jpg,./unit1/mmWave_data/mmWave_power_970.txt,./unit1/GPS_data/gps_location.txt,./unit2/GPS_data/gps_location_970.txt,,2,10,['00-51-03-400'],1,17,G2 G6 G12 G17 G19 G24 G28 R12 R13 R22 R23 R24 E13 E15 E21 E27 E30,3D,Yes,1.6,0.8
972,./unit1/camera_data/image_BS1_4736_00_51_03.jpg,./unit1/mmWave_data/mmWave_power_971.txt,./unit1/GPS_data/gps_location.txt,./unit2/GPS_data/gps_location_971.txt,,2,10,['00-51-03-600'],1,17,G2 G6 G12 G17 G19 G24 G28 R12 R13 R22 R23 R24 E13 E15 E21 E27 E30,3D,Yes,1.6,0.8
973,./unit1/camera_data/image_BS1_4737_00_51_03.jpg,./unit1/mmWave_data/mmWave_power_972.txt,./unit1/GPS_data/gps_location.txt,./unit2/GPS_data/gps_location_972.txt,,2,10,['00-51-03-800'],1,12,G2 G6 G12 G17 G19 G24 G28 R12 R13 R22 R23 R24,3D,Yes,1.6,0.8
974,./unit1/camera_data/image_BS1_5013_00_51_40.jpg,./unit1/mmWave_data/mmWave_power_973.txt,./unit1/GPS_data/gps_location.txt,./unit2/GPS_data/gps_location_973.txt,,2,11,['00-51-40-0'],0,17,G2 G6 G12 G17 G19 G24 G28 R12 R13 R22 R23 R24 E13 E15 E21 E27 E30,3D,Yes,1.5,0.8
975,./unit1/camera_data/image_BS1_5014_00_51_40.jpg,./unit1/mmWave_data/mmWave_power_974.txt,./unit1/GPS_data/gps_location.txt,./unit2/GPS_data/gps_location_974.txt,,2,11,['00-51-40-166'],0,17,G2 G6 G12 G17 G19 G24 G28 R12 R13 R22 R23 R24 E13 E15 E21 E27 E30,3D,Yes,1.5,0.8
976,./unit1/camera_data/image_BS1_5015_00_51_40.jpg,./unit1/mmWave_data/mmWave_power_975.txt,./unit1/GPS_data/gps_location.txt,./unit2/GPS_data/gps_location_975.txt,,2,11,['00-51-40-332'],0,17,G2 G6 G12 G17 G19 G24 G28 R12 R13 R22 R23 R24 E13 E15 E21 E27 E30,3D,Yes,1.3,0.7
977,./unit1/camera_data/image_BS1_5016_00_51_40.jpg,./unit1/mmWave_data/mmWave_power_976.txt,./unit1/GPS_data/gps_location.txt,./unit2/GPS_data/gps_location_976.txt,,3,11,['00-51-40-498'],0,12,G2 G6 G12 G17 G19 G24 G28 R12 R13 R22 R23 R24,3D,Yes,1.3,0.7
978,./unit1/camera_data/image_BS1_5017_00_51_40.jpg,./unit1/mmWave_data/mmWave_power_977.txt,./unit1/GPS_data/gps_location.txt,./unit2/GPS_data/gps_location_977.txt,,3,11,['00-51-40-664'],0,17,G2 G6 G12 G17 G19 G24 G28 R12 R13 R22 R23 R24 E13 E15 E21 E27 E30,3D,Yes,1.3,0.7
979,./unit1/camera_data/image_BS1_5018_00_51_40.jpg,./unit1/mmWave_data/mmWave_power_978.txt,./unit1/GPS_data/gps_location.txt,./unit2/GPS_data/gps_location_978.txt,,3,11,['00-51-40-830'],0,17,G2 G6 G12 G17 G19 G24 G28 R12 R13 R22 R23 R24 E13 E15 E21 E27 E30,3D,Yes,1.3,0.7
980,./unit1/camera_data/image_BS1_5019_00_51_41.jpg,./unit1/mmWave_data/mmWave_power_979.txt,./unit1/GPS_data/gps_location.txt,./unit2/GPS_data/gps_location_979.txt,,3,11,['00-51-41-0'],0,17,G2 G6 G12 G17 G19 G24 G28 R12 R13 R22 R23 R24 E13 E15 E21 E27 E30,3D,Yes,1.3,0.7
981,./unit1/camera_data/image_BS1_5020_00_51_41.jpg,./unit1/mmWave_data/mmWave_power_980.txt,./unit1/GPS_data/gps_location.txt,./unit2/GPS_data/gps_location_980.txt,,6,11,['00-51-41-125'],0,17,G2 G6 G12 G17 G19 G24 G28 R12 R13 R22 R23 R24 E13 E15 E21 E27 E30,3D,Yes,1.3,0.7
982,./unit1/camera_data/image_BS1_5021_00_51_41.jpg,./unit1/mmWave_data/mmWave_power_981.txt,./unit1/GPS_data/gps_location.txt,./unit2/GPS_data/gps_location_981.txt,,3,11,['00-51-41-250'],0,17,G2 G6 G12 G17 G19 G24 G28 R12 R13 R22 R23 R24 E13 E15 E21 E27 E30,3D,Yes,1.3,0.7
983,./unit1/camera_data/image_BS1_5022_00_51_41.jpg,./unit1/mmWave_data/mmWave_power_982.txt,./unit1/GPS_data/gps_location.txt,./unit2/GPS_data/gps_location_982.txt,,5,11,['00-51-41-375'],0,17,G2 G6 G12 G17 G19 G24 G28 R12 R13 R22 R23 R24 E13 E15 E21 E27 E30,3D,Yes,1.3,0.7
984,./unit1/camera_data/image_BS1_5023_00_51_41.jpg,./unit1/mmWave_data/mmWave_power_983.txt,./unit1/GPS_data/gps_location.txt,./unit2/GPS_data/gps_location_983.txt,,8,11,['00-51-41-500'],0,17,G2 G6 G12 G17 G19 G24 G28 R12 R13 R22 R23 R24 E13 E15 E21 E27 E30,3D,Yes,1.3,0.7
985,./unit1/camera_data/image_BS1_5024_00_51_41.jpg,./unit1/mmWave_data/mmWave_power_984.txt,./unit1/GPS_data/gps_location.txt,./unit2/GPS_data/gps_location_984.txt,,7,11,['00-51-41-625'],0,22,G2 G6 G12 G17 G19 G24 G28 R12 R13 R22 R23 R24 E13 E15 E21 E27 E30 B11 B12 B24 B25 B26,3D,Yes,1.3,0.7
986,./unit1/camera_data/image_BS1_5025_00_51_41.jpg,./unit1/mmWave_data/mmWave_power_985.txt,./unit1/GPS_data/gps_location.txt,./unit2/GPS_data/gps_location_985.txt,,7,11,['00-51-41-750'],0,17,G2 G6 G12 G17 G19 G24 G28 R12 R13 R22 R23 R24 E13 E15 E21 E27 E30,3D,Yes,1.1,0.6
987,./unit1/camera_data/image_BS1_5026_00_51_41.jpg,./unit1/mmWave_data/mmWave_power_986.txt,./unit1/GPS_data/gps_location.txt,./unit2/GPS_data/gps_location_986.txt,,8,11,['00-51-41-875'],0,17,G2 G6 G12 G17 G19 G24 G28 R12 R13 R22 R23 R24 E13 E15 E21 E27 E30,3D,Yes,1.1,0.6
988,./unit1/camera_data/image_BS1_5027_00_51_42.jpg,./unit1/mmWave_data/mmWave_power_987.txt,./unit1/GPS_data/gps_location.txt,./unit2/GPS_data/gps_location_987.txt,,10,11,['00-51-42-0'],0,12,G2 G6 G12 G17 G19 G24 G28 R12 R13 R22 R23 R24,3D,Yes,1.3,0.7
989,./unit1/camera_data/image_BS1_5028_00_51_42.jpg,./unit1/mmWave_data/mmWave_power_988.txt,./unit1/GPS_data/gps_location.txt,./unit2/GPS_data/gps_location_988.txt,,11,11,['00-51-42-142'],0,22,G2 G6 G12 G17 G19 G24 G28 R12 R13 R22 R23 R24 E13 E15 E21 E27 E30 B11 B12 B24 B25 B26,3D,Yes,1.3,0.7
990,./unit1/camera_data/image_BS1_5029_00_51_42.jpg,./unit1/mmWave_data/mmWave_power_989.txt,./unit1/GPS_data/gps_location.txt,./unit2/GPS_data/gps_location_989.txt,,11,11,['00-51-42-284'],0,17,G2 G6 G12 G17 G19 G24 G28 R12 R13 R22 R23 R24 E13 E15 E21 E27 E30,3D,Yes,1.3,0.7
991,./unit1/camera_data/image_BS1_5030_00_51_42.jpg,./unit1/mmWave_data/mmWave_power_990.txt,./unit1/GPS_data/gps_location.txt,./unit2/GPS_data/gps_location_990.txt,,13,11,['00-51-42-426'],0,17,G2 G6 G12 G17 G19 G24 G28 R12 R13 R22 R23 R24 E13 E15 E21 E27 E30,3D,Yes,1.3,0.7
992,./unit1/camera_data/image_BS1_5031_00_51_42.jpg,./unit1/mmWave_data/mmWave_power_991.txt,./unit1/GPS_data/gps_location.txt,./unit2/GPS_data/gps_location_991.txt,,13,11,['00-51-42-568'],0,17,G2 G6 G12 G17 G19 G24 G28 R12 R13 R22 R23 R24 E13 E15 E21 E27 E30,3D,Yes,1.3,0.7
993,./unit1/camera_data/image_BS1_5032_00_51_42.jpg,./unit1/mmWave_data/mmWave_power_992.txt,./unit1/GPS_data/gps_location.txt,./unit2/GPS_data/gps_location_992.txt,,15,11,['00-51-42-710'],0,22,G2 G6 G12 G17 G19 G24 G28 R12 R13 R22 R23 R24 E13 E15 E21 E27 E30 B11 B12 B24 B25 B26,3D,Yes,1.3,0.7
994,./unit1/camera_data/image_BS1_5033_00_51_42.jpg,./unit1/mmWave_data/mmWave_power_993.txt,./unit1/GPS_data/gps_location.txt,./unit2/GPS_data/gps_location_993.txt,,16,11,['00-51-42-852'],0,17,G2 G6 G12 G17 G19 G24 G28 R12 R13 R22 R23 R24 E13 E15 E21 E27 E30,3D,Yes,1.3,0.7
995,./unit1/camera_data/image_BS1_5034_00_51_43.jpg,./unit1/mmWave_data/mmWave_power_994.txt,./unit1/GPS_data/gps_location.txt,./unit2/GPS_data/gps_location_994.txt,,19,11,['00-51-43-0'],0,17,G2 G6 G12 G17 G19 G24 G28 R12 R13 R22 R23 R24 E13 E15 E21 E27 E30,3D,Yes,1.3,0.7
996,./unit1/camera_data/image_BS1_5035_00_51_43.jpg,./unit1/mmWave_data/mmWave_power_995.txt,./unit1/GPS_data/gps_location.txt,./unit2/GPS_data/gps_location_995.txt,,20,11,['00-51-43-111'],0,12,G2 G6 G12 G17 G19 G24 G28 R12 R13 R22 R23 R24,3D,Yes,1.3,0.7
997,./unit1/camera_data/image_BS1_5036_00_51_43.jpg,./unit1/mmWave_data/mmWave_power_996.txt,./unit1/GPS_data/gps_location.txt,./unit2/GPS_data/gps_location_996.txt,,20,11,['00-51-43-222'],0,12,G2 G6 G12 G17 G19 G24 G28 R12 R13 R22 R23 R24,3D,Yes,1.3,0.7
998,./unit1/camera_data/image_BS1_5037_00_51_43.jpg,./unit1/mmWave_data/mmWave_power_997.txt,./unit1/GPS_data/gps_location.txt,./unit2/GPS_data/gps_location_997.txt,,22,11,['00-51-43-333'],0,17,G2 G6 G12 G17 G19 G24 G28 R12 R13 R22 R23 R24 E13 E15 E21 E27 E30,3D,Yes,1.3,0.7
999,./unit1/camera_data/image_BS1_5038_00_51_43.jpg,./unit1/mmWave_data/mmWave_power_998.txt,./unit1/GPS_data/gps_location.txt,./unit2/GPS_data/gps_location_998.txt,,23,11,['00-51-43-444'],0,22,G2 G6 G12 G17 G19 G24 G28 R12 R13 R22 R23 R24 E13 E15 E21 E27 E30 B11 B12 B24 B25 B26,3D,Yes,1.3,0.7
1000,./unit1/camera_data/image_BS1_5039_00_51_43.jpg,./unit1/mmWave_data/mmWave_power_999.txt,./unit1/GPS_data/gps_location.txt,./unit2/GPS_data/gps_location_999.txt,,24,11,['00-51-43-555'],0,22,G2 G6 G12 G17 G19 G24 G28 R12 R13 R22 R23 R24 E13 E15 E21 E27 E30 B11 B12 B24 B25 B26,3D,Yes,1.1,0.6
1001,./unit1/camera_data/image_BS1_5040_00_51_43.jpg,./unit1/mmWave_data/mmWave_power_1000.txt,./unit1/GPS_data/gps_location.txt,./unit2/GPS_data/gps_location_1000.txt,,26,11,['00-51-43-666'],0,17,G2 G6 G12 G17 G19 G24 G28 R12 R13 R22 R23 R24 E13 E15 E21 E27 E30,3D,Yes,1.1,0.6
1002,./unit1/camera_data/image_BS1_5041_00_51_43.jpg,./unit1/mmWave_data/mmWave_power_1001.txt,./unit1/GPS_data/gps_location.txt,./unit2/GPS_data/gps_location_1001.txt,,26,11,['00-51-43-777'],0,17,G2 G6 G12 G17 G19 G24 G28 R12 R13 R22 R23 R24 E13 E15 E21 E27 E30,3D,Yes,1.1,0.6
1003,./unit1/camera_data/image_BS1_5042_00_51_43.jpg,./unit1/mmWave_data/mmWave_power_1002.txt,./unit1/GPS_data/gps_location.txt,./unit2/GPS_data/gps_location_1002.txt,,28,11,['00-51-43-888'],0,12,G2 G6 G12 G17 G19 G24 G28 R12 R13 R22 R23 R24,3D,Yes,1.1,0.6
1004,./unit1/camera_data/image_BS1_5043_00_51_44.jpg,./unit1/mmWave_data/mmWave_power_1003.txt,./unit1/GPS_data/gps_location.txt,./unit2/GPS_data/gps_location_1003.txt,,28,11,['00-51-44-0'],0,22,G2 G6 G12 G17 G19 G24 G28 R12 R13 R22 R23 R24 E13 E15 E21 E27 E30 B11 B12 B24 B25 B26,3D,Yes,1.1,0.6
1005,./unit1/camera_data/image_BS1_5044_00_51_44.jpg,./unit1/mmWave_data/mmWave_power_1004.txt,./unit1/GPS_data/gps_location.txt,./unit2/GPS_data/gps_location_1004.txt,,29,11,['00-51-44-111'],0,17,G2 G6 G12 G17 G19 G24 G28 R12 R13 R22 R23 R24 E13 E15 E21 E27 E30,3D,Yes,1.1,0.6
1006,./unit1/camera_data/image_BS1_5045_00_51_44.jpg,./unit1/mmWave_data/mmWave_power_1005.txt,./unit1/GPS_data/gps_location.txt,./unit2/GPS_data/gps_location_1005.txt,,33,11,['00-51-44-222'],0,17,G2 G6 G12 G17 G19 G24 G28 R12 R13 R22 R23 R24 E13 E15 E21 E27 E30,3D,Yes,1.3,0.7
1007,./unit1/camera_data/image_BS1_5046_00_51_44.jpg,./unit1/mmWave_data/mmWave_power_1006.txt,./unit1/GPS_data/gps_location.txt,./unit2/GPS_data/gps_location_1006.txt,,32,11,['00-51-44-333'],0,17,G2 G6 G12 G17 G19 G24 G28 R12 R13 R22 R23 R24 E13 E15 E21 E27 E30,3D,Yes,1.3,0.7
1008,./unit1/camera_data/image_BS1_5047_00_51_44.jpg,./unit1/mmWave_data/mmWave_power_1007.txt,./unit1/GPS_data/gps_location.txt,./unit2/GPS_data/gps_location_1007.txt,,33,11,['00-51-44-444'],0,17,G2 G6 G12 G17 G19 G24 G28 R12 R13 R22 R23 R24 E13 E15 E21 E27 E30,3D,Yes,1.3,0.7
1009,./unit1/camera_data/image_BS1_5048_00_51_44.jpg,./unit1/mmWave_data/mmWave_power_1008.txt,./unit1/GPS_data/gps_location.txt,./unit2/GPS_data/gps_location_1008.txt,,36,11,['00-51-44-555'],0,17,G2 G6 G12 G17 G19 G24 G28 R12 R13 R22 R23 R24 E13 E15 E21 E27 E30,3D,Yes,1.3,0.7
1010,./unit1/camera_data/image_BS1_5049_00_51_44.jpg,./unit1/mmWave_data/mmWave_power_1009.txt,./unit1/GPS_data/gps_location.txt,./unit2/GPS_data/gps_location_1009.txt,,36,11,['00-51-44-666'],0,17,G2 G6 G12 G17 G19 G24 G28 R12 R13 R22 R23 R24 E13 E15 E21 E27 E30,3D,Yes,1.3,0.7
1011,./unit1/camera_data/image_BS1_5050_00_51_44.jpg,./unit1/mmWave_data/mmWave_power_1010.txt,./unit1/GPS_data/gps_location.txt,./unit2/GPS_data/gps_location_1010.txt,,38,11,['00-51-44-777'],0,17,G2 G6 G12 G17 G19 G24 G28 R12 R13 R22 R23 R24 E13 E15 E21 E27 E30,3D,Yes,1.3,0.7
1012,./unit1/camera_data/image_BS1_5051_00_51_44.jpg,./unit1/mmWave_data/mmWave_power_1011.txt,./unit1/GPS_data/gps_location.txt,./unit2/GPS_data/gps_location_1011.txt,,39,11,['00-51-44-888'],0,12,G2 G6 G12 G17 G19 G24 G28 R12 R13 R22 R23 R24,3D,Yes,1.3,0.7
1013,./unit1/camera_data/image_BS1_5052_00_51_45.jpg,./unit1/mmWave_data/mmWave_power_1012.txt,./unit1/GPS_data/gps_location.txt,./unit2/GPS_data/gps_location_1012.txt,,39,11,['00-51-45-0'],0,17,G2 G6 G12 G17 G19 G24 G28 R12 R13 R22 R23 R24 E13 E15 E21 E27 E30,3D,Yes,1.3,0.7
1014,./unit1/camera_data/image_BS1_5053_00_51_45.jpg,./unit1/mmWave_data/mmWave_power_1013.txt,./unit1/GPS_data/gps_location.txt,./unit2/GPS_data/gps_location_1013.txt,,41,11,['00-51-45-111'],0,17,G2 G6 G12 G17 G19 G24 G28 R12 R13 R22 R23 R24 E13 E15 E21 E27 E30,3D,Yes,1.4,0.8
1015,./unit1/camera_data/image_BS1_5054_00_51_45.jpg,./unit1/mmWave_data/mmWave_power_1014.txt,./unit1/GPS_data/gps_location.txt,./unit2/GPS_data/gps_location_1014.txt,,42,11,['00-51-45-222'],0,17,G2 G6 G12 G17 G19 G24 G28 R12 R13 R22 R23 R24 E13 E15 E21 E27 E30,3D,Yes,1.4,0.8
1016,./unit1/camera_data/image_BS1_5055_00_51_45.jpg,./unit1/mmWave_data/mmWave_power_1015.txt,./unit1/GPS_data/gps_location.txt,./unit2/GPS_data/gps_location_1015.txt,,43,11,['00-51-45-333'],0,16,G2 G6 G12 G17 G19 G24 R12 R13 R22 R23 R24 E13 E15 E21 E27 E30,3D,Yes,1.4,0.8
1017,./unit1/camera_data/image_BS1_5056_00_51_45.jpg,./unit1/mmWave_data/mmWave_power_1016.txt,./unit1/GPS_data/gps_location.txt,./unit2/GPS_data/gps_location_1016.txt,,45,11,['00-51-45-444'],0,16,G2 G6 G12 G17 G19 G24 R12 R13 R22 R23 R24 E13 E15 E21 E27 E30,3D,Yes,1.3,0.7
1018,./unit1/camera_data/image_BS1_5057_00_51_45.jpg,./unit1/mmWave_data/mmWave_power_1017.txt,./unit1/GPS_data/gps_location.txt,./unit2/GPS_data/gps_location_1017.txt,,45,11,['00-51-45-555'],0,11,G2 G6 G12 G17 G19 G24 R12 R13 R22 R23 R24,3D,Yes,1.3,0.7
1019,./unit1/camera_data/image_BS1_5058_00_51_45.jpg,./unit1/mmWave_data/mmWave_power_1018.txt,./unit1/GPS_data/gps_location.txt,./unit2/GPS_data/gps_location_1018.txt,,47,11,['00-51-45-666'],0,11,G2 G6 G12 G17 G19 G24 R12 R13 R22 R23 R24,3D,Yes,1.3,0.7
1020,./unit1/camera_data/image_BS1_5059_00_51_45.jpg,./unit1/mmWave_data/mmWave_power_1019.txt,./unit1/GPS_data/gps_location.txt,./unit2/GPS_data/gps_location_1019.txt,,48,11,['00-51-45-777'],0,11,G2 G6 G12 G17 G19 G24 R12 R13 R22 R23 R24,3D,Yes,1.3,0.7
1021,./unit1/camera_data/image_BS1_5060_00_51_45.jpg,./unit1/mmWave_data/mmWave_power_1020.txt,./unit1/GPS_data/gps_location.txt,./unit2/GPS_data/gps_location_1020.txt,,48,11,['00-51-45-888'],0,11,G2 G6 G12 G17 G19 G24 R12 R13 R22 R23 R24,3D,Yes,1.3,0.7
1022,./unit1/camera_data/image_BS1_5061_00_51_46.jpg,./unit1/mmWave_data/mmWave_power_1021.txt,./unit1/GPS_data/gps_location.txt,./unit2/GPS_data/gps_location_1021.txt,,51,11,['00-51-46-0'],0,16,G2 G6 G12 G17 G19 G24 R12 R13 R22 R23 R24 E13 E15 E21 E27 E30,3D,Yes,1.3,0.7
1023,./unit1/camera_data/image_BS1_5062_00_51_46.jpg,./unit1/mmWave_data/mmWave_power_1022.txt,./unit1/GPS_data/gps_location.txt,./unit2/GPS_data/gps_location_1022.txt,,51,11,['00-51-46-125'],0,16,G2 G6 G12 G17 G19 G24 R12 R13 R22 R23 R24 E13 E15 E21 E27 E30,3D,Yes,1.5,0.8
1024,./unit1/camera_data/image_BS1_5063_00_51_46.jpg,./unit1/mmWave_data/mmWave_power_1023.txt,./unit1/GPS_data/gps_location.txt,./unit2/GPS_data/gps_location_1023.txt,,51,11,['00-51-46-250'],0,21,G2 G6 G12 G17 G19 G24 R12 R13 R22 R23 R24 E13 E15 E21 E27 E30 B11 B12 B24 B25 B26,3D,Yes,1.5,0.8
1025,./unit1/camera_data/image_BS1_5064_00_51_46.jpg,./unit1/mmWave_data/mmWave_power_1024.txt,./unit1/GPS_data/gps_location.txt,./unit2/GPS_data/gps_location_1024.txt,,53,11,['00-51-46-375'],0,16,G2 G6 G12 G17 G19 G24 R12 R13 R22 R23 R24 E13 E15 E21 E27 E30,3D,Yes,1.3,0.7
1026,./unit1/camera_data/image_BS1_5065_00_51_46.jpg,./unit1/mmWave_data/mmWave_power_1025.txt,./unit1/GPS_data/gps_location.txt,./unit2/GPS_data/gps_location_1025.txt,,54,11,['00-51-46-500'],0,16,G2 G6 G12 G17 G19 G24 R12 R13 R22 R23 R24 E13 E15 E21 E27 E30,3D,Yes,1.3,0.7
1027,./unit1/camera_data/image_BS1_5066_00_51_46.jpg,./unit1/mmWave_data/mmWave_power_1026.txt,./unit1/GPS_data/gps_location.txt,./unit2/GPS_data/gps_location_1026.txt,,54,11,['00-51-46-625'],0,16,G2 G6 G12 G17 G19 G24 R12 R13 R22 R23 R24 E13 E15 E21 E27 E30,3D,Yes,1.3,0.7
1028,./unit1/camera_data/image_BS1_5067_00_51_46.jpg,./unit1/mmWave_data/mmWave_power_1027.txt,./unit1/GPS_data/gps_location.txt,./unit2/GPS_data/gps_location_1027.txt,,55,11,['00-51-46-750'],0,11,G2 G6 G12 G17 G19 G24 R12 R13 R22 R23 R24,3D,Yes,1.3,0.7
1029,./unit1/camera_data/image_BS1_5068_00_51_46.jpg,./unit1/mmWave_data/mmWave_power_1028.txt,./unit1/GPS_data/gps_location.txt,./unit2/GPS_data/gps_location_1028.txt,,56,11,['00-51-46-875'],0,21,G2 G6 G12 G17 G19 G24 R12 R13 R22 R23 R24 E13 E15 E21 E27 E30 B11 B12 B24 B25 B26,3D,Yes,1.8,0.8
1030,./unit1/camera_data/image_BS1_5069_00_51_47.jpg,./unit1/mmWave_data/mmWave_power_1029.txt,./unit1/GPS_data/gps_location.txt,./unit2/GPS_data/gps_location_1029.txt,,58,11,['00-51-47-0'],0,11,G2 G6 G12 G17 G19 G24 R12 R13 R22 R23 R24,3D,Yes,1.8,0.8
1031,./unit1/camera_data/image_BS1_5070_00_51_47.jpg,./unit1/mmWave_data/mmWave_power_1030.txt,./unit1/GPS_data/gps_location.txt,./unit2/GPS_data/gps_location_1030.txt,,58,11,['00-51-47-166'],0,16,G2 G6 G12 G17 G19 G24 R12 R13 R22 R23 R24 E13 E15 E21 E27 E30,3D,Yes,1.8,0.8
1032,./unit1/camera_data/image_BS1_5071_00_51_47.jpg,./unit1/mmWave_data/mmWave_power_1031.txt,./unit1/GPS_data/gps_location.txt,./unit2/GPS_data/gps_location_1031.txt,,59,11,['00-51-47-332'],0,16,G2 G6 G12 G17 G19 G24 R12 R13 R22 R23 R24 E13 E15 E21 E27 E30,3D,Yes,1.2,0.7
1033,./unit1/camera_data/image_BS1_5072_00_51_47.jpg,./unit1/mmWave_data/mmWave_power_1032.txt,./unit1/GPS_data/gps_location.txt,./unit2/GPS_data/gps_location_1032.txt,,60,11,['00-51-47-498'],0,16,G2 G6 G12 G17 G19 G24 R12 R13 R22 R23 R24 E13 E15 E21 E27 E30,3D,Yes,1.3,0.7
1034,./unit1/camera_data/image_BS1_5073_00_51_47.jpg,./unit1/mmWave_data/mmWave_power_1033.txt,./unit1/GPS_data/gps_location.txt,./unit2/GPS_data/gps_location_1033.txt,,60,11,['00-51-47-664'],0,16,G2 G6 G12 G17 G19 G24 R12 R13 R22 R23 R24 E13 E15 E21 E27 E30,3D,Yes,1.3,0.7
1035,./unit1/camera_data/image_BS1_5074_00_51_47.jpg,./unit1/mmWave_data/mmWave_power_1034.txt,./unit1/GPS_data/gps_location.txt,./unit2/GPS_data/gps_location_1034.txt,,61,11,['00-51-47-830'],0,16,G2 G6 G12 G17 G19 G24 R12 R13 R22 R23 R24 E13 E15 E21 E27 E30,3D,Yes,1.3,0.7
1036,./unit1/camera_data/image_BS1_5336_00_52_31.jpg,./unit1/mmWave_data/mmWave_power_1035.txt,./unit1/GPS_data/gps_location.txt,./unit2/GPS_data/gps_location_1035.txt,,62,12,['00-52-31-0'],1,22,G2 G6 G12 G17 G19 G24 G28 R12 R13 R22 R23 R24 E13 E15 E21 E27 E30 B11 B12 B24 B25 B26,3D,Yes,1.4,0.8
1037,./unit1/camera_data/image_BS1_5337_00_52_31.jpg,./unit1/mmWave_data/mmWave_power_1036.txt,./unit1/GPS_data/gps_location.txt,./unit2/GPS_data/gps_location_1036.txt,,59,12,['00-52-31-166'],1,17,G2 G6 G12 G17 G19 G24 G28 R12 R13 R22 R23 R24 E13 E15 E21 E27 E30,3D,Yes,1.4,0.8
1038,./unit1/camera_data/image_BS1_5338_00_52_31.jpg,./unit1/mmWave_data/mmWave_power_1037.txt,./unit1/GPS_data/gps_location.txt,./unit2/GPS_data/gps_location_1037.txt,,59,12,['00-52-31-332'],1,17,G2 G6 G12 G17 G19 G24 G28 R12 R13 R22 R23 R24 E13 E15 E21 E27 E30,3D,Yes,1.4,0.8
1039,./unit1/camera_data/image_BS1_5339_00_52_31.jpg,./unit1/mmWave_data/mmWave_power_1038.txt,./unit1/GPS_data/gps_location.txt,./unit2/GPS_data/gps_location_1038.txt,,59,12,['00-52-31-498'],1,17,G2 G6 G12 G17 G19 G24 G28 R12 R13 R22 R23 R24 E13 E15 E21 E27 E30,3D,Yes,1.4,0.8
1040,./unit1/camera_data/image_BS1_5340_00_52_31.jpg,./unit1/mmWave_data/mmWave_power_1039.txt,./unit1/GPS_data/gps_location.txt,./unit2/GPS_data/gps_location_1039.txt,,59,12,['00-52-31-664'],1,12,G2 G6 G12 G17 G19 G24 G28 R12 R13 R22 R23 R24,3D,Yes,1.4,0.8
1041,./unit1/camera_data/image_BS1_5341_00_52_31.jpg,./unit1/mmWave_data/mmWave_power_1040.txt,./unit1/GPS_data/gps_location.txt,./unit2/GPS_data/gps_location_1040.txt,,58,12,['00-52-31-830'],1,17,G2 G6 G12 G17 G19 G24 G28 R12 R13 R22 R23 R24 E13 E15 E21 E27 E30,3D,Yes,1.5,0.8
1042,./unit1/camera_data/image_BS1_5342_00_52_32.jpg,./unit1/mmWave_data/mmWave_power_1041.txt,./unit1/GPS_data/gps_location.txt,./unit2/GPS_data/gps_location_1041.txt,,58,12,['00-52-32-0'],1,22,G2 G6 G12 G17 G19 G24 G28 R12 R13 R22 R23 R24 E13 E15 E21 E27 E30 B11 B12 B24 B25 B26,3D,Yes,1.5,0.8
1043,./unit1/camera_data/image_BS1_5343_00_52_32.jpg,./unit1/mmWave_data/mmWave_power_1042.txt,./unit1/GPS_data/gps_location.txt,./unit2/GPS_data/gps_location_1042.txt,,57,12,['00-52-32-142'],1,12,G2 G6 G12 G17 G19 G24 G28 R12 R13 R22 R23 R24,3D,Yes,1.5,0.8
1044,./unit1/camera_data/image_BS1_5344_00_52_32.jpg,./unit1/mmWave_data/mmWave_power_1043.txt,./unit1/GPS_data/gps_location.txt,./unit2/GPS_data/gps_location_1043.txt,,56,12,['00-52-32-284'],1,16,G2 G6 G12 G17 G19 G24 R12 R13 R22 R23 R24 E13 E15 E21 E27 E30,3D,Yes,1.5,0.8
1045,./unit1/camera_data/image_BS1_5345_00_52_32.jpg,./unit1/mmWave_data/mmWave_power_1044.txt,./unit1/GPS_data/gps_location.txt,./unit2/GPS_data/gps_location_1044.txt,,55,12,['00-52-32-426'],1,11,G2 G6 G12 G17 G19 G24 R12 R13 R22 R23 R24,3D,Yes,1.5,0.8
1046,./unit1/camera_data/image_BS1_5346_00_52_32.jpg,./unit1/mmWave_data/mmWave_power_1045.txt,./unit1/GPS_data/gps_location.txt,./unit2/GPS_data/gps_location_1045.txt,,54,12,['00-52-32-568'],1,16,G2 G6 G12 G17 G19 G24 R12 R13 R22 R23 R24 E13 E15 E21 E27 E30,3D,Yes,1.5,0.8
1047,./unit1/camera_data/image_BS1_5347_00_52_32.jpg,./unit1/mmWave_data/mmWave_power_1046.txt,./unit1/GPS_data/gps_location.txt,./unit2/GPS_data/gps_location_1046.txt,,55,12,['00-52-32-710'],1,16,G2 G6 G12 G17 G19 G24 R12 R13 R22 R23 R24 E13 E15 E21 E27 E30,3D,Yes,1.5,0.8
1048,./unit1/camera_data/image_BS1_5348_00_52_32.jpg,./unit1/mmWave_data/mmWave_power_1047.txt,./unit1/GPS_data/gps_location.txt,./unit2/GPS_data/gps_location_1047.txt,,55,12,['00-52-32-852'],1,11,G2 G6 G12 G17 G19 G24 R12 R13 R22 R23 R24,3D,Yes,1.4,0.8
1049,./unit1/camera_data/image_BS1_5349_00_52_33.jpg,./unit1/mmWave_data/mmWave_power_1048.txt,./unit1/GPS_data/gps_location.txt,./unit2/GPS_data/gps_location_1048.txt,,53,12,['00-52-33-0'],1,11,G2 G6 G12 G17 G19 G24 R12 R13 R22 R23 R24,3D,Yes,1.5,0.8
1050,./unit1/camera_data/image_BS1_5350_00_52_33.jpg,./unit1/mmWave_data/mmWave_power_1049.txt,./unit1/GPS_data/gps_location.txt,./unit2/GPS_data/gps_location_1049.txt,,51,12,['00-52-33-111'],1,11,G2 G6 G12 G17 G19 G24 R12 R13 R22 R23 R24,3D,Yes,1.5,0.8
1051,./unit1/camera_data/image_BS1_5351_00_52_33.jpg,./unit1/mmWave_data/mmWave_power_1050.txt,./unit1/GPS_data/gps_location.txt,./unit2/GPS_data/gps_location_1050.txt,,51,12,['00-52-33-222'],1,16,G2 G6 G12 G17 G19 G24 R12 R13 R22 R23 R24 E13 E15 E21 E27 E30,3D,Yes,1.5,0.8
1052,./unit1/camera_data/image_BS1_5352_00_52_33.jpg,./unit1/mmWave_data/mmWave_power_1051.txt,./unit1/GPS_data/gps_location.txt,./unit2/GPS_data/gps_location_1051.txt,,51,12,['00-52-33-333'],1,16,G2 G6 G12 G17 G19 G24 R12 R13 R22 R23 R24 E13 E15 E21 E27 E30,3D,Yes,1.5,0.8
1053,./unit1/camera_data/image_BS1_5353_00_52_33.jpg,./unit1/mmWave_data/mmWave_power_1052.txt,./unit1/GPS_data/gps_location.txt,./unit2/GPS_data/gps_location_1052.txt,,51,12,['00-52-33-444'],1,16,G2 G6 G12 G17 G19 G24 R12 R13 R22 R23 R24 E13 E15 E21 E27 E30,3D,Yes,1.5,0.8
1054,./unit1/camera_data/image_BS1_5354_00_52_33.jpg,./unit1/mmWave_data/mmWave_power_1053.txt,./unit1/GPS_data/gps_location.txt,./unit2/GPS_data/gps_location_1053.txt,,48,12,['00-52-33-555'],1,11,G2 G6 G12 G17 G19 G24 R12 R13 R22 R23 R24,3D,Yes,1.5,0.8
1055,./unit1/camera_data/image_BS1_5355_00_52_33.jpg,./unit1/mmWave_data/mmWave_power_1054.txt,./unit1/GPS_data/gps_location.txt,./unit2/GPS_data/gps_location_1054.txt,,48,12,['00-52-33-666'],1,11,G2 G6 G12 G17 G19 G24 R12 R13 R22 R23 R24,3D,Yes,1.5,0.8
1056,./unit1/camera_data/image_BS1_5356_00_52_33.jpg,./unit1/mmWave_data/mmWave_power_1055.txt,./unit1/GPS_data/gps_location.txt,./unit2/GPS_data/gps_location_1055.txt,,48,12,['00-52-33-777'],1,16,G2 G6 G12 G17 G19 G24 R12 R13 R22 R23 R24 E13 E15 E21 E27 E30,3D,Yes,1.5,0.8
1057,./unit1/camera_data/image_BS1_5357_00_52_33.jpg,./unit1/mmWave_data/mmWave_power_1056.txt,./unit1/GPS_data/gps_location.txt,./unit2/GPS_data/gps_location_1056.txt,,47,12,['00-52-33-888'],1,16,G2 G6 G12 G17 G19 G24 R12 R13 R22 R23 R24 E13 E15 E21 E27 E30,3D,Yes,1.4,0.8
1058,./unit1/camera_data/image_BS1_5358_00_52_34.jpg,./unit1/mmWave_data/mmWave_power_1057.txt,./unit1/GPS_data/gps_location.txt,./unit2/GPS_data/gps_location_1057.txt,,46,12,['00-52-34-0'],1,16,G2 G6 G12 G17 G19 G24 R12 R13 R22 R23 R24 E13 E15 E21 E27 E30,3D,Yes,1.5,0.8
1059,./unit1/camera_data/image_BS1_5359_00_52_34.jpg,./unit1/mmWave_data/mmWave_power_1058.txt,./unit1/GPS_data/gps_location.txt,./unit2/GPS_data/gps_location_1058.txt,,45,12,['00-52-34-111'],1,16,G2 G6 G12 G17 G19 G24 R12 R13 R22 R23 R24 E13 E15 E21 E27 E30,3D,Yes,1.5,0.8
1060,./unit1/camera_data/image_BS1_5360_00_52_34.jpg,./unit1/mmWave_data/mmWave_power_1059.txt,./unit1/GPS_data/gps_location.txt,./unit2/GPS_data/gps_location_1059.txt,,45,12,['00-52-34-222'],1,16,G2 G6 G12 G17 G19 G24 R12 R13 R22 R23 R24 E13 E15 E21 E27 E30,3D,Yes,1.5,0.8
1061,./unit1/camera_data/image_BS1_5361_00_52_34.jpg,./unit1/mmWave_data/mmWave_power_1060.txt,./unit1/GPS_data/gps_location.txt,./unit2/GPS_data/gps_location_1060.txt,,44,12,['00-52-34-333'],1,16,G2 G6 G12 G17 G19 G24 R12 R13 R22 R23 R24 E13 E15 E21 E27 E30,3D,Yes,1.5,0.8
1062,./unit1/camera_data/image_BS1_5362_00_52_34.jpg,./unit1/mmWave_data/mmWave_power_1061.txt,./unit1/GPS_data/gps_location.txt,./unit2/GPS_data/gps_location_1061.txt,,42,12,['00-52-34-444'],1,16,G2 G6 G12 G17 G19 G24 R12 R13 R22 R23 R24 E13 E15 E21 E27 E30,3D,Yes,1.4,0.8
1063,./unit1/camera_data/image_BS1_5363_00_52_34.jpg,./unit1/mmWave_data/mmWave_power_1062.txt,./unit1/GPS_data/gps_location.txt,./unit2/GPS_data/gps_location_1062.txt,,42,12,['00-52-34-555'],1,11,G2 G6 G12 G17 G19 G24 R12 R13 R22 R23 R24,3D,Yes,1.5,0.8
1064,./unit1/camera_data/image_BS1_5364_00_52_34.jpg,./unit1/mmWave_data/mmWave_power_1063.txt,./unit1/GPS_data/gps_location.txt,./unit2/GPS_data/gps_location_1063.txt,,42,12,['00-52-34-666'],1,16,G2 G6 G12 G17 G19 G24 R12 R13 R22 R23 R24 E13 E15 E21 E27 E30,3D,Yes,1.5,0.8
1065,./unit1/camera_data/image_BS1_5365_00_52_34.jpg,./unit1/mmWave_data/mmWave_power_1064.txt,./unit1/GPS_data/gps_location.txt,./unit2/GPS_data/gps_location_1064.txt,,39,12,['00-52-34-777'],1,6,G2 G6 G12 G17 G19 G24,3D,Yes,1.5,0.8
1066,./unit1/camera_data/image_BS1_5366_00_52_34.jpg,./unit1/mmWave_data/mmWave_power_1065.txt,./unit1/GPS_data/gps_location.txt,./unit2/GPS_data/gps_location_1065.txt,,39,12,['00-52-34-888'],1,16,G2 G6 G12 G17 G19 G24 R12 R13 R22 R23 R24 E13 E15 E21 E27 E30,3D,Yes,1.8,0.9
1067,./unit1/camera_data/image_BS1_5367_00_52_35.jpg,./unit1/mmWave_data/mmWave_power_1066.txt,./unit1/GPS_data/gps_location.txt,./unit2/GPS_data/gps_location_1066.txt,,38,12,['00-52-35-0'],1,16,G2 G6 G12 G17 G19 G24 R12 R13 R22 R23 R24 E13 E15 E21 E27 E30,3D,Yes,1.8,0.9
1068,./unit1/camera_data/image_BS1_5368_00_52_35.jpg,./unit1/mmWave_data/mmWave_power_1067.txt,./unit1/GPS_data/gps_location.txt,./unit2/GPS_data/gps_location_1067.txt,,38,12,['00-52-35-111'],1,11,G2 G6 G12 G17 G19 G24 R12 R13 R22 R23 R24,3D,Yes,1.8,0.9
1069,./unit1/camera_data/image_BS1_5369_00_52_35.jpg,./unit1/mmWave_data/mmWave_power_1068.txt,./unit1/GPS_data/gps_location.txt,./unit2/GPS_data/gps_location_1068.txt,,38,12,['00-52-35-222'],1,11,G2 G6 G12 G17 G19 G24 R12 R13 R22 R23 R24,3D,Yes,1.5,0.8
1070,./unit1/camera_data/image_BS1_5370_00_52_35.jpg,./unit1/mmWave_data/mmWave_power_1069.txt,./unit1/GPS_data/gps_location.txt,./unit2/GPS_data/gps_location_1069.txt,,37,12,['00-52-35-333'],1,21,G2 G6 G12 G17 G19 G24 R12 R13 R22 R23 R24 E13 E15 E21 E27 E30 B11 B12 B24 B25 B26,3D,Yes,1.5,0.8
1071,./unit1/camera_data/image_BS1_5371_00_52_35.jpg,./unit1/mmWave_data/mmWave_power_1070.txt,./unit1/GPS_data/gps_location.txt,./unit2/GPS_data/gps_location_1070.txt,,36,12,['00-52-35-444'],1,11,G2 G6 G12 G17 G19 G24 R12 R13 R22 R23 R24,3D,Yes,1.8,0.9
1072,./unit1/camera_data/image_BS1_5372_00_52_35.jpg,./unit1/mmWave_data/mmWave_power_1071.txt,./unit1/GPS_data/gps_location.txt,./unit2/GPS_data/gps_location_1071.txt,,36,12,['00-52-35-555'],1,16,G2 G6 G12 G17 G19 G24 R12 R13 R22 R23 R24 E13 E15 E21 E27 E30,3D,Yes,1.6,0.8
1073,./unit1/camera_data/image_BS1_5373_00_52_35.jpg,./unit1/mmWave_data/mmWave_power_1072.txt,./unit1/GPS_data/gps_location.txt,./unit2/GPS_data/gps_location_1072.txt,,33,12,['00-52-35-666'],1,11,G2 G6 G12 G17 G19 G24 R12 R13 R22 R23 R24,3D,Yes,1.4,0.8
1074,./unit1/camera_data/image_BS1_5374_00_52_35.jpg,./unit1/mmWave_data/mmWave_power_1073.txt,./unit1/GPS_data/gps_location.txt,./unit2/GPS_data/gps_location_1073.txt,,33,12,['00-52-35-777'],1,11,G2 G6 G12 G17 G19 G24 R12 R13 R22 R23 R24,3D,Yes,1.5,0.8
1075,./unit1/camera_data/image_BS1_5375_00_52_35.jpg,./unit1/mmWave_data/mmWave_power_1074.txt,./unit1/GPS_data/gps_location.txt,./unit2/GPS_data/gps_location_1074.txt,,33,12,['00-52-35-888'],1,6,G2 G6 G12 G17 G19 G24,3D,Yes,1.5,0.8
1076,./unit1/camera_data/image_BS1_5376_00_52_36.jpg,./unit1/mmWave_data/mmWave_power_1075.txt,./unit1/GPS_data/gps_location.txt,./unit2/GPS_data/gps_location_1075.txt,,31,12,['00-52-36-0'],1,16,G2 G6 G12 G17 G19 G24 R12 R13 R22 R23 R24 E13 E15 E21 E27 E30,3D,Yes,1.8,0.9
1077,./unit1/camera_data/image_BS1_5377_00_52_36.jpg,./unit1/mmWave_data/mmWave_power_1076.txt,./unit1/GPS_data/gps_location.txt,./unit2/GPS_data/gps_location_1076.txt,,31,12,['00-52-36-125'],1,16,G2 G6 G12 G17 G19 G24 R12 R13 R22 R23 R24 E13 E15 E21 E27 E30,3D,Yes,1.8,0.9
1078,./unit1/camera_data/image_BS1_5378_00_52_36.jpg,./unit1/mmWave_data/mmWave_power_1077.txt,./unit1/GPS_data/gps_location.txt,./unit2/GPS_data/gps_location_1077.txt,,29,12,['00-52-36-250'],1,16,G2 G6 G12 G17 G19 G24 R12 R13 R22 R23 R24 E13 E15 E21 E27 E30,3D,Yes,1.8,0.9
1079,./unit1/camera_data/image_BS1_5379_00_52_36.jpg,./unit1/mmWave_data/mmWave_power_1078.txt,./unit1/GPS_data/gps_location.txt,./unit2/GPS_data/gps_location_1078.txt,,28,12,['00-52-36-375'],1,16,G2 G6 G12 G17 G19 G24 R12 R13 R22 R23 R24 E13 E15 E21 E27 E30,3D,Yes,1.8,0.9
1080,./unit1/camera_data/image_BS1_5380_00_52_36.jpg,./unit1/mmWave_data/mmWave_power_1079.txt,./unit1/GPS_data/gps_location.txt,./unit2/GPS_data/gps_location_1079.txt,,28,12,['00-52-36-500'],1,16,G2 G6 G12 G17 G19 G24 R12 R13 R22 R23 R24 E13 E15 E21 E27 E30,3D,Yes,1.6,0.8
1081,./unit1/camera_data/image_BS1_5381_00_52_36.jpg,./unit1/mmWave_data/mmWave_power_1080.txt,./unit1/GPS_data/gps_location.txt,./unit2/GPS_data/gps_location_1080.txt,,27,12,['00-52-36-625'],1,16,G2 G6 G12 G17 G19 G24 R12 R13 R22 R23 R24 E13 E15 E21 E27 E30,3D,Yes,1.4,0.8
1082,./unit1/camera_data/image_BS1_5382_00_52_36.jpg,./unit1/mmWave_data/mmWave_power_1081.txt,./unit1/GPS_data/gps_location.txt,./unit2/GPS_data/gps_location_1081.txt,,28,12,['00-52-36-750'],1,6,G2 G6 G12 G17 G19 G24,3D,Yes,1.5,0.8
1083,./unit1/camera_data/image_BS1_5383_00_52_36.jpg,./unit1/mmWave_data/mmWave_power_1082.txt,./unit1/GPS_data/gps_location.txt,./unit2/GPS_data/gps_location_1082.txt,,26,12,['00-52-36-875'],1,11,G2 G6 G12 G17 G19 G24 R12 R13 R22 R23 R24,3D,Yes,1.5,0.8
1084,./unit1/camera_data/image_BS1_5384_00_52_37.jpg,./unit1/mmWave_data/mmWave_power_1083.txt,./unit1/GPS_data/gps_location.txt,./unit2/GPS_data/gps_location_1083.txt,,23,12,['00-52-37-0'],1,17,G2 G6 G12 G17 G19 G24 G28 R12 R13 R22 R23 R24 E13 E15 E21 E27 E30,3D,Yes,1.5,0.8
1085,./unit1/camera_data/image_BS1_5385_00_52_37.jpg,./unit1/mmWave_data/mmWave_power_1084.txt,./unit1/GPS_data/gps_location.txt,./unit2/GPS_data/gps_location_1084.txt,,22,12,['00-52-37-111'],1,17,G2 G6 G12 G17 G19 G24 G28 R12 R13 R22 R23 R24 E13 E15 E21 E27 E30,3D,Yes,1.5,0.8
1086,./unit1/camera_data/image_BS1_5386_00_52_37.jpg,./unit1/mmWave_data/mmWave_power_1085.txt,./unit1/GPS_data/gps_location.txt,./unit2/GPS_data/gps_location_1085.txt,,22,12,['00-52-37-222'],1,17,G2 G6 G12 G17 G19 G24 G28 R12 R13 R22 R23 R24 E13 E15 E21 E27 E30,3D,Yes,1.5,0.8
1087,./unit1/camera_data/image_BS1_5387_00_52_37.jpg,./unit1/mmWave_data/mmWave_power_1086.txt,./unit1/GPS_data/gps_location.txt,./unit2/GPS_data/gps_location_1086.txt,,22,12,['00-52-37-333'],1,17,G2 G6 G12 G17 G19 G24 G28 R12 R13 R22 R23 R24 E13 E15 E21 E27 E30,3D,Yes,1.3,0.7
1088,./unit1/camera_data/image_BS1_5388_00_52_37.jpg,./unit1/mmWave_data/mmWave_power_1087.txt,./unit1/GPS_data/gps_location.txt,./unit2/GPS_data/gps_location_1087.txt,,21,12,['00-52-37-444'],1,17,G2 G6 G12 G17 G19 G24 G28 R12 R13 R22 R23 R24 E13 E15 E21 E27 E30,3D,Yes,1.5,0.8
1089,./unit1/camera_data/image_BS1_5389_00_52_37.jpg,./unit1/mmWave_data/mmWave_power_1088.txt,./unit1/GPS_data/gps_location.txt,./unit2/GPS_data/gps_location_1088.txt,,20,12,['00-52-37-555'],1,22,G2 G6 G12 G17 G19 G24 G28 R12 R13 R22 R23 R24 E13 E15 E21 E27 E30 B11 B12 B24 B25 B26,3D,Yes,1.8,0.9
1090,./unit1/camera_data/image_BS1_5390_00_52_37.jpg,./unit1/mmWave_data/mmWave_power_1089.txt,./unit1/GPS_data/gps_location.txt,./unit2/GPS_data/gps_location_1089.txt,,20,12,['00-52-37-666'],1,12,G2 G6 G12 G17 G19 G24 G28 R12 R13 R22 R23 R24,3D,Yes,1.5,0.8
1091,./unit1/camera_data/image_BS1_5391_00_52_37.jpg,./unit1/mmWave_data/mmWave_power_1090.txt,./unit1/GPS_data/gps_location.txt,./unit2/GPS_data/gps_location_1090.txt,,17,12,['00-52-37-777'],1,7,G2 G6 G12 G17 G19 G24 G28,3D,Yes,1.5,0.8
1092,./unit1/camera_data/image_BS1_5392_00_52_37.jpg,./unit1/mmWave_data/mmWave_power_1091.txt,./unit1/GPS_data/gps_location.txt,./unit2/GPS_data/gps_location_1091.txt,,16,12,['00-52-37-888'],1,12,G2 G6 G12 G17 G19 G24 G28 R12 R13 R22 R23 R24,3D,Yes,1.8,0.9
1093,./unit1/camera_data/image_BS1_5393_00_52_38.jpg,./unit1/mmWave_data/mmWave_power_1092.txt,./unit1/GPS_data/gps_location.txt,./unit2/GPS_data/gps_location_1092.txt,,17,12,['00-52-38-0'],1,22,G2 G6 G12 G17 G19 G24 G28 R12 R13 R22 R23 R24 E13 E15 E21 E27 E30 B11 B12 B24 B25 B26,3D,Yes,1.5,0.8
1094,./unit1/camera_data/image_BS1_5394_00_52_38.jpg,./unit1/mmWave_data/mmWave_power_1093.txt,./unit1/GPS_data/gps_location.txt,./unit2/GPS_data/gps_location_1093.txt,,16,12,['00-52-38-125'],1,17,G2 G6 G12 G17 G19 G24 G28 R12 R13 R22 R23 R24 E13 E15 E21 E27 E30,3D,Yes,1.5,0.8
1095,./unit1/camera_data/image_BS1_5395_00_52_38.jpg,./unit1/mmWave_data/mmWave_power_1094.txt,./unit1/GPS_data/gps_location.txt,./unit2/GPS_data/gps_location_1094.txt,,16,12,['00-52-38-250'],1,17,G2 G6 G12 G17 G19 G24 G28 R12 R13 R22 R23 R24 E13 E15 E21 E27 E30,3D,Yes,1.5,0.8
1096,./unit1/camera_data/image_BS1_5396_00_52_38.jpg,./unit1/mmWave_data/mmWave_power_1095.txt,./unit1/GPS_data/gps_location.txt,./unit2/GPS_data/gps_location_1095.txt,,14,12,['00-52-38-375'],1,17,G2 G6 G12 G17 G19 G24 G28 R12 R13 R22 R23 R24 E13 E15 E21 E27 E30,3D,Yes,1.4,0.7
1097,./unit1/camera_data/image_BS1_5397_00_52_38.jpg,./unit1/mmWave_data/mmWave_power_1096.txt,./unit1/GPS_data/gps_location.txt,./unit2/GPS_data/gps_location_1096.txt,,13,12,['00-52-38-500'],1,22,G2 G6 G12 G17 G19 G24 G28 R12 R13 R22 R23 R24 E13 E15 E21 E27 E30 B11 B12 B24 B25 B26,3D,Yes,1.3,0.7
1098,./unit1/camera_data/image_BS1_5398_00_52_38.jpg,./unit1/mmWave_data/mmWave_power_1097.txt,./unit1/GPS_data/gps_location.txt,./unit2/GPS_data/gps_location_1097.txt,,12,12,['00-52-38-625'],1,17,G2 G6 G12 G17 G19 G24 G28 R12 R13 R22 R23 R24 E13 E15 E21 E27 E30,3D,Yes,1.3,0.7
1099,./unit1/camera_data/image_BS1_5399_00_52_38.jpg,./unit1/mmWave_data/mmWave_power_1098.txt,./unit1/GPS_data/gps_location.txt,./unit2/GPS_data/gps_location_1098.txt,,12,12,['00-52-38-750'],1,12,G2 G6 G12 G17 G19 G24 G28 R12 R13 R22 R23 R24,3D,Yes,1.4,0.7
1100,./unit1/camera_data/image_BS1_5400_00_52_38.jpg,./unit1/mmWave_data/mmWave_power_1099.txt,./unit1/GPS_data/gps_location.txt,./unit2/GPS_data/gps_location_1099.txt,,11,12,['00-52-38-875'],1,17,G2 G6 G12 G17 G19 G24 G28 R12 R13 R22 R23 R24 E13 E15 E21 E27 E30,3D,Yes,1.4,0.7
1101,./unit1/camera_data/image_BS1_5401_00_52_39.jpg,./unit1/mmWave_data/mmWave_power_1100.txt,./unit1/GPS_data/gps_location.txt,./unit2/GPS_data/gps_location_1100.txt,,10,12,['00-52-39-0'],1,17,G2 G6 G12 G17 G19 G24 G28 R12 R13 R22 R23 R24 E13 E15 E21 E27 E30,3D,Yes,1.4,0.7
1102,./unit1/camera_data/image_BS1_5402_00_52_39.jpg,./unit1/mmWave_data/mmWave_power_1101.txt,./unit1/GPS_data/gps_location.txt,./unit2/GPS_data/gps_location_1101.txt,,10,12,['00-52-39-111'],1,17,G2 G6 G12 G17 G19 G24 G28 R12 R13 R22 R23 R24 E13 E15 E21 E27 E30,3D,Yes,1.3,0.7
1103,./unit1/camera_data/image_BS1_5403_00_52_39.jpg,./unit1/mmWave_data/mmWave_power_1102.txt,./unit1/GPS_data/gps_location.txt,./unit2/GPS_data/gps_location_1102.txt,,8,12,['00-52-39-222'],1,17,G2 G6 G12 G17 G19 G24 G28 R12 R13 R22 R23 R24 E13 E15 E21 E27 E30,3D,Yes,1.3,0.7
1104,./unit1/camera_data/image_BS1_5404_00_52_39.jpg,./unit1/mmWave_data/mmWave_power_1103.txt,./unit1/GPS_data/gps_location.txt,./unit2/GPS_data/gps_location_1103.txt,,8,12,['00-52-39-333'],1,12,G2 G6 G12 G17 G19 G24 G28 R12 R13 R22 R23 R24,3D,Yes,1.6,0.8
1105,./unit1/camera_data/image_BS1_5405_00_52_39.jpg,./unit1/mmWave_data/mmWave_power_1104.txt,./unit1/GPS_data/gps_location.txt,./unit2/GPS_data/gps_location_1104.txt,,6,12,['00-52-39-444'],1,12,G2 G6 G12 G17 G19 G24 G28 R12 R13 R22 R23 R24,3D,Yes,1.8,0.9
1106,./unit1/camera_data/image_BS1_5406_00_52_39.jpg,./unit1/mmWave_data/mmWave_power_1105.txt,./unit1/GPS_data/gps_location.txt,./unit2/GPS_data/gps_location_1105.txt,,6,12,['00-52-39-555'],1,16,G2 G6 G12 G17 G19 G24 R12 R13 R22 R23 R24 E13 E15 E21 E27 E30,3D,Yes,1.8,0.9
1107,./unit1/camera_data/image_BS1_5407_00_52_39.jpg,./unit1/mmWave_data/mmWave_power_1106.txt,./unit1/GPS_data/gps_location.txt,./unit2/GPS_data/gps_location_1106.txt,,6,12,['00-52-39-666'],1,21,G2 G6 G12 G17 G19 G24 R12 R13 R22 R23 R24 E13 E15 E21 E27 E30 B11 B12 B24 B25 B26,3D,Yes,1.8,0.9
1108,./unit1/camera_data/image_BS1_5408_00_52_39.jpg,./unit1/mmWave_data/mmWave_power_1107.txt,./unit1/GPS_data/gps_location.txt,./unit2/GPS_data/gps_location_1107.txt,,3,12,['00-52-39-777'],1,11,G2 G6 G12 G17 G19 G24 R12 R13 R22 R23 R24,3D,Yes,1.8,0.9
1109,./unit1/camera_data/image_BS1_5409_00_52_39.jpg,./unit1/mmWave_data/mmWave_power_1108.txt,./unit1/GPS_data/gps_location.txt,./unit2/GPS_data/gps_location_1108.txt,,6,12,['00-52-39-888'],1,11,G2 G6 G12 G17 G19 G24 R12 R13 R22 R23 R24,3D,Yes,1.5,0.8
1110,./unit1/camera_data/image_BS1_5410_00_52_40.jpg,./unit1/mmWave_data/mmWave_power_1109.txt,./unit1/GPS_data/gps_location.txt,./unit2/GPS_data/gps_location_1109.txt,,6,12,['00-52-40-0'],1,21,G2 G6 G12 G17 G19 G24 R12 R13 R22 R23 R24 E13 E15 E21 E27 E30 B11 B12 B24 B25 B26,3D,Yes,1.6,0.8
1111,./unit1/camera_data/image_BS1_5411_00_52_40.jpg,./unit1/mmWave_data/mmWave_power_1110.txt,./unit1/GPS_data/gps_location.txt,./unit2/GPS_data/gps_location_1110.txt,,6,12,['00-52-40-125'],1,11,G2 G6 G12 G17 G19 G24 R12 R13 R22 R23 R24,3D,Yes,1.6,0.8
1112,./unit1/camera_data/image_BS1_5412_00_52_40.jpg,./unit1/mmWave_data/mmWave_power_1111.txt,./unit1/GPS_data/gps_location.txt,./unit2/GPS_data/gps_location_1111.txt,,3,12,['00-52-40-250'],1,16,G2 G6 G12 G17 G19 G24 R12 R13 R22 R23 R24 E13 E15 E21 E27 E30,3D,Yes,1.6,0.8
1113,./unit1/camera_data/image_BS1_5413_00_52_40.jpg,./unit1/mmWave_data/mmWave_power_1112.txt,./unit1/GPS_data/gps_location.txt,./unit2/GPS_data/gps_location_1112.txt,,3,12,['00-52-40-375'],1,21,G2 G6 G12 G17 G19 G24 R12 R13 R22 R23 R24 E13 E15 E21 E27 E30 B11 B12 B24 B25 B26,3D,Yes,1.6,0.8
1114,./unit1/camera_data/image_BS1_5414_00_52_40.jpg,./unit1/mmWave_data/mmWave_power_1113.txt,./unit1/GPS_data/gps_location.txt,./unit2/GPS_data/gps_location_1113.txt,,3,12,['00-52-40-500'],1,16,G2 G6 G12 G17 G19 G24 R12 R13 R22 R23 R24 E13 E15 E21 E27 E30,3D,Yes,1.4,0.8
1115,./unit1/camera_data/image_BS1_5415_00_52_40.jpg,./unit1/mmWave_data/mmWave_power_1114.txt,./unit1/GPS_data/gps_location.txt,./unit2/GPS_data/gps_location_1114.txt,,2,12,['00-52-40-625'],1,16,G2 G6 G12 G17 G19 G24 R12 R13 R22 R23 R24 E13 E15 E21 E27 E30,3D,Yes,1.4,0.8
1116,./unit1/camera_data/image_BS1_5416_00_52_40.jpg,./unit1/mmWave_data/mmWave_power_1115.txt,./unit1/GPS_data/gps_location.txt,./unit2/GPS_data/gps_location_1115.txt,,2,12,['00-52-40-750'],1,11,G2 G6 G12 G17 G19 G24 R12 R13 R22 R23 R24,3D,Yes,1.6,0.8
1117,./unit1/camera_data/image_BS1_5417_00_52_40.jpg,./unit1/mmWave_data/mmWave_power_1116.txt,./unit1/GPS_data/gps_location.txt,./unit2/GPS_data/gps_location_1116.txt,,2,12,['00-52-40-875'],1,11,G2 G6 G12 G17 G19 G24 R12 R13 R22 R23 R24,3D,Yes,1.6,0.8
1118,./unit1/camera_data/image_BS1_5764_00_53_34.jpg,./unit1/mmWave_data/mmWave_power_1117.txt,./unit1/GPS_data/gps_location.txt,./unit2/GPS_data/gps_location_1117.txt,,2,13,['00-53-34-0'],0,12,G2 G6 G12 G17 G19 G24 G28 R12 R13 R22 R23 R24,3D,Yes,1.4,0.8
1119,./unit1/camera_data/image_BS1_5765_00_53_34.jpg,./unit1/mmWave_data/mmWave_power_1118.txt,./unit1/GPS_data/gps_location.txt,./unit2/GPS_data/gps_location_1118.txt,,2,13,['00-53-34-500'],0,22,G2 G6 G12 G17 G19 G24 G28 R12 R13 R22 R23 R24 E13 E15 E21 E27 E30 B11 B12 B24 B25 B26,3D,Yes,1.4,0.8
1120,./unit1/camera_data/image_BS1_5766_00_53_35.jpg,./unit1/mmWave_data/mmWave_power_1119.txt,./unit1/GPS_data/gps_location.txt,./unit2/GPS_data/gps_location_1119.txt,,2,13,['00-53-35-0'],0,22,G2 G6 G12 G17 G19 G24 G28 R12 R13 R22 R23 R24 E13 E15 E21 E27 E30 B11 B12 B24 B25 B26,3D,Yes,1.4,0.8
1121,./unit1/camera_data/image_BS1_5767_00_53_35.jpg,./unit1/mmWave_data/mmWave_power_1120.txt,./unit1/GPS_data/gps_location.txt,./unit2/GPS_data/gps_location_1120.txt,,3,13,['00-53-35-111'],0,12,G2 G6 G12 G17 G19 G24 G28 R12 R13 R22 R23 R24,3D,Yes,1.4,0.8
1122,./unit1/camera_data/image_BS1_5768_00_53_35.jpg,./unit1/mmWave_data/mmWave_power_1121.txt,./unit1/GPS_data/gps_location.txt,./unit2/GPS_data/gps_location_1121.txt,,3,13,['00-53-35-222'],0,22,G2 G6 G12 G17 G19 G24 G28 R12 R13 R22 R23 R24 E13 E15 E21 E27 E30 B11 B12 B24 B25 B26,3D,Yes,1.2,0.7
1123,./unit1/camera_data/image_BS1_5769_00_53_35.jpg,./unit1/mmWave_data/mmWave_power_1122.txt,./unit1/GPS_data/gps_location.txt,./unit2/GPS_data/gps_location_1122.txt,,3,13,['00-53-35-333'],0,12,G2 G6 G12 G17 G19 G24 G28 R12 R13 R22 R23 R24,3D,Yes,1.2,0.7
1124,./unit1/camera_data/image_BS1_5770_00_53_35.jpg,./unit1/mmWave_data/mmWave_power_1123.txt,./unit1/GPS_data/gps_location.txt,./unit2/GPS_data/gps_location_1123.txt,,4,13,['00-53-35-444'],0,17,G2 G6 G12 G17 G19 G24 G28 R12 R13 R22 R23 R24 E13 E15 E21 E27 E30,3D,Yes,1.2,0.7
1125,./unit1/camera_data/image_BS1_5771_00_53_35.jpg,./unit1/mmWave_data/mmWave_power_1124.txt,./unit1/GPS_data/gps_location.txt,./unit2/GPS_data/gps_location_1124.txt,,5,13,['00-53-35-555'],0,12,G2 G6 G12 G17 G19 G24 G28 R12 R13 R22 R23 R24,3D,Yes,1.3,0.7
1126,./unit1/camera_data/image_BS1_5772_00_53_35.jpg,./unit1/mmWave_data/mmWave_power_1125.txt,./unit1/GPS_data/gps_location.txt,./unit2/GPS_data/gps_location_1125.txt,,6,13,['00-53-35-666'],0,12,G2 G6 G12 G17 G19 G24 G28 R12 R13 R22 R23 R24,3D,Yes,1.3,0.7
1127,./unit1/camera_data/image_BS1_5773_00_53_35.jpg,./unit1/mmWave_data/mmWave_power_1126.txt,./unit1/GPS_data/gps_location.txt,./unit2/GPS_data/gps_location_1126.txt,,6,13,['00-53-35-777'],0,17,G2 G6 G12 G17 G19 G24 G28 R12 R13 R22 R23 R24 E13 E15 E21 E27 E30,3D,Yes,1.3,0.7
1128,./unit1/camera_data/image_BS1_5774_00_53_35.jpg,./unit1/mmWave_data/mmWave_power_1127.txt,./unit1/GPS_data/gps_location.txt,./unit2/GPS_data/gps_location_1127.txt,,6,13,['00-53-35-888'],0,17,G2 G6 G12 G17 G19 G24 G28 R12 R13 R22 R23 R24 E13 E15 E21 E27 E30,3D,Yes,1.3,0.7
1129,./unit1/camera_data/image_BS1_5775_00_53_36.jpg,./unit1/mmWave_data/mmWave_power_1128.txt,./unit1/GPS_data/gps_location.txt,./unit2/GPS_data/gps_location_1128.txt,,6,13,['00-53-36-0'],0,17,G2 G6 G12 G17 G19 G24 G28 R12 R13 R22 R23 R24 E13 E15 E21 E27 E30,3D,Yes,1.3,0.7
1130,./unit1/camera_data/image_BS1_5776_00_53_36.jpg,./unit1/mmWave_data/mmWave_power_1129.txt,./unit1/GPS_data/gps_location.txt,./unit2/GPS_data/gps_location_1129.txt,,7,13,['00-53-36-111'],0,17,G2 G6 G12 G17 G19 G24 G28 R12 R13 R22 R23 R24 E13 E15 E21 E27 E30,3D,Yes,1.3,0.7
1131,./unit1/camera_data/image_BS1_5777_00_53_36.jpg,./unit1/mmWave_data/mmWave_power_1130.txt,./unit1/GPS_data/gps_location.txt,./unit2/GPS_data/gps_location_1130.txt,,7,13,['00-53-36-222'],0,17,G2 G6 G12 G17 G19 G24 G28 R12 R13 R22 R23 R24 E13 E15 E21 E27 E30,3D,Yes,1.3,0.7
1132,./unit1/camera_data/image_BS1_5778_00_53_36.jpg,./unit1/mmWave_data/mmWave_power_1131.txt,./unit1/GPS_data/gps_location.txt,./unit2/GPS_data/gps_location_1131.txt,,8,13,['00-53-36-333'],0,17,G2 G6 G12 G17 G19 G24 G28 R12 R13 R22 R23 R24 E13 E15 E21 E27 E30,3D,Yes,1.3,0.7
1133,./unit1/camera_data/image_BS1_5779_00_53_36.jpg,./unit1/mmWave_data/mmWave_power_1132.txt,./unit1/GPS_data/gps_location.txt,./unit2/GPS_data/gps_location_1132.txt,,10,13,['00-53-36-444'],0,17,G2 G6 G12 G17 G19 G24 G28 R12 R13 R22 R23 R24 E13 E15 E21 E27 E30,3D,Yes,1.3,0.7
1134,./unit1/camera_data/image_BS1_5780_00_53_36.jpg,./unit1/mmWave_data/mmWave_power_1133.txt,./unit1/GPS_data/gps_location.txt,./unit2/GPS_data/gps_location_1133.txt,,11,13,['00-53-36-555'],0,12,G2 G6 G12 G17 G19 G24 G28 R12 R13 R22 R23 R24,3D,Yes,1.3,0.7
1135,./unit1/camera_data/image_BS1_5781_00_53_36.jpg,./unit1/mmWave_data/mmWave_power_1134.txt,./unit1/GPS_data/gps_location.txt,./unit2/GPS_data/gps_location_1134.txt,,10,13,['00-53-36-666'],0,17,G2 G6 G12 G17 G19 G24 G28 R12 R13 R22 R23 R24 E13 E15 E21 E27 E30,3D,Yes,1.3,0.7
1136,./unit1/camera_data/image_BS1_5782_00_53_36.jpg,./unit1/mmWave_data/mmWave_power_1135.txt,./unit1/GPS_data/gps_location.txt,./unit2/GPS_data/gps_location_1135.txt,,11,13,['00-53-36-777'],0,12,G2 G6 G12 G17 G19 G24 G28 R12 R13 R22 R23 R24,3D,Yes,1.3,0.7
1137,./unit1/camera_data/image_BS1_5783_00_53_36.jpg,./unit1/mmWave_data/mmWave_power_1136.txt,./unit1/GPS_data/gps_location.txt,./unit2/GPS_data/gps_location_1136.txt,,13,13,['00-53-36-888'],0,7,G2 G6 G12 G17 G19 G24 G28,3D,Yes,1.3,0.7
1138,./unit1/camera_data/image_BS1_5784_00_53_37.jpg,./unit1/mmWave_data/mmWave_power_1137.txt,./unit1/GPS_data/gps_location.txt,./unit2/GPS_data/gps_location_1137.txt,,13,13,['00-53-37-0'],0,17,G2 G6 G12 G17 G19 G24 G28 R12 R13 R22 R23 R24 E13 E15 E21 E27 E30,3D,Yes,1.3,0.7
1139,./unit1/camera_data/image_BS1_5785_00_53_37.jpg,./unit1/mmWave_data/mmWave_power_1138.txt,./unit1/GPS_data/gps_location.txt,./unit2/GPS_data/gps_location_1138.txt,,13,13,['00-53-37-142'],0,17,G2 G6 G12 G17 G19 G24 G28 R12 R13 R22 R23 R24 E13 E15 E21 E27 E30,3D,Yes,1.3,0.7
1140,./unit1/camera_data/image_BS1_5786_00_53_37.jpg,./unit1/mmWave_data/mmWave_power_1139.txt,./unit1/GPS_data/gps_location.txt,./unit2/GPS_data/gps_location_1139.txt,,13,13,['00-53-37-284'],0,17,G2 G6 G12 G17 G19 G24 G28 R12 R13 R22 R23 R24 E13 E15 E21 E27 E30,3D,Yes,1.3,0.7
1141,./unit1/camera_data/image_BS1_5787_00_53_37.jpg,./unit1/mmWave_data/mmWave_power_1140.txt,./unit1/GPS_data/gps_location.txt,./unit2/GPS_data/gps_location_1140.txt,,14,13,['00-53-37-426'],0,17,G2 G6 G12 G17 G19 G24 G28 R12 R13 R22 R23 R24 E13 E15 E21 E27 E30,3D,Yes,1.3,0.7
1142,./unit1/camera_data/image_BS1_5788_00_53_37.jpg,./unit1/mmWave_data/mmWave_power_1141.txt,./unit1/GPS_data/gps_location.txt,./unit2/GPS_data/gps_location_1141.txt,,14,13,['00-53-37-568'],0,17,G2 G6 G12 G17 G19 G24 G28 R12 R13 R22 R23 R24 E13 E15 E21 E27 E30,3D,Yes,1.3,0.7
1143,./unit1/camera_data/image_BS1_5789_00_53_37.jpg,./unit1/mmWave_data/mmWave_power_1142.txt,./unit1/GPS_data/gps_location.txt,./unit2/GPS_data/gps_location_1142.txt,,16,13,['00-53-37-710'],0,17,G2 G6 G12 G17 G19 G24 G28 R12 R13 R22 R23 R24 E13 E15 E21 E27 E30,3D,Yes,1.4,0.7
1144,./unit1/camera_data/image_BS1_5790_00_53_37.jpg,./unit1/mmWave_data/mmWave_power_1143.txt,./unit1/GPS_data/gps_location.txt,./unit2/GPS_data/gps_location_1143.txt,,16,13,['00-53-37-852'],0,17,G2 G6 G12 G17 G19 G24 G28 R12 R13 R22 R23 R24 E13 E15 E21 E27 E30,3D,Yes,1.4,0.7
1145,./unit1/camera_data/image_BS1_5791_00_53_38.jpg,./unit1/mmWave_data/mmWave_power_1144.txt,./unit1/GPS_data/gps_location.txt,./unit2/GPS_data/gps_location_1144.txt,,20,13,['00-53-38-0'],0,17,G2 G6 G12 G17 G19 G24 G28 R12 R13 R22 R23 R24 E13 E15 E21 E27 E30,3D,Yes,1.3,0.7
1146,./unit1/camera_data/image_BS1_5792_00_53_38.jpg,./unit1/mmWave_data/mmWave_power_1145.txt,./unit1/GPS_data/gps_location.txt,./unit2/GPS_data/gps_location_1145.txt,,19,13,['00-53-38-333'],0,17,G2 G6 G12 G17 G19 G24 G28 R12 R13 R22 R23 R24 E13 E15 E21 E27 E30,3D,Yes,1.3,0.7
1147,./unit1/camera_data/image_BS1_5793_00_53_38.jpg,./unit1/mmWave_data/mmWave_power_1146.txt,./unit1/GPS_data/gps_location.txt,./unit2/GPS_data/gps_location_1146.txt,,20,13,['00-53-38-666'],0,17,G2 G6 G12 G17 G19 G24 G28 R12 R13 R22 R23 R24 E13 E15 E21 E27 E30,3D,Yes,1.4,0.7
1148,./unit1/camera_data/image_BS1_5794_00_53_39.jpg,./unit1/mmWave_data/mmWave_power_1147.txt,./unit1/GPS_data/gps_location.txt,./unit2/GPS_data/gps_location_1147.txt,,20,13,['00-53-39-0'],0,17,G2 G6 G12 G17 G19 G24 G28 R12 R13 R22 R23 R24 E13 E15 E21 E27 E30,3D,Yes,1.4,0.7
1149,./unit1/camera_data/image_BS1_5795_00_53_39.jpg,./unit1/mmWave_data/mmWave_power_1148.txt,./unit1/GPS_data/gps_location.txt,./unit2/GPS_data/gps_location_1148.txt,,20,13,['00-53-39-111'],0,17,G2 G6 G12 G17 G19 G24 G28 R12 R13 R22 R23 R24 E13 E15 E21 E27 E30,3D,Yes,1.4,0.7
1150,./unit1/camera_data/image_BS1_5796_00_53_39.jpg,./unit1/mmWave_data/mmWave_power_1149.txt,./unit1/GPS_data/gps_location.txt,./unit2/GPS_data/gps_location_1149.txt,,20,13,['00-53-39-222'],0,17,G2 G6 G12 G17 G19 G24 G28 R12 R13 R22 R23 R24 E13 E15 E21 E27 E30,3D,Yes,1.4,0.7
1151,./unit1/camera_data/image_BS1_5797_00_53_39.jpg,./unit1/mmWave_data/mmWave_power_1150.txt,./unit1/GPS_data/gps_location.txt,./unit2/GPS_data/gps_location_1150.txt,,20,13,['00-53-39-333'],0,12,G2 G6 G12 G17 G19 G24 G28 R12 R13 R22 R23 R24,3D,Yes,1.4,0.7
1152,./unit1/camera_data/image_BS1_5798_00_53_39.jpg,./unit1/mmWave_data/mmWave_power_1151.txt,./unit1/GPS_data/gps_location.txt,./unit2/GPS_data/gps_location_1151.txt,,21,13,['00-53-39-444'],0,17,G2 G6 G12 G17 G19 G24 G28 R12 R13 R22 R23 R24 E13 E15 E21 E27 E30,3D,Yes,1.3,0.7
1153,./unit1/camera_data/image_BS1_5799_00_53_39.jpg,./unit1/mmWave_data/mmWave_power_1152.txt,./unit1/GPS_data/gps_location.txt,./unit2/GPS_data/gps_location_1152.txt,,21,13,['00-53-39-555'],0,17,G2 G6 G12 G17 G19 G24 G28 R12 R13 R22 R23 R24 E13 E15 E21 E27 E30,3D,Yes,1.3,0.7
1154,./unit1/camera_data/image_BS1_5800_00_53_39.jpg,./unit1/mmWave_data/mmWave_power_1153.txt,./unit1/GPS_data/gps_location.txt,./unit2/GPS_data/gps_location_1153.txt,,21,13,['00-53-39-666'],0,17,G2 G6 G12 G17 G19 G24 G28 R12 R13 R22 R23 R24 E13 E15 E21 E27 E30,3D,Yes,1.3,0.7
1155,./unit1/camera_data/image_BS1_5801_00_53_39.jpg,./unit1/mmWave_data/mmWave_power_1154.txt,./unit1/GPS_data/gps_location.txt,./unit2/GPS_data/gps_location_1154.txt,,21,13,['00-53-39-777'],0,12,G2 G6 G12 G17 G19 G24 G28 R12 R13 R22 R23 R24,3D,Yes,1.3,0.7
1156,./unit1/camera_data/image_BS1_5802_00_53_39.jpg,./unit1/mmWave_data/mmWave_power_1155.txt,./unit1/GPS_data/gps_location.txt,./unit2/GPS_data/gps_location_1155.txt,,21,13,['00-53-39-888'],0,17,G2 G6 G12 G17 G19 G24 G28 R12 R13 R22 R23 R24 E13 E15 E21 E27 E30,3D,Yes,1.3,0.7
1157,./unit1/camera_data/image_BS1_5803_00_53_40.jpg,./unit1/mmWave_data/mmWave_power_1156.txt,./unit1/GPS_data/gps_location.txt,./unit2/GPS_data/gps_location_1156.txt,,20,13,['00-53-40-0'],0,17,G2 G6 G12 G17 G19 G24 G28 R12 R13 R22 R23 R24 E13 E15 E21 E27 E30,3D,Yes,1.4,0.7
1158,./unit1/camera_data/image_BS1_5804_00_53_40.jpg,./unit1/mmWave_data/mmWave_power_1157.txt,./unit1/GPS_data/gps_location.txt,./unit2/GPS_data/gps_location_1157.txt,,21,13,['00-53-40-111'],0,17,G2 G6 G12 G17 G19 G24 G28 R12 R13 R22 R23 R24 E13 E15 E21 E27 E30,3D,Yes,1.4,0.7
1159,./unit1/camera_data/image_BS1_5805_00_53_40.jpg,./unit1/mmWave_data/mmWave_power_1158.txt,./unit1/GPS_data/gps_location.txt,./unit2/GPS_data/gps_location_1158.txt,,20,13,['00-53-40-222'],0,17,G2 G6 G12 G17 G19 G24 G28 R12 R13 R22 R23 R24 E13 E15 E21 E27 E30,3D,Yes,1.4,0.7
1160,./unit1/camera_data/image_BS1_5806_00_53_40.jpg,./unit1/mmWave_data/mmWave_power_1159.txt,./unit1/GPS_data/gps_location.txt,./unit2/GPS_data/gps_location_1159.txt,,21,13,['00-53-40-333'],0,12,G2 G6 G12 G17 G19 G24 G28 R12 R13 R22 R23 R24,3D,Yes,1.4,0.7
1161,./unit1/camera_data/image_BS1_5807_00_53_40.jpg,./unit1/mmWave_data/mmWave_power_1160.txt,./unit1/GPS_data/gps_location.txt,./unit2/GPS_data/gps_location_1160.txt,,21,13,['00-53-40-444'],0,12,G2 G6 G12 G17 G19 G24 G28 R12 R13 R22 R23 R24,3D,Yes,1.4,0.7
1162,./unit1/camera_data/image_BS1_5808_00_53_40.jpg,./unit1/mmWave_data/mmWave_power_1161.txt,./unit1/GPS_data/gps_location.txt,./unit2/GPS_data/gps_location_1161.txt,,21,13,['00-53-40-555'],0,12,G2 G6 G12 G17 G19 G24 G28 R12 R13 R22 R23 R24,3D,Yes,1.4,0.7
1163,./unit1/camera_data/image_BS1_5809_00_53_40.jpg,./unit1/mmWave_data/mmWave_power_1162.txt,./unit1/GPS_data/gps_location.txt,./unit2/GPS_data/gps_location_1162.txt,,21,13,['00-53-40-666'],0,12,G2 G6 G12 G17 G19 G24 G28 R12 R13 R22 R23 R24,3D,Yes,1.3,0.7
1164,./unit1/camera_data/image_BS1_5810_00_53_40.jpg,./unit1/mmWave_data/mmWave_power_1163.txt,./unit1/GPS_data/gps_location.txt,./unit2/GPS_data/gps_location_1163.txt,,21,13,['00-53-40-777'],0,12,G2 G6 G12 G17 G19 G24 G28 R12 R13 R22 R23 R24,3D,Yes,1.3,0.7
1165,./unit1/camera_data/image_BS1_5811_00_53_40.jpg,./unit1/mmWave_data/mmWave_power_1164.txt,./unit1/GPS_data/gps_location.txt,./unit2/GPS_data/gps_location_1164.txt,,20,13,['00-53-40-888'],0,12,G2 G6 G12 G17 G19 G24 G28 R12 R13 R22 R23 R24,3D,Yes,1.3,0.7
1166,./unit1/camera_data/image_BS1_5812_00_53_41.jpg,./unit1/mmWave_data/mmWave_power_1165.txt,./unit1/GPS_data/gps_location.txt,./unit2/GPS_data/gps_location_1165.txt,,21,13,['00-53-41-0'],0,17,G2 G6 G12 G17 G19 G24 G28 R12 R13 R22 R23 R24 E13 E15 E21 E27 E30,3D,Yes,1.3,0.7
1167,./unit1/camera_data/image_BS1_5813_00_53_41.jpg,./unit1/mmWave_data/mmWave_power_1166.txt,./unit1/GPS_data/gps_location.txt,./unit2/GPS_data/gps_location_1166.txt,,21,13,['00-53-41-111'],0,17,G2 G6 G12 G17 G19 G24 G28 R12 R13 R22 R23 R24 E13 E15 E21 E27 E30,3D,Yes,1.3,0.7
1168,./unit1/camera_data/image_BS1_5814_00_53_41.jpg,./unit1/mmWave_data/mmWave_power_1167.txt,./unit1/GPS_data/gps_location.txt,./unit2/GPS_data/gps_location_1167.txt,,21,13,['00-53-41-222'],0,17,G2 G6 G12 G17 G19 G24 G28 R12 R13 R22 R23 R24 E13 E15 E21 E27 E30,3D,Yes,1.3,0.7
1169,./unit1/camera_data/image_BS1_5815_00_53_41.jpg,./unit1/mmWave_data/mmWave_power_1168.txt,./unit1/GPS_data/gps_location.txt,./unit2/GPS_data/gps_location_1168.txt,,21,13,['00-53-41-333'],0,17,G2 G6 G12 G17 G19 G24 G28 R12 R13 R22 R23 R24 E13 E15 E21 E27 E30,3D,Yes,1.3,0.7
1170,./unit1/camera_data/image_BS1_5816_00_53_41.jpg,./unit1/mmWave_data/mmWave_power_1169.txt,./unit1/GPS_data/gps_location.txt,./unit2/GPS_data/gps_location_1169.txt,,21,13,['00-53-41-444'],0,22,G2 G6 G12 G17 G19 G24 G28 R12 R13 R22 R23 R24 E13 E15 E21 E27 E30 B11 B12 B24 B25 B26,3D,Yes,1.3,0.7
1171,./unit1/camera_data/image_BS1_5817_00_53_41.jpg,./unit1/mmWave_data/mmWave_power_1170.txt,./unit1/GPS_data/gps_location.txt,./unit2/GPS_data/gps_location_1170.txt,,21,13,['00-53-41-555'],0,17,G2 G6 G12 G17 G19 G24 G28 R12 R13 R22 R23 R24 E13 E15 E21 E27 E30,3D,Yes,1.3,0.7
1172,./unit1/camera_data/image_BS1_5818_00_53_41.jpg,./unit1/mmWave_data/mmWave_power_1171.txt,./unit1/GPS_data/gps_location.txt,./unit2/GPS_data/gps_location_1171.txt,,22,13,['00-53-41-666'],0,12,G2 G6 G12 G17 G19 G24 G28 R12 R13 R22 R23 R24,3D,Yes,1.4,0.7
1173,./unit1/camera_data/image_BS1_5819_00_53_41.jpg,./unit1/mmWave_data/mmWave_power_1172.txt,./unit1/GPS_data/gps_location.txt,./unit2/GPS_data/gps_location_1172.txt,,22,13,['00-53-41-777'],0,7,G2 G6 G12 G17 G19 G24 G28,3D,Yes,1.4,0.7
1174,./unit1/camera_data/image_BS1_5820_00_53_41.jpg,./unit1/mmWave_data/mmWave_power_1173.txt,./unit1/GPS_data/gps_location.txt,./unit2/GPS_data/gps_location_1173.txt,,22,13,['00-53-41-888'],0,22,G2 G6 G12 G17 G19 G24 G28 R12 R13 R22 R23 R24 E13 E15 E21 E27 E30 B11 B12 B24 B25 B26,3D,Yes,1.5,0.8
1175,./unit1/camera_data/image_BS1_5821_00_53_42.jpg,./unit1/mmWave_data/mmWave_power_1174.txt,./unit1/GPS_data/gps_location.txt,./unit2/GPS_data/gps_location_1174.txt,,22,13,['00-53-42-0'],0,17,G2 G6 G12 G17 G19 G24 G28 R12 R13 R22 R23 R24 E13 E15 E21 E27 E30,3D,Yes,1.4,0.8
1176,./unit1/camera_data/image_BS1_5822_00_53_42.jpg,./unit1/mmWave_data/mmWave_power_1175.txt,./unit1/GPS_data/gps_location.txt,./unit2/GPS_data/gps_location_1175.txt,,22,13,['00-53-42-166'],0,17,G2 G6 G12 G17 G19 G24 G28 R12 R13 R22 R23 R24 E13 E15 E21 E27 E30,3D,Yes,1.4,0.8
1177,./unit1/camera_data/image_BS1_5823_00_53_42.jpg,./unit1/mmWave_data/mmWave_power_1176.txt,./unit1/GPS_data/gps_location.txt,./unit2/GPS_data/gps_location_1176.txt,,22,13,['00-53-42-332'],0,17,G2 G6 G12 G17 G19 G24 G28 R12 R13 R22 R23 R24 E13 E15 E21 E27 E30,3D,Yes,1.4,0.8
1178,./unit1/camera_data/image_BS1_5824_00_53_42.jpg,./unit1/mmWave_data/mmWave_power_1177.txt,./unit1/GPS_data/gps_location.txt,./unit2/GPS_data/gps_location_1177.txt,,23,13,['00-53-42-498'],0,17,G2 G6 G12 G17 G19 G24 G28 R12 R13 R22 R23 R24 E13 E15 E21 E27 E30,3D,Yes,1.4,0.8
1179,./unit1/camera_data/image_BS1_5825_00_53_42.jpg,./unit1/mmWave_data/mmWave_power_1178.txt,./unit1/GPS_data/gps_location.txt,./unit2/GPS_data/gps_location_1178.txt,,23,13,['00-53-42-664'],0,12,G2 G6 G12 G17 G19 G24 G28 R12 R13 R22 R23 R24,3D,Yes,1.2,0.7
1180,./unit1/camera_data/image_BS1_5826_00_53_42.jpg,./unit1/mmWave_data/mmWave_power_1179.txt,./unit1/GPS_data/gps_location.txt,./unit2/GPS_data/gps_location_1179.txt,,22,13,['00-53-42-830'],0,12,G2 G6 G12 G17 G19 G24 G28 R12 R13 R22 R23 R24,3D,Yes,1.2,0.7
1181,./unit1/camera_data/image_BS1_5827_00_53_43.jpg,./unit1/mmWave_data/mmWave_power_1180.txt,./unit1/GPS_data/gps_location.txt,./unit2/GPS_data/gps_location_1180.txt,,27,13,['00-53-43-0'],0,17,G2 G6 G12 G17 G19 G24 G28 R12 R13 R22 R23 R24 E13 E15 E21 E27 E30,3D,Yes,1.4,0.8
1182,./unit1/camera_data/image_BS1_5828_00_53_43.jpg,./unit1/mmWave_data/mmWave_power_1181.txt,./unit1/GPS_data/gps_location.txt,./unit2/GPS_data/gps_location_1181.txt,,31,13,['00-53-43-500'],0,22,G2 G6 G12 G17 G19 G24 G28 R12 R13 R22 R23 R24 E13 E15 E21 E27 E30 B11 B12 B24 B25 B26,3D,Yes,1.1,0.7
1183,./unit1/camera_data/image_BS1_5829_00_53_45.jpg,./unit1/mmWave_data/mmWave_power_1182.txt,./unit1/GPS_data/gps_location.txt,./unit2/GPS_data/gps_location_1182.txt,,39,13,['00-53-45-0'],0,17,G2 G6 G12 G17 G19 G24 G28 R12 R13 R22 R23 R24 E13 E15 E21 E27 E30,3D,Yes,1.3,0.7
1184,./unit1/camera_data/image_BS1_5830_00_53_45.jpg,./unit1/mmWave_data/mmWave_power_1183.txt,./unit1/GPS_data/gps_location.txt,./unit2/GPS_data/gps_location_1183.txt,,41,13,['00-53-45-142'],0,12,G2 G6 G12 G17 G19 G24 G28 R12 R13 R22 R23 R24,3D,Yes,1.3,0.7
1185,./unit1/camera_data/image_BS1_5831_00_53_45.jpg,./unit1/mmWave_data/mmWave_power_1184.txt,./unit1/GPS_data/gps_location.txt,./unit2/GPS_data/gps_location_1184.txt,,42,13,['00-53-45-284'],0,17,G2 G6 G12 G17 G19 G24 G28 R12 R13 R22 R23 R24 E13 E15 E21 E27 E30,3D,Yes,1.5,0.8
1186,./unit1/camera_data/image_BS1_5832_00_53_45.jpg,./unit1/mmWave_data/mmWave_power_1185.txt,./unit1/GPS_data/gps_location.txt,./unit2/GPS_data/gps_location_1185.txt,,43,13,['00-53-45-426'],0,17,G2 G6 G12 G17 G19 G24 G28 R12 R13 R22 R23 R24 E13 E15 E21 E27 E30,3D,Yes,1.5,0.8
1187,./unit1/camera_data/image_BS1_5833_00_53_45.jpg,./unit1/mmWave_data/mmWave_power_1186.txt,./unit1/GPS_data/gps_location.txt,./unit2/GPS_data/gps_location_1186.txt,,43,13,['00-53-45-568'],0,17,G2 G6 G12 G17 G19 G24 G28 R12 R13 R22 R23 R24 E13 E15 E21 E27 E30,3D,Yes,1.8,0.8
1188,./unit1/camera_data/image_BS1_5834_00_53_45.jpg,./unit1/mmWave_data/mmWave_power_1187.txt,./unit1/GPS_data/gps_location.txt,./unit2/GPS_data/gps_location_1187.txt,,45,13,['00-53-45-710'],0,12,G2 G6 G12 G17 G19 G24 G28 R12 R13 R22 R23 R24,3D,Yes,1.8,0.8
1189,./unit1/camera_data/image_BS1_5835_00_53_45.jpg,./unit1/mmWave_data/mmWave_power_1188.txt,./unit1/GPS_data/gps_location.txt,./unit2/GPS_data/gps_location_1188.txt,,45,13,['00-53-45-852'],0,17,G2 G6 G12 G17 G19 G24 G28 R12 R13 R22 R23 R24 E13 E15 E21 E27 E30,3D,Yes,1.5,0.8
1190,./unit1/camera_data/image_BS1_5836_00_53_46.jpg,./unit1/mmWave_data/mmWave_power_1189.txt,./unit1/GPS_data/gps_location.txt,./unit2/GPS_data/gps_location_1189.txt,,46,13,['00-53-46-0'],0,17,G2 G6 G12 G17 G19 G24 G28 R12 R13 R22 R23 R24 E13 E15 E21 E27 E30,3D,Yes,1.5,0.8
1191,./unit1/camera_data/image_BS1_5837_00_53_46.jpg,./unit1/mmWave_data/mmWave_power_1190.txt,./unit1/GPS_data/gps_location.txt,./unit2/GPS_data/gps_location_1190.txt,,47,13,['00-53-46-111'],0,17,G2 G6 G12 G17 G19 G24 G28 R12 R13 R22 R23 R24 E13 E15 E21 E27 E30,3D,Yes,1.6,0.8
1192,./unit1/camera_data/image_BS1_5838_00_53_46.jpg,./unit1/mmWave_data/mmWave_power_1191.txt,./unit1/GPS_data/gps_location.txt,./unit2/GPS_data/gps_location_1191.txt,,48,13,['00-53-46-222'],0,17,G2 G6 G12 G17 G19 G24 G28 R12 R13 R22 R23 R24 E13 E15 E21 E27 E30,3D,Yes,1.5,0.8
1193,./unit1/camera_data/image_BS1_5839_00_53_46.jpg,./unit1/mmWave_data/mmWave_power_1192.txt,./unit1/GPS_data/gps_location.txt,./unit2/GPS_data/gps_location_1192.txt,,48,13,['00-53-46-333'],0,16,G2 G6 G12 G17 G19 G24 R12 R13 R22 R23 R24 E13 E15 E21 E27 E30,3D,Yes,1.5,0.8
1194,./unit1/camera_data/image_BS1_5840_00_53_46.jpg,./unit1/mmWave_data/mmWave_power_1193.txt,./unit1/GPS_data/gps_location.txt,./unit2/GPS_data/gps_location_1193.txt,,51,13,['00-53-46-444'],0,16,G2 G6 G12 G17 G19 G24 R12 R13 R22 R23 R24 E13 E15 E21 E27 E30,3D,Yes,1.5,0.8
1195,./unit1/camera_data/image_BS1_5841_00_53_46.jpg,./unit1/mmWave_data/mmWave_power_1194.txt,./unit1/GPS_data/gps_location.txt,./unit2/GPS_data/gps_location_1194.txt,,51,13,['00-53-46-555'],0,21,G2 G6 G12 G17 G19 G24 R12 R13 R22 R23 R24 E13 E15 E21 E27 E30 B11 B12 B24 B25 B26,3D,Yes,1.5,0.8
1196,./unit1/camera_data/image_BS1_5842_00_53_46.jpg,./unit1/mmWave_data/mmWave_power_1195.txt,./unit1/GPS_data/gps_location.txt,./unit2/GPS_data/gps_location_1195.txt,,51,13,['00-53-46-666'],0,16,G2 G6 G12 G17 G19 G24 R12 R13 R22 R23 R24 E13 E15 E21 E27 E30,3D,Yes,1.3,0.7
1197,./unit1/camera_data/image_BS1_5843_00_53_46.jpg,./unit1/mmWave_data/mmWave_power_1196.txt,./unit1/GPS_data/gps_location.txt,./unit2/GPS_data/gps_location_1196.txt,,51,13,['00-53-46-777'],0,11,G2 G6 G12 G17 G19 G24 R12 R13 R22 R23 R24,3D,Yes,1.3,0.7
1198,./unit1/camera_data/image_BS1_5844_00_53_46.jpg,./unit1/mmWave_data/mmWave_power_1197.txt,./unit1/GPS_data/gps_location.txt,./unit2/GPS_data/gps_location_1197.txt,,53,13,['00-53-46-888'],0,11,G2 G6 G12 G17 G19 G24 R12 R13 R22 R23 R24,3D,Yes,1.5,0.8
1199,./unit1/camera_data/image_BS1_5845_00_53_47.jpg,./unit1/mmWave_data/mmWave_power_1198.txt,./unit1/GPS_data/gps_location.txt,./unit2/GPS_data/gps_location_1198.txt,,54,13,['00-53-47-0'],0,21,G2 G6 G12 G17 G19 G24 R12 R13 R22 R23 R24 E13 E15 E21 E27 E30 B11 B12 B24 B25 B26,3D,Yes,1.5,0.8
1200,./unit1/camera_data/image_BS1_5846_00_53_47.jpg,./unit1/mmWave_data/mmWave_power_1199.txt,./unit1/GPS_data/gps_location.txt,./unit2/GPS_data/gps_location_1199.txt,,54,13,['00-53-47-111'],0,16,G2 G6 G12 G17 G19 G24 R12 R13 R22 R23 R24 E13 E15 E21 E27 E30,3D,Yes,1.5,0.8
1201,./unit1/camera_data/image_BS1_5847_00_53_47.jpg,./unit1/mmWave_data/mmWave_power_1200.txt,./unit1/GPS_data/gps_location.txt,./unit2/GPS_data/gps_location_1200.txt,,55,13,['00-53-47-222'],0,16,G2 G6 G12 G17 G19 G24 R12 R13 R22 R23 R24 E13 E15 E21 E27 E30,3D,Yes,1.5,0.8
1202,./unit1/camera_data/image_BS1_5848_00_53_47.jpg,./unit1/mmWave_data/mmWave_power_1201.txt,./unit1/GPS_data/gps_location.txt,./unit2/GPS_data/gps_location_1201.txt,,55,13,['00-53-47-333'],0,16,G2 G6 G12 G17 G19 G24 R12 R13 R22 R23 R24 E13 E15 E21 E27 E30,3D,Yes,1.5,0.8
1203,./unit1/camera_data/image_BS1_5849_00_53_47.jpg,./unit1/mmWave_data/mmWave_power_1202.txt,./unit1/GPS_data/gps_location.txt,./unit2/GPS_data/gps_location_1202.txt,,57,13,['00-53-47-444'],0,11,G2 G6 G12 G17 G19 G24 R12 R13 R22 R23 R24,3D,Yes,1.5,0.8
1204,./unit1/camera_data/image_BS1_5850_00_53_47.jpg,./unit1/mmWave_data/mmWave_power_1203.txt,./unit1/GPS_data/gps_location.txt,./unit2/GPS_data/gps_location_1203.txt,,59,13,['00-53-47-555'],0,11,G2 G6 G12 G17 G19 G24 R12 R13 R22 R23 R24,3D,Yes,1.5,0.8
1205,./unit1/camera_data/image_BS1_5851_00_53_47.jpg,./unit1/mmWave_data/mmWave_power_1204.txt,./unit1/GPS_data/gps_location.txt,./unit2/GPS_data/gps_location_1204.txt,,59,13,['00-53-47-666'],0,16,G2 G6 G12 G17 G19 G24 R12 R13 R22 R23 R24 E13 E15 E21 E27 E30,3D,Yes,1.4,0.8
1206,./unit1/camera_data/image_BS1_5852_00_53_47.jpg,./unit1/mmWave_data/mmWave_power_1205.txt,./unit1/GPS_data/gps_location.txt,./unit2/GPS_data/gps_location_1205.txt,,58,13,['00-53-47-777'],0,11,G2 G6 G12 G17 G19 G24 R12 R13 R22 R23 R24,3D,Yes,1.5,0.8
1207,./unit1/camera_data/image_BS1_5853_00_53_47.jpg,./unit1/mmWave_data/mmWave_power_1206.txt,./unit1/GPS_data/gps_location.txt,./unit2/GPS_data/gps_location_1206.txt,,58,13,['00-53-47-888'],0,16,G2 G6 G12 G17 G19 G24 R12 R13 R22 R23 R24 E13 E15 E21 E27 E30,3D,Yes,1.5,0.8
1208,./unit1/camera_data/image_BS1_5854_00_53_48.jpg,./unit1/mmWave_data/mmWave_power_1207.txt,./unit1/GPS_data/gps_location.txt,./unit2/GPS_data/gps_location_1207.txt,,61,13,['00-53-48-0'],0,16,G2 G6 G12 G17 G19 G24 R12 R13 R22 R23 R24 E13 E15 E21 E27 E30,3D,Yes,1.5,0.8
1209,./unit1/camera_data/image_BS1_5855_00_53_48.jpg,./unit1/mmWave_data/mmWave_power_1208.txt,./unit1/GPS_data/gps_location.txt,./unit2/GPS_data/gps_location_1208.txt,,61,13,['00-53-48-500'],0,16,G2 G6 G12 G17 G19 G24 R12 R13 R22 R23 R24 E13 E15 E21 E27 E30,3D,Yes,1.6,0.8
1210,./unit1/camera_data/image_BS1_6208_00_54_37.jpg,./unit1/mmWave_data/mmWave_power_1209.txt,./unit1/GPS_data/gps_location.txt,./unit2/GPS_data/gps_location_1209.txt,,61,14,['00-54-37-0'],1,16,G2 G6 G12 G17 G19 G24 R12 R13 R22 R23 R24 E13 E15 E21 E27 E30,3D,Yes,1.4,0.8
1211,./unit1/camera_data/image_BS1_6209_00_54_37.jpg,./unit1/mmWave_data/mmWave_power_1210.txt,./unit1/GPS_data/gps_location.txt,./unit2/GPS_data/gps_location_1210.txt,,61,14,['00-54-37-142'],1,16,G2 G6 G12 G17 G19 G24 R12 R13 R22 R23 R24 E13 E15 E21 E27 E30,3D,Yes,1.4,0.8
1212,./unit1/camera_data/image_BS1_6210_00_54_37.jpg,./unit1/mmWave_data/mmWave_power_1211.txt,./unit1/GPS_data/gps_location.txt,./unit2/GPS_data/gps_location_1211.txt,,59,14,['00-54-37-284'],1,16,G2 G6 G12 G17 G19 G24 R12 R13 R22 R23 R24 E13 E15 E21 E27 E30,3D,Yes,1.4,0.8
1213,./unit1/camera_data/image_BS1_6211_00_54_37.jpg,./unit1/mmWave_data/mmWave_power_1212.txt,./unit1/GPS_data/gps_location.txt,./unit2/GPS_data/gps_location_1212.txt,,60,14,['00-54-37-426'],1,16,G2 G6 G12 G17 G19 G24 R12 R13 R22 R23 R24 E13 E15 E21 E27 E30,3D,Yes,1.4,0.8
1214,./unit1/camera_data/image_BS1_6212_00_54_37.jpg,./unit1/mmWave_data/mmWave_power_1213.txt,./unit1/GPS_data/gps_location.txt,./unit2/GPS_data/gps_location_1213.txt,,58,14,['00-54-37-568'],1,16,G2 G6 G12 G17 G19 G24 R12 R13 R22 R23 R24 E13 E15 E21 E27 E30,3D,Yes,1.4,0.8
1215,./unit1/camera_data/image_BS1_6213_00_54_37.jpg,./unit1/mmWave_data/mmWave_power_1214.txt,./unit1/GPS_data/gps_location.txt,./unit2/GPS_data/gps_location_1214.txt,,58,14,['00-54-37-710'],1,16,G2 G6 G12 G17 G19 G24 R12 R13 R22 R23 R24 E13 E15 E21 E27 E30,3D,Yes,1.4,0.8
1216,./unit1/camera_data/image_BS1_6214_00_54_37.jpg,./unit1/mmWave_data/mmWave_power_1215.txt,./unit1/GPS_data/gps_location.txt,./unit2/GPS_data/gps_location_1215.txt,,58,14,['00-54-37-852'],1,11,G2 G6 G12 G17 G19 G24 R12 R13 R22 R23 R24,3D,Yes,1.4,0.8
1217,./unit1/camera_data/image_BS1_6215_00_54_38.jpg,./unit1/mmWave_data/mmWave_power_1216.txt,./unit1/GPS_data/gps_location.txt,./unit2/GPS_data/gps_location_1216.txt,,56,14,['00-54-38-0'],1,21,G2 G6 G12 G17 G19 G24 R12 R13 R22 R23 R24 E13 E15 E21 E27 E30 B11 B12 B24 B25 B26,3D,Yes,1.4,0.8
1218,./unit1/camera_data/image_BS1_6216_00_54_38.jpg,./unit1/mmWave_data/mmWave_power_1217.txt,./unit1/GPS_data/gps_location.txt,./unit2/GPS_data/gps_location_1217.txt,,55,14,['00-54-38-111'],1,11,G2 G6 G12 G17 G19 G24 R12 R13 R22 R23 R24,3D,Yes,1.4,0.8
1219,./unit1/camera_data/image_BS1_6217_00_54_38.jpg,./unit1/mmWave_data/mmWave_power_1218.txt,./unit1/GPS_data/gps_location.txt,./unit2/GPS_data/gps_location_1218.txt,,54,14,['00-54-38-222'],1,16,G2 G6 G12 G17 G19 G24 R12 R13 R22 R23 R24 E13 E15 E21 E27 E30,3D,Yes,1.4,0.8
1220,./unit1/camera_data/image_BS1_6218_00_54_38.jpg,./unit1/mmWave_data/mmWave_power_1219.txt,./unit1/GPS_data/gps_location.txt,./unit2/GPS_data/gps_location_1219.txt,,54,14,['00-54-38-333'],1,16,G2 G6 G12 G17 G19 G24 R12 R13 R22 R23 R24 E13 E15 E21 E27 E30,3D,Yes,1.4,0.8
1221,./unit1/camera_data/image_BS1_6219_00_54_38.jpg,./unit1/mmWave_data/mmWave_power_1220.txt,./unit1/GPS_data/gps_location.txt,./unit2/GPS_data/gps_location_1220.txt,,54,14,['00-54-38-444'],1,16,G2 G6 G12 G17 G19 G24 R12 R13 R22 R23 R24 E13 E15 E21 E27 E30,3D,Yes,1.4,0.8
1222,./unit1/camera_data/image_BS1_6220_00_54_38.jpg,./unit1/mmWave_data/mmWave_power_1221.txt,./unit1/GPS_data/gps_location.txt,./unit2/GPS_data/gps_location_1221.txt,,51,14,['00-54-38-555'],1,16,G2 G6 G12 G17 G19 G24 R12 R13 R22 R23 R24 E13 E15 E21 E27 E30,3D,Yes,1.5,0.8
1223,./unit1/camera_data/image_BS1_6221_00_54_38.jpg,./unit1/mmWave_data/mmWave_power_1222.txt,./unit1/GPS_data/gps_location.txt,./unit2/GPS_data/gps_location_1222.txt,,51,14,['00-54-38-666'],1,16,G2 G6 G12 G17 G19 G24 R12 R13 R22 R23 R24 E13 E15 E21 E27 E30,3D,Yes,1.5,0.8
1224,./unit1/camera_data/image_BS1_6222_00_54_38.jpg,./unit1/mmWave_data/mmWave_power_1223.txt,./unit1/GPS_data/gps_location.txt,./unit2/GPS_data/gps_location_1223.txt,,51,14,['00-54-38-777'],1,11,G2 G6 G12 G17 G19 G24 R12 R13 R22 R23 R24,3D,Yes,1.5,0.8
1225,./unit1/camera_data/image_BS1_6223_00_54_38.jpg,./unit1/mmWave_data/mmWave_power_1224.txt,./unit1/GPS_data/gps_location.txt,./unit2/GPS_data/gps_location_1224.txt,,49,14,['00-54-38-888'],1,16,G2 G6 G12 G17 G19 G24 R12 R13 R22 R23 R24 E13 E15 E21 E27 E30,3D,Yes,1.4,0.8
1226,./unit1/camera_data/image_BS1_6224_00_54_39.jpg,./unit1/mmWave_data/mmWave_power_1225.txt,./unit1/GPS_data/gps_location.txt,./unit2/GPS_data/gps_location_1225.txt,,48,14,['00-54-39-0'],1,16,G2 G6 G12 G17 G19 G24 R12 R13 R22 R23 R24 E13 E15 E21 E27 E30,3D,Yes,1.5,0.8
1227,./unit1/camera_data/image_BS1_6225_00_54_39.jpg,./unit1/mmWave_data/mmWave_power_1226.txt,./unit1/GPS_data/gps_location.txt,./unit2/GPS_data/gps_location_1226.txt,,47,14,['00-54-39-125'],1,16,G2 G6 G12 G17 G19 G24 R12 R13 R22 R23 R24 E13 E15 E21 E27 E30,3D,Yes,1.5,0.8
1228,./unit1/camera_data/image_BS1_6226_00_54_39.jpg,./unit1/mmWave_data/mmWave_power_1227.txt,./unit1/GPS_data/gps_location.txt,./unit2/GPS_data/gps_location_1227.txt,,47,14,['00-54-39-250'],1,16,G2 G6 G12 G17 G19 G24 R12 R13 R22 R23 R24 E13 E15 E21 E27 E30,3D,Yes,1.4,0.8
1229,./unit1/camera_data/image_BS1_6227_00_54_39.jpg,./unit1/mmWave_data/mmWave_power_1228.txt,./unit1/GPS_data/gps_location.txt,./unit2/GPS_data/gps_location_1228.txt,,45,14,['00-54-39-375'],1,16,G2 G6 G12 G17 G19 G24 R12 R13 R22 R23 R24 E13 E15 E21 E27 E30,3D,Yes,1.4,0.8
1230,./unit1/camera_data/image_BS1_6228_00_54_39.jpg,./unit1/mmWave_data/mmWave_power_1229.txt,./unit1/GPS_data/gps_location.txt,./unit2/GPS_data/gps_location_1229.txt,,44,14,['00-54-39-500'],1,16,G2 G6 G12 G17 G19 G24 R12 R13 R22 R23 R24 E13 E15 E21 E27 E30,3D,Yes,1.5,0.8
1231,./unit1/camera_data/image_BS1_6229_00_54_39.jpg,./unit1/mmWave_data/mmWave_power_1230.txt,./unit1/GPS_data/gps_location.txt,./unit2/GPS_data/gps_location_1230.txt,,43,14,['00-54-39-625'],1,16,G2 G6 G12 G17 G19 G24 R12 R13 R22 R23 R24 E13 E15 E21 E27 E30,3D,Yes,1.5,0.8
1232,./unit1/camera_data/image_BS1_6230_00_54_39.jpg,./unit1/mmWave_data/mmWave_power_1231.txt,./unit1/GPS_data/gps_location.txt,./unit2/GPS_data/gps_location_1231.txt,,42,14,['00-54-39-750'],1,16,G2 G6 G12 G17 G19 G24 R12 R13 R22 R23 R24 E13 E15 E21 E27 E30,3D,Yes,1.5,0.8
1233,./unit1/camera_data/image_BS1_6231_00_54_39.jpg,./unit1/mmWave_data/mmWave_power_1232.txt,./unit1/GPS_data/gps_location.txt,./unit2/GPS_data/gps_location_1232.txt,,41,14,['00-54-39-875'],1,11,G2 G6 G12 G17 G19 G24 R12 R13 R22 R23 R24,3D,Yes,1.5,0.8
1234,./unit1/camera_data/image_BS1_6232_00_54_40.jpg,./unit1/mmWave_data/mmWave_power_1233.txt,./unit1/GPS_data/gps_location.txt,./unit2/GPS_data/gps_location_1233.txt,,39,14,['00-54-40-0'],1,21,G2 G6 G12 G17 G19 G24 R12 R13 R22 R23 R24 E13 E15 E21 E27 E30 B11 B12 B24 B25 B26,3D,Yes,1.5,0.8
1235,./unit1/camera_data/image_BS1_6233_00_54_40.jpg,./unit1/mmWave_data/mmWave_power_1234.txt,./unit1/GPS_data/gps_location.txt,./unit2/GPS_data/gps_location_1234.txt,,39,14,['00-54-40-111'],1,11,G2 G6 G12 G17 G19 G24 R12 R13 R22 R23 R24,3D,Yes,1.8,0.8
1236,./unit1/camera_data/image_BS1_6234_00_54_40.jpg,./unit1/mmWave_data/mmWave_power_1235.txt,./unit1/GPS_data/gps_location.txt,./unit2/GPS_data/gps_location_1235.txt,,38,14,['00-54-40-222'],1,21,G2 G6 G12 G17 G19 G24 R12 R13 R22 R23 R24 E13 E15 E21 E27 E30 B11 B12 B24 B25 B26,3D,Yes,1.8,0.8
1237,./unit1/camera_data/image_BS1_6235_00_54_40.jpg,./unit1/mmWave_data/mmWave_power_1236.txt,./unit1/GPS_data/gps_location.txt,./unit2/GPS_data/gps_location_1236.txt,,37,14,['00-54-40-333'],1,16,G2 G6 G12 G17 G19 G24 R12 R13 R22 R23 R24 E13 E15 E21 E27 E30,3D,Yes,1.8,0.8
1238,./unit1/camera_data/image_BS1_6236_00_54_40.jpg,./unit1/mmWave_data/mmWave_power_1237.txt,./unit1/GPS_data/gps_location.txt,./unit2/GPS_data/gps_location_1237.txt,,36,14,['00-54-40-444'],1,16,G2 G6 G12 G17 G19 G24 R12 R13 R22 R23 R24 E13 E15 E21 E27 E30,3D,Yes,1.8,0.8
1239,./unit1/camera_data/image_BS1_6237_00_54_40.jpg,./unit1/mmWave_data/mmWave_power_1238.txt,./unit1/GPS_data/gps_location.txt,./unit2/GPS_data/gps_location_1238.txt,,36,14,['00-54-40-555'],1,16,G2 G6 G12 G17 G19 G24 R12 R13 R22 R23 R24 E13 E15 E21 E27 E30,3D,Yes,1.8,0.8
1240,./unit1/camera_data/image_BS1_6238_00_54_40.jpg,./unit1/mmWave_data/mmWave_power_1239.txt,./unit1/GPS_data/gps_location.txt,./unit2/GPS_data/gps_location_1239.txt,,33,14,['00-54-40-666'],1,16,G2 G6 G12 G17 G19 G24 R12 R13 R22 R23 R24 E13 E15 E21 E27 E30,3D,Yes,1.5,0.8
1241,./unit1/camera_data/image_BS1_6239_00_54_40.jpg,./unit1/mmWave_data/mmWave_power_1240.txt,./unit1/GPS_data/gps_location.txt,./unit2/GPS_data/gps_location_1240.txt,,33,14,['00-54-40-777'],1,11,G2 G6 G12 G17 G19 G24 R12 R13 R22 R23 R24,3D,Yes,1.5,0.8
1242,./unit1/camera_data/image_BS1_6240_00_54_40.jpg,./unit1/mmWave_data/mmWave_power_1241.txt,./unit1/GPS_data/gps_location.txt,./unit2/GPS_data/gps_location_1241.txt,,31,14,['00-54-40-888'],1,16,G2 G6 G12 G17 G19 G24 R12 R13 R22 R23 R24 E13 E15 E21 E27 E30,3D,Yes,1.3,0.7
1243,./unit1/camera_data/image_BS1_6241_00_54_41.jpg,./unit1/mmWave_data/mmWave_power_1242.txt,./unit1/GPS_data/gps_location.txt,./unit2/GPS_data/gps_location_1242.txt,,32,14,['00-54-41-0'],1,16,G2 G6 G12 G17 G19 G24 R12 R13 R22 R23 R24 E13 E15 E21 E27 E30,3D,Yes,1.3,0.7
1244,./unit1/camera_data/image_BS1_6242_00_54_41.jpg,./unit1/mmWave_data/mmWave_power_1243.txt,./unit1/GPS_data/gps_location.txt,./unit2/GPS_data/gps_location_1243.txt,,29,14,['00-54-41-142'],1,11,G2 G6 G12 G17 G19 G24 R12 R13 R22 R23 R24,3D,Yes,1.5,0.8
1245,./unit1/camera_data/image_BS1_6243_00_54_41.jpg,./unit1/mmWave_data/mmWave_power_1244.txt,./unit1/GPS_data/gps_location.txt,./unit2/GPS_data/gps_location_1244.txt,,26,14,['00-54-41-284'],1,16,G2 G6 G12 G17 G19 G24 R12 R13 R22 R23 R24 E13 E15 E21 E27 E30,3D,Yes,1.3,0.7
1246,./unit1/camera_data/image_BS1_6244_00_54_41.jpg,./unit1/mmWave_data/mmWave_power_1245.txt,./unit1/GPS_data/gps_location.txt,./unit2/GPS_data/gps_location_1245.txt,,26,14,['00-54-41-426'],1,11,G2 G6 G12 G17 G19 G24 R12 R13 R22 R23 R24,3D,Yes,1.6,0.8
1247,./unit1/camera_data/image_BS1_6245_00_54_41.jpg,./unit1/mmWave_data/mmWave_power_1246.txt,./unit1/GPS_data/gps_location.txt,./unit2/GPS_data/gps_location_1246.txt,,22,14,['00-54-41-568'],1,16,G2 G6 G12 G17 G19 G24 R12 R13 R22 R23 R24 E13 E15 E21 E27 E30,3D,Yes,1.8,0.8
1248,./unit1/camera_data/image_BS1_6246_00_54_41.jpg,./unit1/mmWave_data/mmWave_power_1247.txt,./unit1/GPS_data/gps_location.txt,./unit2/GPS_data/gps_location_1247.txt,,22,14,['00-54-41-710'],1,21,G2 G6 G12 G17 G19 G24 R12 R13 R22 R23 R24 E13 E15 E21 E27 E30 B11 B12 B24 B25 B26,3D,Yes,1.5,0.8
1249,./unit1/camera_data/image_BS1_6247_00_54_41.jpg,./unit1/mmWave_data/mmWave_power_1248.txt,./unit1/GPS_data/gps_location.txt,./unit2/GPS_data/gps_location_1248.txt,,22,14,['00-54-41-852'],1,21,G2 G6 G12 G17 G19 G24 R12 R13 R22 R23 R24 E13 E15 E21 E27 E30 B11 B12 B24 B25 B26,3D,Yes,1.4,0.8
1250,./unit1/camera_data/image_BS1_6248_00_54_42.jpg,./unit1/mmWave_data/mmWave_power_1249.txt,./unit1/GPS_data/gps_location.txt,./unit2/GPS_data/gps_location_1249.txt,,21,14,['00-54-42-0'],1,11,G2 G6 G12 G17 G19 G24 R12 R13 R22 R23 R24,3D,Yes,1.5,0.8
1251,./unit1/camera_data/image_BS1_6249_00_54_42.jpg,./unit1/mmWave_data/mmWave_power_1250.txt,./unit1/GPS_data/gps_location.txt,./unit2/GPS_data/gps_location_1250.txt,,20,14,['00-54-42-111'],1,11,G2 G6 G12 G17 G19 G24 R12 R13 R22 R23 R24,3D,Yes,1.5,0.8
1252,./unit1/camera_data/image_BS1_6250_00_54_42.jpg,./unit1/mmWave_data/mmWave_power_1251.txt,./unit1/GPS_data/gps_location.txt,./unit2/GPS_data/gps_location_1251.txt,,19,14,['00-54-42-222'],1,16,G2 G6 G12 G17 G19 G24 R12 R13 R22 R23 R24 E13 E15 E21 E27 E30,3D,Yes,1.5,0.8
1253,./unit1/camera_data/image_BS1_6251_00_54_42.jpg,./unit1/mmWave_data/mmWave_power_1252.txt,./unit1/GPS_data/gps_location.txt,./unit2/GPS_data/gps_location_1252.txt,,16,14,['00-54-42-333'],1,11,G2 G6 G12 G17 G19 G24 R12 R13 R22 R23 R24,3D,Yes,1.3,0.7
1254,./unit1/camera_data/image_BS1_6252_00_54_42.jpg,./unit1/mmWave_data/mmWave_power_1253.txt,./unit1/GPS_data/gps_location.txt,./unit2/GPS_data/gps_location_1253.txt,,17,14,['00-54-42-444'],1,21,G2 G6 G12 G17 G19 G24 R12 R13 R22 R23 R24 E13 E15 E21 E27 E30 B11 B12 B24 B25 B26,3D,Yes,1.3,0.7
1255,./unit1/camera_data/image_BS1_6253_00_54_42.jpg,./unit1/mmWave_data/mmWave_power_1254.txt,./unit1/GPS_data/gps_location.txt,./unit2/GPS_data/gps_location_1254.txt,,16,14,['00-54-42-555'],1,16,G2 G6 G12 G17 G19 G24 R12 R13 R22 R23 R24 E13 E15 E21 E27 E30,3D,Yes,1.5,0.8
1256,./unit1/camera_data/image_BS1_6254_00_54_42.jpg,./unit1/mmWave_data/mmWave_power_1255.txt,./unit1/GPS_data/gps_location.txt,./unit2/GPS_data/gps_location_1255.txt,,16,14,['00-54-42-666'],1,16,G2 G6 G12 G17 G19 G24 R12 R13 R22 R23 R24 E13 E15 E21 E27 E30,3D,Yes,1.3,0.7
1257,./unit1/camera_data/image_BS1_6255_00_54_42.jpg,./unit1/mmWave_data/mmWave_power_1256.txt,./unit1/GPS_data/gps_location.txt,./unit2/GPS_data/gps_location_1256.txt,,13,14,['00-54-42-777'],1,16,G2 G6 G12 G17 G19 G24 R12 R13 R22 R23 R24 E13 E15 E21 E27 E30,3D,Yes,1.8,0.8
1258,./unit1/camera_data/image_BS1_6256_00_54_42.jpg,./unit1/mmWave_data/mmWave_power_1257.txt,./unit1/GPS_data/gps_location.txt,./unit2/GPS_data/gps_location_1257.txt,,13,14,['00-54-42-888'],1,11,G2 G6 G12 G17 G19 G24 R12 R13 R22 R23 R24,3D,Yes,1.8,0.8
1259,./unit1/camera_data/image_BS1_6257_00_54_43.jpg,./unit1/mmWave_data/mmWave_power_1258.txt,./unit1/GPS_data/gps_location.txt,./unit2/GPS_data/gps_location_1258.txt,,11,14,['00-54-43-0'],1,21,G2 G6 G12 G17 G19 G24 R12 R13 R22 R23 R24 E13 E15 E21 E27 E30 B11 B12 B24 B25 B26,3D,Yes,1.8,0.8
1260,./unit1/camera_data/image_BS1_6258_00_54_43.jpg,./unit1/mmWave_data/mmWave_power_1259.txt,./unit1/GPS_data/gps_location.txt,./unit2/GPS_data/gps_location_1259.txt,,11,14,['00-54-43-111'],1,11,G2 G6 G12 G17 G19 G24 R12 R13 R22 R23 R24,3D,Yes,1.5,0.8
1261,./unit1/camera_data/image_BS1_6259_00_54_43.jpg,./unit1/mmWave_data/mmWave_power_1260.txt,./unit1/GPS_data/gps_location.txt,./unit2/GPS_data/gps_location_1260.txt,,10,14,['00-54-43-222'],1,16,G2 G6 G12 G17 G19 G24 R12 R13 R22 R23 R24 E13 E15 E21 E27 E30,3D,Yes,1.5,0.8
1262,./unit1/camera_data/image_BS1_6260_00_54_43.jpg,./unit1/mmWave_data/mmWave_power_1261.txt,./unit1/GPS_data/gps_location.txt,./unit2/GPS_data/gps_location_1261.txt,,7,14,['00-54-43-333'],1,21,G2 G6 G12 G17 G19 G24 R12 R13 R22 R23 R24 E13 E15 E21 E27 E30 B11 B12 B24 B25 B26,3D,Yes,1.5,0.8
1263,./unit1/camera_data/image_BS1_6261_00_54_43.jpg,./unit1/mmWave_data/mmWave_power_1262.txt,./unit1/GPS_data/gps_location.txt,./unit2/GPS_data/gps_location_1262.txt,,6,14,['00-54-43-444'],1,16,G2 G6 G12 G17 G19 G24 R12 R13 R22 R23 R24 E13 E15 E21 E27 E30,3D,Yes,1.8,0.8
1264,./unit1/camera_data/image_BS1_6262_00_54_43.jpg,./unit1/mmWave_data/mmWave_power_1263.txt,./unit1/GPS_data/gps_location.txt,./unit2/GPS_data/gps_location_1263.txt,,5,14,['00-54-43-555'],1,16,G2 G6 G12 G17 G19 G24 R12 R13 R22 R23 R24 E13 E15 E21 E27 E30,3D,Yes,1.8,0.8
1265,./unit1/camera_data/image_BS1_6263_00_54_43.jpg,./unit1/mmWave_data/mmWave_power_1264.txt,./unit1/GPS_data/gps_location.txt,./unit2/GPS_data/gps_location_1264.txt,,6,14,['00-54-43-666'],1,16,G2 G6 G12 G17 G19 G24 R12 R13 R22 R23 R24 E13 E15 E21 E27 E30,3D,Yes,1.8,0.8
1266,./unit1/camera_data/image_BS1_6264_00_54_43.jpg,./unit1/mmWave_data/mmWave_power_1265.txt,./unit1/GPS_data/gps_location.txt,./unit2/GPS_data/gps_location_1265.txt,,3,14,['00-54-43-777'],1,11,G2 G6 G12 G17 G19 G24 R12 R13 R22 R23 R24,3D,Yes,1.5,0.8
1267,./unit1/camera_data/image_BS1_6265_00_54_43.jpg,./unit1/mmWave_data/mmWave_power_1266.txt,./unit1/GPS_data/gps_location.txt,./unit2/GPS_data/gps_location_1266.txt,,18,14,['00-54-43-888'],1,16,G2 G6 G12 G17 G19 G24 R12 R13 R22 R23 R24 E13 E15 E21 E27 E30,3D,Yes,1.5,0.8
1268,./unit1/camera_data/image_BS1_6266_00_54_44.jpg,./unit1/mmWave_data/mmWave_power_1267.txt,./unit1/GPS_data/gps_location.txt,./unit2/GPS_data/gps_location_1267.txt,,2,14,['00-54-44-0'],1,16,G2 G6 G12 G17 G19 G24 R12 R13 R22 R23 R24 E13 E15 E21 E27 E30,3D,Yes,1.6,0.8
1269,./unit1/camera_data/image_BS1_6719_00_55_50.jpg,./unit1/mmWave_data/mmWave_power_1268.txt,./unit1/GPS_data/gps_location.txt,./unit2/GPS_data/gps_location_1268.txt,,2,15,['00-55-50-0'],0,12,G2 G6 G12 G17 G19 G24 G28 R12 R13 R22 R23 R24,3D,Yes,1.5,0.8
1270,./unit1/camera_data/image_BS1_6720_00_55_50.jpg,./unit1/mmWave_data/mmWave_power_1269.txt,./unit1/GPS_data/gps_location.txt,./unit2/GPS_data/gps_location_1269.txt,,3,15,['00-55-50-500'],0,17,G2 G6 G12 G17 G19 G24 G28 R12 R13 R22 R23 R24 E13 E15 E21 E27 E30,3D,Yes,1.2,0.7
1271,./unit1/camera_data/image_BS1_6721_00_55_51.jpg,./unit1/mmWave_data/mmWave_power_1270.txt,./unit1/GPS_data/gps_location.txt,./unit2/GPS_data/gps_location_1270.txt,,2,15,['00-55-51-0'],0,17,G2 G6 G12 G17 G19 G24 G28 R12 R13 R22 R23 R24 E13 E15 E21 E27 E30,3D,Yes,1.2,0.7
1272,./unit1/camera_data/image_BS1_6722_00_55_51.jpg,./unit1/mmWave_data/mmWave_power_1271.txt,./unit1/GPS_data/gps_location.txt,./unit2/GPS_data/gps_location_1271.txt,,3,15,['00-55-51-125'],0,12,G2 G6 G12 G17 G19 G24 G28 R12 R13 R22 R23 R24,3D,Yes,1.3,0.7
1273,./unit1/camera_data/image_BS1_6723_00_55_51.jpg,./unit1/mmWave_data/mmWave_power_1272.txt,./unit1/GPS_data/gps_location.txt,./unit2/GPS_data/gps_location_1272.txt,,3,15,['00-55-51-250'],0,17,G2 G6 G12 G17 G19 G24 G28 R12 R13 R22 R23 R24 E13 E15 E21 E27 E30,3D,Yes,1.3,0.7
1274,./unit1/camera_data/image_BS1_6724_00_55_51.jpg,./unit1/mmWave_data/mmWave_power_1273.txt,./unit1/GPS_data/gps_location.txt,./unit2/GPS_data/gps_location_1273.txt,,2,15,['00-55-51-375'],0,17,G2 G6 G12 G17 G19 G24 G28 R12 R13 R22 R23 R24 E13 E15 E21 E27 E30,3D,Yes,1.2,0.7
1275,./unit1/camera_data/image_BS1_6725_00_55_51.jpg,./unit1/mmWave_data/mmWave_power_1274.txt,./unit1/GPS_data/gps_location.txt,./unit2/GPS_data/gps_location_1274.txt,,4,15,['00-55-51-500'],0,17,G2 G6 G12 G17 G19 G24 G28 R12 R13 R22 R23 R24 E13 E15 E21 E27 E30,3D,Yes,1.2,0.7
1276,./unit1/camera_data/image_BS1_6726_00_55_51.jpg,./unit1/mmWave_data/mmWave_power_1275.txt,./unit1/GPS_data/gps_location.txt,./unit2/GPS_data/gps_location_1275.txt,,5,15,['00-55-51-625'],0,12,G2 G6 G12 G17 G19 G24 G28 R12 R13 R22 R23 R24,3D,Yes,1.2,0.7
1277,./unit1/camera_data/image_BS1_6727_00_55_51.jpg,./unit1/mmWave_data/mmWave_power_1276.txt,./unit1/GPS_data/gps_location.txt,./unit2/GPS_data/gps_location_1276.txt,,3,15,['00-55-51-750'],0,22,G2 G6 G12 G17 G19 G24 G28 R12 R13 R22 R23 R24 E13 E15 E21 E27 E30 B11 B12 B24 B25 B26,3D,Yes,1.4,0.7
1278,./unit1/camera_data/image_BS1_6728_00_55_51.jpg,./unit1/mmWave_data/mmWave_power_1277.txt,./unit1/GPS_data/gps_location.txt,./unit2/GPS_data/gps_location_1277.txt,,3,15,['00-55-51-875'],0,7,G2 G6 G12 G17 G19 G24 G28,3D,Yes,1.3,0.7
1279,./unit1/camera_data/image_BS1_6729_00_55_52.jpg,./unit1/mmWave_data/mmWave_power_1278.txt,./unit1/GPS_data/gps_location.txt,./unit2/GPS_data/gps_location_1278.txt,,6,15,['00-55-52-0'],0,17,G2 G6 G12 G17 G19 G24 G28 R12 R13 R22 R23 R24 E13 E15 E21 E27 E30,3D,Yes,1.3,0.7
1280,./unit1/camera_data/image_BS1_6730_00_55_52.jpg,./unit1/mmWave_data/mmWave_power_1279.txt,./unit1/GPS_data/gps_location.txt,./unit2/GPS_data/gps_location_1279.txt,,6,15,['00-55-52-111'],0,12,G2 G6 G12 G17 G19 G24 G28 R12 R13 R22 R23 R24,3D,Yes,1.3,0.7
1281,./unit1/camera_data/image_BS1_6731_00_55_52.jpg,./unit1/mmWave_data/mmWave_power_1280.txt,./unit1/GPS_data/gps_location.txt,./unit2/GPS_data/gps_location_1280.txt,,6,15,['00-55-52-222'],0,17,G2 G6 G12 G17 G19 G24 G28 R12 R13 R22 R23 R24 E13 E15 E21 E27 E30,3D,Yes,1.1,0.6
1282,./unit1/camera_data/image_BS1_6732_00_55_52.jpg,./unit1/mmWave_data/mmWave_power_1281.txt,./unit1/GPS_data/gps_location.txt,./unit2/GPS_data/gps_location_1281.txt,,7,15,['00-55-52-333'],0,17,G2 G6 G12 G17 G19 G24 G28 R12 R13 R22 R23 R24 E13 E15 E21 E27 E30,3D,Yes,1.1,0.6
1283,./unit1/camera_data/image_BS1_6733_00_55_52.jpg,./unit1/mmWave_data/mmWave_power_1282.txt,./unit1/GPS_data/gps_location.txt,./unit2/GPS_data/gps_location_1282.txt,,7,15,['00-55-52-444'],0,22,G2 G6 G12 G17 G19 G24 G28 R12 R13 R22 R23 R24 E13 E15 E21 E27 E30 B11 B12 B24 B25 B26,3D,Yes,1.3,0.7
1284,./unit1/camera_data/image_BS1_6734_00_55_52.jpg,./unit1/mmWave_data/mmWave_power_1283.txt,./unit1/GPS_data/gps_location.txt,./unit2/GPS_data/gps_location_1283.txt,,6,15,['00-55-52-555'],0,17,G2 G6 G12 G17 G19 G24 G28 R12 R13 R22 R23 R24 E13 E15 E21 E27 E30,3D,Yes,1.3,0.7
1285,./unit1/camera_data/image_BS1_6735_00_55_52.jpg,./unit1/mmWave_data/mmWave_power_1284.txt,./unit1/GPS_data/gps_location.txt,./unit2/GPS_data/gps_location_1284.txt,,7,15,['00-55-52-666'],0,17,G2 G6 G12 G17 G19 G24 G28 R12 R13 R22 R23 R24 E13 E15 E21 E27 E30,3D,Yes,1.3,0.7
1286,./unit1/camera_data/image_BS1_6736_00_55_52.jpg,./unit1/mmWave_data/mmWave_power_1285.txt,./unit1/GPS_data/gps_location.txt,./unit2/GPS_data/gps_location_1285.txt,,10,15,['00-55-52-777'],0,17,G2 G6 G12 G17 G19 G24 G28 R12 R13 R22 R23 R24 E13 E15 E21 E27 E30,3D,Yes,1.3,0.7
1287,./unit1/camera_data/image_BS1_6737_00_55_52.jpg,./unit1/mmWave_data/mmWave_power_1286.txt,./unit1/GPS_data/gps_location.txt,./unit2/GPS_data/gps_location_1286.txt,,10,15,['00-55-52-888'],0,17,G2 G6 G12 G17 G19 G24 G28 R12 R13 R22 R23 R24 E13 E15 E21 E27 E30,3D,Yes,1.4,0.7
1288,./unit1/camera_data/image_BS1_6738_00_55_53.jpg,./unit1/mmWave_data/mmWave_power_1287.txt,./unit1/GPS_data/gps_location.txt,./unit2/GPS_data/gps_location_1287.txt,,10,15,['00-55-53-0'],0,12,G2 G6 G12 G17 G19 G24 G28 R12 R13 R22 R23 R24,3D,Yes,1.3,0.7
1289,./unit1/camera_data/image_BS1_6739_00_55_53.jpg,./unit1/mmWave_data/mmWave_power_1288.txt,./unit1/GPS_data/gps_location.txt,./unit2/GPS_data/gps_location_1288.txt,,10,15,['00-55-53-125'],0,12,G2 G6 G12 G17 G19 G24 G28 R12 R13 R22 R23 R24,3D,Yes,1.3,0.7
1290,./unit1/camera_data/image_BS1_6740_00_55_53.jpg,./unit1/mmWave_data/mmWave_power_1289.txt,./unit1/GPS_data/gps_location.txt,./unit2/GPS_data/gps_location_1289.txt,,10,15,['00-55-53-250'],0,22,G2 G6 G12 G17 G19 G24 G28 R12 R13 R22 R23 R24 E13 E15 E21 E27 E30 B11 B12 B24 B25 B26,3D,Yes,1.4,0.7
1291,./unit1/camera_data/image_BS1_6741_00_55_53.jpg,./unit1/mmWave_data/mmWave_power_1290.txt,./unit1/GPS_data/gps_location.txt,./unit2/GPS_data/gps_location_1290.txt,,10,15,['00-55-53-375'],0,17,G2 G6 G12 G17 G19 G24 G28 R12 R13 R22 R23 R24 E13 E15 E21 E27 E30,3D,Yes,1.4,0.7
1292,./unit1/camera_data/image_BS1_6742_00_55_53.jpg,./unit1/mmWave_data/mmWave_power_1291.txt,./unit1/GPS_data/gps_location.txt,./unit2/GPS_data/gps_location_1291.txt,,11,15,['00-55-53-500'],0,17,G2 G6 G12 G17 G19 G24 G28 R12 R13 R22 R23 R24 E13 E15 E21 E27 E30,3D,Yes,1.5,0.8
1293,./unit1/camera_data/image_BS1_6743_00_55_53.jpg,./unit1/mmWave_data/mmWave_power_1292.txt,./unit1/GPS_data/gps_location.txt,./unit2/GPS_data/gps_location_1292.txt,,13,15,['00-55-53-625'],0,12,G2 G6 G12 G17 G19 G24 G28 R12 R13 R22 R23 R24,3D,Yes,1.3,0.7
1294,./unit1/camera_data/image_BS1_6744_00_55_53.jpg,./unit1/mmWave_data/mmWave_power_1293.txt,./unit1/GPS_data/gps_location.txt,./unit2/GPS_data/gps_location_1293.txt,,13,15,['00-55-53-750'],0,17,G2 G6 G12 G17 G19 G24 G28 R12 R13 R22 R23 R24 E13 E15 E21 E27 E30,3D,Yes,1.5,0.8
1295,./unit1/camera_data/image_BS1_6745_00_55_53.jpg,./unit1/mmWave_data/mmWave_power_1294.txt,./unit1/GPS_data/gps_location.txt,./unit2/GPS_data/gps_location_1294.txt,,13,15,['00-55-53-875'],0,12,G2 G6 G12 G17 G19 G24 G28 R12 R13 R22 R23 R24,3D,Yes,1.5,0.8
1296,./unit1/camera_data/image_BS1_6746_00_55_54.jpg,./unit1/mmWave_data/mmWave_power_1295.txt,./unit1/GPS_data/gps_location.txt,./unit2/GPS_data/gps_location_1295.txt,,13,15,['00-55-54-0'],0,17,G2 G6 G12 G17 G19 G24 G28 R12 R13 R22 R23 R24 E13 E15 E21 E27 E30,3D,Yes,1.5,0.8
1297,./unit1/camera_data/image_BS1_6747_00_55_54.jpg,./unit1/mmWave_data/mmWave_power_1296.txt,./unit1/GPS_data/gps_location.txt,./unit2/GPS_data/gps_location_1296.txt,,13,15,['00-55-54-333'],0,17,G2 G6 G12 G17 G19 G24 G28 R12 R13 R22 R23 R24 E13 E15 E21 E27 E30,3D,Yes,1.5,0.8
1298,./unit1/camera_data/image_BS1_6748_00_55_54.jpg,./unit1/mmWave_data/mmWave_power_1297.txt,./unit1/GPS_data/gps_location.txt,./unit2/GPS_data/gps_location_1297.txt,,21,15,['00-55-54-666'],0,12,G2 G6 G12 G17 G19 G24 G28 R12 R13 R22 R23 R24,3D,Yes,1.4,0.7
1299,./unit1/camera_data/image_BS1_6749_00_55_56.jpg,./unit1/mmWave_data/mmWave_power_1298.txt,./unit1/GPS_data/gps_location.txt,./unit2/GPS_data/gps_location_1298.txt,,21,15,['00-55-56-0'],0,17,G2 G6 G12 G17 G19 G24 G28 R12 R13 R22 R23 R24 E13 E15 E21 E27 E30,3D,Yes,1.4,0.7
1300,./unit1/camera_data/image_BS1_6750_00_55_56.jpg,./unit1/mmWave_data/mmWave_power_1299.txt,./unit1/GPS_data/gps_location.txt,./unit2/GPS_data/gps_location_1299.txt,,21,15,['00-55-56-500'],0,12,G2 G6 G12 G17 G19 G24 G28 R12 R13 R22 R23 R24,3D,Yes,1.4,0.7
1301,./unit1/camera_data/image_BS1_6751_00_55_57.jpg,./unit1/mmWave_data/mmWave_power_1300.txt,./unit1/GPS_data/gps_location.txt,./unit2/GPS_data/gps_location_1300.txt,,21,15,['00-55-57-0'],0,12,G2 G6 G12 G17 G19 G24 G28 R12 R13 R22 R23 R24,3D,Yes,1.4,0.7
1302,./unit1/camera_data/image_BS1_6752_00_55_57.jpg,./unit1/mmWave_data/mmWave_power_1301.txt,./unit1/GPS_data/gps_location.txt,./unit2/GPS_data/gps_location_1301.txt,,21,15,['00-55-57-111'],0,17,G2 G6 G12 G17 G19 G24 G28 R12 R13 R22 R23 R24 E13 E15 E21 E27 E30,3D,Yes,1.4,0.7
1303,./unit1/camera_data/image_BS1_6753_00_55_57.jpg,./unit1/mmWave_data/mmWave_power_1302.txt,./unit1/GPS_data/gps_location.txt,./unit2/GPS_data/gps_location_1302.txt,,21,15,['00-55-57-222'],0,17,G2 G6 G12 G17 G19 G24 G28 R12 R13 R22 R23 R24 E13 E15 E21 E27 E30,3D,Yes,1.4,0.7
1304,./unit1/camera_data/image_BS1_6754_00_55_57.jpg,./unit1/mmWave_data/mmWave_power_1303.txt,./unit1/GPS_data/gps_location.txt,./unit2/GPS_data/gps_location_1303.txt,,22,15,['00-55-57-333'],0,22,G2 G6 G12 G17 G19 G24 G28 R12 R13 R22 R23 R24 E13 E15 E21 E27 E30 B11 B12 B24 B25 B26,3D,Yes,1.4,0.7
1305,./unit1/camera_data/image_BS1_6755_00_55_57.jpg,./unit1/mmWave_data/mmWave_power_1304.txt,./unit1/GPS_data/gps_location.txt,./unit2/GPS_data/gps_location_1304.txt,,22,15,['00-55-57-444'],0,12,G2 G6 G12 G17 G19 G24 G28 R12 R13 R22 R23 R24,3D,Yes,1.4,0.7
1306,./unit1/camera_data/image_BS1_6756_00_55_57.jpg,./unit1/mmWave_data/mmWave_power_1305.txt,./unit1/GPS_data/gps_location.txt,./unit2/GPS_data/gps_location_1305.txt,,22,15,['00-55-57-555'],0,22,G2 G6 G12 G17 G19 G24 G28 R12 R13 R22 R23 R24 E13 E15 E21 E27 E30 B11 B12 B24 B25 B26,3D,Yes,1.4,0.7
1307,./unit1/camera_data/image_BS1_6757_00_55_57.jpg,./unit1/mmWave_data/mmWave_power_1306.txt,./unit1/GPS_data/gps_location.txt,./unit2/GPS_data/gps_location_1306.txt,,22,15,['00-55-57-666'],0,17,G2 G6 G12 G17 G19 G24 G28 R12 R13 R22 R23 R24 E13 E15 E21 E27 E30,3D,Yes,1.4,0.7
1308,./unit1/camera_data/image_BS1_6758_00_55_57.jpg,./unit1/mmWave_data/mmWave_power_1307.txt,./unit1/GPS_data/gps_location.txt,./unit2/GPS_data/gps_location_1307.txt,,22,15,['00-55-57-777'],0,17,G2 G6 G12 G17 G19 G24 G28 R12 R13 R22 R23 R24 E13 E15 E21 E27 E30,3D,Yes,1.4,0.7
1309,./unit1/camera_data/image_BS1_6759_00_55_57.jpg,./unit1/mmWave_data/mmWave_power_1308.txt,./unit1/GPS_data/gps_location.txt,./unit2/GPS_data/gps_location_1308.txt,,22,15,['00-55-57-888'],0,17,G2 G6 G12 G17 G19 G24 G28 R12 R13 R22 R23 R24 E13 E15 E21 E27 E30,3D,Yes,1.4,0.7
1310,./unit1/camera_data/image_BS1_6760_00_55_58.jpg,./unit1/mmWave_data/mmWave_power_1309.txt,./unit1/GPS_data/gps_location.txt,./unit2/GPS_data/gps_location_1309.txt,,22,15,['00-55-58-0'],0,22,G2 G6 G12 G17 G19 G24 G28 R12 R13 R22 R23 R24 E13 E15 E21 E27 E30 B11 B12 B24 B25 B26,3D,Yes,1.4,0.7
1311,./unit1/camera_data/image_BS1_6761_00_55_58.jpg,./unit1/mmWave_data/mmWave_power_1310.txt,./unit1/GPS_data/gps_location.txt,./unit2/GPS_data/gps_location_1310.txt,,22,15,['00-55-58-111'],0,22,G2 G6 G12 G17 G19 G24 G28 R12 R13 R22 R23 R24 E13 E15 E21 E27 E30 B11 B12 B24 B25 B26,3D,Yes,1.4,0.7
1312,./unit1/camera_data/image_BS1_6762_00_55_58.jpg,./unit1/mmWave_data/mmWave_power_1311.txt,./unit1/GPS_data/gps_location.txt,./unit2/GPS_data/gps_location_1311.txt,,22,15,['00-55-58-222'],0,22,G2 G6 G12 G17 G19 G24 G28 R12 R13 R22 R23 R24 E13 E15 E21 E27 E30 B11 B12 B24 B25 B26,3D,Yes,1.4,0.7
1313,./unit1/camera_data/image_BS1_6763_00_55_58.jpg,./unit1/mmWave_data/mmWave_power_1312.txt,./unit1/GPS_data/gps_location.txt,./unit2/GPS_data/gps_location_1312.txt,,22,15,['00-55-58-333'],0,22,G2 G6 G12 G17 G19 G24 G28 R12 R13 R22 R23 R24 E13 E15 E21 E27 E30 B11 B12 B24 B25 B26,3D,Yes,1.4,0.7
1314,./unit1/camera_data/image_BS1_6764_00_55_58.jpg,./unit1/mmWave_data/mmWave_power_1313.txt,./unit1/GPS_data/gps_location.txt,./unit2/GPS_data/gps_location_1313.txt,,22,15,['00-55-58-444'],0,22,G2 G6 G12 G17 G19 G24 G28 R12 R13 R22 R23 R24 E13 E15 E21 E27 E30 B11 B12 B24 B25 B26,3D,Yes,1.4,0.7
1315,./unit1/camera_data/image_BS1_6765_00_55_58.jpg,./unit1/mmWave_data/mmWave_power_1314.txt,./unit1/GPS_data/gps_location.txt,./unit2/GPS_data/gps_location_1314.txt,,21,15,['00-55-58-555'],0,22,G2 G6 G12 G17 G19 G24 G28 R12 R13 R22 R23 R24 E13 E15 E21 E27 E30 B11 B12 B24 B25 B26,3D,Yes,1.4,0.7
1316,./unit1/camera_data/image_BS1_6766_00_55_58.jpg,./unit1/mmWave_data/mmWave_power_1315.txt,./unit1/GPS_data/gps_location.txt,./unit2/GPS_data/gps_location_1315.txt,,21,15,['00-55-58-666'],0,22,G2 G6 G12 G17 G19 G24 G28 R12 R13 R22 R23 R24 E13 E15 E21 E27 E30 B11 B12 B24 B25 B26,3D,Yes,1.4,0.7
1317,./unit1/camera_data/image_BS1_6767_00_55_58.jpg,./unit1/mmWave_data/mmWave_power_1316.txt,./unit1/GPS_data/gps_location.txt,./unit2/GPS_data/gps_location_1316.txt,,22,15,['00-55-58-777'],0,22,G2 G6 G12 G17 G19 G24 G28 R12 R13 R22 R23 R24 E13 E15 E21 E27 E30 B11 B12 B24 B25 B26,3D,Yes,1.4,0.7
1318,./unit1/camera_data/image_BS1_6768_00_55_58.jpg,./unit1/mmWave_data/mmWave_power_1317.txt,./unit1/GPS_data/gps_location.txt,./unit2/GPS_data/gps_location_1317.txt,,22,15,['00-55-58-888'],0,17,G2 G6 G12 G17 G19 G24 G28 R12 R13 R22 R23 R24 E13 E15 E21 E27 E30,3D,Yes,1.4,0.7
1319,./unit1/camera_data/image_BS1_6769_00_55_59.jpg,./unit1/mmWave_data/mmWave_power_1318.txt,./unit1/GPS_data/gps_location.txt,./unit2/GPS_data/gps_location_1318.txt,,22,15,['00-55-59-0'],0,17,G2 G6 G12 G17 G19 G24 G28 R12 R13 R22 R23 R24 E13 E15 E21 E27 E30,3D,Yes,1.4,0.7
1320,./unit1/camera_data/image_BS1_6770_00_55_59.jpg,./unit1/mmWave_data/mmWave_power_1319.txt,./unit1/GPS_data/gps_location.txt,./unit2/GPS_data/gps_location_1319.txt,,22,15,['00-55-59-200'],0,17,G2 G6 G12 G17 G19 G24 G28 R12 R13 R22 R23 R24 E13 E15 E21 E27 E30,3D,Yes,1.4,0.7
1321,./unit1/camera_data/image_BS1_6771_00_55_59.jpg,./unit1/mmWave_data/mmWave_power_1320.txt,./unit1/GPS_data/gps_location.txt,./unit2/GPS_data/gps_location_1320.txt,,22,15,['00-55-59-400'],0,17,G2 G6 G12 G17 G19 G24 G28 R12 R13 R22 R23 R24 E13 E15 E21 E27 E30,3D,Yes,1.4,0.7
1322,./unit1/camera_data/image_BS1_6772_00_55_59.jpg,./unit1/mmWave_data/mmWave_power_1321.txt,./unit1/GPS_data/gps_location.txt,./unit2/GPS_data/gps_location_1321.txt,,22,15,['00-55-59-600'],0,17,G2 G6 G12 G17 G19 G24 G28 R12 R13 R22 R23 R24 E13 E15 E21 E27 E30,3D,Yes,1.4,0.7
1323,./unit1/camera_data/image_BS1_6773_00_55_59.jpg,./unit1/mmWave_data/mmWave_power_1322.txt,./unit1/GPS_data/gps_location.txt,./unit2/GPS_data/gps_location_1322.txt,,22,15,['00-55-59-800'],0,17,G2 G6 G12 G17 G19 G24 G28 R12 R13 R22 R23 R24 E13 E15 E21 E27 E30,3D,Yes,1.4,0.7
1324,./unit1/camera_data/image_BS1_6774_00_56_03.jpg,./unit1/mmWave_data/mmWave_power_1323.txt,./unit1/GPS_data/gps_location.txt,./unit2/GPS_data/gps_location_1323.txt,,36,15,['00-56-03-0'],0,11,G2 G6 G12 G17 G19 G24 R12 R13 R22 R23 R24,3D,Yes,1.5,0.8
1325,./unit1/camera_data/image_BS1_6775_00_56_04.jpg,./unit1/mmWave_data/mmWave_power_1324.txt,./unit1/GPS_data/gps_location.txt,./unit2/GPS_data/gps_location_1324.txt,,39,15,['00-56-04-0'],0,16,G2 G6 G12 G17 G19 G24 R12 R13 R22 R23 R24 E13 E15 E21 E27 E30,3D,Yes,1.8,0.8
1326,./unit1/camera_data/image_BS1_6776_00_56_04.jpg,./unit1/mmWave_data/mmWave_power_1325.txt,./unit1/GPS_data/gps_location.txt,./unit2/GPS_data/gps_location_1325.txt,,40,15,['00-56-04-142'],0,16,G2 G6 G12 G17 G19 G24 R12 R13 R22 R23 R24 E13 E15 E21 E27 E30,3D,Yes,1.5,0.8
1327,./unit1/camera_data/image_BS1_6777_00_56_04.jpg,./unit1/mmWave_data/mmWave_power_1326.txt,./unit1/GPS_data/gps_location.txt,./unit2/GPS_data/gps_location_1326.txt,,41,15,['00-56-04-284'],0,16,G2 G6 G12 G17 G19 G24 R12 R13 R22 R23 R24 E13 E15 E21 E27 E30,3D,Yes,1.8,0.8
1328,./unit1/camera_data/image_BS1_6778_00_56_04.jpg,./unit1/mmWave_data/mmWave_power_1327.txt,./unit1/GPS_data/gps_location.txt,./unit2/GPS_data/gps_location_1327.txt,,42,15,['00-56-04-426'],0,16,G2 G6 G12 G17 G19 G24 R12 R13 R22 R23 R24 E13 E15 E21 E27 E30,3D,Yes,1.8,0.8
1329,./unit1/camera_data/image_BS1_6779_00_56_04.jpg,./unit1/mmWave_data/mmWave_power_1328.txt,./unit1/GPS_data/gps_location.txt,./unit2/GPS_data/gps_location_1328.txt,,42,15,['00-56-04-568'],0,16,G2 G6 G12 G17 G19 G24 R12 R13 R22 R23 R24 E13 E15 E21 E27 E30,3D,Yes,1.8,0.8
1330,./unit1/camera_data/image_BS1_6780_00_56_04.jpg,./unit1/mmWave_data/mmWave_power_1329.txt,./unit1/GPS_data/gps_location.txt,./unit2/GPS_data/gps_location_1329.txt,,44,15,['00-56-04-710'],0,11,G2 G6 G12 G17 G19 G24 R12 R13 R22 R23 R24,3D,Yes,1.8,0.8
1331,./unit1/camera_data/image_BS1_6781_00_56_04.jpg,./unit1/mmWave_data/mmWave_power_1330.txt,./unit1/GPS_data/gps_location.txt,./unit2/GPS_data/gps_location_1330.txt,,45,15,['00-56-04-852'],0,11,G2 G6 G12 G17 G19 G24 R12 R13 R22 R23 R24,3D,Yes,1.8,0.8
1332,./unit1/camera_data/image_BS1_6782_00_56_05.jpg,./unit1/mmWave_data/mmWave_power_1331.txt,./unit1/GPS_data/gps_location.txt,./unit2/GPS_data/gps_location_1331.txt,,45,15,['00-56-05-0'],0,21,G2 G6 G12 G17 G19 G24 R12 R13 R22 R23 R24 E13 E15 E21 E27 E30 B11 B12 B24 B25 B26,3D,Yes,1.5,0.8
1333,./unit1/camera_data/image_BS1_6783_00_56_05.jpg,./unit1/mmWave_data/mmWave_power_1332.txt,./unit1/GPS_data/gps_location.txt,./unit2/GPS_data/gps_location_1332.txt,,47,15,['00-56-05-111'],0,11,G2 G6 G12 G17 G19 G24 R12 R13 R22 R23 R24,3D,Yes,1.5,0.8
1334,./unit1/camera_data/image_BS1_6784_00_56_05.jpg,./unit1/mmWave_data/mmWave_power_1333.txt,./unit1/GPS_data/gps_location.txt,./unit2/GPS_data/gps_location_1333.txt,,48,15,['00-56-05-222'],0,16,G2 G6 G12 G17 G19 G24 R12 R13 R22 R23 R24 E13 E15 E21 E27 E30,3D,Yes,1.5,0.8
1335,./unit1/camera_data/image_BS1_6785_00_56_05.jpg,./unit1/mmWave_data/mmWave_power_1334.txt,./unit1/GPS_data/gps_location.txt,./unit2/GPS_data/gps_location_1334.txt,,48,15,['00-56-05-333'],0,16,G2 G6 G12 G17 G19 G24 R12 R13 R22 R23 R24 E13 E15 E21 E27 E30,3D,Yes,1.5,0.8
1336,./unit1/camera_data/image_BS1_6786_00_56_05.jpg,./unit1/mmWave_data/mmWave_power_1335.txt,./unit1/GPS_data/gps_location.txt,./unit2/GPS_data/gps_location_1335.txt,,48,15,['00-56-05-444'],0,16,G2 G6 G12 G17 G19 G24 R12 R13 R22 R23 R24 E13 E15 E21 E27 E30,3D,Yes,1.5,0.8
1337,./unit1/camera_data/image_BS1_6787_00_56_05.jpg,./unit1/mmWave_data/mmWave_power_1336.txt,./unit1/GPS_data/gps_location.txt,./unit2/GPS_data/gps_location_1336.txt,,49,15,['00-56-05-555'],0,16,G2 G6 G12 G17 G19 G24 R12 R13 R22 R23 R24 E13 E15 E21 E27 E30,3D,Yes,1.5,0.8
1338,./unit1/camera_data/image_BS1_6788_00_56_05.jpg,./unit1/mmWave_data/mmWave_power_1337.txt,./unit1/GPS_data/gps_location.txt,./unit2/GPS_data/gps_location_1337.txt,,51,15,['00-56-05-666'],0,16,G2 G6 G12 G17 G19 G24 R12 R13 R22 R23 R24 E13 E15 E21 E27 E30,3D,Yes,1.5,0.8
1339,./unit1/camera_data/image_BS1_6789_00_56_05.jpg,./unit1/mmWave_data/mmWave_power_1338.txt,./unit1/GPS_data/gps_location.txt,./unit2/GPS_data/gps_location_1338.txt,,51,15,['00-56-05-777'],0,16,G2 G6 G12 G17 G19 G24 R12 R13 R22 R23 R24 E13 E15 E21 E27 E30,3D,Yes,1.5,0.8
1340,./unit1/camera_data/image_BS1_6790_00_56_05.jpg,./unit1/mmWave_data/mmWave_power_1339.txt,./unit1/GPS_data/gps_location.txt,./unit2/GPS_data/gps_location_1339.txt,,51,15,['00-56-05-888'],0,11,G2 G6 G12 G17 G19 G24 R12 R13 R22 R23 R24,3D,Yes,1.8,0.8
1341,./unit1/camera_data/image_BS1_6791_00_56_06.jpg,./unit1/mmWave_data/mmWave_power_1340.txt,./unit1/GPS_data/gps_location.txt,./unit2/GPS_data/gps_location_1340.txt,,54,15,['00-56-06-0'],0,11,G2 G6 G12 G17 G19 G24 R12 R13 R22 R23 R24,3D,Yes,1.8,0.8
1342,./unit1/camera_data/image_BS1_6792_00_56_06.jpg,./unit1/mmWave_data/mmWave_power_1341.txt,./unit1/GPS_data/gps_location.txt,./unit2/GPS_data/gps_location_1341.txt,,54,15,['00-56-06-111'],0,16,G2 G6 G12 G17 G19 G24 R12 R13 R22 R23 R24 E13 E15 E21 E27 E30,3D,Yes,1.8,0.8
1343,./unit1/camera_data/image_BS1_6793_00_56_06.jpg,./unit1/mmWave_data/mmWave_power_1342.txt,./unit1/GPS_data/gps_location.txt,./unit2/GPS_data/gps_location_1342.txt,,55,15,['00-56-06-222'],0,16,G2 G6 G12 G17 G19 G24 R12 R13 R22 R23 R24 E13 E15 E21 E27 E30,3D,Yes,1.5,0.8
1344,./unit1/camera_data/image_BS1_6794_00_56_06.jpg,./unit1/mmWave_data/mmWave_power_1343.txt,./unit1/GPS_data/gps_location.txt,./unit2/GPS_data/gps_location_1343.txt,,55,15,['00-56-06-333'],0,16,G2 G6 G12 G17 G19 G24 R12 R13 R22 R23 R24 E13 E15 E21 E27 E30,3D,Yes,1.5,0.8
1345,./unit1/camera_data/image_BS1_6795_00_56_06.jpg,./unit1/mmWave_data/mmWave_power_1344.txt,./unit1/GPS_data/gps_location.txt,./unit2/GPS_data/gps_location_1344.txt,,58,15,['00-56-06-444'],0,16,G2 G6 G12 G17 G19 G24 R12 R13 R22 R23 R24 E13 E15 E21 E27 E30,3D,Yes,1.5,0.8
1346,./unit1/camera_data/image_BS1_6796_00_56_06.jpg,./unit1/mmWave_data/mmWave_power_1345.txt,./unit1/GPS_data/gps_location.txt,./unit2/GPS_data/gps_location_1345.txt,,57,15,['00-56-06-555'],0,11,G2 G6 G12 G17 G19 G24 R12 R13 R22 R23 R24,3D,Yes,1.5,0.8
1347,./unit1/camera_data/image_BS1_6797_00_56_06.jpg,./unit1/mmWave_data/mmWave_power_1346.txt,./unit1/GPS_data/gps_location.txt,./unit2/GPS_data/gps_location_1346.txt,,57,15,['00-56-06-666'],0,21,G2 G6 G12 G17 G19 G24 R12 R13 R22 R23 R24 E13 E15 E21 E27 E30 B11 B12 B24 B25 B26,3D,Yes,1.5,0.8
1348,./unit1/camera_data/image_BS1_6798_00_56_06.jpg,./unit1/mmWave_data/mmWave_power_1347.txt,./unit1/GPS_data/gps_location.txt,./unit2/GPS_data/gps_location_1347.txt,,58,15,['00-56-06-777'],0,16,G2 G6 G12 G17 G19 G24 R12 R13 R22 R23 R24 E13 E15 E21 E27 E30,3D,Yes,1.5,0.8
1349,./unit1/camera_data/image_BS1_6799_00_56_06.jpg,./unit1/mmWave_data/mmWave_power_1348.txt,./unit1/GPS_data/gps_location.txt,./unit2/GPS_data/gps_location_1348.txt,,59,15,['00-56-06-888'],0,11,G2 G6 G12 G17 G19 G24 R12 R13 R22 R23 R24,3D,Yes,1.5,0.8
1350,./unit1/camera_data/image_BS1_6800_00_56_07.jpg,./unit1/mmWave_data/mmWave_power_1349.txt,./unit1/GPS_data/gps_location.txt,./unit2/GPS_data/gps_location_1349.txt,,60,15,['00-56-07-0'],0,21,G2 G6 G12 G17 G19 G24 R12 R13 R22 R23 R24 E13 E15 E21 E27 E30 B11 B12 B24 B25 B26,3D,Yes,1.5,0.8
1351,./unit1/camera_data/image_BS1_6801_00_56_07.jpg,./unit1/mmWave_data/mmWave_power_1350.txt,./unit1/GPS_data/gps_location.txt,./unit2/GPS_data/gps_location_1350.txt,,61,15,['00-56-07-500'],0,11,G2 G6 G12 G17 G19 G24 R12 R13 R22 R23 R24,3D,Yes,1.5,0.8
1352,./unit1/camera_data/image_BS1_7036_00_56_43.jpg,./unit1/mmWave_data/mmWave_power_1351.txt,./unit1/GPS_data/gps_location.txt,./unit2/GPS_data/gps_location_1351.txt,,57,16,['00-56-43-0'],1,16,G2 G6 G12 G17 G19 G24 R12 R13 R22 R23 R24 E13 E15 E21 E27 E30,3D,Yes,1.4,0.7
1353,./unit1/camera_data/image_BS1_7037_00_56_43.jpg,./unit1/mmWave_data/mmWave_power_1352.txt,./unit1/GPS_data/gps_location.txt,./unit2/GPS_data/gps_location_1352.txt,,55,16,['00-56-43-250'],1,16,G2 G6 G12 G17 G19 G24 R12 R13 R22 R23 R24 E13 E15 E21 E27 E30,3D,Yes,1.4,0.7
1354,./unit1/camera_data/image_BS1_7038_00_56_43.jpg,./unit1/mmWave_data/mmWave_power_1353.txt,./unit1/GPS_data/gps_location.txt,./unit2/GPS_data/gps_location_1353.txt,,54,16,['00-56-43-500'],1,16,G2 G6 G12 G17 G19 G24 R12 R13 R22 R23 R24 E13 E15 E21 E27 E30,3D,Yes,1.4,0.7
1355,./unit1/camera_data/image_BS1_7039_00_56_43.jpg,./unit1/mmWave_data/mmWave_power_1354.txt,./unit1/GPS_data/gps_location.txt,./unit2/GPS_data/gps_location_1354.txt,,54,16,['00-56-43-750'],1,16,G2 G6 G12 G17 G19 G24 R12 R13 R22 R23 R24 E13 E15 E21 E27 E30,3D,Yes,1.4,0.7
1356,./unit1/camera_data/image_BS1_7040_00_56_44.jpg,./unit1/mmWave_data/mmWave_power_1355.txt,./unit1/GPS_data/gps_location.txt,./unit2/GPS_data/gps_location_1355.txt,,54,16,['00-56-44-0'],1,16,G2 G6 G12 G17 G19 G24 R12 R13 R22 R23 R24 E13 E15 E21 E27 E30,3D,Yes,1.4,0.7
1357,./unit1/camera_data/image_BS1_7041_00_56_44.jpg,./unit1/mmWave_data/mmWave_power_1356.txt,./unit1/GPS_data/gps_location.txt,./unit2/GPS_data/gps_location_1356.txt,,54,16,['00-56-44-125'],1,16,G2 G6 G12 G17 G19 G24 R12 R13 R22 R23 R24 E13 E15 E21 E27 E30,3D,Yes,1.4,0.7
1358,./unit1/camera_data/image_BS1_7042_00_56_44.jpg,./unit1/mmWave_data/mmWave_power_1357.txt,./unit1/GPS_data/gps_location.txt,./unit2/GPS_data/gps_location_1357.txt,,51,16,['00-56-44-250'],1,16,G2 G6 G12 G17 G19 G24 R12 R13 R22 R23 R24 E13 E15 E21 E27 E30,3D,Yes,1.4,0.7
1359,./unit1/camera_data/image_BS1_7043_00_56_44.jpg,./unit1/mmWave_data/mmWave_power_1358.txt,./unit1/GPS_data/gps_location.txt,./unit2/GPS_data/gps_location_1358.txt,,54,16,['00-56-44-375'],1,21,G2 G6 G12 G17 G19 G24 R12 R13 R22 R23 R24 E13 E15 E21 E27 E30 B11 B12 B24 B25 B26,3D,Yes,1.4,0.7
1360,./unit1/camera_data/image_BS1_7044_00_56_44.jpg,./unit1/mmWave_data/mmWave_power_1359.txt,./unit1/GPS_data/gps_location.txt,./unit2/GPS_data/gps_location_1359.txt,,51,16,['00-56-44-500'],1,11,G2 G6 G12 G17 G19 G24 R12 R13 R22 R23 R24,3D,Yes,1.4,0.7
1361,./unit1/camera_data/image_BS1_7045_00_56_44.jpg,./unit1/mmWave_data/mmWave_power_1360.txt,./unit1/GPS_data/gps_location.txt,./unit2/GPS_data/gps_location_1360.txt,,49,16,['00-56-44-625'],1,16,G2 G6 G12 G17 G19 G24 R12 R13 R22 R23 R24 E13 E15 E21 E27 E30,3D,Yes,1.5,0.8
1362,./unit1/camera_data/image_BS1_7046_00_56_44.jpg,./unit1/mmWave_data/mmWave_power_1361.txt,./unit1/GPS_data/gps_location.txt,./unit2/GPS_data/gps_location_1361.txt,,47,16,['00-56-44-750'],1,16,G2 G6 G12 G17 G19 G24 R12 R13 R22 R23 R24 E13 E15 E21 E27 E30,3D,Yes,1.5,0.8
1363,./unit1/camera_data/image_BS1_7047_00_56_44.jpg,./unit1/mmWave_data/mmWave_power_1362.txt,./unit1/GPS_data/gps_location.txt,./unit2/GPS_data/gps_location_1362.txt,,48,16,['00-56-44-875'],1,11,G2 G6 G12 G17 G19 G24 R12 R13 R22 R23 R24,3D,Yes,1.4,0.7
1364,./unit1/camera_data/image_BS1_7048_00_56_45.jpg,./unit1/mmWave_data/mmWave_power_1363.txt,./unit1/GPS_data/gps_location.txt,./unit2/GPS_data/gps_location_1363.txt,,47,16,['00-56-45-0'],1,21,G2 G6 G12 G17 G19 G24 R12 R13 R22 R23 R24 E13 E15 E21 E27 E30 B11 B12 B24 B25 B26,3D,Yes,1.5,0.8
1365,./unit1/camera_data/image_BS1_7049_00_56_45.jpg,./unit1/mmWave_data/mmWave_power_1364.txt,./unit1/GPS_data/gps_location.txt,./unit2/GPS_data/gps_location_1364.txt,,46,16,['00-56-45-125'],1,16,G2 G6 G12 G17 G19 G24 R12 R13 R22 R23 R24 E13 E15 E21 E27 E30,3D,Yes,1.5,0.8
1366,./unit1/camera_data/image_BS1_7050_00_56_45.jpg,./unit1/mmWave_data/mmWave_power_1365.txt,./unit1/GPS_data/gps_location.txt,./unit2/GPS_data/gps_location_1365.txt,,45,16,['00-56-45-250'],1,16,G2 G6 G12 G17 G19 G24 R12 R13 R22 R23 R24 E13 E15 E21 E27 E30,3D,Yes,1.5,0.8
1367,./unit1/camera_data/image_BS1_7051_00_56_45.jpg,./unit1/mmWave_data/mmWave_power_1366.txt,./unit1/GPS_data/gps_location.txt,./unit2/GPS_data/gps_location_1366.txt,,44,16,['00-56-45-375'],1,16,G2 G6 G12 G17 G19 G24 R12 R13 R22 R23 R24 E13 E15 E21 E27 E30,3D,Yes,1.8,0.8
1368,./unit1/camera_data/image_BS1_7052_00_56_45.jpg,./unit1/mmWave_data/mmWave_power_1367.txt,./unit1/GPS_data/gps_location.txt,./unit2/GPS_data/gps_location_1367.txt,,43,16,['00-56-45-500'],1,16,G2 G6 G12 G17 G19 G24 R12 R13 R22 R23 R24 E13 E15 E21 E27 E30,3D,Yes,1.8,0.8
1369,./unit1/camera_data/image_BS1_7053_00_56_45.jpg,./unit1/mmWave_data/mmWave_power_1368.txt,./unit1/GPS_data/gps_location.txt,./unit2/GPS_data/gps_location_1368.txt,,43,16,['00-56-45-625'],1,16,G2 G6 G12 G17 G19 G24 R12 R13 R22 R23 R24 E13 E15 E21 E27 E30,3D,Yes,1.8,0.8
1370,./unit1/camera_data/image_BS1_7054_00_56_45.jpg,./unit1/mmWave_data/mmWave_power_1369.txt,./unit1/GPS_data/gps_location.txt,./unit2/GPS_data/gps_location_1369.txt,,42,16,['00-56-45-750'],1,16,G2 G6 G12 G17 G19 G24 R12 R13 R22 R23 R24 E13 E15 E21 E27 E30,3D,Yes,1.5,0.8
1371,./unit1/camera_data/image_BS1_7055_00_56_45.jpg,./unit1/mmWave_data/mmWave_power_1370.txt,./unit1/GPS_data/gps_location.txt,./unit2/GPS_data/gps_location_1370.txt,,39,16,['00-56-45-875'],1,16,G2 G6 G12 G17 G19 G24 R12 R13 R22 R23 R24 E13 E15 E21 E27 E30,3D,Yes,1.5,0.8
1372,./unit1/camera_data/image_BS1_7056_00_56_46.jpg,./unit1/mmWave_data/mmWave_power_1371.txt,./unit1/GPS_data/gps_location.txt,./unit2/GPS_data/gps_location_1371.txt,,39,16,['00-56-46-0'],1,21,G2 G6 G12 G17 G19 G24 R12 R13 R22 R23 R24 E13 E15 E21 E27 E30 B11 B12 B24 B25 B26,3D,Yes,1.5,0.8
1373,./unit1/camera_data/image_BS1_7057_00_56_46.jpg,./unit1/mmWave_data/mmWave_power_1372.txt,./unit1/GPS_data/gps_location.txt,./unit2/GPS_data/gps_location_1372.txt,,39,16,['00-56-46-111'],1,16,G2 G6 G12 G17 G19 G24 R12 R13 R22 R23 R24 E13 E15 E21 E27 E30,3D,Yes,1.8,0.8
1374,./unit1/camera_data/image_BS1_7058_00_56_46.jpg,./unit1/mmWave_data/mmWave_power_1373.txt,./unit1/GPS_data/gps_location.txt,./unit2/GPS_data/gps_location_1373.txt,,38,16,['00-56-46-222'],1,16,G2 G6 G12 G17 G19 G24 R12 R13 R22 R23 R24 E13 E15 E21 E27 E30,3D,Yes,1.6,0.8
1375,./unit1/camera_data/image_BS1_7059_00_56_46.jpg,./unit1/mmWave_data/mmWave_power_1374.txt,./unit1/GPS_data/gps_location.txt,./unit2/GPS_data/gps_location_1374.txt,,37,16,['00-56-46-333'],1,16,G2 G6 G12 G17 G19 G24 R12 R13 R22 R23 R24 E13 E15 E21 E27 E30,3D,Yes,1.6,0.8
1376,./unit1/camera_data/image_BS1_7060_00_56_46.jpg,./unit1/mmWave_data/mmWave_power_1375.txt,./unit1/GPS_data/gps_location.txt,./unit2/GPS_data/gps_location_1375.txt,,37,16,['00-56-46-444'],1,16,G2 G6 G12 G17 G19 G24 R12 R13 R22 R23 R24 E13 E15 E21 E27 E30,3D,Yes,1.6,0.8
1377,./unit1/camera_data/image_BS1_7061_00_56_46.jpg,./unit1/mmWave_data/mmWave_power_1376.txt,./unit1/GPS_data/gps_location.txt,./unit2/GPS_data/gps_location_1376.txt,,36,16,['00-56-46-555'],1,21,G2 G6 G12 G17 G19 G24 R12 R13 R22 R23 R24 E13 E15 E21 E27 E30 B11 B12 B24 B25 B26,3D,Yes,1.6,0.8
1378,./unit1/camera_data/image_BS1_7062_00_56_46.jpg,./unit1/mmWave_data/mmWave_power_1377.txt,./unit1/GPS_data/gps_location.txt,./unit2/GPS_data/gps_location_1377.txt,,34,16,['00-56-46-666'],1,21,G2 G6 G12 G17 G19 G24 R12 R13 R22 R23 R24 E13 E15 E21 E27 E30 B11 B12 B24 B25 B26,3D,Yes,1.3,0.7
1379,./unit1/camera_data/image_BS1_7063_00_56_46.jpg,./unit1/mmWave_data/mmWave_power_1378.txt,./unit1/GPS_data/gps_location.txt,./unit2/GPS_data/gps_location_1378.txt,,33,16,['00-56-46-777'],1,11,G2 G6 G12 G17 G19 G24 R12 R13 R22 R23 R24,3D,Yes,1.3,0.7
1380,./unit1/camera_data/image_BS1_7064_00_56_46.jpg,./unit1/mmWave_data/mmWave_power_1379.txt,./unit1/GPS_data/gps_location.txt,./unit2/GPS_data/gps_location_1379.txt,,44,16,['00-56-46-888'],1,16,G2 G6 G12 G17 G19 G24 R12 R13 R22 R23 R24 E13 E15 E21 E27 E30,3D,Yes,1.5,0.8
1381,./unit1/camera_data/image_BS1_7065_00_56_47.jpg,./unit1/mmWave_data/mmWave_power_1380.txt,./unit1/GPS_data/gps_location.txt,./unit2/GPS_data/gps_location_1380.txt,,31,16,['00-56-47-0'],1,16,G2 G6 G12 G17 G19 G24 R12 R13 R22 R23 R24 E13 E15 E21 E27 E30,3D,Yes,1.5,0.8
1382,./unit1/camera_data/image_BS1_7066_00_56_47.jpg,./unit1/mmWave_data/mmWave_power_1381.txt,./unit1/GPS_data/gps_location.txt,./unit2/GPS_data/gps_location_1381.txt,,30,16,['00-56-47-111'],1,16,G2 G6 G12 G17 G19 G24 R12 R13 R22 R23 R24 E13 E15 E21 E27 E30,3D,Yes,1.8,0.8
1383,./unit1/camera_data/image_BS1_7067_00_56_47.jpg,./unit1/mmWave_data/mmWave_power_1382.txt,./unit1/GPS_data/gps_location.txt,./unit2/GPS_data/gps_location_1382.txt,,29,16,['00-56-47-222'],1,11,G2 G6 G12 G17 G19 G24 R12 R13 R22 R23 R24,3D,Yes,1.5,0.8
1384,./unit1/camera_data/image_BS1_7068_00_56_47.jpg,./unit1/mmWave_data/mmWave_power_1383.txt,./unit1/GPS_data/gps_location.txt,./unit2/GPS_data/gps_location_1383.txt,,28,16,['00-56-47-333'],1,16,G2 G6 G12 G17 G19 G24 R12 R13 R22 R23 R24 E13 E15 E21 E27 E30,3D,Yes,1.8,0.8
1385,./unit1/camera_data/image_BS1_7069_00_56_47.jpg,./unit1/mmWave_data/mmWave_power_1384.txt,./unit1/GPS_data/gps_location.txt,./unit2/GPS_data/gps_location_1384.txt,,27,16,['00-56-47-444'],1,16,G2 G6 G12 G17 G19 G24 R12 R13 R22 R23 R24 E13 E15 E21 E27 E30,3D,Yes,1.8,0.8
1386,./unit1/camera_data/image_BS1_7070_00_56_47.jpg,./unit1/mmWave_data/mmWave_power_1385.txt,./unit1/GPS_data/gps_location.txt,./unit2/GPS_data/gps_location_1385.txt,,26,16,['00-56-47-555'],1,11,G2 G6 G12 G17 G19 G24 R12 R13 R22 R23 R24,3D,Yes,1.8,0.8
1387,./unit1/camera_data/image_BS1_7071_00_56_47.jpg,./unit1/mmWave_data/mmWave_power_1386.txt,./unit1/GPS_data/gps_location.txt,./unit2/GPS_data/gps_location_1386.txt,,25,16,['00-56-47-666'],1,11,G2 G6 G12 G17 G19 G24 R12 R13 R22 R23 R24,3D,Yes,1.8,0.8
1388,./unit1/camera_data/image_BS1_7072_00_56_47.jpg,./unit1/mmWave_data/mmWave_power_1387.txt,./unit1/GPS_data/gps_location.txt,./unit2/GPS_data/gps_location_1387.txt,,23,16,['00-56-47-777'],1,16,G2 G6 G12 G17 G19 G24 R12 R13 R22 R23 R24 E13 E15 E21 E27 E30,3D,Yes,1.3,0.7
1389,./unit1/camera_data/image_BS1_7073_00_56_47.jpg,./unit1/mmWave_data/mmWave_power_1388.txt,./unit1/GPS_data/gps_location.txt,./unit2/GPS_data/gps_location_1388.txt,,22,16,['00-56-47-888'],1,16,G2 G6 G12 G17 G19 G24 R12 R13 R22 R23 R24 E13 E15 E21 E27 E30,3D,Yes,1.2,0.7
1390,./unit1/camera_data/image_BS1_7074_00_56_48.jpg,./unit1/mmWave_data/mmWave_power_1389.txt,./unit1/GPS_data/gps_location.txt,./unit2/GPS_data/gps_location_1389.txt,,22,16,['00-56-48-0'],1,11,G2 G6 G12 G17 G19 G24 R12 R13 R22 R23 R24,3D,Yes,1.3,0.7
1391,./unit1/camera_data/image_BS1_7075_00_56_48.jpg,./unit1/mmWave_data/mmWave_power_1390.txt,./unit1/GPS_data/gps_location.txt,./unit2/GPS_data/gps_location_1390.txt,,21,16,['00-56-48-111'],1,11,G2 G6 G12 G17 G19 G24 R12 R13 R22 R23 R24,3D,Yes,1.5,0.8
1392,./unit1/camera_data/image_BS1_7076_00_56_48.jpg,./unit1/mmWave_data/mmWave_power_1391.txt,./unit1/GPS_data/gps_location.txt,./unit2/GPS_data/gps_location_1391.txt,,19,16,['00-56-48-222'],1,16,G2 G6 G12 G17 G19 G24 R12 R13 R22 R23 R24 E13 E15 E21 E27 E30,3D,Yes,1.5,0.8
1393,./unit1/camera_data/image_BS1_7077_00_56_48.jpg,./unit1/mmWave_data/mmWave_power_1392.txt,./unit1/GPS_data/gps_location.txt,./unit2/GPS_data/gps_location_1392.txt,,19,16,['00-56-48-333'],1,16,G2 G6 G12 G17 G19 G24 R12 R13 R22 R23 R24 E13 E15 E21 E27 E30,3D,Yes,1.3,0.7
1394,./unit1/camera_data/image_BS1_7078_00_56_48.jpg,./unit1/mmWave_data/mmWave_power_1393.txt,./unit1/GPS_data/gps_location.txt,./unit2/GPS_data/gps_location_1393.txt,,16,16,['00-56-48-444'],1,22,G2 G6 G12 G17 G19 G24 G28 R12 R13 R22 R23 R24 E13 E15 E21 E27 E30 B11 B12 B24 B25 B26,3D,Yes,1.2,0.7
1395,./unit1/camera_data/image_BS1_7079_00_56_48.jpg,./unit1/mmWave_data/mmWave_power_1394.txt,./unit1/GPS_data/gps_location.txt,./unit2/GPS_data/gps_location_1394.txt,,16,16,['00-56-48-555'],1,6,G2 G6 G12 G17 G19 G24,3D,Yes,1.2,0.7
1396,./unit1/camera_data/image_BS1_7080_00_56_48.jpg,./unit1/mmWave_data/mmWave_power_1395.txt,./unit1/GPS_data/gps_location.txt,./unit2/GPS_data/gps_location_1395.txt,,16,16,['00-56-48-666'],1,21,G2 G6 G12 G17 G19 G24 R12 R13 R22 R23 R24 E13 E15 E21 E27 E30 B11 B12 B24 B25 B26,3D,Yes,1.3,0.7
1397,./unit1/camera_data/image_BS1_7081_00_56_48.jpg,./unit1/mmWave_data/mmWave_power_1396.txt,./unit1/GPS_data/gps_location.txt,./unit2/GPS_data/gps_location_1396.txt,,13,16,['00-56-48-777'],1,11,G2 G6 G12 G17 G19 G24 R12 R13 R22 R23 R24,3D,Yes,1.5,0.8
1398,./unit1/camera_data/image_BS1_7082_00_56_48.jpg,./unit1/mmWave_data/mmWave_power_1397.txt,./unit1/GPS_data/gps_location.txt,./unit2/GPS_data/gps_location_1397.txt,,13,16,['00-56-48-888'],1,21,G2 G6 G12 G17 G19 G24 R12 R13 R22 R23 R24 E13 E15 E21 E27 E30 B11 B12 B24 B25 B26,3D,Yes,1.5,0.8
1399,./unit1/camera_data/image_BS1_7083_00_56_49.jpg,./unit1/mmWave_data/mmWave_power_1398.txt,./unit1/GPS_data/gps_location.txt,./unit2/GPS_data/gps_location_1398.txt,,13,16,['00-56-49-0'],1,11,G2 G6 G12 G17 G19 G24 R12 R13 R22 R23 R24,3D,Yes,1.3,0.7
1400,./unit1/camera_data/image_BS1_7084_00_56_49.jpg,./unit1/mmWave_data/mmWave_power_1399.txt,./unit1/GPS_data/gps_location.txt,./unit2/GPS_data/gps_location_1399.txt,,11,16,['00-56-49-111'],1,16,G2 G6 G12 G17 G19 G24 R12 R13 R22 R23 R24 E13 E15 E21 E27 E30,3D,Yes,1.3,0.7
1401,./unit1/camera_data/image_BS1_7085_00_56_49.jpg,./unit1/mmWave_data/mmWave_power_1400.txt,./unit1/GPS_data/gps_location.txt,./unit2/GPS_data/gps_location_1400.txt,,10,16,['00-56-49-222'],1,16,G2 G6 G12 G17 G19 G24 R12 R13 R22 R23 R24 E13 E15 E21 E27 E30,3D,Yes,1.5,0.8
1402,./unit1/camera_data/image_BS1_7086_00_56_49.jpg,./unit1/mmWave_data/mmWave_power_1401.txt,./unit1/GPS_data/gps_location.txt,./unit2/GPS_data/gps_location_1401.txt,,9,16,['00-56-49-333'],1,21,G2 G6 G12 G17 G19 G24 R12 R13 R22 R23 R24 E13 E15 E21 E27 E30 B11 B12 B24 B25 B26,3D,Yes,1.5,0.8
1403,./unit1/camera_data/image_BS1_7087_00_56_49.jpg,./unit1/mmWave_data/mmWave_power_1402.txt,./unit1/GPS_data/gps_location.txt,./unit2/GPS_data/gps_location_1402.txt,,10,16,['00-56-49-444'],1,16,G2 G6 G12 G17 G19 G24 R12 R13 R22 R23 R24 E13 E15 E21 E27 E30,3D,Yes,1.5,0.8
1404,./unit1/camera_data/image_BS1_7088_00_56_49.jpg,./unit1/mmWave_data/mmWave_power_1403.txt,./unit1/GPS_data/gps_location.txt,./unit2/GPS_data/gps_location_1403.txt,,7,16,['00-56-49-555'],1,21,G2 G6 G12 G17 G19 G24 R12 R13 R22 R23 R24 E13 E15 E21 E27 E30 B11 B12 B24 B25 B26,3D,Yes,1.3,0.7
1405,./unit1/camera_data/image_BS1_7089_00_56_49.jpg,./unit1/mmWave_data/mmWave_power_1404.txt,./unit1/GPS_data/gps_location.txt,./unit2/GPS_data/gps_location_1404.txt,,8,16,['00-56-49-666'],1,16,G2 G6 G12 G17 G19 G24 R12 R13 R22 R23 R24 E13 E15 E21 E27 E30,3D,Yes,1.3,0.7
1406,./unit1/camera_data/image_BS1_7090_00_56_49.jpg,./unit1/mmWave_data/mmWave_power_1405.txt,./unit1/GPS_data/gps_location.txt,./unit2/GPS_data/gps_location_1405.txt,,21,16,['00-56-49-777'],1,16,G2 G6 G12 G17 G19 G24 R12 R13 R22 R23 R24 E13 E15 E21 E27 E30,3D,Yes,1.3,0.7
1407,./unit1/camera_data/image_BS1_7091_00_56_49.jpg,./unit1/mmWave_data/mmWave_power_1406.txt,./unit1/GPS_data/gps_location.txt,./unit2/GPS_data/gps_location_1406.txt,,5,16,['00-56-49-888'],1,11,G2 G6 G12 G17 G19 G24 R12 R13 R22 R23 R24,3D,Yes,1.3,0.7
1408,./unit1/camera_data/image_BS1_7092_00_56_50.jpg,./unit1/mmWave_data/mmWave_power_1407.txt,./unit1/GPS_data/gps_location.txt,./unit2/GPS_data/gps_location_1407.txt,,5,16,['00-56-50-0'],1,11,G2 G6 G12 G17 G19 G24 R12 R13 R22 R23 R24,3D,Yes,1.6,0.8
1409,./unit1/camera_data/image_BS1_7093_00_56_50.jpg,./unit1/mmWave_data/mmWave_power_1408.txt,./unit1/GPS_data/gps_location.txt,./unit2/GPS_data/gps_location_1408.txt,,6,16,['00-56-50-125'],1,6,G2 G6 G12 G17 G19 G24,3D,Yes,1.6,0.8
1410,./unit1/camera_data/image_BS1_7094_00_56_50.jpg,./unit1/mmWave_data/mmWave_power_1409.txt,./unit1/GPS_data/gps_location.txt,./unit2/GPS_data/gps_location_1409.txt,,3,16,['00-56-50-250'],1,16,G2 G6 G12 G17 G19 G24 R12 R13 R22 R23 R24 E13 E15 E21 E27 E30,3D,Yes,1.6,0.8
1411,./unit1/camera_data/image_BS1_7095_00_56_50.jpg,./unit1/mmWave_data/mmWave_power_1410.txt,./unit1/GPS_data/gps_location.txt,./unit2/GPS_data/gps_location_1410.txt,,2,16,['00-56-50-375'],1,16,G2 G6 G12 G17 G19 G24 R12 R13 R22 R23 R24 E13 E15 E21 E27 E30,3D,Yes,1.6,0.8
1412,./unit1/camera_data/image_BS1_7096_00_56_50.jpg,./unit1/mmWave_data/mmWave_power_1411.txt,./unit1/GPS_data/gps_location.txt,./unit2/GPS_data/gps_location_1411.txt,,2,16,['00-56-50-500'],1,16,G2 G6 G12 G17 G19 G24 R12 R13 R22 R23 R24 E13 E15 E21 E27 E30,3D,Yes,1.6,0.8
1413,./unit1/camera_data/image_BS1_7097_00_56_50.jpg,./unit1/mmWave_data/mmWave_power_1412.txt,./unit1/GPS_data/gps_location.txt,./unit2/GPS_data/gps_location_1412.txt,,2,16,['00-56-50-625'],1,16,G2 G6 G12 G17 G19 G24 R12 R13 R22 R23 R24 E13 E15 E21 E27 E30,3D,Yes,1.4,0.7
1414,./unit1/camera_data/image_BS1_7098_00_56_50.jpg,./unit1/mmWave_data/mmWave_power_1413.txt,./unit1/GPS_data/gps_location.txt,./unit2/GPS_data/gps_location_1413.txt,,2,16,['00-56-50-750'],1,16,G2 G6 G12 G17 G19 G24 R12 R13 R22 R23 R24 E13 E15 E21 E27 E30,3D,Yes,1.6,0.8
1415,./unit1/camera_data/image_BS1_7099_00_56_50.jpg,./unit1/mmWave_data/mmWave_power_1414.txt,./unit1/GPS_data/gps_location.txt,./unit2/GPS_data/gps_location_1414.txt,,2,16,['00-56-50-875'],1,16,G2 G6 G12 G17 G19 G24 R12 R13 R22 R23 R24 E13 E15 E21 E27 E30,3D,Yes,1.6,0.8
1416,./unit1/camera_data/image_BS1_7225_00_57_11.jpg,./unit1/mmWave_data/mmWave_power_1415.txt,./unit1/GPS_data/gps_location.txt,./unit2/GPS_data/gps_location_1415.txt,,3,17,['00-57-11-0'],0,11,G2 G6 G12 G17 G19 G24 R12 R13 R22 R23 R24,3D,Yes,1.7,0.8
1417,./unit1/camera_data/image_BS1_7226_00_57_12.jpg,./unit1/mmWave_data/mmWave_power_1416.txt,./unit1/GPS_data/gps_location.txt,./unit2/GPS_data/gps_location_1416.txt,,10,17,['00-57-12-0'],0,11,G2 G6 G12 G17 G19 G24 R12 R13 R22 R23 R24,3D,Yes,1.5,0.8
1418,./unit1/camera_data/image_BS1_7227_00_57_12.jpg,./unit1/mmWave_data/mmWave_power_1417.txt,./unit1/GPS_data/gps_location.txt,./unit2/GPS_data/gps_location_1417.txt,,10,17,['00-57-12-500'],0,20,G2 G6 G12 G17 G19 G24 R12 R13 R22 R23 R24 E13 E15 E21 E27 E30 B11 B12 B24 B25,3D,Yes,1.5,0.8
1419,./unit1/camera_data/image_BS1_7228_00_57_13.jpg,./unit1/mmWave_data/mmWave_power_1418.txt,./unit1/GPS_data/gps_location.txt,./unit2/GPS_data/gps_location_1418.txt,,13,17,['00-57-13-0'],0,16,G2 G6 G12 G17 G19 G24 R12 R13 R22 R23 R24 E13 E15 E21 E27 E30,3D,Yes,1.8,0.8
1420,./unit1/camera_data/image_BS1_7229_00_57_13.jpg,./unit1/mmWave_data/mmWave_power_1419.txt,./unit1/GPS_data/gps_location.txt,./unit2/GPS_data/gps_location_1419.txt,,13,17,['00-57-13-111'],0,11,G2 G6 G12 G17 G19 G24 R12 R13 R22 R23 R24,3D,Yes,1.8,0.8
1421,./unit1/camera_data/image_BS1_7230_00_57_13.jpg,./unit1/mmWave_data/mmWave_power_1420.txt,./unit1/GPS_data/gps_location.txt,./unit2/GPS_data/gps_location_1420.txt,,13,17,['00-57-13-222'],0,16,G2 G6 G12 G17 G19 G24 R12 R13 R22 R23 R24 E13 E15 E21 E27 E30,3D,Yes,1.8,0.8
1422,./unit1/camera_data/image_BS1_7231_00_57_13.jpg,./unit1/mmWave_data/mmWave_power_1421.txt,./unit1/GPS_data/gps_location.txt,./unit2/GPS_data/gps_location_1421.txt,,14,17,['00-57-13-333'],0,20,G2 G6 G12 G17 G19 G24 R12 R13 R22 R23 R24 E13 E15 E21 E27 E30 B11 B12 B24 B25,3D,Yes,1.8,0.8
1423,./unit1/camera_data/image_BS1_7232_00_57_13.jpg,./unit1/mmWave_data/mmWave_power_1422.txt,./unit1/GPS_data/gps_location.txt,./unit2/GPS_data/gps_location_1422.txt,,14,17,['00-57-13-444'],0,16,G2 G6 G12 G17 G19 G24 R12 R13 R22 R23 R24 E13 E15 E21 E27 E30,3D,Yes,1.8,0.8
1424,./unit1/camera_data/image_BS1_7233_00_57_13.jpg,./unit1/mmWave_data/mmWave_power_1423.txt,./unit1/GPS_data/gps_location.txt,./unit2/GPS_data/gps_location_1423.txt,,16,17,['00-57-13-555'],0,20,G2 G6 G12 G17 G19 G24 R12 R13 R22 R23 R24 E13 E15 E21 E27 E30 B11 B12 B24 B25,3D,Yes,1.8,0.8
1425,./unit1/camera_data/image_BS1_7234_00_57_13.jpg,./unit1/mmWave_data/mmWave_power_1424.txt,./unit1/GPS_data/gps_location.txt,./unit2/GPS_data/gps_location_1424.txt,,16,17,['00-57-13-666'],0,17,G2 G6 G12 G17 G19 G24 G28 R12 R13 R22 R23 R24 E13 E15 E21 E27 E30,3D,Yes,1.8,0.8
1426,./unit1/camera_data/image_BS1_7235_00_57_13.jpg,./unit1/mmWave_data/mmWave_power_1425.txt,./unit1/GPS_data/gps_location.txt,./unit2/GPS_data/gps_location_1425.txt,,17,17,['00-57-13-777'],0,12,G2 G6 G12 G17 G19 G24 G28 R12 R13 R22 R23 R24,3D,Yes,1.8,0.8
1427,./unit1/camera_data/image_BS1_7236_00_57_13.jpg,./unit1/mmWave_data/mmWave_power_1426.txt,./unit1/GPS_data/gps_location.txt,./unit2/GPS_data/gps_location_1426.txt,,17,17,['00-57-13-888'],0,12,G2 G6 G12 G17 G19 G24 G28 R12 R13 R22 R23 R24,3D,Yes,1.8,0.8
1428,./unit1/camera_data/image_BS1_7237_00_57_14.jpg,./unit1/mmWave_data/mmWave_power_1427.txt,./unit1/GPS_data/gps_location.txt,./unit2/GPS_data/gps_location_1427.txt,,17,17,['00-57-14-0'],0,21,G2 G6 G12 G17 G19 G24 G28 R12 R13 R22 R23 R24 E13 E15 E21 E27 E30 B11 B12 B24 B25,3D,Yes,1.8,0.8
1429,./unit1/camera_data/image_BS1_7238_00_57_14.jpg,./unit1/mmWave_data/mmWave_power_1428.txt,./unit1/GPS_data/gps_location.txt,./unit2/GPS_data/gps_location_1428.txt,,19,17,['00-57-14-111'],0,17,G2 G6 G12 G17 G19 G24 G28 R12 R13 R22 R23 R24 E13 E15 E21 E27 E30,3D,Yes,1.8,0.8
1430,./unit1/camera_data/image_BS1_7239_00_57_14.jpg,./unit1/mmWave_data/mmWave_power_1429.txt,./unit1/GPS_data/gps_location.txt,./unit2/GPS_data/gps_location_1429.txt,,19,17,['00-57-14-222'],0,17,G2 G6 G12 G17 G19 G24 G28 R12 R13 R22 R23 R24 E13 E15 E21 E27 E30,3D,Yes,1.8,0.8
1431,./unit1/camera_data/image_BS1_7240_00_57_14.jpg,./unit1/mmWave_data/mmWave_power_1430.txt,./unit1/GPS_data/gps_location.txt,./unit2/GPS_data/gps_location_1430.txt,,20,17,['00-57-14-333'],0,17,G2 G6 G12 G17 G19 G24 G28 R12 R13 R22 R23 R24 E13 E15 E21 E27 E30,3D,Yes,1.5,0.8
1432,./unit1/camera_data/image_BS1_7241_00_57_14.jpg,./unit1/mmWave_data/mmWave_power_1431.txt,./unit1/GPS_data/gps_location.txt,./unit2/GPS_data/gps_location_1431.txt,,20,17,['00-57-14-444'],0,17,G2 G6 G12 G17 G19 G24 G28 R12 R13 R22 R23 R24 E13 E15 E21 E27 E30,3D,Yes,1.5,0.8
1433,./unit1/camera_data/image_BS1_7242_00_57_14.jpg,./unit1/mmWave_data/mmWave_power_1432.txt,./unit1/GPS_data/gps_location.txt,./unit2/GPS_data/gps_location_1432.txt,,20,17,['00-57-14-555'],0,21,G2 G6 G12 G17 G19 G24 G28 R12 R13 R22 R23 R24 E13 E15 E21 E27 E30 B11 B12 B24 B25,3D,Yes,1.5,0.8
1434,./unit1/camera_data/image_BS1_7243_00_57_14.jpg,./unit1/mmWave_data/mmWave_power_1433.txt,./unit1/GPS_data/gps_location.txt,./unit2/GPS_data/gps_location_1433.txt,,21,17,['00-57-14-666'],0,17,G2 G6 G12 G17 G19 G24 G28 R12 R13 R22 R23 R24 E13 E15 E21 E27 E30,3D,Yes,1.5,0.8
1435,./unit1/camera_data/image_BS1_7244_00_57_14.jpg,./unit1/mmWave_data/mmWave_power_1434.txt,./unit1/GPS_data/gps_location.txt,./unit2/GPS_data/gps_location_1434.txt,,20,17,['00-57-14-777'],0,12,G2 G6 G12 G17 G19 G24 G28 R12 R13 R22 R23 R24,3D,Yes,1.5,0.8
1436,./unit1/camera_data/image_BS1_7245_00_57_14.jpg,./unit1/mmWave_data/mmWave_power_1435.txt,./unit1/GPS_data/gps_location.txt,./unit2/GPS_data/gps_location_1435.txt,,21,17,['00-57-14-888'],0,17,G2 G6 G12 G17 G19 G24 G28 R12 R13 R22 R23 R24 E13 E15 E21 E27 E30,3D,Yes,1.5,0.8
1437,./unit1/camera_data/image_BS1_7246_00_57_15.jpg,./unit1/mmWave_data/mmWave_power_1436.txt,./unit1/GPS_data/gps_location.txt,./unit2/GPS_data/gps_location_1436.txt,,21,17,['00-57-15-0'],0,17,G2 G6 G12 G17 G19 G24 G28 R12 R13 R22 R23 R24 E13 E15 E21 E27 E30,3D,Yes,1.5,0.8
1438,./unit1/camera_data/image_BS1_7247_00_57_15.jpg,./unit1/mmWave_data/mmWave_power_1437.txt,./unit1/GPS_data/gps_location.txt,./unit2/GPS_data/gps_location_1437.txt,,21,17,['00-57-15-142'],0,17,G2 G6 G12 G17 G19 G24 G28 R12 R13 R22 R23 R24 E13 E15 E21 E27 E30,3D,Yes,1.5,0.8
1439,./unit1/camera_data/image_BS1_7248_00_57_15.jpg,./unit1/mmWave_data/mmWave_power_1438.txt,./unit1/GPS_data/gps_location.txt,./unit2/GPS_data/gps_location_1438.txt,,21,17,['00-57-15-284'],0,12,G2 G6 G12 G17 G19 G24 G28 R12 R13 R22 R23 R24,3D,Yes,1.5,0.8
1440,./unit1/camera_data/image_BS1_7249_00_57_15.jpg,./unit1/mmWave_data/mmWave_power_1439.txt,./unit1/GPS_data/gps_location.txt,./unit2/GPS_data/gps_location_1439.txt,,21,17,['00-57-15-426'],0,22,G2 G6 G12 G17 G19 G24 G28 R12 R13 R22 R23 R24 E13 E15 E21 E27 E30 B11 B12 B24 B25 B26,3D,Yes,1.5,0.8
1441,./unit1/camera_data/image_BS1_7250_00_57_15.jpg,./unit1/mmWave_data/mmWave_power_1440.txt,./unit1/GPS_data/gps_location.txt,./unit2/GPS_data/gps_location_1440.txt,,21,17,['00-57-15-568'],0,17,G2 G6 G12 G17 G19 G24 G28 R12 R13 R22 R23 R24 E13 E15 E21 E27 E30,3D,Yes,1.8,0.8
1442,./unit1/camera_data/image_BS1_7251_00_57_15.jpg,./unit1/mmWave_data/mmWave_power_1441.txt,./unit1/GPS_data/gps_location.txt,./unit2/GPS_data/gps_location_1441.txt,,21,17,['00-57-15-710'],0,12,G2 G6 G12 G17 G19 G24 G28 R12 R13 R22 R23 R24,3D,Yes,1.8,0.8
1443,./unit1/camera_data/image_BS1_7252_00_57_15.jpg,./unit1/mmWave_data/mmWave_power_1442.txt,./unit1/GPS_data/gps_location.txt,./unit2/GPS_data/gps_location_1442.txt,,22,17,['00-57-15-852'],0,12,G2 G6 G12 G17 G19 G24 G28 R12 R13 R22 R23 R24,3D,Yes,1.8,0.8
1444,./unit1/camera_data/image_BS1_7253_00_57_17.jpg,./unit1/mmWave_data/mmWave_power_1443.txt,./unit1/GPS_data/gps_location.txt,./unit2/GPS_data/gps_location_1443.txt,,23,17,['00-57-17-0'],0,16,G2 G6 G12 G17 G19 G24 R12 R13 R22 R23 R24 E13 E15 E21 E27 E30,3D,Yes,1.5,0.8
1445,./unit1/camera_data/image_BS1_7254_00_57_17.jpg,./unit1/mmWave_data/mmWave_power_1444.txt,./unit1/GPS_data/gps_location.txt,./unit2/GPS_data/gps_location_1444.txt,,23,17,['00-57-17-166'],0,21,G2 G6 G12 G17 G19 G24 R12 R13 R22 R23 R24 E13 E15 E21 E27 E30 B11 B12 B24 B25 B26,3D,Yes,1.5,0.8
1446,./unit1/camera_data/image_BS1_7255_00_57_17.jpg,./unit1/mmWave_data/mmWave_power_1445.txt,./unit1/GPS_data/gps_location.txt,./unit2/GPS_data/gps_location_1445.txt,,25,17,['00-57-17-332'],0,16,G2 G6 G12 G17 G19 G24 R12 R13 R22 R23 R24 E13 E15 E21 E27 E30,3D,Yes,1.5,0.8
1447,./unit1/camera_data/image_BS1_7256_00_57_17.jpg,./unit1/mmWave_data/mmWave_power_1446.txt,./unit1/GPS_data/gps_location.txt,./unit2/GPS_data/gps_location_1446.txt,,25,17,['00-57-17-498'],0,16,G2 G6 G12 G17 G19 G24 R12 R13 R22 R23 R24 E13 E15 E21 E27 E30,3D,Yes,1.5,0.8
1448,./unit1/camera_data/image_BS1_7257_00_57_17.jpg,./unit1/mmWave_data/mmWave_power_1447.txt,./unit1/GPS_data/gps_location.txt,./unit2/GPS_data/gps_location_1447.txt,,26,17,['00-57-17-664'],0,16,G2 G6 G12 G17 G19 G24 R12 R13 R22 R23 R24 E13 E15 E21 E27 E30,3D,Yes,1.5,0.8
1449,./unit1/camera_data/image_BS1_7258_00_57_17.jpg,./unit1/mmWave_data/mmWave_power_1448.txt,./unit1/GPS_data/gps_location.txt,./unit2/GPS_data/gps_location_1448.txt,,26,17,['00-57-17-830'],0,16,G2 G6 G12 G17 G19 G24 R12 R13 R22 R23 R24 E13 E15 E21 E27 E30,3D,Yes,1.5,0.8
1450,./unit1/camera_data/image_BS1_7259_00_57_18.jpg,./unit1/mmWave_data/mmWave_power_1449.txt,./unit1/GPS_data/gps_location.txt,./unit2/GPS_data/gps_location_1449.txt,,26,17,['00-57-18-0'],0,16,G2 G6 G12 G17 G19 G24 R12 R13 R22 R23 R24 E13 E15 E21 E27 E30,3D,Yes,1.5,0.8
1451,./unit1/camera_data/image_BS1_7260_00_57_18.jpg,./unit1/mmWave_data/mmWave_power_1450.txt,./unit1/GPS_data/gps_location.txt,./unit2/GPS_data/gps_location_1450.txt,,27,17,['00-57-18-111'],0,11,G2 G6 G12 G17 G19 G24 R12 R13 R22 R23 R24,3D,Yes,1.5,0.8
1452,./unit1/camera_data/image_BS1_7261_00_57_18.jpg,./unit1/mmWave_data/mmWave_power_1451.txt,./unit1/GPS_data/gps_location.txt,./unit2/GPS_data/gps_location_1451.txt,,28,17,['00-57-18-222'],0,11,G2 G6 G12 G17 G19 G24 R12 R13 R22 R23 R24,3D,Yes,1.8,0.8
1453,./unit1/camera_data/image_BS1_7262_00_57_18.jpg,./unit1/mmWave_data/mmWave_power_1452.txt,./unit1/GPS_data/gps_location.txt,./unit2/GPS_data/gps_location_1452.txt,,27,17,['00-57-18-333'],0,16,G2 G6 G12 G17 G19 G24 R12 R13 R22 R23 R24 E13 E15 E21 E27 E30,3D,Yes,1.8,0.8
1454,./unit1/camera_data/image_BS1_7263_00_57_18.jpg,./unit1/mmWave_data/mmWave_power_1453.txt,./unit1/GPS_data/gps_location.txt,./unit2/GPS_data/gps_location_1453.txt,,28,17,['00-57-18-444'],0,21,G2 G6 G12 G17 G19 G24 R12 R13 R22 R23 R24 E13 E15 E21 E27 E30 B11 B12 B24 B25 B26,3D,Yes,1.8,0.8
1455,./unit1/camera_data/image_BS1_7264_00_57_18.jpg,./unit1/mmWave_data/mmWave_power_1454.txt,./unit1/GPS_data/gps_location.txt,./unit2/GPS_data/gps_location_1454.txt,,29,17,['00-57-18-555'],0,11,G2 G6 G12 G17 G19 G24 R12 R13 R22 R23 R24,3D,Yes,1.8,0.8
1456,./unit1/camera_data/image_BS1_7265_00_57_18.jpg,./unit1/mmWave_data/mmWave_power_1455.txt,./unit1/GPS_data/gps_location.txt,./unit2/GPS_data/gps_location_1455.txt,,28,17,['00-57-18-666'],0,16,G2 G6 G12 G17 G19 G24 R12 R13 R22 R23 R24 E13 E15 E21 E27 E30,3D,Yes,2.1,0.9
1457,./unit1/camera_data/image_BS1_7266_00_57_18.jpg,./unit1/mmWave_data/mmWave_power_1456.txt,./unit1/GPS_data/gps_location.txt,./unit2/GPS_data/gps_location_1456.txt,,28,17,['00-57-18-777'],0,11,G2 G6 G12 G17 G19 G24 R12 R13 R22 R23 R24,3D,Yes,2.1,0.9
1458,./unit1/camera_data/image_BS1_7267_00_57_18.jpg,./unit1/mmWave_data/mmWave_power_1457.txt,./unit1/GPS_data/gps_location.txt,./unit2/GPS_data/gps_location_1457.txt,,30,17,['00-57-18-888'],0,16,G2 G6 G12 G17 G19 G24 R12 R13 R22 R23 R24 E13 E15 E21 E27 E30,3D,Yes,2.1,0.9
1459,./unit1/camera_data/image_BS1_7268_00_57_19.jpg,./unit1/mmWave_data/mmWave_power_1458.txt,./unit1/GPS_data/gps_location.txt,./unit2/GPS_data/gps_location_1458.txt,,29,17,['00-57-19-0'],0,16,G2 G6 G12 G17 G19 G24 R12 R13 R22 R23 R24 E13 E15 E21 E27 E30,3D,Yes,1.8,0.8
1460,./unit1/camera_data/image_BS1_7269_00_57_19.jpg,./unit1/mmWave_data/mmWave_power_1459.txt,./unit1/GPS_data/gps_location.txt,./unit2/GPS_data/gps_location_1459.txt,,29,17,['00-57-19-142'],0,16,G2 G6 G12 G17 G19 G24 R12 R13 R22 R23 R24 E13 E15 E21 E27 E30,3D,Yes,1.5,0.8
1461,./unit1/camera_data/image_BS1_7270_00_57_19.jpg,./unit1/mmWave_data/mmWave_power_1460.txt,./unit1/GPS_data/gps_location.txt,./unit2/GPS_data/gps_location_1460.txt,,30,17,['00-57-19-284'],0,16,G2 G6 G12 G17 G19 G24 R12 R13 R22 R23 R24 E13 E15 E21 E27 E30,3D,Yes,1.5,0.8
1462,./unit1/camera_data/image_BS1_7271_00_57_19.jpg,./unit1/mmWave_data/mmWave_power_1461.txt,./unit1/GPS_data/gps_location.txt,./unit2/GPS_data/gps_location_1461.txt,,30,17,['00-57-19-426'],0,11,G2 G6 G12 G17 G19 G24 R12 R13 R22 R23 R24,3D,Yes,1.5,0.8
1463,./unit1/camera_data/image_BS1_7272_00_57_19.jpg,./unit1/mmWave_data/mmWave_power_1462.txt,./unit1/GPS_data/gps_location.txt,./unit2/GPS_data/gps_location_1462.txt,,32,17,['00-57-19-568'],0,16,G2 G6 G12 G17 G19 G24 R12 R13 R22 R23 R24 E13 E15 E21 E27 E30,3D,Yes,1.5,0.8
1464,./unit1/camera_data/image_BS1_7273_00_57_19.jpg,./unit1/mmWave_data/mmWave_power_1463.txt,./unit1/GPS_data/gps_location.txt,./unit2/GPS_data/gps_location_1463.txt,,33,17,['00-57-19-710'],0,16,G2 G6 G12 G17 G19 G24 R12 R13 R22 R23 R24 E13 E15 E21 E27 E30,3D,Yes,1.5,0.8
1465,./unit1/camera_data/image_BS1_7274_00_57_19.jpg,./unit1/mmWave_data/mmWave_power_1464.txt,./unit1/GPS_data/gps_location.txt,./unit2/GPS_data/gps_location_1464.txt,,14,17,['00-57-19-852'],0,16,G2 G6 G12 G17 G19 G24 R12 R13 R22 R23 R24 E13 E15 E21 E27 E30,3D,Yes,1.5,0.8
1466,./unit1/camera_data/image_BS1_7275_00_57_20.jpg,./unit1/mmWave_data/mmWave_power_1465.txt,./unit1/GPS_data/gps_location.txt,./unit2/GPS_data/gps_location_1465.txt,,30,17,['00-57-20-0'],0,16,G2 G6 G12 G17 G19 G24 R12 R13 R22 R23 R24 E13 E15 E21 E27 E30,3D,Yes,1.5,0.8
1467,./unit1/camera_data/image_BS1_7276_00_57_20.jpg,./unit1/mmWave_data/mmWave_power_1466.txt,./unit1/GPS_data/gps_location.txt,./unit2/GPS_data/gps_location_1466.txt,,34,17,['00-57-20-125'],0,11,G2 G6 G12 G17 G19 G24 R12 R13 R22 R23 R24,3D,Yes,1.5,0.8
1468,./unit1/camera_data/image_BS1_7277_00_57_20.jpg,./unit1/mmWave_data/mmWave_power_1467.txt,./unit1/GPS_data/gps_location.txt,./unit2/GPS_data/gps_location_1467.txt,,33,17,['00-57-20-250'],0,21,G2 G6 G12 G17 G19 G24 R12 R13 R22 R23 R24 E13 E15 E21 E27 E30 B11 B12 B24 B25 B26,3D,Yes,1.5,0.8
1469,./unit1/camera_data/image_BS1_7278_00_57_20.jpg,./unit1/mmWave_data/mmWave_power_1468.txt,./unit1/GPS_data/gps_location.txt,./unit2/GPS_data/gps_location_1468.txt,,33,17,['00-57-20-375'],0,16,G2 G6 G12 G17 G19 G24 R12 R13 R22 R23 R24 E13 E15 E21 E27 E30,3D,Yes,1.5,0.8
1470,./unit1/camera_data/image_BS1_7279_00_57_20.jpg,./unit1/mmWave_data/mmWave_power_1469.txt,./unit1/GPS_data/gps_location.txt,./unit2/GPS_data/gps_location_1469.txt,,33,17,['00-57-20-500'],0,16,G2 G6 G12 G17 G19 G24 R12 R13 R22 R23 R24 E13 E15 E21 E27 E30,3D,Yes,1.8,0.8
1471,./unit1/camera_data/image_BS1_7280_00_57_20.jpg,./unit1/mmWave_data/mmWave_power_1470.txt,./unit1/GPS_data/gps_location.txt,./unit2/GPS_data/gps_location_1470.txt,,34,17,['00-57-20-625'],0,11,G2 G6 G12 G17 G19 G24 R12 R13 R22 R23 R24,3D,Yes,1.8,0.8
1472,./unit1/camera_data/image_BS1_7281_00_57_20.jpg,./unit1/mmWave_data/mmWave_power_1471.txt,./unit1/GPS_data/gps_location.txt,./unit2/GPS_data/gps_location_1471.txt,,34,17,['00-57-20-750'],0,16,G2 G6 G12 G17 G19 G24 R12 R13 R22 R23 R24 E13 E15 E21 E27 E30,3D,Yes,1.8,0.8
1473,./unit1/camera_data/image_BS1_7282_00_57_20.jpg,./unit1/mmWave_data/mmWave_power_1472.txt,./unit1/GPS_data/gps_location.txt,./unit2/GPS_data/gps_location_1472.txt,,34,17,['00-57-20-875'],0,21,G2 G6 G12 G17 G19 G24 R12 R13 R22 R23 R24 E13 E15 E21 E27 E30 B11 B12 B24 B25 B26,3D,Yes,1.8,0.8
1474,./unit1/camera_data/image_BS1_7283_00_57_21.jpg,./unit1/mmWave_data/mmWave_power_1473.txt,./unit1/GPS_data/gps_location.txt,./unit2/GPS_data/gps_location_1473.txt,,36,17,['00-57-21-0'],0,11,G2 G6 G12 G17 G19 G24 R12 R13 R22 R23 R24,3D,Yes,1.8,0.8
1475,./unit1/camera_data/image_BS1_7284_00_57_21.jpg,./unit1/mmWave_data/mmWave_power_1474.txt,./unit1/GPS_data/gps_location.txt,./unit2/GPS_data/gps_location_1474.txt,,34,17,['00-57-21-111'],0,11,G2 G6 G12 G17 G19 G24 R12 R13 R22 R23 R24,3D,Yes,1.8,0.8
1476,./unit1/camera_data/image_BS1_7285_00_57_21.jpg,./unit1/mmWave_data/mmWave_power_1475.txt,./unit1/GPS_data/gps_location.txt,./unit2/GPS_data/gps_location_1475.txt,,36,17,['00-57-21-222'],0,11,G2 G6 G12 G17 G19 G24 R12 R13 R22 R23 R24,3D,Yes,1.8,0.8
1477,./unit1/camera_data/image_BS1_7286_00_57_21.jpg,./unit1/mmWave_data/mmWave_power_1476.txt,./unit1/GPS_data/gps_location.txt,./unit2/GPS_data/gps_location_1476.txt,,37,17,['00-57-21-333'],0,16,G2 G6 G12 G17 G19 G24 R12 R13 R22 R23 R24 E13 E15 E21 E27 E30,3D,Yes,1.8,0.8
1478,./unit1/camera_data/image_BS1_7287_00_57_21.jpg,./unit1/mmWave_data/mmWave_power_1477.txt,./unit1/GPS_data/gps_location.txt,./unit2/GPS_data/gps_location_1477.txt,,36,17,['00-57-21-444'],0,11,G2 G6 G12 G17 G19 G24 R12 R13 R22 R23 R24,3D,Yes,1.8,0.8
1479,./unit1/camera_data/image_BS1_7288_00_57_21.jpg,./unit1/mmWave_data/mmWave_power_1478.txt,./unit1/GPS_data/gps_location.txt,./unit2/GPS_data/gps_location_1478.txt,,37,17,['00-57-21-555'],0,11,G2 G6 G12 G17 G19 G24 R12 R13 R22 R23 R24,3D,Yes,1.8,0.8
1480,./unit1/camera_data/image_BS1_7289_00_57_21.jpg,./unit1/mmWave_data/mmWave_power_1479.txt,./unit1/GPS_data/gps_location.txt,./unit2/GPS_data/gps_location_1479.txt,,37,17,['00-57-21-666'],0,16,G2 G6 G12 G17 G19 G24 R12 R13 R22 R23 R24 E13 E15 E21 E27 E30,3D,Yes,1.8,0.8
1481,./unit1/camera_data/image_BS1_7290_00_57_21.jpg,./unit1/mmWave_data/mmWave_power_1480.txt,./unit1/GPS_data/gps_location.txt,./unit2/GPS_data/gps_location_1480.txt,,37,17,['00-57-21-777'],0,16,G2 G6 G12 G17 G19 G24 R12 R13 R22 R23 R24 E13 E15 E21 E27 E30,3D,Yes,1.8,0.8
1482,./unit1/camera_data/image_BS1_7291_00_57_21.jpg,./unit1/mmWave_data/mmWave_power_1481.txt,./unit1/GPS_data/gps_location.txt,./unit2/GPS_data/gps_location_1481.txt,,38,17,['00-57-21-888'],0,16,G2 G6 G12 G17 G19 G24 R12 R13 R22 R23 R24 E13 E15 E21 E27 E30,3D,Yes,1.8,0.8
1483,./unit1/camera_data/image_BS1_7292_00_57_22.jpg,./unit1/mmWave_data/mmWave_power_1482.txt,./unit1/GPS_data/gps_location.txt,./unit2/GPS_data/gps_location_1482.txt,,38,17,['00-57-22-0'],0,16,G2 G6 G12 G17 G19 G24 R12 R13 R22 R23 R24 E13 E15 E21 E27 E30,3D,Yes,1.8,0.8
1484,./unit1/camera_data/image_BS1_7293_00_57_22.jpg,./unit1/mmWave_data/mmWave_power_1483.txt,./unit1/GPS_data/gps_location.txt,./unit2/GPS_data/gps_location_1483.txt,,38,17,['00-57-22-111'],0,11,G2 G6 G12 G17 G19 G24 R12 R13 R22 R23 R24,3D,Yes,2.1,0.9
1485,./unit1/camera_data/image_BS1_7294_00_57_22.jpg,./unit1/mmWave_data/mmWave_power_1484.txt,./unit1/GPS_data/gps_location.txt,./unit2/GPS_data/gps_location_1484.txt,,39,17,['00-57-22-222'],0,16,G2 G6 G12 G17 G19 G24 R12 R13 R22 R23 R24 E13 E15 E21 E27 E30,3D,Yes,1.5,0.8
1486,./unit1/camera_data/image_BS1_7295_00_57_22.jpg,./unit1/mmWave_data/mmWave_power_1485.txt,./unit1/GPS_data/gps_location.txt,./unit2/GPS_data/gps_location_1485.txt,,39,17,['00-57-22-333'],0,16,G2 G6 G12 G17 G19 G24 R12 R13 R22 R23 R24 E13 E15 E21 E27 E30,3D,Yes,1.8,0.8
1487,./unit1/camera_data/image_BS1_7296_00_57_22.jpg,./unit1/mmWave_data/mmWave_power_1486.txt,./unit1/GPS_data/gps_location.txt,./unit2/GPS_data/gps_location_1486.txt,,39,17,['00-57-22-444'],0,11,G2 G6 G12 G17 G19 G24 R12 R13 R22 R23 R24,3D,Yes,1.8,0.8
1488,./unit1/camera_data/image_BS1_7297_00_57_22.jpg,./unit1/mmWave_data/mmWave_power_1487.txt,./unit1/GPS_data/gps_location.txt,./unit2/GPS_data/gps_location_1487.txt,,39,17,['00-57-22-555'],0,11,G2 G6 G12 G17 G19 G24 R12 R13 R22 R23 R24,3D,Yes,1.8,0.8
1489,./unit1/camera_data/image_BS1_7298_00_57_22.jpg,./unit1/mmWave_data/mmWave_power_1488.txt,./unit1/GPS_data/gps_location.txt,./unit2/GPS_data/gps_location_1488.txt,,41,17,['00-57-22-666'],0,21,G2 G6 G12 G17 G19 G24 R12 R13 R22 R23 R24 E13 E15 E21 E27 E30 B11 B12 B24 B25 B26,3D,Yes,1.8,0.8
1490,./unit1/camera_data/image_BS1_7299_00_57_22.jpg,./unit1/mmWave_data/mmWave_power_1489.txt,./unit1/GPS_data/gps_location.txt,./unit2/GPS_data/gps_location_1489.txt,,41,17,['00-57-22-777'],0,11,G2 G6 G12 G17 G19 G24 R12 R13 R22 R23 R24,3D,Yes,1.8,0.8
1491,./unit1/camera_data/image_BS1_7300_00_57_22.jpg,./unit1/mmWave_data/mmWave_power_1490.txt,./unit1/GPS_data/gps_location.txt,./unit2/GPS_data/gps_location_1490.txt,,41,17,['00-57-22-888'],0,16,G2 G6 G12 G17 G19 G24 R12 R13 R22 R23 R24 E13 E15 E21 E27 E30,3D,Yes,1.8,0.8
1492,./unit1/camera_data/image_BS1_7301_00_57_23.jpg,./unit1/mmWave_data/mmWave_power_1491.txt,./unit1/GPS_data/gps_location.txt,./unit2/GPS_data/gps_location_1491.txt,,42,17,['00-57-23-0'],0,16,G2 G6 G12 G17 G19 G24 R12 R13 R22 R23 R24 E13 E15 E21 E27 E30,3D,Yes,1.8,0.8
1493,./unit1/camera_data/image_BS1_7302_00_57_23.jpg,./unit1/mmWave_data/mmWave_power_1492.txt,./unit1/GPS_data/gps_location.txt,./unit2/GPS_data/gps_location_1492.txt,,43,17,['00-57-23-111'],0,16,G2 G6 G12 G17 G19 G24 R12 R13 R22 R23 R24 E13 E15 E21 E27 E30,3D,Yes,1.8,0.8
1494,./unit1/camera_data/image_BS1_7303_00_57_23.jpg,./unit1/mmWave_data/mmWave_power_1493.txt,./unit1/GPS_data/gps_location.txt,./unit2/GPS_data/gps_location_1493.txt,,43,17,['00-57-23-222'],0,21,G2 G6 G12 G17 G19 G24 R12 R13 R22 R23 R24 E13 E15 E21 E27 E30 B11 B12 B24 B25 B26,3D,Yes,1.8,0.8
1495,./unit1/camera_data/image_BS1_7304_00_57_23.jpg,./unit1/mmWave_data/mmWave_power_1494.txt,./unit1/GPS_data/gps_location.txt,./unit2/GPS_data/gps_location_1494.txt,,44,17,['00-57-23-333'],0,16,G2 G6 G12 G17 G19 G24 R12 R13 R22 R23 R24 E13 E15 E21 E27 E30,3D,Yes,1.8,0.8
1496,./unit1/camera_data/image_BS1_7305_00_57_23.jpg,./unit1/mmWave_data/mmWave_power_1495.txt,./unit1/GPS_data/gps_location.txt,./unit2/GPS_data/gps_location_1495.txt,,45,17,['00-57-23-444'],0,16,G2 G6 G12 G17 G19 G24 R12 R13 R22 R23 R24 E13 E15 E21 E27 E30,3D,Yes,1.8,0.8
1497,./unit1/camera_data/image_BS1_7306_00_57_23.jpg,./unit1/mmWave_data/mmWave_power_1496.txt,./unit1/GPS_data/gps_location.txt,./unit2/GPS_data/gps_location_1496.txt,,45,17,['00-57-23-555'],0,21,G2 G6 G12 G17 G19 G24 R12 R13 R22 R23 R24 E13 E15 E21 E27 E30 B11 B12 B24 B25 B26,3D,Yes,1.8,0.8
1498,./unit1/camera_data/image_BS1_7307_00_57_23.jpg,./unit1/mmWave_data/mmWave_power_1497.txt,./unit1/GPS_data/gps_location.txt,./unit2/GPS_data/gps_location_1497.txt,,45,17,['00-57-23-666'],0,16,G2 G6 G12 G17 G19 G24 R12 R13 R22 R23 R24 E13 E15 E21 E27 E30,3D,Yes,1.8,0.8
1499,./unit1/camera_data/image_BS1_7308_00_57_23.jpg,./unit1/mmWave_data/mmWave_power_1498.txt,./unit1/GPS_data/gps_location.txt,./unit2/GPS_data/gps_location_1498.txt,,46,17,['00-57-23-777'],0,16,G2 G6 G12 G17 G19 G24 R12 R13 R22 R23 R24 E13 E15 E21 E27 E30,3D,Yes,1.8,0.8
1500,./unit1/camera_data/image_BS1_7309_00_57_23.jpg,./unit1/mmWave_data/mmWave_power_1499.txt,./unit1/GPS_data/gps_location.txt,./unit2/GPS_data/gps_location_1499.txt,,47,17,['00-57-23-888'],0,11,G2 G6 G12 G17 G19 G24 R12 R13 R22 R23 R24,3D,Yes,1.5,0.8
1501,./unit1/camera_data/image_BS1_7310_00_57_24.jpg,./unit1/mmWave_data/mmWave_power_1500.txt,./unit1/GPS_data/gps_location.txt,./unit2/GPS_data/gps_location_1500.txt,,48,17,['00-57-24-0'],0,16,G2 G6 G12 G17 G19 G24 R12 R13 R22 R23 R24 E13 E15 E21 E27 E30,3D,Yes,1.5,0.8
1502,./unit1/camera_data/image_BS1_7311_00_57_24.jpg,./unit1/mmWave_data/mmWave_power_1501.txt,./unit1/GPS_data/gps_location.txt,./unit2/GPS_data/gps_location_1501.txt,,48,17,['00-57-24-111'],0,11,G2 G6 G12 G17 G19 G24 R12 R13 R22 R23 R24,3D,Yes,1.5,0.8
1503,./unit1/camera_data/image_BS1_7312_00_57_24.jpg,./unit1/mmWave_data/mmWave_power_1502.txt,./unit1/GPS_data/gps_location.txt,./unit2/GPS_data/gps_location_1502.txt,,48,17,['00-57-24-222'],0,16,G2 G6 G12 G17 G19 G24 R12 R13 R22 R23 R24 E13 E15 E21 E27 E30,3D,Yes,1.5,0.8
1504,./unit1/camera_data/image_BS1_7313_00_57_24.jpg,./unit1/mmWave_data/mmWave_power_1503.txt,./unit1/GPS_data/gps_location.txt,./unit2/GPS_data/gps_location_1503.txt,,48,17,['00-57-24-333'],0,11,G2 G6 G12 G17 G19 G24 R12 R13 R22 R23 R24,3D,Yes,1.5,0.8
1505,./unit1/camera_data/image_BS1_7314_00_57_24.jpg,./unit1/mmWave_data/mmWave_power_1504.txt,./unit1/GPS_data/gps_location.txt,./unit2/GPS_data/gps_location_1504.txt,,51,17,['00-57-24-444'],0,16,G2 G6 G12 G17 G19 G24 R12 R13 R22 R23 R24 E13 E15 E21 E27 E30,3D,Yes,1.5,0.8
1506,./unit1/camera_data/image_BS1_7315_00_57_24.jpg,./unit1/mmWave_data/mmWave_power_1505.txt,./unit1/GPS_data/gps_location.txt,./unit2/GPS_data/gps_location_1505.txt,,50,17,['00-57-24-555'],0,16,G2 G6 G12 G17 G19 G24 R12 R13 R22 R23 R24 E13 E15 E21 E27 E30,3D,Yes,1.5,0.8
1507,./unit1/camera_data/image_BS1_7316_00_57_24.jpg,./unit1/mmWave_data/mmWave_power_1506.txt,./unit1/GPS_data/gps_location.txt,./unit2/GPS_data/gps_location_1506.txt,,51,17,['00-57-24-666'],0,11,G2 G6 G12 G17 G19 G24 R12 R13 R22 R23 R24,3D,Yes,1.5,0.8
1508,./unit1/camera_data/image_BS1_7317_00_57_24.jpg,./unit1/mmWave_data/mmWave_power_1507.txt,./unit1/GPS_data/gps_location.txt,./unit2/GPS_data/gps_location_1507.txt,,51,17,['00-57-24-777'],0,16,G2 G6 G12 G17 G19 G24 R12 R13 R22 R23 R24 E13 E15 E21 E27 E30,3D,Yes,1.5,0.8
1509,./unit1/camera_data/image_BS1_7318_00_57_24.jpg,./unit1/mmWave_data/mmWave_power_1508.txt,./unit1/GPS_data/gps_location.txt,./unit2/GPS_data/gps_location_1508.txt,,53,17,['00-57-24-888'],0,16,G2 G6 G12 G17 G19 G24 R12 R13 R22 R23 R24 E13 E15 E21 E27 E30,3D,Yes,1.5,0.8
1510,./unit1/camera_data/image_BS1_7319_00_57_25.jpg,./unit1/mmWave_data/mmWave_power_1509.txt,./unit1/GPS_data/gps_location.txt,./unit2/GPS_data/gps_location_1509.txt,,54,17,['00-57-25-0'],0,16,G2 G6 G12 G17 G19 G24 R12 R13 R22 R23 R24 E13 E15 E21 E27 E30,3D,Yes,1.5,0.8
1511,./unit1/camera_data/image_BS1_7320_00_57_25.jpg,./unit1/mmWave_data/mmWave_power_1510.txt,./unit1/GPS_data/gps_location.txt,./unit2/GPS_data/gps_location_1510.txt,,54,17,['00-57-25-142'],0,16,G2 G6 G12 G17 G19 G24 R12 R13 R22 R23 R24 E13 E15 E21 E27 E30,3D,Yes,1.5,0.8
1512,./unit1/camera_data/image_BS1_7321_00_57_25.jpg,./unit1/mmWave_data/mmWave_power_1511.txt,./unit1/GPS_data/gps_location.txt,./unit2/GPS_data/gps_location_1511.txt,,55,17,['00-57-25-284'],0,16,G2 G6 G12 G17 G19 G24 R12 R13 R22 R23 R24 E13 E15 E21 E27 E30,3D,Yes,1.5,0.8
1513,./unit1/camera_data/image_BS1_7322_00_57_25.jpg,./unit1/mmWave_data/mmWave_power_1512.txt,./unit1/GPS_data/gps_location.txt,./unit2/GPS_data/gps_location_1512.txt,,55,17,['00-57-25-426'],0,16,G2 G6 G12 G17 G19 G24 R12 R13 R22 R23 R24 E13 E15 E21 E27 E30,3D,Yes,1.5,0.8
1514,./unit1/camera_data/image_BS1_7323_00_57_25.jpg,./unit1/mmWave_data/mmWave_power_1513.txt,./unit1/GPS_data/gps_location.txt,./unit2/GPS_data/gps_location_1513.txt,,56,17,['00-57-25-568'],0,16,G2 G6 G12 G17 G19 G24 R12 R13 R22 R23 R24 E13 E15 E21 E27 E30,3D,Yes,1.8,0.8
1515,./unit1/camera_data/image_BS1_7324_00_57_25.jpg,./unit1/mmWave_data/mmWave_power_1514.txt,./unit1/GPS_data/gps_location.txt,./unit2/GPS_data/gps_location_1514.txt,,58,17,['00-57-25-710'],0,11,G2 G6 G12 G17 G19 G24 R12 R13 R22 R23 R24,3D,Yes,1.8,0.8
1516,./unit1/camera_data/image_BS1_7325_00_57_25.jpg,./unit1/mmWave_data/mmWave_power_1515.txt,./unit1/GPS_data/gps_location.txt,./unit2/GPS_data/gps_location_1515.txt,,57,17,['00-57-25-852'],0,16,G2 G6 G12 G17 G19 G24 R12 R13 R22 R23 R24 E13 E15 E21 E27 E30,3D,Yes,1.5,0.8
1517,./unit1/camera_data/image_BS1_7326_00_57_26.jpg,./unit1/mmWave_data/mmWave_power_1516.txt,./unit1/GPS_data/gps_location.txt,./unit2/GPS_data/gps_location_1516.txt,,57,17,['00-57-26-0'],0,21,G2 G6 G12 G17 G19 G24 R12 R13 R22 R23 R24 E13 E15 E21 E27 E30 B11 B12 B24 B25 B26,3D,Yes,1.5,0.8
1518,./unit1/camera_data/image_BS1_7327_00_57_26.jpg,./unit1/mmWave_data/mmWave_power_1517.txt,./unit1/GPS_data/gps_location.txt,./unit2/GPS_data/gps_location_1517.txt,,58,17,['00-57-26-111'],0,11,G2 G6 G12 G17 G19 G24 R12 R13 R22 R23 R24,3D,Yes,1.5,0.8
1519,./unit1/camera_data/image_BS1_7328_00_57_26.jpg,./unit1/mmWave_data/mmWave_power_1518.txt,./unit1/GPS_data/gps_location.txt,./unit2/GPS_data/gps_location_1518.txt,,59,17,['00-57-26-222'],0,16,G2 G6 G12 G17 G19 G24 R12 R13 R22 R23 R24 E13 E15 E21 E27 E30,3D,Yes,1.5,0.8
1520,./unit1/camera_data/image_BS1_7329_00_57_26.jpg,./unit1/mmWave_data/mmWave_power_1519.txt,./unit1/GPS_data/gps_location.txt,./unit2/GPS_data/gps_location_1519.txt,,59,17,['00-57-26-333'],0,16,G2 G6 G12 G17 G19 G24 R12 R13 R22 R23 R24 E13 E15 E21 E27 E30,3D,Yes,1.5,0.8
1521,./unit1/camera_data/image_BS1_7330_00_57_26.jpg,./unit1/mmWave_data/mmWave_power_1520.txt,./unit1/GPS_data/gps_location.txt,./unit2/GPS_data/gps_location_1520.txt,,60,17,['00-57-26-444'],0,16,G2 G6 G12 G17 G19 G24 R12 R13 R22 R23 R24 E13 E15 E21 E27 E30,3D,Yes,1.5,0.8
1522,./unit1/camera_data/image_BS1_7331_00_57_26.jpg,./unit1/mmWave_data/mmWave_power_1521.txt,./unit1/GPS_data/gps_location.txt,./unit2/GPS_data/gps_location_1521.txt,,59,17,['00-57-26-555'],0,21,G2 G6 G12 G17 G19 G24 R12 R13 R22 R23 R24 E13 E15 E21 E27 E30 B11 B12 B24 B25 B26,3D,Yes,1.5,0.8
1523,./unit1/camera_data/image_BS1_7332_00_57_26.jpg,./unit1/mmWave_data/mmWave_power_1522.txt,./unit1/GPS_data/gps_location.txt,./unit2/GPS_data/gps_location_1522.txt,,62,17,['00-57-26-666'],0,16,G2 G6 G12 G17 G19 G24 R12 R13 R22 R23 R24 E13 E15 E21 E27 E30,3D,Yes,1.5,0.8
1524,./unit1/camera_data/image_BS1_7333_00_57_26.jpg,./unit1/mmWave_data/mmWave_power_1523.txt,./unit1/GPS_data/gps_location.txt,./unit2/GPS_data/gps_location_1523.txt,,62,17,['00-57-26-777'],0,16,G2 G6 G12 G17 G19 G24 R12 R13 R22 R23 R24 E13 E15 E21 E27 E30,3D,Yes,1.5,0.8
1525,./unit1/camera_data/image_BS1_7334_00_57_26.jpg,./unit1/mmWave_data/mmWave_power_1524.txt,./unit1/GPS_data/gps_location.txt,./unit2/GPS_data/gps_location_1524.txt,,62,17,['00-57-26-888'],0,16,G2 G6 G12 G17 G19 G24 R12 R13 R22 R23 R24 E13 E15 E21 E27 E30,3D,Yes,1.5,0.8
1526,./unit1/camera_data/image_BS1_7335_00_57_27.jpg,./unit1/mmWave_data/mmWave_power_1525.txt,./unit1/GPS_data/gps_location.txt,./unit2/GPS_data/gps_location_1525.txt,,62,17,['00-57-27-0'],0,11,G2 G6 G12 G17 G19 G24 R12 R13 R22 R23 R24,3D,Yes,1.5,0.8
1527,./unit1/camera_data/image_BS1_7336_00_57_27.jpg,./unit1/mmWave_data/mmWave_power_1526.txt,./unit1/GPS_data/gps_location.txt,./unit2/GPS_data/gps_location_1526.txt,,62,17,['00-57-27-125'],0,11,G2 G6 G12 G17 G19 G24 R12 R13 R22 R23 R24,3D,Yes,1.5,0.8
1528,./unit1/camera_data/image_BS1_7337_00_57_27.jpg,./unit1/mmWave_data/mmWave_power_1527.txt,./unit1/GPS_data/gps_location.txt,./unit2/GPS_data/gps_location_1527.txt,,62,17,['00-57-27-250'],0,16,G2 G6 G12 G17 G19 G24 R12 R13 R22 R23 R24 E13 E15 E21 E27 E30,3D,Yes,1.5,0.8
1529,./unit1/camera_data/image_BS1_7338_00_57_27.jpg,./unit1/mmWave_data/mmWave_power_1528.txt,./unit1/GPS_data/gps_location.txt,./unit2/GPS_data/gps_location_1528.txt,,62,17,['00-57-27-375'],0,16,G2 G6 G12 G17 G19 G24 R12 R13 R22 R23 R24 E13 E15 E21 E27 E30,3D,Yes,1.4,0.7
1541,./unit1/camera_data/image_BS1_7568_00_58_01.jpg,./unit1/mmWave_data/mmWave_power_1540.txt,./unit1/GPS_data/gps_location.txt,./unit2/GPS_data/gps_location_1540.txt,,61,18,['00-58-01-0'],1,6,G2 G6 G12 G17 G19 G24,3D,Yes,1.4,0.8
1542,./unit1/camera_data/image_BS1_7569_00_58_01.jpg,./unit1/mmWave_data/mmWave_power_1541.txt,./unit1/GPS_data/gps_location.txt,./unit2/GPS_data/gps_location_1541.txt,,62,18,['00-58-01-500'],1,11,G2 G6 G12 G17 G19 G24 R12 R13 R22 R23 R24,3D,Yes,1.4,0.8
1543,./unit1/camera_data/image_BS1_7570_00_58_02.jpg,./unit1/mmWave_data/mmWave_power_1542.txt,./unit1/GPS_data/gps_location.txt,./unit2/GPS_data/gps_location_1542.txt,,59,18,['00-58-02-0'],1,16,G2 G6 G12 G17 G19 G24 R12 R13 R22 R23 R24 E13 E15 E21 E27 E30,3D,Yes,1.4,0.7
1544,./unit1/camera_data/image_BS1_7571_00_58_02.jpg,./unit1/mmWave_data/mmWave_power_1543.txt,./unit1/GPS_data/gps_location.txt,./unit2/GPS_data/gps_location_1543.txt,,61,18,['00-58-02-125'],1,16,G2 G6 G12 G17 G19 G24 R12 R13 R22 R23 R24 E13 E15 E21 E27 E30,3D,Yes,1.4,0.8
1545,./unit1/camera_data/image_BS1_7572_00_58_02.jpg,./unit1/mmWave_data/mmWave_power_1544.txt,./unit1/GPS_data/gps_location.txt,./unit2/GPS_data/gps_location_1544.txt,,60,18,['00-58-02-250'],1,16,G2 G6 G12 G17 G19 G24 R12 R13 R22 R23 R24 E13 E15 E21 E27 E30,3D,Yes,1.4,0.7
1546,./unit1/camera_data/image_BS1_7573_00_58_02.jpg,./unit1/mmWave_data/mmWave_power_1545.txt,./unit1/GPS_data/gps_location.txt,./unit2/GPS_data/gps_location_1545.txt,,57,18,['00-58-02-375'],1,20,G2 G6 G12 G17 G19 G24 R12 R13 R22 R23 R24 E13 E15 E21 E27 E30 B11 B12 B24 B25,3D,Yes,1.4,0.7
1547,./unit1/camera_data/image_BS1_7574_00_58_02.jpg,./unit1/mmWave_data/mmWave_power_1546.txt,./unit1/GPS_data/gps_location.txt,./unit2/GPS_data/gps_location_1546.txt,,58,18,['00-58-02-500'],1,11,G2 G6 G12 G17 G19 G24 R12 R13 R22 R23 R24,3D,Yes,1.4,0.7
1548,./unit1/camera_data/image_BS1_7575_00_58_02.jpg,./unit1/mmWave_data/mmWave_power_1547.txt,./unit1/GPS_data/gps_location.txt,./unit2/GPS_data/gps_location_1547.txt,,58,18,['00-58-02-625'],1,16,G2 G6 G12 G17 G19 G24 R12 R13 R22 R23 R24 E13 E15 E21 E27 E30,3D,Yes,1.4,0.7
1549,./unit1/camera_data/image_BS1_7576_00_58_02.jpg,./unit1/mmWave_data/mmWave_power_1548.txt,./unit1/GPS_data/gps_location.txt,./unit2/GPS_data/gps_location_1548.txt,,57,18,['00-58-02-750'],1,11,G2 G6 G12 G17 G19 G24 R12 R13 R22 R23 R24,3D,Yes,1.4,0.7
1550,./unit1/camera_data/image_BS1_7577_00_58_02.jpg,./unit1/mmWave_data/mmWave_power_1549.txt,./unit1/GPS_data/gps_location.txt,./unit2/GPS_data/gps_location_1549.txt,,58,18,['00-58-02-875'],1,11,G2 G6 G12 G17 G19 G24 R12 R13 R22 R23 R24,3D,Yes,1.4,0.7
1551,./unit1/camera_data/image_BS1_7578_00_58_03.jpg,./unit1/mmWave_data/mmWave_power_1550.txt,./unit1/GPS_data/gps_location.txt,./unit2/GPS_data/gps_location_1550.txt,,55,18,['00-58-03-0'],1,16,G2 G6 G12 G17 G19 G24 R12 R13 R22 R23 R24 E13 E15 E21 E27 E30,3D,Yes,1.4,0.7
1552,./unit1/camera_data/image_BS1_7579_00_58_03.jpg,./unit1/mmWave_data/mmWave_power_1551.txt,./unit1/GPS_data/gps_location.txt,./unit2/GPS_data/gps_location_1551.txt,,54,18,['00-58-03-142'],1,11,G2 G6 G12 G17 G19 G24 R12 R13 R22 R23 R24,3D,Yes,1.4,0.7
1553,./unit1/camera_data/image_BS1_7580_00_58_03.jpg,./unit1/mmWave_data/mmWave_power_1552.txt,./unit1/GPS_data/gps_location.txt,./unit2/GPS_data/gps_location_1552.txt,,54,18,['00-58-03-284'],1,16,G2 G6 G12 G17 G19 G24 R12 R13 R22 R23 R24 E13 E15 E21 E27 E30,3D,Yes,1.4,0.8
1554,./unit1/camera_data/image_BS1_7581_00_58_03.jpg,./unit1/mmWave_data/mmWave_power_1553.txt,./unit1/GPS_data/gps_location.txt,./unit2/GPS_data/gps_location_1553.txt,,51,18,['00-58-03-426'],1,20,G2 G6 G12 G17 G19 G24 R12 R13 R22 R23 R24 E13 E15 E21 E27 E30 B11 B12 B24 B25,3D,Yes,1.4,0.8
1555,./unit1/camera_data/image_BS1_7582_00_58_03.jpg,./unit1/mmWave_data/mmWave_power_1554.txt,./unit1/GPS_data/gps_location.txt,./unit2/GPS_data/gps_location_1554.txt,,53,18,['00-58-03-568'],1,16,G2 G6 G12 G17 G19 G24 R12 R13 R22 R23 R24 E13 E15 E21 E27 E30,3D,Yes,1.4,0.8
1556,./unit1/camera_data/image_BS1_7583_00_58_03.jpg,./unit1/mmWave_data/mmWave_power_1555.txt,./unit1/GPS_data/gps_location.txt,./unit2/GPS_data/gps_location_1555.txt,,51,18,['00-58-03-710'],1,16,G2 G6 G12 G17 G19 G24 R12 R13 R22 R23 R24 E13 E15 E21 E27 E30,3D,Yes,1.4,0.8
1557,./unit1/camera_data/image_BS1_7584_00_58_03.jpg,./unit1/mmWave_data/mmWave_power_1556.txt,./unit1/GPS_data/gps_location.txt,./unit2/GPS_data/gps_location_1556.txt,,51,18,['00-58-03-852'],1,16,G2 G6 G12 G17 G19 G24 R12 R13 R22 R23 R24 E13 E15 E21 E27 E30,3D,Yes,1.5,0.8
1558,./unit1/camera_data/image_BS1_7585_00_58_04.jpg,./unit1/mmWave_data/mmWave_power_1557.txt,./unit1/GPS_data/gps_location.txt,./unit2/GPS_data/gps_location_1557.txt,,51,18,['00-58-04-0'],1,11,G2 G6 G12 G17 G19 G24 R12 R13 R22 R23 R24,3D,Yes,1.5,0.8
1559,./unit1/camera_data/image_BS1_7586_00_58_04.jpg,./unit1/mmWave_data/mmWave_power_1558.txt,./unit1/GPS_data/gps_location.txt,./unit2/GPS_data/gps_location_1558.txt,,51,18,['00-58-04-111'],1,16,G2 G6 G12 G17 G19 G24 R12 R13 R22 R23 R24 E13 E15 E21 E27 E30,3D,Yes,1.6,0.8
1560,./unit1/camera_data/image_BS1_7587_00_58_04.jpg,./unit1/mmWave_data/mmWave_power_1559.txt,./unit1/GPS_data/gps_location.txt,./unit2/GPS_data/gps_location_1559.txt,,48,18,['00-58-04-222'],1,16,G2 G6 G12 G17 G19 G24 R12 R13 R22 R23 R24 E13 E15 E21 E27 E30,3D,Yes,1.4,0.7
1561,./unit1/camera_data/image_BS1_7588_00_58_04.jpg,./unit1/mmWave_data/mmWave_power_1560.txt,./unit1/GPS_data/gps_location.txt,./unit2/GPS_data/gps_location_1560.txt,,48,18,['00-58-04-333'],1,16,G2 G6 G12 G17 G19 G24 R12 R13 R22 R23 R24 E13 E15 E21 E27 E30,3D,Yes,1.4,0.7
1562,./unit1/camera_data/image_BS1_7589_00_58_04.jpg,./unit1/mmWave_data/mmWave_power_1561.txt,./unit1/GPS_data/gps_location.txt,./unit2/GPS_data/gps_location_1561.txt,,46,18,['00-58-04-444'],1,11,G2 G6 G12 G17 G19 G24 R12 R13 R22 R23 R24,3D,Yes,1.4,0.7
1563,./unit1/camera_data/image_BS1_7590_00_58_04.jpg,./unit1/mmWave_data/mmWave_power_1562.txt,./unit1/GPS_data/gps_location.txt,./unit2/GPS_data/gps_location_1562.txt,,45,18,['00-58-04-555'],1,20,G2 G6 G12 G17 G19 G24 R12 R13 R22 R23 R24 E13 E15 E21 E27 E30 B11 B12 B24 B25,3D,Yes,1.5,0.8
1564,./unit1/camera_data/image_BS1_7591_00_58_04.jpg,./unit1/mmWave_data/mmWave_power_1563.txt,./unit1/GPS_data/gps_location.txt,./unit2/GPS_data/gps_location_1563.txt,,45,18,['00-58-04-666'],1,11,G2 G6 G12 G17 G19 G24 R12 R13 R22 R23 R24,3D,Yes,1.5,0.8
1565,./unit1/camera_data/image_BS1_7592_00_58_04.jpg,./unit1/mmWave_data/mmWave_power_1564.txt,./unit1/GPS_data/gps_location.txt,./unit2/GPS_data/gps_location_1564.txt,,44,18,['00-58-04-777'],1,6,G2 G6 G12 G17 G19 G24,3D,Yes,1.4,0.7
1566,./unit1/camera_data/image_BS1_7593_00_58_04.jpg,./unit1/mmWave_data/mmWave_power_1565.txt,./unit1/GPS_data/gps_location.txt,./unit2/GPS_data/gps_location_1565.txt,,43,18,['00-58-04-888'],1,16,G2 G6 G12 G17 G19 G24 R12 R13 R22 R23 R24 E13 E15 E21 E27 E30,3D,Yes,1.6,0.8
1567,./unit1/camera_data/image_BS1_7594_00_58_05.jpg,./unit1/mmWave_data/mmWave_power_1566.txt,./unit1/GPS_data/gps_location.txt,./unit2/GPS_data/gps_location_1566.txt,,42,18,['00-58-05-0'],1,16,G2 G6 G12 G17 G19 G24 R12 R13 R22 R23 R24 E13 E15 E21 E27 E30,3D,Yes,1.6,0.8
1568,./unit1/camera_data/image_BS1_7595_00_58_05.jpg,./unit1/mmWave_data/mmWave_power_1567.txt,./unit1/GPS_data/gps_location.txt,./unit2/GPS_data/gps_location_1567.txt,,41,18,['00-58-05-142'],1,16,G2 G6 G12 G17 G19 G24 R12 R13 R22 R23 R24 E13 E15 E21 E27 E30,3D,Yes,1.6,0.8
1569,./unit1/camera_data/image_BS1_7596_00_58_05.jpg,./unit1/mmWave_data/mmWave_power_1568.txt,./unit1/GPS_data/gps_location.txt,./unit2/GPS_data/gps_location_1568.txt,,40,18,['00-58-05-284'],1,16,G2 G6 G12 G17 G19 G24 R12 R13 R22 R23 R24 E13 E15 E21 E27 E30,3D,Yes,1.4,0.7
1570,./unit1/camera_data/image_BS1_7597_00_58_05.jpg,./unit1/mmWave_data/mmWave_power_1569.txt,./unit1/GPS_data/gps_location.txt,./unit2/GPS_data/gps_location_1569.txt,,38,18,['00-58-05-426'],1,16,G2 G6 G12 G17 G19 G24 R12 R13 R22 R23 R24 E13 E15 E21 E27 E30,3D,Yes,1.6,0.8
1571,./unit1/camera_data/image_BS1_7598_00_58_05.jpg,./unit1/mmWave_data/mmWave_power_1570.txt,./unit1/GPS_data/gps_location.txt,./unit2/GPS_data/gps_location_1570.txt,,38,18,['00-58-05-568'],1,16,G2 G6 G12 G17 G19 G24 R12 R13 R22 R23 R24 E13 E15 E21 E27 E30,3D,Yes,1.6,0.8
1572,./unit1/camera_data/image_BS1_7599_00_58_05.jpg,./unit1/mmWave_data/mmWave_power_1571.txt,./unit1/GPS_data/gps_location.txt,./unit2/GPS_data/gps_location_1571.txt,,38,18,['00-58-05-710'],1,16,G2 G6 G12 G17 G19 G24 R12 R13 R22 R23 R24 E13 E15 E21 E27 E30,3D,Yes,1.8,0.8
1573,./unit1/camera_data/image_BS1_7600_00_58_05.jpg,./unit1/mmWave_data/mmWave_power_1572.txt,./unit1/GPS_data/gps_location.txt,./unit2/GPS_data/gps_location_1572.txt,,37,18,['00-58-05-852'],1,16,G2 G6 G12 G17 G19 G24 R12 R13 R22 R23 R24 E13 E15 E21 E27 E30,3D,Yes,1.8,0.8
1574,./unit1/camera_data/image_BS1_7601_00_58_06.jpg,./unit1/mmWave_data/mmWave_power_1573.txt,./unit1/GPS_data/gps_location.txt,./unit2/GPS_data/gps_location_1573.txt,,36,18,['00-58-06-0'],1,16,G2 G6 G12 G17 G19 G24 R12 R13 R22 R23 R24 E13 E15 E21 E27 E30,3D,Yes,1.6,0.8
1575,./unit1/camera_data/image_BS1_7602_00_58_06.jpg,./unit1/mmWave_data/mmWave_power_1574.txt,./unit1/GPS_data/gps_location.txt,./unit2/GPS_data/gps_location_1574.txt,,35,18,['00-58-06-125'],1,16,G2 G6 G12 G17 G19 G24 R12 R13 R22 R23 R24 E13 E15 E21 E27 E30,3D,Yes,1.8,0.9
1576,./unit1/camera_data/image_BS1_7603_00_58_06.jpg,./unit1/mmWave_data/mmWave_power_1575.txt,./unit1/GPS_data/gps_location.txt,./unit2/GPS_data/gps_location_1575.txt,,32,18,['00-58-06-250'],1,16,G2 G6 G12 G17 G19 G24 R12 R13 R22 R23 R24 E13 E15 E21 E27 E30,3D,Yes,1.5,0.8
1577,./unit1/camera_data/image_BS1_7604_00_58_06.jpg,./unit1/mmWave_data/mmWave_power_1576.txt,./unit1/GPS_data/gps_location.txt,./unit2/GPS_data/gps_location_1576.txt,,33,18,['00-58-06-375'],1,16,G2 G6 G12 G17 G19 G24 R12 R13 R22 R23 R24 E13 E15 E21 E27 E30,3D,Yes,1.8,0.8
1578,./unit1/camera_data/image_BS1_7605_00_58_06.jpg,./unit1/mmWave_data/mmWave_power_1577.txt,./unit1/GPS_data/gps_location.txt,./unit2/GPS_data/gps_location_1577.txt,,31,18,['00-58-06-500'],1,11,G2 G6 G12 G17 G19 G24 R12 R13 R22 R23 R24,3D,Yes,1.6,0.8
1579,./unit1/camera_data/image_BS1_7606_00_58_06.jpg,./unit1/mmWave_data/mmWave_power_1578.txt,./unit1/GPS_data/gps_location.txt,./unit2/GPS_data/gps_location_1578.txt,,31,18,['00-58-06-625'],1,20,G2 G6 G12 G17 G19 G24 R12 R13 R22 R23 R24 E13 E15 E21 E27 E30 B11 B12 B24 B25,3D,Yes,1.6,0.8
1580,./unit1/camera_data/image_BS1_7607_00_58_06.jpg,./unit1/mmWave_data/mmWave_power_1579.txt,./unit1/GPS_data/gps_location.txt,./unit2/GPS_data/gps_location_1579.txt,,28,18,['00-58-06-750'],1,11,G2 G6 G12 G17 G19 G24 R12 R13 R22 R23 R24,3D,Yes,1.8,0.8
1581,./unit1/camera_data/image_BS1_7608_00_58_06.jpg,./unit1/mmWave_data/mmWave_power_1580.txt,./unit1/GPS_data/gps_location.txt,./unit2/GPS_data/gps_location_1580.txt,,28,18,['00-58-06-875'],1,16,G2 G6 G12 G17 G19 G24 R12 R13 R22 R23 R24 E13 E15 E21 E27 E30,3D,Yes,1.8,0.8
1582,./unit1/camera_data/image_BS1_7609_00_58_07.jpg,./unit1/mmWave_data/mmWave_power_1581.txt,./unit1/GPS_data/gps_location.txt,./unit2/GPS_data/gps_location_1581.txt,,28,18,['00-58-07-0'],1,16,G2 G6 G12 G17 G19 G24 R12 R13 R22 R23 R24 E13 E15 E21 E27 E30,3D,Yes,1.6,0.8
1583,./unit1/camera_data/image_BS1_7610_00_58_07.jpg,./unit1/mmWave_data/mmWave_power_1582.txt,./unit1/GPS_data/gps_location.txt,./unit2/GPS_data/gps_location_1582.txt,,26,18,['00-58-07-125'],1,11,G2 G6 G12 G17 G19 G24 R12 R13 R22 R23 R24,3D,Yes,1.4,0.7
1584,./unit1/camera_data/image_BS1_7611_00_58_07.jpg,./unit1/mmWave_data/mmWave_power_1583.txt,./unit1/GPS_data/gps_location.txt,./unit2/GPS_data/gps_location_1583.txt,,26,18,['00-58-07-250'],1,16,G2 G6 G12 G17 G19 G24 R12 R13 R22 R23 R24 E13 E15 E21 E27 E30,3D,Yes,1.6,0.8
1585,./unit1/camera_data/image_BS1_7612_00_58_07.jpg,./unit1/mmWave_data/mmWave_power_1584.txt,./unit1/GPS_data/gps_location.txt,./unit2/GPS_data/gps_location_1584.txt,,22,18,['00-58-07-375'],1,20,G2 G6 G12 G17 G19 G24 R12 R13 R22 R23 R24 E13 E15 E21 E27 E30 B11 B12 B24 B25,3D,Yes,1.8,0.8
1586,./unit1/camera_data/image_BS1_7613_00_58_07.jpg,./unit1/mmWave_data/mmWave_power_1585.txt,./unit1/GPS_data/gps_location.txt,./unit2/GPS_data/gps_location_1585.txt,,22,18,['00-58-07-500'],1,11,G2 G6 G12 G17 G19 G24 R12 R13 R22 R23 R24,3D,Yes,1.8,0.8
1587,./unit1/camera_data/image_BS1_7614_00_58_07.jpg,./unit1/mmWave_data/mmWave_power_1586.txt,./unit1/GPS_data/gps_location.txt,./unit2/GPS_data/gps_location_1586.txt,,22,18,['00-58-07-625'],1,20,G2 G6 G12 G17 G19 G24 R12 R13 R22 R23 R24 E13 E15 E21 E27 E30 B11 B12 B24 B25,3D,Yes,1.8,0.8
1588,./unit1/camera_data/image_BS1_7615_00_58_07.jpg,./unit1/mmWave_data/mmWave_power_1587.txt,./unit1/GPS_data/gps_location.txt,./unit2/GPS_data/gps_location_1587.txt,,22,18,['00-58-07-750'],1,11,G2 G6 G12 G17 G19 G24 R12 R13 R22 R23 R24,3D,Yes,1.6,0.8
1589,./unit1/camera_data/image_BS1_7616_00_58_07.jpg,./unit1/mmWave_data/mmWave_power_1588.txt,./unit1/GPS_data/gps_location.txt,./unit2/GPS_data/gps_location_1588.txt,,21,18,['00-58-07-875'],1,16,G2 G6 G12 G17 G19 G24 R12 R13 R22 R23 R24 E13 E15 E21 E27 E30,3D,Yes,1.6,0.8
1590,./unit1/camera_data/image_BS1_7617_00_58_08.jpg,./unit1/mmWave_data/mmWave_power_1589.txt,./unit1/GPS_data/gps_location.txt,./unit2/GPS_data/gps_location_1589.txt,,19,18,['00-58-08-0'],1,16,G2 G6 G12 G17 G19 G24 R12 R13 R22 R23 R24 E13 E15 E21 E27 E30,3D,Yes,1.8,0.8
1591,./unit1/camera_data/image_BS1_7618_00_58_09.jpg,./unit1/mmWave_data/mmWave_power_1590.txt,./unit1/GPS_data/gps_location.txt,./unit2/GPS_data/gps_location_1590.txt,,7,18,['00-58-09-0'],1,11,G2 G6 G12 G17 G19 G24 R12 R13 R22 R23 R24,3D,Yes,1.5,0.8
1592,./unit1/camera_data/image_BS1_7619_00_58_10.jpg,./unit1/mmWave_data/mmWave_power_1591.txt,./unit1/GPS_data/gps_location.txt,./unit2/GPS_data/gps_location_1591.txt,,18,18,['00-58-10-0'],1,16,G2 G6 G12 G17 G19 G24 R12 R13 R22 R23 R24 E13 E15 E21 E27 E30,3D,Yes,1.6,0.8
1593,./unit1/camera_data/image_BS1_7620_00_58_10.jpg,./unit1/mmWave_data/mmWave_power_1592.txt,./unit1/GPS_data/gps_location.txt,./unit2/GPS_data/gps_location_1592.txt,,44,18,['00-58-10-333'],1,16,G2 G6 G12 G17 G19 G24 R12 R13 R22 R23 R24 E13 E15 E21 E27 E30,3D,Yes,1.6,0.8
1594,./unit1/camera_data/image_BS1_7621_00_58_10.jpg,./unit1/mmWave_data/mmWave_power_1593.txt,./unit1/GPS_data/gps_location.txt,./unit2/GPS_data/gps_location_1593.txt,,3,18,['00-58-10-666'],1,11,G2 G6 G12 G17 G19 G24 R12 R13 R22 R23 R24,3D,Yes,1.4,0.7
1595,./unit1/camera_data/image_BS1_7820_00_58_41.jpg,./unit1/mmWave_data/mmWave_power_1594.txt,./unit1/GPS_data/gps_location.txt,./unit2/GPS_data/gps_location_1594.txt,,13,19,['00-58-41-0'],0,16,G2 G6 G12 G17 G19 G24 R12 R13 R22 R23 R24 E13 E15 E21 E27 E30,3D,Yes,1.5,0.8
1596,./unit1/camera_data/image_BS1_7821_00_58_41.jpg,./unit1/mmWave_data/mmWave_power_1595.txt,./unit1/GPS_data/gps_location.txt,./unit2/GPS_data/gps_location_1595.txt,,13,19,['00-58-41-500'],0,16,G2 G6 G12 G17 G19 G24 R12 R13 R22 R23 R24 E13 E15 E21 E27 E30,3D,Yes,1.8,0.8
1597,./unit1/camera_data/image_BS1_7822_00_58_42.jpg,./unit1/mmWave_data/mmWave_power_1596.txt,./unit1/GPS_data/gps_location.txt,./unit2/GPS_data/gps_location_1596.txt,,13,19,['00-58-42-0'],0,16,G2 G6 G12 G17 G19 G24 R12 R13 R22 R23 R24 E13 E15 E21 E27 E30,3D,Yes,1.8,0.8
1598,./unit1/camera_data/image_BS1_7823_00_58_42.jpg,./unit1/mmWave_data/mmWave_power_1597.txt,./unit1/GPS_data/gps_location.txt,./unit2/GPS_data/gps_location_1597.txt,,13,19,['00-58-42-125'],0,20,G2 G6 G12 G17 G19 G24 R12 R13 R22 R23 R24 E13 E15 E21 E27 E30 B11 B12 B24 B25,3D,Yes,1.8,0.8
1599,./unit1/camera_data/image_BS1_7824_00_58_42.jpg,./unit1/mmWave_data/mmWave_power_1598.txt,./unit1/GPS_data/gps_location.txt,./unit2/GPS_data/gps_location_1598.txt,,14,19,['00-58-42-250'],0,16,G2 G6 G12 G17 G19 G24 R12 R13 R22 R23 R24 E13 E15 E21 E27 E30,3D,Yes,1.8,0.8
1600,./unit1/camera_data/image_BS1_7825_00_58_42.jpg,./unit1/mmWave_data/mmWave_power_1599.txt,./unit1/GPS_data/gps_location.txt,./unit2/GPS_data/gps_location_1599.txt,,16,19,['00-58-42-375'],0,16,G2 G6 G12 G17 G19 G24 R12 R13 R22 R23 R24 E13 E15 E21 E27 E30,3D,Yes,1.8,0.8
1601,./unit1/camera_data/image_BS1_7826_00_58_42.jpg,./unit1/mmWave_data/mmWave_power_1600.txt,./unit1/GPS_data/gps_location.txt,./unit2/GPS_data/gps_location_1600.txt,,16,19,['00-58-42-500'],0,20,G2 G6 G12 G17 G19 G24 R12 R13 R22 R23 R24 E13 E15 E21 E27 E30 B11 B12 B24 B25,3D,Yes,1.5,0.8
1602,./unit1/camera_data/image_BS1_7827_00_58_42.jpg,./unit1/mmWave_data/mmWave_power_1601.txt,./unit1/GPS_data/gps_location.txt,./unit2/GPS_data/gps_location_1601.txt,,16,19,['00-58-42-625'],0,6,G2 G6 G12 G17 G19 G24,3D,Yes,1.5,0.8
1603,./unit1/camera_data/image_BS1_7828_00_58_42.jpg,./unit1/mmWave_data/mmWave_power_1602.txt,./unit1/GPS_data/gps_location.txt,./unit2/GPS_data/gps_location_1602.txt,,16,19,['00-58-42-750'],0,11,G2 G6 G12 G17 G19 G24 R12 R13 R22 R23 R24,3D,Yes,1.5,0.8
1604,./unit1/camera_data/image_BS1_7829_00_58_42.jpg,./unit1/mmWave_data/mmWave_power_1603.txt,./unit1/GPS_data/gps_location.txt,./unit2/GPS_data/gps_location_1603.txt,,16,19,['00-58-42-875'],0,16,G2 G6 G12 G17 G19 G24 R12 R13 R22 R23 R24 E13 E15 E21 E27 E30,3D,Yes,1.5,0.8
1605,./unit1/camera_data/image_BS1_7830_00_58_43.jpg,./unit1/mmWave_data/mmWave_power_1604.txt,./unit1/GPS_data/gps_location.txt,./unit2/GPS_data/gps_location_1604.txt,,17,19,['00-58-43-0'],0,16,G2 G6 G12 G17 G19 G24 R12 R13 R22 R23 R24 E13 E15 E21 E27 E30,3D,Yes,1.8,0.8
1606,./unit1/camera_data/image_BS1_7831_00_58_43.jpg,./unit1/mmWave_data/mmWave_power_1605.txt,./unit1/GPS_data/gps_location.txt,./unit2/GPS_data/gps_location_1605.txt,,16,19,['00-58-43-125'],0,16,G2 G6 G12 G17 G19 G24 R12 R13 R22 R23 R24 E13 E15 E21 E27 E30,3D,Yes,1.8,0.8
1607,./unit1/camera_data/image_BS1_7832_00_58_43.jpg,./unit1/mmWave_data/mmWave_power_1606.txt,./unit1/GPS_data/gps_location.txt,./unit2/GPS_data/gps_location_1606.txt,,16,19,['00-58-43-250'],0,11,G2 G6 G12 G17 G19 G24 R12 R13 R22 R23 R24,3D,Yes,1.8,0.8
1608,./unit1/camera_data/image_BS1_7833_00_58_43.jpg,./unit1/mmWave_data/mmWave_power_1607.txt,./unit1/GPS_data/gps_location.txt,./unit2/GPS_data/gps_location_1607.txt,,16,19,['00-58-43-375'],0,17,G2 G6 G12 G17 G19 G24 G28 R12 R13 R22 R23 R24 E13 E15 E21 E27 E30,3D,Yes,1.8,0.8
1609,./unit1/camera_data/image_BS1_7834_00_58_43.jpg,./unit1/mmWave_data/mmWave_power_1608.txt,./unit1/GPS_data/gps_location.txt,./unit2/GPS_data/gps_location_1608.txt,,17,19,['00-58-43-500'],0,17,G2 G6 G12 G17 G19 G24 G28 R12 R13 R22 R23 R24 E13 E15 E21 E27 E30,3D,Yes,1.8,0.8
1610,./unit1/camera_data/image_BS1_7835_00_58_43.jpg,./unit1/mmWave_data/mmWave_power_1609.txt,./unit1/GPS_data/gps_location.txt,./unit2/GPS_data/gps_location_1609.txt,,19,19,['00-58-43-625'],0,17,G2 G6 G12 G17 G19 G24 G28 R12 R13 R22 R23 R24 E13 E15 E21 E27 E30,3D,Yes,1.8,0.8
1611,./unit1/camera_data/image_BS1_7836_00_58_43.jpg,./unit1/mmWave_data/mmWave_power_1610.txt,./unit1/GPS_data/gps_location.txt,./unit2/GPS_data/gps_location_1610.txt,,20,19,['00-58-43-750'],0,21,G2 G6 G12 G17 G19 G24 G28 R12 R13 R22 R23 R24 E13 E15 E21 E27 E30 B11 B12 B24 B25,3D,Yes,1.8,0.8
1612,./unit1/camera_data/image_BS1_7837_00_58_43.jpg,./unit1/mmWave_data/mmWave_power_1611.txt,./unit1/GPS_data/gps_location.txt,./unit2/GPS_data/gps_location_1611.txt,,20,19,['00-58-43-875'],0,21,G2 G6 G12 G17 G19 G24 G28 R12 R13 R22 R23 R24 E13 E15 E21 E27 E30 B11 B12 B24 B25,3D,Yes,1.8,0.8
1613,./unit1/camera_data/image_BS1_7838_00_58_44.jpg,./unit1/mmWave_data/mmWave_power_1612.txt,./unit1/GPS_data/gps_location.txt,./unit2/GPS_data/gps_location_1612.txt,,19,19,['00-58-44-0'],0,17,G2 G6 G12 G17 G19 G24 G28 R12 R13 R22 R23 R24 E13 E15 E21 E27 E30,3D,Yes,1.8,0.8
1614,./unit1/camera_data/image_BS1_7839_00_58_44.jpg,./unit1/mmWave_data/mmWave_power_1613.txt,./unit1/GPS_data/gps_location.txt,./unit2/GPS_data/gps_location_1613.txt,,19,19,['00-58-44-111'],0,11,G2 G6 G12 G17 G19 G24 R12 R13 R22 R23 R24,3D,Yes,1.5,0.8
1615,./unit1/camera_data/image_BS1_7840_00_58_44.jpg,./unit1/mmWave_data/mmWave_power_1614.txt,./unit1/GPS_data/gps_location.txt,./unit2/GPS_data/gps_location_1614.txt,,21,19,['00-58-44-222'],0,16,G2 G6 G12 G17 G19 G24 R12 R13 R22 R23 R24 E13 E15 E21 E27 E30,3D,Yes,1.5,0.8
1616,./unit1/camera_data/image_BS1_7841_00_58_44.jpg,./unit1/mmWave_data/mmWave_power_1615.txt,./unit1/GPS_data/gps_location.txt,./unit2/GPS_data/gps_location_1615.txt,,20,19,['00-58-44-333'],0,16,G2 G6 G12 G17 G19 G24 R12 R13 R22 R23 R24 E13 E15 E21 E27 E30,3D,Yes,1.5,0.8
1617,./unit1/camera_data/image_BS1_7842_00_58_44.jpg,./unit1/mmWave_data/mmWave_power_1616.txt,./unit1/GPS_data/gps_location.txt,./unit2/GPS_data/gps_location_1616.txt,,21,19,['00-58-44-444'],0,11,G2 G6 G12 G17 G19 G24 R12 R13 R22 R23 R24,3D,Yes,1.5,0.8
1618,./unit1/camera_data/image_BS1_7843_00_58_44.jpg,./unit1/mmWave_data/mmWave_power_1617.txt,./unit1/GPS_data/gps_location.txt,./unit2/GPS_data/gps_location_1617.txt,,21,19,['00-58-44-555'],0,16,G2 G6 G12 G17 G19 G24 R12 R13 R22 R23 R24 E13 E15 E21 E27 E30,3D,Yes,1.5,0.8
1619,./unit1/camera_data/image_BS1_7844_00_58_44.jpg,./unit1/mmWave_data/mmWave_power_1618.txt,./unit1/GPS_data/gps_location.txt,./unit2/GPS_data/gps_location_1618.txt,,21,19,['00-58-44-666'],0,16,G2 G6 G12 G17 G19 G24 R12 R13 R22 R23 R24 E13 E15 E21 E27 E30,3D,Yes,1.5,0.8
1620,./unit1/camera_data/image_BS1_7845_00_58_44.jpg,./unit1/mmWave_data/mmWave_power_1619.txt,./unit1/GPS_data/gps_location.txt,./unit2/GPS_data/gps_location_1619.txt,,21,19,['00-58-44-777'],0,11,G2 G6 G12 G17 G19 G24 R12 R13 R22 R23 R24,3D,Yes,1.8,0.8
1621,./unit1/camera_data/image_BS1_7846_00_58_44.jpg,./unit1/mmWave_data/mmWave_power_1620.txt,./unit1/GPS_data/gps_location.txt,./unit2/GPS_data/gps_location_1620.txt,,21,19,['00-58-44-888'],0,20,G2 G6 G12 G17 G19 G24 R12 R13 R22 R23 R24 E13 E15 E21 E27 E30 B11 B12 B24 B25,3D,Yes,1.8,0.8
1622,./unit1/camera_data/image_BS1_7847_00_58_45.jpg,./unit1/mmWave_data/mmWave_power_1621.txt,./unit1/GPS_data/gps_location.txt,./unit2/GPS_data/gps_location_1621.txt,,21,19,['00-58-45-0'],0,16,G2 G6 G12 G17 G19 G24 R12 R13 R22 R23 R24 E13 E15 E21 E27 E30,3D,Yes,1.8,0.8
1623,./unit1/camera_data/image_BS1_7848_00_58_45.jpg,./unit1/mmWave_data/mmWave_power_1622.txt,./unit1/GPS_data/gps_location.txt,./unit2/GPS_data/gps_location_1622.txt,,22,19,['00-58-45-125'],0,16,G2 G6 G12 G17 G19 G24 R12 R13 R22 R23 R24 E13 E15 E21 E27 E30,3D,Yes,1.8,0.8
1624,./unit1/camera_data/image_BS1_7849_00_58_45.jpg,./unit1/mmWave_data/mmWave_power_1623.txt,./unit1/GPS_data/gps_location.txt,./unit2/GPS_data/gps_location_1623.txt,,21,19,['00-58-45-250'],0,16,G2 G6 G12 G17 G19 G24 R12 R13 R22 R23 R24 E13 E15 E21 E27 E30,3D,Yes,1.8,0.8
1625,./unit1/camera_data/image_BS1_7850_00_58_45.jpg,./unit1/mmWave_data/mmWave_power_1624.txt,./unit1/GPS_data/gps_location.txt,./unit2/GPS_data/gps_location_1624.txt,,22,19,['00-58-45-375'],0,16,G2 G6 G12 G17 G19 G24 R12 R13 R22 R23 R24 E13 E15 E21 E27 E30,3D,Yes,1.8,0.8
1626,./unit1/camera_data/image_BS1_7851_00_58_45.jpg,./unit1/mmWave_data/mmWave_power_1625.txt,./unit1/GPS_data/gps_location.txt,./unit2/GPS_data/gps_location_1625.txt,,22,19,['00-58-45-500'],0,20,G2 G6 G12 G17 G19 G24 R12 R13 R22 R23 R24 E13 E15 E21 E27 E30 B11 B12 B24 B25,3D,Yes,1.8,0.8
1627,./unit1/camera_data/image_BS1_7852_00_58_45.jpg,./unit1/mmWave_data/mmWave_power_1626.txt,./unit1/GPS_data/gps_location.txt,./unit2/GPS_data/gps_location_1626.txt,,22,19,['00-58-45-625'],0,16,G2 G6 G12 G17 G19 G24 R12 R13 R22 R23 R24 E13 E15 E21 E27 E30,3D,Yes,2,0.9
1628,./unit1/camera_data/image_BS1_7853_00_58_45.jpg,./unit1/mmWave_data/mmWave_power_1627.txt,./unit1/GPS_data/gps_location.txt,./unit2/GPS_data/gps_location_1627.txt,,22,19,['00-58-45-750'],0,16,G2 G6 G12 G17 G19 G24 R12 R13 R22 R23 R24 E13 E15 E21 E27 E30,3D,Yes,2,0.9
1629,./unit1/camera_data/image_BS1_7854_00_58_45.jpg,./unit1/mmWave_data/mmWave_power_1628.txt,./unit1/GPS_data/gps_location.txt,./unit2/GPS_data/gps_location_1628.txt,,22,19,['00-58-45-875'],0,11,G2 G6 G12 G17 G19 G24 R12 R13 R22 R23 R24,3D,Yes,2,0.9
1630,./unit1/camera_data/image_BS1_7855_00_58_46.jpg,./unit1/mmWave_data/mmWave_power_1629.txt,./unit1/GPS_data/gps_location.txt,./unit2/GPS_data/gps_location_1629.txt,,22,19,['00-58-46-0'],0,20,G2 G6 G12 G17 G19 G24 R12 R13 R22 R23 R24 E13 E15 E21 E27 E30 B11 B12 B24 B25,3D,Yes,2,0.9
1631,./unit1/camera_data/image_BS1_7856_00_58_46.jpg,./unit1/mmWave_data/mmWave_power_1630.txt,./unit1/GPS_data/gps_location.txt,./unit2/GPS_data/gps_location_1630.txt,,22,19,['00-58-46-111'],0,16,G2 G6 G12 G17 G19 G24 R12 R13 R22 R23 R24 E13 E15 E21 E27 E30,3D,Yes,2,0.9
1632,./unit1/camera_data/image_BS1_7857_00_58_46.jpg,./unit1/mmWave_data/mmWave_power_1631.txt,./unit1/GPS_data/gps_location.txt,./unit2/GPS_data/gps_location_1631.txt,,22,19,['00-58-46-222'],0,16,G2 G6 G12 G17 G19 G24 R12 R13 R22 R23 R24 E13 E15 E21 E27 E30,3D,Yes,2,0.9
1633,./unit1/camera_data/image_BS1_7858_00_58_46.jpg,./unit1/mmWave_data/mmWave_power_1632.txt,./unit1/GPS_data/gps_location.txt,./unit2/GPS_data/gps_location_1632.txt,,22,19,['00-58-46-333'],0,16,G2 G6 G12 G17 G19 G24 R12 R13 R22 R23 R24 E13 E15 E21 E27 E30,3D,Yes,2,0.9
1634,./unit1/camera_data/image_BS1_7859_00_58_46.jpg,./unit1/mmWave_data/mmWave_power_1633.txt,./unit1/GPS_data/gps_location.txt,./unit2/GPS_data/gps_location_1633.txt,,22,19,['00-58-46-444'],0,16,G2 G6 G12 G17 G19 G24 R12 R13 R22 R23 R24 E13 E15 E21 E27 E30,3D,Yes,2,0.9
1635,./unit1/camera_data/image_BS1_7860_00_58_46.jpg,./unit1/mmWave_data/mmWave_power_1634.txt,./unit1/GPS_data/gps_location.txt,./unit2/GPS_data/gps_location_1634.txt,,22,19,['00-58-46-555'],0,20,G2 G6 G12 G17 G19 G24 R12 R13 R22 R23 R24 E13 E15 E21 E27 E30 B11 B12 B24 B25,3D,Yes,2,0.9
1636,./unit1/camera_data/image_BS1_7861_00_58_46.jpg,./unit1/mmWave_data/mmWave_power_1635.txt,./unit1/GPS_data/gps_location.txt,./unit2/GPS_data/gps_location_1635.txt,,23,19,['00-58-46-666'],0,16,G2 G6 G12 G17 G19 G24 R12 R13 R22 R23 R24 E13 E15 E21 E27 E30,3D,Yes,2,0.9
1637,./unit1/camera_data/image_BS1_7862_00_58_46.jpg,./unit1/mmWave_data/mmWave_power_1636.txt,./unit1/GPS_data/gps_location.txt,./unit2/GPS_data/gps_location_1636.txt,,23,19,['00-58-46-777'],0,16,G2 G6 G12 G17 G19 G24 R12 R13 R22 R23 R24 E13 E15 E21 E27 E30,3D,Yes,2,0.9
1638,./unit1/camera_data/image_BS1_7863_00_58_46.jpg,./unit1/mmWave_data/mmWave_power_1637.txt,./unit1/GPS_data/gps_location.txt,./unit2/GPS_data/gps_location_1637.txt,,23,19,['00-58-46-888'],0,11,G2 G6 G12 G17 G19 G24 R12 R13 R22 R23 R24,3D,Yes,2,0.9
1639,./unit1/camera_data/image_BS1_7864_00_58_47.jpg,./unit1/mmWave_data/mmWave_power_1638.txt,./unit1/GPS_data/gps_location.txt,./unit2/GPS_data/gps_location_1638.txt,,25,19,['00-58-47-0'],0,16,G2 G6 G12 G17 G19 G24 R12 R13 R22 R23 R24 E13 E15 E21 E27 E30,3D,Yes,1.6,0.8
1640,./unit1/camera_data/image_BS1_7865_00_58_47.jpg,./unit1/mmWave_data/mmWave_power_1639.txt,./unit1/GPS_data/gps_location.txt,./unit2/GPS_data/gps_location_1639.txt,,24,19,['00-58-47-111'],0,11,G2 G6 G12 G17 G19 G24 R12 R13 R22 R23 R24,3D,Yes,1.6,0.8
1641,./unit1/camera_data/image_BS1_7866_00_58_47.jpg,./unit1/mmWave_data/mmWave_power_1640.txt,./unit1/GPS_data/gps_location.txt,./unit2/GPS_data/gps_location_1640.txt,,23,19,['00-58-47-222'],0,16,G2 G6 G12 G17 G19 G24 R12 R13 R22 R23 R24 E13 E15 E21 E27 E30,3D,Yes,1.6,0.8
1642,./unit1/camera_data/image_BS1_7867_00_58_47.jpg,./unit1/mmWave_data/mmWave_power_1641.txt,./unit1/GPS_data/gps_location.txt,./unit2/GPS_data/gps_location_1641.txt,,26,19,['00-58-47-333'],0,16,G2 G6 G12 G17 G19 G24 R12 R13 R22 R23 R24 E13 E15 E21 E27 E30,3D,Yes,1.6,0.8
1643,./unit1/camera_data/image_BS1_7868_00_58_47.jpg,./unit1/mmWave_data/mmWave_power_1642.txt,./unit1/GPS_data/gps_location.txt,./unit2/GPS_data/gps_location_1642.txt,,26,19,['00-58-47-444'],0,20,G2 G6 G12 G17 G19 G24 R12 R13 R22 R23 R24 E13 E15 E21 E27 E30 B11 B12 B24 B25,3D,Yes,1.5,0.8
1644,./unit1/camera_data/image_BS1_7869_00_58_47.jpg,./unit1/mmWave_data/mmWave_power_1643.txt,./unit1/GPS_data/gps_location.txt,./unit2/GPS_data/gps_location_1643.txt,,26,19,['00-58-47-555'],0,16,G2 G6 G12 G17 G19 G24 R12 R13 R22 R23 R24 E13 E15 E21 E27 E30,3D,Yes,1.5,0.8
1645,./unit1/camera_data/image_BS1_7870_00_58_47.jpg,./unit1/mmWave_data/mmWave_power_1644.txt,./unit1/GPS_data/gps_location.txt,./unit2/GPS_data/gps_location_1644.txt,,26,19,['00-58-47-666'],0,11,G2 G6 G12 G17 G19 G24 R12 R13 R22 R23 R24,3D,Yes,1.8,0.8
1646,./unit1/camera_data/image_BS1_7871_00_58_47.jpg,./unit1/mmWave_data/mmWave_power_1645.txt,./unit1/GPS_data/gps_location.txt,./unit2/GPS_data/gps_location_1645.txt,,26,19,['00-58-47-777'],0,16,G2 G6 G12 G17 G19 G24 R12 R13 R22 R23 R24 E13 E15 E21 E27 E30,3D,Yes,1.8,0.8
1647,./unit1/camera_data/image_BS1_7872_00_58_47.jpg,./unit1/mmWave_data/mmWave_power_1646.txt,./unit1/GPS_data/gps_location.txt,./unit2/GPS_data/gps_location_1646.txt,,27,19,['00-58-47-888'],0,16,G2 G6 G12 G17 G19 G24 R12 R13 R22 R23 R24 E13 E15 E21 E27 E30,3D,Yes,1.8,0.8
1648,./unit1/camera_data/image_BS1_7873_00_58_48.jpg,./unit1/mmWave_data/mmWave_power_1647.txt,./unit1/GPS_data/gps_location.txt,./unit2/GPS_data/gps_location_1647.txt,,28,19,['00-58-48-0'],0,11,G2 G6 G12 G17 G19 G24 R12 R13 R22 R23 R24,3D,Yes,1.8,0.8
1649,./unit1/camera_data/image_BS1_7874_00_58_48.jpg,./unit1/mmWave_data/mmWave_power_1648.txt,./unit1/GPS_data/gps_location.txt,./unit2/GPS_data/gps_location_1648.txt,,28,19,['00-58-48-125'],0,11,G2 G6 G12 G17 G19 G24 R12 R13 R22 R23 R24,3D,Yes,1.8,0.8
1650,./unit1/camera_data/image_BS1_7875_00_58_48.jpg,./unit1/mmWave_data/mmWave_power_1649.txt,./unit1/GPS_data/gps_location.txt,./unit2/GPS_data/gps_location_1649.txt,,29,19,['00-58-48-250'],0,16,G2 G6 G12 G17 G19 G24 R12 R13 R22 R23 R24 E13 E15 E21 E27 E30,3D,Yes,1.8,0.8
1651,./unit1/camera_data/image_BS1_7876_00_58_48.jpg,./unit1/mmWave_data/mmWave_power_1650.txt,./unit1/GPS_data/gps_location.txt,./unit2/GPS_data/gps_location_1650.txt,,28,19,['00-58-48-375'],0,20,G2 G6 G12 G17 G19 G24 R12 R13 R22 R23 R24 E13 E15 E21 E27 E30 B11 B12 B24 B25,3D,Yes,1.8,0.8
1652,./unit1/camera_data/image_BS1_7877_00_58_48.jpg,./unit1/mmWave_data/mmWave_power_1651.txt,./unit1/GPS_data/gps_location.txt,./unit2/GPS_data/gps_location_1651.txt,,29,19,['00-58-48-500'],0,16,G2 G6 G12 G17 G19 G24 R12 R13 R22 R23 R24 E13 E15 E21 E27 E30,3D,Yes,1.8,0.8
1653,./unit1/camera_data/image_BS1_7878_00_58_48.jpg,./unit1/mmWave_data/mmWave_power_1652.txt,./unit1/GPS_data/gps_location.txt,./unit2/GPS_data/gps_location_1652.txt,,32,19,['00-58-48-625'],0,20,G2 G6 G12 G17 G19 G24 R12 R13 R22 R23 R24 E13 E15 E21 E27 E30 B11 B12 B24 B25,3D,Yes,1.8,0.8
1654,./unit1/camera_data/image_BS1_7879_00_58_48.jpg,./unit1/mmWave_data/mmWave_power_1653.txt,./unit1/GPS_data/gps_location.txt,./unit2/GPS_data/gps_location_1653.txt,,33,19,['00-58-48-750'],0,16,G2 G6 G12 G17 G19 G24 R12 R13 R22 R23 R24 E13 E15 E21 E27 E30,3D,Yes,1.8,0.8
1655,./unit1/camera_data/image_BS1_7880_00_58_48.jpg,./unit1/mmWave_data/mmWave_power_1654.txt,./unit1/GPS_data/gps_location.txt,./unit2/GPS_data/gps_location_1654.txt,,33,19,['00-58-48-875'],0,16,G2 G6 G12 G17 G19 G24 R12 R13 R22 R23 R24 E13 E15 E21 E27 E30,3D,Yes,1.8,0.8
1656,./unit1/camera_data/image_BS1_7881_00_58_49.jpg,./unit1/mmWave_data/mmWave_power_1655.txt,./unit1/GPS_data/gps_location.txt,./unit2/GPS_data/gps_location_1655.txt,,33,19,['00-58-49-0'],0,16,G2 G6 G12 G17 G19 G24 R12 R13 R22 R23 R24 E13 E15 E21 E27 E30,3D,Yes,1.8,0.8
1657,./unit1/camera_data/image_BS1_7882_00_58_49.jpg,./unit1/mmWave_data/mmWave_power_1656.txt,./unit1/GPS_data/gps_location.txt,./unit2/GPS_data/gps_location_1656.txt,,33,19,['00-58-49-142'],0,16,G2 G6 G12 G17 G19 G24 R12 R13 R22 R23 R24 E13 E15 E21 E27 E30,3D,Yes,1.8,0.8
1658,./unit1/camera_data/image_BS1_7883_00_58_49.jpg,./unit1/mmWave_data/mmWave_power_1657.txt,./unit1/GPS_data/gps_location.txt,./unit2/GPS_data/gps_location_1657.txt,,36,19,['00-58-49-284'],0,16,G2 G6 G12 G17 G19 G24 R12 R13 R22 R23 R24 E13 E15 E21 E27 E30,3D,Yes,1.8,0.8
1659,./unit1/camera_data/image_BS1_7884_00_58_49.jpg,./unit1/mmWave_data/mmWave_power_1658.txt,./unit1/GPS_data/gps_location.txt,./unit2/GPS_data/gps_location_1658.txt,,36,19,['00-58-49-426'],0,20,G2 G6 G12 G17 G19 G24 R12 R13 R22 R23 R24 E13 E15 E21 E27 E30 B11 B12 B24 B25,3D,Yes,1.8,0.8
1660,./unit1/camera_data/image_BS1_7885_00_58_49.jpg,./unit1/mmWave_data/mmWave_power_1659.txt,./unit1/GPS_data/gps_location.txt,./unit2/GPS_data/gps_location_1659.txt,,36,19,['00-58-49-568'],0,11,G2 G6 G12 G17 G19 G24 R12 R13 R22 R23 R24,3D,Yes,1.8,0.8
1661,./unit1/camera_data/image_BS1_7886_00_58_49.jpg,./unit1/mmWave_data/mmWave_power_1660.txt,./unit1/GPS_data/gps_location.txt,./unit2/GPS_data/gps_location_1660.txt,,37,19,['00-58-49-710'],0,16,G2 G6 G12 G17 G19 G24 R12 R13 R22 R23 R24 E13 E15 E21 E27 E30,3D,Yes,1.8,0.8
1662,./unit1/camera_data/image_BS1_7887_00_58_49.jpg,./unit1/mmWave_data/mmWave_power_1661.txt,./unit1/GPS_data/gps_location.txt,./unit2/GPS_data/gps_location_1661.txt,,38,19,['00-58-49-852'],0,16,G2 G6 G12 G17 G19 G24 R12 R13 R22 R23 R24 E13 E15 E21 E27 E30,3D,Yes,1.8,0.8
1663,./unit1/camera_data/image_BS1_7888_00_58_50.jpg,./unit1/mmWave_data/mmWave_power_1662.txt,./unit1/GPS_data/gps_location.txt,./unit2/GPS_data/gps_location_1662.txt,,38,19,['00-58-50-0'],0,16,G2 G6 G12 G17 G19 G24 R12 R13 R22 R23 R24 E13 E15 E21 E27 E30,3D,Yes,1.8,0.8
1664,./unit1/camera_data/image_BS1_7889_00_58_50.jpg,./unit1/mmWave_data/mmWave_power_1663.txt,./unit1/GPS_data/gps_location.txt,./unit2/GPS_data/gps_location_1663.txt,,38,19,['00-58-50-125'],0,16,G2 G6 G12 G17 G19 G24 R12 R13 R22 R23 R24 E13 E15 E21 E27 E30,3D,Yes,1.5,0.8
1665,./unit1/camera_data/image_BS1_7890_00_58_50.jpg,./unit1/mmWave_data/mmWave_power_1664.txt,./unit1/GPS_data/gps_location.txt,./unit2/GPS_data/gps_location_1664.txt,,38,19,['00-58-50-250'],0,16,G2 G6 G12 G17 G19 G24 R12 R13 R22 R23 R24 E13 E15 E21 E27 E30,3D,Yes,1.8,0.8
1666,./unit1/camera_data/image_BS1_7891_00_58_50.jpg,./unit1/mmWave_data/mmWave_power_1665.txt,./unit1/GPS_data/gps_location.txt,./unit2/GPS_data/gps_location_1665.txt,,39,19,['00-58-50-375'],0,20,G2 G6 G12 G17 G19 G24 R12 R13 R22 R23 R24 E13 E15 E21 E27 E30 B11 B12 B24 B25,3D,Yes,1.8,0.8
1667,./unit1/camera_data/image_BS1_7892_00_58_50.jpg,./unit1/mmWave_data/mmWave_power_1666.txt,./unit1/GPS_data/gps_location.txt,./unit2/GPS_data/gps_location_1666.txt,,41,19,['00-58-50-500'],0,11,G2 G6 G12 G17 G19 G24 R12 R13 R22 R23 R24,3D,Yes,1.8,0.8
1668,./unit1/camera_data/image_BS1_7893_00_58_50.jpg,./unit1/mmWave_data/mmWave_power_1667.txt,./unit1/GPS_data/gps_location.txt,./unit2/GPS_data/gps_location_1667.txt,,42,19,['00-58-50-625'],0,20,G2 G6 G12 G17 G19 G24 R12 R13 R22 R23 R24 E13 E15 E21 E27 E30 B11 B12 B24 B25,3D,Yes,1.8,0.8
1669,./unit1/camera_data/image_BS1_7894_00_58_50.jpg,./unit1/mmWave_data/mmWave_power_1668.txt,./unit1/GPS_data/gps_location.txt,./unit2/GPS_data/gps_location_1668.txt,,43,19,['00-58-50-750'],0,16,G2 G6 G12 G17 G19 G24 R12 R13 R22 R23 R24 E13 E15 E21 E27 E30,3D,Yes,1.8,0.8
1670,./unit1/camera_data/image_BS1_7895_00_58_50.jpg,./unit1/mmWave_data/mmWave_power_1669.txt,./unit1/GPS_data/gps_location.txt,./unit2/GPS_data/gps_location_1669.txt,,43,19,['00-58-50-875'],0,16,G2 G6 G12 G17 G19 G24 R12 R13 R22 R23 R24 E13 E15 E21 E27 E30,3D,Yes,1.8,0.8
1671,./unit1/camera_data/image_BS1_7896_00_58_51.jpg,./unit1/mmWave_data/mmWave_power_1670.txt,./unit1/GPS_data/gps_location.txt,./unit2/GPS_data/gps_location_1670.txt,,44,19,['00-58-51-0'],0,16,G2 G6 G12 G17 G19 G24 R12 R13 R22 R23 R24 E13 E15 E21 E27 E30,3D,Yes,1.8,0.8
1672,./unit1/camera_data/image_BS1_7897_00_58_51.jpg,./unit1/mmWave_data/mmWave_power_1671.txt,./unit1/GPS_data/gps_location.txt,./unit2/GPS_data/gps_location_1671.txt,,45,19,['00-58-51-111'],0,16,G2 G6 G12 G17 G19 G24 R12 R13 R22 R23 R24 E13 E15 E21 E27 E30,3D,Yes,1.8,0.8
1673,./unit1/camera_data/image_BS1_7898_00_58_51.jpg,./unit1/mmWave_data/mmWave_power_1672.txt,./unit1/GPS_data/gps_location.txt,./unit2/GPS_data/gps_location_1672.txt,,48,19,['00-58-51-222'],0,16,G2 G6 G12 G17 G19 G24 R12 R13 R22 R23 R24 E13 E15 E21 E27 E30,3D,Yes,1.8,0.8
1674,./unit1/camera_data/image_BS1_7899_00_58_51.jpg,./unit1/mmWave_data/mmWave_power_1673.txt,./unit1/GPS_data/gps_location.txt,./unit2/GPS_data/gps_location_1673.txt,,47,19,['00-58-51-333'],0,16,G2 G6 G12 G17 G19 G24 R12 R13 R22 R23 R24 E13 E15 E21 E27 E30,3D,Yes,1.8,0.8
1675,./unit1/camera_data/image_BS1_7900_00_58_51.jpg,./unit1/mmWave_data/mmWave_power_1674.txt,./unit1/GPS_data/gps_location.txt,./unit2/GPS_data/gps_location_1674.txt,,48,19,['00-58-51-444'],0,20,G2 G6 G12 G17 G19 G24 R12 R13 R22 R23 R24 E13 E15 E21 E27 E30 B11 B12 B24 B25,3D,Yes,1.5,0.8
1676,./unit1/camera_data/image_BS1_7901_00_58_51.jpg,./unit1/mmWave_data/mmWave_power_1675.txt,./unit1/GPS_data/gps_location.txt,./unit2/GPS_data/gps_location_1675.txt,,47,19,['00-58-51-555'],0,16,G2 G6 G12 G17 G19 G24 R12 R13 R22 R23 R24 E13 E15 E21 E27 E30,3D,Yes,1.5,0.8
1677,./unit1/camera_data/image_BS1_7902_00_58_51.jpg,./unit1/mmWave_data/mmWave_power_1676.txt,./unit1/GPS_data/gps_location.txt,./unit2/GPS_data/gps_location_1676.txt,,49,19,['00-58-51-666'],0,11,G2 G6 G12 G17 G19 G24 R12 R13 R22 R23 R24,3D,Yes,1.5,0.8
1678,./unit1/camera_data/image_BS1_7903_00_58_51.jpg,./unit1/mmWave_data/mmWave_power_1677.txt,./unit1/GPS_data/gps_location.txt,./unit2/GPS_data/gps_location_1677.txt,,51,19,['00-58-51-777'],0,11,G2 G6 G12 G17 G19 G24 R12 R13 R22 R23 R24,3D,Yes,1.5,0.8
1679,./unit1/camera_data/image_BS1_7904_00_58_51.jpg,./unit1/mmWave_data/mmWave_power_1678.txt,./unit1/GPS_data/gps_location.txt,./unit2/GPS_data/gps_location_1678.txt,,51,19,['00-58-51-888'],0,11,G2 G6 G12 G17 G19 G24 R12 R13 R22 R23 R24,3D,Yes,1.5,0.8
1680,./unit1/camera_data/image_BS1_7905_00_58_52.jpg,./unit1/mmWave_data/mmWave_power_1679.txt,./unit1/GPS_data/gps_location.txt,./unit2/GPS_data/gps_location_1679.txt,,52,19,['00-58-52-0'],0,11,G2 G6 G12 G17 G19 G24 R12 R13 R22 R23 R24,3D,Yes,1.5,0.8
1681,./unit1/camera_data/image_BS1_7906_00_58_52.jpg,./unit1/mmWave_data/mmWave_power_1680.txt,./unit1/GPS_data/gps_location.txt,./unit2/GPS_data/gps_location_1680.txt,,54,19,['00-58-52-111'],0,16,G2 G6 G12 G17 G19 G24 R12 R13 R22 R23 R24 E13 E15 E21 E27 E30,3D,Yes,1.6,0.8
1682,./unit1/camera_data/image_BS1_7907_00_58_52.jpg,./unit1/mmWave_data/mmWave_power_1681.txt,./unit1/GPS_data/gps_location.txt,./unit2/GPS_data/gps_location_1681.txt,,54,19,['00-58-52-222'],0,20,G2 G6 G12 G17 G19 G24 R12 R13 R22 R23 R24 E13 E15 E21 E27 E30 B11 B12 B24 B25,3D,Yes,1.5,0.8
1683,./unit1/camera_data/image_BS1_7908_00_58_52.jpg,./unit1/mmWave_data/mmWave_power_1682.txt,./unit1/GPS_data/gps_location.txt,./unit2/GPS_data/gps_location_1682.txt,,54,19,['00-58-52-333'],0,16,G2 G6 G12 G17 G19 G24 R12 R13 R22 R23 R24 E13 E15 E21 E27 E30,3D,Yes,1.5,0.8
1684,./unit1/camera_data/image_BS1_7909_00_58_52.jpg,./unit1/mmWave_data/mmWave_power_1683.txt,./unit1/GPS_data/gps_location.txt,./unit2/GPS_data/gps_location_1683.txt,,55,19,['00-58-52-444'],0,16,G2 G6 G12 G17 G19 G24 R12 R13 R22 R23 R24 E13 E15 E21 E27 E30,3D,Yes,1.5,0.8
1685,./unit1/camera_data/image_BS1_7910_00_58_52.jpg,./unit1/mmWave_data/mmWave_power_1684.txt,./unit1/GPS_data/gps_location.txt,./unit2/GPS_data/gps_location_1684.txt,,58,19,['00-58-52-555'],0,20,G2 G6 G12 G17 G19 G24 R12 R13 R22 R23 R24 E13 E15 E21 E27 E30 B11 B12 B24 B25,3D,Yes,1.5,0.8
1686,./unit1/camera_data/image_BS1_7911_00_58_52.jpg,./unit1/mmWave_data/mmWave_power_1685.txt,./unit1/GPS_data/gps_location.txt,./unit2/GPS_data/gps_location_1685.txt,,57,19,['00-58-52-666'],0,11,G2 G6 G12 G17 G19 G24 R12 R13 R22 R23 R24,3D,Yes,1.5,0.8
1687,./unit1/camera_data/image_BS1_7912_00_58_52.jpg,./unit1/mmWave_data/mmWave_power_1686.txt,./unit1/GPS_data/gps_location.txt,./unit2/GPS_data/gps_location_1686.txt,,58,19,['00-58-52-777'],0,11,G2 G6 G12 G17 G19 G24 R12 R13 R22 R23 R24,3D,Yes,1.5,0.8
1688,./unit1/camera_data/image_BS1_7913_00_58_52.jpg,./unit1/mmWave_data/mmWave_power_1687.txt,./unit1/GPS_data/gps_location.txt,./unit2/GPS_data/gps_location_1687.txt,,60,19,['00-58-52-888'],0,11,G2 G6 G12 G17 G19 G24 R12 R13 R22 R23 R24,3D,Yes,1.5,0.8
1689,./unit1/camera_data/image_BS1_7914_00_58_53.jpg,./unit1/mmWave_data/mmWave_power_1688.txt,./unit1/GPS_data/gps_location.txt,./unit2/GPS_data/gps_location_1688.txt,,58,19,['00-58-53-0'],0,20,G2 G6 G12 G17 G19 G24 R12 R13 R22 R23 R24 E13 E15 E21 E27 E30 B11 B12 B24 B25,3D,Yes,1.5,0.8
1690,./unit1/camera_data/image_BS1_7915_00_58_53.jpg,./unit1/mmWave_data/mmWave_power_1689.txt,./unit1/GPS_data/gps_location.txt,./unit2/GPS_data/gps_location_1689.txt,,59,19,['00-58-53-333'],0,11,G2 G6 G12 G17 G19 G24 R12 R13 R22 R23 R24,3D,Yes,1.5,0.8
1691,./unit1/camera_data/image_BS1_7916_00_58_53.jpg,./unit1/mmWave_data/mmWave_power_1690.txt,./unit1/GPS_data/gps_location.txt,./unit2/GPS_data/gps_location_1690.txt,,61,19,['00-58-53-666'],0,11,G2 G6 G12 G17 G19 G24 R12 R13 R22 R23 R24,3D,Yes,1.5,0.8
1692,./unit1/camera_data/image_BS1_8431_01_00_11.jpg,./unit1/mmWave_data/mmWave_power_1745.txt,./unit1/GPS_data/gps_location.txt,./unit2/GPS_data/gps_location_1745.txt,,2,20,['01-00-11-0'],0,6,G2 G6 G12 G17 G19 G24,3D,Yes,1.8,0.8
1693,./unit1/camera_data/image_BS1_8432_01_00_11.jpg,./unit1/mmWave_data/mmWave_power_1746.txt,./unit1/GPS_data/gps_location.txt,./unit2/GPS_data/gps_location_1746.txt,,2,20,['01-00-11-500'],0,16,G2 G6 G12 G17 G19 G24 R12 R13 R22 R23 R24 E13 E15 E21 E27 E30,3D,Yes,1.8,0.8
1694,./unit1/camera_data/image_BS1_8433_01_00_12.jpg,./unit1/mmWave_data/mmWave_power_1747.txt,./unit1/GPS_data/gps_location.txt,./unit2/GPS_data/gps_location_1747.txt,,2,20,['01-00-12-0'],0,11,G2 G6 G12 G17 G19 G24 R12 R13 R22 R23 R24,3D,Yes,1.8,0.8
1695,./unit1/camera_data/image_BS1_8434_01_00_12.jpg,./unit1/mmWave_data/mmWave_power_1748.txt,./unit1/GPS_data/gps_location.txt,./unit2/GPS_data/gps_location_1748.txt,,2,20,['01-00-12-125'],0,16,G2 G6 G12 G17 G19 G24 R12 R13 R22 R23 R24 E13 E15 E21 E27 E30,3D,Yes,2.4,0.9
1696,./unit1/camera_data/image_BS1_8435_01_00_12.jpg,./unit1/mmWave_data/mmWave_power_1749.txt,./unit1/GPS_data/gps_location.txt,./unit2/GPS_data/gps_location_1749.txt,,2,20,['01-00-12-250'],0,16,G2 G6 G12 G17 G19 G24 R12 R13 R22 R23 R24 E13 E15 E21 E27 E30,3D,Yes,1.8,0.8
1697,./unit1/camera_data/image_BS1_8436_01_00_12.jpg,./unit1/mmWave_data/mmWave_power_1750.txt,./unit1/GPS_data/gps_location.txt,./unit2/GPS_data/gps_location_1750.txt,,3,20,['01-00-12-375'],0,20,G2 G6 G12 G17 G19 G24 R12 R13 R22 R23 R24 E13 E15 E21 E27 E30 B11 B12 B24 B25,3D,Yes,1.6,0.8
1698,./unit1/camera_data/image_BS1_8437_01_00_12.jpg,./unit1/mmWave_data/mmWave_power_1751.txt,./unit1/GPS_data/gps_location.txt,./unit2/GPS_data/gps_location_1751.txt,,2,20,['01-00-12-500'],0,16,G2 G6 G12 G17 G19 G24 R12 R13 R22 R23 R24 E13 E15 E21 E27 E30,3D,Yes,1.6,0.8
1699,./unit1/camera_data/image_BS1_8438_01_00_12.jpg,./unit1/mmWave_data/mmWave_power_1752.txt,./unit1/GPS_data/gps_location.txt,./unit2/GPS_data/gps_location_1752.txt,,3,20,['01-00-12-625'],0,11,G2 G6 G12 G17 G19 G24 R12 R13 R22 R23 R24,3D,Yes,1.8,0.8
1700,./unit1/camera_data/image_BS1_8439_01_00_12.jpg,./unit1/mmWave_data/mmWave_power_1753.txt,./unit1/GPS_data/gps_location.txt,./unit2/GPS_data/gps_location_1753.txt,,3,20,['01-00-12-750'],0,16,G2 G6 G12 G17 G19 G24 R12 R13 R22 R23 R24 E13 E15 E21 E27 E30,3D,Yes,1.8,0.8
1701,./unit1/camera_data/image_BS1_8440_01_00_12.jpg,./unit1/mmWave_data/mmWave_power_1754.txt,./unit1/GPS_data/gps_location.txt,./unit2/GPS_data/gps_location_1754.txt,,3,20,['01-00-12-875'],0,16,G2 G6 G12 G17 G19 G24 R12 R13 R22 R23 R24 E13 E15 E21 E27 E30,3D,Yes,1.8,0.8
1702,./unit1/camera_data/image_BS1_8441_01_00_13.jpg,./unit1/mmWave_data/mmWave_power_1755.txt,./unit1/GPS_data/gps_location.txt,./unit2/GPS_data/gps_location_1755.txt,,3,20,['01-00-13-0'],0,16,G2 G6 G12 G17 G19 G24 R12 R13 R22 R23 R24 E13 E15 E21 E27 E30,3D,Yes,1.8,0.8
1703,./unit1/camera_data/image_BS1_8442_01_00_13.jpg,./unit1/mmWave_data/mmWave_power_1756.txt,./unit1/GPS_data/gps_location.txt,./unit2/GPS_data/gps_location_1756.txt,,5,20,['01-00-13-125'],0,11,G2 G6 G12 G17 G19 G24 R12 R13 R22 R23 R24,3D,Yes,1.8,0.8
1704,./unit1/camera_data/image_BS1_8443_01_00_13.jpg,./unit1/mmWave_data/mmWave_power_1757.txt,./unit1/GPS_data/gps_location.txt,./unit2/GPS_data/gps_location_1757.txt,,4,20,['01-00-13-250'],0,16,G2 G6 G12 G17 G19 G24 R12 R13 R22 R23 R24 E13 E15 E21 E27 E30,3D,Yes,1.8,0.8
1705,./unit1/camera_data/image_BS1_8444_01_00_13.jpg,./unit1/mmWave_data/mmWave_power_1758.txt,./unit1/GPS_data/gps_location.txt,./unit2/GPS_data/gps_location_1758.txt,,6,20,['01-00-13-375'],0,20,G2 G6 G12 G17 G19 G24 R12 R13 R22 R23 R24 E13 E15 E21 E27 E30 B11 B12 B24 B25,3D,Yes,1.8,0.8
1706,./unit1/camera_data/image_BS1_8445_01_00_13.jpg,./unit1/mmWave_data/mmWave_power_1759.txt,./unit1/GPS_data/gps_location.txt,./unit2/GPS_data/gps_location_1759.txt,,6,20,['01-00-13-500'],0,16,G2 G6 G12 G17 G19 G24 R12 R13 R22 R23 R24 E13 E15 E21 E27 E30,3D,Yes,1.8,0.8
1707,./unit1/camera_data/image_BS1_8446_01_00_13.jpg,./unit1/mmWave_data/mmWave_power_1760.txt,./unit1/GPS_data/gps_location.txt,./unit2/GPS_data/gps_location_1760.txt,,5,20,['01-00-13-625'],0,16,G2 G6 G12 G17 G19 G24 R12 R13 R22 R23 R24 E13 E15 E21 E27 E30,3D,Yes,1.8,0.8
1708,./unit1/camera_data/image_BS1_8447_01_00_13.jpg,./unit1/mmWave_data/mmWave_power_1761.txt,./unit1/GPS_data/gps_location.txt,./unit2/GPS_data/gps_location_1761.txt,,5,20,['01-00-13-750'],0,16,G2 G6 G12 G17 G19 G24 R12 R13 R22 R23 R24 E13 E15 E21 E27 E30,3D,Yes,1.8,0.8
1709,./unit1/camera_data/image_BS1_8448_01_00_13.jpg,./unit1/mmWave_data/mmWave_power_1762.txt,./unit1/GPS_data/gps_location.txt,./unit2/GPS_data/gps_location_1762.txt,,7,20,['01-00-13-875'],0,16,G2 G6 G12 G17 G19 G24 R12 R13 R22 R23 R24 E13 E15 E21 E27 E30,3D,Yes,1.8,0.8
1710,./unit1/camera_data/image_BS1_8449_01_00_14.jpg,./unit1/mmWave_data/mmWave_power_1763.txt,./unit1/GPS_data/gps_location.txt,./unit2/GPS_data/gps_location_1763.txt,,10,20,['01-00-14-0'],0,16,G2 G6 G12 G17 G19 G24 R12 R13 R22 R23 R24 E13 E15 E21 E27 E30,3D,Yes,1.8,0.8
1711,./unit1/camera_data/image_BS1_8450_01_00_16.jpg,./unit1/mmWave_data/mmWave_power_1764.txt,./unit1/GPS_data/gps_location.txt,./unit2/GPS_data/gps_location_1764.txt,,17,20,['01-00-16-0'],0,21,G2 G6 G12 G17 G19 G24 G28 R12 R13 R22 R23 R24 E13 E15 E21 E27 E30 B11 B12 B24 B25,3D,Yes,1.5,0.8
1712,./unit1/camera_data/image_BS1_8451_01_00_16.jpg,./unit1/mmWave_data/mmWave_power_1765.txt,./unit1/GPS_data/gps_location.txt,./unit2/GPS_data/gps_location_1765.txt,,17,20,['01-00-16-200'],0,17,G2 G6 G12 G17 G19 G24 G28 R12 R13 R22 R23 R24 E13 E15 E21 E27 E30,3D,Yes,1.8,0.8
1713,./unit1/camera_data/image_BS1_8452_01_00_16.jpg,./unit1/mmWave_data/mmWave_power_1766.txt,./unit1/GPS_data/gps_location.txt,./unit2/GPS_data/gps_location_1766.txt,,18,20,['01-00-16-400'],0,20,G2 G6 G12 G17 G19 G24 R12 R13 R22 R23 R24 E13 E15 E21 E27 E30 B11 B12 B24 B25,3D,Yes,1.8,0.8
1714,./unit1/camera_data/image_BS1_8453_01_00_16.jpg,./unit1/mmWave_data/mmWave_power_1767.txt,./unit1/GPS_data/gps_location.txt,./unit2/GPS_data/gps_location_1767.txt,,17,20,['01-00-16-600'],0,16,G2 G6 G12 G17 G19 G24 R12 R13 R22 R23 R24 E13 E15 E21 E27 E30,3D,Yes,1.8,0.8
1715,./unit1/camera_data/image_BS1_8454_01_00_16.jpg,./unit1/mmWave_data/mmWave_power_1768.txt,./unit1/GPS_data/gps_location.txt,./unit2/GPS_data/gps_location_1768.txt,,19,20,['01-00-16-800'],0,11,G2 G6 G12 G17 G19 G24 R12 R13 R22 R23 R24,3D,Yes,1.8,0.8
1716,./unit1/camera_data/image_BS1_8455_01_00_17.jpg,./unit1/mmWave_data/mmWave_power_1769.txt,./unit1/GPS_data/gps_location.txt,./unit2/GPS_data/gps_location_1769.txt,,19,20,['01-00-17-0'],0,11,G2 G6 G12 G17 G19 G24 R12 R13 R22 R23 R24,3D,Yes,1.8,0.8
1717,./unit1/camera_data/image_BS1_8456_01_00_17.jpg,./unit1/mmWave_data/mmWave_power_1770.txt,./unit1/GPS_data/gps_location.txt,./unit2/GPS_data/gps_location_1770.txt,,20,20,['01-00-17-111'],0,16,G2 G6 G12 G17 G19 G24 R12 R13 R22 R23 R24 E13 E15 E21 E27 E30,3D,Yes,1.8,0.8
1718,./unit1/camera_data/image_BS1_8457_01_00_17.jpg,./unit1/mmWave_data/mmWave_power_1771.txt,./unit1/GPS_data/gps_location.txt,./unit2/GPS_data/gps_location_1771.txt,,20,20,['01-00-17-222'],0,11,G2 G6 G12 G17 G19 G24 R12 R13 R22 R23 R24,3D,Yes,1.8,0.8
1719,./unit1/camera_data/image_BS1_8458_01_00_17.jpg,./unit1/mmWave_data/mmWave_power_1772.txt,./unit1/GPS_data/gps_location.txt,./unit2/GPS_data/gps_location_1772.txt,,20,20,['01-00-17-333'],0,11,G2 G6 G12 G17 G19 G24 R12 R13 R22 R23 R24,3D,Yes,1.8,0.8
1720,./unit1/camera_data/image_BS1_8459_01_00_17.jpg,./unit1/mmWave_data/mmWave_power_1773.txt,./unit1/GPS_data/gps_location.txt,./unit2/GPS_data/gps_location_1773.txt,,20,20,['01-00-17-444'],0,16,G2 G6 G12 G17 G19 G24 R12 R13 R22 R23 R24 E13 E15 E21 E27 E30,3D,Yes,1.8,0.8
1721,./unit1/camera_data/image_BS1_8460_01_00_17.jpg,./unit1/mmWave_data/mmWave_power_1774.txt,./unit1/GPS_data/gps_location.txt,./unit2/GPS_data/gps_location_1774.txt,,21,20,['01-00-17-555'],0,16,G2 G6 G12 G17 G19 G24 R12 R13 R22 R23 R24 E13 E15 E21 E27 E30,3D,Yes,1.8,0.8
1722,./unit1/camera_data/image_BS1_8461_01_00_17.jpg,./unit1/mmWave_data/mmWave_power_1775.txt,./unit1/GPS_data/gps_location.txt,./unit2/GPS_data/gps_location_1775.txt,,21,20,['01-00-17-666'],0,16,G2 G6 G12 G17 G19 G24 R12 R13 R22 R23 R24 E13 E15 E21 E27 E30,3D,Yes,1.8,0.8
1723,./unit1/camera_data/image_BS1_8462_01_00_17.jpg,./unit1/mmWave_data/mmWave_power_1776.txt,./unit1/GPS_data/gps_location.txt,./unit2/GPS_data/gps_location_1776.txt,,21,20,['01-00-17-777'],0,16,G2 G6 G12 G17 G19 G24 R12 R13 R22 R23 R24 E13 E15 E21 E27 E30,3D,Yes,1.8,0.8
1724,./unit1/camera_data/image_BS1_8463_01_00_17.jpg,./unit1/mmWave_data/mmWave_power_1777.txt,./unit1/GPS_data/gps_location.txt,./unit2/GPS_data/gps_location_1777.txt,,21,20,['01-00-17-888'],0,16,G2 G6 G12 G17 G19 G24 R12 R13 R22 R23 R24 E13 E15 E21 E27 E30,3D,Yes,1.8,0.8
1725,./unit1/camera_data/image_BS1_8464_01_00_18.jpg,./unit1/mmWave_data/mmWave_power_1778.txt,./unit1/GPS_data/gps_location.txt,./unit2/GPS_data/gps_location_1778.txt,,21,20,['01-00-18-0'],0,11,G2 G6 G12 G17 G19 G24 R12 R13 R22 R23 R24,3D,Yes,1.8,0.8
1726,./unit1/camera_data/image_BS1_8465_01_00_18.jpg,./unit1/mmWave_data/mmWave_power_1779.txt,./unit1/GPS_data/gps_location.txt,./unit2/GPS_data/gps_location_1779.txt,,21,20,['01-00-18-111'],0,16,G2 G6 G12 G17 G19 G24 R12 R13 R22 R23 R24 E13 E15 E21 E27 E30,3D,Yes,1.8,0.8
1727,./unit1/camera_data/image_BS1_8466_01_00_18.jpg,./unit1/mmWave_data/mmWave_power_1780.txt,./unit1/GPS_data/gps_location.txt,./unit2/GPS_data/gps_location_1780.txt,,22,20,['01-00-18-222'],0,16,G2 G6 G12 G17 G19 G24 R12 R13 R22 R23 R24 E13 E15 E21 E27 E30,3D,Yes,1.8,0.8
1728,./unit1/camera_data/image_BS1_8467_01_00_18.jpg,./unit1/mmWave_data/mmWave_power_1781.txt,./unit1/GPS_data/gps_location.txt,./unit2/GPS_data/gps_location_1781.txt,,22,20,['01-00-18-333'],0,16,G2 G6 G12 G17 G19 G24 R12 R13 R22 R23 R24 E13 E15 E21 E27 E30,3D,Yes,1.6,0.8
1729,./unit1/camera_data/image_BS1_8468_01_00_18.jpg,./unit1/mmWave_data/mmWave_power_1782.txt,./unit1/GPS_data/gps_location.txt,./unit2/GPS_data/gps_location_1782.txt,,22,20,['01-00-18-444'],0,20,G2 G6 G12 G17 G19 G24 R12 R13 R22 R23 R24 E13 E15 E21 E27 E30 B11 B12 B24 B25,3D,Yes,1.8,0.8
1730,./unit1/camera_data/image_BS1_8469_01_00_18.jpg,./unit1/mmWave_data/mmWave_power_1783.txt,./unit1/GPS_data/gps_location.txt,./unit2/GPS_data/gps_location_1783.txt,,22,20,['01-00-18-555'],0,11,G2 G6 G12 G17 G19 G24 R12 R13 R22 R23 R24,3D,Yes,1.8,0.8
1731,./unit1/camera_data/image_BS1_8470_01_00_18.jpg,./unit1/mmWave_data/mmWave_power_1784.txt,./unit1/GPS_data/gps_location.txt,./unit2/GPS_data/gps_location_1784.txt,,22,20,['01-00-18-666'],0,11,G2 G6 G12 G17 G19 G24 R12 R13 R22 R23 R24,3D,Yes,1.8,0.8
1732,./unit1/camera_data/image_BS1_8471_01_00_18.jpg,./unit1/mmWave_data/mmWave_power_1785.txt,./unit1/GPS_data/gps_location.txt,./unit2/GPS_data/gps_location_1785.txt,,23,20,['01-00-18-777'],0,16,G2 G6 G12 G17 G19 G24 R12 R13 R22 R23 R24 E13 E15 E21 E27 E30,3D,Yes,1.8,0.8
1733,./unit1/camera_data/image_BS1_8472_01_00_18.jpg,./unit1/mmWave_data/mmWave_power_1786.txt,./unit1/GPS_data/gps_location.txt,./unit2/GPS_data/gps_location_1786.txt,,22,20,['01-00-18-888'],0,11,G2 G6 G12 G17 G19 G24 R12 R13 R22 R23 R24,3D,Yes,1.8,0.8
1734,./unit1/camera_data/image_BS1_8473_01_00_19.jpg,./unit1/mmWave_data/mmWave_power_1787.txt,./unit1/GPS_data/gps_location.txt,./unit2/GPS_data/gps_location_1787.txt,,22,20,['01-00-19-0'],0,16,G2 G6 G12 G17 G19 G24 R12 R13 R22 R23 R24 E13 E15 E21 E27 E30,3D,Yes,1.8,0.8
1735,./unit1/camera_data/image_BS1_8474_01_00_19.jpg,./unit1/mmWave_data/mmWave_power_1788.txt,./unit1/GPS_data/gps_location.txt,./unit2/GPS_data/gps_location_1788.txt,,23,20,['01-00-19-111'],0,16,G2 G6 G12 G17 G19 G24 R12 R13 R22 R23 R24 E13 E15 E21 E27 E30,3D,Yes,1.8,0.8
1736,./unit1/camera_data/image_BS1_8475_01_00_19.jpg,./unit1/mmWave_data/mmWave_power_1789.txt,./unit1/GPS_data/gps_location.txt,./unit2/GPS_data/gps_location_1789.txt,,23,20,['01-00-19-222'],0,16,G2 G6 G12 G17 G19 G24 R12 R13 R22 R23 R24 E13 E15 E21 E27 E30,3D,Yes,1.8,0.8
1737,./unit1/camera_data/image_BS1_8476_01_00_19.jpg,./unit1/mmWave_data/mmWave_power_1790.txt,./unit1/GPS_data/gps_location.txt,./unit2/GPS_data/gps_location_1790.txt,,22,20,['01-00-19-333'],0,16,G2 G6 G12 G17 G19 G24 R12 R13 R22 R23 R24 E13 E15 E21 E27 E30,3D,Yes,1.8,0.8
1738,./unit1/camera_data/image_BS1_8477_01_00_19.jpg,./unit1/mmWave_data/mmWave_power_1791.txt,./unit1/GPS_data/gps_location.txt,./unit2/GPS_data/gps_location_1791.txt,,25,20,['01-00-19-444'],0,16,G2 G6 G12 G17 G19 G24 R12 R13 R22 R23 R24 E13 E15 E21 E27 E30,3D,Yes,1.8,0.8
1739,./unit1/camera_data/image_BS1_8478_01_00_19.jpg,./unit1/mmWave_data/mmWave_power_1792.txt,./unit1/GPS_data/gps_location.txt,./unit2/GPS_data/gps_location_1792.txt,,25,20,['01-00-19-555'],0,6,G2 G6 G12 G17 G19 G24,3D,Yes,1.5,0.8
1740,./unit1/camera_data/image_BS1_8479_01_00_19.jpg,./unit1/mmWave_data/mmWave_power_1793.txt,./unit1/GPS_data/gps_location.txt,./unit2/GPS_data/gps_location_1793.txt,,26,20,['01-00-19-666'],0,11,G2 G6 G12 G17 G19 G24 R12 R13 R22 R23 R24,3D,Yes,1.5,0.8
1741,./unit1/camera_data/image_BS1_8480_01_00_19.jpg,./unit1/mmWave_data/mmWave_power_1794.txt,./unit1/GPS_data/gps_location.txt,./unit2/GPS_data/gps_location_1794.txt,,26,20,['01-00-19-777'],0,11,G2 G6 G12 G17 G19 G24 R12 R13 R22 R23 R24,3D,Yes,1.5,0.8
1742,./unit1/camera_data/image_BS1_8481_01_00_19.jpg,./unit1/mmWave_data/mmWave_power_1795.txt,./unit1/GPS_data/gps_location.txt,./unit2/GPS_data/gps_location_1795.txt,,25,20,['01-00-19-888'],0,11,G2 G6 G12 G17 G19 G24 R12 R13 R22 R23 R24,3D,Yes,1.5,0.8
1743,./unit1/camera_data/image_BS1_8482_01_00_20.jpg,./unit1/mmWave_data/mmWave_power_1796.txt,./unit1/GPS_data/gps_location.txt,./unit2/GPS_data/gps_location_1796.txt,,26,20,['01-00-20-0'],0,11,G2 G6 G12 G17 G19 G24 R12 R13 R22 R23 R24,3D,Yes,1.5,0.8
1744,./unit1/camera_data/image_BS1_8483_01_00_20.jpg,./unit1/mmWave_data/mmWave_power_1797.txt,./unit1/GPS_data/gps_location.txt,./unit2/GPS_data/gps_location_1797.txt,,26,20,['01-00-20-111'],0,11,G2 G6 G12 G17 G19 G24 R12 R13 R22 R23 R24,3D,Yes,1.8,0.8
1745,./unit1/camera_data/image_BS1_8484_01_00_20.jpg,./unit1/mmWave_data/mmWave_power_1798.txt,./unit1/GPS_data/gps_location.txt,./unit2/GPS_data/gps_location_1798.txt,,28,20,['01-00-20-222'],0,16,G2 G6 G12 G17 G19 G24 R12 R13 R22 R23 R24 E13 E15 E21 E27 E30,3D,Yes,1.8,0.8
1746,./unit1/camera_data/image_BS1_8485_01_00_20.jpg,./unit1/mmWave_data/mmWave_power_1799.txt,./unit1/GPS_data/gps_location.txt,./unit2/GPS_data/gps_location_1799.txt,,28,20,['01-00-20-333'],0,16,G2 G6 G12 G17 G19 G24 R12 R13 R22 R23 R24 E13 E15 E21 E27 E30,3D,Yes,1.8,0.8
1747,./unit1/camera_data/image_BS1_8486_01_00_20.jpg,./unit1/mmWave_data/mmWave_power_1800.txt,./unit1/GPS_data/gps_location.txt,./unit2/GPS_data/gps_location_1800.txt,,28,20,['01-00-20-444'],0,16,G2 G6 G12 G17 G19 G24 R12 R13 R22 R23 R24 E13 E15 E21 E27 E30,3D,Yes,1.8,0.8
1748,./unit1/camera_data/image_BS1_8487_01_00_20.jpg,./unit1/mmWave_data/mmWave_power_1801.txt,./unit1/GPS_data/gps_location.txt,./unit2/GPS_data/gps_location_1801.txt,,29,20,['01-00-20-555'],0,16,G2 G6 G12 G17 G19 G24 R12 R13 R22 R23 R24 E13 E15 E21 E27 E30,3D,Yes,1.8,0.8
1749,./unit1/camera_data/image_BS1_8488_01_00_20.jpg,./unit1/mmWave_data/mmWave_power_1802.txt,./unit1/GPS_data/gps_location.txt,./unit2/GPS_data/gps_location_1802.txt,,29,20,['01-00-20-666'],0,6,G2 G6 G12 G17 G19 G24,3D,Yes,1.8,0.8
1750,./unit1/camera_data/image_BS1_8489_01_00_20.jpg,./unit1/mmWave_data/mmWave_power_1803.txt,./unit1/GPS_data/gps_location.txt,./unit2/GPS_data/gps_location_1803.txt,,29,20,['01-00-20-777'],0,11,G2 G6 G12 G17 G19 G24 R12 R13 R22 R23 R24,3D,Yes,1.8,0.8
1751,./unit1/camera_data/image_BS1_8490_01_00_20.jpg,./unit1/mmWave_data/mmWave_power_1804.txt,./unit1/GPS_data/gps_location.txt,./unit2/GPS_data/gps_location_1804.txt,,33,20,['01-00-20-888'],0,16,G2 G6 G12 G17 G19 G24 R12 R13 R22 R23 R24 E13 E15 E21 E27 E30,3D,Yes,1.8,0.8
1752,./unit1/camera_data/image_BS1_8491_01_00_21.jpg,./unit1/mmWave_data/mmWave_power_1805.txt,./unit1/GPS_data/gps_location.txt,./unit2/GPS_data/gps_location_1805.txt,,32,20,['01-00-21-0'],0,20,G2 G6 G12 G17 G19 G24 R12 R13 R22 R23 R24 E13 E15 E21 E27 E30 B11 B12 B24 B25,3D,Yes,1.8,0.8
1753,./unit1/camera_data/image_BS1_8492_01_00_21.jpg,./unit1/mmWave_data/mmWave_power_1806.txt,./unit1/GPS_data/gps_location.txt,./unit2/GPS_data/gps_location_1806.txt,,33,20,['01-00-21-125'],0,16,G2 G6 G12 G17 G19 G24 R12 R13 R22 R23 R24 E13 E15 E21 E27 E30,3D,Yes,1.8,0.8
1754,./unit1/camera_data/image_BS1_8493_01_00_21.jpg,./unit1/mmWave_data/mmWave_power_1807.txt,./unit1/GPS_data/gps_location.txt,./unit2/GPS_data/gps_location_1807.txt,,33,20,['01-00-21-250'],0,16,G2 G6 G12 G17 G19 G24 R12 R13 R22 R23 R24 E13 E15 E21 E27 E30,3D,Yes,1.8,0.8
1755,./unit1/camera_data/image_BS1_8494_01_00_21.jpg,./unit1/mmWave_data/mmWave_power_1808.txt,./unit1/GPS_data/gps_location.txt,./unit2/GPS_data/gps_location_1808.txt,,34,20,['01-00-21-375'],0,11,G2 G6 G12 G17 G19 G24 R12 R13 R22 R23 R24,3D,Yes,1.8,0.8
1756,./unit1/camera_data/image_BS1_8495_01_00_21.jpg,./unit1/mmWave_data/mmWave_power_1809.txt,./unit1/GPS_data/gps_location.txt,./unit2/GPS_data/gps_location_1809.txt,,36,20,['01-00-21-500'],0,16,G2 G6 G12 G17 G19 G24 R12 R13 R22 R23 R24 E13 E15 E21 E27 E30,3D,Yes,1.8,0.8
1757,./unit1/camera_data/image_BS1_8496_01_00_21.jpg,./unit1/mmWave_data/mmWave_power_1810.txt,./unit1/GPS_data/gps_location.txt,./unit2/GPS_data/gps_location_1810.txt,,37,20,['01-00-21-625'],0,16,G2 G6 G12 G17 G19 G24 R12 R13 R22 R23 R24 E13 E15 E21 E27 E30,3D,Yes,1.8,0.8
1758,./unit1/camera_data/image_BS1_8497_01_00_21.jpg,./unit1/mmWave_data/mmWave_power_1811.txt,./unit1/GPS_data/gps_location.txt,./unit2/GPS_data/gps_location_1811.txt,,37,20,['01-00-21-750'],0,16,G2 G6 G12 G17 G19 G24 R12 R13 R22 R23 R24 E13 E15 E21 E27 E30,3D,Yes,1.8,0.8
1759,./unit1/camera_data/image_BS1_8498_01_00_21.jpg,./unit1/mmWave_data/mmWave_power_1812.txt,./unit1/GPS_data/gps_location.txt,./unit2/GPS_data/gps_location_1812.txt,,37,20,['01-00-21-875'],0,20,G2 G6 G12 G17 G19 G24 R12 R13 R22 R23 R24 E13 E15 E21 E27 E30 B11 B12 B24 B25,3D,Yes,1.8,0.8
1760,./unit1/camera_data/image_BS1_8499_01_00_22.jpg,./unit1/mmWave_data/mmWave_power_1813.txt,./unit1/GPS_data/gps_location.txt,./unit2/GPS_data/gps_location_1813.txt,,38,20,['01-00-22-0'],0,16,G2 G6 G12 G17 G19 G24 R12 R13 R22 R23 R24 E13 E15 E21 E27 E30,3D,Yes,1.8,0.8
1761,./unit1/camera_data/image_BS1_8500_01_00_22.jpg,./unit1/mmWave_data/mmWave_power_1814.txt,./unit1/GPS_data/gps_location.txt,./unit2/GPS_data/gps_location_1814.txt,,39,20,['01-00-22-125'],0,11,G2 G6 G12 G17 G19 G24 R12 R13 R22 R23 R24,3D,Yes,1.8,0.8
1762,./unit1/camera_data/image_BS1_8501_01_00_22.jpg,./unit1/mmWave_data/mmWave_power_1815.txt,./unit1/GPS_data/gps_location.txt,./unit2/GPS_data/gps_location_1815.txt,,39,20,['01-00-22-250'],0,20,G2 G6 G12 G17 G19 G24 R12 R13 R22 R23 R24 E13 E15 E21 E27 E30 B11 B12 B24 B25,3D,Yes,1.8,0.8
1763,./unit1/camera_data/image_BS1_8502_01_00_22.jpg,./unit1/mmWave_data/mmWave_power_1816.txt,./unit1/GPS_data/gps_location.txt,./unit2/GPS_data/gps_location_1816.txt,,39,20,['01-00-22-375'],0,16,G2 G6 G12 G17 G19 G24 R12 R13 R22 R23 R24 E13 E15 E21 E27 E30,3D,Yes,1.8,0.8
1764,./unit1/camera_data/image_BS1_8503_01_00_22.jpg,./unit1/mmWave_data/mmWave_power_1817.txt,./unit1/GPS_data/gps_location.txt,./unit2/GPS_data/gps_location_1817.txt,,42,20,['01-00-22-500'],0,16,G2 G6 G12 G17 G19 G24 R12 R13 R22 R23 R24 E13 E15 E21 E27 E30,3D,Yes,1.8,0.8
1765,./unit1/camera_data/image_BS1_8504_01_00_22.jpg,./unit1/mmWave_data/mmWave_power_1818.txt,./unit1/GPS_data/gps_location.txt,./unit2/GPS_data/gps_location_1818.txt,,43,20,['01-00-22-625'],0,16,G2 G6 G12 G17 G19 G24 R12 R13 R22 R23 R24 E13 E15 E21 E27 E30,3D,Yes,1.8,0.8
1766,./unit1/camera_data/image_BS1_8505_01_00_22.jpg,./unit1/mmWave_data/mmWave_power_1819.txt,./unit1/GPS_data/gps_location.txt,./unit2/GPS_data/gps_location_1819.txt,,44,20,['01-00-22-750'],0,16,G2 G6 G12 G17 G19 G24 R12 R13 R22 R23 R24 E13 E15 E21 E27 E30,3D,Yes,1.8,0.8
1767,./unit1/camera_data/image_BS1_8506_01_00_22.jpg,./unit1/mmWave_data/mmWave_power_1820.txt,./unit1/GPS_data/gps_location.txt,./unit2/GPS_data/gps_location_1820.txt,,45,20,['01-00-22-875'],0,16,G2 G6 G12 G17 G19 G24 R12 R13 R22 R23 R24 E13 E15 E21 E27 E30,3D,Yes,1.8,0.8
1768,./unit1/camera_data/image_BS1_8507_01_00_23.jpg,./unit1/mmWave_data/mmWave_power_1821.txt,./unit1/GPS_data/gps_location.txt,./unit2/GPS_data/gps_location_1821.txt,,47,20,['01-00-23-0'],0,16,G2 G6 G12 G17 G19 G24 R12 R13 R22 R23 R24 E13 E15 E21 E27 E30,3D,Yes,1.8,0.8
1769,./unit1/camera_data/image_BS1_8508_01_00_23.jpg,./unit1/mmWave_data/mmWave_power_1822.txt,./unit1/GPS_data/gps_location.txt,./unit2/GPS_data/gps_location_1822.txt,,48,20,['01-00-23-125'],0,16,G2 G6 G12 G17 G19 G24 R12 R13 R22 R23 R24 E13 E15 E21 E27 E30,3D,Yes,1.8,0.8
1770,./unit1/camera_data/image_BS1_8509_01_00_23.jpg,./unit1/mmWave_data/mmWave_power_1823.txt,./unit1/GPS_data/gps_location.txt,./unit2/GPS_data/gps_location_1823.txt,,48,20,['01-00-23-250'],0,16,G2 G6 G12 G17 G19 G24 R12 R13 R22 R23 R24 E13 E15 E21 E27 E30,3D,Yes,1.8,0.8
1771,./unit1/camera_data/image_BS1_8510_01_00_23.jpg,./unit1/mmWave_data/mmWave_power_1824.txt,./unit1/GPS_data/gps_location.txt,./unit2/GPS_data/gps_location_1824.txt,,49,20,['01-00-23-375'],0,11,G2 G6 G12 G17 G19 G24 R12 R13 R22 R23 R24,3D,Yes,1.8,0.8
1772,./unit1/camera_data/image_BS1_8511_01_00_23.jpg,./unit1/mmWave_data/mmWave_power_1825.txt,./unit1/GPS_data/gps_location.txt,./unit2/GPS_data/gps_location_1825.txt,,51,20,['01-00-23-500'],0,16,G2 G6 G12 G17 G19 G24 R12 R13 R22 R23 R24 E13 E15 E21 E27 E30,3D,Yes,1.8,0.8
1773,./unit1/camera_data/image_BS1_8512_01_00_23.jpg,./unit1/mmWave_data/mmWave_power_1826.txt,./unit1/GPS_data/gps_location.txt,./unit2/GPS_data/gps_location_1826.txt,,51,20,['01-00-23-625'],0,16,G2 G6 G12 G17 G19 G24 R12 R13 R22 R23 R24 E13 E15 E21 E27 E30,3D,Yes,1.5,0.8
1774,./unit1/camera_data/image_BS1_8513_01_00_23.jpg,./unit1/mmWave_data/mmWave_power_1827.txt,./unit1/GPS_data/gps_location.txt,./unit2/GPS_data/gps_location_1827.txt,,51,20,['01-00-23-750'],0,16,G2 G6 G12 G17 G19 G24 R12 R13 R22 R23 R24 E13 E15 E21 E27 E30,3D,Yes,1.5,0.8
1775,./unit1/camera_data/image_BS1_8514_01_00_23.jpg,./unit1/mmWave_data/mmWave_power_1828.txt,./unit1/GPS_data/gps_location.txt,./unit2/GPS_data/gps_location_1828.txt,,54,20,['01-00-23-875'],0,6,G2 G6 G12 G17 G19 G24,3D,Yes,1.5,0.8
1776,./unit1/camera_data/image_BS1_8515_01_00_24.jpg,./unit1/mmWave_data/mmWave_power_1829.txt,./unit1/GPS_data/gps_location.txt,./unit2/GPS_data/gps_location_1829.txt,,54,20,['01-00-24-0'],0,11,G2 G6 G12 G17 G19 G24 R12 R13 R22 R23 R24,3D,Yes,1.5,0.8
1777,./unit1/camera_data/image_BS1_8516_01_00_24.jpg,./unit1/mmWave_data/mmWave_power_1830.txt,./unit1/GPS_data/gps_location.txt,./unit2/GPS_data/gps_location_1830.txt,,54,20,['01-00-24-111'],0,16,G2 G6 G12 G17 G19 G24 R12 R13 R22 R23 R24 E13 E15 E21 E27 E30,3D,Yes,1.5,0.8
1778,./unit1/camera_data/image_BS1_8517_01_00_24.jpg,./unit1/mmWave_data/mmWave_power_1831.txt,./unit1/GPS_data/gps_location.txt,./unit2/GPS_data/gps_location_1831.txt,,55,20,['01-00-24-222'],0,16,G2 G6 G12 G17 G19 G24 R12 R13 R22 R23 R24 E13 E15 E21 E27 E30,3D,Yes,1.5,0.8
1779,./unit1/camera_data/image_BS1_8518_01_00_24.jpg,./unit1/mmWave_data/mmWave_power_1832.txt,./unit1/GPS_data/gps_location.txt,./unit2/GPS_data/gps_location_1832.txt,,55,20,['01-00-24-333'],0,16,G2 G6 G12 G17 G19 G24 R12 R13 R22 R23 R24 E13 E15 E21 E27 E30,3D,Yes,1.5,0.8
1780,./unit1/camera_data/image_BS1_8519_01_00_24.jpg,./unit1/mmWave_data/mmWave_power_1833.txt,./unit1/GPS_data/gps_location.txt,./unit2/GPS_data/gps_location_1833.txt,,58,20,['01-00-24-444'],0,16,G2 G6 G12 G17 G19 G24 R12 R13 R22 R23 R24 E13 E15 E21 E27 E30,3D,Yes,1.5,0.8
1781,./unit1/camera_data/image_BS1_8520_01_00_24.jpg,./unit1/mmWave_data/mmWave_power_1834.txt,./unit1/GPS_data/gps_location.txt,./unit2/GPS_data/gps_location_1834.txt,,57,20,['01-00-24-555'],0,16,G2 G6 G12 G17 G19 G24 R12 R13 R22 R23 R24 E13 E15 E21 E27 E30,3D,Yes,1.7,0.8
1782,./unit1/camera_data/image_BS1_8521_01_00_24.jpg,./unit1/mmWave_data/mmWave_power_1835.txt,./unit1/GPS_data/gps_location.txt,./unit2/GPS_data/gps_location_1835.txt,,59,20,['01-00-24-666'],0,16,G2 G6 G12 G17 G19 G24 R12 R13 R22 R23 R24 E13 E15 E21 E27 E30,3D,Yes,1.5,0.8
1783,./unit1/camera_data/image_BS1_8522_01_00_24.jpg,./unit1/mmWave_data/mmWave_power_1836.txt,./unit1/GPS_data/gps_location.txt,./unit2/GPS_data/gps_location_1836.txt,,58,20,['01-00-24-777'],0,16,G2 G6 G12 G17 G19 G24 R12 R13 R22 R23 R24 E13 E15 E21 E27 E30,3D,Yes,1.5,0.8
1784,./unit1/camera_data/image_BS1_8523_01_00_24.jpg,./unit1/mmWave_data/mmWave_power_1837.txt,./unit1/GPS_data/gps_location.txt,./unit2/GPS_data/gps_location_1837.txt,,61,20,['01-00-24-888'],0,11,G2 G6 G12 G17 G19 G24 R12 R13 R22 R23 R24,3D,Yes,1.4,0.7
1785,./unit1/camera_data/image_BS1_8524_01_00_25.jpg,./unit1/mmWave_data/mmWave_power_1838.txt,./unit1/GPS_data/gps_location.txt,./unit2/GPS_data/gps_location_1838.txt,,59,20,['01-00-25-0'],0,20,G2 G6 G12 G17 G19 G24 R12 R13 R22 R23 R24 E13 E15 E21 E27 E30 B11 B12 B24 B25,3D,Yes,1.4,0.7
1786,./unit1/camera_data/image_BS1_8525_01_00_25.jpg,./unit1/mmWave_data/mmWave_power_1839.txt,./unit1/GPS_data/gps_location.txt,./unit2/GPS_data/gps_location_1839.txt,,61,20,['01-00-25-333'],0,16,G2 G6 G12 G17 G19 G24 R12 R13 R22 R23 R24 E13 E15 E21 E27 E30,3D,Yes,1.4,0.7
1787,./unit1/camera_data/image_BS1_8526_01_00_25.jpg,./unit1/mmWave_data/mmWave_power_1840.txt,./unit1/GPS_data/gps_location.txt,./unit2/GPS_data/gps_location_1840.txt,,61,20,['01-00-25-666'],0,16,G2 G6 G12 G17 G19 G24 R12 R13 R22 R23 R24 E13 E15 E21 E27 E30,3D,Yes,1.4,0.7
1788,./unit1/camera_data/image_BS1_8913_01_01_19.jpg,./unit1/mmWave_data/mmWave_power_1841.txt,./unit1/GPS_data/gps_location.txt,./unit2/GPS_data/gps_location_1841.txt,,62,21,['01-01-19-0'],1,16,G2 G6 G12 G17 G19 G24 R12 R13 R22 R23 R24 E13 E15 E21 E27 E30,3D,Yes,1.4,0.7
1789,./unit1/camera_data/image_BS1_8914_01_01_21.jpg,./unit1/mmWave_data/mmWave_power_1842.txt,./unit1/GPS_data/gps_location.txt,./unit2/GPS_data/gps_location_1842.txt,,59,21,['01-01-21-0'],1,11,G2 G6 G12 G17 G19 G24 R12 R13 R22 R23 R24,3D,Yes,1.4,0.7
1790,./unit1/camera_data/image_BS1_8915_01_01_21.jpg,./unit1/mmWave_data/mmWave_power_1843.txt,./unit1/GPS_data/gps_location.txt,./unit2/GPS_data/gps_location_1843.txt,,59,21,['01-01-21-111'],1,16,G2 G6 G12 G17 G19 G24 R12 R13 R22 R23 R24 E13 E15 E21 E27 E30,3D,Yes,1.4,0.7
1791,./unit1/camera_data/image_BS1_8916_01_01_21.jpg,./unit1/mmWave_data/mmWave_power_1844.txt,./unit1/GPS_data/gps_location.txt,./unit2/GPS_data/gps_location_1844.txt,,58,21,['01-01-21-222'],1,16,G2 G6 G12 G17 G19 G24 R12 R13 R22 R23 R24 E13 E15 E21 E27 E30,3D,Yes,1.4,0.7
1792,./unit1/camera_data/image_BS1_8917_01_01_21.jpg,./unit1/mmWave_data/mmWave_power_1845.txt,./unit1/GPS_data/gps_location.txt,./unit2/GPS_data/gps_location_1845.txt,,57,21,['01-01-21-333'],1,16,G2 G6 G12 G17 G19 G24 R12 R13 R22 R23 R24 E13 E15 E21 E27 E30,3D,Yes,1.4,0.7
1793,./unit1/camera_data/image_BS1_8918_01_01_21.jpg,./unit1/mmWave_data/mmWave_power_1846.txt,./unit1/GPS_data/gps_location.txt,./unit2/GPS_data/gps_location_1846.txt,,58,21,['01-01-21-444'],1,16,G2 G6 G12 G17 G19 G24 R12 R13 R22 R23 R24 E13 E15 E21 E27 E30,3D,Yes,1.4,0.7
1794,./unit1/camera_data/image_BS1_8919_01_01_21.jpg,./unit1/mmWave_data/mmWave_power_1847.txt,./unit1/GPS_data/gps_location.txt,./unit2/GPS_data/gps_location_1847.txt,,58,21,['01-01-21-555'],1,16,G2 G6 G12 G17 G19 G24 R12 R13 R22 R23 R24 E13 E15 E21 E27 E30,3D,Yes,1.4,0.7
1795,./unit1/camera_data/image_BS1_8920_01_01_21.jpg,./unit1/mmWave_data/mmWave_power_1848.txt,./unit1/GPS_data/gps_location.txt,./unit2/GPS_data/gps_location_1848.txt,,58,21,['01-01-21-666'],1,11,G2 G6 G12 G17 G19 G24 R12 R13 R22 R23 R24,3D,Yes,1.4,0.7
1796,./unit1/camera_data/image_BS1_8921_01_01_21.jpg,./unit1/mmWave_data/mmWave_power_1849.txt,./unit1/GPS_data/gps_location.txt,./unit2/GPS_data/gps_location_1849.txt,,57,21,['01-01-21-777'],1,16,G2 G6 G12 G17 G19 G24 R12 R13 R22 R23 R24 E13 E15 E21 E27 E30,3D,Yes,1.4,0.7
1797,./unit1/camera_data/image_BS1_8922_01_01_21.jpg,./unit1/mmWave_data/mmWave_power_1850.txt,./unit1/GPS_data/gps_location.txt,./unit2/GPS_data/gps_location_1850.txt,,57,21,['01-01-21-888'],1,11,G2 G6 G12 G17 G19 G24 R12 R13 R22 R23 R24,3D,Yes,1.4,0.7
1798,./unit1/camera_data/image_BS1_8923_01_01_22.jpg,./unit1/mmWave_data/mmWave_power_1851.txt,./unit1/GPS_data/gps_location.txt,./unit2/GPS_data/gps_location_1851.txt,,58,21,['01-01-22-0'],1,20,G2 G6 G12 G17 G19 G24 R12 R13 R22 R23 R24 E13 E15 E21 E27 E30 B11 B12 B24 B25,3D,Yes,1.4,0.7
1799,./unit1/camera_data/image_BS1_8924_01_01_22.jpg,./unit1/mmWave_data/mmWave_power_1852.txt,./unit1/GPS_data/gps_location.txt,./unit2/GPS_data/gps_location_1852.txt,,56,21,['01-01-22-111'],1,16,G2 G6 G12 G17 G19 G24 R12 R13 R22 R23 R24 E13 E15 E21 E27 E30,3D,Yes,1.4,0.7
1800,./unit1/camera_data/image_BS1_8925_01_01_22.jpg,./unit1/mmWave_data/mmWave_power_1853.txt,./unit1/GPS_data/gps_location.txt,./unit2/GPS_data/gps_location_1853.txt,,56,21,['01-01-22-222'],1,16,G2 G6 G12 G17 G19 G24 R12 R13 R22 R23 R24 E13 E15 E21 E27 E30,3D,Yes,1.4,0.7
1801,./unit1/camera_data/image_BS1_8926_01_01_22.jpg,./unit1/mmWave_data/mmWave_power_1854.txt,./unit1/GPS_data/gps_location.txt,./unit2/GPS_data/gps_location_1854.txt,,55,21,['01-01-22-333'],1,16,G2 G6 G12 G17 G19 G24 R12 R13 R22 R23 R24 E13 E15 E21 E27 E30,3D,Yes,1.4,0.7
1802,./unit1/camera_data/image_BS1_8927_01_01_22.jpg,./unit1/mmWave_data/mmWave_power_1855.txt,./unit1/GPS_data/gps_location.txt,./unit2/GPS_data/gps_location_1855.txt,,56,21,['01-01-22-444'],1,16,G2 G6 G12 G17 G19 G24 R12 R13 R22 R23 R24 E13 E15 E21 E27 E30,3D,Yes,1.4,0.7
1803,./unit1/camera_data/image_BS1_8928_01_01_22.jpg,./unit1/mmWave_data/mmWave_power_1856.txt,./unit1/GPS_data/gps_location.txt,./unit2/GPS_data/gps_location_1856.txt,,57,21,['01-01-22-555'],1,11,G2 G6 G12 G17 G19 G24 R12 R13 R22 R23 R24,3D,Yes,1.4,0.7
1804,./unit1/camera_data/image_BS1_8929_01_01_22.jpg,./unit1/mmWave_data/mmWave_power_1857.txt,./unit1/GPS_data/gps_location.txt,./unit2/GPS_data/gps_location_1857.txt,,55,21,['01-01-22-666'],1,11,G2 G6 G12 G17 G19 G24 R12 R13 R22 R23 R24,3D,Yes,1.4,0.7
1805,./unit1/camera_data/image_BS1_8930_01_01_22.jpg,./unit1/mmWave_data/mmWave_power_1858.txt,./unit1/GPS_data/gps_location.txt,./unit2/GPS_data/gps_location_1858.txt,,55,21,['01-01-22-777'],1,16,G2 G6 G12 G17 G19 G24 R12 R13 R22 R23 R24 E13 E15 E21 E27 E30,3D,Yes,1.4,0.7
1806,./unit1/camera_data/image_BS1_8931_01_01_22.jpg,./unit1/mmWave_data/mmWave_power_1859.txt,./unit1/GPS_data/gps_location.txt,./unit2/GPS_data/gps_location_1859.txt,,54,21,['01-01-22-888'],1,16,G2 G6 G12 G17 G19 G24 R12 R13 R22 R23 R24 E13 E15 E21 E27 E30,3D,Yes,1.4,0.7
1807,./unit1/camera_data/image_BS1_8932_01_01_23.jpg,./unit1/mmWave_data/mmWave_power_1860.txt,./unit1/GPS_data/gps_location.txt,./unit2/GPS_data/gps_location_1860.txt,,54,21,['01-01-23-0'],1,16,G2 G6 G12 G17 G19 G24 R12 R13 R22 R23 R24 E13 E15 E21 E27 E30,3D,Yes,1.4,0.7
1808,./unit1/camera_data/image_BS1_8933_01_01_23.jpg,./unit1/mmWave_data/mmWave_power_1861.txt,./unit1/GPS_data/gps_location.txt,./unit2/GPS_data/gps_location_1861.txt,,54,21,['01-01-23-125'],1,16,G2 G6 G12 G17 G19 G24 R12 R13 R22 R23 R24 E13 E15 E21 E27 E30,3D,Yes,1.4,0.7
1809,./unit1/camera_data/image_BS1_8934_01_01_23.jpg,./unit1/mmWave_data/mmWave_power_1862.txt,./unit1/GPS_data/gps_location.txt,./unit2/GPS_data/gps_location_1862.txt,,54,21,['01-01-23-250'],1,16,G2 G6 G12 G17 G19 G24 R12 R13 R22 R23 R24 E13 E15 E21 E27 E30,3D,Yes,1.4,0.7
1810,./unit1/camera_data/image_BS1_8935_01_01_23.jpg,./unit1/mmWave_data/mmWave_power_1863.txt,./unit1/GPS_data/gps_location.txt,./unit2/GPS_data/gps_location_1863.txt,,54,21,['01-01-23-375'],1,16,G2 G6 G12 G17 G19 G24 R12 R13 R22 R23 R24 E13 E15 E21 E27 E30,3D,Yes,1.4,0.7
1811,./unit1/camera_data/image_BS1_8936_01_01_23.jpg,./unit1/mmWave_data/mmWave_power_1864.txt,./unit1/GPS_data/gps_location.txt,./unit2/GPS_data/gps_location_1864.txt,,54,21,['01-01-23-500'],1,20,G2 G6 G12 G17 G19 G24 R12 R13 R22 R23 R24 E13 E15 E21 E27 E30 B11 B12 B24 B25,3D,Yes,1.4,0.7
1812,./unit1/camera_data/image_BS1_8937_01_01_23.jpg,./unit1/mmWave_data/mmWave_power_1865.txt,./unit1/GPS_data/gps_location.txt,./unit2/GPS_data/gps_location_1865.txt,,54,21,['01-01-23-625'],1,16,G2 G6 G12 G17 G19 G24 R12 R13 R22 R23 R24 E13 E15 E21 E27 E30,3D,Yes,1.4,0.7
1813,./unit1/camera_data/image_BS1_8938_01_01_23.jpg,./unit1/mmWave_data/mmWave_power_1866.txt,./unit1/GPS_data/gps_location.txt,./unit2/GPS_data/gps_location_1866.txt,,53,21,['01-01-23-750'],1,16,G2 G6 G12 G17 G19 G24 R12 R13 R22 R23 R24 E13 E15 E21 E27 E30,3D,Yes,1.4,0.7
1814,./unit1/camera_data/image_BS1_8939_01_01_23.jpg,./unit1/mmWave_data/mmWave_power_1867.txt,./unit1/GPS_data/gps_location.txt,./unit2/GPS_data/gps_location_1867.txt,,51,21,['01-01-23-875'],1,11,G2 G6 G12 G17 G19 G24 R12 R13 R22 R23 R24,3D,Yes,1.4,0.7
1815,./unit1/camera_data/image_BS1_8940_01_01_24.jpg,./unit1/mmWave_data/mmWave_power_1868.txt,./unit1/GPS_data/gps_location.txt,./unit2/GPS_data/gps_location_1868.txt,,51,21,['01-01-24-0'],1,16,G2 G6 G12 G17 G19 G24 R12 R13 R22 R23 R24 E13 E15 E21 E27 E30,3D,Yes,1.4,0.7
1816,./unit1/camera_data/image_BS1_8941_01_01_24.jpg,./unit1/mmWave_data/mmWave_power_1869.txt,./unit1/GPS_data/gps_location.txt,./unit2/GPS_data/gps_location_1869.txt,,51,21,['01-01-24-333'],1,16,G2 G6 G12 G17 G19 G24 R12 R13 R22 R23 R24 E13 E15 E21 E27 E30,3D,Yes,1.4,0.7
1817,./unit1/camera_data/image_BS1_8942_01_01_24.jpg,./unit1/mmWave_data/mmWave_power_1870.txt,./unit1/GPS_data/gps_location.txt,./unit2/GPS_data/gps_location_1870.txt,,47,21,['01-01-24-666'],1,20,G2 G6 G12 G17 G19 G24 R12 R13 R22 R23 R24 E13 E15 E21 E27 E30 B11 B12 B24 B25,3D,Yes,1.6,0.8
1818,./unit1/camera_data/image_BS1_8943_01_01_25.jpg,./unit1/mmWave_data/mmWave_power_1871.txt,./unit1/GPS_data/gps_location.txt,./unit2/GPS_data/gps_location_1871.txt,,44,21,['01-01-25-0'],1,11,G2 G6 G12 G17 G19 G24 R12 R13 R22 R23 R24,3D,Yes,1.6,0.8
1819,./unit1/camera_data/image_BS1_8944_01_01_25.jpg,./unit1/mmWave_data/mmWave_power_1872.txt,./unit1/GPS_data/gps_location.txt,./unit2/GPS_data/gps_location_1872.txt,,45,21,['01-01-25-125'],1,11,G2 G6 G12 G17 G19 G24 R12 R13 R22 R23 R24,3D,Yes,1.6,0.8
1820,./unit1/camera_data/image_BS1_8945_01_01_25.jpg,./unit1/mmWave_data/mmWave_power_1873.txt,./unit1/GPS_data/gps_location.txt,./unit2/GPS_data/gps_location_1873.txt,,43,21,['01-01-25-250'],1,11,G2 G6 G12 G17 G19 G24 R12 R13 R22 R23 R24,3D,Yes,1.6,0.8
1821,./unit1/camera_data/image_BS1_8946_01_01_25.jpg,./unit1/mmWave_data/mmWave_power_1874.txt,./unit1/GPS_data/gps_location.txt,./unit2/GPS_data/gps_location_1874.txt,,43,21,['01-01-25-375'],1,16,G2 G6 G12 G17 G19 G24 R12 R13 R22 R23 R24 E13 E15 E21 E27 E30,3D,Yes,1.8,0.8
1822,./unit1/camera_data/image_BS1_8947_01_01_25.jpg,./unit1/mmWave_data/mmWave_power_1875.txt,./unit1/GPS_data/gps_location.txt,./unit2/GPS_data/gps_location_1875.txt,,41,21,['01-01-25-500'],1,16,G2 G6 G12 G17 G19 G24 R12 R13 R22 R23 R24 E13 E15 E21 E27 E30,3D,Yes,1.8,0.8
1823,./unit1/camera_data/image_BS1_8948_01_01_25.jpg,./unit1/mmWave_data/mmWave_power_1876.txt,./unit1/GPS_data/gps_location.txt,./unit2/GPS_data/gps_location_1876.txt,,41,21,['01-01-25-625'],1,21,G2 G6 G12 G17 G19 G24 G28 R12 R13 R22 R23 R24 E13 E15 E21 E27 E30 B11 B12 B24 B25,3D,Yes,1.6,0.8
1824,./unit1/camera_data/image_BS1_8949_01_01_25.jpg,./unit1/mmWave_data/mmWave_power_1877.txt,./unit1/GPS_data/gps_location.txt,./unit2/GPS_data/gps_location_1877.txt,,39,21,['01-01-25-750'],1,6,G2 G6 G12 G17 G19 G24,3D,Yes,1.6,0.8
1825,./unit1/camera_data/image_BS1_8950_01_01_25.jpg,./unit1/mmWave_data/mmWave_power_1878.txt,./unit1/GPS_data/gps_location.txt,./unit2/GPS_data/gps_location_1878.txt,,40,21,['01-01-25-875'],1,12,G2 G6 G12 G17 G19 G24 G28 R12 R13 R22 R23 R24,3D,Yes,1.6,0.8
1826,./unit1/camera_data/image_BS1_8951_01_01_26.jpg,./unit1/mmWave_data/mmWave_power_1879.txt,./unit1/GPS_data/gps_location.txt,./unit2/GPS_data/gps_location_1879.txt,,36,21,['01-01-26-0'],1,21,G2 G6 G12 G17 G19 G24 G28 R12 R13 R22 R23 R24 E13 E15 E21 E27 E30 B11 B12 B24 B25,3D,Yes,1.6,0.8
1827,./unit1/camera_data/image_BS1_8952_01_01_26.jpg,./unit1/mmWave_data/mmWave_power_1880.txt,./unit1/GPS_data/gps_location.txt,./unit2/GPS_data/gps_location_1880.txt,,38,21,['01-01-26-111'],1,17,G2 G6 G12 G17 G19 G24 G28 R12 R13 R22 R23 R24 E13 E15 E21 E27 E30,3D,Yes,1.7,0.8
1828,./unit1/camera_data/image_BS1_8953_01_01_26.jpg,./unit1/mmWave_data/mmWave_power_1881.txt,./unit1/GPS_data/gps_location.txt,./unit2/GPS_data/gps_location_1881.txt,,37,21,['01-01-26-222'],1,17,G2 G6 G12 G17 G19 G24 G28 R12 R13 R22 R23 R24 E13 E15 E21 E27 E30,3D,Yes,1.6,0.8
1829,./unit1/camera_data/image_BS1_8954_01_01_26.jpg,./unit1/mmWave_data/mmWave_power_1882.txt,./unit1/GPS_data/gps_location.txt,./unit2/GPS_data/gps_location_1882.txt,,36,21,['01-01-26-333'],1,17,G2 G6 G12 G17 G19 G24 G28 R12 R13 R22 R23 R24 E13 E15 E21 E27 E30,3D,Yes,1.6,0.8
1830,./unit1/camera_data/image_BS1_8955_01_01_26.jpg,./unit1/mmWave_data/mmWave_power_1883.txt,./unit1/GPS_data/gps_location.txt,./unit2/GPS_data/gps_location_1883.txt,,33,21,['01-01-26-444'],1,17,G2 G6 G12 G17 G19 G24 G28 R12 R13 R22 R23 R24 E13 E15 E21 E27 E30,3D,Yes,1.6,0.8
1831,./unit1/camera_data/image_BS1_8956_01_01_26.jpg,./unit1/mmWave_data/mmWave_power_1884.txt,./unit1/GPS_data/gps_location.txt,./unit2/GPS_data/gps_location_1884.txt,,34,21,['01-01-26-555'],1,17,G2 G6 G12 G17 G19 G24 G28 R12 R13 R22 R23 R24 E13 E15 E21 E27 E30,3D,Yes,1.6,0.8
1832,./unit1/camera_data/image_BS1_8957_01_01_26.jpg,./unit1/mmWave_data/mmWave_power_1885.txt,./unit1/GPS_data/gps_location.txt,./unit2/GPS_data/gps_location_1885.txt,,29,21,['01-01-26-666'],1,12,G2 G6 G12 G17 G19 G24 G28 R12 R13 R22 R23 R24,3D,Yes,1.6,0.8
1833,./unit1/camera_data/image_BS1_8958_01_01_26.jpg,./unit1/mmWave_data/mmWave_power_1886.txt,./unit1/GPS_data/gps_location.txt,./unit2/GPS_data/gps_location_1886.txt,,32,21,['01-01-26-777'],1,17,G2 G6 G12 G17 G19 G24 G28 R12 R13 R22 R23 R24 E13 E15 E21 E27 E30,3D,Yes,1.6,0.8
1834,./unit1/camera_data/image_BS1_8959_01_01_26.jpg,./unit1/mmWave_data/mmWave_power_1887.txt,./unit1/GPS_data/gps_location.txt,./unit2/GPS_data/gps_location_1887.txt,,29,21,['01-01-26-888'],1,12,G2 G6 G12 G17 G19 G24 G28 R12 R13 R22 R23 R24,3D,Yes,1.6,0.8
1835,./unit1/camera_data/image_BS1_8960_01_01_27.jpg,./unit1/mmWave_data/mmWave_power_1888.txt,./unit1/GPS_data/gps_location.txt,./unit2/GPS_data/gps_location_1888.txt,,29,21,['01-01-27-0'],1,21,G2 G6 G12 G17 G19 G24 G28 R12 R13 R22 R23 R24 E13 E15 E21 E27 E30 B11 B12 B24 B25,3D,Yes,1.6,0.8
1836,./unit1/camera_data/image_BS1_8961_01_01_27.jpg,./unit1/mmWave_data/mmWave_power_1889.txt,./unit1/GPS_data/gps_location.txt,./unit2/GPS_data/gps_location_1889.txt,,27,21,['01-01-27-111'],1,12,G2 G6 G12 G17 G19 G24 G28 R12 R13 R22 R23 R24,3D,Yes,1.6,0.8
1837,./unit1/camera_data/image_BS1_8962_01_01_27.jpg,./unit1/mmWave_data/mmWave_power_1890.txt,./unit1/GPS_data/gps_location.txt,./unit2/GPS_data/gps_location_1890.txt,,27,21,['01-01-27-222'],1,17,G2 G6 G12 G17 G19 G24 G28 R12 R13 R22 R23 R24 E13 E15 E21 E27 E30,3D,Yes,1.6,0.8
1838,./unit1/camera_data/image_BS1_8963_01_01_27.jpg,./unit1/mmWave_data/mmWave_power_1891.txt,./unit1/GPS_data/gps_location.txt,./unit2/GPS_data/gps_location_1891.txt,,26,21,['01-01-27-333'],1,12,G2 G6 G12 G17 G19 G24 G28 R12 R13 R22 R23 R24,3D,Yes,1.6,0.8
1839,./unit1/camera_data/image_BS1_8964_01_01_27.jpg,./unit1/mmWave_data/mmWave_power_1892.txt,./unit1/GPS_data/gps_location.txt,./unit2/GPS_data/gps_location_1892.txt,,26,21,['01-01-27-444'],1,17,G2 G6 G12 G17 G19 G24 G28 R12 R13 R22 R23 R24 E13 E15 E21 E27 E30,3D,Yes,1.6,0.8
1840,./unit1/camera_data/image_BS1_8965_01_01_27.jpg,./unit1/mmWave_data/mmWave_power_1893.txt,./unit1/GPS_data/gps_location.txt,./unit2/GPS_data/gps_location_1893.txt,,22,21,['01-01-27-555'],1,12,G2 G6 G12 G17 G19 G24 G28 R12 R13 R22 R23 R24,3D,Yes,1.6,0.8
1841,./unit1/camera_data/image_BS1_8966_01_01_27.jpg,./unit1/mmWave_data/mmWave_power_1894.txt,./unit1/GPS_data/gps_location.txt,./unit2/GPS_data/gps_location_1894.txt,,22,21,['01-01-27-666'],1,21,G2 G6 G12 G17 G19 G24 G28 R12 R13 R22 R23 R24 E13 E15 E21 E27 E30 B11 B12 B24 B25,3D,Yes,1.6,0.8
1842,./unit1/camera_data/image_BS1_8967_01_01_27.jpg,./unit1/mmWave_data/mmWave_power_1895.txt,./unit1/GPS_data/gps_location.txt,./unit2/GPS_data/gps_location_1895.txt,,22,21,['01-01-27-777'],1,12,G2 G6 G12 G17 G19 G24 G28 R12 R13 R22 R23 R24,3D,Yes,1.6,0.8
1843,./unit1/camera_data/image_BS1_8968_01_01_27.jpg,./unit1/mmWave_data/mmWave_power_1896.txt,./unit1/GPS_data/gps_location.txt,./unit2/GPS_data/gps_location_1896.txt,,21,21,['01-01-27-888'],1,21,G2 G6 G12 G17 G19 G24 G28 R12 R13 R22 R23 R24 E13 E15 E21 E27 E30 B11 B12 B24 B25,3D,Yes,1.6,0.8
1844,./unit1/camera_data/image_BS1_8969_01_01_28.jpg,./unit1/mmWave_data/mmWave_power_1897.txt,./unit1/GPS_data/gps_location.txt,./unit2/GPS_data/gps_location_1897.txt,,19,21,['01-01-28-0'],1,12,G2 G6 G12 G17 G19 G24 G28 R12 R13 R22 R23 R24,3D,Yes,1.6,0.8
1845,./unit1/camera_data/image_BS1_8970_01_01_28.jpg,./unit1/mmWave_data/mmWave_power_1898.txt,./unit1/GPS_data/gps_location.txt,./unit2/GPS_data/gps_location_1898.txt,,16,21,['01-01-28-125'],1,17,G2 G6 G12 G17 G19 G24 G28 R12 R13 R22 R23 R24 E13 E15 E21 E27 E30,3D,Yes,1.6,0.8
1846,./unit1/camera_data/image_BS1_8971_01_01_28.jpg,./unit1/mmWave_data/mmWave_power_1899.txt,./unit1/GPS_data/gps_location.txt,./unit2/GPS_data/gps_location_1899.txt,,17,21,['01-01-28-250'],1,17,G2 G6 G12 G17 G19 G24 G28 R12 R13 R22 R23 R24 E13 E15 E21 E27 E30,3D,Yes,1.6,0.8
1847,./unit1/camera_data/image_BS1_8972_01_01_28.jpg,./unit1/mmWave_data/mmWave_power_1900.txt,./unit1/GPS_data/gps_location.txt,./unit2/GPS_data/gps_location_1900.txt,,17,21,['01-01-28-375'],1,17,G2 G6 G12 G17 G19 G24 G28 R12 R13 R22 R23 R24 E13 E15 E21 E27 E30,3D,Yes,1.6,0.8
1848,./unit1/camera_data/image_BS1_8973_01_01_28.jpg,./unit1/mmWave_data/mmWave_power_1901.txt,./unit1/GPS_data/gps_location.txt,./unit2/GPS_data/gps_location_1901.txt,,14,21,['01-01-28-500'],1,17,G2 G6 G12 G17 G19 G24 G28 R12 R13 R22 R23 R24 E13 E15 E21 E27 E30,3D,Yes,1.6,0.8
1849,./unit1/camera_data/image_BS1_8974_01_01_28.jpg,./unit1/mmWave_data/mmWave_power_1902.txt,./unit1/GPS_data/gps_location.txt,./unit2/GPS_data/gps_location_1902.txt,,14,21,['01-01-28-625'],1,12,G2 G6 G12 G17 G19 G24 G28 R12 R13 R22 R23 R24,3D,Yes,1.6,0.8
1850,./unit1/camera_data/image_BS1_8975_01_01_28.jpg,./unit1/mmWave_data/mmWave_power_1903.txt,./unit1/GPS_data/gps_location.txt,./unit2/GPS_data/gps_location_1903.txt,,13,21,['01-01-28-750'],1,12,G2 G6 G12 G17 G19 G24 G28 R12 R13 R22 R23 R24,3D,Yes,1.6,0.8
1851,./unit1/camera_data/image_BS1_8976_01_01_28.jpg,./unit1/mmWave_data/mmWave_power_1904.txt,./unit1/GPS_data/gps_location.txt,./unit2/GPS_data/gps_location_1904.txt,,11,21,['01-01-28-875'],1,17,G2 G6 G12 G17 G19 G24 G28 R12 R13 R22 R23 R24 E13 E15 E21 E27 E30,3D,Yes,1.6,0.8
1852,./unit1/camera_data/image_BS1_8977_01_01_29.jpg,./unit1/mmWave_data/mmWave_power_1905.txt,./unit1/GPS_data/gps_location.txt,./unit2/GPS_data/gps_location_1905.txt,,12,21,['01-01-29-0'],1,21,G2 G6 G12 G17 G19 G24 G28 R12 R13 R22 R23 R24 E13 E15 E21 E27 E30 B11 B12 B24 B25,3D,Yes,1.6,0.8
1853,./unit1/camera_data/image_BS1_8978_01_01_29.jpg,./unit1/mmWave_data/mmWave_power_1906.txt,./unit1/GPS_data/gps_location.txt,./unit2/GPS_data/gps_location_1906.txt,,10,21,['01-01-29-111'],1,12,G2 G6 G12 G17 G19 G24 G28 R12 R13 R22 R23 R24,3D,Yes,1.8,0.8
1854,./unit1/camera_data/image_BS1_8979_01_01_29.jpg,./unit1/mmWave_data/mmWave_power_1907.txt,./unit1/GPS_data/gps_location.txt,./unit2/GPS_data/gps_location_1907.txt,,11,21,['01-01-29-222'],1,17,G2 G6 G12 G17 G19 G24 G28 R12 R13 R22 R23 R24 E13 E15 E21 E27 E30,3D,Yes,1.8,0.8
1855,./unit1/camera_data/image_BS1_8980_01_01_29.jpg,./unit1/mmWave_data/mmWave_power_1908.txt,./unit1/GPS_data/gps_location.txt,./unit2/GPS_data/gps_location_1908.txt,,10,21,['01-01-29-333'],1,17,G2 G6 G12 G17 G19 G24 G28 R12 R13 R22 R23 R24 E13 E15 E21 E27 E30,3D,Yes,1.8,0.8
1856,./unit1/camera_data/image_BS1_8981_01_01_29.jpg,./unit1/mmWave_data/mmWave_power_1909.txt,./unit1/GPS_data/gps_location.txt,./unit2/GPS_data/gps_location_1909.txt,,8,21,['01-01-29-444'],1,17,G2 G6 G12 G17 G19 G24 G28 R12 R13 R22 R23 R24 E13 E15 E21 E27 E30,3D,Yes,1.6,0.8
1857,./unit1/camera_data/image_BS1_8982_01_01_29.jpg,./unit1/mmWave_data/mmWave_power_1910.txt,./unit1/GPS_data/gps_location.txt,./unit2/GPS_data/gps_location_1910.txt,,6,21,['01-01-29-555'],1,21,G2 G6 G12 G17 G19 G24 G28 R12 R13 R22 R23 R24 E13 E15 E21 E27 E30 B11 B12 B24 B25,3D,Yes,1.7,0.8
1858,./unit1/camera_data/image_BS1_8983_01_01_29.jpg,./unit1/mmWave_data/mmWave_power_1911.txt,./unit1/GPS_data/gps_location.txt,./unit2/GPS_data/gps_location_1911.txt,,6,21,['01-01-29-666'],1,12,G2 G6 G12 G17 G19 G24 G28 R12 R13 R22 R23 R24,3D,Yes,1.7,0.8
1859,./unit1/camera_data/image_BS1_8984_01_01_29.jpg,./unit1/mmWave_data/mmWave_power_1912.txt,./unit1/GPS_data/gps_location.txt,./unit2/GPS_data/gps_location_1912.txt,,6,21,['01-01-29-777'],1,7,G2 G6 G12 G17 G19 G24 G28,3D,Yes,1.6,0.8
1860,./unit1/camera_data/image_BS1_8985_01_01_29.jpg,./unit1/mmWave_data/mmWave_power_1913.txt,./unit1/GPS_data/gps_location.txt,./unit2/GPS_data/gps_location_1913.txt,,6,21,['01-01-29-888'],1,12,G2 G6 G12 G17 G19 G24 G28 R12 R13 R22 R23 R24,3D,Yes,1.6,0.8
1861,./unit1/camera_data/image_BS1_8986_01_01_30.jpg,./unit1/mmWave_data/mmWave_power_1914.txt,./unit1/GPS_data/gps_location.txt,./unit2/GPS_data/gps_location_1914.txt,,5,21,['01-01-30-0'],1,17,G2 G6 G12 G17 G19 G24 G28 R12 R13 R22 R23 R24 E13 E15 E21 E27 E30,3D,Yes,1.6,0.8
1862,./unit1/camera_data/image_BS1_8987_01_01_30.jpg,./unit1/mmWave_data/mmWave_power_1915.txt,./unit1/GPS_data/gps_location.txt,./unit2/GPS_data/gps_location_1915.txt,,3,21,['01-01-30-142'],1,17,G2 G6 G12 G17 G19 G24 G28 R12 R13 R22 R23 R24 E13 E15 E21 E27 E30,3D,Yes,1.7,0.8
1863,./unit1/camera_data/image_BS1_8988_01_01_30.jpg,./unit1/mmWave_data/mmWave_power_1916.txt,./unit1/GPS_data/gps_location.txt,./unit2/GPS_data/gps_location_1916.txt,,6,21,['01-01-30-284'],1,17,G2 G6 G12 G17 G19 G24 G28 R12 R13 R22 R23 R24 E13 E15 E21 E27 E30,3D,Yes,1.7,0.8
1864,./unit1/camera_data/image_BS1_8989_01_01_30.jpg,./unit1/mmWave_data/mmWave_power_1917.txt,./unit1/GPS_data/gps_location.txt,./unit2/GPS_data/gps_location_1917.txt,,3,21,['01-01-30-426'],1,17,G2 G6 G12 G17 G19 G24 G28 R12 R13 R22 R23 R24 E13 E15 E21 E27 E30,3D,Yes,1.7,0.8
1865,./unit1/camera_data/image_BS1_8990_01_01_30.jpg,./unit1/mmWave_data/mmWave_power_1918.txt,./unit1/GPS_data/gps_location.txt,./unit2/GPS_data/gps_location_1918.txt,,4,21,['01-01-30-568'],1,17,G2 G6 G12 G17 G19 G24 G28 R12 R13 R22 R23 R24 E13 E15 E21 E27 E30,3D,Yes,1.7,0.8
1866,./unit1/camera_data/image_BS1_8991_01_01_30.jpg,./unit1/mmWave_data/mmWave_power_1919.txt,./unit1/GPS_data/gps_location.txt,./unit2/GPS_data/gps_location_1919.txt,,3,21,['01-01-30-710'],1,12,G2 G6 G12 G17 G19 G24 G28 R12 R13 R22 R23 R24,3D,Yes,1.7,0.8
1867,./unit1/camera_data/image_BS1_8992_01_01_30.jpg,./unit1/mmWave_data/mmWave_power_1920.txt,./unit1/GPS_data/gps_location.txt,./unit2/GPS_data/gps_location_1920.txt,,2,21,['01-01-30-852'],1,17,G2 G6 G12 G17 G19 G24 G28 R12 R13 R22 R23 R24 E13 E15 E21 E27 E30,3D,Yes,1.7,0.8
1868,./unit1/camera_data/image_BS1_9651_01_03_03.jpg,./unit1/mmWave_data/mmWave_power_2112.txt,./unit1/GPS_data/gps_location.txt,./unit2/GPS_data/gps_location_2112.txt,,61,22,['01-03-03-0'],1,16,G2 G6 G12 G17 G19 G24 R12 R13 R22 R23 R24 E13 E15 E21 E27 E30,3D,Yes,1.4,0.7
1869,./unit1/camera_data/image_BS1_9652_01_03_03.jpg,./unit1/mmWave_data/mmWave_power_2113.txt,./unit1/GPS_data/gps_location.txt,./unit2/GPS_data/gps_location_2113.txt,,61,22,['01-03-03-250'],1,16,G2 G6 G12 G17 G19 G24 R12 R13 R22 R23 R24 E13 E15 E21 E27 E30,3D,Yes,1.4,0.7
1870,./unit1/camera_data/image_BS1_9653_01_03_03.jpg,./unit1/mmWave_data/mmWave_power_2114.txt,./unit1/GPS_data/gps_location.txt,./unit2/GPS_data/gps_location_2114.txt,,61,22,['01-03-03-500'],1,16,G2 G6 G12 G17 G19 G24 R12 R13 R22 R23 R24 E13 E15 E21 E27 E30,3D,Yes,1.4,0.7
1871,./unit1/camera_data/image_BS1_9654_01_03_03.jpg,./unit1/mmWave_data/mmWave_power_2115.txt,./unit1/GPS_data/gps_location.txt,./unit2/GPS_data/gps_location_2115.txt,,61,22,['01-03-03-750'],1,16,G2 G6 G12 G17 G19 G24 R12 R13 R22 R23 R24 E13 E15 E21 E27 E30,3D,Yes,1.4,0.7
1872,./unit1/camera_data/image_BS1_9655_01_03_04.jpg,./unit1/mmWave_data/mmWave_power_2116.txt,./unit1/GPS_data/gps_location.txt,./unit2/GPS_data/gps_location_2116.txt,,59,22,['01-03-04-0'],1,16,G2 G6 G12 G17 G19 G24 R12 R13 R22 R23 R24 E13 E15 E21 E27 E30,3D,Yes,1.4,0.7
1873,./unit1/camera_data/image_BS1_9656_01_03_04.jpg,./unit1/mmWave_data/mmWave_power_2117.txt,./unit1/GPS_data/gps_location.txt,./unit2/GPS_data/gps_location_2117.txt,,59,22,['01-03-04-111'],1,16,G2 G6 G12 G17 G19 G24 R12 R13 R22 R23 R24 E13 E15 E21 E27 E30,3D,Yes,1.4,0.7
1874,./unit1/camera_data/image_BS1_9657_01_03_04.jpg,./unit1/mmWave_data/mmWave_power_2118.txt,./unit1/GPS_data/gps_location.txt,./unit2/GPS_data/gps_location_2118.txt,,59,22,['01-03-04-222'],1,16,G2 G6 G12 G17 G19 G24 R12 R13 R22 R23 R24 E13 E15 E21 E27 E30,3D,Yes,1.4,0.7
1875,./unit1/camera_data/image_BS1_9658_01_03_04.jpg,./unit1/mmWave_data/mmWave_power_2119.txt,./unit1/GPS_data/gps_location.txt,./unit2/GPS_data/gps_location_2119.txt,,59,22,['01-03-04-333'],1,16,G2 G6 G12 G17 G19 G24 R12 R13 R22 R23 R24 E13 E15 E21 E27 E30,3D,Yes,1.4,0.7
1876,./unit1/camera_data/image_BS1_9659_01_03_04.jpg,./unit1/mmWave_data/mmWave_power_2120.txt,./unit1/GPS_data/gps_location.txt,./unit2/GPS_data/gps_location_2120.txt,,59,22,['01-03-04-444'],1,16,G2 G6 G12 G17 G19 G24 R12 R13 R22 R23 R24 E13 E15 E21 E27 E30,3D,Yes,1.4,0.7
1877,./unit1/camera_data/image_BS1_9660_01_03_04.jpg,./unit1/mmWave_data/mmWave_power_2121.txt,./unit1/GPS_data/gps_location.txt,./unit2/GPS_data/gps_location_2121.txt,,58,22,['01-03-04-555'],1,20,G2 G6 G12 G17 G19 G24 R12 R13 R22 R23 R24 E13 E15 E21 E27 E30 B11 B12 B24 B25,3D,Yes,1.4,0.7
1878,./unit1/camera_data/image_BS1_9661_01_03_04.jpg,./unit1/mmWave_data/mmWave_power_2122.txt,./unit1/GPS_data/gps_location.txt,./unit2/GPS_data/gps_location_2122.txt,,57,22,['01-03-04-666'],1,11,G2 G6 G12 G17 G19 G24 R12 R13 R22 R23 R24,3D,Yes,1.4,0.7
1879,./unit1/camera_data/image_BS1_9662_01_03_04.jpg,./unit1/mmWave_data/mmWave_power_2123.txt,./unit1/GPS_data/gps_location.txt,./unit2/GPS_data/gps_location_2123.txt,,58,22,['01-03-04-777'],1,11,G2 G6 G12 G17 G19 G24 R12 R13 R22 R23 R24,3D,Yes,1.4,0.7
1880,./unit1/camera_data/image_BS1_9663_01_03_04.jpg,./unit1/mmWave_data/mmWave_power_2124.txt,./unit1/GPS_data/gps_location.txt,./unit2/GPS_data/gps_location_2124.txt,,59,22,['01-03-04-888'],1,11,G2 G6 G12 G17 G19 G24 R12 R13 R22 R23 R24,3D,Yes,1.4,0.7
1881,./unit1/camera_data/image_BS1_9664_01_03_05.jpg,./unit1/mmWave_data/mmWave_power_2125.txt,./unit1/GPS_data/gps_location.txt,./unit2/GPS_data/gps_location_2125.txt,,58,22,['01-03-05-0'],1,20,G2 G6 G12 G17 G19 G24 R12 R13 R22 R23 R24 E13 E15 E21 E27 E30 B11 B12 B24 B25,3D,Yes,1.4,0.7
1882,./unit1/camera_data/image_BS1_9665_01_03_05.jpg,./unit1/mmWave_data/mmWave_power_2126.txt,./unit1/GPS_data/gps_location.txt,./unit2/GPS_data/gps_location_2126.txt,,57,22,['01-03-05-125'],1,11,G2 G6 G12 G17 G19 G24 R12 R13 R22 R23 R24,3D,Yes,1.4,0.7
1883,./unit1/camera_data/image_BS1_9666_01_03_05.jpg,./unit1/mmWave_data/mmWave_power_2127.txt,./unit1/GPS_data/gps_location.txt,./unit2/GPS_data/gps_location_2127.txt,,56,22,['01-03-05-250'],1,16,G2 G6 G12 G17 G19 G24 R12 R13 R22 R23 R24 E13 E15 E21 E27 E30,3D,Yes,1.4,0.7
1884,./unit1/camera_data/image_BS1_9667_01_03_05.jpg,./unit1/mmWave_data/mmWave_power_2128.txt,./unit1/GPS_data/gps_location.txt,./unit2/GPS_data/gps_location_2128.txt,,55,22,['01-03-05-375'],1,16,G2 G6 G12 G17 G19 G24 R12 R13 R22 R23 R24 E13 E15 E21 E27 E30,3D,Yes,1.4,0.7
1885,./unit1/camera_data/image_BS1_9668_01_03_05.jpg,./unit1/mmWave_data/mmWave_power_2129.txt,./unit1/GPS_data/gps_location.txt,./unit2/GPS_data/gps_location_2129.txt,,55,22,['01-03-05-500'],1,20,G2 G6 G12 G17 G19 G24 R12 R13 R22 R23 R24 E13 E15 E21 E27 E30 B11 B12 B24 B25,3D,Yes,1.4,0.7
1886,./unit1/camera_data/image_BS1_9669_01_03_05.jpg,./unit1/mmWave_data/mmWave_power_2130.txt,./unit1/GPS_data/gps_location.txt,./unit2/GPS_data/gps_location_2130.txt,,56,22,['01-03-05-625'],1,17,G2 G6 G12 G17 G19 G24 G28 R12 R13 R22 R23 R24 E13 E15 E21 E27 E30,3D,Yes,1.4,0.7
1887,./unit1/camera_data/image_BS1_9670_01_03_05.jpg,./unit1/mmWave_data/mmWave_power_2131.txt,./unit1/GPS_data/gps_location.txt,./unit2/GPS_data/gps_location_2131.txt,,55,22,['01-03-05-750'],1,12,G2 G6 G12 G17 G19 G24 G28 R12 R13 R22 R23 R24,3D,Yes,1.4,0.7
1888,./unit1/camera_data/image_BS1_9671_01_03_05.jpg,./unit1/mmWave_data/mmWave_power_2132.txt,./unit1/GPS_data/gps_location.txt,./unit2/GPS_data/gps_location_2132.txt,,55,22,['01-03-05-875'],1,12,G2 G6 G12 G17 G19 G24 G28 R12 R13 R22 R23 R24,3D,Yes,1.4,0.7
1889,./unit1/camera_data/image_BS1_9672_01_03_06.jpg,./unit1/mmWave_data/mmWave_power_2133.txt,./unit1/GPS_data/gps_location.txt,./unit2/GPS_data/gps_location_2133.txt,,55,22,['01-03-06-0'],1,21,G2 G6 G12 G17 G19 G24 G28 R12 R13 R22 R23 R24 E13 E15 E21 E27 E30 B11 B12 B24 B25,3D,Yes,1.4,0.7
1890,./unit1/camera_data/image_BS1_9673_01_03_06.jpg,./unit1/mmWave_data/mmWave_power_2134.txt,./unit1/GPS_data/gps_location.txt,./unit2/GPS_data/gps_location_2134.txt,,55,22,['01-03-06-111'],1,17,G2 G6 G12 G17 G19 G24 G28 R12 R13 R22 R23 R24 E13 E15 E21 E27 E30,3D,Yes,1.4,0.7
1891,./unit1/camera_data/image_BS1_9674_01_03_06.jpg,./unit1/mmWave_data/mmWave_power_2135.txt,./unit1/GPS_data/gps_location.txt,./unit2/GPS_data/gps_location_2135.txt,,54,22,['01-03-06-222'],1,17,G2 G6 G12 G17 G19 G24 G28 R12 R13 R22 R23 R24 E13 E15 E21 E27 E30,3D,Yes,1.4,0.7
1892,./unit1/camera_data/image_BS1_9675_01_03_06.jpg,./unit1/mmWave_data/mmWave_power_2136.txt,./unit1/GPS_data/gps_location.txt,./unit2/GPS_data/gps_location_2136.txt,,54,22,['01-03-06-333'],1,17,G2 G6 G12 G17 G19 G24 G28 R12 R13 R22 R23 R24 E13 E15 E21 E27 E30,3D,Yes,1.4,0.7
1893,./unit1/camera_data/image_BS1_9676_01_03_06.jpg,./unit1/mmWave_data/mmWave_power_2137.txt,./unit1/GPS_data/gps_location.txt,./unit2/GPS_data/gps_location_2137.txt,,54,22,['01-03-06-444'],1,17,G2 G6 G12 G17 G19 G24 G28 R12 R13 R22 R23 R24 E13 E15 E21 E27 E30,3D,Yes,1.4,0.7
1894,./unit1/camera_data/image_BS1_9677_01_03_06.jpg,./unit1/mmWave_data/mmWave_power_2138.txt,./unit1/GPS_data/gps_location.txt,./unit2/GPS_data/gps_location_2138.txt,,54,22,['01-03-06-555'],1,17,G2 G6 G12 G17 G19 G24 G28 R12 R13 R22 R23 R24 E13 E15 E21 E27 E30,3D,Yes,1.4,0.7
1895,./unit1/camera_data/image_BS1_9678_01_03_06.jpg,./unit1/mmWave_data/mmWave_power_2139.txt,./unit1/GPS_data/gps_location.txt,./unit2/GPS_data/gps_location_2139.txt,,54,22,['01-03-06-666'],1,17,G2 G6 G12 G17 G19 G24 G28 R12 R13 R22 R23 R24 E13 E15 E21 E27 E30,3D,Yes,1.4,0.7
1896,./unit1/camera_data/image_BS1_9679_01_03_06.jpg,./unit1/mmWave_data/mmWave_power_2140.txt,./unit1/GPS_data/gps_location.txt,./unit2/GPS_data/gps_location_2140.txt,,54,22,['01-03-06-777'],1,12,G2 G6 G12 G17 G19 G24 G28 R12 R13 R22 R23 R24,3D,Yes,1.4,0.7
1897,./unit1/camera_data/image_BS1_9680_01_03_06.jpg,./unit1/mmWave_data/mmWave_power_2141.txt,./unit1/GPS_data/gps_location.txt,./unit2/GPS_data/gps_location_2141.txt,,54,22,['01-03-06-888'],1,17,G2 G6 G12 G17 G19 G24 G28 R12 R13 R22 R23 R24 E13 E15 E21 E27 E30,3D,Yes,1.4,0.7
1898,./unit1/camera_data/image_BS1_9681_01_03_07.jpg,./unit1/mmWave_data/mmWave_power_2142.txt,./unit1/GPS_data/gps_location.txt,./unit2/GPS_data/gps_location_2142.txt,,54,22,['01-03-07-0'],1,21,G2 G6 G12 G17 G19 G24 G28 R12 R13 R22 R23 R24 E13 E15 E21 E27 E30 B11 B12 B24 B25,3D,Yes,1.4,0.7
1899,./unit1/camera_data/image_BS1_9682_01_03_07.jpg,./unit1/mmWave_data/mmWave_power_2143.txt,./unit1/GPS_data/gps_location.txt,./unit2/GPS_data/gps_location_2143.txt,,51,22,['01-03-07-111'],1,17,G2 G6 G12 G17 G19 G24 G28 R12 R13 R22 R23 R24 E13 E15 E21 E27 E30,3D,Yes,1.4,0.7
1900,./unit1/camera_data/image_BS1_9683_01_03_07.jpg,./unit1/mmWave_data/mmWave_power_2144.txt,./unit1/GPS_data/gps_location.txt,./unit2/GPS_data/gps_location_2144.txt,,51,22,['01-03-07-222'],1,12,G2 G6 G12 G17 G19 G24 G28 R12 R13 R22 R23 R24,3D,Yes,1.4,0.7
1901,./unit1/camera_data/image_BS1_9684_01_03_07.jpg,./unit1/mmWave_data/mmWave_power_2145.txt,./unit1/GPS_data/gps_location.txt,./unit2/GPS_data/gps_location_2145.txt,,51,22,['01-03-07-333'],1,21,G2 G6 G12 G17 G19 G24 G28 R12 R13 R22 R23 R24 E13 E15 E21 E27 E30 B11 B12 B24 B25,3D,Yes,1.4,0.7
1902,./unit1/camera_data/image_BS1_9685_01_03_07.jpg,./unit1/mmWave_data/mmWave_power_2146.txt,./unit1/GPS_data/gps_location.txt,./unit2/GPS_data/gps_location_2146.txt,,51,22,['01-03-07-444'],1,17,G2 G6 G12 G17 G19 G24 G28 R12 R13 R22 R23 R24 E13 E15 E21 E27 E30,3D,Yes,1.4,0.7
1903,./unit1/camera_data/image_BS1_9686_01_03_07.jpg,./unit1/mmWave_data/mmWave_power_2147.txt,./unit1/GPS_data/gps_location.txt,./unit2/GPS_data/gps_location_2147.txt,,51,22,['01-03-07-555'],1,21,G2 G6 G12 G17 G19 G24 G28 R12 R13 R22 R23 R24 E13 E15 E21 E27 E30 B11 B12 B24 B25,3D,Yes,1.4,0.7
1904,./unit1/camera_data/image_BS1_9687_01_03_07.jpg,./unit1/mmWave_data/mmWave_power_2148.txt,./unit1/GPS_data/gps_location.txt,./unit2/GPS_data/gps_location_2148.txt,,51,22,['01-03-07-666'],1,12,G2 G6 G12 G17 G19 G24 G28 R12 R13 R22 R23 R24,3D,Yes,1.4,0.7
1905,./unit1/camera_data/image_BS1_9688_01_03_07.jpg,./unit1/mmWave_data/mmWave_power_2149.txt,./unit1/GPS_data/gps_location.txt,./unit2/GPS_data/gps_location_2149.txt,,51,22,['01-03-07-777'],1,12,G2 G6 G12 G17 G19 G24 G28 R12 R13 R22 R23 R24,3D,Yes,1.4,0.7
1906,./unit1/camera_data/image_BS1_9689_01_03_07.jpg,./unit1/mmWave_data/mmWave_power_2150.txt,./unit1/GPS_data/gps_location.txt,./unit2/GPS_data/gps_location_2150.txt,,51,22,['01-03-07-888'],1,12,G2 G6 G12 G17 G19 G24 G28 R12 R13 R22 R23 R24,3D,Yes,1.4,0.7
1907,./unit1/camera_data/image_BS1_9690_01_03_08.jpg,./unit1/mmWave_data/mmWave_power_2151.txt,./unit1/GPS_data/gps_location.txt,./unit2/GPS_data/gps_location_2151.txt,,51,22,['01-03-08-0'],1,12,G2 G6 G12 G17 G19 G24 G28 R12 R13 R22 R23 R24,3D,Yes,1.4,0.7
1908,./unit1/camera_data/image_BS1_9691_01_03_08.jpg,./unit1/mmWave_data/mmWave_power_2152.txt,./unit1/GPS_data/gps_location.txt,./unit2/GPS_data/gps_location_2152.txt,,50,22,['01-03-08-111'],1,11,G2 G6 G12 G17 G19 G24 R12 R13 R22 R23 R24,3D,Yes,1.4,0.7
1909,./unit1/camera_data/image_BS1_9692_01_03_08.jpg,./unit1/mmWave_data/mmWave_power_2153.txt,./unit1/GPS_data/gps_location.txt,./unit2/GPS_data/gps_location_2153.txt,,51,22,['01-03-08-222'],1,20,G2 G6 G12 G17 G19 G24 R12 R13 R22 R23 R24 E13 E15 E21 E27 E30 B11 B12 B24 B25,3D,Yes,1.4,0.7
1910,./unit1/camera_data/image_BS1_9693_01_03_08.jpg,./unit1/mmWave_data/mmWave_power_2154.txt,./unit1/GPS_data/gps_location.txt,./unit2/GPS_data/gps_location_2154.txt,,48,22,['01-03-08-333'],1,16,G2 G6 G12 G17 G19 G24 R12 R13 R22 R23 R24 E13 E15 E21 E27 E30,3D,Yes,1.5,0.8
1911,./unit1/camera_data/image_BS1_9694_01_03_08.jpg,./unit1/mmWave_data/mmWave_power_2155.txt,./unit1/GPS_data/gps_location.txt,./unit2/GPS_data/gps_location_2155.txt,,49,22,['01-03-08-444'],1,16,G2 G6 G12 G17 G19 G24 R12 R13 R22 R23 R24 E13 E15 E21 E27 E30,3D,Yes,1.8,0.8
1912,./unit1/camera_data/image_BS1_9695_01_03_08.jpg,./unit1/mmWave_data/mmWave_power_2156.txt,./unit1/GPS_data/gps_location.txt,./unit2/GPS_data/gps_location_2156.txt,,51,22,['01-03-08-555'],1,16,G2 G6 G12 G17 G19 G24 R12 R13 R22 R23 R24 E13 E15 E21 E27 E30,3D,Yes,1.8,0.8
1913,./unit1/camera_data/image_BS1_9696_01_03_08.jpg,./unit1/mmWave_data/mmWave_power_2157.txt,./unit1/GPS_data/gps_location.txt,./unit2/GPS_data/gps_location_2157.txt,,48,22,['01-03-08-666'],1,16,G2 G6 G12 G17 G19 G24 R12 R13 R22 R23 R24 E13 E15 E21 E27 E30,3D,Yes,1.5,0.8
1914,./unit1/camera_data/image_BS1_9697_01_03_08.jpg,./unit1/mmWave_data/mmWave_power_2158.txt,./unit1/GPS_data/gps_location.txt,./unit2/GPS_data/gps_location_2158.txt,,48,22,['01-03-08-777'],1,11,G2 G6 G12 G17 G19 G24 R12 R13 R22 R23 R24,3D,Yes,1.5,0.8
1915,./unit1/camera_data/image_BS1_9698_01_03_08.jpg,./unit1/mmWave_data/mmWave_power_2159.txt,./unit1/GPS_data/gps_location.txt,./unit2/GPS_data/gps_location_2159.txt,,48,22,['01-03-08-888'],1,16,G2 G6 G12 G17 G19 G24 R12 R13 R22 R23 R24 E13 E15 E21 E27 E30,3D,Yes,1.5,0.8
1916,./unit1/camera_data/image_BS1_9699_01_03_09.jpg,./unit1/mmWave_data/mmWave_power_2160.txt,./unit1/GPS_data/gps_location.txt,./unit2/GPS_data/gps_location_2160.txt,,48,22,['01-03-09-0'],1,16,G2 G6 G12 G17 G19 G24 R12 R13 R22 R23 R24 E13 E15 E21 E27 E30,3D,Yes,1.5,0.8
1917,./unit1/camera_data/image_BS1_9700_01_03_09.jpg,./unit1/mmWave_data/mmWave_power_2161.txt,./unit1/GPS_data/gps_location.txt,./unit2/GPS_data/gps_location_2161.txt,,48,22,['01-03-09-125'],1,20,G2 G6 G12 G17 G19 G24 R12 R13 R22 R23 R24 E13 E15 E21 E27 E30 B11 B12 B24 B25,3D,Yes,1.5,0.8
1918,./unit1/camera_data/image_BS1_9701_01_03_09.jpg,./unit1/mmWave_data/mmWave_power_2162.txt,./unit1/GPS_data/gps_location.txt,./unit2/GPS_data/gps_location_2162.txt,,48,22,['01-03-09-250'],1,16,G2 G6 G12 G17 G19 G24 R12 R13 R22 R23 R24 E13 E15 E21 E27 E30,3D,Yes,1.4,0.7
1919,./unit1/camera_data/image_BS1_9702_01_03_09.jpg,./unit1/mmWave_data/mmWave_power_2163.txt,./unit1/GPS_data/gps_location.txt,./unit2/GPS_data/gps_location_2163.txt,,48,22,['01-03-09-375'],1,11,G2 G6 G12 G17 G19 G24 R12 R13 R22 R23 R24,3D,Yes,1.4,0.7
1920,./unit1/camera_data/image_BS1_9703_01_03_09.jpg,./unit1/mmWave_data/mmWave_power_2164.txt,./unit1/GPS_data/gps_location.txt,./unit2/GPS_data/gps_location_2164.txt,,48,22,['01-03-09-500'],1,20,G2 G6 G12 G17 G19 G24 R12 R13 R22 R23 R24 E13 E15 E21 E27 E30 B11 B12 B24 B25,3D,Yes,1.5,0.8
1921,./unit1/camera_data/image_BS1_9704_01_03_09.jpg,./unit1/mmWave_data/mmWave_power_2165.txt,./unit1/GPS_data/gps_location.txt,./unit2/GPS_data/gps_location_2165.txt,,48,22,['01-03-09-625'],1,16,G2 G6 G12 G17 G19 G24 R12 R13 R22 R23 R24 E13 E15 E21 E27 E30,3D,Yes,1.5,0.8
1922,./unit1/camera_data/image_BS1_9705_01_03_09.jpg,./unit1/mmWave_data/mmWave_power_2166.txt,./unit1/GPS_data/gps_location.txt,./unit2/GPS_data/gps_location_2166.txt,,48,22,['01-03-09-750'],1,16,G2 G6 G12 G17 G19 G24 R12 R13 R22 R23 R24 E13 E15 E21 E27 E30,3D,Yes,1.5,0.8
1923,./unit1/camera_data/image_BS1_9706_01_03_09.jpg,./unit1/mmWave_data/mmWave_power_2167.txt,./unit1/GPS_data/gps_location.txt,./unit2/GPS_data/gps_location_2167.txt,,47,22,['01-03-09-875'],1,11,G2 G6 G12 G17 G19 G24 R12 R13 R22 R23 R24,3D,Yes,1.4,0.7
1924,./unit1/camera_data/image_BS1_9707_01_03_10.jpg,./unit1/mmWave_data/mmWave_power_2168.txt,./unit1/GPS_data/gps_location.txt,./unit2/GPS_data/gps_location_2168.txt,,47,22,['01-03-10-0'],1,16,G2 G6 G12 G17 G19 G24 R12 R13 R22 R23 R24 E13 E15 E21 E27 E30,3D,Yes,1.4,0.7
1925,./unit1/camera_data/image_BS1_9708_01_03_10.jpg,./unit1/mmWave_data/mmWave_power_2169.txt,./unit1/GPS_data/gps_location.txt,./unit2/GPS_data/gps_location_2169.txt,,47,22,['01-03-10-111'],1,16,G2 G6 G12 G17 G19 G24 R12 R13 R22 R23 R24 E13 E15 E21 E27 E30,3D,Yes,1.4,0.7
1926,./unit1/camera_data/image_BS1_9709_01_03_10.jpg,./unit1/mmWave_data/mmWave_power_2170.txt,./unit1/GPS_data/gps_location.txt,./unit2/GPS_data/gps_location_2170.txt,,47,22,['01-03-10-222'],1,16,G2 G6 G12 G17 G19 G24 R12 R13 R22 R23 R24 E13 E15 E21 E27 E30,3D,Yes,1.4,0.7
1927,./unit1/camera_data/image_BS1_9710_01_03_10.jpg,./unit1/mmWave_data/mmWave_power_2171.txt,./unit1/GPS_data/gps_location.txt,./unit2/GPS_data/gps_location_2171.txt,,47,22,['01-03-10-333'],1,17,G2 G6 G12 G17 G19 G24 G28 R12 R13 R22 R23 R24 E13 E15 E21 E27 E30,3D,Yes,1.4,0.7
1928,./unit1/camera_data/image_BS1_9711_01_03_10.jpg,./unit1/mmWave_data/mmWave_power_2172.txt,./unit1/GPS_data/gps_location.txt,./unit2/GPS_data/gps_location_2172.txt,,46,22,['01-03-10-444'],1,16,G2 G6 G12 G17 G19 G24 R12 R13 R22 R23 R24 E13 E15 E21 E27 E30,3D,Yes,1.4,0.7
1929,./unit1/camera_data/image_BS1_9712_01_03_10.jpg,./unit1/mmWave_data/mmWave_power_2173.txt,./unit1/GPS_data/gps_location.txt,./unit2/GPS_data/gps_location_2173.txt,,45,22,['01-03-10-555'],1,12,G2 G6 G12 G17 G19 G24 G28 R12 R13 R22 R23 R24,3D,Yes,1.4,0.7
1930,./unit1/camera_data/image_BS1_9713_01_03_10.jpg,./unit1/mmWave_data/mmWave_power_2174.txt,./unit1/GPS_data/gps_location.txt,./unit2/GPS_data/gps_location_2174.txt,,45,22,['01-03-10-666'],1,16,G2 G6 G12 G17 G19 G24 R12 R13 R22 R23 R24 E13 E15 E21 E27 E30,3D,Yes,1.4,0.7
1931,./unit1/camera_data/image_BS1_9714_01_03_10.jpg,./unit1/mmWave_data/mmWave_power_2175.txt,./unit1/GPS_data/gps_location.txt,./unit2/GPS_data/gps_location_2175.txt,,45,22,['01-03-10-777'],1,17,G2 G6 G12 G17 G19 G24 G28 R12 R13 R22 R23 R24 E13 E15 E21 E27 E30,3D,Yes,1.5,0.8
1932,./unit1/camera_data/image_BS1_9715_01_03_10.jpg,./unit1/mmWave_data/mmWave_power_2176.txt,./unit1/GPS_data/gps_location.txt,./unit2/GPS_data/gps_location_2176.txt,,44,22,['01-03-10-888'],1,17,G2 G6 G12 G17 G19 G24 G28 R12 R13 R22 R23 R24 E13 E15 E21 E27 E30,3D,Yes,1.5,0.8
1933,./unit1/camera_data/image_BS1_9716_01_03_11.jpg,./unit1/mmWave_data/mmWave_power_2177.txt,./unit1/GPS_data/gps_location.txt,./unit2/GPS_data/gps_location_2177.txt,,45,22,['01-03-11-0'],1,17,G2 G6 G12 G17 G19 G24 G28 R12 R13 R22 R23 R24 E13 E15 E21 E27 E30,3D,Yes,1.5,0.8
1934,./unit1/camera_data/image_BS1_9717_01_03_11.jpg,./unit1/mmWave_data/mmWave_power_2178.txt,./unit1/GPS_data/gps_location.txt,./unit2/GPS_data/gps_location_2178.txt,,44,22,['01-03-11-125'],1,11,G2 G6 G12 G17 G19 G24 R12 R13 R22 R23 R24,3D,Yes,1.5,0.8
1935,./unit1/camera_data/image_BS1_9718_01_03_11.jpg,./unit1/mmWave_data/mmWave_power_2179.txt,./unit1/GPS_data/gps_location.txt,./unit2/GPS_data/gps_location_2179.txt,,44,22,['01-03-11-250'],1,16,G2 G6 G12 G17 G19 G24 R12 R13 R22 R23 R24 E13 E15 E21 E27 E30,3D,Yes,1.5,0.8
1936,./unit1/camera_data/image_BS1_9719_01_03_11.jpg,./unit1/mmWave_data/mmWave_power_2180.txt,./unit1/GPS_data/gps_location.txt,./unit2/GPS_data/gps_location_2180.txt,,43,22,['01-03-11-375'],1,16,G2 G6 G12 G17 G19 G24 R12 R13 R22 R23 R24 E13 E15 E21 E27 E30,3D,Yes,1.5,0.8
1937,./unit1/camera_data/image_BS1_9720_01_03_11.jpg,./unit1/mmWave_data/mmWave_power_2181.txt,./unit1/GPS_data/gps_location.txt,./unit2/GPS_data/gps_location_2181.txt,,42,22,['01-03-11-500'],1,16,G2 G6 G12 G17 G19 G24 R12 R13 R22 R23 R24 E13 E15 E21 E27 E30,3D,Yes,1.5,0.8
1938,./unit1/camera_data/image_BS1_9721_01_03_11.jpg,./unit1/mmWave_data/mmWave_power_2182.txt,./unit1/GPS_data/gps_location.txt,./unit2/GPS_data/gps_location_2182.txt,,42,22,['01-03-11-625'],1,16,G2 G6 G12 G17 G19 G24 R12 R13 R22 R23 R24 E13 E15 E21 E27 E30,3D,Yes,1.5,0.8
1939,./unit1/camera_data/image_BS1_9722_01_03_11.jpg,./unit1/mmWave_data/mmWave_power_2183.txt,./unit1/GPS_data/gps_location.txt,./unit2/GPS_data/gps_location_2183.txt,,42,22,['01-03-11-750'],1,16,G2 G6 G12 G17 G19 G24 R12 R13 R22 R23 R24 E13 E15 E21 E27 E30,3D,Yes,1.5,0.8
1940,./unit1/camera_data/image_BS1_9723_01_03_11.jpg,./unit1/mmWave_data/mmWave_power_2184.txt,./unit1/GPS_data/gps_location.txt,./unit2/GPS_data/gps_location_2184.txt,,41,22,['01-03-11-875'],1,16,G2 G6 G12 G17 G19 G24 R12 R13 R22 R23 R24 E13 E15 E21 E27 E30,3D,Yes,1.5,0.8
1941,./unit1/camera_data/image_BS1_9724_01_03_12.jpg,./unit1/mmWave_data/mmWave_power_2185.txt,./unit1/GPS_data/gps_location.txt,./unit2/GPS_data/gps_location_2185.txt,,39,22,['01-03-12-0'],1,16,G2 G6 G12 G17 G19 G24 R12 R13 R22 R23 R24 E13 E15 E21 E27 E30,3D,Yes,1.5,0.8
1942,./unit1/camera_data/image_BS1_9725_01_03_12.jpg,./unit1/mmWave_data/mmWave_power_2186.txt,./unit1/GPS_data/gps_location.txt,./unit2/GPS_data/gps_location_2186.txt,,38,22,['01-03-12-125'],1,16,G2 G6 G12 G17 G19 G24 R12 R13 R22 R23 R24 E13 E15 E21 E27 E30,3D,Yes,1.5,0.8
1943,./unit1/camera_data/image_BS1_9726_01_03_12.jpg,./unit1/mmWave_data/mmWave_power_2187.txt,./unit1/GPS_data/gps_location.txt,./unit2/GPS_data/gps_location_2187.txt,,38,22,['01-03-12-250'],1,16,G2 G6 G12 G17 G19 G24 R12 R13 R22 R23 R24 E13 E15 E21 E27 E30,3D,Yes,1.5,0.8
1944,./unit1/camera_data/image_BS1_9727_01_03_12.jpg,./unit1/mmWave_data/mmWave_power_2188.txt,./unit1/GPS_data/gps_location.txt,./unit2/GPS_data/gps_location_2188.txt,,38,22,['01-03-12-375'],1,20,G2 G6 G12 G17 G19 G24 R12 R13 R22 R23 R24 E13 E15 E21 E27 E30 B11 B12 B24 B25,3D,Yes,1.5,0.8
1945,./unit1/camera_data/image_BS1_9728_01_03_12.jpg,./unit1/mmWave_data/mmWave_power_2189.txt,./unit1/GPS_data/gps_location.txt,./unit2/GPS_data/gps_location_2189.txt,,38,22,['01-03-12-500'],1,16,G2 G6 G12 G17 G19 G24 R12 R13 R22 R23 R24 E13 E15 E21 E27 E30,3D,Yes,1.5,0.8
1946,./unit1/camera_data/image_BS1_9729_01_03_12.jpg,./unit1/mmWave_data/mmWave_power_2190.txt,./unit1/GPS_data/gps_location.txt,./unit2/GPS_data/gps_location_2190.txt,,37,22,['01-03-12-625'],1,16,G2 G6 G12 G17 G19 G24 R12 R13 R22 R23 R24 E13 E15 E21 E27 E30,3D,Yes,1.5,0.8
1947,./unit1/camera_data/image_BS1_9730_01_03_12.jpg,./unit1/mmWave_data/mmWave_power_2191.txt,./unit1/GPS_data/gps_location.txt,./unit2/GPS_data/gps_location_2191.txt,,36,22,['01-03-12-750'],1,11,G2 G6 G12 G17 G19 G24 R12 R13 R22 R23 R24,3D,Yes,1.5,0.8
1948,./unit1/camera_data/image_BS1_9731_01_03_12.jpg,./unit1/mmWave_data/mmWave_power_2192.txt,./unit1/GPS_data/gps_location.txt,./unit2/GPS_data/gps_location_2192.txt,,34,22,['01-03-12-875'],1,16,G2 G6 G12 G17 G19 G24 R12 R13 R22 R23 R24 E13 E15 E21 E27 E30,3D,Yes,1.5,0.8
1949,./unit1/camera_data/image_BS1_9732_01_03_13.jpg,./unit1/mmWave_data/mmWave_power_2193.txt,./unit1/GPS_data/gps_location.txt,./unit2/GPS_data/gps_location_2193.txt,,34,22,['01-03-13-0'],1,11,G2 G6 G12 G17 G19 G24 R12 R13 R22 R23 R24,3D,Yes,1.5,0.8
1950,./unit1/camera_data/image_BS1_9733_01_03_13.jpg,./unit1/mmWave_data/mmWave_power_2194.txt,./unit1/GPS_data/gps_location.txt,./unit2/GPS_data/gps_location_2194.txt,,34,22,['01-03-13-333'],1,16,G2 G6 G12 G17 G19 G24 R12 R13 R22 R23 R24 E13 E15 E21 E27 E30,3D,Yes,1.5,0.8
1951,./unit1/camera_data/image_BS1_9734_01_03_13.jpg,./unit1/mmWave_data/mmWave_power_2195.txt,./unit1/GPS_data/gps_location.txt,./unit2/GPS_data/gps_location_2195.txt,,32,22,['01-03-13-666'],1,16,G2 G6 G12 G17 G19 G24 R12 R13 R22 R23 R24 E13 E15 E21 E27 E30,3D,Yes,1.5,0.8
1952,./unit1/camera_data/image_BS1_9735_01_03_14.jpg,./unit1/mmWave_data/mmWave_power_2196.txt,./unit1/GPS_data/gps_location.txt,./unit2/GPS_data/gps_location_2196.txt,,22,22,['01-03-14-0'],1,11,G2 G6 G12 G17 G19 G24 R12 R13 R22 R23 R24,3D,Yes,1.5,0.8
1953,./unit1/camera_data/image_BS1_9736_01_03_15.jpg,./unit1/mmWave_data/mmWave_power_2197.txt,./unit1/GPS_data/gps_location.txt,./unit2/GPS_data/gps_location_2197.txt,,14,22,['01-03-15-0'],1,20,G2 G6 G12 G17 G19 G24 R12 R13 R22 R23 R24 E13 E15 E21 E27 E30 B11 B12 B24 B25,3D,Yes,1.5,0.8
1954,./unit1/camera_data/image_BS1_9737_01_03_15.jpg,./unit1/mmWave_data/mmWave_power_2198.txt,./unit1/GPS_data/gps_location.txt,./unit2/GPS_data/gps_location_2198.txt,,12,22,['01-03-15-200'],1,11,G2 G6 G12 G17 G19 G24 R12 R13 R22 R23 R24,3D,Yes,1.5,0.8
1955,./unit1/camera_data/image_BS1_9738_01_03_15.jpg,./unit1/mmWave_data/mmWave_power_2199.txt,./unit1/GPS_data/gps_location.txt,./unit2/GPS_data/gps_location_2199.txt,,13,22,['01-03-15-400'],1,16,G2 G6 G12 G17 G19 G24 R12 R13 R22 R23 R24 E13 E15 E21 E27 E30,3D,Yes,1.5,0.8
1956,./unit1/camera_data/image_BS1_9739_01_03_15.jpg,./unit1/mmWave_data/mmWave_power_2200.txt,./unit1/GPS_data/gps_location.txt,./unit2/GPS_data/gps_location_2200.txt,,10,22,['01-03-15-600'],1,16,G2 G6 G12 G17 G19 G24 R12 R13 R22 R23 R24 E13 E15 E21 E27 E30,3D,Yes,1.5,0.8
1957,./unit1/camera_data/image_BS1_9740_01_03_15.jpg,./unit1/mmWave_data/mmWave_power_2201.txt,./unit1/GPS_data/gps_location.txt,./unit2/GPS_data/gps_location_2201.txt,,9,22,['01-03-15-800'],1,6,G2 G6 G12 G17 G19 G24,3D,Yes,1.8,0.8
1958,./unit1/camera_data/image_BS1_9741_01_03_16.jpg,./unit1/mmWave_data/mmWave_power_2202.txt,./unit1/GPS_data/gps_location.txt,./unit2/GPS_data/gps_location_2202.txt,,10,22,['01-03-16-0'],1,16,G2 G6 G12 G17 G19 G24 R12 R13 R22 R23 R24 E13 E15 E21 E27 E30,3D,Yes,1.8,0.8
1959,./unit1/camera_data/image_BS1_9742_01_03_16.jpg,./unit1/mmWave_data/mmWave_power_2203.txt,./unit1/GPS_data/gps_location.txt,./unit2/GPS_data/gps_location_2203.txt,,7,22,['01-03-16-111'],1,11,G2 G6 G12 G17 G19 G24 R12 R13 R22 R23 R24,3D,Yes,1.5,0.8
1960,./unit1/camera_data/image_BS1_9743_01_03_16.jpg,./unit1/mmWave_data/mmWave_power_2204.txt,./unit1/GPS_data/gps_location.txt,./unit2/GPS_data/gps_location_2204.txt,,10,22,['01-03-16-222'],1,17,G2 G6 G12 G17 G19 G24 G28 R12 R13 R22 R23 R24 E13 E15 E21 E27 E30,3D,Yes,1.8,0.8
1961,./unit1/camera_data/image_BS1_9744_01_03_16.jpg,./unit1/mmWave_data/mmWave_power_2205.txt,./unit1/GPS_data/gps_location.txt,./unit2/GPS_data/gps_location_2205.txt,,6,22,['01-03-16-333'],1,17,G2 G6 G12 G17 G19 G24 G28 R12 R13 R22 R23 R24 E13 E15 E21 E27 E30,3D,Yes,1.8,0.8
1962,./unit1/camera_data/image_BS1_9745_01_03_16.jpg,./unit1/mmWave_data/mmWave_power_2206.txt,./unit1/GPS_data/gps_location.txt,./unit2/GPS_data/gps_location_2206.txt,,5,22,['01-03-16-444'],1,17,G2 G6 G12 G17 G19 G24 G28 R12 R13 R22 R23 R24 E13 E15 E21 E27 E30,3D,Yes,1.8,0.8
1963,./unit1/camera_data/image_BS1_9746_01_03_16.jpg,./unit1/mmWave_data/mmWave_power_2207.txt,./unit1/GPS_data/gps_location.txt,./unit2/GPS_data/gps_location_2207.txt,,6,22,['01-03-16-555'],1,12,G2 G6 G12 G17 G19 G24 G28 R12 R13 R22 R23 R24,3D,Yes,1.5,0.8
1964,./unit1/camera_data/image_BS1_9747_01_03_16.jpg,./unit1/mmWave_data/mmWave_power_2208.txt,./unit1/GPS_data/gps_location.txt,./unit2/GPS_data/gps_location_2208.txt,,6,22,['01-03-16-666'],1,17,G2 G6 G12 G17 G19 G24 G28 R12 R13 R22 R23 R24 E13 E15 E21 E27 E30,3D,Yes,1.5,0.8
1965,./unit1/camera_data/image_BS1_9748_01_03_16.jpg,./unit1/mmWave_data/mmWave_power_2209.txt,./unit1/GPS_data/gps_location.txt,./unit2/GPS_data/gps_location_2209.txt,,6,22,['01-03-16-777'],1,17,G2 G6 G12 G17 G19 G24 G28 R12 R13 R22 R23 R24 E13 E15 E21 E27 E30,3D,Yes,1.5,0.8
1966,./unit1/camera_data/image_BS1_9749_01_03_16.jpg,./unit1/mmWave_data/mmWave_power_2210.txt,./unit1/GPS_data/gps_location.txt,./unit2/GPS_data/gps_location_2210.txt,,5,22,['01-03-16-888'],1,17,G2 G6 G12 G17 G19 G24 G28 R12 R13 R22 R23 R24 E13 E15 E21 E27 E30,3D,Yes,1.5,0.8
1967,./unit1/camera_data/image_BS1_9750_01_03_17.jpg,./unit1/mmWave_data/mmWave_power_2211.txt,./unit1/GPS_data/gps_location.txt,./unit2/GPS_data/gps_location_2211.txt,,3,22,['01-03-17-0'],1,17,G2 G6 G12 G17 G19 G24 G28 R12 R13 R22 R23 R24 E13 E15 E21 E27 E30,3D,Yes,1.5,0.8
1968,./unit1/camera_data/image_BS1_9751_01_03_17.jpg,./unit1/mmWave_data/mmWave_power_2212.txt,./unit1/GPS_data/gps_location.txt,./unit2/GPS_data/gps_location_2212.txt,,3,22,['01-03-17-200'],1,17,G2 G6 G12 G17 G19 G24 G28 R12 R13 R22 R23 R24 E13 E15 E21 E27 E30,3D,Yes,1.5,0.8
1969,./unit1/camera_data/image_BS1_9752_01_03_17.jpg,./unit1/mmWave_data/mmWave_power_2213.txt,./unit1/GPS_data/gps_location.txt,./unit2/GPS_data/gps_location_2213.txt,,3,22,['01-03-17-400'],1,17,G2 G6 G12 G17 G19 G24 G28 R12 R13 R22 R23 R24 E13 E15 E21 E27 E30,3D,Yes,1.5,0.8
1970,./unit1/camera_data/image_BS1_9753_01_03_17.jpg,./unit1/mmWave_data/mmWave_power_2214.txt,./unit1/GPS_data/gps_location.txt,./unit2/GPS_data/gps_location_2214.txt,,2,22,['01-03-17-600'],1,17,G2 G6 G12 G17 G19 G24 G28 R12 R13 R22 R23 R24 E13 E15 E21 E27 E30,3D,Yes,1.5,0.8
1971,./unit1/camera_data/image_BS1_9754_01_03_17.jpg,./unit1/mmWave_data/mmWave_power_2215.txt,./unit1/GPS_data/gps_location.txt,./unit2/GPS_data/gps_location_2215.txt,,2,22,['01-03-17-800'],1,17,G2 G6 G12 G17 G19 G24 G28 R12 R13 R22 R23 R24 E13 E15 E21 E27 E30,3D,Yes,1.5,0.8
1972,./unit1/camera_data/image_BS1_9977_01_03_47.jpg,./unit1/mmWave_data/mmWave_power_2216.txt,./unit1/GPS_data/gps_location.txt,./unit2/GPS_data/gps_location_2216.txt,,2,23,['01-03-47-0'],0,17,G2 G6 G12 G17 G19 G24 G28 R12 R13 R22 R23 R24 E13 E15 E21 E27 E30,3D,Yes,1.8,0.8
1973,./unit1/camera_data/image_BS1_9978_01_03_48.jpg,./unit1/mmWave_data/mmWave_power_2217.txt,./unit1/GPS_data/gps_location.txt,./unit2/GPS_data/gps_location_2217.txt,,2,23,['01-03-48-0'],0,12,G2 G6 G12 G17 G19 G24 G28 R12 R13 R22 R23 R24,3D,Yes,1.8,0.8
1974,./unit1/camera_data/image_BS1_9979_01_03_48.jpg,./unit1/mmWave_data/mmWave_power_2218.txt,./unit1/GPS_data/gps_location.txt,./unit2/GPS_data/gps_location_2218.txt,,2,23,['01-03-48-142'],0,17,G2 G6 G12 G17 G19 G24 G28 R12 R13 R22 R23 R24 E13 E15 E21 E27 E30,3D,Yes,2,0.9
1975,./unit1/camera_data/image_BS1_9980_01_03_48.jpg,./unit1/mmWave_data/mmWave_power_2219.txt,./unit1/GPS_data/gps_location.txt,./unit2/GPS_data/gps_location_2219.txt,,3,23,['01-03-48-284'],0,17,G2 G6 G12 G17 G19 G24 G28 R12 R13 R22 R23 R24 E13 E15 E21 E27 E30,3D,Yes,1.8,0.8
1976,./unit1/camera_data/image_BS1_9981_01_03_48.jpg,./unit1/mmWave_data/mmWave_power_2220.txt,./unit1/GPS_data/gps_location.txt,./unit2/GPS_data/gps_location_2220.txt,,2,23,['01-03-48-426'],0,17,G2 G6 G12 G17 G19 G24 G28 R12 R13 R22 R23 R24 E13 E15 E21 E27 E30,3D,Yes,1.8,0.8
1977,./unit1/camera_data/image_BS1_9982_01_03_48.jpg,./unit1/mmWave_data/mmWave_power_2221.txt,./unit1/GPS_data/gps_location.txt,./unit2/GPS_data/gps_location_2221.txt,,3,23,['01-03-48-568'],0,12,G2 G6 G12 G17 G19 G24 G28 R12 R13 R22 R23 R24,3D,Yes,1.8,0.8
1978,./unit1/camera_data/image_BS1_9983_01_03_48.jpg,./unit1/mmWave_data/mmWave_power_2222.txt,./unit1/GPS_data/gps_location.txt,./unit2/GPS_data/gps_location_2222.txt,,3,23,['01-03-48-710'],0,12,G2 G6 G12 G17 G19 G24 G28 R12 R13 R22 R23 R24,3D,Yes,1.8,0.8
1979,./unit1/camera_data/image_BS1_9984_01_03_48.jpg,./unit1/mmWave_data/mmWave_power_2223.txt,./unit1/GPS_data/gps_location.txt,./unit2/GPS_data/gps_location_2223.txt,,5,23,['01-03-48-852'],0,17,G2 G6 G12 G17 G19 G24 G28 R12 R13 R22 R23 R24 E13 E15 E21 E27 E30,3D,Yes,1.8,0.8
1980,./unit1/camera_data/image_BS1_9985_01_03_49.jpg,./unit1/mmWave_data/mmWave_power_2224.txt,./unit1/GPS_data/gps_location.txt,./unit2/GPS_data/gps_location_2224.txt,,5,23,['01-03-49-0'],0,21,G2 G6 G12 G17 G19 G24 G28 R12 R13 R22 R23 R24 E13 E15 E21 E27 E30 B11 B12 B24 B25,3D,Yes,1.5,0.8
1981,./unit1/camera_data/image_BS1_9986_01_03_49.jpg,./unit1/mmWave_data/mmWave_power_2225.txt,./unit1/GPS_data/gps_location.txt,./unit2/GPS_data/gps_location_2225.txt,,6,23,['01-03-49-250'],0,17,G2 G6 G12 G17 G19 G24 G28 R12 R13 R22 R23 R24 E13 E15 E21 E27 E30,3D,Yes,1.8,0.8
1982,./unit1/camera_data/image_BS1_9987_01_03_49.jpg,./unit1/mmWave_data/mmWave_power_2226.txt,./unit1/GPS_data/gps_location.txt,./unit2/GPS_data/gps_location_2226.txt,,6,23,['01-03-49-500'],0,17,G2 G6 G12 G17 G19 G24 G28 R12 R13 R22 R23 R24 E13 E15 E21 E27 E30,3D,Yes,1.5,0.8
1983,./unit1/camera_data/image_BS1_9988_01_03_49.jpg,./unit1/mmWave_data/mmWave_power_2227.txt,./unit1/GPS_data/gps_location.txt,./unit2/GPS_data/gps_location_2227.txt,,6,23,['01-03-49-750'],0,12,G2 G6 G12 G17 G19 G24 G28 R12 R13 R22 R23 R24,3D,Yes,1.5,0.8
1984,./unit1/camera_data/image_BS1_9989_01_03_51.jpg,./unit1/mmWave_data/mmWave_power_2228.txt,./unit1/GPS_data/gps_location.txt,./unit2/GPS_data/gps_location_2228.txt,,16,23,['01-03-51-0'],0,17,G2 G6 G12 G17 G19 G24 G28 R12 R13 R22 R23 R24 E13 E15 E21 E27 E30,3D,Yes,1.5,0.8
1985,./unit1/camera_data/image_BS1_9990_01_03_52.jpg,./unit1/mmWave_data/mmWave_power_2229.txt,./unit1/GPS_data/gps_location.txt,./unit2/GPS_data/gps_location_2229.txt,,21,23,['01-03-52-0'],0,17,G2 G6 G12 G17 G19 G24 G28 R12 R13 R22 R23 R24 E13 E15 E21 E27 E30,3D,Yes,1.5,0.8
1986,./unit1/camera_data/image_BS1_9991_01_03_52.jpg,./unit1/mmWave_data/mmWave_power_2230.txt,./unit1/GPS_data/gps_location.txt,./unit2/GPS_data/gps_location_2230.txt,,22,23,['01-03-52-333'],0,17,G2 G6 G12 G17 G19 G24 G28 R12 R13 R22 R23 R24 E13 E15 E21 E27 E30,3D,Yes,1.6,0.8
1987,./unit1/camera_data/image_BS1_9992_01_03_52.jpg,./unit1/mmWave_data/mmWave_power_2231.txt,./unit1/GPS_data/gps_location.txt,./unit2/GPS_data/gps_location_2231.txt,,22,23,['01-03-52-666'],0,12,G2 G6 G12 G17 G19 G24 G28 R12 R13 R22 R23 R24,3D,Yes,1.8,0.8
1988,./unit1/camera_data/image_BS1_9993_01_03_53.jpg,./unit1/mmWave_data/mmWave_power_2232.txt,./unit1/GPS_data/gps_location.txt,./unit2/GPS_data/gps_location_2232.txt,,22,23,['01-03-53-0'],0,17,G2 G6 G12 G17 G19 G24 G28 R12 R13 R22 R23 R24 E13 E15 E21 E27 E30,3D,Yes,1.8,0.8
1989,./unit1/camera_data/image_BS1_9994_01_03_53.jpg,./unit1/mmWave_data/mmWave_power_2233.txt,./unit1/GPS_data/gps_location.txt,./unit2/GPS_data/gps_location_2233.txt,,22,23,['01-03-53-111'],0,17,G2 G6 G12 G17 G19 G24 G28 R12 R13 R22 R23 R24 E13 E15 E21 E27 E30,3D,Yes,1.8,0.8
1990,./unit1/camera_data/image_BS1_9995_01_03_53.jpg,./unit1/mmWave_data/mmWave_power_2234.txt,./unit1/GPS_data/gps_location.txt,./unit2/GPS_data/gps_location_2234.txt,,22,23,['01-03-53-222'],0,17,G2 G6 G12 G17 G19 G24 G28 R12 R13 R22 R23 R24 E13 E15 E21 E27 E30,3D,Yes,1.8,0.8
1991,./unit1/camera_data/image_BS1_9996_01_03_53.jpg,./unit1/mmWave_data/mmWave_power_2235.txt,./unit1/GPS_data/gps_location.txt,./unit2/GPS_data/gps_location_2235.txt,,22,23,['01-03-53-333'],0,17,G2 G6 G12 G17 G19 G24 G28 R12 R13 R22 R23 R24 E13 E15 E21 E27 E30,3D,Yes,1.8,0.8
1992,./unit1/camera_data/image_BS1_9997_01_03_53.jpg,./unit1/mmWave_data/mmWave_power_2236.txt,./unit1/GPS_data/gps_location.txt,./unit2/GPS_data/gps_location_2236.txt,,22,23,['01-03-53-444'],0,17,G2 G6 G12 G17 G19 G24 G28 R12 R13 R22 R23 R24 E13 E15 E21 E27 E30,3D,Yes,1.8,0.8
1993,./unit1/camera_data/image_BS1_9998_01_03_53.jpg,./unit1/mmWave_data/mmWave_power_2237.txt,./unit1/GPS_data/gps_location.txt,./unit2/GPS_data/gps_location_2237.txt,,22,23,['01-03-53-555'],0,17,G2 G6 G12 G17 G19 G24 G28 R12 R13 R22 R23 R24 E13 E15 E21 E27 E30,3D,Yes,1.8,0.8
1994,./unit1/camera_data/image_BS1_9999_01_03_53.jpg,./unit1/mmWave_data/mmWave_power_2238.txt,./unit1/GPS_data/gps_location.txt,./unit2/GPS_data/gps_location_2238.txt,,22,23,['01-03-53-666'],0,17,G2 G6 G12 G17 G19 G24 G28 R12 R13 R22 R23 R24 E13 E15 E21 E27 E30,3D,Yes,1.8,0.8
1995,./unit1/camera_data/image_BS1_10000_01_03_53.jpg,./unit1/mmWave_data/mmWave_power_2239.txt,./unit1/GPS_data/gps_location.txt,./unit2/GPS_data/gps_location_2239.txt,,23,23,['01-03-53-777'],0,12,G2 G6 G12 G17 G19 G24 G28 R12 R13 R22 R23 R24,3D,Yes,1.6,0.8
1996,./unit1/camera_data/image_BS1_10001_01_03_53.jpg,./unit1/mmWave_data/mmWave_power_2240.txt,./unit1/GPS_data/gps_location.txt,./unit2/GPS_data/gps_location_2240.txt,,23,23,['01-03-53-888'],0,21,G2 G6 G12 G17 G19 G24 G28 R12 R13 R22 R23 R24 E13 E15 E21 E27 E30 B11 B12 B24 B25,3D,Yes,1.6,0.8
1997,./unit1/camera_data/image_BS1_10002_01_03_54.jpg,./unit1/mmWave_data/mmWave_power_2241.txt,./unit1/GPS_data/gps_location.txt,./unit2/GPS_data/gps_location_2241.txt,,23,23,['01-03-54-0'],0,17,G2 G6 G12 G17 G19 G24 G28 R12 R13 R22 R23 R24 E13 E15 E21 E27 E30,3D,Yes,1.6,0.8
1998,./unit1/camera_data/image_BS1_10003_01_03_54.jpg,./unit1/mmWave_data/mmWave_power_2242.txt,./unit1/GPS_data/gps_location.txt,./unit2/GPS_data/gps_location_2242.txt,,25,23,['01-03-54-111'],0,17,G2 G6 G12 G17 G19 G24 G28 R12 R13 R22 R23 R24 E13 E15 E21 E27 E30,3D,Yes,1.6,0.8
1999,./unit1/camera_data/image_BS1_10004_01_03_54.jpg,./unit1/mmWave_data/mmWave_power_2243.txt,./unit1/GPS_data/gps_location.txt,./unit2/GPS_data/gps_location_2243.txt,,25,23,['01-03-54-222'],0,17,G2 G6 G12 G17 G19 G24 G28 R12 R13 R22 R23 R24 E13 E15 E21 E27 E30,3D,Yes,1.6,0.8
2000,./unit1/camera_data/image_BS1_10005_01_03_54.jpg,./unit1/mmWave_data/mmWave_power_2244.txt,./unit1/GPS_data/gps_location.txt,./unit2/GPS_data/gps_location_2244.txt,,26,23,['01-03-54-333'],0,17,G2 G6 G12 G17 G19 G24 G28 R12 R13 R22 R23 R24 E13 E15 E21 E27 E30,3D,Yes,1.5,0.8
2001,./unit1/camera_data/image_BS1_10006_01_03_54.jpg,./unit1/mmWave_data/mmWave_power_2245.txt,./unit1/GPS_data/gps_location.txt,./unit2/GPS_data/gps_location_2245.txt,,26,23,['01-03-54-444'],0,17,G2 G6 G12 G17 G19 G24 G28 R12 R13 R22 R23 R24 E13 E15 E21 E27 E30,3D,Yes,1.4,0.7
2002,./unit1/camera_data/image_BS1_10007_01_03_54.jpg,./unit1/mmWave_data/mmWave_power_2246.txt,./unit1/GPS_data/gps_location.txt,./unit2/GPS_data/gps_location_2246.txt,,26,23,['01-03-54-555'],0,17,G2 G6 G12 G17 G19 G24 G28 R12 R13 R22 R23 R24 E13 E15 E21 E27 E30,3D,Yes,1.5,0.8
2003,./unit1/camera_data/image_BS1_10008_01_03_54.jpg,./unit1/mmWave_data/mmWave_power_2247.txt,./unit1/GPS_data/gps_location.txt,./unit2/GPS_data/gps_location_2247.txt,,26,23,['01-03-54-666'],0,17,G2 G6 G12 G17 G19 G24 G28 R12 R13 R22 R23 R24 E13 E15 E21 E27 E30,3D,Yes,1.5,0.8
2004,./unit1/camera_data/image_BS1_10009_01_03_54.jpg,./unit1/mmWave_data/mmWave_power_2248.txt,./unit1/GPS_data/gps_location.txt,./unit2/GPS_data/gps_location_2248.txt,,26,23,['01-03-54-777'],0,17,G2 G6 G12 G17 G19 G24 G28 R12 R13 R22 R23 R24 E13 E15 E21 E27 E30,3D,Yes,1.8,0.8
2005,./unit1/camera_data/image_BS1_10010_01_03_54.jpg,./unit1/mmWave_data/mmWave_power_2249.txt,./unit1/GPS_data/gps_location.txt,./unit2/GPS_data/gps_location_2249.txt,,26,23,['01-03-54-888'],0,12,G2 G6 G12 G17 G19 G24 G28 R12 R13 R22 R23 R24,3D,Yes,1.8,0.8
2006,./unit1/camera_data/image_BS1_10011_01_03_55.jpg,./unit1/mmWave_data/mmWave_power_2250.txt,./unit1/GPS_data/gps_location.txt,./unit2/GPS_data/gps_location_2250.txt,,26,23,['01-03-55-0'],0,17,G2 G6 G12 G17 G19 G24 G28 R12 R13 R22 R23 R24 E13 E15 E21 E27 E30,3D,Yes,1.8,0.8
2007,./unit1/camera_data/image_BS1_10012_01_03_55.jpg,./unit1/mmWave_data/mmWave_power_2251.txt,./unit1/GPS_data/gps_location.txt,./unit2/GPS_data/gps_location_2251.txt,,28,23,['01-03-55-125'],0,17,G2 G6 G12 G17 G19 G24 G28 R12 R13 R22 R23 R24 E13 E15 E21 E27 E30,3D,Yes,1.8,0.8
2008,./unit1/camera_data/image_BS1_10013_01_03_55.jpg,./unit1/mmWave_data/mmWave_power_2252.txt,./unit1/GPS_data/gps_location.txt,./unit2/GPS_data/gps_location_2252.txt,,28,23,['01-03-55-250'],0,17,G2 G6 G12 G17 G19 G24 G28 R12 R13 R22 R23 R24 E13 E15 E21 E27 E30,3D,Yes,1.8,0.8
2009,./unit1/camera_data/image_BS1_10014_01_03_55.jpg,./unit1/mmWave_data/mmWave_power_2253.txt,./unit1/GPS_data/gps_location.txt,./unit2/GPS_data/gps_location_2253.txt,,28,23,['01-03-55-375'],0,21,G2 G6 G12 G17 G19 G24 G28 R12 R13 R22 R23 R24 E13 E15 E21 E27 E30 B11 B12 B24 B25,3D,Yes,1.5,0.8
2010,./unit1/camera_data/image_BS1_10015_01_03_55.jpg,./unit1/mmWave_data/mmWave_power_2254.txt,./unit1/GPS_data/gps_location.txt,./unit2/GPS_data/gps_location_2254.txt,,28,23,['01-03-55-500'],0,17,G2 G6 G12 G17 G19 G24 G28 R12 R13 R22 R23 R24 E13 E15 E21 E27 E30,3D,Yes,1.8,0.8
2011,./unit1/camera_data/image_BS1_10016_01_03_55.jpg,./unit1/mmWave_data/mmWave_power_2255.txt,./unit1/GPS_data/gps_location.txt,./unit2/GPS_data/gps_location_2255.txt,,29,23,['01-03-55-625'],0,17,G2 G6 G12 G17 G19 G24 G28 R12 R13 R22 R23 R24 E13 E15 E21 E27 E30,3D,Yes,1.8,0.8
2012,./unit1/camera_data/image_BS1_10017_01_03_55.jpg,./unit1/mmWave_data/mmWave_power_2256.txt,./unit1/GPS_data/gps_location.txt,./unit2/GPS_data/gps_location_2256.txt,,29,23,['01-03-55-750'],0,17,G2 G6 G12 G17 G19 G24 G28 R12 R13 R22 R23 R24 E13 E15 E21 E27 E30,3D,Yes,1.8,0.8
2013,./unit1/camera_data/image_BS1_10018_01_03_55.jpg,./unit1/mmWave_data/mmWave_power_2257.txt,./unit1/GPS_data/gps_location.txt,./unit2/GPS_data/gps_location_2257.txt,,29,23,['01-03-55-875'],0,12,G2 G6 G12 G17 G19 G24 G28 R12 R13 R22 R23 R24,3D,Yes,1.8,0.8
2014,./unit1/camera_data/image_BS1_10019_01_03_56.jpg,./unit1/mmWave_data/mmWave_power_2258.txt,./unit1/GPS_data/gps_location.txt,./unit2/GPS_data/gps_location_2258.txt,,32,23,['01-03-56-0'],0,21,G2 G6 G12 G17 G19 G24 G28 R12 R13 R22 R23 R24 E13 E15 E21 E27 E30 B11 B12 B24 B25,3D,Yes,1.8,0.8
2015,./unit1/camera_data/image_BS1_10020_01_03_56.jpg,./unit1/mmWave_data/mmWave_power_2259.txt,./unit1/GPS_data/gps_location.txt,./unit2/GPS_data/gps_location_2259.txt,,32,23,['01-03-56-111'],0,17,G2 G6 G12 G17 G19 G24 G28 R12 R13 R22 R23 R24 E13 E15 E21 E27 E30,3D,Yes,1.8,0.8
2016,./unit1/camera_data/image_BS1_10021_01_03_56.jpg,./unit1/mmWave_data/mmWave_power_2260.txt,./unit1/GPS_data/gps_location.txt,./unit2/GPS_data/gps_location_2260.txt,,33,23,['01-03-56-222'],0,17,G2 G6 G12 G17 G19 G24 G28 R12 R13 R22 R23 R24 E13 E15 E21 E27 E30,3D,Yes,1.8,0.8
2017,./unit1/camera_data/image_BS1_10022_01_03_56.jpg,./unit1/mmWave_data/mmWave_power_2261.txt,./unit1/GPS_data/gps_location.txt,./unit2/GPS_data/gps_location_2261.txt,,33,23,['01-03-56-333'],0,21,G2 G6 G12 G17 G19 G24 G28 R12 R13 R22 R23 R24 E13 E15 E21 E27 E30 B11 B12 B24 B25,3D,Yes,1.8,0.8
2018,./unit1/camera_data/image_BS1_10023_01_03_56.jpg,./unit1/mmWave_data/mmWave_power_2262.txt,./unit1/GPS_data/gps_location.txt,./unit2/GPS_data/gps_location_2262.txt,,33,23,['01-03-56-444'],0,17,G2 G6 G12 G17 G19 G24 G28 R12 R13 R22 R23 R24 E13 E15 E21 E27 E30,3D,Yes,2,0.9
2019,./unit1/camera_data/image_BS1_10024_01_03_56.jpg,./unit1/mmWave_data/mmWave_power_2263.txt,./unit1/GPS_data/gps_location.txt,./unit2/GPS_data/gps_location_2263.txt,,34,23,['01-03-56-555'],0,17,G2 G6 G12 G17 G19 G24 G28 R12 R13 R22 R23 R24 E13 E15 E21 E27 E30,3D,Yes,2,0.9
2020,./unit1/camera_data/image_BS1_10025_01_03_56.jpg,./unit1/mmWave_data/mmWave_power_2264.txt,./unit1/GPS_data/gps_location.txt,./unit2/GPS_data/gps_location_2264.txt,,36,23,['01-03-56-666'],0,12,G2 G6 G12 G17 G19 G24 G28 R12 R13 R22 R23 R24,3D,Yes,1.4,0.7
2021,./unit1/camera_data/image_BS1_10026_01_03_56.jpg,./unit1/mmWave_data/mmWave_power_2265.txt,./unit1/GPS_data/gps_location.txt,./unit2/GPS_data/gps_location_2265.txt,,36,23,['01-03-56-777'],0,12,G2 G6 G12 G17 G19 G24 G28 R12 R13 R22 R23 R24,3D,Yes,1.4,0.7
2022,./unit1/camera_data/image_BS1_10027_01_03_56.jpg,./unit1/mmWave_data/mmWave_power_2266.txt,./unit1/GPS_data/gps_location.txt,./unit2/GPS_data/gps_location_2266.txt,,37,23,['01-03-56-888'],0,21,G2 G6 G12 G17 G19 G24 G28 R12 R13 R22 R23 R24 E13 E15 E21 E27 E30 B11 B12 B24 B25,3D,Yes,1.4,0.7
2023,./unit1/camera_data/image_BS1_10028_01_03_57.jpg,./unit1/mmWave_data/mmWave_power_2267.txt,./unit1/GPS_data/gps_location.txt,./unit2/GPS_data/gps_location_2267.txt,,38,23,['01-03-57-0'],0,12,G2 G6 G12 G17 G19 G24 G28 R12 R13 R22 R23 R24,3D,Yes,1.4,0.7
2024,./unit1/camera_data/image_BS1_10029_01_03_57.jpg,./unit1/mmWave_data/mmWave_power_2268.txt,./unit1/GPS_data/gps_location.txt,./unit2/GPS_data/gps_location_2268.txt,,38,23,['01-03-57-111'],0,12,G2 G6 G12 G17 G19 G24 G28 R12 R13 R22 R23 R24,3D,Yes,1.4,0.7
2025,./unit1/camera_data/image_BS1_10030_01_03_57.jpg,./unit1/mmWave_data/mmWave_power_2269.txt,./unit1/GPS_data/gps_location.txt,./unit2/GPS_data/gps_location_2269.txt,,39,23,['01-03-57-222'],0,17,G2 G6 G12 G17 G19 G24 G28 R12 R13 R22 R23 R24 E13 E15 E21 E27 E30,3D,Yes,1.5,0.8
2026,./unit1/camera_data/image_BS1_10031_01_03_57.jpg,./unit1/mmWave_data/mmWave_power_2270.txt,./unit1/GPS_data/gps_location.txt,./unit2/GPS_data/gps_location_2270.txt,,39,23,['01-03-57-333'],0,12,G2 G6 G12 G17 G19 G24 G28 R12 R13 R22 R23 R24,3D,Yes,1.5,0.8
2027,./unit1/camera_data/image_BS1_10032_01_03_57.jpg,./unit1/mmWave_data/mmWave_power_2271.txt,./unit1/GPS_data/gps_location.txt,./unit2/GPS_data/gps_location_2271.txt,,41,23,['01-03-57-444'],0,21,G2 G6 G12 G17 G19 G24 G28 R12 R13 R22 R23 R24 E13 E15 E21 E27 E30 B11 B12 B24 B25,3D,Yes,1.5,0.8
2028,./unit1/camera_data/image_BS1_10033_01_03_57.jpg,./unit1/mmWave_data/mmWave_power_2272.txt,./unit1/GPS_data/gps_location.txt,./unit2/GPS_data/gps_location_2272.txt,,42,23,['01-03-57-555'],0,17,G2 G6 G12 G17 G19 G24 G28 R12 R13 R22 R23 R24 E13 E15 E21 E27 E30,3D,Yes,1.5,0.8
2029,./unit1/camera_data/image_BS1_10034_01_03_57.jpg,./unit1/mmWave_data/mmWave_power_2273.txt,./unit1/GPS_data/gps_location.txt,./unit2/GPS_data/gps_location_2273.txt,,43,23,['01-03-57-666'],0,21,G2 G6 G12 G17 G19 G24 G28 R12 R13 R22 R23 R24 E13 E15 E21 E27 E30 B11 B12 B24 B25,3D,Yes,1.8,0.8
2030,./unit1/camera_data/image_BS1_10035_01_03_57.jpg,./unit1/mmWave_data/mmWave_power_2274.txt,./unit1/GPS_data/gps_location.txt,./unit2/GPS_data/gps_location_2274.txt,,43,23,['01-03-57-777'],0,12,G2 G6 G12 G17 G19 G24 G28 R12 R13 R22 R23 R24,3D,Yes,1.8,0.8
2031,./unit1/camera_data/image_BS1_10036_01_03_57.jpg,./unit1/mmWave_data/mmWave_power_2275.txt,./unit1/GPS_data/gps_location.txt,./unit2/GPS_data/gps_location_2275.txt,,44,23,['01-03-57-888'],0,21,G2 G6 G12 G17 G19 G24 G28 R12 R13 R22 R23 R24 E13 E15 E21 E27 E30 B11 B12 B24 B25,3D,Yes,1.8,0.8
2032,./unit1/camera_data/image_BS1_10037_01_03_58.jpg,./unit1/mmWave_data/mmWave_power_2276.txt,./unit1/GPS_data/gps_location.txt,./unit2/GPS_data/gps_location_2276.txt,,45,23,['01-03-58-0'],0,17,G2 G6 G12 G17 G19 G24 G28 R12 R13 R22 R23 R24 E13 E15 E21 E27 E30,3D,Yes,1.8,0.8
2033,./unit1/camera_data/image_BS1_10038_01_03_58.jpg,./unit1/mmWave_data/mmWave_power_2277.txt,./unit1/GPS_data/gps_location.txt,./unit2/GPS_data/gps_location_2277.txt,,46,23,['01-03-58-111'],0,17,G2 G6 G12 G17 G19 G24 G28 R12 R13 R22 R23 R24 E13 E15 E21 E27 E30,3D,Yes,2.1,0.9
2034,./unit1/camera_data/image_BS1_10039_01_03_58.jpg,./unit1/mmWave_data/mmWave_power_2278.txt,./unit1/GPS_data/gps_location.txt,./unit2/GPS_data/gps_location_2278.txt,,47,23,['01-03-58-222'],0,17,G2 G6 G12 G17 G19 G24 G28 R12 R13 R22 R23 R24 E13 E15 E21 E27 E30,3D,Yes,1.8,0.8
2035,./unit1/camera_data/image_BS1_10040_01_03_58.jpg,./unit1/mmWave_data/mmWave_power_2279.txt,./unit1/GPS_data/gps_location.txt,./unit2/GPS_data/gps_location_2279.txt,,48,23,['01-03-58-333'],0,17,G2 G6 G12 G17 G19 G24 G28 R12 R13 R22 R23 R24 E13 E15 E21 E27 E30,3D,Yes,1.8,0.8
2036,./unit1/camera_data/image_BS1_10041_01_03_58.jpg,./unit1/mmWave_data/mmWave_power_2280.txt,./unit1/GPS_data/gps_location.txt,./unit2/GPS_data/gps_location_2280.txt,,48,23,['01-03-58-444'],0,17,G2 G6 G12 G17 G19 G24 G28 R12 R13 R22 R23 R24 E13 E15 E21 E27 E30,3D,Yes,1.8,0.8
2037,./unit1/camera_data/image_BS1_10042_01_03_58.jpg,./unit1/mmWave_data/mmWave_power_2281.txt,./unit1/GPS_data/gps_location.txt,./unit2/GPS_data/gps_location_2281.txt,,51,23,['01-03-58-555'],0,21,G2 G6 G12 G17 G19 G24 G28 R12 R13 R22 R23 R24 E13 E15 E21 E27 E30 B11 B12 B24 B25,3D,Yes,2,0.9
2038,./unit1/camera_data/image_BS1_10043_01_03_58.jpg,./unit1/mmWave_data/mmWave_power_2282.txt,./unit1/GPS_data/gps_location.txt,./unit2/GPS_data/gps_location_2282.txt,,51,23,['01-03-58-666'],0,17,G2 G6 G12 G17 G19 G24 G28 R12 R13 R22 R23 R24 E13 E15 E21 E27 E30,3D,Yes,2,0.9
2039,./unit1/camera_data/image_BS1_10044_01_03_58.jpg,./unit1/mmWave_data/mmWave_power_2283.txt,./unit1/GPS_data/gps_location.txt,./unit2/GPS_data/gps_location_2283.txt,,51,23,['01-03-58-777'],0,12,G2 G6 G12 G17 G19 G24 G28 R12 R13 R22 R23 R24,3D,Yes,1.4,0.8
2040,./unit1/camera_data/image_BS1_10045_01_03_58.jpg,./unit1/mmWave_data/mmWave_power_2284.txt,./unit1/GPS_data/gps_location.txt,./unit2/GPS_data/gps_location_2284.txt,,54,23,['01-03-58-888'],0,17,G2 G6 G12 G17 G19 G24 G28 R12 R13 R22 R23 R24 E13 E15 E21 E27 E30,3D,Yes,1.4,0.8
2041,./unit1/camera_data/image_BS1_10046_01_03_59.jpg,./unit1/mmWave_data/mmWave_power_2285.txt,./unit1/GPS_data/gps_location.txt,./unit2/GPS_data/gps_location_2285.txt,,54,23,['01-03-59-0'],0,21,G2 G6 G12 G17 G19 G24 G28 R12 R13 R22 R23 R24 E13 E15 E21 E27 E30 B11 B12 B24 B25,3D,Yes,1.4,0.8
2042,./unit1/camera_data/image_BS1_10047_01_03_59.jpg,./unit1/mmWave_data/mmWave_power_2286.txt,./unit1/GPS_data/gps_location.txt,./unit2/GPS_data/gps_location_2286.txt,,54,23,['01-03-59-111'],0,17,G2 G6 G12 G17 G19 G24 G28 R12 R13 R22 R23 R24 E13 E15 E21 E27 E30,3D,Yes,1.4,0.8
2043,./unit1/camera_data/image_BS1_10048_01_03_59.jpg,./unit1/mmWave_data/mmWave_power_2287.txt,./unit1/GPS_data/gps_location.txt,./unit2/GPS_data/gps_location_2287.txt,,55,23,['01-03-59-222'],0,17,G2 G6 G12 G17 G19 G24 G28 R12 R13 R22 R23 R24 E13 E15 E21 E27 E30,3D,Yes,1.4,0.8
2044,./unit1/camera_data/image_BS1_10049_01_03_59.jpg,./unit1/mmWave_data/mmWave_power_2288.txt,./unit1/GPS_data/gps_location.txt,./unit2/GPS_data/gps_location_2288.txt,,55,23,['01-03-59-333'],0,17,G2 G6 G12 G17 G19 G24 G28 R12 R13 R22 R23 R24 E13 E15 E21 E27 E30,3D,Yes,1.4,0.8
2045,./unit1/camera_data/image_BS1_10050_01_03_59.jpg,./unit1/mmWave_data/mmWave_power_2289.txt,./unit1/GPS_data/gps_location.txt,./unit2/GPS_data/gps_location_2289.txt,,56,23,['01-03-59-444'],0,12,G2 G6 G12 G17 G19 G24 G28 R12 R13 R22 R23 R24,3D,Yes,1.4,0.8
2046,./unit1/camera_data/image_BS1_10051_01_03_59.jpg,./unit1/mmWave_data/mmWave_power_2290.txt,./unit1/GPS_data/gps_location.txt,./unit2/GPS_data/gps_location_2290.txt,,58,23,['01-03-59-555'],0,12,G2 G6 G12 G17 G19 G24 G28 R12 R13 R22 R23 R24,3D,Yes,1.4,0.7
2047,./unit1/camera_data/image_BS1_10052_01_03_59.jpg,./unit1/mmWave_data/mmWave_power_2291.txt,./unit1/GPS_data/gps_location.txt,./unit2/GPS_data/gps_location_2291.txt,,59,23,['01-03-59-666'],0,17,G2 G6 G12 G17 G19 G24 G28 R12 R13 R22 R23 R24 E13 E15 E21 E27 E30,3D,Yes,1.5,0.8
2048,./unit1/camera_data/image_BS1_10053_01_03_59.jpg,./unit1/mmWave_data/mmWave_power_2292.txt,./unit1/GPS_data/gps_location.txt,./unit2/GPS_data/gps_location_2292.txt,,58,23,['01-03-59-777'],0,12,G2 G6 G12 G17 G19 G24 G28 R12 R13 R22 R23 R24,3D,Yes,1.5,0.8
2049,./unit1/camera_data/image_BS1_10054_01_03_59.jpg,./unit1/mmWave_data/mmWave_power_2293.txt,./unit1/GPS_data/gps_location.txt,./unit2/GPS_data/gps_location_2293.txt,,58,23,['01-03-59-888'],0,21,G2 G6 G12 G17 G19 G24 G28 R12 R13 R22 R23 R24 E13 E15 E21 E27 E30 B11 B12 B24 B25,3D,Yes,1.5,0.8
2050,./unit1/camera_data/image_BS1_10055_01_04_00.jpg,./unit1/mmWave_data/mmWave_power_2294.txt,./unit1/GPS_data/gps_location.txt,./unit2/GPS_data/gps_location_2294.txt,,61,23,['01-04-00-0'],0,12,G2 G6 G12 G17 G19 G24 G28 R12 R13 R22 R23 R24,3D,Yes,1.4,0.7
2051,./unit1/camera_data/image_BS1_10056_01_04_00.jpg,./unit1/mmWave_data/mmWave_power_2295.txt,./unit1/GPS_data/gps_location.txt,./unit2/GPS_data/gps_location_2295.txt,,61,23,['01-04-00-333'],0,12,G2 G6 G12 G17 G19 G24 G28 R12 R13 R22 R23 R24,3D,Yes,1.4,0.7
2052,./unit1/camera_data/image_BS1_10057_01_04_00.jpg,./unit1/mmWave_data/mmWave_power_2296.txt,./unit1/GPS_data/gps_location.txt,./unit2/GPS_data/gps_location_2296.txt,,62,23,['01-04-00-666'],0,12,G2 G6 G12 G17 G19 G24 G28 R12 R13 R22 R23 R24,3D,Yes,1.4,0.7
2053,./unit1/camera_data/image_BS1_10488_01_05_06.jpg,./unit1/mmWave_data/mmWave_power_2297.txt,./unit1/GPS_data/gps_location.txt,./unit2/GPS_data/gps_location_2297.txt,,59,24,['01-05-06-0'],1,11,G2 G6 G12 G17 G19 G24 R12 R13 R22 R23 R24,3D,Yes,1.4,0.8
2054,./unit1/camera_data/image_BS1_10489_01_05_07.jpg,./unit1/mmWave_data/mmWave_power_2298.txt,./unit1/GPS_data/gps_location.txt,./unit2/GPS_data/gps_location_2298.txt,,58,24,['01-05-07-0'],1,20,G2 G6 G12 G17 G19 G24 R12 R13 R22 R23 R24 E13 E15 E21 E27 E30 B11 B12 B24 B25,3D,Yes,1.4,0.7
2055,./unit1/camera_data/image_BS1_10490_01_05_07.jpg,./unit1/mmWave_data/mmWave_power_2299.txt,./unit1/GPS_data/gps_location.txt,./unit2/GPS_data/gps_location_2299.txt,,58,24,['01-05-07-125'],1,11,G2 G6 G12 G17 G19 G24 R12 R13 R22 R23 R24,3D,Yes,1.4,0.7
2056,./unit1/camera_data/image_BS1_10491_01_05_07.jpg,./unit1/mmWave_data/mmWave_power_2300.txt,./unit1/GPS_data/gps_location.txt,./unit2/GPS_data/gps_location_2300.txt,,58,24,['01-05-07-250'],1,16,G2 G6 G12 G17 G19 G24 R12 R13 R22 R23 R24 E13 E15 E21 E27 E30,3D,Yes,1.4,0.7
2057,./unit1/camera_data/image_BS1_10492_01_05_07.jpg,./unit1/mmWave_data/mmWave_power_2301.txt,./unit1/GPS_data/gps_location.txt,./unit2/GPS_data/gps_location_2301.txt,,57,24,['01-05-07-375'],1,20,G2 G6 G12 G17 G19 G24 R12 R13 R22 R23 R24 E13 E15 E21 E27 E30 B11 B12 B24 B25,3D,Yes,1.4,0.7
2058,./unit1/camera_data/image_BS1_10493_01_05_07.jpg,./unit1/mmWave_data/mmWave_power_2302.txt,./unit1/GPS_data/gps_location.txt,./unit2/GPS_data/gps_location_2302.txt,,55,24,['01-05-07-500'],1,16,G2 G6 G12 G17 G19 G24 R12 R13 R22 R23 R24 E13 E15 E21 E27 E30,3D,Yes,1.4,0.8
2059,./unit1/camera_data/image_BS1_10494_01_05_07.jpg,./unit1/mmWave_data/mmWave_power_2303.txt,./unit1/GPS_data/gps_location.txt,./unit2/GPS_data/gps_location_2303.txt,,55,24,['01-05-07-625'],1,16,G2 G6 G12 G17 G19 G24 R12 R13 R22 R23 R24 E13 E15 E21 E27 E30,3D,Yes,1.4,0.8
2060,./unit1/camera_data/image_BS1_10495_01_05_07.jpg,./unit1/mmWave_data/mmWave_power_2304.txt,./unit1/GPS_data/gps_location.txt,./unit2/GPS_data/gps_location_2304.txt,,55,24,['01-05-07-750'],1,11,G2 G6 G12 G17 G19 G24 R12 R13 R22 R23 R24,3D,Yes,1.4,0.7
2061,./unit1/camera_data/image_BS1_10496_01_05_07.jpg,./unit1/mmWave_data/mmWave_power_2305.txt,./unit1/GPS_data/gps_location.txt,./unit2/GPS_data/gps_location_2305.txt,,54,24,['01-05-07-875'],1,16,G2 G6 G12 G17 G19 G24 R12 R13 R22 R23 R24 E13 E15 E21 E27 E30,3D,Yes,1.4,0.7
2062,./unit1/camera_data/image_BS1_10497_01_05_08.jpg,./unit1/mmWave_data/mmWave_power_2306.txt,./unit1/GPS_data/gps_location.txt,./unit2/GPS_data/gps_location_2306.txt,,52,24,['01-05-08-0'],1,20,G2 G6 G12 G17 G19 G24 R12 R13 R22 R23 R24 E13 E15 E21 E27 E30 B11 B12 B24 B25,3D,Yes,1.4,0.7
2063,./unit1/camera_data/image_BS1_10498_01_05_08.jpg,./unit1/mmWave_data/mmWave_power_2307.txt,./unit1/GPS_data/gps_location.txt,./unit2/GPS_data/gps_location_2307.txt,,51,24,['01-05-08-111'],1,16,G2 G6 G12 G17 G19 G24 R12 R13 R22 R23 R24 E13 E15 E21 E27 E30,3D,Yes,1.4,0.8
2064,./unit1/camera_data/image_BS1_10499_01_05_08.jpg,./unit1/mmWave_data/mmWave_power_2308.txt,./unit1/GPS_data/gps_location.txt,./unit2/GPS_data/gps_location_2308.txt,,50,24,['01-05-08-222'],1,16,G2 G6 G12 G17 G19 G24 R12 R13 R22 R23 R24 E13 E15 E21 E27 E30,3D,Yes,1.4,0.8
2065,./unit1/camera_data/image_BS1_10500_01_05_08.jpg,./unit1/mmWave_data/mmWave_power_2309.txt,./unit1/GPS_data/gps_location.txt,./unit2/GPS_data/gps_location_2309.txt,,49,24,['01-05-08-333'],1,16,G2 G6 G12 G17 G19 G24 R12 R13 R22 R23 R24 E13 E15 E21 E27 E30,3D,Yes,1.4,0.8
2066,./unit1/camera_data/image_BS1_10501_01_05_08.jpg,./unit1/mmWave_data/mmWave_power_2310.txt,./unit1/GPS_data/gps_location.txt,./unit2/GPS_data/gps_location_2310.txt,,47,24,['01-05-08-444'],1,16,G2 G6 G12 G17 G19 G24 R12 R13 R22 R23 R24 E13 E15 E21 E27 E30,3D,Yes,1.4,0.8
2067,./unit1/camera_data/image_BS1_10502_01_05_08.jpg,./unit1/mmWave_data/mmWave_power_2311.txt,./unit1/GPS_data/gps_location.txt,./unit2/GPS_data/gps_location_2311.txt,,47,24,['01-05-08-555'],1,11,G2 G6 G12 G17 G19 G24 R12 R13 R22 R23 R24,3D,Yes,1.4,0.8
2068,./unit1/camera_data/image_BS1_10503_01_05_08.jpg,./unit1/mmWave_data/mmWave_power_2312.txt,./unit1/GPS_data/gps_location.txt,./unit2/GPS_data/gps_location_2312.txt,,47,24,['01-05-08-666'],1,16,G2 G6 G12 G17 G19 G24 R12 R13 R22 R23 R24 E13 E15 E21 E27 E30,3D,Yes,1.7,0.8
2069,./unit1/camera_data/image_BS1_10504_01_05_08.jpg,./unit1/mmWave_data/mmWave_power_2313.txt,./unit1/GPS_data/gps_location.txt,./unit2/GPS_data/gps_location_2313.txt,,46,24,['01-05-08-777'],1,16,G2 G6 G12 G17 G19 G24 R12 R13 R22 R23 R24 E13 E15 E21 E27 E30,3D,Yes,1.7,0.8
2070,./unit1/camera_data/image_BS1_10505_01_05_08.jpg,./unit1/mmWave_data/mmWave_power_2314.txt,./unit1/GPS_data/gps_location.txt,./unit2/GPS_data/gps_location_2314.txt,,44,24,['01-05-08-888'],1,16,G2 G6 G12 G17 G19 G24 R12 R13 R22 R23 R24 E13 E15 E21 E27 E30,3D,Yes,1.7,0.8
2071,./unit1/camera_data/image_BS1_10506_01_05_09.jpg,./unit1/mmWave_data/mmWave_power_2315.txt,./unit1/GPS_data/gps_location.txt,./unit2/GPS_data/gps_location_2315.txt,,42,24,['01-05-09-0'],1,16,G2 G6 G12 G17 G19 G24 R12 R13 R22 R23 R24 E13 E15 E21 E27 E30,3D,Yes,1.5,0.8
2072,./unit1/camera_data/image_BS1_10507_01_05_09.jpg,./unit1/mmWave_data/mmWave_power_2316.txt,./unit1/GPS_data/gps_location.txt,./unit2/GPS_data/gps_location_2316.txt,,42,24,['01-05-09-125'],1,16,G2 G6 G12 G17 G19 G24 R12 R13 R22 R23 R24 E13 E15 E21 E27 E30,3D,Yes,1.5,0.8
2073,./unit1/camera_data/image_BS1_10508_01_05_09.jpg,./unit1/mmWave_data/mmWave_power_2317.txt,./unit1/GPS_data/gps_location.txt,./unit2/GPS_data/gps_location_2317.txt,,39,24,['01-05-09-250'],1,16,G2 G6 G12 G17 G19 G24 R12 R13 R22 R23 R24 E13 E15 E21 E27 E30,3D,Yes,1.5,0.8
2074,./unit1/camera_data/image_BS1_10509_01_05_09.jpg,./unit1/mmWave_data/mmWave_power_2318.txt,./unit1/GPS_data/gps_location.txt,./unit2/GPS_data/gps_location_2318.txt,,39,24,['01-05-09-375'],1,16,G2 G6 G12 G17 G19 G24 R12 R13 R22 R23 R24 E13 E15 E21 E27 E30,3D,Yes,1.5,0.8
2075,./unit1/camera_data/image_BS1_10510_01_05_09.jpg,./unit1/mmWave_data/mmWave_power_2319.txt,./unit1/GPS_data/gps_location.txt,./unit2/GPS_data/gps_location_2319.txt,,38,24,['01-05-09-500'],1,16,G2 G6 G12 G17 G19 G24 R12 R13 R22 R23 R24 E13 E15 E21 E27 E30,3D,Yes,1.5,0.8
2076,./unit1/camera_data/image_BS1_10511_01_05_09.jpg,./unit1/mmWave_data/mmWave_power_2320.txt,./unit1/GPS_data/gps_location.txt,./unit2/GPS_data/gps_location_2320.txt,,38,24,['01-05-09-625'],1,6,G2 G6 G12 G17 G19 G24,3D,Yes,1.5,0.8
2077,./unit1/camera_data/image_BS1_10512_01_05_09.jpg,./unit1/mmWave_data/mmWave_power_2321.txt,./unit1/GPS_data/gps_location.txt,./unit2/GPS_data/gps_location_2321.txt,,36,24,['01-05-09-750'],1,16,G2 G6 G12 G17 G19 G24 R12 R13 R22 R23 R24 E13 E15 E21 E27 E30,3D,Yes,1.5,0.8
2078,./unit1/camera_data/image_BS1_10513_01_05_09.jpg,./unit1/mmWave_data/mmWave_power_2322.txt,./unit1/GPS_data/gps_location.txt,./unit2/GPS_data/gps_location_2322.txt,,34,24,['01-05-09-875'],1,16,G2 G6 G12 G17 G19 G24 R12 R13 R22 R23 R24 E13 E15 E21 E27 E30,3D,Yes,1.5,0.8
2079,./unit1/camera_data/image_BS1_10514_01_05_10.jpg,./unit1/mmWave_data/mmWave_power_2323.txt,./unit1/GPS_data/gps_location.txt,./unit2/GPS_data/gps_location_2323.txt,,31,24,['01-05-10-0'],1,16,G2 G6 G12 G17 G19 G24 R12 R13 R22 R23 R24 E13 E15 E21 E27 E30,3D,Yes,1.5,0.8
2080,./unit1/camera_data/image_BS1_10515_01_05_10.jpg,./unit1/mmWave_data/mmWave_power_2324.txt,./unit1/GPS_data/gps_location.txt,./unit2/GPS_data/gps_location_2324.txt,,32,24,['01-05-10-111'],1,16,G2 G6 G12 G17 G19 G24 R12 R13 R22 R23 R24 E13 E15 E21 E27 E30,3D,Yes,1.7,0.8
2081,./unit1/camera_data/image_BS1_10516_01_05_10.jpg,./unit1/mmWave_data/mmWave_power_2325.txt,./unit1/GPS_data/gps_location.txt,./unit2/GPS_data/gps_location_2325.txt,,28,24,['01-05-10-222'],1,20,G2 G6 G12 G17 G19 G24 R12 R13 R22 R23 R24 E13 E15 E21 E27 E30 B11 B12 B24 B25,3D,Yes,1.5,0.8
2082,./unit1/camera_data/image_BS1_10517_01_05_10.jpg,./unit1/mmWave_data/mmWave_power_2326.txt,./unit1/GPS_data/gps_location.txt,./unit2/GPS_data/gps_location_2326.txt,,29,24,['01-05-10-333'],1,16,G2 G6 G12 G17 G19 G24 R12 R13 R22 R23 R24 E13 E15 E21 E27 E30,3D,Yes,1.5,0.8
2083,./unit1/camera_data/image_BS1_10518_01_05_10.jpg,./unit1/mmWave_data/mmWave_power_2327.txt,./unit1/GPS_data/gps_location.txt,./unit2/GPS_data/gps_location_2327.txt,,27,24,['01-05-10-444'],1,11,G2 G6 G12 G17 G19 G24 R12 R13 R22 R23 R24,3D,Yes,1.5,0.8
2084,./unit1/camera_data/image_BS1_10519_01_05_10.jpg,./unit1/mmWave_data/mmWave_power_2328.txt,./unit1/GPS_data/gps_location.txt,./unit2/GPS_data/gps_location_2328.txt,,26,24,['01-05-10-555'],1,11,G2 G6 G12 G17 G19 G24 R12 R13 R22 R23 R24,3D,Yes,1.5,0.8
2085,./unit1/camera_data/image_BS1_10520_01_05_10.jpg,./unit1/mmWave_data/mmWave_power_2329.txt,./unit1/GPS_data/gps_location.txt,./unit2/GPS_data/gps_location_2329.txt,,25,24,['01-05-10-666'],1,16,G2 G6 G12 G17 G19 G24 R12 R13 R22 R23 R24 E13 E15 E21 E27 E30,3D,Yes,1.5,0.8
2086,./unit1/camera_data/image_BS1_10521_01_05_10.jpg,./unit1/mmWave_data/mmWave_power_2330.txt,./unit1/GPS_data/gps_location.txt,./unit2/GPS_data/gps_location_2330.txt,,22,24,['01-05-10-777'],1,16,G2 G6 G12 G17 G19 G24 R12 R13 R22 R23 R24 E13 E15 E21 E27 E30,3D,Yes,1.5,0.8
2087,./unit1/camera_data/image_BS1_10522_01_05_10.jpg,./unit1/mmWave_data/mmWave_power_2331.txt,./unit1/GPS_data/gps_location.txt,./unit2/GPS_data/gps_location_2331.txt,,21,24,['01-05-10-888'],1,16,G2 G6 G12 G17 G19 G24 R12 R13 R22 R23 R24 E13 E15 E21 E27 E30,3D,Yes,1.5,0.8
2088,./unit1/camera_data/image_BS1_10523_01_05_11.jpg,./unit1/mmWave_data/mmWave_power_2332.txt,./unit1/GPS_data/gps_location.txt,./unit2/GPS_data/gps_location_2332.txt,,20,24,['01-05-11-0'],1,16,G2 G6 G12 G17 G19 G24 R12 R13 R22 R23 R24 E13 E15 E21 E27 E30,3D,Yes,1.5,0.8
2089,./unit1/camera_data/image_BS1_10524_01_05_11.jpg,./unit1/mmWave_data/mmWave_power_2333.txt,./unit1/GPS_data/gps_location.txt,./unit2/GPS_data/gps_location_2333.txt,,20,24,['01-05-11-111'],1,16,G2 G6 G12 G17 G19 G24 R12 R13 R22 R23 R24 E13 E15 E21 E27 E30,3D,Yes,1.5,0.8
2090,./unit1/camera_data/image_BS1_10525_01_05_11.jpg,./unit1/mmWave_data/mmWave_power_2334.txt,./unit1/GPS_data/gps_location.txt,./unit2/GPS_data/gps_location_2334.txt,,17,24,['01-05-11-222'],1,16,G2 G6 G12 G17 G19 G24 R12 R13 R22 R23 R24 E13 E15 E21 E27 E30,3D,Yes,1.5,0.8
2091,./unit1/camera_data/image_BS1_10526_01_05_11.jpg,./unit1/mmWave_data/mmWave_power_2335.txt,./unit1/GPS_data/gps_location.txt,./unit2/GPS_data/gps_location_2335.txt,,16,24,['01-05-11-333'],1,20,G2 G6 G12 G17 G19 G24 R12 R13 R22 R23 R24 E13 E15 E21 E27 E30 B11 B12 B24 B25,3D,Yes,1.5,0.8
2092,./unit1/camera_data/image_BS1_10527_01_05_11.jpg,./unit1/mmWave_data/mmWave_power_2336.txt,./unit1/GPS_data/gps_location.txt,./unit2/GPS_data/gps_location_2336.txt,,15,24,['01-05-11-444'],1,11,G2 G6 G12 G17 G19 G24 R12 R13 R22 R23 R24,3D,Yes,1.5,0.8
2093,./unit1/camera_data/image_BS1_10528_01_05_11.jpg,./unit1/mmWave_data/mmWave_power_2337.txt,./unit1/GPS_data/gps_location.txt,./unit2/GPS_data/gps_location_2337.txt,,14,24,['01-05-11-555'],1,16,G2 G6 G12 G17 G19 G24 R12 R13 R22 R23 R24 E13 E15 E21 E27 E30,3D,Yes,1.5,0.8
2094,./unit1/camera_data/image_BS1_10529_01_05_11.jpg,./unit1/mmWave_data/mmWave_power_2338.txt,./unit1/GPS_data/gps_location.txt,./unit2/GPS_data/gps_location_2338.txt,,13,24,['01-05-11-666'],1,6,G2 G6 G12 G17 G19 G24,3D,Yes,1.5,0.8
2095,./unit1/camera_data/image_BS1_10530_01_05_11.jpg,./unit1/mmWave_data/mmWave_power_2339.txt,./unit1/GPS_data/gps_location.txt,./unit2/GPS_data/gps_location_2339.txt,,12,24,['01-05-11-777'],1,11,G2 G6 G12 G17 G19 G24 R12 R13 R22 R23 R24,3D,Yes,1.5,0.8
2096,./unit1/camera_data/image_BS1_10531_01_05_11.jpg,./unit1/mmWave_data/mmWave_power_2340.txt,./unit1/GPS_data/gps_location.txt,./unit2/GPS_data/gps_location_2340.txt,,14,24,['01-05-11-888'],1,16,G2 G6 G12 G17 G19 G24 R12 R13 R22 R23 R24 E13 E15 E21 E27 E30,3D,Yes,1.5,0.8
2097,./unit1/camera_data/image_BS1_10532_01_05_12.jpg,./unit1/mmWave_data/mmWave_power_2341.txt,./unit1/GPS_data/gps_location.txt,./unit2/GPS_data/gps_location_2341.txt,,52,24,['01-05-12-0'],1,16,G2 G6 G12 G17 G19 G24 R12 R13 R22 R23 R24 E13 E15 E21 E27 E30,3D,Yes,1.5,0.8
2098,./unit1/camera_data/image_BS1_10533_01_05_12.jpg,./unit1/mmWave_data/mmWave_power_2342.txt,./unit1/GPS_data/gps_location.txt,./unit2/GPS_data/gps_location_2342.txt,,51,24,['01-05-12-111'],1,16,G2 G6 G12 G17 G19 G24 R12 R13 R22 R23 R24 E13 E15 E21 E27 E30,3D,Yes,1.7,0.8
2099,./unit1/camera_data/image_BS1_10534_01_05_12.jpg,./unit1/mmWave_data/mmWave_power_2343.txt,./unit1/GPS_data/gps_location.txt,./unit2/GPS_data/gps_location_2343.txt,,8,24,['01-05-12-222'],1,16,G2 G6 G12 G17 G19 G24 R12 R13 R22 R23 R24 E13 E15 E21 E27 E30,3D,Yes,1.5,0.8
2100,./unit1/camera_data/image_BS1_10535_01_05_12.jpg,./unit1/mmWave_data/mmWave_power_2344.txt,./unit1/GPS_data/gps_location.txt,./unit2/GPS_data/gps_location_2344.txt,,10,24,['01-05-12-333'],1,16,G2 G6 G12 G17 G19 G24 R12 R13 R22 R23 R24 E13 E15 E21 E27 E30,3D,Yes,1.5,0.8
2101,./unit1/camera_data/image_BS1_10536_01_05_12.jpg,./unit1/mmWave_data/mmWave_power_2345.txt,./unit1/GPS_data/gps_location.txt,./unit2/GPS_data/gps_location_2345.txt,,6,24,['01-05-12-444'],1,20,G2 G6 G12 G17 G19 G24 R12 R13 R22 R23 R24 E13 E15 E21 E27 E30 B11 B12 B24 B25,3D,Yes,1.5,0.8
2102,./unit1/camera_data/image_BS1_10537_01_05_12.jpg,./unit1/mmWave_data/mmWave_power_2346.txt,./unit1/GPS_data/gps_location.txt,./unit2/GPS_data/gps_location_2346.txt,,5,24,['01-05-12-555'],1,11,G2 G6 G12 G17 G19 G24 R12 R13 R22 R23 R24,3D,Yes,1.5,0.8
2103,./unit1/camera_data/image_BS1_10538_01_05_12.jpg,./unit1/mmWave_data/mmWave_power_2347.txt,./unit1/GPS_data/gps_location.txt,./unit2/GPS_data/gps_location_2347.txt,,6,24,['01-05-12-666'],1,16,G2 G6 G12 G17 G19 G24 R12 R13 R22 R23 R24 E13 E15 E21 E27 E30,3D,Yes,1.5,0.8
2104,./unit1/camera_data/image_BS1_10539_01_05_12.jpg,./unit1/mmWave_data/mmWave_power_2348.txt,./unit1/GPS_data/gps_location.txt,./unit2/GPS_data/gps_location_2348.txt,,4,24,['01-05-12-777'],1,6,G2 G6 G12 G17 G19 G24,3D,Yes,1.5,0.8
2105,./unit1/camera_data/image_BS1_10540_01_05_12.jpg,./unit1/mmWave_data/mmWave_power_2349.txt,./unit1/GPS_data/gps_location.txt,./unit2/GPS_data/gps_location_2349.txt,,6,24,['01-05-12-888'],1,20,G2 G6 G12 G17 G19 G24 R12 R13 R22 R23 R24 E13 E15 E21 E27 E30 B11 B12 B24 B25,3D,Yes,1.5,0.8
2106,./unit1/camera_data/image_BS1_10541_01_05_13.jpg,./unit1/mmWave_data/mmWave_power_2350.txt,./unit1/GPS_data/gps_location.txt,./unit2/GPS_data/gps_location_2350.txt,,2,24,['01-05-13-0'],1,16,G2 G6 G12 G17 G19 G24 R12 R13 R22 R23 R24 E13 E15 E21 E27 E30,3D,Yes,1.5,0.8
2107,./unit1/camera_data/image_BS1_10542_01_05_13.jpg,./unit1/mmWave_data/mmWave_power_2351.txt,./unit1/GPS_data/gps_location.txt,./unit2/GPS_data/gps_location_2351.txt,,3,24,['01-05-13-250'],1,16,G2 G6 G12 G17 G19 G24 R12 R13 R22 R23 R24 E13 E15 E21 E27 E30,3D,Yes,1.5,0.8
2108,./unit1/camera_data/image_BS1_10543_01_05_13.jpg,./unit1/mmWave_data/mmWave_power_2352.txt,./unit1/GPS_data/gps_location.txt,./unit2/GPS_data/gps_location_2352.txt,,43,24,['01-05-13-500'],1,16,G2 G6 G12 G17 G19 G24 R12 R13 R22 R23 R24 E13 E15 E21 E27 E30,3D,Yes,1.5,0.8
2109,./unit1/camera_data/image_BS1_10544_01_05_13.jpg,./unit1/mmWave_data/mmWave_power_2353.txt,./unit1/GPS_data/gps_location.txt,./unit2/GPS_data/gps_location_2353.txt,,3,24,['01-05-13-750'],1,16,G2 G6 G12 G17 G19 G24 R12 R13 R22 R23 R24 E13 E15 E21 E27 E30,3D,Yes,1.5,0.8
2110,./unit1/camera_data/image_BS1_10695_01_05_36.jpg,./unit1/mmWave_data/mmWave_power_2354.txt,./unit1/GPS_data/gps_location.txt,./unit2/GPS_data/gps_location_2354.txt,,2,25,['01-05-36-0'],0,16,G2 G6 G12 G17 G19 G24 R12 R13 R22 R23 R24 E13 E15 E21 E27 E30,3D,Yes,1.8,0.8
2111,./unit1/camera_data/image_BS1_10696_01_05_36.jpg,./unit1/mmWave_data/mmWave_power_2355.txt,./unit1/GPS_data/gps_location.txt,./unit2/GPS_data/gps_location_2355.txt,,3,25,['01-05-36-200'],0,11,G2 G6 G12 G17 G19 G24 R12 R13 R22 R23 R24,3D,Yes,1.8,0.8
2112,./unit1/camera_data/image_BS1_10697_01_05_36.jpg,./unit1/mmWave_data/mmWave_power_2356.txt,./unit1/GPS_data/gps_location.txt,./unit2/GPS_data/gps_location_2356.txt,,3,25,['01-05-36-400'],0,16,G2 G6 G12 G17 G19 G24 R12 R13 R22 R23 R24 E13 E15 E21 E27 E30,3D,Yes,1.8,0.8
2113,./unit1/camera_data/image_BS1_10698_01_05_36.jpg,./unit1/mmWave_data/mmWave_power_2357.txt,./unit1/GPS_data/gps_location.txt,./unit2/GPS_data/gps_location_2357.txt,,6,25,['01-05-36-600'],0,11,G2 G6 G12 G17 G19 G24 R12 R13 R22 R23 R24,3D,Yes,1.8,0.8
2114,./unit1/camera_data/image_BS1_10699_01_05_36.jpg,./unit1/mmWave_data/mmWave_power_2358.txt,./unit1/GPS_data/gps_location.txt,./unit2/GPS_data/gps_location_2358.txt,,5,25,['01-05-36-800'],0,16,G2 G6 G12 G17 G19 G24 R12 R13 R22 R23 R24 E13 E15 E21 E27 E30,3D,Yes,1.5,0.8
2115,./unit1/camera_data/image_BS1_10700_01_05_37.jpg,./unit1/mmWave_data/mmWave_power_2359.txt,./unit1/GPS_data/gps_location.txt,./unit2/GPS_data/gps_location_2359.txt,,6,25,['01-05-37-0'],0,16,G2 G6 G12 G17 G19 G24 R12 R13 R22 R23 R24 E13 E15 E21 E27 E30,3D,Yes,1.5,0.8
2116,./unit1/camera_data/image_BS1_10701_01_05_37.jpg,./unit1/mmWave_data/mmWave_power_2360.txt,./unit1/GPS_data/gps_location.txt,./unit2/GPS_data/gps_location_2360.txt,,7,25,['01-05-37-333'],0,11,G2 G6 G12 G17 G19 G24 R12 R13 R22 R23 R24,3D,Yes,1.8,0.8
2117,./unit1/camera_data/image_BS1_10702_01_05_37.jpg,./unit1/mmWave_data/mmWave_power_2361.txt,./unit1/GPS_data/gps_location.txt,./unit2/GPS_data/gps_location_2361.txt,,8,25,['01-05-37-666'],0,11,G2 G6 G12 G17 G19 G24 R12 R13 R22 R23 R24,3D,Yes,1.5,0.8
2118,./unit1/camera_data/image_BS1_10703_01_05_41.jpg,./unit1/mmWave_data/mmWave_power_2362.txt,./unit1/GPS_data/gps_location.txt,./unit2/GPS_data/gps_location_2362.txt,,27,25,['01-05-41-0'],0,20,G2 G6 G12 G17 G19 G24 R12 R13 R22 R23 R24 E13 E15 E21 E27 E30 B11 B12 B24 B25,3D,Yes,1.8,0.8
2119,./unit1/camera_data/image_BS1_10704_01_05_41.jpg,./unit1/mmWave_data/mmWave_power_2363.txt,./unit1/GPS_data/gps_location.txt,./unit2/GPS_data/gps_location_2363.txt,,30,25,['01-05-41-250'],0,16,G2 G6 G12 G17 G19 G24 R12 R13 R22 R23 R24 E13 E15 E21 E27 E30,3D,Yes,1.8,0.8
2120,./unit1/camera_data/image_BS1_10705_01_05_41.jpg,./unit1/mmWave_data/mmWave_power_2364.txt,./unit1/GPS_data/gps_location.txt,./unit2/GPS_data/gps_location_2364.txt,,30,25,['01-05-41-500'],0,11,G2 G6 G12 G17 G19 G24 R12 R13 R22 R23 R24,3D,Yes,1.8,0.8
2121,./unit1/camera_data/image_BS1_10706_01_05_41.jpg,./unit1/mmWave_data/mmWave_power_2365.txt,./unit1/GPS_data/gps_location.txt,./unit2/GPS_data/gps_location_2365.txt,,31,25,['01-05-41-750'],0,11,G2 G6 G12 G17 G19 G24 R12 R13 R22 R23 R24,3D,Yes,1.8,0.8
2122,./unit1/camera_data/image_BS1_10707_01_05_42.jpg,./unit1/mmWave_data/mmWave_power_2366.txt,./unit1/GPS_data/gps_location.txt,./unit2/GPS_data/gps_location_2366.txt,,33,25,['01-05-42-0'],0,16,G2 G6 G12 G17 G19 G24 R12 R13 R22 R23 R24 E13 E15 E21 E27 E30,3D,Yes,1.4,0.7
2123,./unit1/camera_data/image_BS1_10708_01_05_42.jpg,./unit1/mmWave_data/mmWave_power_2367.txt,./unit1/GPS_data/gps_location.txt,./unit2/GPS_data/gps_location_2367.txt,,33,25,['01-05-42-111'],0,20,G2 G6 G12 G17 G19 G24 R12 R13 R22 R23 R24 E13 E15 E21 E27 E30 B11 B12 B24 B25,3D,Yes,1.5,0.8
2124,./unit1/camera_data/image_BS1_10709_01_05_42.jpg,./unit1/mmWave_data/mmWave_power_2368.txt,./unit1/GPS_data/gps_location.txt,./unit2/GPS_data/gps_location_2368.txt,,34,25,['01-05-42-222'],0,16,G2 G6 G12 G17 G19 G24 R12 R13 R22 R23 R24 E13 E15 E21 E27 E30,3D,Yes,1.8,0.8
2125,./unit1/camera_data/image_BS1_10710_01_05_42.jpg,./unit1/mmWave_data/mmWave_power_2369.txt,./unit1/GPS_data/gps_location.txt,./unit2/GPS_data/gps_location_2369.txt,,36,25,['01-05-42-333'],0,16,G2 G6 G12 G17 G19 G24 R12 R13 R22 R23 R24 E13 E15 E21 E27 E30,3D,Yes,1.8,0.8
2126,./unit1/camera_data/image_BS1_10711_01_05_42.jpg,./unit1/mmWave_data/mmWave_power_2370.txt,./unit1/GPS_data/gps_location.txt,./unit2/GPS_data/gps_location_2370.txt,,37,25,['01-05-42-444'],0,11,G2 G6 G12 G17 G19 G24 R12 R13 R22 R23 R24,3D,Yes,1.8,0.8
2127,./unit1/camera_data/image_BS1_10712_01_05_42.jpg,./unit1/mmWave_data/mmWave_power_2371.txt,./unit1/GPS_data/gps_location.txt,./unit2/GPS_data/gps_location_2371.txt,,37,25,['01-05-42-555'],0,16,G2 G6 G12 G17 G19 G24 R12 R13 R22 R23 R24 E13 E15 E21 E27 E30,3D,Yes,1.8,0.8
2128,./unit1/camera_data/image_BS1_10713_01_05_42.jpg,./unit1/mmWave_data/mmWave_power_2372.txt,./unit1/GPS_data/gps_location.txt,./unit2/GPS_data/gps_location_2372.txt,,38,25,['01-05-42-666'],0,16,G2 G6 G12 G17 G19 G24 R12 R13 R22 R23 R24 E13 E15 E21 E27 E30,3D,Yes,1.8,0.8
2129,./unit1/camera_data/image_BS1_10714_01_05_42.jpg,./unit1/mmWave_data/mmWave_power_2373.txt,./unit1/GPS_data/gps_location.txt,./unit2/GPS_data/gps_location_2373.txt,,39,25,['01-05-42-777'],0,6,G2 G6 G12 G17 G19 G24,3D,Yes,1.8,0.8
2130,./unit1/camera_data/image_BS1_10715_01_05_42.jpg,./unit1/mmWave_data/mmWave_power_2374.txt,./unit1/GPS_data/gps_location.txt,./unit2/GPS_data/gps_location_2374.txt,,39,25,['01-05-42-888'],0,11,G2 G6 G12 G17 G19 G24 R12 R13 R22 R23 R24,3D,Yes,1.8,0.8
2131,./unit1/camera_data/image_BS1_10716_01_05_43.jpg,./unit1/mmWave_data/mmWave_power_2375.txt,./unit1/GPS_data/gps_location.txt,./unit2/GPS_data/gps_location_2375.txt,,41,25,['01-05-43-0'],0,16,G2 G6 G12 G17 G19 G24 R12 R13 R22 R23 R24 E13 E15 E21 E27 E30,3D,Yes,1.8,0.8
2132,./unit1/camera_data/image_BS1_10717_01_05_43.jpg,./unit1/mmWave_data/mmWave_power_2376.txt,./unit1/GPS_data/gps_location.txt,./unit2/GPS_data/gps_location_2376.txt,,42,25,['01-05-43-111'],0,11,G2 G6 G12 G17 G19 G24 R12 R13 R22 R23 R24,3D,Yes,1.8,0.8
2133,./unit1/camera_data/image_BS1_10718_01_05_43.jpg,./unit1/mmWave_data/mmWave_power_2377.txt,./unit1/GPS_data/gps_location.txt,./unit2/GPS_data/gps_location_2377.txt,,44,25,['01-05-43-222'],0,16,G2 G6 G12 G17 G19 G24 R12 R13 R22 R23 R24 E13 E15 E21 E27 E30,3D,Yes,1.8,0.8
2134,./unit1/camera_data/image_BS1_10719_01_05_43.jpg,./unit1/mmWave_data/mmWave_power_2378.txt,./unit1/GPS_data/gps_location.txt,./unit2/GPS_data/gps_location_2378.txt,,45,25,['01-05-43-333'],0,11,G2 G6 G12 G17 G19 G24 R12 R13 R22 R23 R24,3D,Yes,1.8,0.8
2135,./unit1/camera_data/image_BS1_10720_01_05_43.jpg,./unit1/mmWave_data/mmWave_power_2379.txt,./unit1/GPS_data/gps_location.txt,./unit2/GPS_data/gps_location_2379.txt,,47,25,['01-05-43-444'],0,16,G2 G6 G12 G17 G19 G24 R12 R13 R22 R23 R24 E13 E15 E21 E27 E30,3D,Yes,1.8,0.8
2136,./unit1/camera_data/image_BS1_10721_01_05_43.jpg,./unit1/mmWave_data/mmWave_power_2380.txt,./unit1/GPS_data/gps_location.txt,./unit2/GPS_data/gps_location_2380.txt,,48,25,['01-05-43-555'],0,16,G2 G6 G12 G17 G19 G24 R12 R13 R22 R23 R24 E13 E15 E21 E27 E30,3D,Yes,1.8,0.8
2137,./unit1/camera_data/image_BS1_10722_01_05_43.jpg,./unit1/mmWave_data/mmWave_power_2381.txt,./unit1/GPS_data/gps_location.txt,./unit2/GPS_data/gps_location_2381.txt,,48,25,['01-05-43-666'],0,16,G2 G6 G12 G17 G19 G24 R12 R13 R22 R23 R24 E13 E15 E21 E27 E30,3D,Yes,1.8,0.8
2138,./unit1/camera_data/image_BS1_10723_01_05_43.jpg,./unit1/mmWave_data/mmWave_power_2382.txt,./unit1/GPS_data/gps_location.txt,./unit2/GPS_data/gps_location_2382.txt,,49,25,['01-05-43-777'],0,11,G2 G6 G12 G17 G19 G24 R12 R13 R22 R23 R24,3D,Yes,1.5,0.8
2139,./unit1/camera_data/image_BS1_10724_01_05_43.jpg,./unit1/mmWave_data/mmWave_power_2383.txt,./unit1/GPS_data/gps_location.txt,./unit2/GPS_data/gps_location_2383.txt,,51,25,['01-05-43-888'],0,16,G2 G6 G12 G17 G19 G24 R12 R13 R22 R23 R24 E13 E15 E21 E27 E30,3D,Yes,1.5,0.8
2140,./unit1/camera_data/image_BS1_10725_01_05_44.jpg,./unit1/mmWave_data/mmWave_power_2384.txt,./unit1/GPS_data/gps_location.txt,./unit2/GPS_data/gps_location_2384.txt,,51,25,['01-05-44-0'],0,16,G2 G6 G12 G17 G19 G24 R12 R13 R22 R23 R24 E13 E15 E21 E27 E30,3D,Yes,1.5,0.8
2141,./unit1/camera_data/image_BS1_10726_01_05_44.jpg,./unit1/mmWave_data/mmWave_power_2385.txt,./unit1/GPS_data/gps_location.txt,./unit2/GPS_data/gps_location_2385.txt,,53,25,['01-05-44-111'],0,16,G2 G6 G12 G17 G19 G24 R12 R13 R22 R23 R24 E13 E15 E21 E27 E30,3D,Yes,1.5,0.8
2142,./unit1/camera_data/image_BS1_10727_01_05_44.jpg,./unit1/mmWave_data/mmWave_power_2386.txt,./unit1/GPS_data/gps_location.txt,./unit2/GPS_data/gps_location_2386.txt,,55,25,['01-05-44-222'],0,16,G2 G6 G12 G17 G19 G24 R12 R13 R22 R23 R24 E13 E15 E21 E27 E30,3D,Yes,1.5,0.8
2143,./unit1/camera_data/image_BS1_10728_01_05_44.jpg,./unit1/mmWave_data/mmWave_power_2387.txt,./unit1/GPS_data/gps_location.txt,./unit2/GPS_data/gps_location_2387.txt,,55,25,['01-05-44-333'],0,16,G2 G6 G12 G17 G19 G24 R12 R13 R22 R23 R24 E13 E15 E21 E27 E30,3D,Yes,1.5,0.8
2144,./unit1/camera_data/image_BS1_10729_01_05_44.jpg,./unit1/mmWave_data/mmWave_power_2388.txt,./unit1/GPS_data/gps_location.txt,./unit2/GPS_data/gps_location_2388.txt,,55,25,['01-05-44-444'],0,16,G2 G6 G12 G17 G19 G24 R12 R13 R22 R23 R24 E13 E15 E21 E27 E30,3D,Yes,1.5,0.8
2145,./unit1/camera_data/image_BS1_10730_01_05_44.jpg,./unit1/mmWave_data/mmWave_power_2389.txt,./unit1/GPS_data/gps_location.txt,./unit2/GPS_data/gps_location_2389.txt,,57,25,['01-05-44-555'],0,20,G2 G6 G12 G17 G19 G24 R12 R13 R22 R23 R24 E13 E15 E21 E27 E30 B11 B12 B24 B25,3D,Yes,1.5,0.8
2146,./unit1/camera_data/image_BS1_10731_01_05_44.jpg,./unit1/mmWave_data/mmWave_power_2390.txt,./unit1/GPS_data/gps_location.txt,./unit2/GPS_data/gps_location_2390.txt,,58,25,['01-05-44-666'],0,11,G2 G6 G12 G17 G19 G24 R12 R13 R22 R23 R24,3D,Yes,1.4,0.7
2147,./unit1/camera_data/image_BS1_10732_01_05_44.jpg,./unit1/mmWave_data/mmWave_power_2391.txt,./unit1/GPS_data/gps_location.txt,./unit2/GPS_data/gps_location_2391.txt,,59,25,['01-05-44-777'],0,11,G2 G6 G12 G17 G19 G24 R12 R13 R22 R23 R24,3D,Yes,1.4,0.7
2148,./unit1/camera_data/image_BS1_10733_01_05_44.jpg,./unit1/mmWave_data/mmWave_power_2392.txt,./unit1/GPS_data/gps_location.txt,./unit2/GPS_data/gps_location_2392.txt,,60,25,['01-05-44-888'],0,16,G2 G6 G12 G17 G19 G24 R12 R13 R22 R23 R24 E13 E15 E21 E27 E30,3D,Yes,1.4,0.7
2149,./unit1/camera_data/image_BS1_10734_01_05_45.jpg,./unit1/mmWave_data/mmWave_power_2393.txt,./unit1/GPS_data/gps_location.txt,./unit2/GPS_data/gps_location_2393.txt,,61,25,['01-05-45-0'],0,16,G2 G6 G12 G17 G19 G24 R12 R13 R22 R23 R24 E13 E15 E21 E27 E30,3D,Yes,1.4,0.7
2150,./unit1/camera_data/image_BS1_11232_01_07_00.jpg,./unit1/mmWave_data/mmWave_power_2394.txt,./unit1/GPS_data/gps_location.txt,./unit2/GPS_data/gps_location_2394.txt,,59,26,['01-07-00-0'],1,20,G2 G6 G12 G17 G19 G24 R12 R13 R22 R23 R24 E13 E15 E21 E27 E30 B11 B12 B24 B25,3D,Yes,1.4,0.7
2151,./unit1/camera_data/image_BS1_11233_01_07_00.jpg,./unit1/mmWave_data/mmWave_power_2395.txt,./unit1/GPS_data/gps_location.txt,./unit2/GPS_data/gps_location_2395.txt,,58,26,['01-07-00-125'],1,11,G2 G6 G12 G17 G19 G24 R12 R13 R22 R23 R24,3D,Yes,1.4,0.7
2152,./unit1/camera_data/image_BS1_11234_01_07_00.jpg,./unit1/mmWave_data/mmWave_power_2396.txt,./unit1/GPS_data/gps_location.txt,./unit2/GPS_data/gps_location_2396.txt,,59,26,['01-07-00-250'],1,16,G2 G6 G12 G17 G19 G24 R12 R13 R22 R23 R24 E13 E15 E21 E27 E30,3D,Yes,1.4,0.7
2153,./unit1/camera_data/image_BS1_11235_01_07_00.jpg,./unit1/mmWave_data/mmWave_power_2397.txt,./unit1/GPS_data/gps_location.txt,./unit2/GPS_data/gps_location_2397.txt,,59,26,['01-07-00-375'],1,20,G2 G6 G12 G17 G19 G24 R12 R13 R22 R23 R24 E13 E15 E21 E27 E30 B11 B12 B24 B25,3D,Yes,1.4,0.7
2154,./unit1/camera_data/image_BS1_11236_01_07_00.jpg,./unit1/mmWave_data/mmWave_power_2398.txt,./unit1/GPS_data/gps_location.txt,./unit2/GPS_data/gps_location_2398.txt,,58,26,['01-07-00-500'],1,16,G2 G6 G12 G17 G19 G24 R12 R13 R22 R23 R24 E13 E15 E21 E27 E30,3D,Yes,1.4,0.7
2155,./unit1/camera_data/image_BS1_11237_01_07_00.jpg,./unit1/mmWave_data/mmWave_power_2399.txt,./unit1/GPS_data/gps_location.txt,./unit2/GPS_data/gps_location_2399.txt,,58,26,['01-07-00-625'],1,16,G2 G6 G12 G17 G19 G24 R12 R13 R22 R23 R24 E13 E15 E21 E27 E30,3D,Yes,1.4,0.7
2156,./unit1/camera_data/image_BS1_11238_01_07_00.jpg,./unit1/mmWave_data/mmWave_power_2400.txt,./unit1/GPS_data/gps_location.txt,./unit2/GPS_data/gps_location_2400.txt,,58,26,['01-07-00-750'],1,16,G2 G6 G12 G17 G19 G24 R12 R13 R22 R23 R24 E13 E15 E21 E27 E30,3D,Yes,1.4,0.7
2157,./unit1/camera_data/image_BS1_11239_01_07_00.jpg,./unit1/mmWave_data/mmWave_power_2401.txt,./unit1/GPS_data/gps_location.txt,./unit2/GPS_data/gps_location_2401.txt,,58,26,['01-07-00-875'],1,16,G2 G6 G12 G17 G19 G24 R12 R13 R22 R23 R24 E13 E15 E21 E27 E30,3D,Yes,1.4,0.7
2158,./unit1/camera_data/image_BS1_11240_01_07_01.jpg,./unit1/mmWave_data/mmWave_power_2402.txt,./unit1/GPS_data/gps_location.txt,./unit2/GPS_data/gps_location_2402.txt,,57,26,['01-07-01-0'],1,16,G2 G6 G12 G17 G19 G24 R12 R13 R22 R23 R24 E13 E15 E21 E27 E30,3D,Yes,1.4,0.7
2159,./unit1/camera_data/image_BS1_11241_01_07_01.jpg,./unit1/mmWave_data/mmWave_power_2403.txt,./unit1/GPS_data/gps_location.txt,./unit2/GPS_data/gps_location_2403.txt,,58,26,['01-07-01-125'],1,16,G2 G6 G12 G17 G19 G24 R12 R13 R22 R23 R24 E13 E15 E21 E27 E30,3D,Yes,1.4,0.7
2160,./unit1/camera_data/image_BS1_11242_01_07_01.jpg,./unit1/mmWave_data/mmWave_power_2404.txt,./unit1/GPS_data/gps_location.txt,./unit2/GPS_data/gps_location_2404.txt,,56,26,['01-07-01-250'],1,16,G2 G6 G12 G17 G19 G24 R12 R13 R22 R23 R24 E13 E15 E21 E27 E30,3D,Yes,1.4,0.7
2161,./unit1/camera_data/image_BS1_11243_01_07_01.jpg,./unit1/mmWave_data/mmWave_power_2405.txt,./unit1/GPS_data/gps_location.txt,./unit2/GPS_data/gps_location_2405.txt,,55,26,['01-07-01-375'],1,16,G2 G6 G12 G17 G19 G24 R12 R13 R22 R23 R24 E13 E15 E21 E27 E30,3D,Yes,1.4,0.7
2162,./unit1/camera_data/image_BS1_11244_01_07_01.jpg,./unit1/mmWave_data/mmWave_power_2406.txt,./unit1/GPS_data/gps_location.txt,./unit2/GPS_data/gps_location_2406.txt,,55,26,['01-07-01-500'],1,16,G2 G6 G12 G17 G19 G24 R12 R13 R22 R23 R24 E13 E15 E21 E27 E30,3D,Yes,1.4,0.7
2163,./unit1/camera_data/image_BS1_11245_01_07_01.jpg,./unit1/mmWave_data/mmWave_power_2407.txt,./unit1/GPS_data/gps_location.txt,./unit2/GPS_data/gps_location_2407.txt,,55,26,['01-07-01-625'],1,20,G2 G6 G12 G17 G19 G24 R12 R13 R22 R23 R24 E13 E15 E21 E27 E30 B11 B12 B24 B25,3D,Yes,1.4,0.7
2164,./unit1/camera_data/image_BS1_11246_01_07_01.jpg,./unit1/mmWave_data/mmWave_power_2408.txt,./unit1/GPS_data/gps_location.txt,./unit2/GPS_data/gps_location_2408.txt,,55,26,['01-07-01-750'],1,6,G2 G6 G12 G17 G19 G24,3D,Yes,1.4,0.7
2165,./unit1/camera_data/image_BS1_11247_01_07_01.jpg,./unit1/mmWave_data/mmWave_power_2409.txt,./unit1/GPS_data/gps_location.txt,./unit2/GPS_data/gps_location_2409.txt,,55,26,['01-07-01-875'],1,20,G2 G6 G12 G17 G19 G24 R12 R13 R22 R23 R24 E13 E15 E21 E27 E30 B11 B12 B24 B25,3D,Yes,1.4,0.7
2166,./unit1/camera_data/image_BS1_11248_01_07_02.jpg,./unit1/mmWave_data/mmWave_power_2410.txt,./unit1/GPS_data/gps_location.txt,./unit2/GPS_data/gps_location_2410.txt,,55,26,['01-07-02-0'],1,16,G2 G6 G12 G17 G19 G24 R12 R13 R22 R23 R24 E13 E15 E21 E27 E30,3D,Yes,1.4,0.7
2167,./unit1/camera_data/image_BS1_11249_01_07_02.jpg,./unit1/mmWave_data/mmWave_power_2411.txt,./unit1/GPS_data/gps_location.txt,./unit2/GPS_data/gps_location_2411.txt,,54,26,['01-07-02-166'],1,16,G2 G6 G12 G17 G19 G24 R12 R13 R22 R23 R24 E13 E15 E21 E27 E30,3D,Yes,1.4,0.7
2168,./unit1/camera_data/image_BS1_11250_01_07_02.jpg,./unit1/mmWave_data/mmWave_power_2412.txt,./unit1/GPS_data/gps_location.txt,./unit2/GPS_data/gps_location_2412.txt,,55,26,['01-07-02-332'],1,20,G2 G6 G12 G17 G19 G24 R12 R13 R22 R23 R24 E13 E15 E21 E27 E30 B11 B12 B24 B25,3D,Yes,1.4,0.7
2169,./unit1/camera_data/image_BS1_11251_01_07_02.jpg,./unit1/mmWave_data/mmWave_power_2413.txt,./unit1/GPS_data/gps_location.txt,./unit2/GPS_data/gps_location_2413.txt,,55,26,['01-07-02-498'],1,11,G2 G6 G12 G17 G19 G24 R12 R13 R22 R23 R24,3D,Yes,1.4,0.7
2170,./unit1/camera_data/image_BS1_11252_01_07_02.jpg,./unit1/mmWave_data/mmWave_power_2414.txt,./unit1/GPS_data/gps_location.txt,./unit2/GPS_data/gps_location_2414.txt,,54,26,['01-07-02-664'],1,11,G2 G6 G12 G17 G19 G24 R12 R13 R22 R23 R24,3D,Yes,1.4,0.7
2171,./unit1/camera_data/image_BS1_11253_01_07_02.jpg,./unit1/mmWave_data/mmWave_power_2415.txt,./unit1/GPS_data/gps_location.txt,./unit2/GPS_data/gps_location_2415.txt,,55,26,['01-07-02-830'],1,16,G2 G6 G12 G17 G19 G24 R12 R13 R22 R23 R24 E13 E15 E21 E27 E30,3D,Yes,1.4,0.7
2172,./unit1/camera_data/image_BS1_11254_01_07_03.jpg,./unit1/mmWave_data/mmWave_power_2416.txt,./unit1/GPS_data/gps_location.txt,./unit2/GPS_data/gps_location_2416.txt,,54,26,['01-07-03-0'],1,11,G2 G6 G12 G17 G19 G24 R12 R13 R22 R23 R24,3D,Yes,1.4,0.7
2173,./unit1/camera_data/image_BS1_11255_01_07_03.jpg,./unit1/mmWave_data/mmWave_power_2417.txt,./unit1/GPS_data/gps_location.txt,./unit2/GPS_data/gps_location_2417.txt,,54,26,['01-07-03-142'],1,16,G2 G6 G12 G17 G19 G24 R12 R13 R22 R23 R24 E13 E15 E21 E27 E30,3D,Yes,1.4,0.7
2174,./unit1/camera_data/image_BS1_11256_01_07_03.jpg,./unit1/mmWave_data/mmWave_power_2418.txt,./unit1/GPS_data/gps_location.txt,./unit2/GPS_data/gps_location_2418.txt,,54,26,['01-07-03-284'],1,16,G2 G6 G12 G17 G19 G24 R12 R13 R22 R23 R24 E13 E15 E21 E27 E30,3D,Yes,1.4,0.7
2175,./unit1/camera_data/image_BS1_11257_01_07_03.jpg,./unit1/mmWave_data/mmWave_power_2419.txt,./unit1/GPS_data/gps_location.txt,./unit2/GPS_data/gps_location_2419.txt,,54,26,['01-07-03-426'],1,16,G2 G6 G12 G17 G19 G24 R12 R13 R22 R23 R24 E13 E15 E21 E27 E30,3D,Yes,1.4,0.7
2176,./unit1/camera_data/image_BS1_11258_01_07_03.jpg,./unit1/mmWave_data/mmWave_power_2420.txt,./unit1/GPS_data/gps_location.txt,./unit2/GPS_data/gps_location_2420.txt,,54,26,['01-07-03-568'],1,16,G2 G6 G12 G17 G19 G24 R12 R13 R22 R23 R24 E13 E15 E21 E27 E30,3D,Yes,1.4,0.7
2177,./unit1/camera_data/image_BS1_11259_01_07_03.jpg,./unit1/mmWave_data/mmWave_power_2421.txt,./unit1/GPS_data/gps_location.txt,./unit2/GPS_data/gps_location_2421.txt,,54,26,['01-07-03-710'],1,20,G2 G6 G12 G17 G19 G24 R12 R13 R22 R23 R24 E13 E15 E21 E27 E30 B11 B12 B24 B25,3D,Yes,1.4,0.7
2178,./unit1/camera_data/image_BS1_11260_01_07_03.jpg,./unit1/mmWave_data/mmWave_power_2422.txt,./unit1/GPS_data/gps_location.txt,./unit2/GPS_data/gps_location_2422.txt,,54,26,['01-07-03-852'],1,11,G2 G6 G12 G17 G19 G24 R12 R13 R22 R23 R24,3D,Yes,1.4,0.7
2179,./unit1/camera_data/image_BS1_11261_01_07_04.jpg,./unit1/mmWave_data/mmWave_power_2423.txt,./unit1/GPS_data/gps_location.txt,./unit2/GPS_data/gps_location_2423.txt,,54,26,['01-07-04-0'],1,20,G2 G6 G12 G17 G19 G24 R12 R13 R22 R23 R24 E13 E15 E21 E27 E30 B11 B12 B24 B25,3D,Yes,1.4,0.7
2180,./unit1/camera_data/image_BS1_11262_01_07_04.jpg,./unit1/mmWave_data/mmWave_power_2424.txt,./unit1/GPS_data/gps_location.txt,./unit2/GPS_data/gps_location_2424.txt,,54,26,['01-07-04-111'],1,11,G2 G6 G12 G17 G19 G24 R12 R13 R22 R23 R24,3D,Yes,1.4,0.8
2181,./unit1/camera_data/image_BS1_11263_01_07_04.jpg,./unit1/mmWave_data/mmWave_power_2425.txt,./unit1/GPS_data/gps_location.txt,./unit2/GPS_data/gps_location_2425.txt,,54,26,['01-07-04-222'],1,16,G2 G6 G12 G17 G19 G24 R12 R13 R22 R23 R24 E13 E15 E21 E27 E30,3D,Yes,1.4,0.7
2182,./unit1/camera_data/image_BS1_11264_01_07_04.jpg,./unit1/mmWave_data/mmWave_power_2426.txt,./unit1/GPS_data/gps_location.txt,./unit2/GPS_data/gps_location_2426.txt,,54,26,['01-07-04-333'],1,16,G2 G6 G12 G17 G19 G24 R12 R13 R22 R23 R24 E13 E15 E21 E27 E30,3D,Yes,1.4,0.7
2183,./unit1/camera_data/image_BS1_11265_01_07_04.jpg,./unit1/mmWave_data/mmWave_power_2427.txt,./unit1/GPS_data/gps_location.txt,./unit2/GPS_data/gps_location_2427.txt,,54,26,['01-07-04-444'],1,20,G2 G6 G12 G17 G19 G24 R12 R13 R22 R23 R24 E13 E15 E21 E27 E30 B11 B12 B24 B25,3D,Yes,1.4,0.7
2184,./unit1/camera_data/image_BS1_11266_01_07_04.jpg,./unit1/mmWave_data/mmWave_power_2428.txt,./unit1/GPS_data/gps_location.txt,./unit2/GPS_data/gps_location_2428.txt,,53,26,['01-07-04-555'],1,16,G2 G6 G12 G17 G19 G24 R12 R13 R22 R23 R24 E13 E15 E21 E27 E30,3D,Yes,1.4,0.7
2185,./unit1/camera_data/image_BS1_11267_01_07_04.jpg,./unit1/mmWave_data/mmWave_power_2429.txt,./unit1/GPS_data/gps_location.txt,./unit2/GPS_data/gps_location_2429.txt,,54,26,['01-07-04-666'],1,20,G2 G6 G12 G17 G19 G24 R12 R13 R22 R23 R24 E13 E15 E21 E27 E30 B11 B12 B24 B25,3D,Yes,1.4,0.7
2186,./unit1/camera_data/image_BS1_11268_01_07_04.jpg,./unit1/mmWave_data/mmWave_power_2430.txt,./unit1/GPS_data/gps_location.txt,./unit2/GPS_data/gps_location_2430.txt,,53,26,['01-07-04-777'],1,11,G2 G6 G12 G17 G19 G24 R12 R13 R22 R23 R24,3D,Yes,1.4,0.7
2187,./unit1/camera_data/image_BS1_11269_01_07_04.jpg,./unit1/mmWave_data/mmWave_power_2431.txt,./unit1/GPS_data/gps_location.txt,./unit2/GPS_data/gps_location_2431.txt,,53,26,['01-07-04-888'],1,16,G2 G6 G12 G17 G19 G24 R12 R13 R22 R23 R24 E13 E15 E21 E27 E30,3D,Yes,1.4,0.7
2188,./unit1/camera_data/image_BS1_11270_01_07_05.jpg,./unit1/mmWave_data/mmWave_power_2432.txt,./unit1/GPS_data/gps_location.txt,./unit2/GPS_data/gps_location_2432.txt,,51,26,['01-07-05-0'],1,11,G2 G6 G12 G17 G19 G24 R12 R13 R22 R23 R24,3D,Yes,1.4,0.7
2189,./unit1/camera_data/image_BS1_11271_01_07_05.jpg,./unit1/mmWave_data/mmWave_power_2433.txt,./unit1/GPS_data/gps_location.txt,./unit2/GPS_data/gps_location_2433.txt,,51,26,['01-07-05-500'],1,16,G2 G6 G12 G17 G19 G24 R12 R13 R22 R23 R24 E13 E15 E21 E27 E30,3D,Yes,1.4,0.7
2190,./unit1/camera_data/image_BS1_11272_01_07_06.jpg,./unit1/mmWave_data/mmWave_power_2434.txt,./unit1/GPS_data/gps_location.txt,./unit2/GPS_data/gps_location_2434.txt,,51,26,['01-07-06-0'],1,16,G2 G6 G12 G17 G19 G24 R12 R13 R22 R23 R24 E13 E15 E21 E27 E30,3D,Yes,1.4,0.7
2191,./unit1/camera_data/image_BS1_11273_01_07_07.jpg,./unit1/mmWave_data/mmWave_power_2435.txt,./unit1/GPS_data/gps_location.txt,./unit2/GPS_data/gps_location_2435.txt,,49,26,['01-07-07-0'],1,20,G2 G6 G12 G17 G19 G24 R12 R13 R22 R23 R24 E13 E15 E21 E27 E30 B11 B12 B24 B25,3D,Yes,1.4,0.7
2192,./unit1/camera_data/image_BS1_11274_01_07_07.jpg,./unit1/mmWave_data/mmWave_power_2436.txt,./unit1/GPS_data/gps_location.txt,./unit2/GPS_data/gps_location_2436.txt,,48,26,['01-07-07-166'],1,11,G2 G6 G12 G17 G19 G24 R12 R13 R22 R23 R24,3D,Yes,1.4,0.7
2193,./unit1/camera_data/image_BS1_11275_01_07_07.jpg,./unit1/mmWave_data/mmWave_power_2437.txt,./unit1/GPS_data/gps_location.txt,./unit2/GPS_data/gps_location_2437.txt,,48,26,['01-07-07-332'],1,20,G2 G6 G12 G17 G19 G24 R12 R13 R22 R23 R24 E13 E15 E21 E27 E30 B11 B12 B24 B25,3D,Yes,1.4,0.7
2194,./unit1/camera_data/image_BS1_11276_01_07_07.jpg,./unit1/mmWave_data/mmWave_power_2438.txt,./unit1/GPS_data/gps_location.txt,./unit2/GPS_data/gps_location_2438.txt,,48,26,['01-07-07-498'],1,16,G2 G6 G12 G17 G19 G24 R12 R13 R22 R23 R24 E13 E15 E21 E27 E30,3D,Yes,1.4,0.7
2195,./unit1/camera_data/image_BS1_11277_01_07_07.jpg,./unit1/mmWave_data/mmWave_power_2439.txt,./unit1/GPS_data/gps_location.txt,./unit2/GPS_data/gps_location_2439.txt,,48,26,['01-07-07-664'],1,16,G2 G6 G12 G17 G19 G24 R12 R13 R22 R23 R24 E13 E15 E21 E27 E30,3D,Yes,1.4,0.7
2196,./unit1/camera_data/image_BS1_11278_01_07_07.jpg,./unit1/mmWave_data/mmWave_power_2440.txt,./unit1/GPS_data/gps_location.txt,./unit2/GPS_data/gps_location_2440.txt,,48,26,['01-07-07-830'],1,11,G2 G6 G12 G17 G19 G24 R12 R13 R22 R23 R24,3D,Yes,1.4,0.7
2197,./unit1/camera_data/image_BS1_11279_01_07_08.jpg,./unit1/mmWave_data/mmWave_power_2441.txt,./unit1/GPS_data/gps_location.txt,./unit2/GPS_data/gps_location_2441.txt,,48,26,['01-07-08-0'],1,20,G2 G6 G12 G17 G19 G24 R12 R13 R22 R23 R24 E13 E15 E21 E27 E30 B11 B12 B24 B25,3D,Yes,1.6,0.8
2198,./unit1/camera_data/image_BS1_11280_01_07_08.jpg,./unit1/mmWave_data/mmWave_power_2442.txt,./unit1/GPS_data/gps_location.txt,./unit2/GPS_data/gps_location_2442.txt,,47,26,['01-07-08-142'],1,10,G2 G6 G12 G19 G24 R12 R13 R22 R23 R24,3D,Yes,1.7,0.8
2199,./unit1/camera_data/image_BS1_11281_01_07_08.jpg,./unit1/mmWave_data/mmWave_power_2443.txt,./unit1/GPS_data/gps_location.txt,./unit2/GPS_data/gps_location_2443.txt,,47,26,['01-07-08-284'],1,19,G2 G6 G12 G19 G24 R12 R13 R22 R23 R24 E13 E15 E21 E27 E30 B11 B12 B24 B25,3D,Yes,1.5,0.8
2200,./unit1/camera_data/image_BS1_11282_01_07_08.jpg,./unit1/mmWave_data/mmWave_power_2444.txt,./unit1/GPS_data/gps_location.txt,./unit2/GPS_data/gps_location_2444.txt,,46,26,['01-07-08-426'],1,10,G2 G6 G12 G19 G24 R12 R13 R22 R23 R24,3D,Yes,1.5,0.8
2201,./unit1/camera_data/image_BS1_11283_01_07_08.jpg,./unit1/mmWave_data/mmWave_power_2445.txt,./unit1/GPS_data/gps_location.txt,./unit2/GPS_data/gps_location_2445.txt,,46,26,['01-07-08-568'],1,15,G2 G6 G12 G19 G24 R12 R13 R22 R23 R24 E13 E15 E21 E27 E30,3D,Yes,1.5,0.8
2202,./unit1/camera_data/image_BS1_11284_01_07_08.jpg,./unit1/mmWave_data/mmWave_power_2446.txt,./unit1/GPS_data/gps_location.txt,./unit2/GPS_data/gps_location_2446.txt,,45,26,['01-07-08-710'],1,19,G2 G6 G12 G19 G24 R12 R13 R22 R23 R24 E13 E15 E21 E27 E30 B11 B12 B24 B25,3D,Yes,1.5,0.8
2203,./unit1/camera_data/image_BS1_11285_01_07_08.jpg,./unit1/mmWave_data/mmWave_power_2447.txt,./unit1/GPS_data/gps_location.txt,./unit2/GPS_data/gps_location_2447.txt,,45,26,['01-07-08-852'],1,15,G2 G6 G12 G19 G24 R12 R13 R22 R23 R24 E13 E15 E21 E27 E30,3D,Yes,1.5,0.8
2204,./unit1/camera_data/image_BS1_11286_01_07_09.jpg,./unit1/mmWave_data/mmWave_power_2448.txt,./unit1/GPS_data/gps_location.txt,./unit2/GPS_data/gps_location_2448.txt,,44,26,['01-07-09-0'],1,15,G2 G6 G12 G19 G24 R12 R13 R22 R23 R24 E13 E15 E21 E27 E30,3D,Yes,1.5,0.8
2205,./unit1/camera_data/image_BS1_11287_01_07_09.jpg,./unit1/mmWave_data/mmWave_power_2449.txt,./unit1/GPS_data/gps_location.txt,./unit2/GPS_data/gps_location_2449.txt,,44,26,['01-07-09-111'],1,10,G2 G6 G12 G19 G24 R12 R13 R22 R23 R24,3D,Yes,1.5,0.8
2206,./unit1/camera_data/image_BS1_11288_01_07_09.jpg,./unit1/mmWave_data/mmWave_power_2450.txt,./unit1/GPS_data/gps_location.txt,./unit2/GPS_data/gps_location_2450.txt,,43,26,['01-07-09-222'],1,15,G2 G6 G12 G19 G24 R12 R13 R22 R23 R24 E13 E15 E21 E27 E30,3D,Yes,1.5,0.8
2207,./unit1/camera_data/image_BS1_11289_01_07_09.jpg,./unit1/mmWave_data/mmWave_power_2451.txt,./unit1/GPS_data/gps_location.txt,./unit2/GPS_data/gps_location_2451.txt,,43,26,['01-07-09-333'],1,15,G2 G6 G12 G19 G24 R12 R13 R22 R23 R24 E13 E15 E21 E27 E30,3D,Yes,1.5,0.8
2208,./unit1/camera_data/image_BS1_11290_01_07_09.jpg,./unit1/mmWave_data/mmWave_power_2452.txt,./unit1/GPS_data/gps_location.txt,./unit2/GPS_data/gps_location_2452.txt,,42,26,['01-07-09-444'],1,15,G2 G6 G12 G19 G24 R12 R13 R22 R23 R24 E13 E15 E21 E27 E30,3D,Yes,1.5,0.8
2209,./unit1/camera_data/image_BS1_11291_01_07_09.jpg,./unit1/mmWave_data/mmWave_power_2453.txt,./unit1/GPS_data/gps_location.txt,./unit2/GPS_data/gps_location_2453.txt,,42,26,['01-07-09-555'],1,15,G2 G6 G12 G19 G24 R12 R13 R22 R23 R24 E13 E15 E21 E27 E30,3D,Yes,1.5,0.8
2210,./unit1/camera_data/image_BS1_11292_01_07_09.jpg,./unit1/mmWave_data/mmWave_power_2454.txt,./unit1/GPS_data/gps_location.txt,./unit2/GPS_data/gps_location_2454.txt,,41,26,['01-07-09-666'],1,16,G2 G6 G12 G17 G19 G24 R12 R13 R22 R23 R24 E13 E15 E21 E27 E30,3D,Yes,1.6,0.8
2211,./unit1/camera_data/image_BS1_11293_01_07_09.jpg,./unit1/mmWave_data/mmWave_power_2455.txt,./unit1/GPS_data/gps_location.txt,./unit2/GPS_data/gps_location_2455.txt,,39,26,['01-07-09-777'],1,11,G2 G6 G12 G17 G19 G24 R12 R13 R22 R23 R24,3D,Yes,1.6,0.8
2212,./unit1/camera_data/image_BS1_11294_01_07_09.jpg,./unit1/mmWave_data/mmWave_power_2456.txt,./unit1/GPS_data/gps_location.txt,./unit2/GPS_data/gps_location_2456.txt,,39,26,['01-07-09-888'],1,11,G2 G6 G12 G17 G19 G24 R12 R13 R22 R23 R24,3D,Yes,1.6,0.8
2213,./unit1/camera_data/image_BS1_11295_01_07_10.jpg,./unit1/mmWave_data/mmWave_power_2457.txt,./unit1/GPS_data/gps_location.txt,./unit2/GPS_data/gps_location_2457.txt,,39,26,['01-07-10-0'],1,20,G2 G6 G12 G17 G19 G24 R12 R13 R22 R23 R24 E13 E15 E21 E27 E30 B11 B12 B24 B25,3D,Yes,1.5,0.8
2214,./unit1/camera_data/image_BS1_11296_01_07_10.jpg,./unit1/mmWave_data/mmWave_power_2458.txt,./unit1/GPS_data/gps_location.txt,./unit2/GPS_data/gps_location_2458.txt,,39,26,['01-07-10-250'],1,16,G2 G6 G12 G17 G19 G24 R12 R13 R22 R23 R24 E13 E15 E21 E27 E30,3D,Yes,1.6,0.8
2215,./unit1/camera_data/image_BS1_11297_01_07_10.jpg,./unit1/mmWave_data/mmWave_power_2459.txt,./unit1/GPS_data/gps_location.txt,./unit2/GPS_data/gps_location_2459.txt,,38,26,['01-07-10-500'],1,16,G2 G6 G12 G17 G19 G24 R12 R13 R22 R23 R24 E13 E15 E21 E27 E30,3D,Yes,1.5,0.8
2216,./unit1/camera_data/image_BS1_11298_01_07_10.jpg,./unit1/mmWave_data/mmWave_power_2460.txt,./unit1/GPS_data/gps_location.txt,./unit2/GPS_data/gps_location_2460.txt,,37,26,['01-07-10-750'],1,6,G2 G6 G12 G17 G19 G24,3D,Yes,1.7,0.8
2217,./unit1/camera_data/image_BS1_11299_01_07_11.jpg,./unit1/mmWave_data/mmWave_power_2461.txt,./unit1/GPS_data/gps_location.txt,./unit2/GPS_data/gps_location_2461.txt,,29,26,['01-07-11-0'],1,16,G2 G6 G12 G17 G19 G24 R12 R13 R22 R23 R24 E13 E15 E21 E27 E30,3D,Yes,1.5,0.8
2218,./unit1/camera_data/image_BS1_11300_01_07_11.jpg,./unit1/mmWave_data/mmWave_power_2462.txt,./unit1/GPS_data/gps_location.txt,./unit2/GPS_data/gps_location_2462.txt,,28,26,['01-07-11-500'],1,16,G2 G6 G12 G17 G19 G24 R12 R13 R22 R23 R24 E13 E15 E21 E27 E30,3D,Yes,1.5,0.8
2219,./unit1/camera_data/image_BS1_11301_01_07_12.jpg,./unit1/mmWave_data/mmWave_power_2463.txt,./unit1/GPS_data/gps_location.txt,./unit2/GPS_data/gps_location_2463.txt,,17,26,['01-07-12-0'],1,16,G2 G6 G12 G17 G19 G24 R12 R13 R22 R23 R24 E13 E15 E21 E27 E30,3D,Yes,1.5,0.8
2220,./unit1/camera_data/image_BS1_11302_01_07_12.jpg,./unit1/mmWave_data/mmWave_power_2464.txt,./unit1/GPS_data/gps_location.txt,./unit2/GPS_data/gps_location_2464.txt,,16,26,['01-07-12-333'],1,16,G2 G6 G12 G17 G19 G24 R12 R13 R22 R23 R24 E13 E15 E21 E27 E30,3D,Yes,1.5,0.8
2221,./unit1/camera_data/image_BS1_11303_01_07_12.jpg,./unit1/mmWave_data/mmWave_power_2465.txt,./unit1/GPS_data/gps_location.txt,./unit2/GPS_data/gps_location_2465.txt,,16,26,['01-07-12-666'],1,16,G2 G6 G12 G17 G19 G24 R12 R13 R22 R23 R24 E13 E15 E21 E27 E30,3D,Yes,1.5,0.8
2222,./unit1/camera_data/image_BS1_11304_01_07_13.jpg,./unit1/mmWave_data/mmWave_power_2466.txt,./unit1/GPS_data/gps_location.txt,./unit2/GPS_data/gps_location_2466.txt,,16,26,['01-07-13-0'],1,16,G2 G6 G12 G17 G19 G24 R12 R13 R22 R23 R24 E13 E15 E21 E27 E30,3D,Yes,1.5,0.8
2223,./unit1/camera_data/image_BS1_11305_01_07_13.jpg,./unit1/mmWave_data/mmWave_power_2467.txt,./unit1/GPS_data/gps_location.txt,./unit2/GPS_data/gps_location_2467.txt,,15,26,['01-07-13-100'],1,11,G2 G6 G12 G17 G19 G24 R12 R13 R22 R23 R24,3D,Yes,1.6,0.8
2224,./unit1/camera_data/image_BS1_11306_01_07_13.jpg,./unit1/mmWave_data/mmWave_power_2468.txt,./unit1/GPS_data/gps_location.txt,./unit2/GPS_data/gps_location_2468.txt,,13,26,['01-07-13-200'],1,16,G2 G6 G12 G17 G19 G24 R12 R13 R22 R23 R24 E13 E15 E21 E27 E30,3D,Yes,1.6,0.8
2225,./unit1/camera_data/image_BS1_11307_01_07_13.jpg,./unit1/mmWave_data/mmWave_power_2469.txt,./unit1/GPS_data/gps_location.txt,./unit2/GPS_data/gps_location_2469.txt,,13,26,['01-07-13-300'],1,16,G2 G6 G12 G17 G19 G24 R12 R13 R22 R23 R24 E13 E15 E21 E27 E30,3D,Yes,1.6,0.8
2226,./unit1/camera_data/image_BS1_11308_01_07_13.jpg,./unit1/mmWave_data/mmWave_power_2470.txt,./unit1/GPS_data/gps_location.txt,./unit2/GPS_data/gps_location_2470.txt,,10,26,['01-07-13-400'],1,16,G2 G6 G12 G17 G19 G24 R12 R13 R22 R23 R24 E13 E15 E21 E27 E30,3D,Yes,1.5,0.8
2227,./unit1/camera_data/image_BS1_11309_01_07_13.jpg,./unit1/mmWave_data/mmWave_power_2471.txt,./unit1/GPS_data/gps_location.txt,./unit2/GPS_data/gps_location_2471.txt,,11,26,['01-07-13-500'],1,20,G2 G6 G12 G17 G19 G24 R12 R13 R22 R23 R24 E13 E15 E21 E27 E30 B11 B12 B24 B25,3D,Yes,1.5,0.8
2228,./unit1/camera_data/image_BS1_11310_01_07_13.jpg,./unit1/mmWave_data/mmWave_power_2472.txt,./unit1/GPS_data/gps_location.txt,./unit2/GPS_data/gps_location_2472.txt,,8,26,['01-07-13-600'],1,16,G2 G6 G12 G17 G19 G24 R12 R13 R22 R23 R24 E13 E15 E21 E27 E30,3D,Yes,1.5,0.8
2229,./unit1/camera_data/image_BS1_11311_01_07_13.jpg,./unit1/mmWave_data/mmWave_power_2473.txt,./unit1/GPS_data/gps_location.txt,./unit2/GPS_data/gps_location_2473.txt,,10,26,['01-07-13-700'],1,11,G2 G6 G12 G17 G19 G24 R12 R13 R22 R23 R24,3D,Yes,1.5,0.8
2230,./unit1/camera_data/image_BS1_11312_01_07_13.jpg,./unit1/mmWave_data/mmWave_power_2474.txt,./unit1/GPS_data/gps_location.txt,./unit2/GPS_data/gps_location_2474.txt,,8,26,['01-07-13-800'],1,11,G2 G6 G12 G17 G19 G24 R12 R13 R22 R23 R24,3D,Yes,1.5,0.8
2231,./unit1/camera_data/image_BS1_11313_01_07_13.jpg,./unit1/mmWave_data/mmWave_power_2475.txt,./unit1/GPS_data/gps_location.txt,./unit2/GPS_data/gps_location_2475.txt,,9,26,['01-07-13-900'],1,16,G2 G6 G12 G17 G19 G24 R12 R13 R22 R23 R24 E13 E15 E21 E27 E30,3D,Yes,1.5,0.8
2232,./unit1/camera_data/image_BS1_11314_01_07_14.jpg,./unit1/mmWave_data/mmWave_power_2476.txt,./unit1/GPS_data/gps_location.txt,./unit2/GPS_data/gps_location_2476.txt,,6,26,['01-07-14-0'],1,20,G2 G6 G12 G17 G19 G24 R12 R13 R22 R23 R24 E13 E15 E21 E27 E30 B11 B12 B24 B25,3D,Yes,1.5,0.8
2233,./unit1/camera_data/image_BS1_11315_01_07_14.jpg,./unit1/mmWave_data/mmWave_power_2477.txt,./unit1/GPS_data/gps_location.txt,./unit2/GPS_data/gps_location_2477.txt,,6,26,['01-07-14-125'],1,11,G2 G6 G12 G17 G19 G24 R12 R13 R22 R23 R24,3D,Yes,1.6,0.8
2234,./unit1/camera_data/image_BS1_11316_01_07_14.jpg,./unit1/mmWave_data/mmWave_power_2478.txt,./unit1/GPS_data/gps_location.txt,./unit2/GPS_data/gps_location_2478.txt,,6,26,['01-07-14-250'],1,16,G2 G6 G12 G17 G19 G24 R12 R13 R22 R23 R24 E13 E15 E21 E27 E30,3D,Yes,1.5,0.8
2235,./unit1/camera_data/image_BS1_11317_01_07_14.jpg,./unit1/mmWave_data/mmWave_power_2479.txt,./unit1/GPS_data/gps_location.txt,./unit2/GPS_data/gps_location_2479.txt,,5,26,['01-07-14-375'],1,16,G2 G6 G12 G17 G19 G24 R12 R13 R22 R23 R24 E13 E15 E21 E27 E30,3D,Yes,1.5,0.8
2236,./unit1/camera_data/image_BS1_11318_01_07_14.jpg,./unit1/mmWave_data/mmWave_power_2480.txt,./unit1/GPS_data/gps_location.txt,./unit2/GPS_data/gps_location_2480.txt,,5,26,['01-07-14-500'],1,20,G2 G6 G12 G17 G19 G24 R12 R13 R22 R23 R24 E13 E15 E21 E27 E30 B11 B12 B24 B25,3D,Yes,1.5,0.8
2237,./unit1/camera_data/image_BS1_11319_01_07_14.jpg,./unit1/mmWave_data/mmWave_power_2481.txt,./unit1/GPS_data/gps_location.txt,./unit2/GPS_data/gps_location_2481.txt,,6,26,['01-07-14-625'],1,11,G2 G6 G12 G17 G19 G24 R12 R13 R22 R23 R24,3D,Yes,1.5,0.8
2238,./unit1/camera_data/image_BS1_11320_01_07_14.jpg,./unit1/mmWave_data/mmWave_power_2482.txt,./unit1/GPS_data/gps_location.txt,./unit2/GPS_data/gps_location_2482.txt,,2,26,['01-07-14-750'],1,11,G2 G6 G12 G17 G19 G24 R12 R13 R22 R23 R24,3D,Yes,1.5,0.8
2239,./unit1/camera_data/image_BS1_11321_01_07_14.jpg,./unit1/mmWave_data/mmWave_power_2483.txt,./unit1/GPS_data/gps_location.txt,./unit2/GPS_data/gps_location_2483.txt,,2,26,['01-07-14-875'],1,16,G2 G6 G12 G17 G19 G24 R12 R13 R22 R23 R24 E13 E15 E21 E27 E30,3D,Yes,1.5,0.8
2240,./unit1/camera_data/image_BS1_11322_01_07_15.jpg,./unit1/mmWave_data/mmWave_power_2484.txt,./unit1/GPS_data/gps_location.txt,./unit2/GPS_data/gps_location_2484.txt,,3,26,['01-07-15-0'],1,16,G2 G6 G12 G17 G19 G24 R12 R13 R22 R23 R24 E13 E15 E21 E27 E30,3D,Yes,1.5,0.8
2241,./unit1/camera_data/image_BS1_11323_01_07_15.jpg,./unit1/mmWave_data/mmWave_power_2485.txt,./unit1/GPS_data/gps_location.txt,./unit2/GPS_data/gps_location_2485.txt,,3,26,['01-07-15-333'],1,11,G2 G6 G12 G17 G19 G24 R12 R13 R22 R23 R24,3D,Yes,1.4,0.7
2242,./unit1/camera_data/image_BS1_11324_01_07_15.jpg,./unit1/mmWave_data/mmWave_power_2486.txt,./unit1/GPS_data/gps_location.txt,./unit2/GPS_data/gps_location_2486.txt,,2,26,['01-07-15-666'],1,16,G2 G6 G12 G17 G19 G24 R12 R13 R22 R23 R24 E13 E15 E21 E27 E30,3D,Yes,1.4,0.7
2243,./unit1/camera_data/image_BS1_11509_01_07_43.jpg,./unit1/mmWave_data/mmWave_power_2487.txt,./unit1/GPS_data/gps_location.txt,./unit2/GPS_data/gps_location_2487.txt,,3,27,['01-07-43-0'],0,16,G2 G6 G12 G17 G19 G24 R12 R13 R22 R23 R24 E13 E15 E21 E27 E30,3D,Yes,2,0.9
2244,./unit1/camera_data/image_BS1_11510_01_07_44.jpg,./unit1/mmWave_data/mmWave_power_2488.txt,./unit1/GPS_data/gps_location.txt,./unit2/GPS_data/gps_location_2488.txt,,2,27,['01-07-44-0'],0,16,G2 G6 G12 G17 G19 G24 R12 R13 R22 R23 R24 E13 E15 E21 E27 E30,3D,Yes,2,0.9
2245,./unit1/camera_data/image_BS1_11511_01_07_44.jpg,./unit1/mmWave_data/mmWave_power_2489.txt,./unit1/GPS_data/gps_location.txt,./unit2/GPS_data/gps_location_2489.txt,,2,27,['01-07-44-125'],0,11,G2 G6 G12 G17 G19 G24 R12 R13 R22 R23 R24,3D,Yes,2.3,0.9
2246,./unit1/camera_data/image_BS1_11512_01_07_44.jpg,./unit1/mmWave_data/mmWave_power_2490.txt,./unit1/GPS_data/gps_location.txt,./unit2/GPS_data/gps_location_2490.txt,,3,27,['01-07-44-250'],0,16,G2 G6 G12 G17 G19 G24 R12 R13 R22 R23 R24 E13 E15 E21 E27 E30,3D,Yes,1.6,0.8
2247,./unit1/camera_data/image_BS1_11513_01_07_44.jpg,./unit1/mmWave_data/mmWave_power_2491.txt,./unit1/GPS_data/gps_location.txt,./unit2/GPS_data/gps_location_2491.txt,,5,27,['01-07-44-375'],0,16,G2 G6 G12 G17 G19 G24 R12 R13 R22 R23 R24 E13 E15 E21 E27 E30,3D,Yes,1.4,0.8
2248,./unit1/camera_data/image_BS1_11514_01_07_44.jpg,./unit1/mmWave_data/mmWave_power_2492.txt,./unit1/GPS_data/gps_location.txt,./unit2/GPS_data/gps_location_2492.txt,,3,27,['01-07-44-500'],0,20,G2 G6 G12 G17 G19 G24 R12 R13 R22 R23 R24 E13 E15 E21 E27 E30 B11 B12 B24 B25,3D,Yes,1.6,0.8
2249,./unit1/camera_data/image_BS1_11515_01_07_44.jpg,./unit1/mmWave_data/mmWave_power_2493.txt,./unit1/GPS_data/gps_location.txt,./unit2/GPS_data/gps_location_2493.txt,,5,27,['01-07-44-625'],0,11,G2 G6 G12 G17 G19 G24 R12 R13 R22 R23 R24,3D,Yes,1.6,0.8
2250,./unit1/camera_data/image_BS1_11516_01_07_44.jpg,./unit1/mmWave_data/mmWave_power_2494.txt,./unit1/GPS_data/gps_location.txt,./unit2/GPS_data/gps_location_2494.txt,,5,27,['01-07-44-750'],0,16,G2 G6 G12 G17 G19 G24 R12 R13 R22 R23 R24 E13 E15 E21 E27 E30,3D,Yes,2,0.9
2251,./unit1/camera_data/image_BS1_11517_01_07_44.jpg,./unit1/mmWave_data/mmWave_power_2495.txt,./unit1/GPS_data/gps_location.txt,./unit2/GPS_data/gps_location_2495.txt,,6,27,['01-07-44-875'],0,16,G2 G6 G12 G17 G19 G24 R12 R13 R22 R23 R24 E13 E15 E21 E27 E30,3D,Yes,2,0.9
2252,./unit1/camera_data/image_BS1_11518_01_07_49.jpg,./unit1/mmWave_data/mmWave_power_2496.txt,./unit1/GPS_data/gps_location.txt,./unit2/GPS_data/gps_location_2496.txt,,23,27,['01-07-49-0'],0,20,G2 G6 G12 G17 G19 G24 R12 R13 R22 R23 R24 E13 E15 E21 E27 E30 B11 B12 B24 B25,3D,Yes,1.7,0.8
2253,./unit1/camera_data/image_BS1_11519_01_07_49.jpg,./unit1/mmWave_data/mmWave_power_2497.txt,./unit1/GPS_data/gps_location.txt,./unit2/GPS_data/gps_location_2497.txt,,23,27,['01-07-49-500'],0,16,G2 G6 G12 G17 G19 G24 R12 R13 R22 R23 R24 E13 E15 E21 E27 E30,3D,Yes,1.5,0.8
2254,./unit1/camera_data/image_BS1_11520_01_07_50.jpg,./unit1/mmWave_data/mmWave_power_2498.txt,./unit1/GPS_data/gps_location.txt,./unit2/GPS_data/gps_location_2498.txt,,26,27,['01-07-50-0'],0,16,G2 G6 G12 G17 G19 G24 R12 R13 R22 R23 R24 E13 E15 E21 E27 E30,3D,Yes,1.7,0.8
2255,./unit1/camera_data/image_BS1_11521_01_07_50.jpg,./unit1/mmWave_data/mmWave_power_2499.txt,./unit1/GPS_data/gps_location.txt,./unit2/GPS_data/gps_location_2499.txt,,26,27,['01-07-50-111'],0,16,G2 G6 G12 G17 G19 G24 R12 R13 R22 R23 R24 E13 E15 E21 E27 E30,3D,Yes,1.7,0.8
2256,./unit1/camera_data/image_BS1_11522_01_07_50.jpg,./unit1/mmWave_data/mmWave_power_2500.txt,./unit1/GPS_data/gps_location.txt,./unit2/GPS_data/gps_location_2500.txt,,27,27,['01-07-50-222'],0,16,G2 G6 G12 G17 G19 G24 R12 R13 R22 R23 R24 E13 E15 E21 E27 E30,3D,Yes,1.7,0.8
2257,./unit1/camera_data/image_BS1_11523_01_07_50.jpg,./unit1/mmWave_data/mmWave_power_2501.txt,./unit1/GPS_data/gps_location.txt,./unit2/GPS_data/gps_location_2501.txt,,27,27,['01-07-50-333'],0,16,G2 G6 G12 G17 G19 G24 R12 R13 R22 R23 R24 E13 E15 E21 E27 E30,3D,Yes,1.5,0.8
2258,./unit1/camera_data/image_BS1_11524_01_07_50.jpg,./unit1/mmWave_data/mmWave_power_2502.txt,./unit1/GPS_data/gps_location.txt,./unit2/GPS_data/gps_location_2502.txt,,28,27,['01-07-50-444'],0,20,G2 G6 G12 G17 G19 G24 R12 R13 R22 R23 R24 E13 E15 E21 E27 E30 B11 B12 B24 B25,3D,Yes,1.5,0.8
2259,./unit1/camera_data/image_BS1_11525_01_07_50.jpg,./unit1/mmWave_data/mmWave_power_2503.txt,./unit1/GPS_data/gps_location.txt,./unit2/GPS_data/gps_location_2503.txt,,28,27,['01-07-50-555'],0,16,G2 G6 G12 G17 G19 G24 R12 R13 R22 R23 R24 E13 E15 E21 E27 E30,3D,Yes,1.7,0.8
2260,./unit1/camera_data/image_BS1_11526_01_07_50.jpg,./unit1/mmWave_data/mmWave_power_2504.txt,./unit1/GPS_data/gps_location.txt,./unit2/GPS_data/gps_location_2504.txt,,29,27,['01-07-50-666'],0,11,G2 G6 G12 G17 G19 G24 R12 R13 R22 R23 R24,3D,Yes,1.7,0.8
2261,./unit1/camera_data/image_BS1_11527_01_07_50.jpg,./unit1/mmWave_data/mmWave_power_2505.txt,./unit1/GPS_data/gps_location.txt,./unit2/GPS_data/gps_location_2505.txt,,29,27,['01-07-50-777'],0,11,G2 G6 G12 G17 G19 G24 R12 R13 R22 R23 R24,3D,Yes,1.7,0.8
2262,./unit1/camera_data/image_BS1_11528_01_07_50.jpg,./unit1/mmWave_data/mmWave_power_2506.txt,./unit1/GPS_data/gps_location.txt,./unit2/GPS_data/gps_location_2506.txt,,32,27,['01-07-50-888'],0,16,G2 G6 G12 G17 G19 G24 R12 R13 R22 R23 R24 E13 E15 E21 E27 E30,3D,Yes,1.5,0.8
2263,./unit1/camera_data/image_BS1_11529_01_07_51.jpg,./unit1/mmWave_data/mmWave_power_2507.txt,./unit1/GPS_data/gps_location.txt,./unit2/GPS_data/gps_location_2507.txt,,31,27,['01-07-51-0'],0,11,G2 G6 G12 G17 G19 G24 R12 R13 R22 R23 R24,3D,Yes,1.7,0.8
2264,./unit1/camera_data/image_BS1_11530_01_07_51.jpg,./unit1/mmWave_data/mmWave_power_2508.txt,./unit1/GPS_data/gps_location.txt,./unit2/GPS_data/gps_location_2508.txt,,33,27,['01-07-51-125'],0,16,G2 G6 G12 G17 G19 G24 R12 R13 R22 R23 R24 E13 E15 E21 E27 E30,3D,Yes,1.7,0.8
2265,./unit1/camera_data/image_BS1_11531_01_07_51.jpg,./unit1/mmWave_data/mmWave_power_2509.txt,./unit1/GPS_data/gps_location.txt,./unit2/GPS_data/gps_location_2509.txt,,34,27,['01-07-51-250'],0,16,G2 G6 G12 G17 G19 G24 R12 R13 R22 R23 R24 E13 E15 E21 E27 E30,3D,Yes,1.5,0.8
2266,./unit1/camera_data/image_BS1_11532_01_07_51.jpg,./unit1/mmWave_data/mmWave_power_2510.txt,./unit1/GPS_data/gps_location.txt,./unit2/GPS_data/gps_location_2510.txt,,36,27,['01-07-51-375'],0,20,G2 G6 G12 G17 G19 G24 R12 R13 R22 R23 R24 E13 E15 E21 E27 E30 B11 B12 B24 B25,3D,Yes,1.5,0.8
2267,./unit1/camera_data/image_BS1_11533_01_07_51.jpg,./unit1/mmWave_data/mmWave_power_2511.txt,./unit1/GPS_data/gps_location.txt,./unit2/GPS_data/gps_location_2511.txt,,36,27,['01-07-51-500'],0,16,G2 G6 G12 G17 G19 G24 R12 R13 R22 R23 R24 E13 E15 E21 E27 E30,3D,Yes,1.7,0.8
2268,./unit1/camera_data/image_BS1_11534_01_07_51.jpg,./unit1/mmWave_data/mmWave_power_2512.txt,./unit1/GPS_data/gps_location.txt,./unit2/GPS_data/gps_location_2512.txt,,38,27,['01-07-51-625'],0,11,G2 G6 G12 G17 G19 G24 R12 R13 R22 R23 R24,3D,Yes,1.7,0.8
2269,./unit1/camera_data/image_BS1_11535_01_07_51.jpg,./unit1/mmWave_data/mmWave_power_2513.txt,./unit1/GPS_data/gps_location.txt,./unit2/GPS_data/gps_location_2513.txt,,38,27,['01-07-51-750'],0,11,G2 G6 G12 G17 G19 G24 R12 R13 R22 R23 R24,3D,Yes,1.5,0.8
2270,./unit1/camera_data/image_BS1_11536_01_07_51.jpg,./unit1/mmWave_data/mmWave_power_2514.txt,./unit1/GPS_data/gps_location.txt,./unit2/GPS_data/gps_location_2514.txt,,39,27,['01-07-51-875'],0,16,G2 G6 G12 G17 G19 G24 R12 R13 R22 R23 R24 E13 E15 E21 E27 E30,3D,Yes,1.7,0.8
2271,./unit1/camera_data/image_BS1_11537_01_07_52.jpg,./unit1/mmWave_data/mmWave_power_2515.txt,./unit1/GPS_data/gps_location.txt,./unit2/GPS_data/gps_location_2515.txt,,41,27,['01-07-52-0'],0,20,G2 G6 G12 G17 G19 G24 R12 R13 R22 R23 R24 E13 E15 E21 E27 E30 B11 B12 B24 B25,3D,Yes,1.7,0.8
2272,./unit1/camera_data/image_BS1_11538_01_07_52.jpg,./unit1/mmWave_data/mmWave_power_2516.txt,./unit1/GPS_data/gps_location.txt,./unit2/GPS_data/gps_location_2516.txt,,42,27,['01-07-52-142'],0,16,G2 G6 G12 G17 G19 G24 R12 R13 R22 R23 R24 E13 E15 E21 E27 E30,3D,Yes,1.7,0.8
2273,./unit1/camera_data/image_BS1_11539_01_07_52.jpg,./unit1/mmWave_data/mmWave_power_2517.txt,./unit1/GPS_data/gps_location.txt,./unit2/GPS_data/gps_location_2517.txt,,43,27,['01-07-52-284'],0,16,G2 G6 G12 G17 G19 G24 R12 R13 R22 R23 R24 E13 E15 E21 E27 E30,3D,Yes,1.7,0.8
2274,./unit1/camera_data/image_BS1_11540_01_07_52.jpg,./unit1/mmWave_data/mmWave_power_2518.txt,./unit1/GPS_data/gps_location.txt,./unit2/GPS_data/gps_location_2518.txt,,44,27,['01-07-52-426'],0,16,G2 G6 G12 G17 G19 G24 R12 R13 R22 R23 R24 E13 E15 E21 E27 E30,3D,Yes,1.7,0.8
2275,./unit1/camera_data/image_BS1_11541_01_07_52.jpg,./unit1/mmWave_data/mmWave_power_2519.txt,./unit1/GPS_data/gps_location.txt,./unit2/GPS_data/gps_location_2519.txt,,46,27,['01-07-52-568'],0,11,G2 G6 G12 G17 G19 G24 R12 R13 R22 R23 R24,3D,Yes,1.5,0.8
2276,./unit1/camera_data/image_BS1_11542_01_07_52.jpg,./unit1/mmWave_data/mmWave_power_2520.txt,./unit1/GPS_data/gps_location.txt,./unit2/GPS_data/gps_location_2520.txt,,48,27,['01-07-52-710'],0,11,G2 G6 G12 G17 G19 G24 R12 R13 R22 R23 R24,3D,Yes,1.7,0.8
2277,./unit1/camera_data/image_BS1_11543_01_07_52.jpg,./unit1/mmWave_data/mmWave_power_2521.txt,./unit1/GPS_data/gps_location.txt,./unit2/GPS_data/gps_location_2521.txt,,51,27,['01-07-52-852'],0,16,G2 G6 G12 G17 G19 G24 R12 R13 R22 R23 R24 E13 E15 E21 E27 E30,3D,Yes,1.5,0.8
2278,./unit1/camera_data/image_BS1_11544_01_07_53.jpg,./unit1/mmWave_data/mmWave_power_2522.txt,./unit1/GPS_data/gps_location.txt,./unit2/GPS_data/gps_location_2522.txt,,51,27,['01-07-53-0'],0,16,G2 G6 G12 G17 G19 G24 R12 R13 R22 R23 R24 E13 E15 E21 E27 E30,3D,Yes,1.4,0.7
2279,./unit1/camera_data/image_BS1_11545_01_07_53.jpg,./unit1/mmWave_data/mmWave_power_2523.txt,./unit1/GPS_data/gps_location.txt,./unit2/GPS_data/gps_location_2523.txt,,51,27,['01-07-53-125'],0,16,G2 G6 G12 G17 G19 G24 R12 R13 R22 R23 R24 E13 E15 E21 E27 E30,3D,Yes,1.4,0.7
2280,./unit1/camera_data/image_BS1_11546_01_07_53.jpg,./unit1/mmWave_data/mmWave_power_2524.txt,./unit1/GPS_data/gps_location.txt,./unit2/GPS_data/gps_location_2524.txt,,54,27,['01-07-53-250'],0,16,G2 G6 G12 G17 G19 G24 R12 R13 R22 R23 R24 E13 E15 E21 E27 E30,3D,Yes,1.4,0.7
2281,./unit1/camera_data/image_BS1_11547_01_07_53.jpg,./unit1/mmWave_data/mmWave_power_2525.txt,./unit1/GPS_data/gps_location.txt,./unit2/GPS_data/gps_location_2525.txt,,54,27,['01-07-53-375'],0,16,G2 G6 G12 G17 G19 G24 R12 R13 R22 R23 R24 E13 E15 E21 E27 E30,3D,Yes,1.4,0.7
2282,./unit1/camera_data/image_BS1_11548_01_07_53.jpg,./unit1/mmWave_data/mmWave_power_2526.txt,./unit1/GPS_data/gps_location.txt,./unit2/GPS_data/gps_location_2526.txt,,56,27,['01-07-53-500'],0,16,G2 G6 G12 G17 G19 G24 R12 R13 R22 R23 R24 E13 E15 E21 E27 E30,3D,Yes,1.4,0.7
2283,./unit1/camera_data/image_BS1_11549_01_07_53.jpg,./unit1/mmWave_data/mmWave_power_2527.txt,./unit1/GPS_data/gps_location.txt,./unit2/GPS_data/gps_location_2527.txt,,57,27,['01-07-53-625'],0,16,G2 G6 G12 G17 G19 G24 R12 R13 R22 R23 R24 E13 E15 E21 E27 E30,3D,Yes,1.4,0.7
2284,./unit1/camera_data/image_BS1_11550_01_07_53.jpg,./unit1/mmWave_data/mmWave_power_2528.txt,./unit1/GPS_data/gps_location.txt,./unit2/GPS_data/gps_location_2528.txt,,58,27,['01-07-53-750'],0,11,G2 G6 G12 G17 G19 G24 R12 R13 R22 R23 R24,3D,Yes,1.4,0.7
2285,./unit1/camera_data/image_BS1_11551_01_07_53.jpg,./unit1/mmWave_data/mmWave_power_2529.txt,./unit1/GPS_data/gps_location.txt,./unit2/GPS_data/gps_location_2529.txt,,59,27,['01-07-53-875'],0,20,G2 G6 G12 G17 G19 G24 R12 R13 R22 R23 R24 E13 E15 E21 E27 E30 B11 B12 B24 B25,3D,Yes,1.4,0.7
2286,./unit1/camera_data/image_BS1_11552_01_07_54.jpg,./unit1/mmWave_data/mmWave_power_2530.txt,./unit1/GPS_data/gps_location.txt,./unit2/GPS_data/gps_location_2530.txt,,59,27,['01-07-54-0'],0,16,G2 G6 G12 G17 G19 G24 R12 R13 R22 R23 R24 E13 E15 E21 E27 E30,3D,Yes,1.4,0.8
2287,./unit1/camera_data/image_BS1_11553_01_07_54.jpg,./unit1/mmWave_data/mmWave_power_2531.txt,./unit1/GPS_data/gps_location.txt,./unit2/GPS_data/gps_location_2531.txt,,60,27,['01-07-54-333'],0,16,G2 G6 G12 G17 G19 G24 R12 R13 R22 R23 R24 E13 E15 E21 E27 E30,3D,Yes,1.4,0.8
2288,./unit1/camera_data/image_BS1_11554_01_07_54.jpg,./unit1/mmWave_data/mmWave_power_2532.txt,./unit1/GPS_data/gps_location.txt,./unit2/GPS_data/gps_location_2532.txt,,62,27,['01-07-54-666'],0,16,G2 G6 G12 G17 G19 G24 R12 R13 R22 R23 R24 E13 E15 E21 E27 E30,3D,Yes,1.4,0.7
2289,./unit1/camera_data/image_BS1_11807_01_08_32.jpg,./unit1/mmWave_data/mmWave_power_2533.txt,./unit1/GPS_data/gps_location.txt,./unit2/GPS_data/gps_location_2533.txt,,59,28,['01-08-32-0'],1,16,G2 G6 G12 G17 G19 G24 R12 R13 R22 R23 R24 E13 E15 E21 E27 E30,3D,Yes,1.4,0.8
2290,./unit1/camera_data/image_BS1_11808_01_08_32.jpg,./unit1/mmWave_data/mmWave_power_2534.txt,./unit1/GPS_data/gps_location.txt,./unit2/GPS_data/gps_location_2534.txt,,59,28,['01-08-32-250'],1,16,G2 G6 G12 G17 G19 G24 R12 R13 R22 R23 R24 E13 E15 E21 E27 E30,3D,Yes,1.4,0.8
2291,./unit1/camera_data/image_BS1_11809_01_08_32.jpg,./unit1/mmWave_data/mmWave_power_2535.txt,./unit1/GPS_data/gps_location.txt,./unit2/GPS_data/gps_location_2535.txt,,58,28,['01-08-32-500'],1,20,G2 G6 G12 G17 G19 G24 R12 R13 R22 R23 R24 E13 E15 E21 E27 E30 B11 B12 B24 B25,3D,Yes,1.4,0.8
2292,./unit1/camera_data/image_BS1_11810_01_08_32.jpg,./unit1/mmWave_data/mmWave_power_2536.txt,./unit1/GPS_data/gps_location.txt,./unit2/GPS_data/gps_location_2536.txt,,58,28,['01-08-32-750'],1,11,G2 G6 G12 G17 G19 G24 R12 R13 R22 R23 R24,3D,Yes,1.4,0.8
2293,./unit1/camera_data/image_BS1_11811_01_08_33.jpg,./unit1/mmWave_data/mmWave_power_2537.txt,./unit1/GPS_data/gps_location.txt,./unit2/GPS_data/gps_location_2537.txt,,58,28,['01-08-33-0'],1,11,G2 G6 G12 G17 G19 G24 R12 R13 R22 R23 R24,3D,Yes,1.4,0.8
2294,./unit1/camera_data/image_BS1_11812_01_08_33.jpg,./unit1/mmWave_data/mmWave_power_2538.txt,./unit1/GPS_data/gps_location.txt,./unit2/GPS_data/gps_location_2538.txt,,56,28,['01-08-33-125'],1,16,G2 G6 G12 G17 G19 G24 R12 R13 R22 R23 R24 E13 E15 E21 E27 E30,3D,Yes,1.4,0.7
2295,./unit1/camera_data/image_BS1_11813_01_08_33.jpg,./unit1/mmWave_data/mmWave_power_2539.txt,./unit1/GPS_data/gps_location.txt,./unit2/GPS_data/gps_location_2539.txt,,55,28,['01-08-33-250'],1,20,G2 G6 G12 G17 G19 G24 R12 R13 R22 R23 R24 E13 E15 E21 E27 E30 B11 B12 B24 B25,3D,Yes,1.4,0.7
2296,./unit1/camera_data/image_BS1_11814_01_08_33.jpg,./unit1/mmWave_data/mmWave_power_2540.txt,./unit1/GPS_data/gps_location.txt,./unit2/GPS_data/gps_location_2540.txt,,54,28,['01-08-33-375'],1,20,G2 G6 G12 G17 G19 G24 R12 R13 R22 R23 R24 E13 E15 E21 E27 E30 B11 B12 B24 B25,3D,Yes,1.4,0.7
2297,./unit1/camera_data/image_BS1_11815_01_08_33.jpg,./unit1/mmWave_data/mmWave_power_2541.txt,./unit1/GPS_data/gps_location.txt,./unit2/GPS_data/gps_location_2541.txt,,54,28,['01-08-33-500'],1,16,G2 G6 G12 G17 G19 G24 R12 R13 R22 R23 R24 E13 E15 E21 E27 E30,3D,Yes,1.4,0.7
2298,./unit1/camera_data/image_BS1_11816_01_08_33.jpg,./unit1/mmWave_data/mmWave_power_2542.txt,./unit1/GPS_data/gps_location.txt,./unit2/GPS_data/gps_location_2542.txt,,54,28,['01-08-33-625'],1,16,G2 G6 G12 G17 G19 G24 R12 R13 R22 R23 R24 E13 E15 E21 E27 E30,3D,Yes,1.4,0.7
2299,./unit1/camera_data/image_BS1_11817_01_08_33.jpg,./unit1/mmWave_data/mmWave_power_2543.txt,./unit1/GPS_data/gps_location.txt,./unit2/GPS_data/gps_location_2543.txt,,54,28,['01-08-33-750'],1,11,G2 G6 G12 G17 G19 G24 R12 R13 R22 R23 R24,3D,Yes,1.4,0.7
2300,./unit1/camera_data/image_BS1_11818_01_08_33.jpg,./unit1/mmWave_data/mmWave_power_2544.txt,./unit1/GPS_data/gps_location.txt,./unit2/GPS_data/gps_location_2544.txt,,51,28,['01-08-33-875'],1,11,G2 G6 G12 G17 G19 G24 R12 R13 R22 R23 R24,3D,Yes,1.4,0.7
2301,./unit1/camera_data/image_BS1_11819_01_08_34.jpg,./unit1/mmWave_data/mmWave_power_2545.txt,./unit1/GPS_data/gps_location.txt,./unit2/GPS_data/gps_location_2545.txt,,51,28,['01-08-34-0'],1,16,G2 G6 G12 G17 G19 G24 R12 R13 R22 R23 R24 E13 E15 E21 E27 E30,3D,Yes,1.4,0.7
2302,./unit1/camera_data/image_BS1_11820_01_08_34.jpg,./unit1/mmWave_data/mmWave_power_2546.txt,./unit1/GPS_data/gps_location.txt,./unit2/GPS_data/gps_location_2546.txt,,51,28,['01-08-34-111'],1,11,G2 G6 G12 G17 G19 G24 R12 R13 R22 R23 R24,3D,Yes,1.4,0.7
2303,./unit1/camera_data/image_BS1_11821_01_08_34.jpg,./unit1/mmWave_data/mmWave_power_2547.txt,./unit1/GPS_data/gps_location.txt,./unit2/GPS_data/gps_location_2547.txt,,48,28,['01-08-34-222'],1,16,G2 G6 G12 G17 G19 G24 R12 R13 R22 R23 R24 E13 E15 E21 E27 E30,3D,Yes,1.4,0.7
2304,./unit1/camera_data/image_BS1_11822_01_08_34.jpg,./unit1/mmWave_data/mmWave_power_2548.txt,./unit1/GPS_data/gps_location.txt,./unit2/GPS_data/gps_location_2548.txt,,48,28,['01-08-34-333'],1,16,G2 G6 G12 G17 G19 G24 R12 R13 R22 R23 R24 E13 E15 E21 E27 E30,3D,Yes,1.4,0.7
2305,./unit1/camera_data/image_BS1_11823_01_08_34.jpg,./unit1/mmWave_data/mmWave_power_2549.txt,./unit1/GPS_data/gps_location.txt,./unit2/GPS_data/gps_location_2549.txt,,48,28,['01-08-34-444'],1,11,G2 G6 G12 G17 G19 G24 R12 R13 R22 R23 R24,3D,Yes,1.4,0.7
2306,./unit1/camera_data/image_BS1_11824_01_08_34.jpg,./unit1/mmWave_data/mmWave_power_2550.txt,./unit1/GPS_data/gps_location.txt,./unit2/GPS_data/gps_location_2550.txt,,46,28,['01-08-34-555'],1,16,G2 G6 G12 G17 G19 G24 R12 R13 R22 R23 R24 E13 E15 E21 E27 E30,3D,Yes,1.5,0.8
2307,./unit1/camera_data/image_BS1_11825_01_08_34.jpg,./unit1/mmWave_data/mmWave_power_2551.txt,./unit1/GPS_data/gps_location.txt,./unit2/GPS_data/gps_location_2551.txt,,45,28,['01-08-34-666'],1,16,G2 G6 G12 G17 G19 G24 R12 R13 R22 R23 R24 E13 E15 E21 E27 E30,3D,Yes,1.6,0.8
2308,./unit1/camera_data/image_BS1_11826_01_08_34.jpg,./unit1/mmWave_data/mmWave_power_2552.txt,./unit1/GPS_data/gps_location.txt,./unit2/GPS_data/gps_location_2552.txt,,45,28,['01-08-34-777'],1,11,G2 G6 G12 G17 G19 G24 R12 R13 R22 R23 R24,3D,Yes,1.6,0.8
2309,./unit1/camera_data/image_BS1_11827_01_08_34.jpg,./unit1/mmWave_data/mmWave_power_2553.txt,./unit1/GPS_data/gps_location.txt,./unit2/GPS_data/gps_location_2553.txt,,43,28,['01-08-34-888'],1,16,G2 G6 G12 G17 G19 G24 R12 R13 R22 R23 R24 E13 E15 E21 E27 E30,3D,Yes,1.6,0.8
2310,./unit1/camera_data/image_BS1_11828_01_08_35.jpg,./unit1/mmWave_data/mmWave_power_2554.txt,./unit1/GPS_data/gps_location.txt,./unit2/GPS_data/gps_location_2554.txt,,43,28,['01-08-35-0'],1,16,G2 G6 G12 G17 G19 G24 R12 R13 R22 R23 R24 E13 E15 E21 E27 E30,3D,Yes,1.5,0.8
2311,./unit1/camera_data/image_BS1_11829_01_08_35.jpg,./unit1/mmWave_data/mmWave_power_2555.txt,./unit1/GPS_data/gps_location.txt,./unit2/GPS_data/gps_location_2555.txt,,41,28,['01-08-35-142'],1,16,G2 G6 G12 G17 G19 G24 R12 R13 R22 R23 R24 E13 E15 E21 E27 E30,3D,Yes,1.5,0.8
2312,./unit1/camera_data/image_BS1_11830_01_08_35.jpg,./unit1/mmWave_data/mmWave_power_2556.txt,./unit1/GPS_data/gps_location.txt,./unit2/GPS_data/gps_location_2556.txt,,39,28,['01-08-35-284'],1,16,G2 G6 G12 G17 G19 G24 R12 R13 R22 R23 R24 E13 E15 E21 E27 E30,3D,Yes,1.5,0.8
2313,./unit1/camera_data/image_BS1_11831_01_08_35.jpg,./unit1/mmWave_data/mmWave_power_2557.txt,./unit1/GPS_data/gps_location.txt,./unit2/GPS_data/gps_location_2557.txt,,39,28,['01-08-35-426'],1,11,G2 G6 G12 G17 G19 G24 R12 R13 R22 R23 R24,3D,Yes,1.5,0.8
2314,./unit1/camera_data/image_BS1_11832_01_08_35.jpg,./unit1/mmWave_data/mmWave_power_2558.txt,./unit1/GPS_data/gps_location.txt,./unit2/GPS_data/gps_location_2558.txt,,38,28,['01-08-35-568'],1,16,G2 G6 G12 G17 G19 G24 R12 R13 R22 R23 R24 E13 E15 E21 E27 E30,3D,Yes,1.5,0.8
2315,./unit1/camera_data/image_BS1_11833_01_08_35.jpg,./unit1/mmWave_data/mmWave_power_2559.txt,./unit1/GPS_data/gps_location.txt,./unit2/GPS_data/gps_location_2559.txt,,36,28,['01-08-35-710'],1,11,G2 G6 G12 G17 G19 G24 R12 R13 R22 R23 R24,3D,Yes,1.5,0.8
2316,./unit1/camera_data/image_BS1_11834_01_08_35.jpg,./unit1/mmWave_data/mmWave_power_2560.txt,./unit1/GPS_data/gps_location.txt,./unit2/GPS_data/gps_location_2560.txt,,33,28,['01-08-35-852'],1,11,G2 G6 G12 G17 G19 G24 R12 R13 R22 R23 R24,3D,Yes,1.5,0.8
2317,./unit1/camera_data/image_BS1_11835_01_08_36.jpg,./unit1/mmWave_data/mmWave_power_2561.txt,./unit1/GPS_data/gps_location.txt,./unit2/GPS_data/gps_location_2561.txt,,32,28,['01-08-36-0'],1,11,G2 G6 G12 G17 G19 G24 R12 R13 R22 R23 R24,3D,Yes,1.5,0.8
2318,./unit1/camera_data/image_BS1_11836_01_08_36.jpg,./unit1/mmWave_data/mmWave_power_2562.txt,./unit1/GPS_data/gps_location.txt,./unit2/GPS_data/gps_location_2562.txt,,28,28,['01-08-36-125'],1,6,G2 G6 G12 G17 G19 G24,3D,Yes,1.6,0.8
2319,./unit1/camera_data/image_BS1_11837_01_08_36.jpg,./unit1/mmWave_data/mmWave_power_2563.txt,./unit1/GPS_data/gps_location.txt,./unit2/GPS_data/gps_location_2563.txt,,27,28,['01-08-36-250'],1,16,G2 G6 G12 G17 G19 G24 R12 R13 R22 R23 R24 E13 E15 E21 E27 E30,3D,Yes,1.5,0.8
2320,./unit1/camera_data/image_BS1_11838_01_08_36.jpg,./unit1/mmWave_data/mmWave_power_2564.txt,./unit1/GPS_data/gps_location.txt,./unit2/GPS_data/gps_location_2564.txt,,26,28,['01-08-36-375'],1,16,G2 G6 G12 G17 G19 G24 R12 R13 R22 R23 R24 E13 E15 E21 E27 E30,3D,Yes,1.5,0.8
2321,./unit1/camera_data/image_BS1_11839_01_08_36.jpg,./unit1/mmWave_data/mmWave_power_2565.txt,./unit1/GPS_data/gps_location.txt,./unit2/GPS_data/gps_location_2565.txt,,26,28,['01-08-36-500'],1,11,G2 G6 G12 G17 G19 G24 R12 R13 R22 R23 R24,3D,Yes,1.5,0.8
2322,./unit1/camera_data/image_BS1_11840_01_08_36.jpg,./unit1/mmWave_data/mmWave_power_2566.txt,./unit1/GPS_data/gps_location.txt,./unit2/GPS_data/gps_location_2566.txt,,22,28,['01-08-36-625'],1,16,G2 G6 G12 G17 G19 G24 R12 R13 R22 R23 R24 E13 E15 E21 E27 E30,3D,Yes,1.5,0.8
2323,./unit1/camera_data/image_BS1_11841_01_08_36.jpg,./unit1/mmWave_data/mmWave_power_2567.txt,./unit1/GPS_data/gps_location.txt,./unit2/GPS_data/gps_location_2567.txt,,22,28,['01-08-36-750'],1,20,G2 G6 G12 G17 G19 G24 R12 R13 R22 R23 R24 E13 E15 E21 E27 E30 B11 B12 B24 B25,3D,Yes,1.5,0.8
2324,./unit1/camera_data/image_BS1_11842_01_08_36.jpg,./unit1/mmWave_data/mmWave_power_2568.txt,./unit1/GPS_data/gps_location.txt,./unit2/GPS_data/gps_location_2568.txt,,21,28,['01-08-36-875'],1,11,G2 G6 G12 G17 G19 G24 R12 R13 R22 R23 R24,3D,Yes,1.5,0.8
2325,./unit1/camera_data/image_BS1_11843_01_08_37.jpg,./unit1/mmWave_data/mmWave_power_2569.txt,./unit1/GPS_data/gps_location.txt,./unit2/GPS_data/gps_location_2569.txt,,21,28,['01-08-37-0'],1,16,G2 G6 G12 G17 G19 G24 R12 R13 R22 R23 R24 E13 E15 E21 E27 E30,3D,Yes,1.5,0.8
2326,./unit1/camera_data/image_BS1_11844_01_08_37.jpg,./unit1/mmWave_data/mmWave_power_2570.txt,./unit1/GPS_data/gps_location.txt,./unit2/GPS_data/gps_location_2570.txt,,20,28,['01-08-37-125'],1,11,G2 G6 G12 G17 G19 G24 R12 R13 R22 R23 R24,3D,Yes,1.5,0.8
2327,./unit1/camera_data/image_BS1_11845_01_08_37.jpg,./unit1/mmWave_data/mmWave_power_2571.txt,./unit1/GPS_data/gps_location.txt,./unit2/GPS_data/gps_location_2571.txt,,16,28,['01-08-37-250'],1,16,G2 G6 G12 G17 G19 G24 R12 R13 R22 R23 R24 E13 E15 E21 E27 E30,3D,Yes,1.5,0.8
2328,./unit1/camera_data/image_BS1_11846_01_08_37.jpg,./unit1/mmWave_data/mmWave_power_2572.txt,./unit1/GPS_data/gps_location.txt,./unit2/GPS_data/gps_location_2572.txt,,15,28,['01-08-37-375'],1,16,G2 G6 G12 G17 G19 G24 R12 R13 R22 R23 R24 E13 E15 E21 E27 E30,3D,Yes,1.5,0.8
2329,./unit1/camera_data/image_BS1_11847_01_08_37.jpg,./unit1/mmWave_data/mmWave_power_2573.txt,./unit1/GPS_data/gps_location.txt,./unit2/GPS_data/gps_location_2573.txt,,13,28,['01-08-37-500'],1,16,G2 G6 G12 G17 G19 G24 R12 R13 R22 R23 R24 E13 E15 E21 E27 E30,3D,Yes,1.6,0.8
2330,./unit1/camera_data/image_BS1_11848_01_08_37.jpg,./unit1/mmWave_data/mmWave_power_2574.txt,./unit1/GPS_data/gps_location.txt,./unit2/GPS_data/gps_location_2574.txt,,16,28,['01-08-37-625'],1,16,G2 G6 G12 G17 G19 G24 R12 R13 R22 R23 R24 E13 E15 E21 E27 E30,3D,Yes,1.6,0.8
2331,./unit1/camera_data/image_BS1_11849_01_08_37.jpg,./unit1/mmWave_data/mmWave_power_2575.txt,./unit1/GPS_data/gps_location.txt,./unit2/GPS_data/gps_location_2575.txt,,13,28,['01-08-37-750'],1,11,G2 G6 G12 G17 G19 G24 R12 R13 R22 R23 R24,3D,Yes,1.6,0.8
2332,./unit1/camera_data/image_BS1_11850_01_08_37.jpg,./unit1/mmWave_data/mmWave_power_2576.txt,./unit1/GPS_data/gps_location.txt,./unit2/GPS_data/gps_location_2576.txt,,13,28,['01-08-37-875'],1,16,G2 G6 G12 G17 G19 G24 R12 R13 R22 R23 R24 E13 E15 E21 E27 E30,3D,Yes,1.6,0.8
2333,./unit1/camera_data/image_BS1_11851_01_08_38.jpg,./unit1/mmWave_data/mmWave_power_2577.txt,./unit1/GPS_data/gps_location.txt,./unit2/GPS_data/gps_location_2577.txt,,11,28,['01-08-38-0'],1,20,G2 G6 G12 G17 G19 G24 R12 R13 R22 R23 R24 E13 E15 E21 E27 E30 B11 B12 B24 B25,3D,Yes,1.5,0.8
2334,./unit1/camera_data/image_BS1_11852_01_08_38.jpg,./unit1/mmWave_data/mmWave_power_2578.txt,./unit1/GPS_data/gps_location.txt,./unit2/GPS_data/gps_location_2578.txt,,10,28,['01-08-38-111'],1,11,G2 G6 G12 G17 G19 G24 R12 R13 R22 R23 R24,3D,Yes,1.6,0.8
2335,./unit1/camera_data/image_BS1_11853_01_08_38.jpg,./unit1/mmWave_data/mmWave_power_2579.txt,./unit1/GPS_data/gps_location.txt,./unit2/GPS_data/gps_location_2579.txt,,11,28,['01-08-38-222'],1,16,G2 G6 G12 G17 G19 G24 R12 R13 R22 R23 R24 E13 E15 E21 E27 E30,3D,Yes,1.5,0.8
2336,./unit1/camera_data/image_BS1_11854_01_08_38.jpg,./unit1/mmWave_data/mmWave_power_2580.txt,./unit1/GPS_data/gps_location.txt,./unit2/GPS_data/gps_location_2580.txt,,10,28,['01-08-38-333'],1,16,G2 G6 G12 G17 G19 G24 R12 R13 R22 R23 R24 E13 E15 E21 E27 E30,3D,Yes,1.5,0.8
2337,./unit1/camera_data/image_BS1_11855_01_08_38.jpg,./unit1/mmWave_data/mmWave_power_2581.txt,./unit1/GPS_data/gps_location.txt,./unit2/GPS_data/gps_location_2581.txt,,10,28,['01-08-38-444'],1,16,G2 G6 G12 G17 G19 G24 R12 R13 R22 R23 R24 E13 E15 E21 E27 E30,3D,Yes,1.5,0.8
2338,./unit1/camera_data/image_BS1_11856_01_08_38.jpg,./unit1/mmWave_data/mmWave_power_2582.txt,./unit1/GPS_data/gps_location.txt,./unit2/GPS_data/gps_location_2582.txt,,9,28,['01-08-38-555'],1,16,G2 G6 G12 G17 G19 G24 R12 R13 R22 R23 R24 E13 E15 E21 E27 E30,3D,Yes,1.5,0.8
2339,./unit1/camera_data/image_BS1_11857_01_08_38.jpg,./unit1/mmWave_data/mmWave_power_2583.txt,./unit1/GPS_data/gps_location.txt,./unit2/GPS_data/gps_location_2583.txt,,7,28,['01-08-38-666'],1,16,G2 G6 G12 G17 G19 G24 R12 R13 R22 R23 R24 E13 E15 E21 E27 E30,3D,Yes,1.5,0.8
2340,./unit1/camera_data/image_BS1_11858_01_08_38.jpg,./unit1/mmWave_data/mmWave_power_2584.txt,./unit1/GPS_data/gps_location.txt,./unit2/GPS_data/gps_location_2584.txt,,6,28,['01-08-38-777'],1,16,G2 G6 G12 G17 G19 G24 R12 R13 R22 R23 R24 E13 E15 E21 E27 E30,3D,Yes,1.5,0.8
2341,./unit1/camera_data/image_BS1_11859_01_08_38.jpg,./unit1/mmWave_data/mmWave_power_2585.txt,./unit1/GPS_data/gps_location.txt,./unit2/GPS_data/gps_location_2585.txt,,5,28,['01-08-38-888'],1,16,G2 G6 G12 G17 G19 G24 R12 R13 R22 R23 R24 E13 E15 E21 E27 E30,3D,Yes,1.5,0.8
2342,./unit1/camera_data/image_BS1_11860_01_08_39.jpg,./unit1/mmWave_data/mmWave_power_2586.txt,./unit1/GPS_data/gps_location.txt,./unit2/GPS_data/gps_location_2586.txt,,3,28,['01-08-39-0'],1,16,G2 G6 G12 G17 G19 G24 R12 R13 R22 R23 R24 E13 E15 E21 E27 E30,3D,Yes,1.5,0.8
2343,./unit1/camera_data/image_BS1_11861_01_08_39.jpg,./unit1/mmWave_data/mmWave_power_2587.txt,./unit1/GPS_data/gps_location.txt,./unit2/GPS_data/gps_location_2587.txt,,3,28,['01-08-39-166'],1,16,G2 G6 G12 G17 G19 G24 R12 R13 R22 R23 R24 E13 E15 E21 E27 E30,3D,Yes,1.5,0.8
2344,./unit1/camera_data/image_BS1_11862_01_08_39.jpg,./unit1/mmWave_data/mmWave_power_2588.txt,./unit1/GPS_data/gps_location.txt,./unit2/GPS_data/gps_location_2588.txt,,3,28,['01-08-39-332'],1,16,G2 G6 G12 G17 G19 G24 R12 R13 R22 R23 R24 E13 E15 E21 E27 E30,3D,Yes,1.5,0.8
2345,./unit1/camera_data/image_BS1_11863_01_08_39.jpg,./unit1/mmWave_data/mmWave_power_2589.txt,./unit1/GPS_data/gps_location.txt,./unit2/GPS_data/gps_location_2589.txt,,3,28,['01-08-39-498'],1,16,G2 G6 G12 G17 G19 G24 R12 R13 R22 R23 R24 E13 E15 E21 E27 E30,3D,Yes,1.5,0.8
2346,./unit1/camera_data/image_BS1_11864_01_08_39.jpg,./unit1/mmWave_data/mmWave_power_2590.txt,./unit1/GPS_data/gps_location.txt,./unit2/GPS_data/gps_location_2590.txt,,2,28,['01-08-39-664'],1,11,G2 G6 G12 G17 G19 G24 R12 R13 R22 R23 R24,3D,Yes,1.5,0.8
2347,./unit1/camera_data/image_BS1_11865_01_08_39.jpg,./unit1/mmWave_data/mmWave_power_2591.txt,./unit1/GPS_data/gps_location.txt,./unit2/GPS_data/gps_location_2591.txt,,2,28,['01-08-39-830'],1,16,G2 G6 G12 G17 G19 G24 R12 R13 R22 R23 R24 E13 E15 E21 E27 E30,3D,Yes,1.5,0.8
2348,./unit1/camera_data/image_BS1_12064_01_09_11.jpg,./unit1/mmWave_data/mmWave_power_2592.txt,./unit1/GPS_data/gps_location.txt,./unit2/GPS_data/gps_location_2592.txt,,3,29,['01-09-11-0'],0,12,G2 G5 G6 G12 G17 G19 G24 R12 R13 R22 R23 R24,3D,Yes,1.5,0.8
2349,./unit1/camera_data/image_BS1_12065_01_09_12.jpg,./unit1/mmWave_data/mmWave_power_2593.txt,./unit1/GPS_data/gps_location.txt,./unit2/GPS_data/gps_location_2593.txt,,2,29,['01-09-12-0'],0,17,G2 G5 G6 G12 G17 G19 G24 R12 R13 R22 R23 R24 E13 E15 E21 E27 E30,3D,Yes,1.5,0.8
2350,./unit1/camera_data/image_BS1_12066_01_09_12.jpg,./unit1/mmWave_data/mmWave_power_2594.txt,./unit1/GPS_data/gps_location.txt,./unit2/GPS_data/gps_location_2594.txt,,2,29,['01-09-12-111'],0,12,G2 G5 G6 G12 G17 G19 G24 R12 R13 R22 R23 R24,3D,Yes,1.8,0.9
2351,./unit1/camera_data/image_BS1_12067_01_09_12.jpg,./unit1/mmWave_data/mmWave_power_2595.txt,./unit1/GPS_data/gps_location.txt,./unit2/GPS_data/gps_location_2595.txt,,3,29,['01-09-12-222'],0,17,G2 G5 G6 G12 G17 G19 G24 R12 R13 R22 R23 R24 E13 E15 E21 E27 E30,3D,Yes,1.5,0.8
2352,./unit1/camera_data/image_BS1_12068_01_09_12.jpg,./unit1/mmWave_data/mmWave_power_2596.txt,./unit1/GPS_data/gps_location.txt,./unit2/GPS_data/gps_location_2596.txt,,4,29,['01-09-12-333'],0,17,G2 G5 G6 G12 G17 G19 G24 R12 R13 R22 R23 R24 E13 E15 E21 E27 E30,3D,Yes,1.5,0.8
2353,./unit1/camera_data/image_BS1_12069_01_09_12.jpg,./unit1/mmWave_data/mmWave_power_2597.txt,./unit1/GPS_data/gps_location.txt,./unit2/GPS_data/gps_location_2597.txt,,3,29,['01-09-12-444'],0,17,G2 G5 G6 G12 G17 G19 G24 R12 R13 R22 R23 R24 E13 E15 E21 E27 E30,3D,Yes,1.5,0.8
2354,./unit1/camera_data/image_BS1_12070_01_09_12.jpg,./unit1/mmWave_data/mmWave_power_2598.txt,./unit1/GPS_data/gps_location.txt,./unit2/GPS_data/gps_location_2598.txt,,5,29,['01-09-12-555'],0,17,G2 G5 G6 G12 G17 G19 G24 R12 R13 R22 R23 R24 E13 E15 E21 E27 E30,3D,Yes,1.5,0.8
2355,./unit1/camera_data/image_BS1_12071_01_09_12.jpg,./unit1/mmWave_data/mmWave_power_2599.txt,./unit1/GPS_data/gps_location.txt,./unit2/GPS_data/gps_location_2599.txt,,6,29,['01-09-12-666'],0,17,G2 G5 G6 G12 G17 G19 G24 R12 R13 R22 R23 R24 E13 E15 E21 E27 E30,3D,Yes,1.5,0.8
2356,./unit1/camera_data/image_BS1_12072_01_09_12.jpg,./unit1/mmWave_data/mmWave_power_2600.txt,./unit1/GPS_data/gps_location.txt,./unit2/GPS_data/gps_location_2600.txt,,6,29,['01-09-12-777'],0,17,G2 G5 G6 G12 G17 G19 G24 R12 R13 R22 R23 R24 E13 E15 E21 E27 E30,3D,Yes,1.4,0.8
2357,./unit1/camera_data/image_BS1_12073_01_09_12.jpg,./unit1/mmWave_data/mmWave_power_2601.txt,./unit1/GPS_data/gps_location.txt,./unit2/GPS_data/gps_location_2601.txt,,6,29,['01-09-12-888'],0,7,G2 G5 G6 G12 G17 G19 G24,3D,Yes,1.4,0.8
2358,./unit1/camera_data/image_BS1_12074_01_09_13.jpg,./unit1/mmWave_data/mmWave_power_2602.txt,./unit1/GPS_data/gps_location.txt,./unit2/GPS_data/gps_location_2602.txt,,5,29,['01-09-13-0'],0,17,G2 G5 G6 G12 G17 G19 G24 R12 R13 R22 R23 R24 E13 E15 E21 E27 E30,3D,Yes,1.4,0.8
2359,./unit1/camera_data/image_BS1_12075_01_09_13.jpg,./unit1/mmWave_data/mmWave_power_2603.txt,./unit1/GPS_data/gps_location.txt,./unit2/GPS_data/gps_location_2603.txt,,6,29,['01-09-13-125'],0,12,G2 G5 G6 G12 G17 G19 G24 R12 R13 R22 R23 R24,3D,Yes,1.4,0.8
2360,./unit1/camera_data/image_BS1_12076_01_09_13.jpg,./unit1/mmWave_data/mmWave_power_2604.txt,./unit1/GPS_data/gps_location.txt,./unit2/GPS_data/gps_location_2604.txt,,7,29,['01-09-13-250'],0,12,G2 G5 G6 G12 G17 G19 G24 R12 R13 R22 R23 R24,3D,Yes,1.5,0.8
2361,./unit1/camera_data/image_BS1_12077_01_09_13.jpg,./unit1/mmWave_data/mmWave_power_2605.txt,./unit1/GPS_data/gps_location.txt,./unit2/GPS_data/gps_location_2605.txt,,8,29,['01-09-13-375'],0,17,G2 G5 G6 G12 G17 G19 G24 R12 R13 R22 R23 R24 E13 E15 E21 E27 E30,3D,Yes,1.5,0.8
2362,./unit1/camera_data/image_BS1_12078_01_09_13.jpg,./unit1/mmWave_data/mmWave_power_2606.txt,./unit1/GPS_data/gps_location.txt,./unit2/GPS_data/gps_location_2606.txt,,10,29,['01-09-13-500'],0,17,G2 G5 G6 G12 G17 G19 G24 R12 R13 R22 R23 R24 E13 E15 E21 E27 E30,3D,Yes,1.4,0.8
2363,./unit1/camera_data/image_BS1_12079_01_09_13.jpg,./unit1/mmWave_data/mmWave_power_2607.txt,./unit1/GPS_data/gps_location.txt,./unit2/GPS_data/gps_location_2607.txt,,8,29,['01-09-13-625'],0,21,G2 G5 G6 G12 G17 G19 G24 R12 R13 R22 R23 R24 E13 E15 E21 E27 E30 B11 B12 B24 B25,3D,Yes,1.4,0.8
2364,./unit1/camera_data/image_BS1_12080_01_09_13.jpg,./unit1/mmWave_data/mmWave_power_2608.txt,./unit1/GPS_data/gps_location.txt,./unit2/GPS_data/gps_location_2608.txt,,10,29,['01-09-13-750'],0,7,G2 G5 G6 G12 G17 G19 G24,3D,Yes,1.4,0.8
2365,./unit1/camera_data/image_BS1_12081_01_09_13.jpg,./unit1/mmWave_data/mmWave_power_2609.txt,./unit1/GPS_data/gps_location.txt,./unit2/GPS_data/gps_location_2609.txt,,11,29,['01-09-13-875'],0,21,G2 G5 G6 G12 G17 G19 G24 R12 R13 R22 R23 R24 E13 E15 E21 E27 E30 B11 B12 B24 B25,3D,Yes,1.5,0.8
2366,./unit1/camera_data/image_BS1_12082_01_09_14.jpg,./unit1/mmWave_data/mmWave_power_2610.txt,./unit1/GPS_data/gps_location.txt,./unit2/GPS_data/gps_location_2610.txt,,11,29,['01-09-14-0'],0,21,G2 G5 G6 G12 G17 G19 G24 R12 R13 R22 R23 R24 E13 E15 E21 E27 E30 B11 B12 B24 B25,3D,Yes,1.4,0.8
2367,./unit1/camera_data/image_BS1_12083_01_09_14.jpg,./unit1/mmWave_data/mmWave_power_2611.txt,./unit1/GPS_data/gps_location.txt,./unit2/GPS_data/gps_location_2611.txt,,10,29,['01-09-14-142'],0,7,G2 G5 G6 G12 G17 G19 G24,3D,Yes,1.4,0.8
2368,./unit1/camera_data/image_BS1_12084_01_09_14.jpg,./unit1/mmWave_data/mmWave_power_2612.txt,./unit1/GPS_data/gps_location.txt,./unit2/GPS_data/gps_location_2612.txt,,10,29,['01-09-14-284'],0,17,G2 G5 G6 G12 G17 G19 G24 R12 R13 R22 R23 R24 E13 E15 E21 E27 E30,3D,Yes,1.5,0.8
2369,./unit1/camera_data/image_BS1_12085_01_09_14.jpg,./unit1/mmWave_data/mmWave_power_2613.txt,./unit1/GPS_data/gps_location.txt,./unit2/GPS_data/gps_location_2613.txt,,26,29,['01-09-14-426'],0,12,G2 G5 G6 G12 G17 G19 G24 R12 R13 R22 R23 R24,3D,Yes,1.5,0.8
2370,./unit1/camera_data/image_BS1_12086_01_09_14.jpg,./unit1/mmWave_data/mmWave_power_2614.txt,./unit1/GPS_data/gps_location.txt,./unit2/GPS_data/gps_location_2614.txt,,11,29,['01-09-14-568'],0,12,G2 G5 G6 G12 G17 G19 G24 R12 R13 R22 R23 R24,3D,Yes,1.5,0.8
2371,./unit1/camera_data/image_BS1_12087_01_09_14.jpg,./unit1/mmWave_data/mmWave_power_2615.txt,./unit1/GPS_data/gps_location.txt,./unit2/GPS_data/gps_location_2615.txt,,14,29,['01-09-14-710'],0,12,G2 G5 G6 G12 G17 G19 G24 R12 R13 R22 R23 R24,3D,Yes,1.5,0.8
2372,./unit1/camera_data/image_BS1_12088_01_09_14.jpg,./unit1/mmWave_data/mmWave_power_2616.txt,./unit1/GPS_data/gps_location.txt,./unit2/GPS_data/gps_location_2616.txt,,16,29,['01-09-14-852'],0,21,G2 G5 G6 G12 G17 G19 G24 R12 R13 R22 R23 R24 E13 E15 E21 E27 E30 B11 B12 B24 B25,3D,Yes,1.4,0.8
2373,./unit1/camera_data/image_BS1_12089_01_09_15.jpg,./unit1/mmWave_data/mmWave_power_2617.txt,./unit1/GPS_data/gps_location.txt,./unit2/GPS_data/gps_location_2617.txt,,16,29,['01-09-15-0'],0,12,G2 G5 G6 G12 G17 G19 G24 R12 R13 R22 R23 R24,3D,Yes,1.4,0.8
2374,./unit1/camera_data/image_BS1_12090_01_09_15.jpg,./unit1/mmWave_data/mmWave_power_2618.txt,./unit1/GPS_data/gps_location.txt,./unit2/GPS_data/gps_location_2618.txt,,16,29,['01-09-15-142'],0,17,G2 G5 G6 G12 G17 G19 G24 R12 R13 R22 R23 R24 E13 E15 E21 E27 E30,3D,Yes,1.4,0.8
2375,./unit1/camera_data/image_BS1_12091_01_09_15.jpg,./unit1/mmWave_data/mmWave_power_2619.txt,./unit1/GPS_data/gps_location.txt,./unit2/GPS_data/gps_location_2619.txt,,15,29,['01-09-15-284'],0,12,G2 G5 G6 G12 G17 G19 G24 R12 R13 R22 R23 R24,3D,Yes,1.5,0.8
2376,./unit1/camera_data/image_BS1_12092_01_09_15.jpg,./unit1/mmWave_data/mmWave_power_2620.txt,./unit1/GPS_data/gps_location.txt,./unit2/GPS_data/gps_location_2620.txt,,17,29,['01-09-15-426'],0,21,G2 G5 G6 G12 G17 G19 G24 R12 R13 R22 R23 R24 E13 E15 E21 E27 E30 B11 B12 B24 B25,3D,Yes,1.5,0.8
2377,./unit1/camera_data/image_BS1_12093_01_09_15.jpg,./unit1/mmWave_data/mmWave_power_2621.txt,./unit1/GPS_data/gps_location.txt,./unit2/GPS_data/gps_location_2621.txt,,16,29,['01-09-15-568'],0,7,G2 G5 G6 G12 G17 G19 G24,3D,Yes,1.4,0.8
2378,./unit1/camera_data/image_BS1_12094_01_09_15.jpg,./unit1/mmWave_data/mmWave_power_2622.txt,./unit1/GPS_data/gps_location.txt,./unit2/GPS_data/gps_location_2622.txt,,17,29,['01-09-15-710'],0,17,G2 G5 G6 G12 G17 G19 G24 R12 R13 R22 R23 R24 E13 E15 E21 E27 E30,3D,Yes,1.5,0.8
2379,./unit1/camera_data/image_BS1_12095_01_09_15.jpg,./unit1/mmWave_data/mmWave_power_2623.txt,./unit1/GPS_data/gps_location.txt,./unit2/GPS_data/gps_location_2623.txt,,17,29,['01-09-15-852'],0,17,G2 G5 G6 G12 G17 G19 G24 R12 R13 R22 R23 R24 E13 E15 E21 E27 E30,3D,Yes,1.4,0.8
2380,./unit1/camera_data/image_BS1_12096_01_09_16.jpg,./unit1/mmWave_data/mmWave_power_2624.txt,./unit1/GPS_data/gps_location.txt,./unit2/GPS_data/gps_location_2624.txt,,19,29,['01-09-16-0'],0,17,G2 G5 G6 G12 G17 G19 G24 R12 R13 R22 R23 R24 E13 E15 E21 E27 E30,3D,Yes,1.4,0.8
2381,./unit1/camera_data/image_BS1_12097_01_09_16.jpg,./unit1/mmWave_data/mmWave_power_2625.txt,./unit1/GPS_data/gps_location.txt,./unit2/GPS_data/gps_location_2625.txt,,19,29,['01-09-16-125'],0,17,G2 G5 G6 G12 G17 G19 G24 R12 R13 R22 R23 R24 E13 E15 E21 E27 E30,3D,Yes,1.5,0.8
2382,./unit1/camera_data/image_BS1_12098_01_09_16.jpg,./unit1/mmWave_data/mmWave_power_2626.txt,./unit1/GPS_data/gps_location.txt,./unit2/GPS_data/gps_location_2626.txt,,18,29,['01-09-16-250'],0,17,G2 G5 G6 G12 G17 G19 G24 R12 R13 R22 R23 R24 E13 E15 E21 E27 E30,3D,Yes,1.4,0.8
2383,./unit1/camera_data/image_BS1_12099_01_09_16.jpg,./unit1/mmWave_data/mmWave_power_2627.txt,./unit1/GPS_data/gps_location.txt,./unit2/GPS_data/gps_location_2627.txt,,19,29,['01-09-16-375'],0,17,G2 G5 G6 G12 G17 G19 G24 R12 R13 R22 R23 R24 E13 E15 E21 E27 E30,3D,Yes,1.4,0.8
2384,./unit1/camera_data/image_BS1_12100_01_09_16.jpg,./unit1/mmWave_data/mmWave_power_2628.txt,./unit1/GPS_data/gps_location.txt,./unit2/GPS_data/gps_location_2628.txt,,19,29,['01-09-16-500'],0,17,G2 G5 G6 G12 G17 G19 G24 R12 R13 R22 R23 R24 E13 E15 E21 E27 E30,3D,Yes,1.4,0.8
2385,./unit1/camera_data/image_BS1_12101_01_09_16.jpg,./unit1/mmWave_data/mmWave_power_2629.txt,./unit1/GPS_data/gps_location.txt,./unit2/GPS_data/gps_location_2629.txt,,20,29,['01-09-16-625'],0,17,G2 G5 G6 G12 G17 G19 G24 R12 R13 R22 R23 R24 E13 E15 E21 E27 E30,3D,Yes,1.4,0.8
2386,./unit1/camera_data/image_BS1_12102_01_09_16.jpg,./unit1/mmWave_data/mmWave_power_2630.txt,./unit1/GPS_data/gps_location.txt,./unit2/GPS_data/gps_location_2630.txt,,20,29,['01-09-16-750'],0,17,G2 G5 G6 G12 G17 G19 G24 R12 R13 R22 R23 R24 E13 E15 E21 E27 E30,3D,Yes,1.3,0.7
2387,./unit1/camera_data/image_BS1_12103_01_09_16.jpg,./unit1/mmWave_data/mmWave_power_2631.txt,./unit1/GPS_data/gps_location.txt,./unit2/GPS_data/gps_location_2631.txt,,20,29,['01-09-16-875'],0,17,G2 G5 G6 G12 G17 G19 G24 R12 R13 R22 R23 R24 E13 E15 E21 E27 E30,3D,Yes,1.3,0.7
2388,./unit1/camera_data/image_BS1_12104_01_09_17.jpg,./unit1/mmWave_data/mmWave_power_2632.txt,./unit1/GPS_data/gps_location.txt,./unit2/GPS_data/gps_location_2632.txt,,21,29,['01-09-17-0'],0,17,G2 G5 G6 G12 G17 G19 G24 R12 R13 R22 R23 R24 E13 E15 E21 E27 E30,3D,Yes,1.2,0.7
2389,./unit1/camera_data/image_BS1_12105_01_09_18.jpg,./unit1/mmWave_data/mmWave_power_2633.txt,./unit1/GPS_data/gps_location.txt,./unit2/GPS_data/gps_location_2633.txt,,22,29,['01-09-18-0'],0,17,G2 G5 G6 G12 G17 G19 G24 R12 R13 R22 R23 R24 E13 E15 E21 E27 E30,3D,Yes,1.4,0.8
2390,./unit1/camera_data/image_BS1_12106_01_09_19.jpg,./unit1/mmWave_data/mmWave_power_2634.txt,./unit1/GPS_data/gps_location.txt,./unit2/GPS_data/gps_location_2634.txt,,22,29,['01-09-19-0'],0,17,G2 G5 G6 G12 G17 G19 G24 R12 R13 R22 R23 R24 E13 E15 E21 E27 E30,3D,Yes,1.4,0.8
2391,./unit1/camera_data/image_BS1_12107_01_09_19.jpg,./unit1/mmWave_data/mmWave_power_2635.txt,./unit1/GPS_data/gps_location.txt,./unit2/GPS_data/gps_location_2635.txt,,22,29,['01-09-19-125'],0,17,G2 G5 G6 G12 G17 G19 G24 R12 R13 R22 R23 R24 E13 E15 E21 E27 E30,3D,Yes,1.4,0.8
2392,./unit1/camera_data/image_BS1_12108_01_09_19.jpg,./unit1/mmWave_data/mmWave_power_2636.txt,./unit1/GPS_data/gps_location.txt,./unit2/GPS_data/gps_location_2636.txt,,22,29,['01-09-19-250'],0,17,G2 G5 G6 G12 G17 G19 G24 R12 R13 R22 R23 R24 E13 E15 E21 E27 E30,3D,Yes,1.4,0.8
2393,./unit1/camera_data/image_BS1_12109_01_09_19.jpg,./unit1/mmWave_data/mmWave_power_2637.txt,./unit1/GPS_data/gps_location.txt,./unit2/GPS_data/gps_location_2637.txt,,22,29,['01-09-19-375'],0,21,G2 G5 G6 G12 G17 G19 G24 R12 R13 R22 R23 R24 E13 E15 E21 E27 E30 B11 B12 B24 B25,3D,Yes,1.2,0.7
2394,./unit1/camera_data/image_BS1_12110_01_09_19.jpg,./unit1/mmWave_data/mmWave_power_2638.txt,./unit1/GPS_data/gps_location.txt,./unit2/GPS_data/gps_location_2638.txt,,22,29,['01-09-19-500'],0,21,G2 G5 G6 G12 G17 G19 G24 R12 R13 R22 R23 R24 E13 E15 E21 E27 E30 B11 B12 B24 B25,3D,Yes,1.2,0.7
2395,./unit1/camera_data/image_BS1_12111_01_09_19.jpg,./unit1/mmWave_data/mmWave_power_2639.txt,./unit1/GPS_data/gps_location.txt,./unit2/GPS_data/gps_location_2639.txt,,22,29,['01-09-19-625'],0,17,G2 G5 G6 G12 G17 G19 G24 R12 R13 R22 R23 R24 E13 E15 E21 E27 E30,3D,Yes,1.2,0.7
2396,./unit1/camera_data/image_BS1_12112_01_09_19.jpg,./unit1/mmWave_data/mmWave_power_2640.txt,./unit1/GPS_data/gps_location.txt,./unit2/GPS_data/gps_location_2640.txt,,22,29,['01-09-19-750'],0,21,G2 G5 G6 G12 G17 G19 G24 R12 R13 R22 R23 R24 E13 E15 E21 E27 E30 B11 B12 B24 B25,3D,Yes,1.2,0.7
2397,./unit1/camera_data/image_BS1_12113_01_09_19.jpg,./unit1/mmWave_data/mmWave_power_2641.txt,./unit1/GPS_data/gps_location.txt,./unit2/GPS_data/gps_location_2641.txt,,22,29,['01-09-19-875'],0,21,G2 G5 G6 G12 G17 G19 G24 R12 R13 R22 R23 R24 E13 E15 E21 E27 E30 B11 B12 B24 B25,3D,Yes,1.2,0.7
2398,./unit1/camera_data/image_BS1_12114_01_09_20.jpg,./unit1/mmWave_data/mmWave_power_2642.txt,./unit1/GPS_data/gps_location.txt,./unit2/GPS_data/gps_location_2642.txt,,23,29,['01-09-20-0'],0,12,G2 G5 G6 G12 G17 G19 G24 R12 R13 R22 R23 R24,3D,Yes,1.2,0.7
2399,./unit1/camera_data/image_BS1_12115_01_09_20.jpg,./unit1/mmWave_data/mmWave_power_2643.txt,./unit1/GPS_data/gps_location.txt,./unit2/GPS_data/gps_location_2643.txt,,23,29,['01-09-20-100'],0,12,G2 G5 G6 G12 G17 G19 G24 R12 R13 R22 R23 R24,3D,Yes,1.2,0.7
2400,./unit1/camera_data/image_BS1_12116_01_09_20.jpg,./unit1/mmWave_data/mmWave_power_2644.txt,./unit1/GPS_data/gps_location.txt,./unit2/GPS_data/gps_location_2644.txt,,22,29,['01-09-20-200'],0,12,G2 G5 G6 G12 G17 G19 G24 R12 R13 R22 R23 R24,3D,Yes,1.2,0.7
2401,./unit1/camera_data/image_BS1_12117_01_09_20.jpg,./unit1/mmWave_data/mmWave_power_2645.txt,./unit1/GPS_data/gps_location.txt,./unit2/GPS_data/gps_location_2645.txt,,22,29,['01-09-20-300'],0,21,G2 G5 G6 G12 G17 G19 G24 R12 R13 R22 R23 R24 E13 E15 E21 E27 E30 B11 B12 B24 B25,3D,Yes,1.2,0.7
2402,./unit1/camera_data/image_BS1_12118_01_09_20.jpg,./unit1/mmWave_data/mmWave_power_2646.txt,./unit1/GPS_data/gps_location.txt,./unit2/GPS_data/gps_location_2646.txt,,23,29,['01-09-20-400'],0,17,G2 G5 G6 G12 G17 G19 G24 R12 R13 R22 R23 R24 E13 E15 E21 E27 E30,3D,Yes,1.2,0.7
2403,./unit1/camera_data/image_BS1_12119_01_09_20.jpg,./unit1/mmWave_data/mmWave_power_2647.txt,./unit1/GPS_data/gps_location.txt,./unit2/GPS_data/gps_location_2647.txt,,24,29,['01-09-20-500'],0,17,G2 G5 G6 G12 G17 G19 G24 R12 R13 R22 R23 R24 E13 E15 E21 E27 E30,3D,Yes,1.2,0.7
2404,./unit1/camera_data/image_BS1_12120_01_09_20.jpg,./unit1/mmWave_data/mmWave_power_2648.txt,./unit1/GPS_data/gps_location.txt,./unit2/GPS_data/gps_location_2648.txt,,25,29,['01-09-20-600'],0,17,G2 G5 G6 G12 G17 G19 G24 R12 R13 R22 R23 R24 E13 E15 E21 E27 E30,3D,Yes,1.2,0.7
2405,./unit1/camera_data/image_BS1_12121_01_09_20.jpg,./unit1/mmWave_data/mmWave_power_2649.txt,./unit1/GPS_data/gps_location.txt,./unit2/GPS_data/gps_location_2649.txt,,22,29,['01-09-20-700'],0,17,G2 G5 G6 G12 G17 G19 G24 R12 R13 R22 R23 R24 E13 E15 E21 E27 E30,3D,Yes,1.2,0.7
2406,./unit1/camera_data/image_BS1_12122_01_09_20.jpg,./unit1/mmWave_data/mmWave_power_2650.txt,./unit1/GPS_data/gps_location.txt,./unit2/GPS_data/gps_location_2650.txt,,26,29,['01-09-20-800'],0,12,G2 G5 G6 G12 G17 G19 G24 R12 R13 R22 R23 R24,3D,Yes,1.2,0.7
2407,./unit1/camera_data/image_BS1_12123_01_09_20.jpg,./unit1/mmWave_data/mmWave_power_2651.txt,./unit1/GPS_data/gps_location.txt,./unit2/GPS_data/gps_location_2651.txt,,25,29,['01-09-20-900'],0,12,G2 G5 G6 G12 G17 G19 G24 R12 R13 R22 R23 R24,3D,Yes,1.2,0.7
2408,./unit1/camera_data/image_BS1_12124_01_09_21.jpg,./unit1/mmWave_data/mmWave_power_2652.txt,./unit1/GPS_data/gps_location.txt,./unit2/GPS_data/gps_location_2652.txt,,26,29,['01-09-21-0'],0,21,G2 G5 G6 G12 G17 G19 G24 R12 R13 R22 R23 R24 E13 E15 E21 E27 E30 B11 B12 B24 B25,3D,Yes,1.2,0.7
2409,./unit1/camera_data/image_BS1_12125_01_09_21.jpg,./unit1/mmWave_data/mmWave_power_2653.txt,./unit1/GPS_data/gps_location.txt,./unit2/GPS_data/gps_location_2653.txt,,26,29,['01-09-21-125'],0,12,G2 G5 G6 G12 G17 G19 G24 R12 R13 R22 R23 R24,3D,Yes,1.3,0.7
2410,./unit1/camera_data/image_BS1_12126_01_09_21.jpg,./unit1/mmWave_data/mmWave_power_2654.txt,./unit1/GPS_data/gps_location.txt,./unit2/GPS_data/gps_location_2654.txt,,26,29,['01-09-21-250'],0,17,G2 G5 G6 G12 G17 G19 G24 R12 R13 R22 R23 R24 E13 E15 E21 E27 E30,3D,Yes,1.3,0.7
2411,./unit1/camera_data/image_BS1_12127_01_09_21.jpg,./unit1/mmWave_data/mmWave_power_2655.txt,./unit1/GPS_data/gps_location.txt,./unit2/GPS_data/gps_location_2655.txt,,27,29,['01-09-21-375'],0,17,G2 G5 G6 G12 G17 G19 G24 R12 R13 R22 R23 R24 E13 E15 E21 E27 E30,3D,Yes,1.3,0.7
2412,./unit1/camera_data/image_BS1_12128_01_09_21.jpg,./unit1/mmWave_data/mmWave_power_2656.txt,./unit1/GPS_data/gps_location.txt,./unit2/GPS_data/gps_location_2656.txt,,27,29,['01-09-21-500'],0,21,G2 G5 G6 G12 G17 G19 G24 R12 R13 R22 R23 R24 E13 E15 E21 E27 E30 B11 B12 B24 B25,3D,Yes,1.3,0.7
2413,./unit1/camera_data/image_BS1_12129_01_09_21.jpg,./unit1/mmWave_data/mmWave_power_2657.txt,./unit1/GPS_data/gps_location.txt,./unit2/GPS_data/gps_location_2657.txt,,28,29,['01-09-21-625'],0,17,G2 G5 G6 G12 G17 G19 G24 R12 R13 R22 R23 R24 E13 E15 E21 E27 E30,3D,Yes,1.5,0.8
2414,./unit1/camera_data/image_BS1_12130_01_09_21.jpg,./unit1/mmWave_data/mmWave_power_2658.txt,./unit1/GPS_data/gps_location.txt,./unit2/GPS_data/gps_location_2658.txt,,28,29,['01-09-21-750'],0,17,G2 G5 G6 G12 G17 G19 G24 R12 R13 R22 R23 R24 E13 E15 E21 E27 E30,3D,Yes,1.5,0.8
2415,./unit1/camera_data/image_BS1_12131_01_09_21.jpg,./unit1/mmWave_data/mmWave_power_2659.txt,./unit1/GPS_data/gps_location.txt,./unit2/GPS_data/gps_location_2659.txt,,28,29,['01-09-21-875'],0,17,G2 G5 G6 G12 G17 G19 G24 R12 R13 R22 R23 R24 E13 E15 E21 E27 E30,3D,Yes,1.5,0.8
2416,./unit1/camera_data/image_BS1_12132_01_09_22.jpg,./unit1/mmWave_data/mmWave_power_2660.txt,./unit1/GPS_data/gps_location.txt,./unit2/GPS_data/gps_location_2660.txt,,32,29,['01-09-22-0'],0,17,G2 G5 G6 G12 G17 G19 G24 R12 R13 R22 R23 R24 E13 E15 E21 E27 E30,3D,Yes,1.5,0.8
2417,./unit1/camera_data/image_BS1_12133_01_09_22.jpg,./unit1/mmWave_data/mmWave_power_2661.txt,./unit1/GPS_data/gps_location.txt,./unit2/GPS_data/gps_location_2661.txt,,32,29,['01-09-22-500'],0,17,G2 G5 G6 G12 G17 G19 G24 R12 R13 R22 R23 R24 E13 E15 E21 E27 E30,3D,Yes,1.5,0.8
2418,./unit1/camera_data/image_BS1_12134_01_09_25.jpg,./unit1/mmWave_data/mmWave_power_2662.txt,./unit1/GPS_data/gps_location.txt,./unit2/GPS_data/gps_location_2662.txt,,59,29,['01-09-25-0'],0,21,G2 G5 G6 G12 G17 G19 G24 R12 R13 R22 R23 R24 E13 E15 E21 E27 E30 B11 B12 B24 B25,3D,Yes,1.4,0.8
2419,./unit1/camera_data/image_BS1_12135_01_09_25.jpg,./unit1/mmWave_data/mmWave_power_2663.txt,./unit1/GPS_data/gps_location.txt,./unit2/GPS_data/gps_location_2663.txt,,59,29,['01-09-25-200'],0,17,G2 G5 G6 G12 G17 G19 G24 R12 R13 R22 R23 R24 E13 E15 E21 E27 E30,3D,Yes,1.2,0.7
2420,./unit1/camera_data/image_BS1_12136_01_09_25.jpg,./unit1/mmWave_data/mmWave_power_2664.txt,./unit1/GPS_data/gps_location.txt,./unit2/GPS_data/gps_location_2664.txt,,59,29,['01-09-25-400'],0,17,G2 G5 G6 G12 G17 G19 G24 R12 R13 R22 R23 R24 E13 E15 E21 E27 E30,3D,Yes,1.2,0.7
2421,./unit1/camera_data/image_BS1_12137_01_09_25.jpg,./unit1/mmWave_data/mmWave_power_2665.txt,./unit1/GPS_data/gps_location.txt,./unit2/GPS_data/gps_location_2665.txt,,61,29,['01-09-25-600'],0,17,G2 G5 G6 G12 G17 G19 G24 R12 R13 R22 R23 R24 E13 E15 E21 E27 E30,3D,Yes,1.2,0.7
2422,./unit1/camera_data/image_BS1_12138_01_09_25.jpg,./unit1/mmWave_data/mmWave_power_2666.txt,./unit1/GPS_data/gps_location.txt,./unit2/GPS_data/gps_location_2666.txt,,61,29,['01-09-25-800'],0,17,G2 G5 G6 G12 G17 G19 G24 R12 R13 R22 R23 R24 E13 E15 E21 E27 E30,3D,Yes,1.2,0.7
